{
"type": "FeatureCollection",
"name": "qc_merge_final",
"crs": { "type": "name", "properties": { "name": "urn:ogc:def:crs:OGC:1.3:CRS84" } },
"features": [
{ "type": "Feature", "properties": { "Amenity": null, "Building": null, "Landuse": null, "Name": null, "Shop": null }, "geometry": { "type": "Point", "coordinates": [ 121.04576623526971, 14.647498275152596 ] } },
{ "type": "Feature", "properties": { "Amenity": null, "Building": null, "Landuse": null, "Name": null, "Shop": null }, "geometry": { "type": "Point", "coordinates": [ 121.044187716278415, 14.653865500330237 ] } },
{ "type": "Feature", "properties": { "Amenity": null, "Building": null, "Landuse": null, "Name": null, "Shop": null }, "geometry": { "type": "Point", "coordinates": [ 121.044526110202085, 14.653790194130581 ] } },
{ "type": "Feature", "properties": { "Amenity": null, "Building": null, "Landuse": null, "Name": null, "Shop": null }, "geometry": { "type": "Point", "coordinates": [ 121.042531317958989, 14.622084801017715 ] } },
{ "type": "Feature", "properties": { "Amenity": null, "Building": null, "Landuse": null, "Name": null, "Shop": null }, "geometry": { "type": "Point", "coordinates": [ 121.080394347780938, 14.639184763574633 ] } },
{ "type": "Feature", "properties": { "Amenity": null, "Building": null, "Landuse": null, "Name": null, "Shop": null }, "geometry": { "type": "Point", "coordinates": [ 121.061571277056032, 14.6511467578816 ] } },
{ "type": "Feature", "properties": { "Amenity": null, "Building": null, "Landuse": null, "Name": null, "Shop": null }, "geometry": { "type": "Point", "coordinates": [ 121.07104793630549, 14.659875277252056 ] } },
{ "type": "Feature", "properties": { "Amenity": null, "Building": null, "Landuse": null, "Name": null, "Shop": null }, "geometry": { "type": "Point", "coordinates": [ 121.051220740760087, 14.6519465463051 ] } },
{ "type": "Feature", "properties": { "Amenity": null, "Building": null, "Landuse": null, "Name": null, "Shop": null }, "geometry": { "type": "Point", "coordinates": [ 121.073160456346471, 14.650228155129602 ] } },
{ "type": "Feature", "properties": { "Amenity": null, "Building": null, "Landuse": null, "Name": null, "Shop": null }, "geometry": { "type": "Point", "coordinates": [ 121.035302831103195, 14.653713329287907 ] } },
{ "type": "Feature", "properties": { "Amenity": null, "Building": null, "Landuse": null, "Name": null, "Shop": null }, "geometry": { "type": "Point", "coordinates": [ 121.030765210598773, 14.655888003746748 ] } },
{ "type": "Feature", "properties": { "Amenity": null, "Building": null, "Landuse": null, "Name": null, "Shop": null }, "geometry": { "type": "Point", "coordinates": [ 121.017861663032065, 14.607656075238872 ] } },
{ "type": "Feature", "properties": { "Amenity": null, "Building": null, "Landuse": null, "Name": null, "Shop": null }, "geometry": { "type": "Point", "coordinates": [ 121.06732117402575, 14.729043470518524 ] } },
{ "type": "Feature", "properties": { "Amenity": null, "Building": null, "Landuse": null, "Name": null, "Shop": null }, "geometry": { "type": "Point", "coordinates": [ 121.066850544303449, 14.727441158343787 ] } },
{ "type": "Feature", "properties": { "Amenity": null, "Building": null, "Landuse": null, "Name": null, "Shop": null }, "geometry": { "type": "Point", "coordinates": [ 121.05184280481113, 14.606263937205426 ] } },
{ "type": "Feature", "properties": { "Amenity": null, "Building": null, "Landuse": null, "Name": null, "Shop": null }, "geometry": { "type": "Point", "coordinates": [ 121.052065640337389, 14.605754011808555 ] } },
{ "type": "Feature", "properties": { "Amenity": null, "Building": null, "Landuse": null, "Name": null, "Shop": null }, "geometry": { "type": "Point", "coordinates": [ 121.078238274299792, 14.652002217743265 ] } },
{ "type": "Feature", "properties": { "Amenity": null, "Building": null, "Landuse": null, "Name": null, "Shop": null }, "geometry": { "type": "Point", "coordinates": [ 121.077777618116897, 14.652506387022761 ] } },
{ "type": "Feature", "properties": { "Amenity": null, "Building": null, "Landuse": null, "Name": null, "Shop": null }, "geometry": { "type": "Point", "coordinates": [ 121.094939918799867, 14.689236903671034 ] } },
{ "type": "Feature", "properties": { "Amenity": null, "Building": null, "Landuse": null, "Name": null, "Shop": null }, "geometry": { "type": "Point", "coordinates": [ 121.094317945823192, 14.689056855640718 ] } },
{ "type": "Feature", "properties": { "Amenity": null, "Building": null, "Landuse": null, "Name": null, "Shop": null }, "geometry": { "type": "Point", "coordinates": [ 121.061241730415603, 14.631886974354575 ] } },
{ "type": "Feature", "properties": { "Amenity": null, "Building": null, "Landuse": null, "Name": null, "Shop": null }, "geometry": { "type": "Point", "coordinates": [ 121.061098063353668, 14.632313958241403 ] } },
{ "type": "Feature", "properties": { "Amenity": null, "Building": null, "Landuse": null, "Name": null, "Shop": null }, "geometry": { "type": "Point", "coordinates": [ 121.095017575984826, 14.71369862531771 ] } },
{ "type": "Feature", "properties": { "Amenity": null, "Building": null, "Landuse": null, "Name": null, "Shop": null }, "geometry": { "type": "Point", "coordinates": [ 121.038592972938986, 14.642583161646249 ] } },
{ "type": "Feature", "properties": { "Amenity": null, "Building": null, "Landuse": null, "Name": null, "Shop": null }, "geometry": { "type": "Point", "coordinates": [ 121.051604039446573, 14.616898657193456 ] } },
{ "type": "Feature", "properties": { "Amenity": null, "Building": null, "Landuse": null, "Name": null, "Shop": null }, "geometry": { "type": "Point", "coordinates": [ 121.051826996726732, 14.615630534178333 ] } },
{ "type": "Feature", "properties": { "Amenity": null, "Building": null, "Landuse": null, "Name": null, "Shop": null }, "geometry": { "type": "Point", "coordinates": [ 121.049465247309598, 14.613628128827635 ] } },
{ "type": "Feature", "properties": { "Amenity": null, "Building": null, "Landuse": null, "Name": null, "Shop": null }, "geometry": { "type": "Point", "coordinates": [ 121.048735244705938, 14.614101571816855 ] } },
{ "type": "Feature", "properties": { "Amenity": null, "Building": null, "Landuse": null, "Name": null, "Shop": null }, "geometry": { "type": "Point", "coordinates": [ 121.04933827343784, 14.614333010048963 ] } },
{ "type": "Feature", "properties": { "Amenity": null, "Building": null, "Landuse": null, "Name": null, "Shop": null }, "geometry": { "type": "Point", "coordinates": [ 121.054119789684478, 14.63012555995051 ] } },
{ "type": "Feature", "properties": { "Amenity": null, "Building": null, "Landuse": null, "Name": null, "Shop": null }, "geometry": { "type": "Point", "coordinates": [ 121.054600522273361, 14.629821139710844 ] } },
{ "type": "Feature", "properties": { "Amenity": null, "Building": null, "Landuse": null, "Name": null, "Shop": null }, "geometry": { "type": "Point", "coordinates": [ 121.058743333222026, 14.636007113369777 ] } },
{ "type": "Feature", "properties": { "Amenity": null, "Building": null, "Landuse": null, "Name": null, "Shop": null }, "geometry": { "type": "Point", "coordinates": [ 121.050592856046606, 14.638772568012545 ] } },
{ "type": "Feature", "properties": { "Amenity": null, "Building": null, "Landuse": null, "Name": null, "Shop": null }, "geometry": { "type": "Point", "coordinates": [ 121.050414252295809, 14.63836794996797 ] } },
{ "type": "Feature", "properties": { "Amenity": null, "Building": null, "Landuse": null, "Name": null, "Shop": null }, "geometry": { "type": "Point", "coordinates": [ 121.044245830120133, 14.628695487821281 ] } },
{ "type": "Feature", "properties": { "Amenity": null, "Building": null, "Landuse": null, "Name": null, "Shop": null }, "geometry": { "type": "Point", "coordinates": [ 121.044785134758541, 14.628887248681055 ] } },
{ "type": "Feature", "properties": { "Amenity": null, "Building": null, "Landuse": null, "Name": null, "Shop": null }, "geometry": { "type": "Point", "coordinates": [ 121.049285437231049, 14.651462540074631 ] } },
{ "type": "Feature", "properties": { "Amenity": null, "Building": null, "Landuse": null, "Name": null, "Shop": null }, "geometry": { "type": "Point", "coordinates": [ 121.061661645739647, 14.658075709778547 ] } },
{ "type": "Feature", "properties": { "Amenity": null, "Building": null, "Landuse": null, "Name": null, "Shop": null }, "geometry": { "type": "Point", "coordinates": [ 121.081967289785794, 14.699863779962079 ] } },
{ "type": "Feature", "properties": { "Amenity": null, "Building": null, "Landuse": null, "Name": null, "Shop": null }, "geometry": { "type": "Point", "coordinates": [ 121.081656634793788, 14.699023792564736 ] } },
{ "type": "Feature", "properties": { "Amenity": null, "Building": null, "Landuse": null, "Name": null, "Shop": null }, "geometry": { "type": "Point", "coordinates": [ 121.063656647066779, 14.684293689016451 ] } },
{ "type": "Feature", "properties": { "Amenity": null, "Building": null, "Landuse": null, "Name": null, "Shop": null }, "geometry": { "type": "Point", "coordinates": [ 121.068130724841012, 14.627801626635415 ] } },
{ "type": "Feature", "properties": { "Amenity": null, "Building": null, "Landuse": null, "Name": null, "Shop": null }, "geometry": { "type": "Point", "coordinates": [ 121.04107396005061, 14.724698654023326 ] } },
{ "type": "Feature", "properties": { "Amenity": null, "Building": null, "Landuse": null, "Name": null, "Shop": null }, "geometry": { "type": "Point", "coordinates": [ 121.0410449000195, 14.725032699985226 ] } },
{ "type": "Feature", "properties": { "Amenity": null, "Building": null, "Landuse": null, "Name": null, "Shop": null }, "geometry": { "type": "Point", "coordinates": [ 121.079311184571807, 14.695604199940378 ] } },
{ "type": "Feature", "properties": { "Amenity": null, "Building": null, "Landuse": null, "Name": null, "Shop": null }, "geometry": { "type": "Point", "coordinates": [ 121.080468376791572, 14.689791144716636 ] } },
{ "type": "Feature", "properties": { "Amenity": null, "Building": null, "Landuse": null, "Name": null, "Shop": null }, "geometry": { "type": "Point", "coordinates": [ 121.079890008041943, 14.690591445353503 ] } },
{ "type": "Feature", "properties": { "Amenity": null, "Building": null, "Landuse": null, "Name": null, "Shop": null }, "geometry": { "type": "Point", "coordinates": [ 121.048394930250069, 14.614125813658443 ] } },
{ "type": "Feature", "properties": { "Amenity": null, "Building": null, "Landuse": null, "Name": null, "Shop": null }, "geometry": { "type": "Point", "coordinates": [ 120.998605427010745, 14.629039900638025 ] } },
{ "type": "Feature", "properties": { "Amenity": null, "Building": null, "Landuse": null, "Name": null, "Shop": null }, "geometry": { "type": "Point", "coordinates": [ 120.999531677727887, 14.628984922291918 ] } },
{ "type": "Feature", "properties": { "Amenity": null, "Building": null, "Landuse": null, "Name": null, "Shop": null }, "geometry": { "type": "Point", "coordinates": [ 120.999260122927453, 14.629602863909232 ] } },
{ "type": "Feature", "properties": { "Amenity": null, "Building": null, "Landuse": null, "Name": null, "Shop": null }, "geometry": { "type": "Point", "coordinates": [ 121.033709795066656, 14.653067462192721 ] } },
{ "type": "Feature", "properties": { "Amenity": null, "Building": null, "Landuse": null, "Name": null, "Shop": null }, "geometry": { "type": "Point", "coordinates": [ 121.021061284937645, 14.620354300318501 ] } },
{ "type": "Feature", "properties": { "Amenity": null, "Building": null, "Landuse": null, "Name": null, "Shop": null }, "geometry": { "type": "Point", "coordinates": [ 121.020236307439362, 14.619840882415053 ] } },
{ "type": "Feature", "properties": { "Amenity": null, "Building": null, "Landuse": null, "Name": null, "Shop": null }, "geometry": { "type": "Point", "coordinates": [ 121.003413560958407, 14.641683478736388 ] } },
{ "type": "Feature", "properties": { "Amenity": null, "Building": null, "Landuse": null, "Name": null, "Shop": null }, "geometry": { "type": "Point", "coordinates": [ 121.017928341785591, 14.661727455746796 ] } },
{ "type": "Feature", "properties": { "Amenity": null, "Building": null, "Landuse": null, "Name": null, "Shop": null }, "geometry": { "type": "Point", "coordinates": [ 121.034401968647984, 14.666540393153223 ] } },
{ "type": "Feature", "properties": { "Amenity": null, "Building": null, "Landuse": null, "Name": null, "Shop": null }, "geometry": { "type": "Point", "coordinates": [ 121.030006422517147, 14.658638392149667 ] } },
{ "type": "Feature", "properties": { "Amenity": null, "Building": null, "Landuse": null, "Name": null, "Shop": null }, "geometry": { "type": "Point", "coordinates": [ 121.028691326723745, 14.658092423927961 ] } },
{ "type": "Feature", "properties": { "Amenity": null, "Building": null, "Landuse": null, "Name": null, "Shop": null }, "geometry": { "type": "Point", "coordinates": [ 121.027814259755118, 14.657853546818384 ] } },
{ "type": "Feature", "properties": { "Amenity": null, "Building": null, "Landuse": null, "Name": null, "Shop": null }, "geometry": { "type": "Point", "coordinates": [ 121.026885159208703, 14.658763407675943 ] } },
{ "type": "Feature", "properties": { "Amenity": null, "Building": null, "Landuse": null, "Name": null, "Shop": null }, "geometry": { "type": "Point", "coordinates": [ 121.026744245229551, 14.658185705406954 ] } },
{ "type": "Feature", "properties": { "Amenity": null, "Building": null, "Landuse": null, "Name": null, "Shop": null }, "geometry": { "type": "Point", "coordinates": [ 121.009101305321764, 14.66703429398363 ] } },
{ "type": "Feature", "properties": { "Amenity": null, "Building": null, "Landuse": null, "Name": null, "Shop": null }, "geometry": { "type": "Point", "coordinates": [ 121.025811258963969, 14.68693127180064 ] } },
{ "type": "Feature", "properties": { "Amenity": null, "Building": null, "Landuse": null, "Name": null, "Shop": null }, "geometry": { "type": "Point", "coordinates": [ 121.029915580777271, 14.688460326479076 ] } },
{ "type": "Feature", "properties": { "Amenity": null, "Building": null, "Landuse": null, "Name": null, "Shop": null }, "geometry": { "type": "Point", "coordinates": [ 121.023382855762094, 14.69871009568045 ] } },
{ "type": "Feature", "properties": { "Amenity": null, "Building": null, "Landuse": null, "Name": null, "Shop": null }, "geometry": { "type": "Point", "coordinates": [ 121.03147848736306, 14.690976208102363 ] } },
{ "type": "Feature", "properties": { "Amenity": null, "Building": null, "Landuse": null, "Name": null, "Shop": null }, "geometry": { "type": "Point", "coordinates": [ 121.046046276796929, 14.686977016223882 ] } },
{ "type": "Feature", "properties": { "Amenity": null, "Building": null, "Landuse": null, "Name": null, "Shop": null }, "geometry": { "type": "Point", "coordinates": [ 121.043642886803028, 14.666291735049475 ] } },
{ "type": "Feature", "properties": { "Amenity": null, "Building": null, "Landuse": null, "Name": null, "Shop": null }, "geometry": { "type": "Point", "coordinates": [ 121.056477713744528, 14.664010349333179 ] } },
{ "type": "Feature", "properties": { "Amenity": null, "Building": null, "Landuse": null, "Name": null, "Shop": null }, "geometry": { "type": "Point", "coordinates": [ 121.057960059215944, 14.666453413862635 ] } },
{ "type": "Feature", "properties": { "Amenity": null, "Building": null, "Landuse": null, "Name": null, "Shop": null }, "geometry": { "type": "Point", "coordinates": [ 121.075985092242021, 14.673105471338447 ] } },
{ "type": "Feature", "properties": { "Amenity": null, "Building": null, "Landuse": null, "Name": null, "Shop": null }, "geometry": { "type": "Point", "coordinates": [ 121.076403690629135, 14.672495570103097 ] } },
{ "type": "Feature", "properties": { "Amenity": null, "Building": null, "Landuse": null, "Name": null, "Shop": null }, "geometry": { "type": "Point", "coordinates": [ 121.072207981003771, 14.678372353257775 ] } },
{ "type": "Feature", "properties": { "Amenity": null, "Building": null, "Landuse": null, "Name": null, "Shop": null }, "geometry": { "type": "Point", "coordinates": [ 121.071100438719938, 14.678426545109193 ] } },
{ "type": "Feature", "properties": { "Amenity": null, "Building": null, "Landuse": null, "Name": null, "Shop": null }, "geometry": { "type": "Point", "coordinates": [ 121.072212722776413, 14.689852670827923 ] } },
{ "type": "Feature", "properties": { "Amenity": null, "Building": null, "Landuse": null, "Name": null, "Shop": null }, "geometry": { "type": "Point", "coordinates": [ 121.063030289098165, 14.702465271206018 ] } },
{ "type": "Feature", "properties": { "Amenity": null, "Building": null, "Landuse": null, "Name": null, "Shop": null }, "geometry": { "type": "Point", "coordinates": [ 121.052771109561476, 14.707615101504675 ] } },
{ "type": "Feature", "properties": { "Amenity": null, "Building": null, "Landuse": null, "Name": null, "Shop": null }, "geometry": { "type": "Point", "coordinates": [ 121.03635165426293, 14.7172424474476 ] } },
{ "type": "Feature", "properties": { "Amenity": null, "Building": null, "Landuse": null, "Name": null, "Shop": null }, "geometry": { "type": "Point", "coordinates": [ 121.036581830671111, 14.716777396518461 ] } },
{ "type": "Feature", "properties": { "Amenity": null, "Building": null, "Landuse": null, "Name": null, "Shop": null }, "geometry": { "type": "Point", "coordinates": [ 121.042204442776409, 14.72135133624942 ] } },
{ "type": "Feature", "properties": { "Amenity": null, "Building": null, "Landuse": null, "Name": null, "Shop": null }, "geometry": { "type": "Point", "coordinates": [ 121.036528337567063, 14.727980538917619 ] } },
{ "type": "Feature", "properties": { "Amenity": null, "Building": null, "Landuse": null, "Name": null, "Shop": null }, "geometry": { "type": "Point", "coordinates": [ 121.043760123057709, 14.726524012862782 ] } },
{ "type": "Feature", "properties": { "Amenity": null, "Building": null, "Landuse": null, "Name": null, "Shop": null }, "geometry": { "type": "Point", "coordinates": [ 121.045886444744383, 14.72866779387132 ] } },
{ "type": "Feature", "properties": { "Amenity": null, "Building": null, "Landuse": null, "Name": null, "Shop": null }, "geometry": { "type": "Point", "coordinates": [ 121.046774577394501, 14.729928935360018 ] } },
{ "type": "Feature", "properties": { "Amenity": null, "Building": null, "Landuse": null, "Name": null, "Shop": null }, "geometry": { "type": "Point", "coordinates": [ 121.060020178659016, 14.736781743528226 ] } },
{ "type": "Feature", "properties": { "Amenity": null, "Building": null, "Landuse": null, "Name": null, "Shop": null }, "geometry": { "type": "Point", "coordinates": [ 121.084697621344944, 14.704428945230122 ] } },
{ "type": "Feature", "properties": { "Amenity": null, "Building": null, "Landuse": null, "Name": null, "Shop": null }, "geometry": { "type": "Point", "coordinates": [ 121.075404577011014, 14.711871320328898 ] } },
{ "type": "Feature", "properties": { "Amenity": null, "Building": null, "Landuse": null, "Name": null, "Shop": null }, "geometry": { "type": "Point", "coordinates": [ 121.097430587920869, 14.714544213422764 ] } },
{ "type": "Feature", "properties": { "Amenity": null, "Building": null, "Landuse": null, "Name": null, "Shop": null }, "geometry": { "type": "Point", "coordinates": [ 121.096812714858629, 14.696527340393372 ] } },
{ "type": "Feature", "properties": { "Amenity": null, "Building": null, "Landuse": null, "Name": null, "Shop": null }, "geometry": { "type": "Point", "coordinates": [ 121.098106321665739, 14.69227281133645 ] } },
{ "type": "Feature", "properties": { "Amenity": null, "Building": null, "Landuse": null, "Name": null, "Shop": null }, "geometry": { "type": "Point", "coordinates": [ 121.095455624789906, 14.690005879403158 ] } },
{ "type": "Feature", "properties": { "Amenity": null, "Building": null, "Landuse": null, "Name": null, "Shop": null }, "geometry": { "type": "Point", "coordinates": [ 121.088211313545088, 14.697697126393752 ] } },
{ "type": "Feature", "properties": { "Amenity": null, "Building": null, "Landuse": null, "Name": null, "Shop": null }, "geometry": { "type": "Point", "coordinates": [ 121.088364520909579, 14.697179374041502 ] } },
{ "type": "Feature", "properties": { "Amenity": null, "Building": null, "Landuse": null, "Name": null, "Shop": null }, "geometry": { "type": "Point", "coordinates": [ 121.067434810022434, 14.621025749855738 ] } },
{ "type": "Feature", "properties": { "Amenity": null, "Building": null, "Landuse": null, "Name": null, "Shop": null }, "geometry": { "type": "Point", "coordinates": [ 121.067964633322575, 14.62134336516263 ] } },
{ "type": "Feature", "properties": { "Amenity": null, "Building": null, "Landuse": null, "Name": null, "Shop": null }, "geometry": { "type": "Point", "coordinates": [ 121.066014950650427, 14.624667746971307 ] } },
{ "type": "Feature", "properties": { "Amenity": null, "Building": null, "Landuse": null, "Name": null, "Shop": null }, "geometry": { "type": "Point", "coordinates": [ 121.065212143637893, 14.623756596478447 ] } },
{ "type": "Feature", "properties": { "Amenity": null, "Building": null, "Landuse": null, "Name": null, "Shop": null }, "geometry": { "type": "Point", "coordinates": [ 121.07105880089442, 14.629777887082602 ] } },
{ "type": "Feature", "properties": { "Amenity": null, "Building": null, "Landuse": null, "Name": null, "Shop": null }, "geometry": { "type": "Point", "coordinates": [ 121.067568610205981, 14.630133907272107 ] } },
{ "type": "Feature", "properties": { "Amenity": null, "Building": null, "Landuse": null, "Name": null, "Shop": null }, "geometry": { "type": "Point", "coordinates": [ 121.067382030745975, 14.630836545213521 ] } },
{ "type": "Feature", "properties": { "Amenity": null, "Building": null, "Landuse": null, "Name": null, "Shop": null }, "geometry": { "type": "Point", "coordinates": [ 121.059042397190467, 14.622424764036712 ] } },
{ "type": "Feature", "properties": { "Amenity": null, "Building": null, "Landuse": null, "Name": null, "Shop": null }, "geometry": { "type": "Point", "coordinates": [ 121.072592832673919, 14.631955281824085 ] } },
{ "type": "Feature", "properties": { "Amenity": null, "Building": null, "Landuse": null, "Name": null, "Shop": null }, "geometry": { "type": "Point", "coordinates": [ 121.070608026542757, 14.632728540099043 ] } },
{ "type": "Feature", "properties": { "Amenity": null, "Building": null, "Landuse": null, "Name": null, "Shop": null }, "geometry": { "type": "Point", "coordinates": [ 121.057380676784859, 14.653608323974273 ] } },
{ "type": "Feature", "properties": { "Amenity": null, "Building": null, "Landuse": null, "Name": null, "Shop": null }, "geometry": { "type": "Point", "coordinates": [ 121.008398074979212, 14.616267619785065 ] } },
{ "type": "Feature", "properties": { "Amenity": null, "Building": null, "Landuse": null, "Name": null, "Shop": null }, "geometry": { "type": "Point", "coordinates": [ 121.079828759156939, 14.666028411948433 ] } },
{ "type": "Feature", "properties": { "Amenity": null, "Building": null, "Landuse": null, "Name": null, "Shop": null }, "geometry": { "type": "Point", "coordinates": [ 121.08240503203227, 14.674157576357887 ] } },
{ "type": "Feature", "properties": { "Amenity": null, "Building": null, "Landuse": null, "Name": null, "Shop": null }, "geometry": { "type": "Point", "coordinates": [ 121.015181301948516, 14.63936316203905 ] } },
{ "type": "Feature", "properties": { "Amenity": null, "Building": null, "Landuse": null, "Name": null, "Shop": null }, "geometry": { "type": "Point", "coordinates": [ 121.046716605671449, 14.644765776042023 ] } },
{ "type": "Feature", "properties": { "Amenity": null, "Building": null, "Landuse": null, "Name": null, "Shop": null }, "geometry": { "type": "Point", "coordinates": [ 121.046137644883359, 14.64300526644778 ] } },
{ "type": "Feature", "properties": { "Amenity": null, "Building": null, "Landuse": null, "Name": null, "Shop": null }, "geometry": { "type": "Point", "coordinates": [ 121.047165971211598, 14.646794338084627 ] } },
{ "type": "Feature", "properties": { "Amenity": null, "Building": null, "Landuse": null, "Name": null, "Shop": null }, "geometry": { "type": "Point", "coordinates": [ 121.059159661561793, 14.742042118292629 ] } },
{ "type": "Feature", "properties": { "Amenity": null, "Building": null, "Landuse": null, "Name": null, "Shop": null }, "geometry": { "type": "Point", "coordinates": [ 121.040095207481528, 14.642351705119879 ] } },
{ "type": "Feature", "properties": { "Amenity": null, "Building": null, "Landuse": null, "Name": null, "Shop": null }, "geometry": { "type": "Point", "coordinates": [ 121.008907580175745, 14.654834853265257 ] } },
{ "type": "Feature", "properties": { "Amenity": null, "Building": null, "Landuse": null, "Name": null, "Shop": null }, "geometry": { "type": "Point", "coordinates": [ 121.063024491752145, 14.615875631979545 ] } },
{ "type": "Feature", "properties": { "Amenity": null, "Building": null, "Landuse": null, "Name": null, "Shop": null }, "geometry": { "type": "Point", "coordinates": [ 121.025168418293376, 14.667485391744005 ] } },
{ "type": "Feature", "properties": { "Amenity": null, "Building": null, "Landuse": null, "Name": null, "Shop": null }, "geometry": { "type": "Point", "coordinates": [ 121.061209954392126, 14.733058746664204 ] } },
{ "type": "Feature", "properties": { "Amenity": null, "Building": null, "Landuse": null, "Name": null, "Shop": null }, "geometry": { "type": "Point", "coordinates": [ 121.061845195885141, 14.656554018082087 ] } },
{ "type": "Feature", "properties": { "Amenity": null, "Building": null, "Landuse": null, "Name": null, "Shop": null }, "geometry": { "type": "Point", "coordinates": [ 121.060275308417701, 14.656361121269647 ] } },
{ "type": "Feature", "properties": { "Amenity": null, "Building": null, "Landuse": null, "Name": null, "Shop": null }, "geometry": { "type": "Point", "coordinates": [ 121.027747388097893, 14.682874392446303 ] } },
{ "type": "Feature", "properties": { "Amenity": null, "Building": null, "Landuse": null, "Name": null, "Shop": null }, "geometry": { "type": "Point", "coordinates": [ 121.056673175857952, 14.647357515974939 ] } },
{ "type": "Feature", "properties": { "Amenity": null, "Building": null, "Landuse": null, "Name": null, "Shop": null }, "geometry": { "type": "Point", "coordinates": [ 121.055770981065493, 14.646968582931436 ] } },
{ "type": "Feature", "properties": { "Amenity": null, "Building": null, "Landuse": null, "Name": null, "Shop": null }, "geometry": { "type": "Point", "coordinates": [ 121.023663405075581, 14.654177769251083 ] } },
{ "type": "Feature", "properties": { "Amenity": null, "Building": null, "Landuse": null, "Name": null, "Shop": null }, "geometry": { "type": "Point", "coordinates": [ 121.024471447945174, 14.654308864759839 ] } },
{ "type": "Feature", "properties": { "Amenity": null, "Building": null, "Landuse": null, "Name": null, "Shop": null }, "geometry": { "type": "Point", "coordinates": [ 121.067567979548585, 14.62223456707156 ] } },
{ "type": "Feature", "properties": { "Amenity": null, "Building": null, "Landuse": null, "Name": null, "Shop": null }, "geometry": { "type": "Point", "coordinates": [ 121.068284741495219, 14.622231351413932 ] } },
{ "type": "Feature", "properties": { "Amenity": null, "Building": null, "Landuse": null, "Name": null, "Shop": null }, "geometry": { "type": "Point", "coordinates": [ 121.072506266133644, 14.622194001782487 ] } },
{ "type": "Feature", "properties": { "Amenity": null, "Building": null, "Landuse": null, "Name": null, "Shop": null }, "geometry": { "type": "Point", "coordinates": [ 121.07320818505822, 14.623092343054036 ] } },
{ "type": "Feature", "properties": { "Amenity": null, "Building": null, "Landuse": null, "Name": null, "Shop": null }, "geometry": { "type": "Point", "coordinates": [ 121.08455202866098, 14.605429352812553 ] } },
{ "type": "Feature", "properties": { "Amenity": null, "Building": null, "Landuse": null, "Name": null, "Shop": null }, "geometry": { "type": "Point", "coordinates": [ 121.088648144940009, 14.601405346220279 ] } },
{ "type": "Feature", "properties": { "Amenity": null, "Building": null, "Landuse": null, "Name": null, "Shop": null }, "geometry": { "type": "Point", "coordinates": [ 121.08914607047069, 14.599974779625162 ] } },
{ "type": "Feature", "properties": { "Amenity": null, "Building": null, "Landuse": null, "Name": null, "Shop": null }, "geometry": { "type": "Point", "coordinates": [ 120.997413346770287, 14.629800778738401 ] } },
{ "type": "Feature", "properties": { "Amenity": null, "Building": null, "Landuse": null, "Name": null, "Shop": null }, "geometry": { "type": "Point", "coordinates": [ 121.021148379822364, 14.680981288067784 ] } },
{ "type": "Feature", "properties": { "Amenity": null, "Building": null, "Landuse": null, "Name": null, "Shop": null }, "geometry": { "type": "Point", "coordinates": [ 121.055058810606909, 14.733672152677906 ] } },
{ "type": "Feature", "properties": { "Amenity": null, "Building": null, "Landuse": null, "Name": null, "Shop": null }, "geometry": { "type": "Point", "coordinates": [ 121.065315433535829, 14.741823107360959 ] } },
{ "type": "Feature", "properties": { "Amenity": null, "Building": null, "Landuse": null, "Name": null, "Shop": null }, "geometry": { "type": "Point", "coordinates": [ 121.065339870876173, 14.741183231287259 ] } },
{ "type": "Feature", "properties": { "Amenity": null, "Building": null, "Landuse": null, "Name": null, "Shop": null }, "geometry": { "type": "Point", "coordinates": [ 121.033689046809911, 14.663276602036296 ] } },
{ "type": "Feature", "properties": { "Amenity": null, "Building": null, "Landuse": null, "Name": null, "Shop": null }, "geometry": { "type": "Point", "coordinates": [ 121.026036362191164, 14.660531858982887 ] } },
{ "type": "Feature", "properties": { "Amenity": null, "Building": null, "Landuse": null, "Name": null, "Shop": null }, "geometry": { "type": "Point", "coordinates": [ 120.999897824990498, 14.622662342432058 ] } },
{ "type": "Feature", "properties": { "Amenity": null, "Building": null, "Landuse": null, "Name": null, "Shop": null }, "geometry": { "type": "Point", "coordinates": [ 121.065980325899389, 14.660872486796157 ] } },
{ "type": "Feature", "properties": { "Amenity": null, "Building": null, "Landuse": null, "Name": null, "Shop": null }, "geometry": { "type": "Point", "coordinates": [ 121.0665579579086, 14.656416994608794 ] } },
{ "type": "Feature", "properties": { "Amenity": null, "Building": null, "Landuse": null, "Name": null, "Shop": null }, "geometry": { "type": "Point", "coordinates": [ 121.054994147524539, 14.634934126748936 ] } },
{ "type": "Feature", "properties": { "Amenity": null, "Building": null, "Landuse": null, "Name": null, "Shop": null }, "geometry": { "type": "Point", "coordinates": [ 121.048523218147977, 14.628371397329651 ] } },
{ "type": "Feature", "properties": { "Amenity": null, "Building": null, "Landuse": null, "Name": null, "Shop": null }, "geometry": { "type": "Point", "coordinates": [ 121.060343028712609, 14.73162142615638 ] } },
{ "type": "Feature", "properties": { "Amenity": null, "Building": null, "Landuse": null, "Name": null, "Shop": null }, "geometry": { "type": "Point", "coordinates": [ 121.060695709282399, 14.7313604207749 ] } },
{ "type": "Feature", "properties": { "Amenity": null, "Building": null, "Landuse": null, "Name": null, "Shop": null }, "geometry": { "type": "Point", "coordinates": [ 121.036739426535576, 14.729148999061698 ] } },
{ "type": "Feature", "properties": { "Amenity": null, "Building": null, "Landuse": null, "Name": null, "Shop": null }, "geometry": { "type": "Point", "coordinates": [ 121.028007531392333, 14.696897511008689 ] } },
{ "type": "Feature", "properties": { "Amenity": null, "Building": null, "Landuse": null, "Name": null, "Shop": null }, "geometry": { "type": "Point", "coordinates": [ 121.013046182421064, 14.67542764363108 ] } },
{ "type": "Feature", "properties": { "Amenity": null, "Building": null, "Landuse": null, "Name": null, "Shop": null }, "geometry": { "type": "Point", "coordinates": [ 121.004684505167987, 14.656944608727223 ] } },
{ "type": "Feature", "properties": { "Amenity": null, "Building": null, "Landuse": null, "Name": null, "Shop": null }, "geometry": { "type": "Point", "coordinates": [ 121.033791570397966, 14.701300246143788 ] } },
{ "type": "Feature", "properties": { "Amenity": null, "Building": null, "Landuse": null, "Name": null, "Shop": null }, "geometry": { "type": "Point", "coordinates": [ 121.030788833958979, 14.700054158877986 ] } },
{ "type": "Feature", "properties": { "Amenity": null, "Building": null, "Landuse": null, "Name": null, "Shop": null }, "geometry": { "type": "Point", "coordinates": [ 121.034385066848458, 14.700539217256587 ] } },
{ "type": "Feature", "properties": { "Amenity": null, "Building": null, "Landuse": null, "Name": null, "Shop": null }, "geometry": { "type": "Point", "coordinates": [ 121.032610211334244, 14.700361573465775 ] } },
{ "type": "Feature", "properties": { "Amenity": null, "Building": null, "Landuse": null, "Name": null, "Shop": null }, "geometry": { "type": "Point", "coordinates": [ 121.064015142470225, 14.656510104170779 ] } },
{ "type": "Feature", "properties": { "Amenity": null, "Building": null, "Landuse": null, "Name": null, "Shop": null }, "geometry": { "type": "Point", "coordinates": [ 121.001901929589351, 14.62825226679513 ] } },
{ "type": "Feature", "properties": { "Amenity": null, "Building": null, "Landuse": null, "Name": null, "Shop": null }, "geometry": { "type": "Point", "coordinates": [ 121.046357440797095, 14.727862992724491 ] } },
{ "type": "Feature", "properties": { "Amenity": null, "Building": null, "Landuse": null, "Name": null, "Shop": null }, "geometry": { "type": "Point", "coordinates": [ 121.033759989552223, 14.662777815093886 ] } },
{ "type": "Feature", "properties": { "Amenity": null, "Building": null, "Landuse": null, "Name": null, "Shop": null }, "geometry": { "type": "Point", "coordinates": [ 121.020264782983844, 14.664881735230344 ] } },
{ "type": "Feature", "properties": { "Amenity": null, "Building": null, "Landuse": null, "Name": null, "Shop": null }, "geometry": { "type": "Point", "coordinates": [ 121.020761043479439, 14.66513733644295 ] } },
{ "type": "Feature", "properties": { "Amenity": null, "Building": null, "Landuse": null, "Name": null, "Shop": null }, "geometry": { "type": "Point", "coordinates": [ 121.068603632410628, 14.621112536630424 ] } },
{ "type": "Feature", "properties": { "Amenity": null, "Building": null, "Landuse": null, "Name": null, "Shop": null }, "geometry": { "type": "Point", "coordinates": [ 121.036501007345265, 14.629036472294938 ] } },
{ "type": "Feature", "properties": { "Amenity": null, "Building": null, "Landuse": null, "Name": null, "Shop": null }, "geometry": { "type": "Point", "coordinates": [ 121.037126770276842, 14.629405587554681 ] } },
{ "type": "Feature", "properties": { "Amenity": null, "Building": null, "Landuse": null, "Name": null, "Shop": null }, "geometry": { "type": "Point", "coordinates": [ 121.037599125260542, 14.63002360038411 ] } },
{ "type": "Feature", "properties": { "Amenity": null, "Building": null, "Landuse": null, "Name": null, "Shop": null }, "geometry": { "type": "Point", "coordinates": [ 121.065296396200424, 14.656737215868446 ] } },
{ "type": "Feature", "properties": { "Amenity": null, "Building": null, "Landuse": null, "Name": null, "Shop": null }, "geometry": { "type": "Point", "coordinates": [ 121.053346936034188, 14.620705304045229 ] } },
{ "type": "Feature", "properties": { "Amenity": null, "Building": null, "Landuse": null, "Name": null, "Shop": null }, "geometry": { "type": "Point", "coordinates": [ 121.051712590030931, 14.620207913300623 ] } },
{ "type": "Feature", "properties": { "Amenity": null, "Building": null, "Landuse": null, "Name": null, "Shop": null }, "geometry": { "type": "Point", "coordinates": [ 121.030345756702829, 14.65684356796249 ] } },
{ "type": "Feature", "properties": { "Amenity": null, "Building": null, "Landuse": null, "Name": null, "Shop": null }, "geometry": { "type": "Point", "coordinates": [ 121.065860323744332, 14.627711701552965 ] } },
{ "type": "Feature", "properties": { "Amenity": null, "Building": null, "Landuse": null, "Name": null, "Shop": null }, "geometry": { "type": "Point", "coordinates": [ 121.085556840165182, 14.678164688370682 ] } },
{ "type": "Feature", "properties": { "Amenity": null, "Building": null, "Landuse": null, "Name": null, "Shop": null }, "geometry": { "type": "Point", "coordinates": [ 121.079064075579836, 14.644569269329555 ] } },
{ "type": "Feature", "properties": { "Amenity": null, "Building": null, "Landuse": null, "Name": null, "Shop": null }, "geometry": { "type": "Point", "coordinates": [ 121.055636542977595, 14.619183506111716 ] } },
{ "type": "Feature", "properties": { "Amenity": null, "Building": null, "Landuse": null, "Name": null, "Shop": null }, "geometry": { "type": "Point", "coordinates": [ 121.056643383414453, 14.619726551231119 ] } },
{ "type": "Feature", "properties": { "Amenity": null, "Building": null, "Landuse": null, "Name": null, "Shop": null }, "geometry": { "type": "Point", "coordinates": [ 121.088691823156324, 14.687777295964809 ] } },
{ "type": "Feature", "properties": { "Amenity": null, "Building": null, "Landuse": null, "Name": null, "Shop": null }, "geometry": { "type": "Point", "coordinates": [ 121.052034569154102, 14.647800870001557 ] } },
{ "type": "Feature", "properties": { "Amenity": null, "Building": null, "Landuse": null, "Name": null, "Shop": null }, "geometry": { "type": "Point", "coordinates": [ 121.069003852770194, 14.706066087314102 ] } },
{ "type": "Feature", "properties": { "Amenity": null, "Building": null, "Landuse": null, "Name": null, "Shop": null }, "geometry": { "type": "Point", "coordinates": [ 121.086527083409237, 14.695237040519075 ] } },
{ "type": "Feature", "properties": { "Amenity": null, "Building": null, "Landuse": null, "Name": null, "Shop": null }, "geometry": { "type": "Point", "coordinates": [ 121.087738620554163, 14.687495955221864 ] } },
{ "type": "Feature", "properties": { "Amenity": null, "Building": null, "Landuse": null, "Name": null, "Shop": null }, "geometry": { "type": "Point", "coordinates": [ 121.076707149495192, 14.639381304898029 ] } },
{ "type": "Feature", "properties": { "Amenity": null, "Building": null, "Landuse": null, "Name": null, "Shop": null }, "geometry": { "type": "Point", "coordinates": [ 121.080468546684997, 14.645509724998462 ] } },
{ "type": "Feature", "properties": { "Amenity": null, "Building": null, "Landuse": null, "Name": null, "Shop": null }, "geometry": { "type": "Point", "coordinates": [ 121.077874424608751, 14.634053577422627 ] } },
{ "type": "Feature", "properties": { "Amenity": null, "Building": null, "Landuse": null, "Name": null, "Shop": null }, "geometry": { "type": "Point", "coordinates": [ 121.050006914585339, 14.64638024492071 ] } },
{ "type": "Feature", "properties": { "Amenity": null, "Building": null, "Landuse": null, "Name": null, "Shop": null }, "geometry": { "type": "Point", "coordinates": [ 121.047288931463115, 14.647269212057804 ] } },
{ "type": "Feature", "properties": { "Amenity": null, "Building": null, "Landuse": null, "Name": null, "Shop": null }, "geometry": { "type": "Point", "coordinates": [ 121.068226895658199, 14.705827129130503 ] } },
{ "type": "Feature", "properties": { "Amenity": null, "Building": null, "Landuse": null, "Name": null, "Shop": null }, "geometry": { "type": "Point", "coordinates": [ 121.077178804797725, 14.638577365737666 ] } },
{ "type": "Feature", "properties": { "Amenity": null, "Building": null, "Landuse": null, "Name": null, "Shop": null }, "geometry": { "type": "Point", "coordinates": [ 121.072025230971335, 14.705672786795601 ] } },
{ "type": "Feature", "properties": { "Amenity": null, "Building": null, "Landuse": null, "Name": null, "Shop": null }, "geometry": { "type": "Point", "coordinates": [ 121.09678917202514, 14.696551900018157 ] } },
{ "type": "Feature", "properties": { "Amenity": null, "Building": null, "Landuse": null, "Name": null, "Shop": null }, "geometry": { "type": "Point", "coordinates": [ 121.045908556865925, 14.655127839312383 ] } },
{ "type": "Feature", "properties": { "Amenity": null, "Building": null, "Landuse": null, "Name": null, "Shop": null }, "geometry": { "type": "Point", "coordinates": [ 121.067937511514828, 14.609345595220153 ] } },
{ "type": "Feature", "properties": { "Amenity": null, "Building": null, "Landuse": null, "Name": null, "Shop": null }, "geometry": { "type": "Point", "coordinates": [ 121.06383950583897, 14.608239932249431 ] } },
{ "type": "Feature", "properties": { "Amenity": null, "Building": null, "Landuse": null, "Name": null, "Shop": null }, "geometry": { "type": "Point", "coordinates": [ 121.064876501878217, 14.610723470102547 ] } },
{ "type": "Feature", "properties": { "Amenity": null, "Building": null, "Landuse": null, "Name": null, "Shop": null }, "geometry": { "type": "Point", "coordinates": [ 121.042909027868475, 14.638258882526497 ] } },
{ "type": "Feature", "properties": { "Amenity": null, "Building": null, "Landuse": null, "Name": null, "Shop": null }, "geometry": { "type": "Point", "coordinates": [ 121.041668136734629, 14.63920845754078 ] } },
{ "type": "Feature", "properties": { "Amenity": null, "Building": null, "Landuse": null, "Name": null, "Shop": null }, "geometry": { "type": "Point", "coordinates": [ 121.081485832614405, 14.644371922651786 ] } },
{ "type": "Feature", "properties": { "Amenity": null, "Building": null, "Landuse": null, "Name": null, "Shop": null }, "geometry": { "type": "Point", "coordinates": [ 121.052613830741237, 14.649390505030629 ] } },
{ "type": "Feature", "properties": { "Amenity": null, "Building": null, "Landuse": null, "Name": null, "Shop": null }, "geometry": { "type": "Point", "coordinates": [ 121.058611244421101, 14.590130562702212 ] } },
{ "type": "Feature", "properties": { "Amenity": null, "Building": null, "Landuse": null, "Name": null, "Shop": null }, "geometry": { "type": "Point", "coordinates": [ 121.072245579831502, 14.655038831225021 ] } },
{ "type": "Feature", "properties": { "Amenity": null, "Building": null, "Landuse": null, "Name": null, "Shop": null }, "geometry": { "type": "Point", "coordinates": [ 121.06045244556725, 14.646982876278352 ] } },
{ "type": "Feature", "properties": { "Amenity": null, "Building": null, "Landuse": null, "Name": null, "Shop": null }, "geometry": { "type": "Point", "coordinates": [ 121.067859099841897, 14.656409850671393 ] } },
{ "type": "Feature", "properties": { "Amenity": null, "Building": null, "Landuse": null, "Name": null, "Shop": null }, "geometry": { "type": "Point", "coordinates": [ 121.066811299997454, 14.653318250009441 ] } },
{ "type": "Feature", "properties": { "Amenity": null, "Building": null, "Landuse": null, "Name": null, "Shop": null }, "geometry": { "type": "Point", "coordinates": [ 121.067430408022304, 14.652642823701264 ] } },
{ "type": "Feature", "properties": { "Amenity": null, "Building": null, "Landuse": null, "Name": null, "Shop": null }, "geometry": { "type": "Point", "coordinates": [ 121.052845387045906, 14.621609654794158 ] } },
{ "type": "Feature", "properties": { "Amenity": null, "Building": null, "Landuse": null, "Name": null, "Shop": null }, "geometry": { "type": "Point", "coordinates": [ 121.059643133838648, 14.591111701999813 ] } },
{ "type": "Feature", "properties": { "Amenity": null, "Building": null, "Landuse": null, "Name": null, "Shop": null }, "geometry": { "type": "Point", "coordinates": [ 121.019995374554497, 14.657016110948989 ] } },
{ "type": "Feature", "properties": { "Amenity": null, "Building": null, "Landuse": null, "Name": null, "Shop": null }, "geometry": { "type": "Point", "coordinates": [ 121.019234977822023, 14.633662996990727 ] } },
{ "type": "Feature", "properties": { "Amenity": null, "Building": null, "Landuse": null, "Name": null, "Shop": null }, "geometry": { "type": "Point", "coordinates": [ 121.072144284471946, 14.653486730247888 ] } },
{ "type": "Feature", "properties": { "Amenity": null, "Building": null, "Landuse": null, "Name": null, "Shop": null }, "geometry": { "type": "Point", "coordinates": [ 121.042604136055317, 14.639589003852503 ] } },
{ "type": "Feature", "properties": { "Amenity": null, "Building": null, "Landuse": null, "Name": null, "Shop": null }, "geometry": { "type": "Point", "coordinates": [ 121.046067199387167, 14.653547766014897 ] } },
{ "type": "Feature", "properties": { "Amenity": null, "Building": null, "Landuse": null, "Name": null, "Shop": null }, "geometry": { "type": "Point", "coordinates": [ 121.028668663641952, 14.661220738731783 ] } },
{ "type": "Feature", "properties": { "Amenity": null, "Building": null, "Landuse": null, "Name": null, "Shop": null }, "geometry": { "type": "Point", "coordinates": [ 121.013134270820188, 14.617696779108535 ] } },
{ "type": "Feature", "properties": { "Amenity": null, "Building": null, "Landuse": null, "Name": null, "Shop": null }, "geometry": { "type": "Point", "coordinates": [ 121.009726926826218, 14.626674973466391 ] } },
{ "type": "Feature", "properties": { "Amenity": null, "Building": null, "Landuse": null, "Name": null, "Shop": null }, "geometry": { "type": "Point", "coordinates": [ 121.009644951486081, 14.612645830001235 ] } },
{ "type": "Feature", "properties": { "Amenity": null, "Building": null, "Landuse": null, "Name": null, "Shop": null }, "geometry": { "type": "Point", "coordinates": [ 121.045331709419273, 14.636647839840858 ] } },
{ "type": "Feature", "properties": { "Amenity": null, "Building": null, "Landuse": null, "Name": null, "Shop": null }, "geometry": { "type": "Point", "coordinates": [ 121.018844236082487, 14.604262533774341 ] } },
{ "type": "Feature", "properties": { "Amenity": null, "Building": null, "Landuse": null, "Name": null, "Shop": null }, "geometry": { "type": "Point", "coordinates": [ 121.020609307836494, 14.606657129659858 ] } },
{ "type": "Feature", "properties": { "Amenity": null, "Building": null, "Landuse": null, "Name": null, "Shop": null }, "geometry": { "type": "Point", "coordinates": [ 121.088823943507535, 14.688182864629381 ] } },
{ "type": "Feature", "properties": { "Amenity": null, "Building": null, "Landuse": null, "Name": null, "Shop": null }, "geometry": { "type": "Point", "coordinates": [ 121.088289937049197, 14.68971743877489 ] } },
{ "type": "Feature", "properties": { "Amenity": null, "Building": null, "Landuse": null, "Name": null, "Shop": null }, "geometry": { "type": "Point", "coordinates": [ 121.087840697829662, 14.690586774688464 ] } },
{ "type": "Feature", "properties": { "Amenity": null, "Building": null, "Landuse": null, "Name": null, "Shop": null }, "geometry": { "type": "Point", "coordinates": [ 121.094537824743426, 14.693382009734234 ] } },
{ "type": "Feature", "properties": { "Amenity": null, "Building": null, "Landuse": null, "Name": null, "Shop": null }, "geometry": { "type": "Point", "coordinates": [ 121.069112822491448, 14.65067084178496 ] } },
{ "type": "Feature", "properties": { "Amenity": null, "Building": null, "Landuse": null, "Name": null, "Shop": null }, "geometry": { "type": "Point", "coordinates": [ 121.023040596479106, 14.623928317822216 ] } },
{ "type": "Feature", "properties": { "Amenity": null, "Building": null, "Landuse": null, "Name": null, "Shop": null }, "geometry": { "type": "Point", "coordinates": [ 121.043736213645815, 14.650729386873806 ] } },
{ "type": "Feature", "properties": { "Amenity": null, "Building": null, "Landuse": null, "Name": null, "Shop": null }, "geometry": { "type": "Point", "coordinates": [ 120.995551034571179, 14.630117477494512 ] } },
{ "type": "Feature", "properties": { "Amenity": null, "Building": null, "Landuse": null, "Name": null, "Shop": null }, "geometry": { "type": "Point", "coordinates": [ 121.062903851939566, 14.657161757775524 ] } },
{ "type": "Feature", "properties": { "Amenity": null, "Building": null, "Landuse": null, "Name": null, "Shop": null }, "geometry": { "type": "Point", "coordinates": [ 121.037866547472021, 14.671008716549398 ] } },
{ "type": "Feature", "properties": { "Amenity": null, "Building": null, "Landuse": null, "Name": null, "Shop": null }, "geometry": { "type": "Point", "coordinates": [ 121.070497319726513, 14.696021647386539 ] } },
{ "type": "Feature", "properties": { "Amenity": null, "Building": null, "Landuse": null, "Name": null, "Shop": null }, "geometry": { "type": "Point", "coordinates": [ 121.050939799481966, 14.62258855256732 ] } },
{ "type": "Feature", "properties": { "Amenity": null, "Building": null, "Landuse": null, "Name": null, "Shop": null }, "geometry": { "type": "Point", "coordinates": [ 121.053805680069416, 14.624703222577649 ] } },
{ "type": "Feature", "properties": { "Amenity": null, "Building": null, "Landuse": null, "Name": null, "Shop": null }, "geometry": { "type": "Point", "coordinates": [ 121.053212790894804, 14.619795111915135 ] } },
{ "type": "Feature", "properties": { "Amenity": null, "Building": null, "Landuse": null, "Name": null, "Shop": null }, "geometry": { "type": "Point", "coordinates": [ 121.037340113992528, 14.705908308037625 ] } },
{ "type": "Feature", "properties": { "Amenity": null, "Building": null, "Landuse": null, "Name": null, "Shop": null }, "geometry": { "type": "Point", "coordinates": [ 121.038834558777879, 14.709509730624731 ] } },
{ "type": "Feature", "properties": { "Amenity": null, "Building": null, "Landuse": null, "Name": null, "Shop": null }, "geometry": { "type": "Point", "coordinates": [ 121.073032581023455, 14.629570625347034 ] } },
{ "type": "Feature", "properties": { "Amenity": null, "Building": null, "Landuse": null, "Name": null, "Shop": null }, "geometry": { "type": "Point", "coordinates": [ 121.066736145632021, 14.634936344495316 ] } },
{ "type": "Feature", "properties": { "Amenity": null, "Building": null, "Landuse": null, "Name": null, "Shop": null }, "geometry": { "type": "Point", "coordinates": [ 121.061991633140494, 14.626852050105489 ] } },
{ "type": "Feature", "properties": { "Amenity": null, "Building": null, "Landuse": null, "Name": null, "Shop": null }, "geometry": { "type": "Point", "coordinates": [ 121.061336452040365, 14.62197977586986 ] } },
{ "type": "Feature", "properties": { "Amenity": null, "Building": null, "Landuse": null, "Name": null, "Shop": null }, "geometry": { "type": "Point", "coordinates": [ 121.069585230485913, 14.625503447280169 ] } },
{ "type": "Feature", "properties": { "Amenity": null, "Building": null, "Landuse": null, "Name": null, "Shop": null }, "geometry": { "type": "Point", "coordinates": [ 121.069010587804598, 14.625391177676905 ] } },
{ "type": "Feature", "properties": { "Amenity": null, "Building": null, "Landuse": null, "Name": null, "Shop": null }, "geometry": { "type": "Point", "coordinates": [ 121.076995187588381, 14.643841681821366 ] } },
{ "type": "Feature", "properties": { "Amenity": null, "Building": null, "Landuse": null, "Name": null, "Shop": null }, "geometry": { "type": "Point", "coordinates": [ 121.068916099995633, 14.625651300008492 ] } },
{ "type": "Feature", "properties": { "Amenity": null, "Building": null, "Landuse": null, "Name": null, "Shop": null }, "geometry": { "type": "Point", "coordinates": [ 121.069146196088582, 14.62287306153199 ] } },
{ "type": "Feature", "properties": { "Amenity": null, "Building": null, "Landuse": null, "Name": null, "Shop": null }, "geometry": { "type": "Point", "coordinates": [ 121.065199264002885, 14.624230645760335 ] } },
{ "type": "Feature", "properties": { "Amenity": null, "Building": null, "Landuse": null, "Name": null, "Shop": null }, "geometry": { "type": "Point", "coordinates": [ 121.069257748993877, 14.624042866015134 ] } },
{ "type": "Feature", "properties": { "Amenity": null, "Building": null, "Landuse": null, "Name": null, "Shop": null }, "geometry": { "type": "Point", "coordinates": [ 121.068220750000449, 14.622768849997426 ] } },
{ "type": "Feature", "properties": { "Amenity": null, "Building": null, "Landuse": null, "Name": null, "Shop": null }, "geometry": { "type": "Point", "coordinates": [ 121.062030940818474, 14.625653025480304 ] } },
{ "type": "Feature", "properties": { "Amenity": null, "Building": null, "Landuse": null, "Name": null, "Shop": null }, "geometry": { "type": "Point", "coordinates": [ 121.057925564767032, 14.621369200176844 ] } },
{ "type": "Feature", "properties": { "Amenity": null, "Building": null, "Landuse": null, "Name": null, "Shop": null }, "geometry": { "type": "Point", "coordinates": [ 121.040248010675839, 14.721434752851808 ] } },
{ "type": "Feature", "properties": { "Amenity": null, "Building": null, "Landuse": null, "Name": null, "Shop": null }, "geometry": { "type": "Point", "coordinates": [ 121.035412462540464, 14.64230352859771 ] } },
{ "type": "Feature", "properties": { "Amenity": null, "Building": null, "Landuse": null, "Name": null, "Shop": null }, "geometry": { "type": "Point", "coordinates": [ 121.042554077239672, 14.639740684710164 ] } },
{ "type": "Feature", "properties": { "Amenity": null, "Building": null, "Landuse": null, "Name": null, "Shop": null }, "geometry": { "type": "Point", "coordinates": [ 121.058434442211336, 14.733469784127983 ] } },
{ "type": "Feature", "properties": { "Amenity": null, "Building": null, "Landuse": null, "Name": null, "Shop": null }, "geometry": { "type": "Point", "coordinates": [ 121.066945830187379, 14.734304322821934 ] } },
{ "type": "Feature", "properties": { "Amenity": null, "Building": null, "Landuse": null, "Name": null, "Shop": null }, "geometry": { "type": "Point", "coordinates": [ 121.044168421356318, 14.675733246223459 ] } },
{ "type": "Feature", "properties": { "Amenity": null, "Building": null, "Landuse": null, "Name": null, "Shop": null }, "geometry": { "type": "Point", "coordinates": [ 121.043322772023046, 14.675890626195059 ] } },
{ "type": "Feature", "properties": { "Amenity": null, "Building": null, "Landuse": null, "Name": null, "Shop": null }, "geometry": { "type": "Point", "coordinates": [ 121.04400231736949, 14.67547321090316 ] } },
{ "type": "Feature", "properties": { "Amenity": null, "Building": null, "Landuse": null, "Name": null, "Shop": null }, "geometry": { "type": "Point", "coordinates": [ 121.046394799998481, 14.685097300011003 ] } },
{ "type": "Feature", "properties": { "Amenity": null, "Building": null, "Landuse": null, "Name": null, "Shop": null }, "geometry": { "type": "Point", "coordinates": [ 121.045910617598167, 14.654190897941902 ] } },
{ "type": "Feature", "properties": { "Amenity": null, "Building": null, "Landuse": null, "Name": null, "Shop": null }, "geometry": { "type": "Point", "coordinates": [ 121.044741744215287, 14.655918419391158 ] } },
{ "type": "Feature", "properties": { "Amenity": null, "Building": null, "Landuse": null, "Name": null, "Shop": null }, "geometry": { "type": "Point", "coordinates": [ 121.044209660538854, 14.64420958972496 ] } },
{ "type": "Feature", "properties": { "Amenity": null, "Building": null, "Landuse": null, "Name": null, "Shop": null }, "geometry": { "type": "Point", "coordinates": [ 121.04425717486518, 14.653380831079293 ] } },
{ "type": "Feature", "properties": { "Amenity": null, "Building": null, "Landuse": null, "Name": null, "Shop": null }, "geometry": { "type": "Point", "coordinates": [ 121.028806795906192, 14.623061227327529 ] } },
{ "type": "Feature", "properties": { "Amenity": null, "Building": null, "Landuse": null, "Name": null, "Shop": null }, "geometry": { "type": "Point", "coordinates": [ 121.040355794395424, 14.650767649052346 ] } },
{ "type": "Feature", "properties": { "Amenity": null, "Building": null, "Landuse": null, "Name": null, "Shop": null }, "geometry": { "type": "Point", "coordinates": [ 121.051518823828644, 14.621339047934043 ] } },
{ "type": "Feature", "properties": { "Amenity": null, "Building": null, "Landuse": null, "Name": null, "Shop": null }, "geometry": { "type": "Point", "coordinates": [ 121.064812439159837, 14.612640865720497 ] } },
{ "type": "Feature", "properties": { "Amenity": null, "Building": null, "Landuse": null, "Name": null, "Shop": null }, "geometry": { "type": "Point", "coordinates": [ 121.002538860561188, 14.620008182096466 ] } },
{ "type": "Feature", "properties": { "Amenity": null, "Building": null, "Landuse": null, "Name": null, "Shop": null }, "geometry": { "type": "Point", "coordinates": [ 120.999515738395658, 14.623105222866911 ] } },
{ "type": "Feature", "properties": { "Amenity": null, "Building": null, "Landuse": null, "Name": null, "Shop": null }, "geometry": { "type": "Point", "coordinates": [ 121.012450371643084, 14.622494120523928 ] } },
{ "type": "Feature", "properties": { "Amenity": null, "Building": null, "Landuse": null, "Name": null, "Shop": null }, "geometry": { "type": "Point", "coordinates": [ 121.012999611905244, 14.621845647848881 ] } },
{ "type": "Feature", "properties": { "Amenity": null, "Building": null, "Landuse": null, "Name": null, "Shop": null }, "geometry": { "type": "Point", "coordinates": [ 120.994560439197443, 14.632701692856944 ] } },
{ "type": "Feature", "properties": { "Amenity": null, "Building": null, "Landuse": null, "Name": null, "Shop": null }, "geometry": { "type": "Point", "coordinates": [ 121.052310368297697, 14.653805763659072 ] } },
{ "type": "Feature", "properties": { "Amenity": null, "Building": null, "Landuse": null, "Name": null, "Shop": null }, "geometry": { "type": "Point", "coordinates": [ 121.047426910920223, 14.639717328094532 ] } },
{ "type": "Feature", "properties": { "Amenity": null, "Building": null, "Landuse": null, "Name": null, "Shop": null }, "geometry": { "type": "Point", "coordinates": [ 121.044107422767226, 14.635807810293237 ] } },
{ "type": "Feature", "properties": { "Amenity": null, "Building": null, "Landuse": null, "Name": null, "Shop": null }, "geometry": { "type": "Point", "coordinates": [ 121.024203400118054, 14.636525700040071 ] } },
{ "type": "Feature", "properties": { "Amenity": null, "Building": null, "Landuse": null, "Name": null, "Shop": null }, "geometry": { "type": "Point", "coordinates": [ 121.015128022417386, 14.629225719311096 ] } },
{ "type": "Feature", "properties": { "Amenity": null, "Building": null, "Landuse": null, "Name": null, "Shop": null }, "geometry": { "type": "Point", "coordinates": [ 121.047125499955541, 14.629220350055471 ] } },
{ "type": "Feature", "properties": { "Amenity": null, "Building": null, "Landuse": null, "Name": null, "Shop": null }, "geometry": { "type": "Point", "coordinates": [ 121.049374252041289, 14.624533357184516 ] } },
{ "type": "Feature", "properties": { "Amenity": null, "Building": null, "Landuse": null, "Name": null, "Shop": null }, "geometry": { "type": "Point", "coordinates": [ 121.051733834679339, 14.618808111957879 ] } },
{ "type": "Feature", "properties": { "Amenity": null, "Building": null, "Landuse": null, "Name": null, "Shop": null }, "geometry": { "type": "Point", "coordinates": [ 121.05411973469208, 14.611873316761685 ] } },
{ "type": "Feature", "properties": { "Amenity": null, "Building": null, "Landuse": null, "Name": null, "Shop": null }, "geometry": { "type": "Point", "coordinates": [ 121.052820588332452, 14.651605718752363 ] } },
{ "type": "Feature", "properties": { "Amenity": null, "Building": null, "Landuse": null, "Name": null, "Shop": null }, "geometry": { "type": "Point", "coordinates": [ 121.044293685793448, 14.641556274786948 ] } },
{ "type": "Feature", "properties": { "Amenity": null, "Building": null, "Landuse": null, "Name": null, "Shop": null }, "geometry": { "type": "Point", "coordinates": [ 121.042908318028907, 14.642400217542276 ] } },
{ "type": "Feature", "properties": { "Amenity": null, "Building": null, "Landuse": null, "Name": null, "Shop": null }, "geometry": { "type": "Point", "coordinates": [ 121.046458474366773, 14.635284819832993 ] } },
{ "type": "Feature", "properties": { "Amenity": null, "Building": null, "Landuse": null, "Name": null, "Shop": null }, "geometry": { "type": "Point", "coordinates": [ 121.052834749894245, 14.654260700041515 ] } },
{ "type": "Feature", "properties": { "Amenity": null, "Building": null, "Landuse": null, "Name": null, "Shop": null }, "geometry": { "type": "Point", "coordinates": [ 121.058121004332349, 14.653632388644539 ] } },
{ "type": "Feature", "properties": { "Amenity": null, "Building": null, "Landuse": null, "Name": null, "Shop": null }, "geometry": { "type": "Point", "coordinates": [ 121.051882409530251, 14.634885203515298 ] } },
{ "type": "Feature", "properties": { "Amenity": null, "Building": null, "Landuse": null, "Name": null, "Shop": null }, "geometry": { "type": "Point", "coordinates": [ 121.035265366273094, 14.613524499820569 ] } },
{ "type": "Feature", "properties": { "Amenity": null, "Building": null, "Landuse": null, "Name": null, "Shop": null }, "geometry": { "type": "Point", "coordinates": [ 121.029594205534295, 14.643994601615464 ] } },
{ "type": "Feature", "properties": { "Amenity": null, "Building": null, "Landuse": null, "Name": null, "Shop": null }, "geometry": { "type": "Point", "coordinates": [ 121.037372836080621, 14.70809225058613 ] } },
{ "type": "Feature", "properties": { "Amenity": null, "Building": null, "Landuse": null, "Name": null, "Shop": null }, "geometry": { "type": "Point", "coordinates": [ 121.025236818354202, 14.634484284612254 ] } },
{ "type": "Feature", "properties": { "Amenity": null, "Building": null, "Landuse": null, "Name": null, "Shop": null }, "geometry": { "type": "Point", "coordinates": [ 121.050065111705379, 14.654788133892245 ] } },
{ "type": "Feature", "properties": { "Amenity": null, "Building": null, "Landuse": null, "Name": null, "Shop": null }, "geometry": { "type": "Point", "coordinates": [ 121.047928526847329, 14.641903262967913 ] } },
{ "type": "Feature", "properties": { "Amenity": null, "Building": null, "Landuse": null, "Name": null, "Shop": null }, "geometry": { "type": "Point", "coordinates": [ 121.048407524360044, 14.643932040546598 ] } },
{ "type": "Feature", "properties": { "Amenity": null, "Building": null, "Landuse": null, "Name": null, "Shop": null }, "geometry": { "type": "Point", "coordinates": [ 121.075105870570297, 14.704595943825495 ] } },
{ "type": "Feature", "properties": { "Amenity": null, "Building": null, "Landuse": null, "Name": null, "Shop": null }, "geometry": { "type": "Point", "coordinates": [ 121.081702557034831, 14.677015883962241 ] } },
{ "type": "Feature", "properties": { "Amenity": null, "Building": null, "Landuse": null, "Name": null, "Shop": null }, "geometry": { "type": "Point", "coordinates": [ 121.061257350014174, 14.699943149934695 ] } },
{ "type": "Feature", "properties": { "Amenity": null, "Building": null, "Landuse": null, "Name": null, "Shop": null }, "geometry": { "type": "Point", "coordinates": [ 121.063506049991446, 14.699932250035921 ] } },
{ "type": "Feature", "properties": { "Amenity": null, "Building": null, "Landuse": null, "Name": null, "Shop": null }, "geometry": { "type": "Point", "coordinates": [ 121.06597582901783, 14.708515876835763 ] } },
{ "type": "Feature", "properties": { "Amenity": null, "Building": null, "Landuse": null, "Name": null, "Shop": null }, "geometry": { "type": "Point", "coordinates": [ 121.066143288205112, 14.70926634767299 ] } },
{ "type": "Feature", "properties": { "Amenity": null, "Building": null, "Landuse": null, "Name": null, "Shop": null }, "geometry": { "type": "Point", "coordinates": [ 121.066694287818905, 14.70890592617023 ] } },
{ "type": "Feature", "properties": { "Amenity": null, "Building": null, "Landuse": null, "Name": null, "Shop": null }, "geometry": { "type": "Point", "coordinates": [ 121.068550995901731, 14.663026434073576 ] } },
{ "type": "Feature", "properties": { "Amenity": null, "Building": null, "Landuse": null, "Name": null, "Shop": null }, "geometry": { "type": "Point", "coordinates": [ 121.071259705248636, 14.667030247872686 ] } },
{ "type": "Feature", "properties": { "Amenity": null, "Building": null, "Landuse": null, "Name": null, "Shop": null }, "geometry": { "type": "Point", "coordinates": [ 121.072639104439261, 14.667616682800487 ] } },
{ "type": "Feature", "properties": { "Amenity": null, "Building": null, "Landuse": null, "Name": null, "Shop": null }, "geometry": { "type": "Point", "coordinates": [ 121.066725846555158, 14.697599818389449 ] } },
{ "type": "Feature", "properties": { "Amenity": null, "Building": null, "Landuse": null, "Name": null, "Shop": null }, "geometry": { "type": "Point", "coordinates": [ 121.065128000017552, 14.697507049899503 ] } },
{ "type": "Feature", "properties": { "Amenity": null, "Building": null, "Landuse": null, "Name": null, "Shop": null }, "geometry": { "type": "Point", "coordinates": [ 121.05951202439563, 14.699735358658755 ] } },
{ "type": "Feature", "properties": { "Amenity": null, "Building": null, "Landuse": null, "Name": null, "Shop": null }, "geometry": { "type": "Point", "coordinates": [ 121.059707913774133, 14.698627525298464 ] } },
{ "type": "Feature", "properties": { "Amenity": null, "Building": null, "Landuse": null, "Name": null, "Shop": null }, "geometry": { "type": "Point", "coordinates": [ 121.033073199977494, 14.650246200027576 ] } },
{ "type": "Feature", "properties": { "Amenity": null, "Building": null, "Landuse": null, "Name": null, "Shop": null }, "geometry": { "type": "Point", "coordinates": [ 121.008869650076207, 14.618822399867637 ] } },
{ "type": "Feature", "properties": { "Amenity": null, "Building": null, "Landuse": null, "Name": null, "Shop": null }, "geometry": { "type": "Point", "coordinates": [ 121.04009839637213, 14.65628851702407 ] } },
{ "type": "Feature", "properties": { "Amenity": null, "Building": null, "Landuse": null, "Name": null, "Shop": null }, "geometry": { "type": "Point", "coordinates": [ 121.022977645158846, 14.66036991059908 ] } },
{ "type": "Feature", "properties": { "Amenity": null, "Building": null, "Landuse": null, "Name": null, "Shop": null }, "geometry": { "type": "Point", "coordinates": [ 121.061269184596881, 14.660496264200837 ] } },
{ "type": "Feature", "properties": { "Amenity": null, "Building": null, "Landuse": null, "Name": null, "Shop": null }, "geometry": { "type": "Point", "coordinates": [ 121.062364697004085, 14.660950022340344 ] } },
{ "type": "Feature", "properties": { "Amenity": null, "Building": null, "Landuse": null, "Name": null, "Shop": null }, "geometry": { "type": "Point", "coordinates": [ 121.046051125352591, 14.653500257772563 ] } },
{ "type": "Feature", "properties": { "Amenity": null, "Building": null, "Landuse": null, "Name": null, "Shop": null }, "geometry": { "type": "Point", "coordinates": [ 121.043580749905061, 14.653427965106934 ] } },
{ "type": "Feature", "properties": { "Amenity": null, "Building": null, "Landuse": null, "Name": null, "Shop": null }, "geometry": { "type": "Point", "coordinates": [ 121.066687324075929, 14.664240144079679 ] } },
{ "type": "Feature", "properties": { "Amenity": null, "Building": null, "Landuse": null, "Name": null, "Shop": null }, "geometry": { "type": "Point", "coordinates": [ 121.045384120408343, 14.639069937748907 ] } },
{ "type": "Feature", "properties": { "Amenity": null, "Building": null, "Landuse": null, "Name": null, "Shop": null }, "geometry": { "type": "Point", "coordinates": [ 121.043541451394688, 14.646913667055884 ] } },
{ "type": "Feature", "properties": { "Amenity": null, "Building": null, "Landuse": null, "Name": null, "Shop": null }, "geometry": { "type": "Point", "coordinates": [ 121.046116585567361, 14.643035438706479 ] } },
{ "type": "Feature", "properties": { "Amenity": null, "Building": null, "Landuse": null, "Name": null, "Shop": null }, "geometry": { "type": "Point", "coordinates": [ 121.040822534668237, 14.648942510681648 ] } },
{ "type": "Feature", "properties": { "Amenity": null, "Building": null, "Landuse": null, "Name": null, "Shop": null }, "geometry": { "type": "Point", "coordinates": [ 121.044999182596911, 14.638460031928581 ] } },
{ "type": "Feature", "properties": { "Amenity": null, "Building": null, "Landuse": null, "Name": null, "Shop": null }, "geometry": { "type": "Point", "coordinates": [ 121.083439986796819, 14.705404772162218 ] } },
{ "type": "Feature", "properties": { "Amenity": null, "Building": null, "Landuse": null, "Name": null, "Shop": null }, "geometry": { "type": "Point", "coordinates": [ 121.087713495995104, 14.686454563144949 ] } },
{ "type": "Feature", "properties": { "Amenity": null, "Building": null, "Landuse": null, "Name": null, "Shop": null }, "geometry": { "type": "Point", "coordinates": [ 121.081754771534136, 14.689435354278263 ] } },
{ "type": "Feature", "properties": { "Amenity": null, "Building": null, "Landuse": null, "Name": null, "Shop": null }, "geometry": { "type": "Point", "coordinates": [ 121.050942667556654, 14.646322964224959 ] } },
{ "type": "Feature", "properties": { "Amenity": null, "Building": null, "Landuse": null, "Name": null, "Shop": null }, "geometry": { "type": "Point", "coordinates": [ 121.003355073148555, 14.627739708768193 ] } },
{ "type": "Feature", "properties": { "Amenity": null, "Building": null, "Landuse": null, "Name": null, "Shop": null }, "geometry": { "type": "Point", "coordinates": [ 121.089357862948731, 14.687180830992379 ] } },
{ "type": "Feature", "properties": { "Amenity": null, "Building": null, "Landuse": null, "Name": null, "Shop": null }, "geometry": { "type": "Point", "coordinates": [ 121.051317029464172, 14.653655711462234 ] } },
{ "type": "Feature", "properties": { "Amenity": null, "Building": null, "Landuse": null, "Name": null, "Shop": null }, "geometry": { "type": "Point", "coordinates": [ 121.072167546217742, 14.652995844507828 ] } },
{ "type": "Feature", "properties": { "Amenity": null, "Building": null, "Landuse": null, "Name": null, "Shop": null }, "geometry": { "type": "Point", "coordinates": [ 121.064833517284299, 14.662650579568835 ] } },
{ "type": "Feature", "properties": { "Amenity": null, "Building": null, "Landuse": null, "Name": null, "Shop": null }, "geometry": { "type": "Point", "coordinates": [ 121.017536392503402, 14.65641387003121 ] } },
{ "type": "Feature", "properties": { "Amenity": null, "Building": null, "Landuse": null, "Name": null, "Shop": null }, "geometry": { "type": "Point", "coordinates": [ 121.061707273134573, 14.657283187650718 ] } },
{ "type": "Feature", "properties": { "Amenity": null, "Building": null, "Landuse": null, "Name": null, "Shop": null }, "geometry": { "type": "Point", "coordinates": [ 121.06019750501892, 14.657331217493025 ] } },
{ "type": "Feature", "properties": { "Amenity": null, "Building": null, "Landuse": null, "Name": null, "Shop": null }, "geometry": { "type": "Point", "coordinates": [ 121.017071239847226, 14.658208448067006 ] } },
{ "type": "Feature", "properties": { "Amenity": null, "Building": null, "Landuse": null, "Name": null, "Shop": null }, "geometry": { "type": "Point", "coordinates": [ 121.016651868367347, 14.658164695350203 ] } },
{ "type": "Feature", "properties": { "Amenity": null, "Building": null, "Landuse": null, "Name": null, "Shop": null }, "geometry": { "type": "Point", "coordinates": [ 121.017134800002822, 14.657149049987407 ] } },
{ "type": "Feature", "properties": { "Amenity": null, "Building": null, "Landuse": null, "Name": null, "Shop": null }, "geometry": { "type": "Point", "coordinates": [ 121.009519803510287, 14.659052863211379 ] } },
{ "type": "Feature", "properties": { "Amenity": null, "Building": null, "Landuse": null, "Name": null, "Shop": null }, "geometry": { "type": "Point", "coordinates": [ 121.046747423549974, 14.673990046457384 ] } },
{ "type": "Feature", "properties": { "Amenity": null, "Building": null, "Landuse": null, "Name": null, "Shop": null }, "geometry": { "type": "Point", "coordinates": [ 121.05632329312138, 14.668261479168308 ] } },
{ "type": "Feature", "properties": { "Amenity": null, "Building": null, "Landuse": null, "Name": null, "Shop": null }, "geometry": { "type": "Point", "coordinates": [ 121.043120861277387, 14.675607374110275 ] } },
{ "type": "Feature", "properties": { "Amenity": null, "Building": null, "Landuse": null, "Name": null, "Shop": null }, "geometry": { "type": "Point", "coordinates": [ 121.043265429710715, 14.675424703617612 ] } },
{ "type": "Feature", "properties": { "Amenity": null, "Building": null, "Landuse": null, "Name": null, "Shop": null }, "geometry": { "type": "Point", "coordinates": [ 121.039227000027637, 14.640694300083851 ] } },
{ "type": "Feature", "properties": { "Amenity": null, "Building": null, "Landuse": null, "Name": null, "Shop": null }, "geometry": { "type": "Point", "coordinates": [ 121.031154481759671, 14.628712948428483 ] } },
{ "type": "Feature", "properties": { "Amenity": null, "Building": null, "Landuse": null, "Name": null, "Shop": null }, "geometry": { "type": "Point", "coordinates": [ 121.050078380284546, 14.618797831161535 ] } },
{ "type": "Feature", "properties": { "Amenity": null, "Building": null, "Landuse": null, "Name": null, "Shop": null }, "geometry": { "type": "Point", "coordinates": [ 121.046843117407619, 14.619923394739006 ] } },
{ "type": "Feature", "properties": { "Amenity": null, "Building": null, "Landuse": null, "Name": null, "Shop": null }, "geometry": { "type": "Point", "coordinates": [ 121.076258290026658, 14.654801177029448 ] } },
{ "type": "Feature", "properties": { "Amenity": null, "Building": null, "Landuse": null, "Name": null, "Shop": null }, "geometry": { "type": "Point", "coordinates": [ 121.072686311931051, 14.615352209019896 ] } },
{ "type": "Feature", "properties": { "Amenity": null, "Building": null, "Landuse": null, "Name": null, "Shop": null }, "geometry": { "type": "Point", "coordinates": [ 121.01795012277536, 14.648020893559714 ] } },
{ "type": "Feature", "properties": { "Amenity": null, "Building": null, "Landuse": null, "Name": null, "Shop": null }, "geometry": { "type": "Point", "coordinates": [ 121.009202713544312, 14.620576141367657 ] } },
{ "type": "Feature", "properties": { "Amenity": null, "Building": null, "Landuse": null, "Name": null, "Shop": null }, "geometry": { "type": "Point", "coordinates": [ 121.024959658516536, 14.62306824682493 ] } },
{ "type": "Feature", "properties": { "Amenity": null, "Building": null, "Landuse": null, "Name": null, "Shop": null }, "geometry": { "type": "Point", "coordinates": [ 121.048108898925776, 14.653578845090538 ] } },
{ "type": "Feature", "properties": { "Amenity": null, "Building": null, "Landuse": null, "Name": null, "Shop": null }, "geometry": { "type": "Point", "coordinates": [ 121.058359639075007, 14.652703435719168 ] } },
{ "type": "Feature", "properties": { "Amenity": null, "Building": null, "Landuse": null, "Name": null, "Shop": null }, "geometry": { "type": "Point", "coordinates": [ 121.058596388636559, 14.651929824368587 ] } },
{ "type": "Feature", "properties": { "Amenity": null, "Building": null, "Landuse": null, "Name": null, "Shop": null }, "geometry": { "type": "Point", "coordinates": [ 121.080495830459952, 14.69141856182916 ] } },
{ "type": "Feature", "properties": { "Amenity": null, "Building": null, "Landuse": null, "Name": null, "Shop": null }, "geometry": { "type": "Point", "coordinates": [ 121.086511683031233, 14.693039282640331 ] } },
{ "type": "Feature", "properties": { "Amenity": null, "Building": null, "Landuse": null, "Name": null, "Shop": null }, "geometry": { "type": "Point", "coordinates": [ 121.007476875919565, 14.639641150475395 ] } },
{ "type": "Feature", "properties": { "Amenity": null, "Building": null, "Landuse": null, "Name": null, "Shop": null }, "geometry": { "type": "Point", "coordinates": [ 121.029597449408342, 14.624612573119528 ] } },
{ "type": "Feature", "properties": { "Amenity": null, "Building": null, "Landuse": null, "Name": null, "Shop": null }, "geometry": { "type": "Point", "coordinates": [ 121.04252430001857, 14.643647750040602 ] } },
{ "type": "Feature", "properties": { "Amenity": null, "Building": null, "Landuse": null, "Name": null, "Shop": null }, "geometry": { "type": "Point", "coordinates": [ 121.028295888460889, 14.6495974433642 ] } },
{ "type": "Feature", "properties": { "Amenity": null, "Building": null, "Landuse": null, "Name": null, "Shop": null }, "geometry": { "type": "Point", "coordinates": [ 121.02545240804902, 14.637464260951138 ] } },
{ "type": "Feature", "properties": { "Amenity": null, "Building": null, "Landuse": null, "Name": null, "Shop": null }, "geometry": { "type": "Point", "coordinates": [ 121.013923337976678, 14.6567961445154 ] } },
{ "type": "Feature", "properties": { "Amenity": null, "Building": null, "Landuse": null, "Name": null, "Shop": null }, "geometry": { "type": "Point", "coordinates": [ 121.010234264536436, 14.614468605942553 ] } },
{ "type": "Feature", "properties": { "Amenity": null, "Building": null, "Landuse": null, "Name": null, "Shop": null }, "geometry": { "type": "Point", "coordinates": [ 121.045897438618397, 14.674874154847426 ] } },
{ "type": "Feature", "properties": { "Amenity": null, "Building": null, "Landuse": null, "Name": null, "Shop": null }, "geometry": { "type": "Point", "coordinates": [ 121.004513738982737, 14.638093464684719 ] } },
{ "type": "Feature", "properties": { "Amenity": null, "Building": null, "Landuse": null, "Name": null, "Shop": null }, "geometry": { "type": "Point", "coordinates": [ 121.055195316564436, 14.646474378876716 ] } },
{ "type": "Feature", "properties": { "Amenity": null, "Building": null, "Landuse": null, "Name": null, "Shop": null }, "geometry": { "type": "Point", "coordinates": [ 121.056349100014089, 14.646657949995376 ] } },
{ "type": "Feature", "properties": { "Amenity": null, "Building": null, "Landuse": null, "Name": null, "Shop": null }, "geometry": { "type": "Point", "coordinates": [ 121.04779357851254, 14.642723606777599 ] } },
{ "type": "Feature", "properties": { "Amenity": null, "Building": null, "Landuse": null, "Name": null, "Shop": null }, "geometry": { "type": "Point", "coordinates": [ 121.034755984528687, 14.627791682875856 ] } },
{ "type": "Feature", "properties": { "Amenity": null, "Building": null, "Landuse": null, "Name": null, "Shop": null }, "geometry": { "type": "Point", "coordinates": [ 121.049088600030714, 14.669410000014976 ] } },
{ "type": "Feature", "properties": { "Amenity": null, "Building": null, "Landuse": null, "Name": null, "Shop": null }, "geometry": { "type": "Point", "coordinates": [ 121.049945071255735, 14.733901505091756 ] } },
{ "type": "Feature", "properties": { "Amenity": null, "Building": null, "Landuse": null, "Name": null, "Shop": null }, "geometry": { "type": "Point", "coordinates": [ 121.050488750035456, 14.733626850001539 ] } },
{ "type": "Feature", "properties": { "Amenity": null, "Building": null, "Landuse": null, "Name": null, "Shop": null }, "geometry": { "type": "Point", "coordinates": [ 121.033676470275495, 14.668898009334988 ] } },
{ "type": "Feature", "properties": { "Amenity": null, "Building": null, "Landuse": null, "Name": null, "Shop": null }, "geometry": { "type": "Point", "coordinates": [ 121.030262595580723, 14.624800257049516 ] } },
{ "type": "Feature", "properties": { "Amenity": null, "Building": null, "Landuse": null, "Name": null, "Shop": null }, "geometry": { "type": "Point", "coordinates": [ 121.045425224503376, 14.683102945137151 ] } },
{ "type": "Feature", "properties": { "Amenity": null, "Building": null, "Landuse": null, "Name": null, "Shop": null }, "geometry": { "type": "Point", "coordinates": [ 120.991620481883899, 14.626596709753871 ] } },
{ "type": "Feature", "properties": { "Amenity": null, "Building": null, "Landuse": null, "Name": null, "Shop": null }, "geometry": { "type": "Point", "coordinates": [ 121.063315092408175, 14.627217169039252 ] } },
{ "type": "Feature", "properties": { "Amenity": null, "Building": null, "Landuse": null, "Name": null, "Shop": null }, "geometry": { "type": "Point", "coordinates": [ 121.039727954022155, 14.662525878903413 ] } },
{ "type": "Feature", "properties": { "Amenity": null, "Building": null, "Landuse": null, "Name": null, "Shop": null }, "geometry": { "type": "Point", "coordinates": [ 121.011846629299157, 14.617288635741206 ] } },
{ "type": "Feature", "properties": { "Amenity": null, "Building": null, "Landuse": null, "Name": null, "Shop": null }, "geometry": { "type": "Point", "coordinates": [ 121.011707198539185, 14.617442715876621 ] } },
{ "type": "Feature", "properties": { "Amenity": null, "Building": null, "Landuse": null, "Name": null, "Shop": null }, "geometry": { "type": "Point", "coordinates": [ 121.011368308829432, 14.617467767508982 ] } },
{ "type": "Feature", "properties": { "Amenity": null, "Building": null, "Landuse": null, "Name": null, "Shop": null }, "geometry": { "type": "Point", "coordinates": [ 121.007536859503816, 14.63888329451602 ] } },
{ "type": "Feature", "properties": { "Amenity": null, "Building": null, "Landuse": null, "Name": null, "Shop": null }, "geometry": { "type": "Point", "coordinates": [ 121.022740599971812, 14.656752599984031 ] } },
{ "type": "Feature", "properties": { "Amenity": null, "Building": null, "Landuse": null, "Name": null, "Shop": null }, "geometry": { "type": "Point", "coordinates": [ 121.004765343704165, 14.656261724584835 ] } },
{ "type": "Feature", "properties": { "Amenity": null, "Building": null, "Landuse": null, "Name": null, "Shop": null }, "geometry": { "type": "Point", "coordinates": [ 121.023357229156517, 14.656189065422103 ] } },
{ "type": "Feature", "properties": { "Amenity": null, "Building": null, "Landuse": null, "Name": null, "Shop": null }, "geometry": { "type": "Point", "coordinates": [ 121.01940530753177, 14.659930625127362 ] } },
{ "type": "Feature", "properties": { "Amenity": null, "Building": null, "Landuse": null, "Name": null, "Shop": null }, "geometry": { "type": "Point", "coordinates": [ 121.072557274333974, 14.652342206937794 ] } },
{ "type": "Feature", "properties": { "Amenity": null, "Building": null, "Landuse": null, "Name": null, "Shop": null }, "geometry": { "type": "Point", "coordinates": [ 121.072155221038827, 14.65234587766048 ] } },
{ "type": "Feature", "properties": { "Amenity": null, "Building": null, "Landuse": null, "Name": null, "Shop": null }, "geometry": { "type": "Point", "coordinates": [ 121.063929449464553, 14.604401098715117 ] } },
{ "type": "Feature", "properties": { "Amenity": null, "Building": null, "Landuse": null, "Name": null, "Shop": null }, "geometry": { "type": "Point", "coordinates": [ 121.036295204353095, 14.64514749139806 ] } },
{ "type": "Feature", "properties": { "Amenity": null, "Building": null, "Landuse": null, "Name": null, "Shop": null }, "geometry": { "type": "Point", "coordinates": [ 121.051611937482832, 14.720510805505015 ] } },
{ "type": "Feature", "properties": { "Amenity": null, "Building": null, "Landuse": null, "Name": null, "Shop": null }, "geometry": { "type": "Point", "coordinates": [ 121.071934700665039, 14.64982463982305 ] } },
{ "type": "Feature", "properties": { "Amenity": null, "Building": null, "Landuse": null, "Name": null, "Shop": null }, "geometry": { "type": "Point", "coordinates": [ 121.085395921284871, 14.677100625484456 ] } },
{ "type": "Feature", "properties": { "Amenity": null, "Building": null, "Landuse": null, "Name": null, "Shop": null }, "geometry": { "type": "Point", "coordinates": [ 121.056359558814407, 14.735975183804216 ] } },
{ "type": "Feature", "properties": { "Amenity": null, "Building": null, "Landuse": null, "Name": null, "Shop": null }, "geometry": { "type": "Point", "coordinates": [ 121.04427296545407, 14.694088909255481 ] } },
{ "type": "Feature", "properties": { "Amenity": null, "Building": null, "Landuse": null, "Name": null, "Shop": null }, "geometry": { "type": "Point", "coordinates": [ 121.04726059657456, 14.636508917445223 ] } },
{ "type": "Feature", "properties": { "Amenity": null, "Building": null, "Landuse": null, "Name": null, "Shop": null }, "geometry": { "type": "Point", "coordinates": [ 121.04754582463957, 14.63829018613251 ] } },
{ "type": "Feature", "properties": { "Amenity": null, "Building": null, "Landuse": null, "Name": null, "Shop": null }, "geometry": { "type": "Point", "coordinates": [ 121.043099180035142, 14.637567112729077 ] } },
{ "type": "Feature", "properties": { "Amenity": null, "Building": null, "Landuse": null, "Name": null, "Shop": null }, "geometry": { "type": "Point", "coordinates": [ 121.042383074325457, 14.639753416866652 ] } },
{ "type": "Feature", "properties": { "Amenity": null, "Building": null, "Landuse": null, "Name": null, "Shop": null }, "geometry": { "type": "Point", "coordinates": [ 121.042823199861644, 14.638876900082195 ] } },
{ "type": "Feature", "properties": { "Amenity": null, "Building": null, "Landuse": null, "Name": null, "Shop": null }, "geometry": { "type": "Point", "coordinates": [ 121.042104265579113, 14.639874148522674 ] } },
{ "type": "Feature", "properties": { "Amenity": null, "Building": null, "Landuse": null, "Name": null, "Shop": null }, "geometry": { "type": "Point", "coordinates": [ 121.043436866405415, 14.638957008196293 ] } },
{ "type": "Feature", "properties": { "Amenity": null, "Building": null, "Landuse": null, "Name": null, "Shop": null }, "geometry": { "type": "Point", "coordinates": [ 121.080456619990869, 14.638680438352095 ] } },
{ "type": "Feature", "properties": { "Amenity": null, "Building": null, "Landuse": null, "Name": null, "Shop": null }, "geometry": { "type": "Point", "coordinates": [ 121.037507948746708, 14.641710167152413 ] } },
{ "type": "Feature", "properties": { "Amenity": null, "Building": null, "Landuse": null, "Name": null, "Shop": null }, "geometry": { "type": "Point", "coordinates": [ 121.044819185339136, 14.641434586113604 ] } },
{ "type": "Feature", "properties": { "Amenity": null, "Building": null, "Landuse": null, "Name": null, "Shop": null }, "geometry": { "type": "Point", "coordinates": [ 121.038894935485587, 14.62851987125717 ] } },
{ "type": "Feature", "properties": { "Amenity": null, "Building": null, "Landuse": null, "Name": null, "Shop": null }, "geometry": { "type": "Point", "coordinates": [ 121.06412494021086, 14.612451579628408 ] } },
{ "type": "Feature", "properties": { "Amenity": null, "Building": null, "Landuse": null, "Name": null, "Shop": null }, "geometry": { "type": "Point", "coordinates": [ 121.019826132483416, 14.605603287965224 ] } },
{ "type": "Feature", "properties": { "Amenity": null, "Building": null, "Landuse": null, "Name": null, "Shop": null }, "geometry": { "type": "Point", "coordinates": [ 121.078821077352842, 14.639082030267028 ] } },
{ "type": "Feature", "properties": { "Amenity": null, "Building": null, "Landuse": null, "Name": null, "Shop": null }, "geometry": { "type": "Point", "coordinates": [ 121.060789585861016, 14.643938373848718 ] } },
{ "type": "Feature", "properties": { "Amenity": null, "Building": null, "Landuse": null, "Name": null, "Shop": null }, "geometry": { "type": "Point", "coordinates": [ 121.053985465032909, 14.612133733388596 ] } },
{ "type": "Feature", "properties": { "Amenity": null, "Building": null, "Landuse": null, "Name": null, "Shop": null }, "geometry": { "type": "Point", "coordinates": [ 121.033556627218474, 14.687663510785214 ] } },
{ "type": "Feature", "properties": { "Amenity": null, "Building": null, "Landuse": null, "Name": null, "Shop": null }, "geometry": { "type": "Point", "coordinates": [ 121.033648635206546, 14.687208099370892 ] } },
{ "type": "Feature", "properties": { "Amenity": null, "Building": null, "Landuse": null, "Name": null, "Shop": null }, "geometry": { "type": "Point", "coordinates": [ 121.055698132876103, 14.672978148653799 ] } },
{ "type": "Feature", "properties": { "Amenity": null, "Building": null, "Landuse": null, "Name": null, "Shop": null }, "geometry": { "type": "Point", "coordinates": [ 121.055969110015226, 14.679447904698199 ] } },
{ "type": "Feature", "properties": { "Amenity": null, "Building": null, "Landuse": null, "Name": null, "Shop": null }, "geometry": { "type": "Point", "coordinates": [ 121.019551549129744, 14.62163011783565 ] } },
{ "type": "Feature", "properties": { "Amenity": null, "Building": null, "Landuse": null, "Name": null, "Shop": null }, "geometry": { "type": "Point", "coordinates": [ 121.046456147654709, 14.627468588503746 ] } },
{ "type": "Feature", "properties": { "Amenity": null, "Building": null, "Landuse": null, "Name": null, "Shop": null }, "geometry": { "type": "Point", "coordinates": [ 121.049696755323993, 14.623773264742374 ] } },
{ "type": "Feature", "properties": { "Amenity": null, "Building": null, "Landuse": null, "Name": null, "Shop": null }, "geometry": { "type": "Point", "coordinates": [ 121.046007960550781, 14.62874210627616 ] } },
{ "type": "Feature", "properties": { "Amenity": null, "Building": null, "Landuse": null, "Name": null, "Shop": null }, "geometry": { "type": "Point", "coordinates": [ 121.027504549992614, 14.655846199999296 ] } },
{ "type": "Feature", "properties": { "Amenity": null, "Building": null, "Landuse": null, "Name": null, "Shop": null }, "geometry": { "type": "Point", "coordinates": [ 121.046963719152672, 14.681249943753576 ] } },
{ "type": "Feature", "properties": { "Amenity": null, "Building": null, "Landuse": null, "Name": null, "Shop": null }, "geometry": { "type": "Point", "coordinates": [ 121.052504283007337, 14.677423720752191 ] } },
{ "type": "Feature", "properties": { "Amenity": null, "Building": null, "Landuse": null, "Name": null, "Shop": null }, "geometry": { "type": "Point", "coordinates": [ 121.017513378136059, 14.634188028970433 ] } },
{ "type": "Feature", "properties": { "Amenity": null, "Building": null, "Landuse": null, "Name": null, "Shop": null }, "geometry": { "type": "Point", "coordinates": [ 121.061878014802019, 14.652322524983294 ] } },
{ "type": "Feature", "properties": { "Amenity": null, "Building": null, "Landuse": null, "Name": null, "Shop": null }, "geometry": { "type": "Point", "coordinates": [ 121.071214114249912, 14.64980653129035 ] } },
{ "type": "Feature", "properties": { "Amenity": null, "Building": null, "Landuse": null, "Name": null, "Shop": null }, "geometry": { "type": "Point", "coordinates": [ 121.013145876940683, 14.664662560444402 ] } },
{ "type": "Feature", "properties": { "Amenity": null, "Building": null, "Landuse": null, "Name": null, "Shop": null }, "geometry": { "type": "Point", "coordinates": [ 121.013208792221889, 14.672426050237883 ] } },
{ "type": "Feature", "properties": { "Amenity": null, "Building": null, "Landuse": null, "Name": null, "Shop": null }, "geometry": { "type": "Point", "coordinates": [ 121.057110362235179, 14.727459789539664 ] } },
{ "type": "Feature", "properties": { "Amenity": null, "Building": null, "Landuse": null, "Name": null, "Shop": null }, "geometry": { "type": "Point", "coordinates": [ 121.057867678878978, 14.736195577073211 ] } },
{ "type": "Feature", "properties": { "Amenity": null, "Building": null, "Landuse": null, "Name": null, "Shop": null }, "geometry": { "type": "Point", "coordinates": [ 121.042448644369557, 14.666356167662348 ] } },
{ "type": "Feature", "properties": { "Amenity": null, "Building": null, "Landuse": null, "Name": null, "Shop": null }, "geometry": { "type": "Point", "coordinates": [ 121.007437450096276, 14.62431845006558 ] } },
{ "type": "Feature", "properties": { "Amenity": null, "Building": null, "Landuse": null, "Name": null, "Shop": null }, "geometry": { "type": "Point", "coordinates": [ 121.017505359702, 14.620196712764333 ] } },
{ "type": "Feature", "properties": { "Amenity": null, "Building": null, "Landuse": null, "Name": null, "Shop": null }, "geometry": { "type": "Point", "coordinates": [ 121.053862384323423, 14.674992478719817 ] } },
{ "type": "Feature", "properties": { "Amenity": null, "Building": null, "Landuse": null, "Name": null, "Shop": null }, "geometry": { "type": "Point", "coordinates": [ 121.05460792211565, 14.734607694310473 ] } },
{ "type": "Feature", "properties": { "Amenity": null, "Building": null, "Landuse": null, "Name": null, "Shop": null }, "geometry": { "type": "Point", "coordinates": [ 121.052015765621775, 14.731600113200578 ] } },
{ "type": "Feature", "properties": { "Amenity": null, "Building": null, "Landuse": null, "Name": null, "Shop": null }, "geometry": { "type": "Point", "coordinates": [ 121.019529357926928, 14.628797126308028 ] } },
{ "type": "Feature", "properties": { "Amenity": null, "Building": null, "Landuse": null, "Name": null, "Shop": null }, "geometry": { "type": "Point", "coordinates": [ 121.000441249975538, 14.622600700030917 ] } },
{ "type": "Feature", "properties": { "Amenity": null, "Building": null, "Landuse": null, "Name": null, "Shop": null }, "geometry": { "type": "Point", "coordinates": [ 121.073797021230405, 14.635703467352199 ] } },
{ "type": "Feature", "properties": { "Amenity": null, "Building": null, "Landuse": null, "Name": null, "Shop": null }, "geometry": { "type": "Point", "coordinates": [ 121.073883669756256, 14.642242117805063 ] } },
{ "type": "Feature", "properties": { "Amenity": null, "Building": null, "Landuse": null, "Name": null, "Shop": null }, "geometry": { "type": "Point", "coordinates": [ 121.09489752209187, 14.686691215737785 ] } },
{ "type": "Feature", "properties": { "Amenity": null, "Building": null, "Landuse": null, "Name": null, "Shop": null }, "geometry": { "type": "Point", "coordinates": [ 121.076449255105729, 14.684548491984653 ] } },
{ "type": "Feature", "properties": { "Amenity": null, "Building": null, "Landuse": null, "Name": null, "Shop": null }, "geometry": { "type": "Point", "coordinates": [ 121.04620207140124, 14.679609232497077 ] } },
{ "type": "Feature", "properties": { "Amenity": null, "Building": null, "Landuse": null, "Name": null, "Shop": null }, "geometry": { "type": "Point", "coordinates": [ 121.037264820199411, 14.672362009318364 ] } },
{ "type": "Feature", "properties": { "Amenity": null, "Building": null, "Landuse": null, "Name": null, "Shop": null }, "geometry": { "type": "Point", "coordinates": [ 120.995938294071763, 14.621271489052921 ] } },
{ "type": "Feature", "properties": { "Amenity": null, "Building": null, "Landuse": null, "Name": null, "Shop": null }, "geometry": { "type": "Point", "coordinates": [ 121.034005528932184, 14.647292156974855 ] } },
{ "type": "Feature", "properties": { "Amenity": null, "Building": null, "Landuse": null, "Name": null, "Shop": null }, "geometry": { "type": "Point", "coordinates": [ 121.020286287801312, 14.606165048159585 ] } },
{ "type": "Feature", "properties": { "Amenity": null, "Building": null, "Landuse": null, "Name": null, "Shop": null }, "geometry": { "type": "Point", "coordinates": [ 121.050296142600317, 14.646774119877891 ] } },
{ "type": "Feature", "properties": { "Amenity": null, "Building": null, "Landuse": null, "Name": null, "Shop": null }, "geometry": { "type": "Point", "coordinates": [ 121.045179228724393, 14.650816622509208 ] } },
{ "type": "Feature", "properties": { "Amenity": null, "Building": null, "Landuse": null, "Name": null, "Shop": null }, "geometry": { "type": "Point", "coordinates": [ 121.073495461814687, 14.653057605203285 ] } },
{ "type": "Feature", "properties": { "Amenity": null, "Building": null, "Landuse": null, "Name": null, "Shop": null }, "geometry": { "type": "Point", "coordinates": [ 121.034798186290402, 14.641928797834568 ] } },
{ "type": "Feature", "properties": { "Amenity": null, "Building": null, "Landuse": null, "Name": null, "Shop": null }, "geometry": { "type": "Point", "coordinates": [ 121.064584799999821, 14.648049699999016 ] } },
{ "type": "Feature", "properties": { "Amenity": null, "Building": null, "Landuse": null, "Name": null, "Shop": null }, "geometry": { "type": "Point", "coordinates": [ 121.064151735455056, 14.658325747582495 ] } },
{ "type": "Feature", "properties": { "Amenity": null, "Building": null, "Landuse": null, "Name": null, "Shop": null }, "geometry": { "type": "Point", "coordinates": [ 121.07971157473267, 14.610024539893891 ] } },
{ "type": "Feature", "properties": { "Amenity": null, "Building": null, "Landuse": null, "Name": null, "Shop": null }, "geometry": { "type": "Point", "coordinates": [ 121.034145868179763, 14.613536266658885 ] } },
{ "type": "Feature", "properties": { "Amenity": null, "Building": null, "Landuse": null, "Name": null, "Shop": null }, "geometry": { "type": "Point", "coordinates": [ 121.031684402791655, 14.641248535886003 ] } },
{ "type": "Feature", "properties": { "Amenity": null, "Building": null, "Landuse": null, "Name": null, "Shop": null }, "geometry": { "type": "Point", "coordinates": [ 121.047712224341453, 14.654714263648266 ] } },
{ "type": "Feature", "properties": { "Amenity": null, "Building": null, "Landuse": null, "Name": null, "Shop": null }, "geometry": { "type": "Point", "coordinates": [ 121.033375678160766, 14.62725805478639 ] } },
{ "type": "Feature", "properties": { "Amenity": null, "Building": null, "Landuse": null, "Name": null, "Shop": null }, "geometry": { "type": "Point", "coordinates": [ 121.075455761595293, 14.63042123825873 ] } },
{ "type": "Feature", "properties": { "Amenity": null, "Building": null, "Landuse": null, "Name": null, "Shop": null }, "geometry": { "type": "Point", "coordinates": [ 121.035864611264373, 14.615996172451439 ] } },
{ "type": "Feature", "properties": { "Amenity": null, "Building": null, "Landuse": null, "Name": null, "Shop": null }, "geometry": { "type": "Point", "coordinates": [ 121.035554702389092, 14.614863704037543 ] } },
{ "type": "Feature", "properties": { "Amenity": null, "Building": null, "Landuse": null, "Name": null, "Shop": null }, "geometry": { "type": "Point", "coordinates": [ 121.024564625153346, 14.628919103747197 ] } },
{ "type": "Feature", "properties": { "Amenity": null, "Building": null, "Landuse": null, "Name": null, "Shop": null }, "geometry": { "type": "Point", "coordinates": [ 121.02333488531923, 14.62989765251362 ] } },
{ "type": "Feature", "properties": { "Amenity": null, "Building": null, "Landuse": null, "Name": null, "Shop": null }, "geometry": { "type": "Point", "coordinates": [ 121.024823956146207, 14.630096715973146 ] } },
{ "type": "Feature", "properties": { "Amenity": null, "Building": null, "Landuse": null, "Name": null, "Shop": null }, "geometry": { "type": "Point", "coordinates": [ 121.035946596265816, 14.614927060967666 ] } },
{ "type": "Feature", "properties": { "Amenity": null, "Building": null, "Landuse": null, "Name": null, "Shop": null }, "geometry": { "type": "Point", "coordinates": [ 121.038065738931252, 14.614975882568016 ] } },
{ "type": "Feature", "properties": { "Amenity": null, "Building": null, "Landuse": null, "Name": null, "Shop": null }, "geometry": { "type": "Point", "coordinates": [ 121.030488211600399, 14.63878975519877 ] } },
{ "type": "Feature", "properties": { "Amenity": null, "Building": null, "Landuse": null, "Name": null, "Shop": null }, "geometry": { "type": "Point", "coordinates": [ 121.016901904723269, 14.640228676128748 ] } },
{ "type": "Feature", "properties": { "Amenity": null, "Building": null, "Landuse": null, "Name": null, "Shop": null }, "geometry": { "type": "Point", "coordinates": [ 121.017186961958117, 14.647148722801164 ] } },
{ "type": "Feature", "properties": { "Amenity": null, "Building": null, "Landuse": null, "Name": null, "Shop": null }, "geometry": { "type": "Point", "coordinates": [ 121.061753485156842, 14.708229668699031 ] } },
{ "type": "Feature", "properties": { "Amenity": null, "Building": null, "Landuse": null, "Name": null, "Shop": null }, "geometry": { "type": "Point", "coordinates": [ 121.07367459243909, 14.655153105157517 ] } },
{ "type": "Feature", "properties": { "Amenity": null, "Building": null, "Landuse": null, "Name": null, "Shop": null }, "geometry": { "type": "Point", "coordinates": [ 121.07215538333007, 14.656816800561582 ] } },
{ "type": "Feature", "properties": { "Amenity": null, "Building": null, "Landuse": null, "Name": null, "Shop": null }, "geometry": { "type": "Point", "coordinates": [ 121.073529539833274, 14.656169894324178 ] } },
{ "type": "Feature", "properties": { "Amenity": null, "Building": null, "Landuse": null, "Name": null, "Shop": null }, "geometry": { "type": "Point", "coordinates": [ 121.00490112944297, 14.650407228522095 ] } },
{ "type": "Feature", "properties": { "Amenity": null, "Building": null, "Landuse": null, "Name": null, "Shop": null }, "geometry": { "type": "Point", "coordinates": [ 121.04131788773833, 14.647689122024069 ] } },
{ "type": "Feature", "properties": { "Amenity": null, "Building": null, "Landuse": null, "Name": null, "Shop": null }, "geometry": { "type": "Point", "coordinates": [ 121.032793244902891, 14.681784873766345 ] } },
{ "type": "Feature", "properties": { "Amenity": null, "Building": null, "Landuse": null, "Name": null, "Shop": null }, "geometry": { "type": "Point", "coordinates": [ 121.109926657320926, 14.696814374884839 ] } },
{ "type": "Feature", "properties": { "Amenity": null, "Building": null, "Landuse": null, "Name": null, "Shop": null }, "geometry": { "type": "Point", "coordinates": [ 121.109419984000709, 14.696044641625988 ] } },
{ "type": "Feature", "properties": { "Amenity": null, "Building": null, "Landuse": null, "Name": null, "Shop": null }, "geometry": { "type": "Point", "coordinates": [ 121.048831912445294, 14.662903162683438 ] } },
{ "type": "Feature", "properties": { "Amenity": null, "Building": null, "Landuse": null, "Name": null, "Shop": null }, "geometry": { "type": "Point", "coordinates": [ 121.054020807871822, 14.642526429028552 ] } },
{ "type": "Feature", "properties": { "Amenity": null, "Building": null, "Landuse": null, "Name": null, "Shop": null }, "geometry": { "type": "Point", "coordinates": [ 121.084926037478269, 14.680268904803569 ] } },
{ "type": "Feature", "properties": { "Amenity": null, "Building": null, "Landuse": null, "Name": null, "Shop": null }, "geometry": { "type": "Point", "coordinates": [ 121.0875600444474, 14.700212002734228 ] } },
{ "type": "Feature", "properties": { "Amenity": null, "Building": null, "Landuse": null, "Name": null, "Shop": null }, "geometry": { "type": "Point", "coordinates": [ 121.05461294998598, 14.639145700060215 ] } },
{ "type": "Feature", "properties": { "Amenity": null, "Building": null, "Landuse": null, "Name": null, "Shop": null }, "geometry": { "type": "Point", "coordinates": [ 121.005073621322012, 14.62019339175442 ] } },
{ "type": "Feature", "properties": { "Amenity": null, "Building": null, "Landuse": null, "Name": null, "Shop": null }, "geometry": { "type": "Point", "coordinates": [ 121.035160025935951, 14.691403147303948 ] } },
{ "type": "Feature", "properties": { "Amenity": null, "Building": null, "Landuse": null, "Name": null, "Shop": null }, "geometry": { "type": "Point", "coordinates": [ 121.0089753346371, 14.623675625220306 ] } },
{ "type": "Feature", "properties": { "Amenity": null, "Building": null, "Landuse": null, "Name": null, "Shop": null }, "geometry": { "type": "Point", "coordinates": [ 121.073634856483238, 14.645261464695158 ] } },
{ "type": "Feature", "properties": { "Amenity": null, "Building": null, "Landuse": null, "Name": null, "Shop": null }, "geometry": { "type": "Point", "coordinates": [ 121.069307749419153, 14.642077459064179 ] } },
{ "type": "Feature", "properties": { "Amenity": null, "Building": null, "Landuse": null, "Name": null, "Shop": null }, "geometry": { "type": "Point", "coordinates": [ 121.021814324836257, 14.608187705726495 ] } },
{ "type": "Feature", "properties": { "Amenity": null, "Building": null, "Landuse": null, "Name": null, "Shop": null }, "geometry": { "type": "Point", "coordinates": [ 121.019990809452452, 14.607661662850182 ] } },
{ "type": "Feature", "properties": { "Amenity": null, "Building": null, "Landuse": null, "Name": null, "Shop": null }, "geometry": { "type": "Point", "coordinates": [ 121.020684041145344, 14.608329322486524 ] } },
{ "type": "Feature", "properties": { "Amenity": null, "Building": null, "Landuse": null, "Name": null, "Shop": null }, "geometry": { "type": "Point", "coordinates": [ 121.041020124771549, 14.721679228047032 ] } },
{ "type": "Feature", "properties": { "Amenity": null, "Building": null, "Landuse": null, "Name": null, "Shop": null }, "geometry": { "type": "Point", "coordinates": [ 121.095208536941598, 14.698960106750549 ] } },
{ "type": "Feature", "properties": { "Amenity": null, "Building": null, "Landuse": null, "Name": null, "Shop": null }, "geometry": { "type": "Point", "coordinates": [ 121.093632573774798, 14.68953996291514 ] } },
{ "type": "Feature", "properties": { "Amenity": null, "Building": null, "Landuse": null, "Name": null, "Shop": null }, "geometry": { "type": "Point", "coordinates": [ 121.107145051358458, 14.719288747139373 ] } },
{ "type": "Feature", "properties": { "Amenity": null, "Building": null, "Landuse": null, "Name": null, "Shop": null }, "geometry": { "type": "Point", "coordinates": [ 121.072872561449159, 14.640740962344376 ] } },
{ "type": "Feature", "properties": { "Amenity": null, "Building": null, "Landuse": null, "Name": null, "Shop": null }, "geometry": { "type": "Point", "coordinates": [ 121.073430872905959, 14.636956874504545 ] } },
{ "type": "Feature", "properties": { "Amenity": null, "Building": null, "Landuse": null, "Name": null, "Shop": null }, "geometry": { "type": "Point", "coordinates": [ 121.051726002949422, 14.646896293831809 ] } },
{ "type": "Feature", "properties": { "Amenity": null, "Building": null, "Landuse": null, "Name": null, "Shop": null }, "geometry": { "type": "Point", "coordinates": [ 121.046444679686502, 14.644936109023806 ] } },
{ "type": "Feature", "properties": { "Amenity": null, "Building": null, "Landuse": null, "Name": null, "Shop": null }, "geometry": { "type": "Point", "coordinates": [ 121.056201655259883, 14.647049729542996 ] } },
{ "type": "Feature", "properties": { "Amenity": null, "Building": null, "Landuse": null, "Name": null, "Shop": null }, "geometry": { "type": "Point", "coordinates": [ 121.057660523415066, 14.642503906048496 ] } },
{ "type": "Feature", "properties": { "Amenity": null, "Building": null, "Landuse": null, "Name": null, "Shop": null }, "geometry": { "type": "Point", "coordinates": [ 121.047322316927051, 14.62880438182729 ] } },
{ "type": "Feature", "properties": { "Amenity": null, "Building": null, "Landuse": null, "Name": null, "Shop": null }, "geometry": { "type": "Point", "coordinates": [ 121.026827650547659, 14.640588605286803 ] } },
{ "type": "Feature", "properties": { "Amenity": null, "Building": null, "Landuse": null, "Name": null, "Shop": null }, "geometry": { "type": "Point", "coordinates": [ 121.030556984733735, 14.634130137737944 ] } },
{ "type": "Feature", "properties": { "Amenity": null, "Building": null, "Landuse": null, "Name": null, "Shop": null }, "geometry": { "type": "Point", "coordinates": [ 121.038589572489968, 14.630445150204046 ] } },
{ "type": "Feature", "properties": { "Amenity": null, "Building": null, "Landuse": null, "Name": null, "Shop": null }, "geometry": { "type": "Point", "coordinates": [ 121.032206812055023, 14.641760848700759 ] } },
{ "type": "Feature", "properties": { "Amenity": null, "Building": null, "Landuse": null, "Name": null, "Shop": null }, "geometry": { "type": "Point", "coordinates": [ 121.035013902208078, 14.641608732686532 ] } },
{ "type": "Feature", "properties": { "Amenity": null, "Building": null, "Landuse": null, "Name": null, "Shop": null }, "geometry": { "type": "Point", "coordinates": [ 121.068115713908981, 14.635858188938524 ] } },
{ "type": "Feature", "properties": { "Amenity": null, "Building": null, "Landuse": null, "Name": null, "Shop": null }, "geometry": { "type": "Point", "coordinates": [ 121.036662019871684, 14.644612762278058 ] } },
{ "type": "Feature", "properties": { "Amenity": null, "Building": null, "Landuse": null, "Name": null, "Shop": null }, "geometry": { "type": "Point", "coordinates": [ 121.032442763364315, 14.669372669921506 ] } },
{ "type": "Feature", "properties": { "Amenity": null, "Building": null, "Landuse": null, "Name": null, "Shop": null }, "geometry": { "type": "Point", "coordinates": [ 121.054685844183766, 14.614637911261452 ] } },
{ "type": "Feature", "properties": { "Amenity": null, "Building": null, "Landuse": null, "Name": null, "Shop": null }, "geometry": { "type": "Point", "coordinates": [ 121.051139112754456, 14.626790175832909 ] } },
{ "type": "Feature", "properties": { "Amenity": null, "Building": null, "Landuse": null, "Name": null, "Shop": null }, "geometry": { "type": "Point", "coordinates": [ 121.043518900032495, 14.624103800052881 ] } },
{ "type": "Feature", "properties": { "Amenity": null, "Building": null, "Landuse": null, "Name": null, "Shop": null }, "geometry": { "type": "Point", "coordinates": [ 121.054379458126149, 14.611219981443362 ] } },
{ "type": "Feature", "properties": { "Amenity": null, "Building": null, "Landuse": null, "Name": null, "Shop": null }, "geometry": { "type": "Point", "coordinates": [ 121.062118354099624, 14.6119316593579 ] } },
{ "type": "Feature", "properties": { "Amenity": null, "Building": null, "Landuse": null, "Name": null, "Shop": null }, "geometry": { "type": "Point", "coordinates": [ 121.062132409088861, 14.621265114377779 ] } },
{ "type": "Feature", "properties": { "Amenity": null, "Building": null, "Landuse": null, "Name": null, "Shop": null }, "geometry": { "type": "Point", "coordinates": [ 121.058671199973503, 14.628204400022234 ] } },
{ "type": "Feature", "properties": { "Amenity": null, "Building": null, "Landuse": null, "Name": null, "Shop": null }, "geometry": { "type": "Point", "coordinates": [ 121.046231100153264, 14.627923317995412 ] } },
{ "type": "Feature", "properties": { "Amenity": null, "Building": null, "Landuse": null, "Name": null, "Shop": null }, "geometry": { "type": "Point", "coordinates": [ 121.073438250014931, 14.622862000038959 ] } },
{ "type": "Feature", "properties": { "Amenity": null, "Building": null, "Landuse": null, "Name": null, "Shop": null }, "geometry": { "type": "Point", "coordinates": [ 121.072758719979078, 14.622938754311825 ] } },
{ "type": "Feature", "properties": { "Amenity": null, "Building": null, "Landuse": null, "Name": null, "Shop": null }, "geometry": { "type": "Point", "coordinates": [ 121.073074524534192, 14.623220847795389 ] } },
{ "type": "Feature", "properties": { "Amenity": null, "Building": null, "Landuse": null, "Name": null, "Shop": null }, "geometry": { "type": "Point", "coordinates": [ 121.066072118359799, 14.62194470223025 ] } },
{ "type": "Feature", "properties": { "Amenity": null, "Building": null, "Landuse": null, "Name": null, "Shop": null }, "geometry": { "type": "Point", "coordinates": [ 121.000080235308474, 14.623244766625609 ] } },
{ "type": "Feature", "properties": { "Amenity": null, "Building": null, "Landuse": null, "Name": null, "Shop": null }, "geometry": { "type": "Point", "coordinates": [ 121.008979454029415, 14.625750865626442 ] } },
{ "type": "Feature", "properties": { "Amenity": null, "Building": null, "Landuse": null, "Name": null, "Shop": null }, "geometry": { "type": "Point", "coordinates": [ 121.094340688617706, 14.706970098466968 ] } },
{ "type": "Feature", "properties": { "Amenity": null, "Building": null, "Landuse": null, "Name": null, "Shop": null }, "geometry": { "type": "Point", "coordinates": [ 121.100979293490752, 14.719220827908394 ] } },
{ "type": "Feature", "properties": { "Amenity": null, "Building": null, "Landuse": null, "Name": null, "Shop": null }, "geometry": { "type": "Point", "coordinates": [ 121.045059660050569, 14.651403869038534 ] } },
{ "type": "Feature", "properties": { "Amenity": null, "Building": null, "Landuse": null, "Name": null, "Shop": null }, "geometry": { "type": "Point", "coordinates": [ 121.050304453905113, 14.649567930497257 ] } },
{ "type": "Feature", "properties": { "Amenity": null, "Building": null, "Landuse": null, "Name": null, "Shop": null }, "geometry": { "type": "Point", "coordinates": [ 121.063644917968972, 14.665011290130169 ] } },
{ "type": "Feature", "properties": { "Amenity": null, "Building": null, "Landuse": null, "Name": null, "Shop": null }, "geometry": { "type": "Point", "coordinates": [ 121.02128955379041, 14.650600159304924 ] } },
{ "type": "Feature", "properties": { "Amenity": null, "Building": null, "Landuse": null, "Name": null, "Shop": null }, "geometry": { "type": "Point", "coordinates": [ 121.004931350045197, 14.640539599969818 ] } },
{ "type": "Feature", "properties": { "Amenity": null, "Building": null, "Landuse": null, "Name": null, "Shop": null }, "geometry": { "type": "Point", "coordinates": [ 121.076957661500856, 14.684617665323223 ] } },
{ "type": "Feature", "properties": { "Amenity": null, "Building": null, "Landuse": null, "Name": null, "Shop": null }, "geometry": { "type": "Point", "coordinates": [ 121.078837812102591, 14.682468034991318 ] } },
{ "type": "Feature", "properties": { "Amenity": null, "Building": null, "Landuse": null, "Name": null, "Shop": null }, "geometry": { "type": "Point", "coordinates": [ 121.099495057828989, 14.690223156725731 ] } },
{ "type": "Feature", "properties": { "Amenity": null, "Building": null, "Landuse": null, "Name": null, "Shop": null }, "geometry": { "type": "Point", "coordinates": [ 121.076890999996465, 14.682676550021755 ] } },
{ "type": "Feature", "properties": { "Amenity": null, "Building": null, "Landuse": null, "Name": null, "Shop": null }, "geometry": { "type": "Point", "coordinates": [ 121.063320146348389, 14.627050430204976 ] } },
{ "type": "Feature", "properties": { "Amenity": null, "Building": null, "Landuse": null, "Name": null, "Shop": null }, "geometry": { "type": "Point", "coordinates": [ 121.057872549986513, 14.667222250036213 ] } },
{ "type": "Feature", "properties": { "Amenity": null, "Building": null, "Landuse": null, "Name": null, "Shop": null }, "geometry": { "type": "Point", "coordinates": [ 121.103128664987068, 14.714955913493325 ] } },
{ "type": "Feature", "properties": { "Amenity": null, "Building": null, "Landuse": null, "Name": null, "Shop": null }, "geometry": { "type": "Point", "coordinates": [ 121.106083357622666, 14.711692062814867 ] } },
{ "type": "Feature", "properties": { "Amenity": null, "Building": null, "Landuse": null, "Name": null, "Shop": null }, "geometry": { "type": "Point", "coordinates": [ 121.092207923427694, 14.700105364377515 ] } },
{ "type": "Feature", "properties": { "Amenity": null, "Building": null, "Landuse": null, "Name": null, "Shop": null }, "geometry": { "type": "Point", "coordinates": [ 120.994895099953709, 14.632044350050853 ] } },
{ "type": "Feature", "properties": { "Amenity": null, "Building": null, "Landuse": null, "Name": null, "Shop": null }, "geometry": { "type": "Point", "coordinates": [ 121.04747344808429, 14.738274043716892 ] } },
{ "type": "Feature", "properties": { "Amenity": null, "Building": null, "Landuse": null, "Name": null, "Shop": null }, "geometry": { "type": "Point", "coordinates": [ 121.048448761395051, 14.657187495188072 ] } },
{ "type": "Feature", "properties": { "Amenity": null, "Building": null, "Landuse": null, "Name": null, "Shop": null }, "geometry": { "type": "Point", "coordinates": [ 121.007944800025882, 14.620856100017997 ] } },
{ "type": "Feature", "properties": { "Amenity": null, "Building": null, "Landuse": null, "Name": null, "Shop": null }, "geometry": { "type": "Point", "coordinates": [ 120.99919423681537, 14.658134658342789 ] } },
{ "type": "Feature", "properties": { "Amenity": null, "Building": null, "Landuse": null, "Name": null, "Shop": null }, "geometry": { "type": "Point", "coordinates": [ 121.082333342849253, 14.674963352018729 ] } },
{ "type": "Feature", "properties": { "Amenity": null, "Building": null, "Landuse": null, "Name": null, "Shop": null }, "geometry": { "type": "Point", "coordinates": [ 121.074789878328531, 14.634644002465535 ] } },
{ "type": "Feature", "properties": { "Amenity": null, "Building": null, "Landuse": null, "Name": null, "Shop": null }, "geometry": { "type": "Point", "coordinates": [ 121.072892977863248, 14.638017926158824 ] } },
{ "type": "Feature", "properties": { "Amenity": null, "Building": null, "Landuse": null, "Name": null, "Shop": null }, "geometry": { "type": "Point", "coordinates": [ 121.072465553688872, 14.636871161676916 ] } },
{ "type": "Feature", "properties": { "Amenity": null, "Building": null, "Landuse": null, "Name": null, "Shop": null }, "geometry": { "type": "Point", "coordinates": [ 121.080626606675807, 14.609058024622538 ] } },
{ "type": "Feature", "properties": { "Amenity": null, "Building": null, "Landuse": null, "Name": null, "Shop": null }, "geometry": { "type": "Point", "coordinates": [ 121.029119250899441, 14.656196173082011 ] } },
{ "type": "Feature", "properties": { "Amenity": null, "Building": null, "Landuse": null, "Name": null, "Shop": null }, "geometry": { "type": "Point", "coordinates": [ 121.050709747074876, 14.649321167912182 ] } },
{ "type": "Feature", "properties": { "Amenity": null, "Building": null, "Landuse": null, "Name": null, "Shop": null }, "geometry": { "type": "Point", "coordinates": [ 121.050967165415742, 14.649687069851201 ] } },
{ "type": "Feature", "properties": { "Amenity": null, "Building": null, "Landuse": null, "Name": null, "Shop": null }, "geometry": { "type": "Point", "coordinates": [ 121.04545599998751, 14.653591449990326 ] } },
{ "type": "Feature", "properties": { "Amenity": null, "Building": null, "Landuse": null, "Name": null, "Shop": null }, "geometry": { "type": "Point", "coordinates": [ 121.021365636608081, 14.679907909681065 ] } },
{ "type": "Feature", "properties": { "Amenity": null, "Building": null, "Landuse": null, "Name": null, "Shop": null }, "geometry": { "type": "Point", "coordinates": [ 121.020659768808329, 14.679397793235752 ] } },
{ "type": "Feature", "properties": { "Amenity": null, "Building": null, "Landuse": null, "Name": null, "Shop": null }, "geometry": { "type": "Point", "coordinates": [ 121.049066428640103, 14.732437630990436 ] } },
{ "type": "Feature", "properties": { "Amenity": null, "Building": null, "Landuse": null, "Name": null, "Shop": null }, "geometry": { "type": "Point", "coordinates": [ 121.066437567118996, 14.718405116369809 ] } },
{ "type": "Feature", "properties": { "Amenity": null, "Building": null, "Landuse": null, "Name": null, "Shop": null }, "geometry": { "type": "Point", "coordinates": [ 121.011535823780932, 14.654947408474969 ] } },
{ "type": "Feature", "properties": { "Amenity": null, "Building": null, "Landuse": null, "Name": null, "Shop": null }, "geometry": { "type": "Point", "coordinates": [ 121.070566669532795, 14.734654321517747 ] } },
{ "type": "Feature", "properties": { "Amenity": null, "Building": null, "Landuse": null, "Name": null, "Shop": null }, "geometry": { "type": "Point", "coordinates": [ 121.067006549995625, 14.729698450002065 ] } },
{ "type": "Feature", "properties": { "Amenity": null, "Building": null, "Landuse": null, "Name": null, "Shop": null }, "geometry": { "type": "Point", "coordinates": [ 121.048443850019297, 14.637740050151177 ] } },
{ "type": "Feature", "properties": { "Amenity": null, "Building": null, "Landuse": null, "Name": null, "Shop": null }, "geometry": { "type": "Point", "coordinates": [ 121.030151567872892, 14.697243507769004 ] } },
{ "type": "Feature", "properties": { "Amenity": null, "Building": null, "Landuse": null, "Name": null, "Shop": null }, "geometry": { "type": "Point", "coordinates": [ 121.057357132813763, 14.666691639426443 ] } },
{ "type": "Feature", "properties": { "Amenity": null, "Building": null, "Landuse": null, "Name": null, "Shop": null }, "geometry": { "type": "Point", "coordinates": [ 121.045888052807484, 14.63502345675839 ] } },
{ "type": "Feature", "properties": { "Amenity": null, "Building": null, "Landuse": null, "Name": null, "Shop": null }, "geometry": { "type": "Point", "coordinates": [ 121.048594350838073, 14.655102834416311 ] } },
{ "type": "Feature", "properties": { "Amenity": null, "Building": null, "Landuse": null, "Name": null, "Shop": null }, "geometry": { "type": "Point", "coordinates": [ 121.061567277593355, 14.591036868530201 ] } },
{ "type": "Feature", "properties": { "Amenity": null, "Building": null, "Landuse": null, "Name": null, "Shop": null }, "geometry": { "type": "Point", "coordinates": [ 121.037514997839054, 14.664543611151638 ] } },
{ "type": "Feature", "properties": { "Amenity": null, "Building": null, "Landuse": null, "Name": null, "Shop": null }, "geometry": { "type": "Point", "coordinates": [ 121.039850391965885, 14.662528923478046 ] } },
{ "type": "Feature", "properties": { "Amenity": null, "Building": null, "Landuse": null, "Name": null, "Shop": null }, "geometry": { "type": "Point", "coordinates": [ 121.082756893450494, 14.607895712734157 ] } },
{ "type": "Feature", "properties": { "Amenity": null, "Building": null, "Landuse": null, "Name": null, "Shop": null }, "geometry": { "type": "Point", "coordinates": [ 121.038234299148684, 14.611912049216123 ] } },
{ "type": "Feature", "properties": { "Amenity": null, "Building": null, "Landuse": null, "Name": null, "Shop": null }, "geometry": { "type": "Point", "coordinates": [ 121.072899225388923, 14.631040318805661 ] } },
{ "type": "Feature", "properties": { "Amenity": null, "Building": null, "Landuse": null, "Name": null, "Shop": null }, "geometry": { "type": "Point", "coordinates": [ 121.064486900006116, 14.629037899995835 ] } },
{ "type": "Feature", "properties": { "Amenity": null, "Building": null, "Landuse": null, "Name": null, "Shop": null }, "geometry": { "type": "Point", "coordinates": [ 121.012338987754958, 14.658800664375114 ] } },
{ "type": "Feature", "properties": { "Amenity": null, "Building": null, "Landuse": null, "Name": null, "Shop": null }, "geometry": { "type": "Point", "coordinates": [ 121.0378217958542, 14.652038653661203 ] } },
{ "type": "Feature", "properties": { "Amenity": null, "Building": null, "Landuse": null, "Name": null, "Shop": null }, "geometry": { "type": "Point", "coordinates": [ 121.061955849428642, 14.611032613040663 ] } },
{ "type": "Feature", "properties": { "Amenity": null, "Building": null, "Landuse": null, "Name": null, "Shop": null }, "geometry": { "type": "Point", "coordinates": [ 121.01574093224508, 14.650083269079371 ] } },
{ "type": "Feature", "properties": { "Amenity": null, "Building": null, "Landuse": null, "Name": null, "Shop": null }, "geometry": { "type": "Point", "coordinates": [ 121.020402775402076, 14.663091159526449 ] } },
{ "type": "Feature", "properties": { "Amenity": null, "Building": null, "Landuse": null, "Name": null, "Shop": null }, "geometry": { "type": "Point", "coordinates": [ 121.041320027331153, 14.723419337648497 ] } },
{ "type": "Feature", "properties": { "Amenity": null, "Building": null, "Landuse": null, "Name": null, "Shop": null }, "geometry": { "type": "Point", "coordinates": [ 121.04132737236813, 14.723232466360793 ] } },
{ "type": "Feature", "properties": { "Amenity": null, "Building": null, "Landuse": null, "Name": null, "Shop": null }, "geometry": { "type": "Point", "coordinates": [ 121.040779896333035, 14.717313606768238 ] } },
{ "type": "Feature", "properties": { "Amenity": null, "Building": null, "Landuse": null, "Name": null, "Shop": null }, "geometry": { "type": "Point", "coordinates": [ 121.04693915674639, 14.722756685490124 ] } },
{ "type": "Feature", "properties": { "Amenity": null, "Building": null, "Landuse": null, "Name": null, "Shop": null }, "geometry": { "type": "Point", "coordinates": [ 121.022344950037066, 14.64297029999471 ] } },
{ "type": "Feature", "properties": { "Amenity": null, "Building": null, "Landuse": null, "Name": null, "Shop": null }, "geometry": { "type": "Point", "coordinates": [ 121.07131674246196, 14.668590202814695 ] } },
{ "type": "Feature", "properties": { "Amenity": null, "Building": null, "Landuse": null, "Name": null, "Shop": null }, "geometry": { "type": "Point", "coordinates": [ 121.064019427281835, 14.668502581477403 ] } },
{ "type": "Feature", "properties": { "Amenity": null, "Building": null, "Landuse": null, "Name": null, "Shop": null }, "geometry": { "type": "Point", "coordinates": [ 121.038391396393649, 14.614339315114309 ] } },
{ "type": "Feature", "properties": { "Amenity": null, "Building": null, "Landuse": null, "Name": null, "Shop": null }, "geometry": { "type": "Point", "coordinates": [ 121.070342620490123, 14.64892384064048 ] } },
{ "type": "Feature", "properties": { "Amenity": null, "Building": null, "Landuse": null, "Name": null, "Shop": null }, "geometry": { "type": "Point", "coordinates": [ 121.080113043682871, 14.701056553592061 ] } },
{ "type": "Feature", "properties": { "Amenity": null, "Building": null, "Landuse": null, "Name": null, "Shop": null }, "geometry": { "type": "Point", "coordinates": [ 121.080027749903167, 14.701281849971997 ] } },
{ "type": "Feature", "properties": { "Amenity": null, "Building": null, "Landuse": null, "Name": null, "Shop": null }, "geometry": { "type": "Point", "coordinates": [ 121.021180582414459, 14.627460947353756 ] } },
{ "type": "Feature", "properties": { "Amenity": null, "Building": null, "Landuse": null, "Name": null, "Shop": null }, "geometry": { "type": "Point", "coordinates": [ 121.022323193255232, 14.627787972440302 ] } },
{ "type": "Feature", "properties": { "Amenity": null, "Building": null, "Landuse": null, "Name": null, "Shop": null }, "geometry": { "type": "Point", "coordinates": [ 121.020638838515566, 14.628375736662747 ] } },
{ "type": "Feature", "properties": { "Amenity": null, "Building": null, "Landuse": null, "Name": null, "Shop": null }, "geometry": { "type": "Point", "coordinates": [ 121.019433547500455, 14.628973733500365 ] } },
{ "type": "Feature", "properties": { "Amenity": null, "Building": null, "Landuse": null, "Name": null, "Shop": null }, "geometry": { "type": "Point", "coordinates": [ 121.05206504063311, 14.609694661980361 ] } },
{ "type": "Feature", "properties": { "Amenity": null, "Building": null, "Landuse": null, "Name": null, "Shop": null }, "geometry": { "type": "Point", "coordinates": [ 121.044275230598259, 14.63505639552238 ] } },
{ "type": "Feature", "properties": { "Amenity": null, "Building": null, "Landuse": null, "Name": null, "Shop": null }, "geometry": { "type": "Point", "coordinates": [ 121.046633023486535, 14.740163111322698 ] } },
{ "type": "Feature", "properties": { "Amenity": null, "Building": null, "Landuse": null, "Name": null, "Shop": null }, "geometry": { "type": "Point", "coordinates": [ 121.054786487598292, 14.609940680705098 ] } },
{ "type": "Feature", "properties": { "Amenity": null, "Building": null, "Landuse": null, "Name": null, "Shop": null }, "geometry": { "type": "Point", "coordinates": [ 121.066887216427062, 14.648626652107582 ] } },
{ "type": "Feature", "properties": { "Amenity": null, "Building": null, "Landuse": null, "Name": null, "Shop": null }, "geometry": { "type": "Point", "coordinates": [ 121.067762095550634, 14.649022106386766 ] } },
{ "type": "Feature", "properties": { "Amenity": null, "Building": null, "Landuse": null, "Name": null, "Shop": null }, "geometry": { "type": "Point", "coordinates": [ 121.047175049943846, 14.655924800038099 ] } },
{ "type": "Feature", "properties": { "Amenity": null, "Building": null, "Landuse": null, "Name": null, "Shop": null }, "geometry": { "type": "Point", "coordinates": [ 121.087203841247202, 14.701610668898164 ] } },
{ "type": "Feature", "properties": { "Amenity": null, "Building": null, "Landuse": null, "Name": null, "Shop": null }, "geometry": { "type": "Point", "coordinates": [ 121.046579673499181, 14.65442915625357 ] } },
{ "type": "Feature", "properties": { "Amenity": null, "Building": null, "Landuse": null, "Name": null, "Shop": null }, "geometry": { "type": "Point", "coordinates": [ 121.06111301078613, 14.632184837916361 ] } },
{ "type": "Feature", "properties": { "Amenity": null, "Building": null, "Landuse": null, "Name": null, "Shop": null }, "geometry": { "type": "Point", "coordinates": [ 121.02744103236742, 14.622523235024374 ] } },
{ "type": "Feature", "properties": { "Amenity": null, "Building": null, "Landuse": null, "Name": null, "Shop": null }, "geometry": { "type": "Point", "coordinates": [ 121.017095852939292, 14.624801065129542 ] } },
{ "type": "Feature", "properties": { "Amenity": null, "Building": null, "Landuse": null, "Name": null, "Shop": null }, "geometry": { "type": "Point", "coordinates": [ 121.015116599958006, 14.63894414998839 ] } },
{ "type": "Feature", "properties": { "Amenity": null, "Building": null, "Landuse": null, "Name": null, "Shop": null }, "geometry": { "type": "Point", "coordinates": [ 121.031674042343411, 14.63810665202441 ] } },
{ "type": "Feature", "properties": { "Amenity": null, "Building": null, "Landuse": null, "Name": null, "Shop": null }, "geometry": { "type": "Point", "coordinates": [ 121.003176349292303, 14.641499489785382 ] } },
{ "type": "Feature", "properties": { "Amenity": null, "Building": null, "Landuse": null, "Name": null, "Shop": null }, "geometry": { "type": "Point", "coordinates": [ 121.023597174794389, 14.659386006181904 ] } },
{ "type": "Feature", "properties": { "Amenity": null, "Building": null, "Landuse": null, "Name": null, "Shop": null }, "geometry": { "type": "Point", "coordinates": [ 121.011284313762374, 14.640929341105092 ] } },
{ "type": "Feature", "properties": { "Amenity": null, "Building": null, "Landuse": null, "Name": null, "Shop": null }, "geometry": { "type": "Point", "coordinates": [ 121.074609778389473, 14.658227662656698 ] } },
{ "type": "Feature", "properties": { "Amenity": null, "Building": null, "Landuse": null, "Name": null, "Shop": null }, "geometry": { "type": "Point", "coordinates": [ 121.000692710374111, 14.655169340887291 ] } },
{ "type": "Feature", "properties": { "Amenity": null, "Building": null, "Landuse": null, "Name": null, "Shop": null }, "geometry": { "type": "Point", "coordinates": [ 121.055339000035559, 14.628724199999342 ] } },
{ "type": "Feature", "properties": { "Amenity": null, "Building": null, "Landuse": null, "Name": null, "Shop": null }, "geometry": { "type": "Point", "coordinates": [ 121.047445760294167, 14.628738475157574 ] } },
{ "type": "Feature", "properties": { "Amenity": null, "Building": null, "Landuse": null, "Name": null, "Shop": null }, "geometry": { "type": "Point", "coordinates": [ 121.046896744772894, 14.656285667387547 ] } },
{ "type": "Feature", "properties": { "Amenity": null, "Building": null, "Landuse": null, "Name": null, "Shop": null }, "geometry": { "type": "Point", "coordinates": [ 121.047375283374322, 14.655407190303039 ] } },
{ "type": "Feature", "properties": { "Amenity": null, "Building": null, "Landuse": null, "Name": null, "Shop": null }, "geometry": { "type": "Point", "coordinates": [ 121.052235971297776, 14.654245302742808 ] } },
{ "type": "Feature", "properties": { "Amenity": null, "Building": null, "Landuse": null, "Name": null, "Shop": null }, "geometry": { "type": "Point", "coordinates": [ 121.014713049990036, 14.636803999999129 ] } },
{ "type": "Feature", "properties": { "Amenity": null, "Building": null, "Landuse": null, "Name": null, "Shop": null }, "geometry": { "type": "Point", "coordinates": [ 121.022441950007988, 14.625679050001787 ] } },
{ "type": "Feature", "properties": { "Amenity": null, "Building": null, "Landuse": null, "Name": null, "Shop": null }, "geometry": { "type": "Point", "coordinates": [ 121.039033444065879, 14.719300220462181 ] } },
{ "type": "Feature", "properties": { "Amenity": null, "Building": null, "Landuse": null, "Name": null, "Shop": null }, "geometry": { "type": "Point", "coordinates": [ 121.020582052448503, 14.679374849622917 ] } },
{ "type": "Feature", "properties": { "Amenity": null, "Building": null, "Landuse": null, "Name": null, "Shop": null }, "geometry": { "type": "Point", "coordinates": [ 121.06230869143775, 14.644610804174405 ] } },
{ "type": "Feature", "properties": { "Amenity": null, "Building": null, "Landuse": null, "Name": null, "Shop": null }, "geometry": { "type": "Point", "coordinates": [ 121.029508449997948, 14.659175800021673 ] } },
{ "type": "Feature", "properties": { "Amenity": null, "Building": null, "Landuse": null, "Name": null, "Shop": null }, "geometry": { "type": "Point", "coordinates": [ 121.065784356543716, 14.602020509805426 ] } },
{ "type": "Feature", "properties": { "Amenity": null, "Building": null, "Landuse": null, "Name": null, "Shop": null }, "geometry": { "type": "Point", "coordinates": [ 121.048565095383211, 14.656531846786367 ] } },
{ "type": "Feature", "properties": { "Amenity": null, "Building": null, "Landuse": null, "Name": null, "Shop": null }, "geometry": { "type": "Point", "coordinates": [ 121.048854580578421, 14.656233958783853 ] } },
{ "type": "Feature", "properties": { "Amenity": null, "Building": null, "Landuse": null, "Name": null, "Shop": null }, "geometry": { "type": "Point", "coordinates": [ 121.082551169277508, 14.705374769829927 ] } },
{ "type": "Feature", "properties": { "Amenity": null, "Building": null, "Landuse": null, "Name": null, "Shop": null }, "geometry": { "type": "Point", "coordinates": [ 121.0695492715206, 14.650453807651433 ] } },
{ "type": "Feature", "properties": { "Amenity": null, "Building": null, "Landuse": null, "Name": null, "Shop": null }, "geometry": { "type": "Point", "coordinates": [ 121.088313468221102, 14.687046297663766 ] } },
{ "type": "Feature", "properties": { "Amenity": null, "Building": null, "Landuse": null, "Name": null, "Shop": null }, "geometry": { "type": "Point", "coordinates": [ 121.035825625136653, 14.651949249368032 ] } },
{ "type": "Feature", "properties": { "Amenity": null, "Building": null, "Landuse": null, "Name": null, "Shop": null }, "geometry": { "type": "Point", "coordinates": [ 121.066015505658854, 14.656213476776912 ] } },
{ "type": "Feature", "properties": { "Amenity": null, "Building": null, "Landuse": null, "Name": null, "Shop": null }, "geometry": { "type": "Point", "coordinates": [ 121.063366042633405, 14.612217071359504 ] } },
{ "type": "Feature", "properties": { "Amenity": null, "Building": null, "Landuse": null, "Name": null, "Shop": null }, "geometry": { "type": "Point", "coordinates": [ 121.052795964235415, 14.730270565159397 ] } },
{ "type": "Feature", "properties": { "Amenity": null, "Building": null, "Landuse": null, "Name": null, "Shop": null }, "geometry": { "type": "Point", "coordinates": [ 121.060868373151067, 14.623199736206088 ] } },
{ "type": "Feature", "properties": { "Amenity": null, "Building": null, "Landuse": null, "Name": null, "Shop": null }, "geometry": { "type": "Point", "coordinates": [ 121.066819570698186, 14.695702996125357 ] } },
{ "type": "Feature", "properties": { "Amenity": null, "Building": null, "Landuse": null, "Name": null, "Shop": null }, "geometry": { "type": "Point", "coordinates": [ 121.041182825756565, 14.64851940394653 ] } },
{ "type": "Feature", "properties": { "Amenity": null, "Building": null, "Landuse": null, "Name": null, "Shop": null }, "geometry": { "type": "Point", "coordinates": [ 121.012169964318815, 14.616554724097044 ] } },
{ "type": "Feature", "properties": { "Amenity": null, "Building": null, "Landuse": null, "Name": null, "Shop": null }, "geometry": { "type": "Point", "coordinates": [ 121.003817797159627, 14.662874813904315 ] } },
{ "type": "Feature", "properties": { "Amenity": null, "Building": null, "Landuse": null, "Name": null, "Shop": null }, "geometry": { "type": "Point", "coordinates": [ 121.045316618719255, 14.63852334692243 ] } },
{ "type": "Feature", "properties": { "Amenity": null, "Building": null, "Landuse": null, "Name": null, "Shop": null }, "geometry": { "type": "Point", "coordinates": [ 121.049151968967763, 14.647822742780338 ] } },
{ "type": "Feature", "properties": { "Amenity": null, "Building": null, "Landuse": null, "Name": null, "Shop": null }, "geometry": { "type": "Point", "coordinates": [ 121.050752019711823, 14.647927224591374 ] } },
{ "type": "Feature", "properties": { "Amenity": null, "Building": null, "Landuse": null, "Name": null, "Shop": null }, "geometry": { "type": "Point", "coordinates": [ 121.050638109043078, 14.647225472517782 ] } },
{ "type": "Feature", "properties": { "Amenity": null, "Building": null, "Landuse": null, "Name": null, "Shop": null }, "geometry": { "type": "Point", "coordinates": [ 121.050845222062748, 14.646942986357121 ] } },
{ "type": "Feature", "properties": { "Amenity": null, "Building": null, "Landuse": null, "Name": null, "Shop": null }, "geometry": { "type": "Point", "coordinates": [ 121.031341390230637, 14.649019329188834 ] } },
{ "type": "Feature", "properties": { "Amenity": null, "Building": null, "Landuse": null, "Name": null, "Shop": null }, "geometry": { "type": "Point", "coordinates": [ 121.02159206695687, 14.674576493206834 ] } },
{ "type": "Feature", "properties": { "Amenity": null, "Building": null, "Landuse": null, "Name": null, "Shop": null }, "geometry": { "type": "Point", "coordinates": [ 121.022096456535564, 14.675634336113548 ] } },
{ "type": "Feature", "properties": { "Amenity": null, "Building": null, "Landuse": null, "Name": null, "Shop": null }, "geometry": { "type": "Point", "coordinates": [ 121.041833733332837, 14.660040866756846 ] } },
{ "type": "Feature", "properties": { "Amenity": null, "Building": null, "Landuse": null, "Name": null, "Shop": null }, "geometry": { "type": "Point", "coordinates": [ 121.051284837868451, 14.651165182651129 ] } },
{ "type": "Feature", "properties": { "Amenity": null, "Building": null, "Landuse": null, "Name": null, "Shop": null }, "geometry": { "type": "Point", "coordinates": [ 121.051420255168154, 14.651576106974005 ] } },
{ "type": "Feature", "properties": { "Amenity": null, "Building": null, "Landuse": null, "Name": null, "Shop": null }, "geometry": { "type": "Point", "coordinates": [ 121.104282023807045, 14.692629681665462 ] } },
{ "type": "Feature", "properties": { "Amenity": null, "Building": null, "Landuse": null, "Name": null, "Shop": null }, "geometry": { "type": "Point", "coordinates": [ 121.019924230431499, 14.60773267970769 ] } },
{ "type": "Feature", "properties": { "Amenity": null, "Building": null, "Landuse": null, "Name": null, "Shop": null }, "geometry": { "type": "Point", "coordinates": [ 121.076635162659414, 14.640577152603541 ] } },
{ "type": "Feature", "properties": { "Amenity": null, "Building": null, "Landuse": null, "Name": null, "Shop": null }, "geometry": { "type": "Point", "coordinates": [ 121.049514798567444, 14.70462937943562 ] } },
{ "type": "Feature", "properties": { "Amenity": null, "Building": null, "Landuse": null, "Name": null, "Shop": null }, "geometry": { "type": "Point", "coordinates": [ 121.07498544664233, 14.667367117342176 ] } },
{ "type": "Feature", "properties": { "Amenity": null, "Building": null, "Landuse": null, "Name": null, "Shop": null }, "geometry": { "type": "Point", "coordinates": [ 121.063400636202857, 14.662563171268502 ] } },
{ "type": "Feature", "properties": { "Amenity": null, "Building": null, "Landuse": null, "Name": null, "Shop": null }, "geometry": { "type": "Point", "coordinates": [ 121.079601389409248, 14.69669615839787 ] } },
{ "type": "Feature", "properties": { "Amenity": null, "Building": null, "Landuse": null, "Name": null, "Shop": null }, "geometry": { "type": "Point", "coordinates": [ 121.007051468964875, 14.639564825153453 ] } },
{ "type": "Feature", "properties": { "Amenity": null, "Building": null, "Landuse": null, "Name": null, "Shop": null }, "geometry": { "type": "Point", "coordinates": [ 120.993444184616422, 14.639827544301705 ] } },
{ "type": "Feature", "properties": { "Amenity": null, "Building": null, "Landuse": null, "Name": null, "Shop": null }, "geometry": { "type": "Point", "coordinates": [ 121.055884781730754, 14.729292183737336 ] } },
{ "type": "Feature", "properties": { "Amenity": null, "Building": null, "Landuse": null, "Name": null, "Shop": null }, "geometry": { "type": "Point", "coordinates": [ 121.055740987708916, 14.732582393692187 ] } },
{ "type": "Feature", "properties": { "Amenity": null, "Building": null, "Landuse": null, "Name": null, "Shop": null }, "geometry": { "type": "Point", "coordinates": [ 121.05505485427885, 14.728769364017557 ] } },
{ "type": "Feature", "properties": { "Amenity": null, "Building": null, "Landuse": null, "Name": null, "Shop": null }, "geometry": { "type": "Point", "coordinates": [ 121.066479276256558, 14.733153293910583 ] } },
{ "type": "Feature", "properties": { "Amenity": null, "Building": null, "Landuse": null, "Name": null, "Shop": null }, "geometry": { "type": "Point", "coordinates": [ 121.032624592368592, 14.726886473297114 ] } },
{ "type": "Feature", "properties": { "Amenity": null, "Building": null, "Landuse": null, "Name": null, "Shop": null }, "geometry": { "type": "Point", "coordinates": [ 121.036664079731182, 14.726584800046261 ] } },
{ "type": "Feature", "properties": { "Amenity": null, "Building": null, "Landuse": null, "Name": null, "Shop": null }, "geometry": { "type": "Point", "coordinates": [ 121.03521060164428, 14.678484077229712 ] } },
{ "type": "Feature", "properties": { "Amenity": null, "Building": null, "Landuse": null, "Name": null, "Shop": null }, "geometry": { "type": "Point", "coordinates": [ 121.036882337786551, 14.701535291488524 ] } },
{ "type": "Feature", "properties": { "Amenity": null, "Building": null, "Landuse": null, "Name": null, "Shop": null }, "geometry": { "type": "Point", "coordinates": [ 121.037961926796285, 14.698511308330721 ] } },
{ "type": "Feature", "properties": { "Amenity": null, "Building": null, "Landuse": null, "Name": null, "Shop": null }, "geometry": { "type": "Point", "coordinates": [ 121.03202956611193, 14.710292372980316 ] } },
{ "type": "Feature", "properties": { "Amenity": null, "Building": null, "Landuse": null, "Name": null, "Shop": null }, "geometry": { "type": "Point", "coordinates": [ 121.038864816233499, 14.709925008862008 ] } },
{ "type": "Feature", "properties": { "Amenity": null, "Building": null, "Landuse": null, "Name": null, "Shop": null }, "geometry": { "type": "Point", "coordinates": [ 121.038345015451313, 14.712205140207564 ] } },
{ "type": "Feature", "properties": { "Amenity": null, "Building": null, "Landuse": null, "Name": null, "Shop": null }, "geometry": { "type": "Point", "coordinates": [ 121.039507906335587, 14.717161788674574 ] } },
{ "type": "Feature", "properties": { "Amenity": null, "Building": null, "Landuse": null, "Name": null, "Shop": null }, "geometry": { "type": "Point", "coordinates": [ 121.069143820139885, 14.735719843498412 ] } },
{ "type": "Feature", "properties": { "Amenity": null, "Building": null, "Landuse": null, "Name": null, "Shop": null }, "geometry": { "type": "Point", "coordinates": [ 121.057394867264108, 14.721030880053162 ] } },
{ "type": "Feature", "properties": { "Amenity": null, "Building": null, "Landuse": null, "Name": null, "Shop": null }, "geometry": { "type": "Point", "coordinates": [ 121.071573723604445, 14.692760491835539 ] } },
{ "type": "Feature", "properties": { "Amenity": null, "Building": null, "Landuse": null, "Name": null, "Shop": null }, "geometry": { "type": "Point", "coordinates": [ 121.106137884463109, 14.70167720321748 ] } },
{ "type": "Feature", "properties": { "Amenity": null, "Building": null, "Landuse": null, "Name": null, "Shop": null }, "geometry": { "type": "Point", "coordinates": [ 121.087856286580433, 14.699314179599401 ] } },
{ "type": "Feature", "properties": { "Amenity": null, "Building": null, "Landuse": null, "Name": null, "Shop": null }, "geometry": { "type": "Point", "coordinates": [ 121.077017761323489, 14.637843845093407 ] } },
{ "type": "Feature", "properties": { "Amenity": null, "Building": null, "Landuse": null, "Name": null, "Shop": null }, "geometry": { "type": "Point", "coordinates": [ 121.038642492078452, 14.630640517392274 ] } },
{ "type": "Feature", "properties": { "Amenity": null, "Building": null, "Landuse": null, "Name": null, "Shop": null }, "geometry": { "type": "Point", "coordinates": [ 121.08191365662239, 14.697825220392208 ] } },
{ "type": "Feature", "properties": { "Amenity": null, "Building": null, "Landuse": null, "Name": null, "Shop": null }, "geometry": { "type": "Point", "coordinates": [ 121.043697818160808, 14.627127274051777 ] } },
{ "type": "Feature", "properties": { "Amenity": null, "Building": null, "Landuse": null, "Name": null, "Shop": null }, "geometry": { "type": "Point", "coordinates": [ 121.011115770511523, 14.637699217200748 ] } },
{ "type": "Feature", "properties": { "Amenity": null, "Building": null, "Landuse": null, "Name": null, "Shop": null }, "geometry": { "type": "Point", "coordinates": [ 121.010929329961314, 14.633033679932703 ] } },
{ "type": "Feature", "properties": { "Amenity": null, "Building": null, "Landuse": null, "Name": null, "Shop": null }, "geometry": { "type": "Point", "coordinates": [ 121.049177871565419, 14.703565203943548 ] } },
{ "type": "Feature", "properties": { "Amenity": null, "Building": null, "Landuse": null, "Name": null, "Shop": null }, "geometry": { "type": "Point", "coordinates": [ 121.060884204504688, 14.652386916288059 ] } },
{ "type": "Feature", "properties": { "Amenity": null, "Building": null, "Landuse": null, "Name": null, "Shop": null }, "geometry": { "type": "Point", "coordinates": [ 121.051173610222506, 14.651537289546745 ] } },
{ "type": "Feature", "properties": { "Amenity": null, "Building": null, "Landuse": null, "Name": null, "Shop": null }, "geometry": { "type": "Point", "coordinates": [ 121.04612615001588, 14.657234550041192 ] } },
{ "type": "Feature", "properties": { "Amenity": null, "Building": null, "Landuse": null, "Name": null, "Shop": null }, "geometry": { "type": "Point", "coordinates": [ 121.062054375704733, 14.601455822096998 ] } },
{ "type": "Feature", "properties": { "Amenity": null, "Building": null, "Landuse": null, "Name": null, "Shop": null }, "geometry": { "type": "Point", "coordinates": [ 121.076156611071994, 14.668330387287584 ] } },
{ "type": "Feature", "properties": { "Amenity": null, "Building": null, "Landuse": null, "Name": null, "Shop": null }, "geometry": { "type": "Point", "coordinates": [ 121.052056794118926, 14.646602296113642 ] } },
{ "type": "Feature", "properties": { "Amenity": null, "Building": null, "Landuse": null, "Name": null, "Shop": null }, "geometry": { "type": "Point", "coordinates": [ 121.000991004384815, 14.645376002973052 ] } },
{ "type": "Feature", "properties": { "Amenity": null, "Building": null, "Landuse": null, "Name": null, "Shop": null }, "geometry": { "type": "Point", "coordinates": [ 121.014040213130144, 14.617609157577059 ] } },
{ "type": "Feature", "properties": { "Amenity": null, "Building": null, "Landuse": null, "Name": null, "Shop": null }, "geometry": { "type": "Point", "coordinates": [ 121.064925449993666, 14.608354250011223 ] } },
{ "type": "Feature", "properties": { "Amenity": null, "Building": null, "Landuse": null, "Name": null, "Shop": null }, "geometry": { "type": "Point", "coordinates": [ 121.036818914286769, 14.625377098232642 ] } },
{ "type": "Feature", "properties": { "Amenity": null, "Building": null, "Landuse": null, "Name": null, "Shop": null }, "geometry": { "type": "Point", "coordinates": [ 121.04332473185282, 14.689620093791934 ] } },
{ "type": "Feature", "properties": { "Amenity": null, "Building": null, "Landuse": null, "Name": null, "Shop": null }, "geometry": { "type": "Point", "coordinates": [ 121.038980613393093, 14.64404214141592 ] } },
{ "type": "Feature", "properties": { "Amenity": null, "Building": null, "Landuse": null, "Name": null, "Shop": null }, "geometry": { "type": "Point", "coordinates": [ 121.034844135453255, 14.700198285281308 ] } },
{ "type": "Feature", "properties": { "Amenity": null, "Building": null, "Landuse": null, "Name": null, "Shop": null }, "geometry": { "type": "Point", "coordinates": [ 121.076625149994257, 14.684257150025314 ] } },
{ "type": "Feature", "properties": { "Amenity": null, "Building": null, "Landuse": null, "Name": null, "Shop": null }, "geometry": { "type": "Point", "coordinates": [ 121.08910380014035, 14.686097000540887 ] } },
{ "type": "Feature", "properties": { "Amenity": null, "Building": null, "Landuse": null, "Name": null, "Shop": null }, "geometry": { "type": "Point", "coordinates": [ 121.064011176765973, 14.701680182109275 ] } },
{ "type": "Feature", "properties": { "Amenity": null, "Building": null, "Landuse": null, "Name": null, "Shop": null }, "geometry": { "type": "Point", "coordinates": [ 121.021553285788045, 14.645122878572717 ] } },
{ "type": "Feature", "properties": { "Amenity": null, "Building": null, "Landuse": null, "Name": null, "Shop": null }, "geometry": { "type": "Point", "coordinates": [ 121.024899993335254, 14.651044036903571 ] } },
{ "type": "Feature", "properties": { "Amenity": null, "Building": null, "Landuse": null, "Name": null, "Shop": null }, "geometry": { "type": "Point", "coordinates": [ 121.014232585854501, 14.640842399552644 ] } },
{ "type": "Feature", "properties": { "Amenity": null, "Building": null, "Landuse": null, "Name": null, "Shop": null }, "geometry": { "type": "Point", "coordinates": [ 121.014763498915713, 14.638584982431775 ] } },
{ "type": "Feature", "properties": { "Amenity": null, "Building": null, "Landuse": null, "Name": null, "Shop": null }, "geometry": { "type": "Point", "coordinates": [ 121.015366502460338, 14.61274151501302 ] } },
{ "type": "Feature", "properties": { "Amenity": null, "Building": null, "Landuse": null, "Name": null, "Shop": null }, "geometry": { "type": "Point", "coordinates": [ 121.063063690639225, 14.614854317287872 ] } },
{ "type": "Feature", "properties": { "Amenity": null, "Building": null, "Landuse": null, "Name": null, "Shop": null }, "geometry": { "type": "Point", "coordinates": [ 121.063247606776187, 14.617229214906219 ] } },
{ "type": "Feature", "properties": { "Amenity": null, "Building": null, "Landuse": null, "Name": null, "Shop": null }, "geometry": { "type": "Point", "coordinates": [ 121.010804391554601, 14.642531658502634 ] } },
{ "type": "Feature", "properties": { "Amenity": null, "Building": null, "Landuse": null, "Name": null, "Shop": null }, "geometry": { "type": "Point", "coordinates": [ 121.057944561300161, 14.667271052234687 ] } },
{ "type": "Feature", "properties": { "Amenity": null, "Building": null, "Landuse": null, "Name": null, "Shop": null }, "geometry": { "type": "Point", "coordinates": [ 121.0553601514154, 14.621463963460087 ] } },
{ "type": "Feature", "properties": { "Amenity": null, "Building": null, "Landuse": null, "Name": null, "Shop": null }, "geometry": { "type": "Point", "coordinates": [ 121.070185940647164, 14.655130421527209 ] } },
{ "type": "Feature", "properties": { "Amenity": null, "Building": null, "Landuse": null, "Name": null, "Shop": null }, "geometry": { "type": "Point", "coordinates": [ 121.041640300024795, 14.723889599967084 ] } },
{ "type": "Feature", "properties": { "Amenity": null, "Building": null, "Landuse": null, "Name": null, "Shop": null }, "geometry": { "type": "Point", "coordinates": [ 121.041272482858375, 14.723775130173721 ] } },
{ "type": "Feature", "properties": { "Amenity": null, "Building": null, "Landuse": null, "Name": null, "Shop": null }, "geometry": { "type": "Point", "coordinates": [ 121.060893395141321, 14.73479262763024 ] } },
{ "type": "Feature", "properties": { "Amenity": null, "Building": null, "Landuse": null, "Name": null, "Shop": null }, "geometry": { "type": "Point", "coordinates": [ 121.077044134719358, 14.684183708709913 ] } },
{ "type": "Feature", "properties": { "Amenity": null, "Building": null, "Landuse": null, "Name": null, "Shop": null }, "geometry": { "type": "Point", "coordinates": [ 121.056495350002038, 14.730620149983936 ] } },
{ "type": "Feature", "properties": { "Amenity": null, "Building": null, "Landuse": null, "Name": null, "Shop": null }, "geometry": { "type": "Point", "coordinates": [ 121.065119327009199, 14.609460734822346 ] } },
{ "type": "Feature", "properties": { "Amenity": null, "Building": null, "Landuse": null, "Name": null, "Shop": null }, "geometry": { "type": "Point", "coordinates": [ 121.081476333989087, 14.673948967815425 ] } },
{ "type": "Feature", "properties": { "Amenity": null, "Building": null, "Landuse": null, "Name": null, "Shop": null }, "geometry": { "type": "Point", "coordinates": [ 121.00566557167663, 14.629938188483136 ] } },
{ "type": "Feature", "properties": { "Amenity": null, "Building": null, "Landuse": null, "Name": null, "Shop": null }, "geometry": { "type": "Point", "coordinates": [ 121.060992094586553, 14.716232744006973 ] } },
{ "type": "Feature", "properties": { "Amenity": null, "Building": null, "Landuse": null, "Name": null, "Shop": null }, "geometry": { "type": "Point", "coordinates": [ 121.047968165150721, 14.621887823205656 ] } },
{ "type": "Feature", "properties": { "Amenity": null, "Building": null, "Landuse": null, "Name": null, "Shop": null }, "geometry": { "type": "Point", "coordinates": [ 121.061425533193088, 14.721721791294499 ] } },
{ "type": "Feature", "properties": { "Amenity": null, "Building": null, "Landuse": null, "Name": null, "Shop": null }, "geometry": { "type": "Point", "coordinates": [ 121.043162664438213, 14.636970396431066 ] } },
{ "type": "Feature", "properties": { "Amenity": null, "Building": null, "Landuse": null, "Name": null, "Shop": null }, "geometry": { "type": "Point", "coordinates": [ 121.082897260102413, 14.678344687681955 ] } },
{ "type": "Feature", "properties": { "Amenity": null, "Building": null, "Landuse": null, "Name": null, "Shop": null }, "geometry": { "type": "Point", "coordinates": [ 121.056000623649382, 14.667649160478826 ] } },
{ "type": "Feature", "properties": { "Amenity": null, "Building": null, "Landuse": null, "Name": null, "Shop": null }, "geometry": { "type": "Point", "coordinates": [ 121.033172003630597, 14.662637971390534 ] } },
{ "type": "Feature", "properties": { "Amenity": null, "Building": null, "Landuse": null, "Name": null, "Shop": null }, "geometry": { "type": "Point", "coordinates": [ 121.051271250016626, 14.733554700003927 ] } },
{ "type": "Feature", "properties": { "Amenity": null, "Building": null, "Landuse": null, "Name": null, "Shop": null }, "geometry": { "type": "Point", "coordinates": [ 121.079554954147753, 14.698794269647051 ] } },
{ "type": "Feature", "properties": { "Amenity": null, "Building": null, "Landuse": null, "Name": null, "Shop": null }, "geometry": { "type": "Point", "coordinates": [ 121.030517300059316, 14.63801005002329 ] } },
{ "type": "Feature", "properties": { "Amenity": null, "Building": null, "Landuse": null, "Name": null, "Shop": null }, "geometry": { "type": "Point", "coordinates": [ 121.048833869348869, 14.705250152774994 ] } },
{ "type": "Feature", "properties": { "Amenity": null, "Building": null, "Landuse": null, "Name": null, "Shop": null }, "geometry": { "type": "Point", "coordinates": [ 121.012586389537105, 14.623443812931486 ] } },
{ "type": "Feature", "properties": { "Amenity": null, "Building": null, "Landuse": null, "Name": null, "Shop": null }, "geometry": { "type": "Point", "coordinates": [ 121.043869529333946, 14.715064590826188 ] } },
{ "type": "Feature", "properties": { "Amenity": null, "Building": null, "Landuse": null, "Name": null, "Shop": null }, "geometry": { "type": "Point", "coordinates": [ 121.043823600000351, 14.715079349998966 ] } },
{ "type": "Feature", "properties": { "Amenity": null, "Building": null, "Landuse": null, "Name": null, "Shop": null }, "geometry": { "type": "Point", "coordinates": [ 121.044074549999692, 14.714978150001462 ] } },
{ "type": "Feature", "properties": { "Amenity": null, "Building": null, "Landuse": null, "Name": null, "Shop": null }, "geometry": { "type": "Point", "coordinates": [ 121.043827749999139, 14.714985300003828 ] } },
{ "type": "Feature", "properties": { "Amenity": null, "Building": null, "Landuse": null, "Name": null, "Shop": null }, "geometry": { "type": "Point", "coordinates": [ 121.043932050000052, 14.714934349999711 ] } },
{ "type": "Feature", "properties": { "Amenity": null, "Building": null, "Landuse": null, "Name": null, "Shop": null }, "geometry": { "type": "Point", "coordinates": [ 121.075584825562828, 14.682151893241089 ] } },
{ "type": "Feature", "properties": { "Amenity": null, "Building": null, "Landuse": null, "Name": null, "Shop": null }, "geometry": { "type": "Point", "coordinates": [ 121.013850565761459, 14.632577949078986 ] } },
{ "type": "Feature", "properties": { "Amenity": null, "Building": null, "Landuse": null, "Name": null, "Shop": null }, "geometry": { "type": "Point", "coordinates": [ 121.073817925141483, 14.685089694726207 ] } },
{ "type": "Feature", "properties": { "Amenity": null, "Building": null, "Landuse": null, "Name": null, "Shop": null }, "geometry": { "type": "Point", "coordinates": [ 121.09489499998584, 14.689474050031333 ] } },
{ "type": "Feature", "properties": { "Amenity": null, "Building": null, "Landuse": null, "Name": null, "Shop": null }, "geometry": { "type": "Point", "coordinates": [ 121.041140337478183, 14.6251506645193 ] } },
{ "type": "Feature", "properties": { "Amenity": null, "Building": null, "Landuse": null, "Name": null, "Shop": null }, "geometry": { "type": "Point", "coordinates": [ 121.062673499999462, 14.71129365000265 ] } },
{ "type": "Feature", "properties": { "Amenity": null, "Building": null, "Landuse": null, "Name": null, "Shop": null }, "geometry": { "type": "Point", "coordinates": [ 121.016435975070394, 14.657247761929847 ] } },
{ "type": "Feature", "properties": { "Amenity": null, "Building": null, "Landuse": null, "Name": null, "Shop": null }, "geometry": { "type": "Point", "coordinates": [ 120.999800362837789, 14.629112923739692 ] } },
{ "type": "Feature", "properties": { "Amenity": null, "Building": null, "Landuse": null, "Name": null, "Shop": null }, "geometry": { "type": "Point", "coordinates": [ 120.993953194623245, 14.640154207359462 ] } },
{ "type": "Feature", "properties": { "Amenity": null, "Building": null, "Landuse": null, "Name": null, "Shop": null }, "geometry": { "type": "Point", "coordinates": [ 121.021555094032308, 14.622244918074617 ] } },
{ "type": "Feature", "properties": { "Amenity": null, "Building": null, "Landuse": null, "Name": null, "Shop": null }, "geometry": { "type": "Point", "coordinates": [ 121.023331215264847, 14.622825623546492 ] } },
{ "type": "Feature", "properties": { "Amenity": null, "Building": null, "Landuse": null, "Name": null, "Shop": null }, "geometry": { "type": "Point", "coordinates": [ 121.045962698492701, 14.724120777294823 ] } },
{ "type": "Feature", "properties": { "Amenity": null, "Building": null, "Landuse": null, "Name": null, "Shop": null }, "geometry": { "type": "Point", "coordinates": [ 121.079540499599887, 14.670838773723471 ] } },
{ "type": "Feature", "properties": { "Amenity": null, "Building": null, "Landuse": null, "Name": null, "Shop": null }, "geometry": { "type": "Point", "coordinates": [ 121.042113641189175, 14.664579151408526 ] } },
{ "type": "Feature", "properties": { "Amenity": null, "Building": null, "Landuse": null, "Name": null, "Shop": null }, "geometry": { "type": "Point", "coordinates": [ 121.06575348552991, 14.665557649460229 ] } },
{ "type": "Feature", "properties": { "Amenity": null, "Building": null, "Landuse": null, "Name": null, "Shop": null }, "geometry": { "type": "Point", "coordinates": [ 121.093895113594101, 14.713717878156448 ] } },
{ "type": "Feature", "properties": { "Amenity": null, "Building": null, "Landuse": null, "Name": null, "Shop": null }, "geometry": { "type": "Point", "coordinates": [ 121.117724857581237, 14.72733880974528 ] } },
{ "type": "Feature", "properties": { "Amenity": null, "Building": null, "Landuse": null, "Name": null, "Shop": null }, "geometry": { "type": "Point", "coordinates": [ 121.004718663909017, 14.61691832137312 ] } },
{ "type": "Feature", "properties": { "Amenity": null, "Building": null, "Landuse": null, "Name": null, "Shop": null }, "geometry": { "type": "Point", "coordinates": [ 121.054457049883027, 14.617759900034798 ] } },
{ "type": "Feature", "properties": { "Amenity": null, "Building": null, "Landuse": null, "Name": null, "Shop": null }, "geometry": { "type": "Point", "coordinates": [ 121.063925002431375, 14.64392739631352 ] } },
{ "type": "Feature", "properties": { "Amenity": null, "Building": null, "Landuse": null, "Name": null, "Shop": null }, "geometry": { "type": "Point", "coordinates": [ 121.016868431193814, 14.664362173506207 ] } },
{ "type": "Feature", "properties": { "Amenity": null, "Building": null, "Landuse": null, "Name": null, "Shop": null }, "geometry": { "type": "Point", "coordinates": [ 121.017352488664841, 14.664452101556368 ] } },
{ "type": "Feature", "properties": { "Amenity": null, "Building": null, "Landuse": null, "Name": null, "Shop": null }, "geometry": { "type": "Point", "coordinates": [ 121.065791234186833, 14.706814906622377 ] } },
{ "type": "Feature", "properties": { "Amenity": null, "Building": null, "Landuse": null, "Name": null, "Shop": null }, "geometry": { "type": "Point", "coordinates": [ 121.029429518790508, 14.690081728630284 ] } },
{ "type": "Feature", "properties": { "Amenity": null, "Building": null, "Landuse": null, "Name": null, "Shop": null }, "geometry": { "type": "Point", "coordinates": [ 120.996870427016631, 14.649940470736004 ] } },
{ "type": "Feature", "properties": { "Amenity": null, "Building": null, "Landuse": null, "Name": null, "Shop": null }, "geometry": { "type": "Point", "coordinates": [ 120.996818718006139, 14.650255348608196 ] } },
{ "type": "Feature", "properties": { "Amenity": null, "Building": null, "Landuse": null, "Name": null, "Shop": null }, "geometry": { "type": "Point", "coordinates": [ 121.003353060120631, 14.658400914077012 ] } },
{ "type": "Feature", "properties": { "Amenity": null, "Building": null, "Landuse": null, "Name": null, "Shop": null }, "geometry": { "type": "Point", "coordinates": [ 121.072628150009294, 14.619287100047348 ] } },
{ "type": "Feature", "properties": { "Amenity": null, "Building": null, "Landuse": null, "Name": null, "Shop": null }, "geometry": { "type": "Point", "coordinates": [ 121.061212443836411, 14.624169280533444 ] } },
{ "type": "Feature", "properties": { "Amenity": null, "Building": null, "Landuse": null, "Name": null, "Shop": null }, "geometry": { "type": "Point", "coordinates": [ 121.057586010170624, 14.622678012726116 ] } },
{ "type": "Feature", "properties": { "Amenity": null, "Building": null, "Landuse": null, "Name": null, "Shop": null }, "geometry": { "type": "Point", "coordinates": [ 121.027457095563094, 14.717796176806354 ] } },
{ "type": "Feature", "properties": { "Amenity": null, "Building": null, "Landuse": null, "Name": null, "Shop": null }, "geometry": { "type": "Point", "coordinates": [ 121.025136734714735, 14.723650852404537 ] } },
{ "type": "Feature", "properties": { "Amenity": null, "Building": null, "Landuse": null, "Name": null, "Shop": null }, "geometry": { "type": "Point", "coordinates": [ 121.022563409365489, 14.634059416896923 ] } },
{ "type": "Feature", "properties": { "Amenity": null, "Building": null, "Landuse": null, "Name": null, "Shop": null }, "geometry": { "type": "Point", "coordinates": [ 120.994627788904864, 14.637068946804812 ] } },
{ "type": "Feature", "properties": { "Amenity": null, "Building": null, "Landuse": null, "Name": null, "Shop": null }, "geometry": { "type": "Point", "coordinates": [ 120.993511421551474, 14.636365047136517 ] } },
{ "type": "Feature", "properties": { "Amenity": null, "Building": null, "Landuse": null, "Name": null, "Shop": null }, "geometry": { "type": "Point", "coordinates": [ 121.036782534528314, 14.704448743876224 ] } },
{ "type": "Feature", "properties": { "Amenity": null, "Building": null, "Landuse": null, "Name": null, "Shop": null }, "geometry": { "type": "Point", "coordinates": [ 121.020884327894265, 14.621300011496338 ] } },
{ "type": "Feature", "properties": { "Amenity": null, "Building": null, "Landuse": null, "Name": null, "Shop": null }, "geometry": { "type": "Point", "coordinates": [ 121.018567774158541, 14.615476706961262 ] } },
{ "type": "Feature", "properties": { "Amenity": null, "Building": null, "Landuse": null, "Name": null, "Shop": null }, "geometry": { "type": "Point", "coordinates": [ 121.03167628556335, 14.624153929973687 ] } },
{ "type": "Feature", "properties": { "Amenity": null, "Building": null, "Landuse": null, "Name": null, "Shop": null }, "geometry": { "type": "Point", "coordinates": [ 121.013056876932311, 14.658488764922518 ] } },
{ "type": "Feature", "properties": { "Amenity": null, "Building": null, "Landuse": null, "Name": null, "Shop": null }, "geometry": { "type": "Point", "coordinates": [ 121.042378639253698, 14.617962482954034 ] } },
{ "type": "Feature", "properties": { "Amenity": null, "Building": null, "Landuse": null, "Name": null, "Shop": null }, "geometry": { "type": "Point", "coordinates": [ 121.059577459518451, 14.708528253235345 ] } },
{ "type": "Feature", "properties": { "Amenity": null, "Building": null, "Landuse": null, "Name": null, "Shop": null }, "geometry": { "type": "Point", "coordinates": [ 121.027756815985839, 14.720834983888604 ] } },
{ "type": "Feature", "properties": { "Amenity": null, "Building": null, "Landuse": null, "Name": null, "Shop": null }, "geometry": { "type": "Point", "coordinates": [ 121.041593930091096, 14.728575111327471 ] } },
{ "type": "Feature", "properties": { "Amenity": null, "Building": null, "Landuse": null, "Name": null, "Shop": null }, "geometry": { "type": "Point", "coordinates": [ 121.039838339555658, 14.622895083673418 ] } },
{ "type": "Feature", "properties": { "Amenity": null, "Building": null, "Landuse": null, "Name": null, "Shop": null }, "geometry": { "type": "Point", "coordinates": [ 121.02497776996681, 14.674599772770213 ] } },
{ "type": "Feature", "properties": { "Amenity": null, "Building": null, "Landuse": null, "Name": null, "Shop": null }, "geometry": { "type": "Point", "coordinates": [ 121.021418935556284, 14.671224736020967 ] } },
{ "type": "Feature", "properties": { "Amenity": null, "Building": null, "Landuse": null, "Name": null, "Shop": null }, "geometry": { "type": "Point", "coordinates": [ 121.009376100382553, 14.670690868032441 ] } },
{ "type": "Feature", "properties": { "Amenity": null, "Building": null, "Landuse": null, "Name": null, "Shop": null }, "geometry": { "type": "Point", "coordinates": [ 121.064098845741569, 14.701235360796282 ] } },
{ "type": "Feature", "properties": { "Amenity": null, "Building": null, "Landuse": null, "Name": null, "Shop": null }, "geometry": { "type": "Point", "coordinates": [ 121.084316486504093, 14.707946036953631 ] } },
{ "type": "Feature", "properties": { "Amenity": null, "Building": null, "Landuse": null, "Name": null, "Shop": null }, "geometry": { "type": "Point", "coordinates": [ 121.101388204657439, 14.719981495220575 ] } },
{ "type": "Feature", "properties": { "Amenity": null, "Building": null, "Landuse": null, "Name": null, "Shop": null }, "geometry": { "type": "Point", "coordinates": [ 121.082554045553891, 14.687727561987591 ] } },
{ "type": "Feature", "properties": { "Amenity": null, "Building": null, "Landuse": null, "Name": null, "Shop": null }, "geometry": { "type": "Point", "coordinates": [ 121.085248709376344, 14.687288447879697 ] } },
{ "type": "Feature", "properties": { "Amenity": null, "Building": null, "Landuse": null, "Name": null, "Shop": null }, "geometry": { "type": "Point", "coordinates": [ 121.013617899998408, 14.622287699974455 ] } },
{ "type": "Feature", "properties": { "Amenity": null, "Building": null, "Landuse": null, "Name": null, "Shop": null }, "geometry": { "type": "Point", "coordinates": [ 120.996526375989049, 14.646619427155482 ] } },
{ "type": "Feature", "properties": { "Amenity": null, "Building": null, "Landuse": null, "Name": null, "Shop": null }, "geometry": { "type": "Point", "coordinates": [ 121.004270935896528, 14.647760158120079 ] } },
{ "type": "Feature", "properties": { "Amenity": null, "Building": null, "Landuse": null, "Name": null, "Shop": null }, "geometry": { "type": "Point", "coordinates": [ 121.001327317134411, 14.652280745799798 ] } },
{ "type": "Feature", "properties": { "Amenity": null, "Building": null, "Landuse": null, "Name": null, "Shop": null }, "geometry": { "type": "Point", "coordinates": [ 121.00165175588036, 14.650695821348139 ] } },
{ "type": "Feature", "properties": { "Amenity": null, "Building": null, "Landuse": null, "Name": null, "Shop": null }, "geometry": { "type": "Point", "coordinates": [ 120.996663524578182, 14.652078464103305 ] } },
{ "type": "Feature", "properties": { "Amenity": null, "Building": null, "Landuse": null, "Name": null, "Shop": null }, "geometry": { "type": "Point", "coordinates": [ 121.086478229668984, 14.693734984664561 ] } },
{ "type": "Feature", "properties": { "Amenity": null, "Building": null, "Landuse": null, "Name": null, "Shop": null }, "geometry": { "type": "Point", "coordinates": [ 121.023186914937554, 14.686320408065566 ] } },
{ "type": "Feature", "properties": { "Amenity": null, "Building": null, "Landuse": null, "Name": null, "Shop": null }, "geometry": { "type": "Point", "coordinates": [ 121.023641941189254, 14.683976771321179 ] } },
{ "type": "Feature", "properties": { "Amenity": null, "Building": null, "Landuse": null, "Name": null, "Shop": null }, "geometry": { "type": "Point", "coordinates": [ 121.013242442269132, 14.627126036896062 ] } },
{ "type": "Feature", "properties": { "Amenity": null, "Building": null, "Landuse": null, "Name": null, "Shop": null }, "geometry": { "type": "Point", "coordinates": [ 121.027229854027595, 14.692462143936194 ] } },
{ "type": "Feature", "properties": { "Amenity": null, "Building": null, "Landuse": null, "Name": null, "Shop": null }, "geometry": { "type": "Point", "coordinates": [ 121.052150407427661, 14.647888044815151 ] } },
{ "type": "Feature", "properties": { "Amenity": null, "Building": null, "Landuse": null, "Name": null, "Shop": null }, "geometry": { "type": "Point", "coordinates": [ 121.071365049995137, 14.684161400021361 ] } },
{ "type": "Feature", "properties": { "Amenity": null, "Building": null, "Landuse": null, "Name": null, "Shop": null }, "geometry": { "type": "Point", "coordinates": [ 121.060004116791973, 14.657689254856868 ] } },
{ "type": "Feature", "properties": { "Amenity": null, "Building": null, "Landuse": null, "Name": null, "Shop": null }, "geometry": { "type": "Point", "coordinates": [ 121.039193069099781, 14.721092841019255 ] } },
{ "type": "Feature", "properties": { "Amenity": null, "Building": null, "Landuse": null, "Name": null, "Shop": null }, "geometry": { "type": "Point", "coordinates": [ 121.05676630004028, 14.729857200059431 ] } },
{ "type": "Feature", "properties": { "Amenity": null, "Building": null, "Landuse": null, "Name": null, "Shop": null }, "geometry": { "type": "Point", "coordinates": [ 121.096061999994149, 14.690568500016573 ] } },
{ "type": "Feature", "properties": { "Amenity": null, "Building": null, "Landuse": null, "Name": null, "Shop": null }, "geometry": { "type": "Point", "coordinates": [ 121.080827906379824, 14.592927229959212 ] } },
{ "type": "Feature", "properties": { "Amenity": null, "Building": null, "Landuse": null, "Name": null, "Shop": null }, "geometry": { "type": "Point", "coordinates": [ 121.062479834579662, 14.621623919592448 ] } },
{ "type": "Feature", "properties": { "Amenity": null, "Building": null, "Landuse": null, "Name": null, "Shop": null }, "geometry": { "type": "Point", "coordinates": [ 121.051598266118347, 14.647304231376454 ] } },
{ "type": "Feature", "properties": { "Amenity": null, "Building": null, "Landuse": null, "Name": null, "Shop": null }, "geometry": { "type": "Point", "coordinates": [ 121.051149873592792, 14.647819777696613 ] } },
{ "type": "Feature", "properties": { "Amenity": null, "Building": null, "Landuse": null, "Name": null, "Shop": null }, "geometry": { "type": "Point", "coordinates": [ 121.073793099990667, 14.652383950039473 ] } },
{ "type": "Feature", "properties": { "Amenity": null, "Building": null, "Landuse": null, "Name": null, "Shop": null }, "geometry": { "type": "Point", "coordinates": [ 121.04870320953674, 14.625617625155439 ] } },
{ "type": "Feature", "properties": { "Amenity": null, "Building": null, "Landuse": null, "Name": null, "Shop": null }, "geometry": { "type": "Point", "coordinates": [ 121.048603077506357, 14.6236705836877 ] } },
{ "type": "Feature", "properties": { "Amenity": null, "Building": null, "Landuse": null, "Name": null, "Shop": null }, "geometry": { "type": "Point", "coordinates": [ 121.080259880247596, 14.672084913124861 ] } },
{ "type": "Feature", "properties": { "Amenity": null, "Building": null, "Landuse": null, "Name": null, "Shop": null }, "geometry": { "type": "Point", "coordinates": [ 121.049397364902731, 14.652358505898505 ] } },
{ "type": "Feature", "properties": { "Amenity": null, "Building": null, "Landuse": null, "Name": null, "Shop": null }, "geometry": { "type": "Point", "coordinates": [ 121.044143839776552, 14.715098706775152 ] } },
{ "type": "Feature", "properties": { "Amenity": null, "Building": null, "Landuse": null, "Name": null, "Shop": null }, "geometry": { "type": "Point", "coordinates": [ 121.044128063015435, 14.714953090248986 ] } },
{ "type": "Feature", "properties": { "Amenity": null, "Building": null, "Landuse": null, "Name": null, "Shop": null }, "geometry": { "type": "Point", "coordinates": [ 121.044754663103049, 14.715102465504412 ] } },
{ "type": "Feature", "properties": { "Amenity": null, "Building": null, "Landuse": null, "Name": null, "Shop": null }, "geometry": { "type": "Point", "coordinates": [ 121.018997387663106, 14.680779753326878 ] } },
{ "type": "Feature", "properties": { "Amenity": null, "Building": null, "Landuse": null, "Name": null, "Shop": null }, "geometry": { "type": "Point", "coordinates": [ 121.058682073210193, 14.674358217311287 ] } },
{ "type": "Feature", "properties": { "Amenity": null, "Building": null, "Landuse": null, "Name": null, "Shop": null }, "geometry": { "type": "Point", "coordinates": [ 121.066345449999247, 14.732860400001686 ] } },
{ "type": "Feature", "properties": { "Amenity": null, "Building": null, "Landuse": null, "Name": null, "Shop": null }, "geometry": { "type": "Point", "coordinates": [ 121.060922000011715, 14.734232549942968 ] } },
{ "type": "Feature", "properties": { "Amenity": null, "Building": null, "Landuse": null, "Name": null, "Shop": null }, "geometry": { "type": "Point", "coordinates": [ 121.056523399784822, 14.649293348308948 ] } },
{ "type": "Feature", "properties": { "Amenity": null, "Building": null, "Landuse": null, "Name": null, "Shop": null }, "geometry": { "type": "Point", "coordinates": [ 121.06342323766674, 14.644353604344651 ] } },
{ "type": "Feature", "properties": { "Amenity": null, "Building": null, "Landuse": null, "Name": null, "Shop": null }, "geometry": { "type": "Point", "coordinates": [ 121.020405171801912, 14.649967015751841 ] } },
{ "type": "Feature", "properties": { "Amenity": null, "Building": null, "Landuse": null, "Name": null, "Shop": null }, "geometry": { "type": "Point", "coordinates": [ 121.066991275840252, 14.698850384631516 ] } },
{ "type": "Feature", "properties": { "Amenity": null, "Building": null, "Landuse": null, "Name": null, "Shop": null }, "geometry": { "type": "Point", "coordinates": [ 121.083380779095904, 14.677115725937625 ] } },
{ "type": "Feature", "properties": { "Amenity": null, "Building": null, "Landuse": null, "Name": null, "Shop": null }, "geometry": { "type": "Point", "coordinates": [ 121.029487296517061, 14.659183650794004 ] } },
{ "type": "Feature", "properties": { "Amenity": null, "Building": null, "Landuse": null, "Name": null, "Shop": null }, "geometry": { "type": "Point", "coordinates": [ 121.052012729222582, 14.654211083966931 ] } },
{ "type": "Feature", "properties": { "Amenity": null, "Building": null, "Landuse": null, "Name": null, "Shop": null }, "geometry": { "type": "Point", "coordinates": [ 121.075358158602569, 14.645107257531782 ] } },
{ "type": "Feature", "properties": { "Amenity": null, "Building": null, "Landuse": null, "Name": null, "Shop": null }, "geometry": { "type": "Point", "coordinates": [ 121.002647125539099, 14.645759984192994 ] } },
{ "type": "Feature", "properties": { "Amenity": null, "Building": null, "Landuse": null, "Name": null, "Shop": null }, "geometry": { "type": "Point", "coordinates": [ 121.001829787839483, 14.617100727891909 ] } },
{ "type": "Feature", "properties": { "Amenity": null, "Building": null, "Landuse": null, "Name": null, "Shop": null }, "geometry": { "type": "Point", "coordinates": [ 121.034986702717703, 14.643250339078675 ] } },
{ "type": "Feature", "properties": { "Amenity": null, "Building": null, "Landuse": null, "Name": null, "Shop": null }, "geometry": { "type": "Point", "coordinates": [ 121.035363348558377, 14.643493637542683 ] } },
{ "type": "Feature", "properties": { "Amenity": null, "Building": null, "Landuse": null, "Name": null, "Shop": null }, "geometry": { "type": "Point", "coordinates": [ 121.069504811886929, 14.659708702113662 ] } },
{ "type": "Feature", "properties": { "Amenity": null, "Building": null, "Landuse": null, "Name": null, "Shop": null }, "geometry": { "type": "Point", "coordinates": [ 121.048425300026054, 14.628065200000181 ] } },
{ "type": "Feature", "properties": { "Amenity": null, "Building": null, "Landuse": null, "Name": null, "Shop": null }, "geometry": { "type": "Point", "coordinates": [ 121.041383504414881, 14.717296336076066 ] } },
{ "type": "Feature", "properties": { "Amenity": null, "Building": null, "Landuse": null, "Name": null, "Shop": null }, "geometry": { "type": "Point", "coordinates": [ 121.041753518332769, 14.717181916188744 ] } },
{ "type": "Feature", "properties": { "Amenity": null, "Building": null, "Landuse": null, "Name": null, "Shop": null }, "geometry": { "type": "Point", "coordinates": [ 121.025544890669579, 14.699835770820249 ] } },
{ "type": "Feature", "properties": { "Amenity": null, "Building": null, "Landuse": null, "Name": null, "Shop": null }, "geometry": { "type": "Point", "coordinates": [ 121.00468390911459, 14.650969181342203 ] } },
{ "type": "Feature", "properties": { "Amenity": null, "Building": null, "Landuse": null, "Name": null, "Shop": null }, "geometry": { "type": "Point", "coordinates": [ 121.048778668159841, 14.666762111842029 ] } },
{ "type": "Feature", "properties": { "Amenity": null, "Building": null, "Landuse": null, "Name": null, "Shop": null }, "geometry": { "type": "Point", "coordinates": [ 121.05746039698117, 14.620075692606704 ] } },
{ "type": "Feature", "properties": { "Amenity": null, "Building": null, "Landuse": null, "Name": null, "Shop": null }, "geometry": { "type": "Point", "coordinates": [ 121.063436443273403, 14.626572428923705 ] } },
{ "type": "Feature", "properties": { "Amenity": null, "Building": null, "Landuse": null, "Name": null, "Shop": null }, "geometry": { "type": "Point", "coordinates": [ 121.069483290824209, 14.656496067803138 ] } },
{ "type": "Feature", "properties": { "Amenity": null, "Building": null, "Landuse": null, "Name": null, "Shop": null }, "geometry": { "type": "Point", "coordinates": [ 121.002293001665961, 14.65524551634733 ] } },
{ "type": "Feature", "properties": { "Amenity": null, "Building": null, "Landuse": null, "Name": null, "Shop": null }, "geometry": { "type": "Point", "coordinates": [ 121.080003780927044, 14.604700866365002 ] } },
{ "type": "Feature", "properties": { "Amenity": null, "Building": null, "Landuse": null, "Name": null, "Shop": null }, "geometry": { "type": "Point", "coordinates": [ 121.045608550007884, 14.683178650008273 ] } },
{ "type": "Feature", "properties": { "Amenity": null, "Building": null, "Landuse": null, "Name": null, "Shop": null }, "geometry": { "type": "Point", "coordinates": [ 121.066690367059593, 14.735464455872741 ] } },
{ "type": "Feature", "properties": { "Amenity": null, "Building": null, "Landuse": null, "Name": null, "Shop": null }, "geometry": { "type": "Point", "coordinates": [ 121.083870493127463, 14.750342018347064 ] } },
{ "type": "Feature", "properties": { "Amenity": null, "Building": null, "Landuse": null, "Name": null, "Shop": null }, "geometry": { "type": "Point", "coordinates": [ 121.051977433904867, 14.707697958946664 ] } },
{ "type": "Feature", "properties": { "Amenity": null, "Building": null, "Landuse": null, "Name": null, "Shop": null }, "geometry": { "type": "Point", "coordinates": [ 121.036367286589439, 14.63147632821358 ] } },
{ "type": "Feature", "properties": { "Amenity": null, "Building": null, "Landuse": null, "Name": null, "Shop": null }, "geometry": { "type": "Point", "coordinates": [ 121.065990439202025, 14.659596791852417 ] } },
{ "type": "Feature", "properties": { "Amenity": null, "Building": null, "Landuse": null, "Name": null, "Shop": null }, "geometry": { "type": "Point", "coordinates": [ 121.030926070278866, 14.666946202199888 ] } },
{ "type": "Feature", "properties": { "Amenity": null, "Building": null, "Landuse": null, "Name": null, "Shop": null }, "geometry": { "type": "Point", "coordinates": [ 121.062288809673106, 14.658763675397699 ] } },
{ "type": "Feature", "properties": { "Amenity": null, "Building": null, "Landuse": null, "Name": null, "Shop": null }, "geometry": { "type": "Point", "coordinates": [ 121.048355817486026, 14.691418459349467 ] } },
{ "type": "Feature", "properties": { "Amenity": null, "Building": null, "Landuse": null, "Name": null, "Shop": null }, "geometry": { "type": "Point", "coordinates": [ 121.065219519844163, 14.656276284699324 ] } },
{ "type": "Feature", "properties": { "Amenity": null, "Building": null, "Landuse": null, "Name": null, "Shop": null }, "geometry": { "type": "Point", "coordinates": [ 121.071135316199886, 14.657909156156123 ] } },
{ "type": "Feature", "properties": { "Amenity": null, "Building": null, "Landuse": null, "Name": null, "Shop": null }, "geometry": { "type": "Point", "coordinates": [ 121.071085551589064, 14.65804544493918 ] } },
{ "type": "Feature", "properties": { "Amenity": null, "Building": null, "Landuse": null, "Name": null, "Shop": null }, "geometry": { "type": "Point", "coordinates": [ 121.071088324769903, 14.658187292336102 ] } },
{ "type": "Feature", "properties": { "Amenity": null, "Building": null, "Landuse": null, "Name": null, "Shop": null }, "geometry": { "type": "Point", "coordinates": [ 121.071085100010976, 14.657893804110925 ] } },
{ "type": "Feature", "properties": { "Amenity": null, "Building": null, "Landuse": null, "Name": null, "Shop": null }, "geometry": { "type": "Point", "coordinates": [ 120.9971328, 14.6282515 ] } },
{ "type": "Feature", "properties": { "Amenity": null, "Building": null, "Landuse": null, "Name": null, "Shop": null }, "geometry": { "type": "Point", "coordinates": [ 121.099136300000012, 14.6898669 ] } },
{ "type": "Feature", "properties": { "Amenity": null, "Building": null, "Landuse": null, "Name": null, "Shop": null }, "geometry": { "type": "Point", "coordinates": [ 121.05362820000002, 14.6228453 ] } },
{ "type": "Feature", "properties": { "Amenity": null, "Building": null, "Landuse": null, "Name": null, "Shop": null }, "geometry": { "type": "Point", "coordinates": [ 121.0437178, 14.6543115 ] } },
{ "type": "Feature", "properties": { "Amenity": null, "Building": null, "Landuse": null, "Name": null, "Shop": null }, "geometry": { "type": "Point", "coordinates": [ 121.0167894, 14.6308268 ] } },
{ "type": "Feature", "properties": { "Amenity": null, "Building": null, "Landuse": null, "Name": null, "Shop": null }, "geometry": { "type": "Point", "coordinates": [ 121.0215018, 14.6420305 ] } },
{ "type": "Feature", "properties": { "Amenity": null, "Building": null, "Landuse": null, "Name": null, "Shop": null }, "geometry": { "type": "Point", "coordinates": [ 121.0636288, 14.614724 ] } },
{ "type": "Feature", "properties": { "Amenity": null, "Building": null, "Landuse": null, "Name": null, "Shop": null }, "geometry": { "type": "Point", "coordinates": [ 121.07154, 14.70377 ] } },
{ "type": "Feature", "properties": { "Amenity": null, "Building": null, "Landuse": null, "Name": null, "Shop": null }, "geometry": { "type": "Point", "coordinates": [ 121.012016, 14.61897 ] } },
{ "type": "Feature", "properties": { "Amenity": null, "Building": null, "Landuse": null, "Name": null, "Shop": null }, "geometry": { "type": "Point", "coordinates": [ 121.027351, 14.689661 ] } },
{ "type": "Feature", "properties": { "Amenity": null, "Building": null, "Landuse": null, "Name": null, "Shop": null }, "geometry": { "type": "Point", "coordinates": [ 121.0482252, 14.6209012 ] } },
{ "type": "Feature", "properties": { "Amenity": null, "Building": null, "Landuse": null, "Name": null, "Shop": null }, "geometry": { "type": "Point", "coordinates": [ 121.0484866, 14.6261952 ] } },
{ "type": "Feature", "properties": { "Amenity": null, "Building": null, "Landuse": null, "Name": null, "Shop": null }, "geometry": { "type": "Point", "coordinates": [ 121.0397952, 14.721521 ] } },
{ "type": "Feature", "properties": { "Amenity": null, "Building": null, "Landuse": null, "Name": null, "Shop": null }, "geometry": { "type": "Point", "coordinates": [ 121.053176, 14.618551 ] } },
{ "type": "Feature", "properties": { "Amenity": null, "Building": null, "Landuse": null, "Name": null, "Shop": null }, "geometry": { "type": "Point", "coordinates": [ 121.043441, 14.7303 ] } },
{ "type": "Feature", "properties": { "Amenity": null, "Building": null, "Landuse": null, "Name": null, "Shop": null }, "geometry": { "type": "Point", "coordinates": [ 121.009181400000017, 14.6294113 ] } },
{ "type": "Feature", "properties": { "Amenity": null, "Building": null, "Landuse": null, "Name": null, "Shop": null }, "geometry": { "type": "Point", "coordinates": [ 121.0596932, 14.6667541 ] } },
{ "type": "Feature", "properties": { "Amenity": null, "Building": null, "Landuse": null, "Name": null, "Shop": null }, "geometry": { "type": "Point", "coordinates": [ 121.070637, 14.7370013 ] } },
{ "type": "Feature", "properties": { "Amenity": null, "Building": null, "Landuse": null, "Name": null, "Shop": null }, "geometry": { "type": "Point", "coordinates": [ 121.018388200000018, 14.6341429 ] } },
{ "type": "Feature", "properties": { "Amenity": null, "Building": null, "Landuse": null, "Name": null, "Shop": null }, "geometry": { "type": "Point", "coordinates": [ 121.0250945, 14.6599034 ] } },
{ "type": "Feature", "properties": { "Amenity": null, "Building": null, "Landuse": null, "Name": null, "Shop": null }, "geometry": { "type": "Point", "coordinates": [ 121.0219208, 14.6453205 ] } },
{ "type": "Feature", "properties": { "Amenity": null, "Building": null, "Landuse": null, "Name": null, "Shop": null }, "geometry": { "type": "Point", "coordinates": [ 120.9949706, 14.6322216 ] } },
{ "type": "Feature", "properties": { "Amenity": null, "Building": null, "Landuse": null, "Name": null, "Shop": null }, "geometry": { "type": "Point", "coordinates": [ 121.043439100000015, 14.6360243 ] } },
{ "type": "Feature", "properties": { "Amenity": null, "Building": null, "Landuse": null, "Name": null, "Shop": null }, "geometry": { "type": "Point", "coordinates": [ 121.0570709, 14.6285374 ] } },
{ "type": "Feature", "properties": { "Amenity": null, "Building": null, "Landuse": null, "Name": null, "Shop": null }, "geometry": { "type": "Point", "coordinates": [ 121.0454383, 14.7278143 ] } },
{ "type": "Feature", "properties": { "Amenity": null, "Building": null, "Landuse": null, "Name": null, "Shop": null }, "geometry": { "type": "Point", "coordinates": [ 121.051164199999988, 14.6469669 ] } },
{ "type": "Feature", "properties": { "Amenity": null, "Building": null, "Landuse": null, "Name": null, "Shop": null }, "geometry": { "type": "Point", "coordinates": [ 121.045478, 14.644491 ] } },
{ "type": "Feature", "properties": { "Amenity": null, "Building": null, "Landuse": null, "Name": null, "Shop": null }, "geometry": { "type": "Point", "coordinates": [ 121.043862799999985, 14.6551515 ] } },
{ "type": "Feature", "properties": { "Amenity": null, "Building": null, "Landuse": null, "Name": null, "Shop": null }, "geometry": { "type": "Point", "coordinates": [ 121.02626, 14.63412 ] } },
{ "type": "Feature", "properties": { "Amenity": null, "Building": null, "Landuse": null, "Name": null, "Shop": null }, "geometry": { "type": "Point", "coordinates": [ 120.998179, 14.6534408 ] } },
{ "type": "Feature", "properties": { "Amenity": null, "Building": null, "Landuse": null, "Name": null, "Shop": null }, "geometry": { "type": "Point", "coordinates": [ 121.0528512, 14.7314491 ] } },
{ "type": "Feature", "properties": { "Amenity": null, "Building": null, "Landuse": null, "Name": null, "Shop": null }, "geometry": { "type": "Point", "coordinates": [ 121.04251, 14.729371 ] } },
{ "type": "Feature", "properties": { "Amenity": null, "Building": null, "Landuse": null, "Name": null, "Shop": null }, "geometry": { "type": "Point", "coordinates": [ 121.06508620000001, 14.7353017 ] } },
{ "type": "Feature", "properties": { "Amenity": null, "Building": null, "Landuse": null, "Name": null, "Shop": null }, "geometry": { "type": "Point", "coordinates": [ 121.074373100000017, 14.6654706 ] } },
{ "type": "Feature", "properties": { "Amenity": null, "Building": null, "Landuse": null, "Name": null, "Shop": null }, "geometry": { "type": "Point", "coordinates": [ 121.012306, 14.62706 ] } },
{ "type": "Feature", "properties": { "Amenity": null, "Building": null, "Landuse": null, "Name": null, "Shop": null }, "geometry": { "type": "Point", "coordinates": [ 121.0156498, 14.6414905 ] } },
{ "type": "Feature", "properties": { "Amenity": null, "Building": null, "Landuse": null, "Name": null, "Shop": null }, "geometry": { "type": "Point", "coordinates": [ 121.048242800000011, 14.6554815 ] } },
{ "type": "Feature", "properties": { "Amenity": null, "Building": null, "Landuse": null, "Name": null, "Shop": null }, "geometry": { "type": "Point", "coordinates": [ 121.0752635, 14.6552322 ] } },
{ "type": "Feature", "properties": { "Amenity": null, "Building": null, "Landuse": null, "Name": null, "Shop": null }, "geometry": { "type": "Point", "coordinates": [ 121.040309500000021, 14.7231052 ] } },
{ "type": "Feature", "properties": { "Amenity": null, "Building": null, "Landuse": null, "Name": null, "Shop": null }, "geometry": { "type": "Point", "coordinates": [ 121.097091, 14.703961 ] } },
{ "type": "Feature", "properties": { "Amenity": null, "Building": null, "Landuse": null, "Name": null, "Shop": null }, "geometry": { "type": "Point", "coordinates": [ 121.066068800000011, 14.7329858 ] } },
{ "type": "Feature", "properties": { "Amenity": null, "Building": null, "Landuse": null, "Name": null, "Shop": null }, "geometry": { "type": "Point", "coordinates": [ 121.0400574, 14.6531824 ] } },
{ "type": "Feature", "properties": { "Amenity": null, "Building": null, "Landuse": null, "Name": null, "Shop": null }, "geometry": { "type": "Point", "coordinates": [ 121.05986, 14.693361 ] } },
{ "type": "Feature", "properties": { "Amenity": null, "Building": null, "Landuse": null, "Name": null, "Shop": null }, "geometry": { "type": "Point", "coordinates": [ 121.024108, 14.635451 ] } },
{ "type": "Feature", "properties": { "Amenity": null, "Building": null, "Landuse": null, "Name": null, "Shop": null }, "geometry": { "type": "Point", "coordinates": [ 121.04425, 14.64335 ] } },
{ "type": "Feature", "properties": { "Amenity": null, "Building": null, "Landuse": null, "Name": null, "Shop": null }, "geometry": { "type": "Point", "coordinates": [ 121.0155198, 14.6487005 ] } },
{ "type": "Feature", "properties": { "Amenity": null, "Building": null, "Landuse": null, "Name": null, "Shop": null }, "geometry": { "type": "Point", "coordinates": [ 121.018037800000016, 14.6325805 ] } },
{ "type": "Feature", "properties": { "Amenity": null, "Building": null, "Landuse": null, "Name": null, "Shop": null }, "geometry": { "type": "Point", "coordinates": [ 121.010581, 14.618881 ] } },
{ "type": "Feature", "properties": { "Amenity": null, "Building": null, "Landuse": null, "Name": null, "Shop": null }, "geometry": { "type": "Point", "coordinates": [ 121.020945400000016, 14.6070218 ] } },
{ "type": "Feature", "properties": { "Amenity": null, "Building": null, "Landuse": null, "Name": null, "Shop": null }, "geometry": { "type": "Point", "coordinates": [ 121.105110700000012, 14.6968428 ] } },
{ "type": "Feature", "properties": { "Amenity": null, "Building": null, "Landuse": null, "Name": null, "Shop": null }, "geometry": { "type": "Point", "coordinates": [ 121.0022156, 14.6175006 ] } },
{ "type": "Feature", "properties": { "Amenity": null, "Building": null, "Landuse": null, "Name": null, "Shop": null }, "geometry": { "type": "Point", "coordinates": [ 121.078022099999984, 14.6345308 ] } },
{ "type": "Feature", "properties": { "Amenity": null, "Building": null, "Landuse": null, "Name": null, "Shop": null }, "geometry": { "type": "Point", "coordinates": [ 121.074029900000014, 14.6369195 ] } },
{ "type": "Feature", "properties": { "Amenity": null, "Building": null, "Landuse": null, "Name": null, "Shop": null }, "geometry": { "type": "Point", "coordinates": [ 121.072663600000013, 14.687371 ] } },
{ "type": "Feature", "properties": { "Amenity": null, "Building": null, "Landuse": null, "Name": null, "Shop": null }, "geometry": { "type": "Point", "coordinates": [ 121.080911200000017, 14.6090325 ] } },
{ "type": "Feature", "properties": { "Amenity": null, "Building": null, "Landuse": null, "Name": null, "Shop": null }, "geometry": { "type": "Point", "coordinates": [ 121.0811298, 14.6100315 ] } },
{ "type": "Feature", "properties": { "Amenity": null, "Building": null, "Landuse": null, "Name": null, "Shop": null }, "geometry": { "type": "Point", "coordinates": [ 121.07981620000001, 14.6102364 ] } },
{ "type": "Feature", "properties": { "Amenity": null, "Building": null, "Landuse": null, "Name": null, "Shop": null }, "geometry": { "type": "Point", "coordinates": [ 121.0727551, 14.6310981 ] } },
{ "type": "Feature", "properties": { "Amenity": null, "Building": null, "Landuse": null, "Name": null, "Shop": null }, "geometry": { "type": "Point", "coordinates": [ 121.072820899999982, 14.6309477 ] } },
{ "type": "Feature", "properties": { "Amenity": null, "Building": null, "Landuse": null, "Name": null, "Shop": null }, "geometry": { "type": "Point", "coordinates": [ 120.9931341, 14.6435496 ] } },
{ "type": "Feature", "properties": { "Amenity": null, "Building": null, "Landuse": null, "Name": null, "Shop": null }, "geometry": { "type": "Point", "coordinates": [ 121.005455400000017, 14.6440395 ] } },
{ "type": "Feature", "properties": { "Amenity": null, "Building": null, "Landuse": null, "Name": null, "Shop": null }, "geometry": { "type": "Point", "coordinates": [ 121.0803518, 14.6077646 ] } },
{ "type": "Feature", "properties": { "Amenity": null, "Building": null, "Landuse": null, "Name": null, "Shop": null }, "geometry": { "type": "Point", "coordinates": [ 121.049890500000018, 14.6923758 ] } },
{ "type": "Feature", "properties": { "Amenity": null, "Building": null, "Landuse": null, "Name": null, "Shop": null }, "geometry": { "type": "Point", "coordinates": [ 121.0809552, 14.6097468 ] } },
{ "type": "Feature", "properties": { "Amenity": null, "Building": null, "Landuse": null, "Name": null, "Shop": null }, "geometry": { "type": "Point", "coordinates": [ 121.0512904, 14.6228148 ] } },
{ "type": "Feature", "properties": { "Amenity": null, "Building": null, "Landuse": null, "Name": null, "Shop": null }, "geometry": { "type": "Point", "coordinates": [ 121.0546872, 14.6240249 ] } },
{ "type": "Feature", "properties": { "Amenity": null, "Building": null, "Landuse": null, "Name": null, "Shop": null }, "geometry": { "type": "Point", "coordinates": [ 121.0568, 14.6259156 ] } },
{ "type": "Feature", "properties": { "Amenity": null, "Building": null, "Landuse": null, "Name": null, "Shop": null }, "geometry": { "type": "Point", "coordinates": [ 121.054569499999985, 14.6238885 ] } },
{ "type": "Feature", "properties": { "Amenity": null, "Building": null, "Landuse": null, "Name": null, "Shop": null }, "geometry": { "type": "Point", "coordinates": [ 121.0613115, 14.6273063 ] } },
{ "type": "Feature", "properties": { "Amenity": null, "Building": null, "Landuse": null, "Name": null, "Shop": null }, "geometry": { "type": "Point", "coordinates": [ 121.0352534, 14.7010295 ] } },
{ "type": "Feature", "properties": { "Amenity": null, "Building": null, "Landuse": null, "Name": null, "Shop": null }, "geometry": { "type": "Point", "coordinates": [ 121.0193219, 14.6579489 ] } },
{ "type": "Feature", "properties": { "Amenity": null, "Building": null, "Landuse": null, "Name": null, "Shop": null }, "geometry": { "type": "Point", "coordinates": [ 121.0514169, 14.6181134 ] } },
{ "type": "Feature", "properties": { "Amenity": null, "Building": null, "Landuse": null, "Name": null, "Shop": null }, "geometry": { "type": "Point", "coordinates": [ 121.065165, 14.6232824 ] } },
{ "type": "Feature", "properties": { "Amenity": null, "Building": null, "Landuse": null, "Name": null, "Shop": null }, "geometry": { "type": "Point", "coordinates": [ 121.0312571, 14.6943711 ] } },
{ "type": "Feature", "properties": { "Amenity": null, "Building": null, "Landuse": null, "Name": null, "Shop": null }, "geometry": { "type": "Point", "coordinates": [ 121.0334574, 14.6551319 ] } },
{ "type": "Feature", "properties": { "Amenity": null, "Building": null, "Landuse": null, "Name": null, "Shop": null }, "geometry": { "type": "Point", "coordinates": [ 121.0322679, 14.6123233 ] } },
{ "type": "Feature", "properties": { "Amenity": null, "Building": null, "Landuse": null, "Name": null, "Shop": null }, "geometry": { "type": "Point", "coordinates": [ 121.0323776, 14.6122934 ] } },
{ "type": "Feature", "properties": { "Amenity": null, "Building": null, "Landuse": null, "Name": null, "Shop": null }, "geometry": { "type": "Point", "coordinates": [ 121.0512384, 14.6205053 ] } },
{ "type": "Feature", "properties": { "Amenity": null, "Building": null, "Landuse": null, "Name": null, "Shop": null }, "geometry": { "type": "Point", "coordinates": [ 121.027074, 14.636429 ] } },
{ "type": "Feature", "properties": { "Amenity": null, "Building": null, "Landuse": null, "Name": null, "Shop": null }, "geometry": { "type": "Point", "coordinates": [ 121.0443218, 14.6440115 ] } },
{ "type": "Feature", "properties": { "Amenity": null, "Building": null, "Landuse": null, "Name": null, "Shop": null }, "geometry": { "type": "Point", "coordinates": [ 121.04511, 14.6442 ] } },
{ "type": "Feature", "properties": { "Amenity": null, "Building": null, "Landuse": null, "Name": null, "Shop": null }, "geometry": { "type": "Point", "coordinates": [ 121.0077282, 14.618037 ] } },
{ "type": "Feature", "properties": { "Amenity": null, "Building": null, "Landuse": null, "Name": null, "Shop": null }, "geometry": { "type": "Point", "coordinates": [ 121.055251399999989, 14.6364422 ] } },
{ "type": "Feature", "properties": { "Amenity": null, "Building": null, "Landuse": null, "Name": null, "Shop": null }, "geometry": { "type": "Point", "coordinates": [ 121.071645600000011, 14.6149195 ] } },
{ "type": "Feature", "properties": { "Amenity": null, "Building": null, "Landuse": null, "Name": null, "Shop": null }, "geometry": { "type": "Point", "coordinates": [ 120.9980007, 14.6541069 ] } },
{ "type": "Feature", "properties": { "Amenity": null, "Building": null, "Landuse": null, "Name": null, "Shop": null }, "geometry": { "type": "Point", "coordinates": [ 121.0015001, 14.6173071 ] } },
{ "type": "Feature", "properties": { "Amenity": null, "Building": null, "Landuse": null, "Name": null, "Shop": null }, "geometry": { "type": "Point", "coordinates": [ 121.0517369, 14.6197191 ] } },
{ "type": "Feature", "properties": { "Amenity": null, "Building": null, "Landuse": null, "Name": null, "Shop": null }, "geometry": { "type": "Point", "coordinates": [ 121.0310174, 14.6425774 ] } },
{ "type": "Feature", "properties": { "Amenity": null, "Building": null, "Landuse": null, "Name": null, "Shop": null }, "geometry": { "type": "Point", "coordinates": [ 121.0528307, 14.6540937 ] } },
{ "type": "Feature", "properties": { "Amenity": null, "Building": null, "Landuse": null, "Name": null, "Shop": null }, "geometry": { "type": "Point", "coordinates": [ 121.073424, 14.7062089 ] } },
{ "type": "Feature", "properties": { "Amenity": null, "Building": null, "Landuse": null, "Name": null, "Shop": null }, "geometry": { "type": "Point", "coordinates": [ 121.031814399999988, 14.7230254 ] } },
{ "type": "Feature", "properties": { "Amenity": null, "Building": null, "Landuse": null, "Name": null, "Shop": null }, "geometry": { "type": "Point", "coordinates": [ 121.0247787, 14.7247427 ] } },
{ "type": "Feature", "properties": { "Amenity": null, "Building": null, "Landuse": null, "Name": null, "Shop": null }, "geometry": { "type": "Point", "coordinates": [ 121.0602959, 14.6993352 ] } },
{ "type": "Feature", "properties": { "Amenity": null, "Building": null, "Landuse": null, "Name": null, "Shop": null }, "geometry": { "type": "Point", "coordinates": [ 121.0441384, 14.6611841 ] } },
{ "type": "Feature", "properties": { "Amenity": null, "Building": null, "Landuse": null, "Name": null, "Shop": null }, "geometry": { "type": "Point", "coordinates": [ 121.016057900000021, 14.6532071 ] } },
{ "type": "Feature", "properties": { "Amenity": null, "Building": null, "Landuse": null, "Name": null, "Shop": null }, "geometry": { "type": "Point", "coordinates": [ 121.0599604, 14.592304 ] } },
{ "type": "Feature", "properties": { "Amenity": null, "Building": null, "Landuse": null, "Name": null, "Shop": null }, "geometry": { "type": "Point", "coordinates": [ 121.0151143, 14.6628397 ] } },
{ "type": "Feature", "properties": { "Amenity": null, "Building": null, "Landuse": null, "Name": null, "Shop": null }, "geometry": { "type": "Point", "coordinates": [ 121.038201, 14.641659 ] } },
{ "type": "Feature", "properties": { "Amenity": null, "Building": null, "Landuse": null, "Name": null, "Shop": null }, "geometry": { "type": "Point", "coordinates": [ 121.026233, 14.6304868 ] } },
{ "type": "Feature", "properties": { "Amenity": null, "Building": null, "Landuse": null, "Name": null, "Shop": null }, "geometry": { "type": "Point", "coordinates": [ 121.0279495, 14.6298097 ] } },
{ "type": "Feature", "properties": { "Amenity": null, "Building": null, "Landuse": null, "Name": null, "Shop": null }, "geometry": { "type": "Point", "coordinates": [ 121.0311151, 14.6390562 ] } },
{ "type": "Feature", "properties": { "Amenity": null, "Building": null, "Landuse": null, "Name": null, "Shop": null }, "geometry": { "type": "Point", "coordinates": [ 121.0308809, 14.639311 ] } },
{ "type": "Feature", "properties": { "Amenity": null, "Building": null, "Landuse": null, "Name": null, "Shop": null }, "geometry": { "type": "Point", "coordinates": [ 121.031022600000014, 14.6391198 ] } },
{ "type": "Feature", "properties": { "Amenity": null, "Building": null, "Landuse": null, "Name": null, "Shop": null }, "geometry": { "type": "Point", "coordinates": [ 121.018311299999979, 14.6578896 ] } },
{ "type": "Feature", "properties": { "Amenity": null, "Building": null, "Landuse": null, "Name": null, "Shop": null }, "geometry": { "type": "Point", "coordinates": [ 121.0136755, 14.6290998 ] } },
{ "type": "Feature", "properties": { "Amenity": null, "Building": null, "Landuse": null, "Name": null, "Shop": null }, "geometry": { "type": "Point", "coordinates": [ 121.0285133, 14.6500049 ] } },
{ "type": "Feature", "properties": { "Amenity": null, "Building": null, "Landuse": null, "Name": null, "Shop": null }, "geometry": { "type": "Point", "coordinates": [ 121.019193200000018, 14.6579238 ] } },
{ "type": "Feature", "properties": { "Amenity": null, "Building": null, "Landuse": null, "Name": null, "Shop": null }, "geometry": { "type": "Point", "coordinates": [ 121.02235570000002, 14.653414 ] } },
{ "type": "Feature", "properties": { "Amenity": null, "Building": null, "Landuse": null, "Name": null, "Shop": null }, "geometry": { "type": "Point", "coordinates": [ 121.0793371, 14.6069684 ] } },
{ "type": "Feature", "properties": { "Amenity": null, "Building": null, "Landuse": null, "Name": null, "Shop": null }, "geometry": { "type": "Point", "coordinates": [ 121.0513034, 14.6210134 ] } },
{ "type": "Feature", "properties": { "Amenity": null, "Building": null, "Landuse": null, "Name": null, "Shop": null }, "geometry": { "type": "Point", "coordinates": [ 121.0064028, 14.6389049 ] } },
{ "type": "Feature", "properties": { "Amenity": null, "Building": null, "Landuse": null, "Name": null, "Shop": null }, "geometry": { "type": "Point", "coordinates": [ 121.0684325, 14.6631846 ] } },
{ "type": "Feature", "properties": { "Amenity": null, "Building": null, "Landuse": null, "Name": null, "Shop": null }, "geometry": { "type": "Point", "coordinates": [ 121.018828, 14.6065212 ] } },
{ "type": "Feature", "properties": { "Amenity": null, "Building": null, "Landuse": null, "Name": null, "Shop": null }, "geometry": { "type": "Point", "coordinates": [ 121.0513203, 14.618337 ] } },
{ "type": "Feature", "properties": { "Amenity": null, "Building": null, "Landuse": null, "Name": null, "Shop": null }, "geometry": { "type": "Point", "coordinates": [ 121.04726770000002, 14.6490166 ] } },
{ "type": "Feature", "properties": { "Amenity": null, "Building": null, "Landuse": null, "Name": null, "Shop": null }, "geometry": { "type": "Point", "coordinates": [ 121.0339231, 14.6289289 ] } },
{ "type": "Feature", "properties": { "Amenity": null, "Building": null, "Landuse": null, "Name": null, "Shop": null }, "geometry": { "type": "Point", "coordinates": [ 121.0338979, 14.6874222 ] } },
{ "type": "Feature", "properties": { "Amenity": null, "Building": null, "Landuse": null, "Name": null, "Shop": null }, "geometry": { "type": "Point", "coordinates": [ 121.0169216, 14.6403226 ] } },
{ "type": "Feature", "properties": { "Amenity": null, "Building": null, "Landuse": null, "Name": null, "Shop": null }, "geometry": { "type": "Point", "coordinates": [ 121.0614007, 14.7160605 ] } },
{ "type": "Feature", "properties": { "Amenity": null, "Building": null, "Landuse": null, "Name": null, "Shop": null }, "geometry": { "type": "Point", "coordinates": [ 121.0614613, 14.7203388 ] } },
{ "type": "Feature", "properties": { "Amenity": null, "Building": null, "Landuse": null, "Name": null, "Shop": null }, "geometry": { "type": "Point", "coordinates": [ 121.0487132, 14.6234629 ] } },
{ "type": "Feature", "properties": { "Amenity": null, "Building": null, "Landuse": null, "Name": null, "Shop": null }, "geometry": { "type": "Point", "coordinates": [ 121.039643, 14.6786348 ] } },
{ "type": "Feature", "properties": { "Amenity": null, "Building": null, "Landuse": null, "Name": null, "Shop": null }, "geometry": { "type": "Point", "coordinates": [ 121.0717655, 14.6471533 ] } },
{ "type": "Feature", "properties": { "Amenity": null, "Building": null, "Landuse": null, "Name": null, "Shop": null }, "geometry": { "type": "Point", "coordinates": [ 121.0740465, 14.6355056 ] } },
{ "type": "Feature", "properties": { "Amenity": null, "Building": null, "Landuse": null, "Name": null, "Shop": null }, "geometry": { "type": "Point", "coordinates": [ 120.9973387, 14.6340723 ] } },
{ "type": "Feature", "properties": { "Amenity": null, "Building": null, "Landuse": null, "Name": null, "Shop": null }, "geometry": { "type": "Point", "coordinates": [ 121.0766949, 14.60899 ] } },
{ "type": "Feature", "properties": { "Amenity": null, "Building": null, "Landuse": null, "Name": null, "Shop": null }, "geometry": { "type": "Point", "coordinates": [ 121.0320231, 14.6234185 ] } },
{ "type": "Feature", "properties": { "Amenity": null, "Building": null, "Landuse": null, "Name": null, "Shop": null }, "geometry": { "type": "Point", "coordinates": [ 121.08688290000002, 14.7013906 ] } },
{ "type": "Feature", "properties": { "Amenity": null, "Building": null, "Landuse": null, "Name": null, "Shop": null }, "geometry": { "type": "Point", "coordinates": [ 121.0478164, 14.6463072 ] } },
{ "type": "Feature", "properties": { "Amenity": null, "Building": null, "Landuse": null, "Name": null, "Shop": null }, "geometry": { "type": "Point", "coordinates": [ 121.017097800000016, 14.6309706 ] } },
{ "type": "Feature", "properties": { "Amenity": null, "Building": null, "Landuse": null, "Name": null, "Shop": null }, "geometry": { "type": "Point", "coordinates": [ 121.0387497, 14.6129007 ] } },
{ "type": "Feature", "properties": { "Amenity": null, "Building": null, "Landuse": null, "Name": null, "Shop": null }, "geometry": { "type": "Point", "coordinates": [ 121.071033300000011, 14.6645609 ] } },
{ "type": "Feature", "properties": { "Amenity": null, "Building": null, "Landuse": null, "Name": null, "Shop": null }, "geometry": { "type": "Point", "coordinates": [ 121.0210268, 14.682143 ] } },
{ "type": "Feature", "properties": { "Amenity": null, "Building": null, "Landuse": null, "Name": null, "Shop": null }, "geometry": { "type": "Point", "coordinates": [ 121.057837300000017, 14.6170068 ] } },
{ "type": "Feature", "properties": { "Amenity": null, "Building": null, "Landuse": null, "Name": null, "Shop": null }, "geometry": { "type": "Point", "coordinates": [ 121.0797303, 14.6104596 ] } },
{ "type": "Feature", "properties": { "Amenity": null, "Building": null, "Landuse": null, "Name": null, "Shop": null }, "geometry": { "type": "Point", "coordinates": [ 121.035661300000015, 14.6345012 ] } },
{ "type": "Feature", "properties": { "Amenity": null, "Building": null, "Landuse": null, "Name": null, "Shop": null }, "geometry": { "type": "Point", "coordinates": [ 121.020475200000021, 14.6338244 ] } },
{ "type": "Feature", "properties": { "Amenity": null, "Building": null, "Landuse": null, "Name": null, "Shop": null }, "geometry": { "type": "Point", "coordinates": [ 121.038421299999982, 14.6315467 ] } },
{ "type": "Feature", "properties": { "Amenity": null, "Building": null, "Landuse": null, "Name": null, "Shop": null }, "geometry": { "type": "Point", "coordinates": [ 121.03896610000001, 14.631478 ] } },
{ "type": "Feature", "properties": { "Amenity": null, "Building": null, "Landuse": null, "Name": null, "Shop": null }, "geometry": { "type": "Point", "coordinates": [ 121.0967318, 14.6964394 ] } },
{ "type": "Feature", "properties": { "Amenity": null, "Building": null, "Landuse": null, "Name": null, "Shop": null }, "geometry": { "type": "Point", "coordinates": [ 121.028577400000017, 14.6873454 ] } },
{ "type": "Feature", "properties": { "Amenity": null, "Building": null, "Landuse": null, "Name": null, "Shop": null }, "geometry": { "type": "Point", "coordinates": [ 121.033172, 14.6989661 ] } },
{ "type": "Feature", "properties": { "Amenity": null, "Building": null, "Landuse": null, "Name": null, "Shop": null }, "geometry": { "type": "Point", "coordinates": [ 121.0391222, 14.6432813 ] } },
{ "type": "Feature", "properties": { "Amenity": null, "Building": null, "Landuse": null, "Name": null, "Shop": null }, "geometry": { "type": "Point", "coordinates": [ 121.0316587, 14.6242892 ] } },
{ "type": "Feature", "properties": { "Amenity": null, "Building": null, "Landuse": null, "Name": null, "Shop": null }, "geometry": { "type": "Point", "coordinates": [ 121.073205, 14.6411656 ] } },
{ "type": "Feature", "properties": { "Amenity": null, "Building": null, "Landuse": null, "Name": null, "Shop": null }, "geometry": { "type": "Point", "coordinates": [ 121.064351799999983, 14.6493923 ] } },
{ "type": "Feature", "properties": { "Amenity": null, "Building": null, "Landuse": null, "Name": null, "Shop": null }, "geometry": { "type": "Point", "coordinates": [ 121.056067700000014, 14.6229916 ] } },
{ "type": "Feature", "properties": { "Amenity": null, "Building": null, "Landuse": null, "Name": null, "Shop": null }, "geometry": { "type": "Point", "coordinates": [ 121.111130100000011, 14.7149773 ] } },
{ "type": "Feature", "properties": { "Amenity": null, "Building": null, "Landuse": null, "Name": null, "Shop": null }, "geometry": { "type": "Point", "coordinates": [ 121.0004833, 14.6386308 ] } },
{ "type": "Feature", "properties": { "Amenity": null, "Building": null, "Landuse": null, "Name": null, "Shop": null }, "geometry": { "type": "Point", "coordinates": [ 121.0770312, 14.684449 ] } },
{ "type": "Feature", "properties": { "Amenity": null, "Building": null, "Landuse": null, "Name": null, "Shop": null }, "geometry": { "type": "Point", "coordinates": [ 121.084180300000014, 14.6778956 ] } },
{ "type": "Feature", "properties": { "Amenity": null, "Building": null, "Landuse": null, "Name": null, "Shop": null }, "geometry": { "type": "Point", "coordinates": [ 121.0734642, 14.6679422 ] } },
{ "type": "Feature", "properties": { "Amenity": null, "Building": null, "Landuse": null, "Name": null, "Shop": null }, "geometry": { "type": "Point", "coordinates": [ 121.080433600000021, 14.6373948 ] } },
{ "type": "Feature", "properties": { "Amenity": null, "Building": null, "Landuse": null, "Name": null, "Shop": null }, "geometry": { "type": "Point", "coordinates": [ 121.0721193, 14.6416026 ] } },
{ "type": "Feature", "properties": { "Amenity": null, "Building": null, "Landuse": null, "Name": null, "Shop": null }, "geometry": { "type": "Point", "coordinates": [ 121.0483001, 14.6206136 ] } },
{ "type": "Feature", "properties": { "Amenity": null, "Building": null, "Landuse": null, "Name": null, "Shop": null }, "geometry": { "type": "Point", "coordinates": [ 121.0534223, 14.6228546 ] } },
{ "type": "Feature", "properties": { "Amenity": null, "Building": null, "Landuse": null, "Name": null, "Shop": null }, "geometry": { "type": "Point", "coordinates": [ 121.0317703, 14.655698 ] } },
{ "type": "Feature", "properties": { "Amenity": null, "Building": null, "Landuse": null, "Name": null, "Shop": null }, "geometry": { "type": "Point", "coordinates": [ 121.035156699999987, 14.6664249 ] } },
{ "type": "Feature", "properties": { "Amenity": null, "Building": null, "Landuse": null, "Name": null, "Shop": null }, "geometry": { "type": "Point", "coordinates": [ 121.0318059, 14.624295 ] } },
{ "type": "Feature", "properties": { "Amenity": null, "Building": null, "Landuse": null, "Name": null, "Shop": null }, "geometry": { "type": "Point", "coordinates": [ 121.0446829, 14.6473315 ] } },
{ "type": "Feature", "properties": { "Amenity": null, "Building": null, "Landuse": null, "Name": null, "Shop": null }, "geometry": { "type": "Point", "coordinates": [ 121.051376600000012, 14.6480379 ] } },
{ "type": "Feature", "properties": { "Amenity": null, "Building": null, "Landuse": null, "Name": null, "Shop": null }, "geometry": { "type": "Point", "coordinates": [ 121.0458499, 14.6485146 ] } },
{ "type": "Feature", "properties": { "Amenity": null, "Building": null, "Landuse": null, "Name": null, "Shop": null }, "geometry": { "type": "Point", "coordinates": [ 121.033750199999986, 14.630946 ] } },
{ "type": "Feature", "properties": { "Amenity": null, "Building": null, "Landuse": null, "Name": null, "Shop": null }, "geometry": { "type": "Point", "coordinates": [ 121.048309799999984, 14.6507215 ] } },
{ "type": "Feature", "properties": { "Amenity": null, "Building": null, "Landuse": null, "Name": null, "Shop": null }, "geometry": { "type": "Point", "coordinates": [ 121.048157300000014, 14.6264811 ] } },
{ "type": "Feature", "properties": { "Amenity": null, "Building": null, "Landuse": null, "Name": null, "Shop": null }, "geometry": { "type": "Point", "coordinates": [ 121.0004396, 14.6412328 ] } },
{ "type": "Feature", "properties": { "Amenity": null, "Building": null, "Landuse": null, "Name": null, "Shop": null }, "geometry": { "type": "Point", "coordinates": [ 121.0004397, 14.6413066 ] } },
{ "type": "Feature", "properties": { "Amenity": null, "Building": null, "Landuse": null, "Name": null, "Shop": null }, "geometry": { "type": "Point", "coordinates": [ 121.000633100000016, 14.6410079 ] } },
{ "type": "Feature", "properties": { "Amenity": null, "Building": null, "Landuse": null, "Name": null, "Shop": null }, "geometry": { "type": "Point", "coordinates": [ 121.003536299999979, 14.6221753 ] } },
{ "type": "Feature", "properties": { "Amenity": null, "Building": null, "Landuse": null, "Name": null, "Shop": null }, "geometry": { "type": "Point", "coordinates": [ 121.0740231, 14.6164068 ] } },
{ "type": "Feature", "properties": { "Amenity": null, "Building": null, "Landuse": null, "Name": null, "Shop": null }, "geometry": { "type": "Point", "coordinates": [ 121.075525, 14.6564906 ] } },
{ "type": "Feature", "properties": { "Amenity": null, "Building": null, "Landuse": null, "Name": null, "Shop": null }, "geometry": { "type": "Point", "coordinates": [ 121.061480500000016, 14.6268586 ] } },
{ "type": "Feature", "properties": { "Amenity": null, "Building": null, "Landuse": null, "Name": null, "Shop": null }, "geometry": { "type": "Point", "coordinates": [ 121.0396675, 14.6310817 ] } },
{ "type": "Feature", "properties": { "Amenity": null, "Building": null, "Landuse": null, "Name": null, "Shop": null }, "geometry": { "type": "Point", "coordinates": [ 121.0396031, 14.6310962 ] } },
{ "type": "Feature", "properties": { "Amenity": null, "Building": null, "Landuse": null, "Name": null, "Shop": null }, "geometry": { "type": "Point", "coordinates": [ 121.0618636, 14.7091563 ] } },
{ "type": "Feature", "properties": { "Amenity": null, "Building": null, "Landuse": null, "Name": null, "Shop": null }, "geometry": { "type": "Point", "coordinates": [ 121.0724297, 14.7060833 ] } },
{ "type": "Feature", "properties": { "Amenity": null, "Building": null, "Landuse": null, "Name": null, "Shop": null }, "geometry": { "type": "Point", "coordinates": [ 121.0454249, 14.6779035 ] } },
{ "type": "Feature", "properties": { "Amenity": null, "Building": null, "Landuse": null, "Name": null, "Shop": null }, "geometry": { "type": "Point", "coordinates": [ 121.067604300000013, 14.620027 ] } },
{ "type": "Feature", "properties": { "Amenity": null, "Building": null, "Landuse": null, "Name": null, "Shop": null }, "geometry": { "type": "Point", "coordinates": [ 121.0493197, 14.6213958 ] } },
{ "type": "Feature", "properties": { "Amenity": null, "Building": null, "Landuse": null, "Name": null, "Shop": null }, "geometry": { "type": "Point", "coordinates": [ 121.0385416, 14.6443363 ] } },
{ "type": "Feature", "properties": { "Amenity": null, "Building": null, "Landuse": null, "Name": null, "Shop": null }, "geometry": { "type": "Point", "coordinates": [ 121.056476, 14.6229785 ] } },
{ "type": "Feature", "properties": { "Amenity": null, "Building": null, "Landuse": null, "Name": null, "Shop": null }, "geometry": { "type": "Point", "coordinates": [ 121.016037, 14.6172454 ] } },
{ "type": "Feature", "properties": { "Amenity": null, "Building": null, "Landuse": null, "Name": null, "Shop": null }, "geometry": { "type": "Point", "coordinates": [ 121.077085700000012, 14.683502 ] } },
{ "type": "Feature", "properties": { "Amenity": null, "Building": null, "Landuse": null, "Name": null, "Shop": null }, "geometry": { "type": "Point", "coordinates": [ 121.0449631, 14.637976 ] } },
{ "type": "Feature", "properties": { "Amenity": null, "Building": null, "Landuse": null, "Name": null, "Shop": null }, "geometry": { "type": "Point", "coordinates": [ 121.07298560000001, 14.6263043 ] } },
{ "type": "Feature", "properties": { "Amenity": null, "Building": null, "Landuse": null, "Name": null, "Shop": null }, "geometry": { "type": "Point", "coordinates": [ 120.9969123, 14.650823 ] } },
{ "type": "Feature", "properties": { "Amenity": null, "Building": null, "Landuse": null, "Name": null, "Shop": null }, "geometry": { "type": "Point", "coordinates": [ 121.0000619, 14.6515861 ] } },
{ "type": "Feature", "properties": { "Amenity": null, "Building": null, "Landuse": null, "Name": null, "Shop": null }, "geometry": { "type": "Point", "coordinates": [ 121.005686, 14.6571849 ] } },
{ "type": "Feature", "properties": { "Amenity": null, "Building": null, "Landuse": null, "Name": null, "Shop": null }, "geometry": { "type": "Point", "coordinates": [ 121.013705400000021, 14.6793303 ] } },
{ "type": "Feature", "properties": { "Amenity": null, "Building": null, "Landuse": null, "Name": null, "Shop": null }, "geometry": { "type": "Point", "coordinates": [ 121.0470638, 14.6836627 ] } },
{ "type": "Feature", "properties": { "Amenity": null, "Building": null, "Landuse": null, "Name": null, "Shop": null }, "geometry": { "type": "Point", "coordinates": [ 121.073375200000015, 14.638707 ] } },
{ "type": "Feature", "properties": { "Amenity": null, "Building": null, "Landuse": null, "Name": null, "Shop": null }, "geometry": { "type": "Point", "coordinates": [ 121.049707, 14.6425032 ] } },
{ "type": "Feature", "properties": { "Amenity": null, "Building": null, "Landuse": null, "Name": null, "Shop": null }, "geometry": { "type": "Point", "coordinates": [ 121.0175372, 14.6048956 ] } },
{ "type": "Feature", "properties": { "Amenity": null, "Building": null, "Landuse": null, "Name": null, "Shop": null }, "geometry": { "type": "Point", "coordinates": [ 121.0737879, 14.6498405 ] } },
{ "type": "Feature", "properties": { "Amenity": null, "Building": null, "Landuse": null, "Name": null, "Shop": null }, "geometry": { "type": "Point", "coordinates": [ 121.0781045, 14.705385 ] } },
{ "type": "Feature", "properties": { "Amenity": null, "Building": null, "Landuse": null, "Name": null, "Shop": null }, "geometry": { "type": "Point", "coordinates": [ 121.0706134, 14.7061549 ] } },
{ "type": "Feature", "properties": { "Amenity": null, "Building": null, "Landuse": null, "Name": null, "Shop": null }, "geometry": { "type": "Point", "coordinates": [ 121.0494023, 14.6550218 ] } },
{ "type": "Feature", "properties": { "Amenity": null, "Building": null, "Landuse": null, "Name": null, "Shop": null }, "geometry": { "type": "Point", "coordinates": [ 121.075069, 14.6534749 ] } },
{ "type": "Feature", "properties": { "Amenity": null, "Building": null, "Landuse": null, "Name": null, "Shop": null }, "geometry": { "type": "Point", "coordinates": [ 121.0816864, 14.7045718 ] } },
{ "type": "Feature", "properties": { "Amenity": null, "Building": null, "Landuse": null, "Name": null, "Shop": null }, "geometry": { "type": "Point", "coordinates": [ 121.0624901, 14.7352178 ] } },
{ "type": "Feature", "properties": { "Amenity": null, "Building": null, "Landuse": null, "Name": null, "Shop": null }, "geometry": { "type": "Point", "coordinates": [ 121.067324700000015, 14.7349687 ] } },
{ "type": "Feature", "properties": { "Amenity": null, "Building": null, "Landuse": null, "Name": null, "Shop": null }, "geometry": { "type": "Point", "coordinates": [ 121.027141500000013, 14.6233734 ] } },
{ "type": "Feature", "properties": { "Amenity": null, "Building": null, "Landuse": null, "Name": null, "Shop": null }, "geometry": { "type": "Point", "coordinates": [ 121.04377150000002, 14.6374931 ] } },
{ "type": "Feature", "properties": { "Amenity": null, "Building": null, "Landuse": null, "Name": null, "Shop": null }, "geometry": { "type": "Point", "coordinates": [ 121.0145135, 14.6187175 ] } },
{ "type": "Feature", "properties": { "Amenity": null, "Building": null, "Landuse": null, "Name": null, "Shop": null }, "geometry": { "type": "Point", "coordinates": [ 121.0087773, 14.6558716 ] } },
{ "type": "Feature", "properties": { "Amenity": null, "Building": null, "Landuse": null, "Name": null, "Shop": null }, "geometry": { "type": "Point", "coordinates": [ 121.0275527, 14.6558648 ] } },
{ "type": "Feature", "properties": { "Amenity": null, "Building": null, "Landuse": null, "Name": null, "Shop": null }, "geometry": { "type": "Point", "coordinates": [ 120.9953154, 14.6319702 ] } },
{ "type": "Feature", "properties": { "Amenity": null, "Building": null, "Landuse": null, "Name": null, "Shop": null }, "geometry": { "type": "Point", "coordinates": [ 121.0459424, 14.6446946 ] } },
{ "type": "Feature", "properties": { "Amenity": null, "Building": null, "Landuse": null, "Name": null, "Shop": null }, "geometry": { "type": "Point", "coordinates": [ 121.028856100000013, 14.6228487 ] } },
{ "type": "Feature", "properties": { "Amenity": null, "Building": null, "Landuse": null, "Name": null, "Shop": null }, "geometry": { "type": "Point", "coordinates": [ 121.0271943, 14.6230403 ] } },
{ "type": "Feature", "properties": { "Amenity": null, "Building": null, "Landuse": null, "Name": null, "Shop": null }, "geometry": { "type": "Point", "coordinates": [ 120.996532, 14.6376349 ] } },
{ "type": "Feature", "properties": { "Amenity": null, "Building": null, "Landuse": null, "Name": null, "Shop": null }, "geometry": { "type": "Point", "coordinates": [ 121.0203185, 14.6586721 ] } },
{ "type": "Feature", "properties": { "Amenity": null, "Building": null, "Landuse": null, "Name": null, "Shop": null }, "geometry": { "type": "Point", "coordinates": [ 121.0413124, 14.6315167 ] } },
{ "type": "Feature", "properties": { "Amenity": null, "Building": null, "Landuse": null, "Name": null, "Shop": null }, "geometry": { "type": "Point", "coordinates": [ 121.038062600000018, 14.628651 ] } },
{ "type": "Feature", "properties": { "Amenity": null, "Building": null, "Landuse": null, "Name": null, "Shop": null }, "geometry": { "type": "Point", "coordinates": [ 121.098393900000019, 14.6805642 ] } },
{ "type": "Feature", "properties": { "Amenity": null, "Building": null, "Landuse": null, "Name": null, "Shop": null }, "geometry": { "type": "Point", "coordinates": [ 121.0198354, 14.6856734 ] } },
{ "type": "Feature", "properties": { "Amenity": null, "Building": null, "Landuse": null, "Name": null, "Shop": null }, "geometry": { "type": "Point", "coordinates": [ 121.0810515, 14.6791679 ] } },
{ "type": "Feature", "properties": { "Amenity": null, "Building": null, "Landuse": null, "Name": null, "Shop": null }, "geometry": { "type": "Point", "coordinates": [ 121.08643170000002, 14.695788 ] } },
{ "type": "Feature", "properties": { "Amenity": null, "Building": null, "Landuse": null, "Name": null, "Shop": null }, "geometry": { "type": "Point", "coordinates": [ 121.044267800000014, 14.6378631 ] } },
{ "type": "Feature", "properties": { "Amenity": null, "Building": null, "Landuse": null, "Name": null, "Shop": null }, "geometry": { "type": "Point", "coordinates": [ 121.0748901, 14.6345081 ] } },
{ "type": "Feature", "properties": { "Amenity": null, "Building": null, "Landuse": null, "Name": null, "Shop": null }, "geometry": { "type": "Point", "coordinates": [ 121.053760899999986, 14.6465121 ] } },
{ "type": "Feature", "properties": { "Amenity": null, "Building": null, "Landuse": null, "Name": null, "Shop": null }, "geometry": { "type": "Point", "coordinates": [ 121.00876860000001, 14.6276246 ] } },
{ "type": "Feature", "properties": { "Amenity": null, "Building": null, "Landuse": null, "Name": null, "Shop": null }, "geometry": { "type": "Point", "coordinates": [ 121.105325, 14.6867763 ] } },
{ "type": "Feature", "properties": { "Amenity": null, "Building": null, "Landuse": null, "Name": null, "Shop": null }, "geometry": { "type": "Point", "coordinates": [ 121.023175100000017, 14.635748 ] } },
{ "type": "Feature", "properties": { "Amenity": null, "Building": null, "Landuse": null, "Name": null, "Shop": null }, "geometry": { "type": "Point", "coordinates": [ 121.0971218, 14.7071191 ] } },
{ "type": "Feature", "properties": { "Amenity": null, "Building": null, "Landuse": null, "Name": null, "Shop": null }, "geometry": { "type": "Point", "coordinates": [ 121.046725600000016, 14.6628096 ] } },
{ "type": "Feature", "properties": { "Amenity": null, "Building": null, "Landuse": null, "Name": null, "Shop": null }, "geometry": { "type": "Point", "coordinates": [ 121.071034200000014, 14.6856879 ] } },
{ "type": "Feature", "properties": { "Amenity": null, "Building": null, "Landuse": null, "Name": null, "Shop": null }, "geometry": { "type": "Point", "coordinates": [ 121.086674700000017, 14.6965028 ] } },
{ "type": "Feature", "properties": { "Amenity": null, "Building": null, "Landuse": null, "Name": null, "Shop": null }, "geometry": { "type": "Point", "coordinates": [ 121.05772180000001, 14.6266188 ] } },
{ "type": "Feature", "properties": { "Amenity": null, "Building": null, "Landuse": null, "Name": null, "Shop": null }, "geometry": { "type": "Point", "coordinates": [ 121.0427967, 14.6767586 ] } },
{ "type": "Feature", "properties": { "Amenity": null, "Building": null, "Landuse": null, "Name": null, "Shop": null }, "geometry": { "type": "Point", "coordinates": [ 121.0385616, 14.6119591 ] } },
{ "type": "Feature", "properties": { "Amenity": null, "Building": null, "Landuse": null, "Name": null, "Shop": null }, "geometry": { "type": "Point", "coordinates": [ 120.9917336, 14.640757 ] } },
{ "type": "Feature", "properties": { "Amenity": null, "Building": null, "Landuse": null, "Name": null, "Shop": null }, "geometry": { "type": "Point", "coordinates": [ 121.0422367, 14.6265115 ] } },
{ "type": "Feature", "properties": { "Amenity": null, "Building": null, "Landuse": null, "Name": null, "Shop": null }, "geometry": { "type": "Point", "coordinates": [ 121.0413572, 14.6317166 ] } },
{ "type": "Feature", "properties": { "Amenity": null, "Building": null, "Landuse": null, "Name": null, "Shop": null }, "geometry": { "type": "Point", "coordinates": [ 121.04875890000001, 14.6290203 ] } },
{ "type": "Feature", "properties": { "Amenity": null, "Building": null, "Landuse": null, "Name": null, "Shop": null }, "geometry": { "type": "Point", "coordinates": [ 121.03723, 14.615396 ] } },
{ "type": "Feature", "properties": { "Amenity": null, "Building": null, "Landuse": null, "Name": null, "Shop": null }, "geometry": { "type": "Point", "coordinates": [ 121.090117500000019, 14.7056416 ] } },
{ "type": "Feature", "properties": { "Amenity": null, "Building": null, "Landuse": null, "Name": null, "Shop": null }, "geometry": { "type": "Point", "coordinates": [ 121.004613, 14.6409585 ] } },
{ "type": "Feature", "properties": { "Amenity": null, "Building": null, "Landuse": null, "Name": null, "Shop": null }, "geometry": { "type": "Point", "coordinates": [ 121.0718113, 14.6216312 ] } },
{ "type": "Feature", "properties": { "Amenity": null, "Building": null, "Landuse": null, "Name": null, "Shop": null }, "geometry": { "type": "Point", "coordinates": [ 121.0305674, 14.6387115 ] } },
{ "type": "Feature", "properties": { "Amenity": null, "Building": null, "Landuse": null, "Name": null, "Shop": null }, "geometry": { "type": "Point", "coordinates": [ 121.037662400000016, 14.6282977 ] } },
{ "type": "Feature", "properties": { "Amenity": null, "Building": null, "Landuse": null, "Name": null, "Shop": null }, "geometry": { "type": "Point", "coordinates": [ 121.056731400000018, 14.7351318 ] } },
{ "type": "Feature", "properties": { "Amenity": null, "Building": null, "Landuse": null, "Name": null, "Shop": null }, "geometry": { "type": "Point", "coordinates": [ 121.0866332, 14.6965338 ] } },
{ "type": "Feature", "properties": { "Amenity": null, "Building": null, "Landuse": null, "Name": null, "Shop": null }, "geometry": { "type": "Point", "coordinates": [ 121.086303300000012, 14.6960389 ] } },
{ "type": "Feature", "properties": { "Amenity": null, "Building": null, "Landuse": null, "Name": null, "Shop": null }, "geometry": { "type": "Point", "coordinates": [ 121.0865819, 14.6961852 ] } },
{ "type": "Feature", "properties": { "Amenity": null, "Building": null, "Landuse": null, "Name": null, "Shop": null }, "geometry": { "type": "Point", "coordinates": [ 121.0519753, 14.6502294 ] } },
{ "type": "Feature", "properties": { "Amenity": null, "Building": null, "Landuse": null, "Name": null, "Shop": null }, "geometry": { "type": "Point", "coordinates": [ 121.052294100000012, 14.7416284 ] } },
{ "type": "Feature", "properties": { "Amenity": null, "Building": null, "Landuse": null, "Name": null, "Shop": null }, "geometry": { "type": "Point", "coordinates": [ 121.0194009, 14.7007405 ] } },
{ "type": "Feature", "properties": { "Amenity": null, "Building": null, "Landuse": null, "Name": null, "Shop": null }, "geometry": { "type": "Point", "coordinates": [ 121.0729849, 14.7062161 ] } },
{ "type": "Feature", "properties": { "Amenity": null, "Building": null, "Landuse": null, "Name": null, "Shop": null }, "geometry": { "type": "Point", "coordinates": [ 121.0729361, 14.7062169 ] } },
{ "type": "Feature", "properties": { "Amenity": null, "Building": null, "Landuse": null, "Name": null, "Shop": null }, "geometry": { "type": "Point", "coordinates": [ 121.0346638, 14.6310809 ] } },
{ "type": "Feature", "properties": { "Amenity": null, "Building": null, "Landuse": null, "Name": null, "Shop": null }, "geometry": { "type": "Point", "coordinates": [ 121.040100200000012, 14.6286149 ] } },
{ "type": "Feature", "properties": { "Amenity": null, "Building": null, "Landuse": null, "Name": null, "Shop": null }, "geometry": { "type": "Point", "coordinates": [ 121.0767001, 14.6714464 ] } },
{ "type": "Feature", "properties": { "Amenity": null, "Building": null, "Landuse": null, "Name": null, "Shop": null }, "geometry": { "type": "Point", "coordinates": [ 121.0532179, 14.6526736 ] } },
{ "type": "Feature", "properties": { "Amenity": null, "Building": null, "Landuse": null, "Name": null, "Shop": null }, "geometry": { "type": "Point", "coordinates": [ 121.0385267, 14.6714892 ] } },
{ "type": "Feature", "properties": { "Amenity": null, "Building": null, "Landuse": null, "Name": null, "Shop": null }, "geometry": { "type": "Point", "coordinates": [ 121.0727741, 14.6310644 ] } },
{ "type": "Feature", "properties": { "Amenity": null, "Building": null, "Landuse": null, "Name": null, "Shop": null }, "geometry": { "type": "Point", "coordinates": [ 121.0148023, 14.6272108 ] } },
{ "type": "Feature", "properties": { "Amenity": null, "Building": null, "Landuse": null, "Name": null, "Shop": null }, "geometry": { "type": "Point", "coordinates": [ 121.04177679999998, 14.6451838 ] } },
{ "type": "Feature", "properties": { "Amenity": null, "Building": null, "Landuse": null, "Name": null, "Shop": null }, "geometry": { "type": "Point", "coordinates": [ 121.073293, 14.6312599 ] } },
{ "type": "Feature", "properties": { "Amenity": null, "Building": null, "Landuse": null, "Name": null, "Shop": null }, "geometry": { "type": "Point", "coordinates": [ 121.038661, 14.6424589 ] } },
{ "type": "Feature", "properties": { "Amenity": null, "Building": null, "Landuse": null, "Name": null, "Shop": null }, "geometry": { "type": "Point", "coordinates": [ 121.105521400000015, 14.71143 ] } },
{ "type": "Feature", "properties": { "Amenity": null, "Building": null, "Landuse": null, "Name": null, "Shop": null }, "geometry": { "type": "Point", "coordinates": [ 121.0421277, 14.6396092 ] } },
{ "type": "Feature", "properties": { "Amenity": null, "Building": null, "Landuse": null, "Name": null, "Shop": null }, "geometry": { "type": "Point", "coordinates": [ 121.0422756, 14.6398494 ] } },
{ "type": "Feature", "properties": { "Amenity": null, "Building": null, "Landuse": null, "Name": null, "Shop": null }, "geometry": { "type": "Point", "coordinates": [ 121.046505, 14.6208299 ] } },
{ "type": "Feature", "properties": { "Amenity": null, "Building": null, "Landuse": null, "Name": null, "Shop": null }, "geometry": { "type": "Point", "coordinates": [ 121.039094, 14.6332743 ] } },
{ "type": "Feature", "properties": { "Amenity": null, "Building": null, "Landuse": null, "Name": null, "Shop": null }, "geometry": { "type": "Point", "coordinates": [ 121.0131199, 14.6106446 ] } },
{ "type": "Feature", "properties": { "Amenity": null, "Building": null, "Landuse": null, "Name": null, "Shop": null }, "geometry": { "type": "Point", "coordinates": [ 121.017469600000013, 14.6532037 ] } },
{ "type": "Feature", "properties": { "Amenity": null, "Building": null, "Landuse": null, "Name": null, "Shop": null }, "geometry": { "type": "Point", "coordinates": [ 121.0003908, 14.6403004 ] } },
{ "type": "Feature", "properties": { "Amenity": null, "Building": null, "Landuse": null, "Name": null, "Shop": null }, "geometry": { "type": "Point", "coordinates": [ 121.08703, 14.692856 ] } },
{ "type": "Feature", "properties": { "Amenity": null, "Building": null, "Landuse": null, "Name": null, "Shop": null }, "geometry": { "type": "Point", "coordinates": [ 121.0356608, 14.6406585 ] } },
{ "type": "Feature", "properties": { "Amenity": null, "Building": null, "Landuse": null, "Name": null, "Shop": null }, "geometry": { "type": "Point", "coordinates": [ 121.03047810000001, 14.6342047 ] } },
{ "type": "Feature", "properties": { "Amenity": null, "Building": null, "Landuse": null, "Name": null, "Shop": null }, "geometry": { "type": "Point", "coordinates": [ 121.0590445, 14.6191893 ] } },
{ "type": "Feature", "properties": { "Amenity": null, "Building": null, "Landuse": null, "Name": null, "Shop": null }, "geometry": { "type": "Point", "coordinates": [ 121.0612884, 14.6352933 ] } },
{ "type": "Feature", "properties": { "Amenity": null, "Building": null, "Landuse": null, "Name": null, "Shop": null }, "geometry": { "type": "Point", "coordinates": [ 121.04566029999998, 14.6323817 ] } },
{ "type": "Feature", "properties": { "Amenity": null, "Building": null, "Landuse": null, "Name": null, "Shop": null }, "geometry": { "type": "Point", "coordinates": [ 121.0435641, 14.6355296 ] } },
{ "type": "Feature", "properties": { "Amenity": null, "Building": null, "Landuse": null, "Name": null, "Shop": null }, "geometry": { "type": "Point", "coordinates": [ 121.023854, 14.6512859 ] } },
{ "type": "Feature", "properties": { "Amenity": null, "Building": null, "Landuse": null, "Name": null, "Shop": null }, "geometry": { "type": "Point", "coordinates": [ 121.0127765, 14.6690519 ] } },
{ "type": "Feature", "properties": { "Amenity": null, "Building": null, "Landuse": null, "Name": null, "Shop": null }, "geometry": { "type": "Point", "coordinates": [ 121.0598828, 14.6203687 ] } },
{ "type": "Feature", "properties": { "Amenity": null, "Building": null, "Landuse": null, "Name": null, "Shop": null }, "geometry": { "type": "Point", "coordinates": [ 121.062534199999988, 14.6340514 ] } },
{ "type": "Feature", "properties": { "Amenity": null, "Building": null, "Landuse": null, "Name": null, "Shop": null }, "geometry": { "type": "Point", "coordinates": [ 121.049427600000016, 14.6214609 ] } },
{ "type": "Feature", "properties": { "Amenity": null, "Building": null, "Landuse": null, "Name": null, "Shop": null }, "geometry": { "type": "Point", "coordinates": [ 121.087787800000015, 14.6010295 ] } },
{ "type": "Feature", "properties": { "Amenity": null, "Building": null, "Landuse": null, "Name": null, "Shop": null }, "geometry": { "type": "Point", "coordinates": [ 121.089455699999988, 14.6015934 ] } },
{ "type": "Feature", "properties": { "Amenity": null, "Building": null, "Landuse": null, "Name": null, "Shop": null }, "geometry": { "type": "Point", "coordinates": [ 121.0041774, 14.6229063 ] } },
{ "type": "Feature", "properties": { "Amenity": null, "Building": null, "Landuse": null, "Name": null, "Shop": null }, "geometry": { "type": "Point", "coordinates": [ 121.06034649999998, 14.6573399 ] } },
{ "type": "Feature", "properties": { "Amenity": null, "Building": null, "Landuse": null, "Name": null, "Shop": null }, "geometry": { "type": "Point", "coordinates": [ 121.060344300000011, 14.6281051 ] } },
{ "type": "Feature", "properties": { "Amenity": null, "Building": null, "Landuse": null, "Name": null, "Shop": null }, "geometry": { "type": "Point", "coordinates": [ 121.0283363, 14.6548302 ] } },
{ "type": "Feature", "properties": { "Amenity": null, "Building": null, "Landuse": null, "Name": null, "Shop": null }, "geometry": { "type": "Point", "coordinates": [ 121.0448335, 14.6525291 ] } },
{ "type": "Feature", "properties": { "Amenity": null, "Building": null, "Landuse": null, "Name": null, "Shop": null }, "geometry": { "type": "Point", "coordinates": [ 121.078581899999989, 14.672976 ] } },
{ "type": "Feature", "properties": { "Amenity": null, "Building": null, "Landuse": null, "Name": null, "Shop": null }, "geometry": { "type": "Point", "coordinates": [ 121.0723007, 14.63082 ] } },
{ "type": "Feature", "properties": { "Amenity": null, "Building": null, "Landuse": null, "Name": null, "Shop": null }, "geometry": { "type": "Point", "coordinates": [ 121.0866609, 14.6952391 ] } },
{ "type": "Feature", "properties": { "Amenity": null, "Building": null, "Landuse": null, "Name": null, "Shop": null }, "geometry": { "type": "Point", "coordinates": [ 121.086530199999984, 14.6952089 ] } },
{ "type": "Feature", "properties": { "Amenity": null, "Building": null, "Landuse": null, "Name": null, "Shop": null }, "geometry": { "type": "Point", "coordinates": [ 121.0866162, 14.6953011 ] } },
{ "type": "Feature", "properties": { "Amenity": null, "Building": null, "Landuse": null, "Name": null, "Shop": null }, "geometry": { "type": "Point", "coordinates": [ 121.086631, 14.6952714 ] } },
{ "type": "Feature", "properties": { "Amenity": null, "Building": null, "Landuse": null, "Name": null, "Shop": null }, "geometry": { "type": "Point", "coordinates": [ 121.0386254, 14.6424366 ] } },
{ "type": "Feature", "properties": { "Amenity": null, "Building": null, "Landuse": null, "Name": null, "Shop": null }, "geometry": { "type": "Point", "coordinates": [ 121.0510526, 14.6526558 ] } },
{ "type": "Feature", "properties": { "Amenity": null, "Building": null, "Landuse": null, "Name": null, "Shop": null }, "geometry": { "type": "Point", "coordinates": [ 121.076994400000018, 14.6845201 ] } },
{ "type": "Feature", "properties": { "Amenity": null, "Building": null, "Landuse": null, "Name": null, "Shop": null }, "geometry": { "type": "Point", "coordinates": [ 121.0782577, 14.607348 ] } },
{ "type": "Feature", "properties": { "Amenity": null, "Building": null, "Landuse": null, "Name": null, "Shop": null }, "geometry": { "type": "Point", "coordinates": [ 121.054316, 14.6061085 ] } },
{ "type": "Feature", "properties": { "Amenity": null, "Building": null, "Landuse": null, "Name": null, "Shop": null }, "geometry": { "type": "Point", "coordinates": [ 121.0246028, 14.6358797 ] } },
{ "type": "Feature", "properties": { "Amenity": null, "Building": null, "Landuse": null, "Name": null, "Shop": null }, "geometry": { "type": "Point", "coordinates": [ 121.0067067, 14.6388669 ] } },
{ "type": "Feature", "properties": { "Amenity": null, "Building": null, "Landuse": null, "Name": null, "Shop": null }, "geometry": { "type": "Point", "coordinates": [ 121.038728799999987, 14.6606904 ] } },
{ "type": "Feature", "properties": { "Amenity": null, "Building": null, "Landuse": null, "Name": null, "Shop": null }, "geometry": { "type": "Point", "coordinates": [ 121.038598800000017, 14.6605647 ] } },
{ "type": "Feature", "properties": { "Amenity": null, "Building": null, "Landuse": null, "Name": null, "Shop": null }, "geometry": { "type": "Point", "coordinates": [ 121.038990399999989, 14.6604767 ] } },
{ "type": "Feature", "properties": { "Amenity": null, "Building": null, "Landuse": null, "Name": null, "Shop": null }, "geometry": { "type": "Point", "coordinates": [ 121.04287170000002, 14.6381849 ] } },
{ "type": "Feature", "properties": { "Amenity": null, "Building": null, "Landuse": null, "Name": null, "Shop": null }, "geometry": { "type": "Point", "coordinates": [ 121.042019700000012, 14.6309598 ] } },
{ "type": "Feature", "properties": { "Amenity": null, "Building": null, "Landuse": null, "Name": null, "Shop": null }, "geometry": { "type": "Point", "coordinates": [ 121.04194, 14.6295105 ] } },
{ "type": "Feature", "properties": { "Amenity": null, "Building": null, "Landuse": null, "Name": null, "Shop": null }, "geometry": { "type": "Point", "coordinates": [ 121.0501832, 14.6476335 ] } },
{ "type": "Feature", "properties": { "Amenity": null, "Building": null, "Landuse": null, "Name": null, "Shop": null }, "geometry": { "type": "Point", "coordinates": [ 121.0511337, 14.6478708 ] } },
{ "type": "Feature", "properties": { "Amenity": null, "Building": null, "Landuse": null, "Name": null, "Shop": null }, "geometry": { "type": "Point", "coordinates": [ 121.034950899999984, 14.6422049 ] } },
{ "type": "Feature", "properties": { "Amenity": null, "Building": null, "Landuse": null, "Name": null, "Shop": null }, "geometry": { "type": "Point", "coordinates": [ 121.0423159, 14.6599678 ] } },
{ "type": "Feature", "properties": { "Amenity": null, "Building": null, "Landuse": null, "Name": null, "Shop": null }, "geometry": { "type": "Point", "coordinates": [ 121.0375269, 14.6339766 ] } },
{ "type": "Feature", "properties": { "Amenity": null, "Building": null, "Landuse": null, "Name": null, "Shop": null }, "geometry": { "type": "Point", "coordinates": [ 121.0314074, 14.6618424 ] } },
{ "type": "Feature", "properties": { "Amenity": null, "Building": null, "Landuse": null, "Name": null, "Shop": null }, "geometry": { "type": "Point", "coordinates": [ 121.015924100000021, 14.6151621 ] } },
{ "type": "Feature", "properties": { "Amenity": null, "Building": null, "Landuse": null, "Name": null, "Shop": null }, "geometry": { "type": "Point", "coordinates": [ 121.0756618, 14.6758569 ] } },
{ "type": "Feature", "properties": { "Amenity": null, "Building": null, "Landuse": null, "Name": null, "Shop": null }, "geometry": { "type": "Point", "coordinates": [ 121.0944396, 14.6927242 ] } },
{ "type": "Feature", "properties": { "Amenity": null, "Building": null, "Landuse": null, "Name": null, "Shop": null }, "geometry": { "type": "Point", "coordinates": [ 121.078078100000013, 14.6758621 ] } },
{ "type": "Feature", "properties": { "Amenity": null, "Building": null, "Landuse": null, "Name": null, "Shop": null }, "geometry": { "type": "Point", "coordinates": [ 121.0958052, 14.7019379 ] } },
{ "type": "Feature", "properties": { "Amenity": null, "Building": null, "Landuse": null, "Name": null, "Shop": null }, "geometry": { "type": "Point", "coordinates": [ 121.0391441, 14.7191176 ] } },
{ "type": "Feature", "properties": { "Amenity": null, "Building": null, "Landuse": null, "Name": null, "Shop": null }, "geometry": { "type": "Point", "coordinates": [ 121.0512048, 14.6502954 ] } },
{ "type": "Feature", "properties": { "Amenity": null, "Building": null, "Landuse": null, "Name": null, "Shop": null }, "geometry": { "type": "Point", "coordinates": [ 121.0797657, 14.6820665 ] } },
{ "type": "Feature", "properties": { "Amenity": null, "Building": null, "Landuse": null, "Name": null, "Shop": null }, "geometry": { "type": "Point", "coordinates": [ 121.0770553, 14.6845521 ] } },
{ "type": "Feature", "properties": { "Amenity": null, "Building": null, "Landuse": null, "Name": null, "Shop": null }, "geometry": { "type": "Point", "coordinates": [ 121.0500702, 14.6098858 ] } },
{ "type": "Feature", "properties": { "Amenity": null, "Building": null, "Landuse": null, "Name": null, "Shop": null }, "geometry": { "type": "Point", "coordinates": [ 121.04912130000001, 14.6201851 ] } },
{ "type": "Feature", "properties": { "Amenity": null, "Building": null, "Landuse": null, "Name": null, "Shop": null }, "geometry": { "type": "Point", "coordinates": [ 121.048177100000018, 14.6205756 ] } },
{ "type": "Feature", "properties": { "Amenity": null, "Building": null, "Landuse": null, "Name": null, "Shop": null }, "geometry": { "type": "Point", "coordinates": [ 121.0772249, 14.6389506 ] } },
{ "type": "Feature", "properties": { "Amenity": null, "Building": null, "Landuse": null, "Name": null, "Shop": null }, "geometry": { "type": "Point", "coordinates": [ 121.0519112, 14.6478153 ] } },
{ "type": "Feature", "properties": { "Amenity": null, "Building": null, "Landuse": null, "Name": null, "Shop": null }, "geometry": { "type": "Point", "coordinates": [ 121.0862054, 14.6962205 ] } },
{ "type": "Feature", "properties": { "Amenity": null, "Building": null, "Landuse": null, "Name": null, "Shop": null }, "geometry": { "type": "Point", "coordinates": [ 121.0865699, 14.6962879 ] } },
{ "type": "Feature", "properties": { "Amenity": null, "Building": null, "Landuse": null, "Name": null, "Shop": null }, "geometry": { "type": "Point", "coordinates": [ 121.0467192, 14.6356691 ] } },
{ "type": "Feature", "properties": { "Amenity": null, "Building": null, "Landuse": null, "Name": null, "Shop": null }, "geometry": { "type": "Point", "coordinates": [ 121.062098500000019, 14.6200765 ] } },
{ "type": "Feature", "properties": { "Amenity": null, "Building": null, "Landuse": null, "Name": null, "Shop": null }, "geometry": { "type": "Point", "coordinates": [ 121.047, 14.6357 ] } },
{ "type": "Feature", "properties": { "Amenity": null, "Building": null, "Landuse": null, "Name": null, "Shop": null }, "geometry": { "type": "Point", "coordinates": [ 121.0793121, 14.6647611 ] } },
{ "type": "Feature", "properties": { "Amenity": null, "Building": null, "Landuse": null, "Name": null, "Shop": null }, "geometry": { "type": "Point", "coordinates": [ 121.041955500000014, 14.7241746 ] } },
{ "type": "Feature", "properties": { "Amenity": null, "Building": null, "Landuse": null, "Name": null, "Shop": null }, "geometry": { "type": "Point", "coordinates": [ 121.021062, 14.682847 ] } },
{ "type": "Feature", "properties": { "Amenity": null, "Building": null, "Landuse": null, "Name": null, "Shop": null }, "geometry": { "type": "Point", "coordinates": [ 121.0150147, 14.6525286 ] } },
{ "type": "Feature", "properties": { "Amenity": null, "Building": null, "Landuse": null, "Name": null, "Shop": null }, "geometry": { "type": "Point", "coordinates": [ 121.046641, 14.6585488 ] } },
{ "type": "Feature", "properties": { "Amenity": null, "Building": null, "Landuse": null, "Name": null, "Shop": null }, "geometry": { "type": "Point", "coordinates": [ 121.0530049, 14.6543565 ] } },
{ "type": "Feature", "properties": { "Amenity": null, "Building": null, "Landuse": null, "Name": null, "Shop": null }, "geometry": { "type": "Point", "coordinates": [ 121.05286, 14.6542631 ] } },
{ "type": "Feature", "properties": { "Amenity": null, "Building": null, "Landuse": null, "Name": null, "Shop": null }, "geometry": { "type": "Point", "coordinates": [ 121.0208015, 14.6544233 ] } },
{ "type": "Feature", "properties": { "Amenity": null, "Building": null, "Landuse": null, "Name": null, "Shop": null }, "geometry": { "type": "Point", "coordinates": [ 121.0379531, 14.6607155 ] } },
{ "type": "Feature", "properties": { "Amenity": null, "Building": null, "Landuse": null, "Name": null, "Shop": null }, "geometry": { "type": "Point", "coordinates": [ 121.0325805, 14.6394012 ] } },
{ "type": "Feature", "properties": { "Amenity": null, "Building": null, "Landuse": null, "Name": null, "Shop": null }, "geometry": { "type": "Point", "coordinates": [ 121.032984, 14.6400683 ] } },
{ "type": "Feature", "properties": { "Amenity": null, "Building": null, "Landuse": null, "Name": null, "Shop": null }, "geometry": { "type": "Point", "coordinates": [ 121.0208469, 14.6568478 ] } },
{ "type": "Feature", "properties": { "Amenity": null, "Building": null, "Landuse": null, "Name": null, "Shop": null }, "geometry": { "type": "Point", "coordinates": [ 121.05538, 14.620999 ] } },
{ "type": "Feature", "properties": { "Amenity": null, "Building": null, "Landuse": null, "Name": null, "Shop": null }, "geometry": { "type": "Point", "coordinates": [ 121.0316259, 14.6414882 ] } },
{ "type": "Feature", "properties": { "Amenity": null, "Building": null, "Landuse": null, "Name": null, "Shop": null }, "geometry": { "type": "Point", "coordinates": [ 121.06072540000001, 14.626829 ] } },
{ "type": "Feature", "properties": { "Amenity": null, "Building": null, "Landuse": null, "Name": null, "Shop": null }, "geometry": { "type": "Point", "coordinates": [ 120.9965401, 14.6377053 ] } },
{ "type": "Feature", "properties": { "Amenity": null, "Building": null, "Landuse": null, "Name": null, "Shop": null }, "geometry": { "type": "Point", "coordinates": [ 121.0447597, 14.6318558 ] } },
{ "type": "Feature", "properties": { "Amenity": null, "Building": null, "Landuse": null, "Name": null, "Shop": null }, "geometry": { "type": "Point", "coordinates": [ 121.0470234, 14.6283907 ] } },
{ "type": "Feature", "properties": { "Amenity": null, "Building": null, "Landuse": null, "Name": null, "Shop": null }, "geometry": { "type": "Point", "coordinates": [ 121.0375111, 14.6625378 ] } },
{ "type": "Feature", "properties": { "Amenity": null, "Building": null, "Landuse": null, "Name": null, "Shop": null }, "geometry": { "type": "Point", "coordinates": [ 121.020867, 14.663899 ] } },
{ "type": "Feature", "properties": { "Amenity": null, "Building": null, "Landuse": null, "Name": null, "Shop": null }, "geometry": { "type": "Point", "coordinates": [ 121.0149397, 14.6177196 ] } },
{ "type": "Feature", "properties": { "Amenity": null, "Building": null, "Landuse": null, "Name": null, "Shop": null }, "geometry": { "type": "Point", "coordinates": [ 121.015106, 14.6187856 ] } },
{ "type": "Feature", "properties": { "Amenity": null, "Building": null, "Landuse": null, "Name": null, "Shop": null }, "geometry": { "type": "Point", "coordinates": [ 121.0180722, 14.633321 ] } },
{ "type": "Feature", "properties": { "Amenity": null, "Building": null, "Landuse": null, "Name": null, "Shop": null }, "geometry": { "type": "Point", "coordinates": [ 120.995423400000021, 14.6216926 ] } },
{ "type": "Feature", "properties": { "Amenity": null, "Building": null, "Landuse": null, "Name": null, "Shop": null }, "geometry": { "type": "Point", "coordinates": [ 120.9979569, 14.6213837 ] } },
{ "type": "Feature", "properties": { "Amenity": null, "Building": null, "Landuse": null, "Name": null, "Shop": null }, "geometry": { "type": "Point", "coordinates": [ 121.019974, 14.6066828 ] } },
{ "type": "Feature", "properties": { "Amenity": null, "Building": null, "Landuse": null, "Name": null, "Shop": null }, "geometry": { "type": "Point", "coordinates": [ 121.0345051, 14.6419115 ] } },
{ "type": "Feature", "properties": { "Amenity": null, "Building": null, "Landuse": null, "Name": null, "Shop": null }, "geometry": { "type": "Point", "coordinates": [ 121.0344754, 14.6419538 ] } },
{ "type": "Feature", "properties": { "Amenity": null, "Building": null, "Landuse": null, "Name": null, "Shop": null }, "geometry": { "type": "Point", "coordinates": [ 121.0392578, 14.6414071 ] } },
{ "type": "Feature", "properties": { "Amenity": null, "Building": null, "Landuse": null, "Name": null, "Shop": null }, "geometry": { "type": "Point", "coordinates": [ 121.066891100000021, 14.6518689 ] } },
{ "type": "Feature", "properties": { "Amenity": null, "Building": null, "Landuse": null, "Name": null, "Shop": null }, "geometry": { "type": "Point", "coordinates": [ 121.0271573, 14.6375868 ] } },
{ "type": "Feature", "properties": { "Amenity": null, "Building": null, "Landuse": null, "Name": null, "Shop": null }, "geometry": { "type": "Point", "coordinates": [ 121.065008899999981, 14.6575763 ] } },
{ "type": "Feature", "properties": { "Amenity": null, "Building": null, "Landuse": null, "Name": null, "Shop": null }, "geometry": { "type": "Point", "coordinates": [ 121.020583300000013, 14.6336402 ] } },
{ "type": "Feature", "properties": { "Amenity": null, "Building": null, "Landuse": null, "Name": null, "Shop": null }, "geometry": { "type": "Point", "coordinates": [ 121.0418026, 14.6470514 ] } },
{ "type": "Feature", "properties": { "Amenity": null, "Building": null, "Landuse": null, "Name": null, "Shop": null }, "geometry": { "type": "Point", "coordinates": [ 121.046982400000019, 14.6282096 ] } },
{ "type": "Feature", "properties": { "Amenity": null, "Building": null, "Landuse": null, "Name": null, "Shop": null }, "geometry": { "type": "Point", "coordinates": [ 121.0314718, 14.7015174 ] } },
{ "type": "Feature", "properties": { "Amenity": null, "Building": null, "Landuse": null, "Name": null, "Shop": null }, "geometry": { "type": "Point", "coordinates": [ 121.033080500000011, 14.6256585 ] } },
{ "type": "Feature", "properties": { "Amenity": null, "Building": null, "Landuse": null, "Name": null, "Shop": null }, "geometry": { "type": "Point", "coordinates": [ 121.0334131, 14.6271297 ] } },
{ "type": "Feature", "properties": { "Amenity": null, "Building": null, "Landuse": null, "Name": null, "Shop": null }, "geometry": { "type": "Point", "coordinates": [ 121.0334098, 14.6271145 ] } },
{ "type": "Feature", "properties": { "Amenity": null, "Building": null, "Landuse": null, "Name": null, "Shop": null }, "geometry": { "type": "Point", "coordinates": [ 121.0215712, 14.6520641 ] } },
{ "type": "Feature", "properties": { "Amenity": null, "Building": null, "Landuse": null, "Name": null, "Shop": null }, "geometry": { "type": "Point", "coordinates": [ 121.0647956, 14.7355183 ] } },
{ "type": "Feature", "properties": { "Amenity": null, "Building": null, "Landuse": null, "Name": null, "Shop": null }, "geometry": { "type": "Point", "coordinates": [ 121.0416869, 14.652323 ] } },
{ "type": "Feature", "properties": { "Amenity": null, "Building": null, "Landuse": null, "Name": null, "Shop": null }, "geometry": { "type": "Point", "coordinates": [ 121.0618805, 14.6269042 ] } },
{ "type": "Feature", "properties": { "Amenity": null, "Building": null, "Landuse": null, "Name": null, "Shop": null }, "geometry": { "type": "Point", "coordinates": [ 121.0227379, 14.6846647 ] } },
{ "type": "Feature", "properties": { "Amenity": null, "Building": null, "Landuse": null, "Name": null, "Shop": null }, "geometry": { "type": "Point", "coordinates": [ 121.0227235, 14.6846582 ] } },
{ "type": "Feature", "properties": { "Amenity": null, "Building": null, "Landuse": null, "Name": null, "Shop": null }, "geometry": { "type": "Point", "coordinates": [ 121.0225723, 14.6845878 ] } },
{ "type": "Feature", "properties": { "Amenity": null, "Building": null, "Landuse": null, "Name": null, "Shop": null }, "geometry": { "type": "Point", "coordinates": [ 121.0187233, 14.6770413 ] } },
{ "type": "Feature", "properties": { "Amenity": null, "Building": null, "Landuse": null, "Name": null, "Shop": null }, "geometry": { "type": "Point", "coordinates": [ 121.034174099999987, 14.6989132 ] } },
{ "type": "Feature", "properties": { "Amenity": null, "Building": null, "Landuse": null, "Name": null, "Shop": null }, "geometry": { "type": "Point", "coordinates": [ 121.03363760000002, 14.6988068 ] } },
{ "type": "Feature", "properties": { "Amenity": null, "Building": null, "Landuse": null, "Name": null, "Shop": null }, "geometry": { "type": "Point", "coordinates": [ 121.0345327, 14.6419762 ] } },
{ "type": "Feature", "properties": { "Amenity": null, "Building": null, "Landuse": null, "Name": null, "Shop": null }, "geometry": { "type": "Point", "coordinates": [ 121.069483, 14.7087844 ] } },
{ "type": "Feature", "properties": { "Amenity": null, "Building": null, "Landuse": null, "Name": null, "Shop": null }, "geometry": { "type": "Point", "coordinates": [ 121.029547400000013, 14.6597529 ] } },
{ "type": "Feature", "properties": { "Amenity": null, "Building": null, "Landuse": null, "Name": null, "Shop": null }, "geometry": { "type": "Point", "coordinates": [ 121.0640694, 14.621352 ] } },
{ "type": "Feature", "properties": { "Amenity": null, "Building": null, "Landuse": null, "Name": null, "Shop": null }, "geometry": { "type": "Point", "coordinates": [ 121.012948800000018, 14.644619 ] } },
{ "type": "Feature", "properties": { "Amenity": null, "Building": null, "Landuse": null, "Name": null, "Shop": null }, "geometry": { "type": "Point", "coordinates": [ 121.0540031, 14.61641 ] } },
{ "type": "Feature", "properties": { "Amenity": null, "Building": null, "Landuse": null, "Name": null, "Shop": null }, "geometry": { "type": "Point", "coordinates": [ 121.0453147, 14.6196704 ] } },
{ "type": "Feature", "properties": { "Amenity": null, "Building": null, "Landuse": null, "Name": null, "Shop": null }, "geometry": { "type": "Point", "coordinates": [ 121.046146900000011, 14.6202226 ] } },
{ "type": "Feature", "properties": { "Amenity": null, "Building": null, "Landuse": null, "Name": null, "Shop": null }, "geometry": { "type": "Point", "coordinates": [ 121.033228, 14.7219332 ] } },
{ "type": "Feature", "properties": { "Amenity": null, "Building": null, "Landuse": null, "Name": null, "Shop": null }, "geometry": { "type": "Point", "coordinates": [ 121.044510800000012, 14.7301993 ] } },
{ "type": "Feature", "properties": { "Amenity": null, "Building": null, "Landuse": null, "Name": null, "Shop": null }, "geometry": { "type": "Point", "coordinates": [ 121.0356239, 14.6662471 ] } },
{ "type": "Feature", "properties": { "Amenity": null, "Building": null, "Landuse": null, "Name": null, "Shop": null }, "geometry": { "type": "Point", "coordinates": [ 121.027559700000012, 14.6559001 ] } },
{ "type": "Feature", "properties": { "Amenity": null, "Building": null, "Landuse": null, "Name": null, "Shop": null }, "geometry": { "type": "Point", "coordinates": [ 121.0276376, 14.655892 ] } },
{ "type": "Feature", "properties": { "Amenity": null, "Building": null, "Landuse": null, "Name": null, "Shop": null }, "geometry": { "type": "Point", "coordinates": [ 121.0284018, 14.6556963 ] } },
{ "type": "Feature", "properties": { "Amenity": null, "Building": null, "Landuse": null, "Name": null, "Shop": null }, "geometry": { "type": "Point", "coordinates": [ 121.086263799999983, 14.6966001 ] } },
{ "type": "Feature", "properties": { "Amenity": null, "Building": null, "Landuse": null, "Name": null, "Shop": null }, "geometry": { "type": "Point", "coordinates": [ 121.053913, 14.6164465 ] } },
{ "type": "Feature", "properties": { "Amenity": null, "Building": null, "Landuse": null, "Name": null, "Shop": null }, "geometry": { "type": "Point", "coordinates": [ 121.049497, 14.7240591 ] } },
{ "type": "Feature", "properties": { "Amenity": null, "Building": null, "Landuse": null, "Name": null, "Shop": null }, "geometry": { "type": "Point", "coordinates": [ 121.080173200000019, 14.6089335 ] } },
{ "type": "Feature", "properties": { "Amenity": null, "Building": null, "Landuse": null, "Name": null, "Shop": null }, "geometry": { "type": "Point", "coordinates": [ 121.0720037, 14.6862781 ] } },
{ "type": "Feature", "properties": { "Amenity": null, "Building": null, "Landuse": null, "Name": null, "Shop": null }, "geometry": { "type": "Point", "coordinates": [ 121.0211474, 14.6525831 ] } },
{ "type": "Feature", "properties": { "Amenity": null, "Building": null, "Landuse": null, "Name": null, "Shop": null }, "geometry": { "type": "Point", "coordinates": [ 121.0031545, 14.6414597 ] } },
{ "type": "Feature", "properties": { "Amenity": null, "Building": null, "Landuse": null, "Name": null, "Shop": null }, "geometry": { "type": "Point", "coordinates": [ 121.0016021, 14.650786 ] } },
{ "type": "Feature", "properties": { "Amenity": null, "Building": null, "Landuse": null, "Name": null, "Shop": null }, "geometry": { "type": "Point", "coordinates": [ 121.036223, 14.6313451 ] } },
{ "type": "Feature", "properties": { "Amenity": null, "Building": null, "Landuse": null, "Name": null, "Shop": null }, "geometry": { "type": "Point", "coordinates": [ 121.0693514, 14.6679532 ] } },
{ "type": "Feature", "properties": { "Amenity": null, "Building": null, "Landuse": null, "Name": null, "Shop": null }, "geometry": { "type": "Point", "coordinates": [ 121.06932190000002, 14.6679993 ] } },
{ "type": "Feature", "properties": { "Amenity": null, "Building": null, "Landuse": null, "Name": null, "Shop": null }, "geometry": { "type": "Point", "coordinates": [ 121.038820300000012, 14.7075798 ] } },
{ "type": "Feature", "properties": { "Amenity": null, "Building": null, "Landuse": null, "Name": null, "Shop": null }, "geometry": { "type": "Point", "coordinates": [ 121.052060900000015, 14.6478468 ] } },
{ "type": "Feature", "properties": { "Amenity": null, "Building": null, "Landuse": null, "Name": null, "Shop": null }, "geometry": { "type": "Point", "coordinates": [ 121.0487404, 14.6233319 ] } },
{ "type": "Feature", "properties": { "Amenity": null, "Building": null, "Landuse": null, "Name": null, "Shop": null }, "geometry": { "type": "Point", "coordinates": [ 121.037109200000017, 14.720293 ] } },
{ "type": "Feature", "properties": { "Amenity": null, "Building": null, "Landuse": null, "Name": null, "Shop": null }, "geometry": { "type": "Point", "coordinates": [ 121.050482400000021, 14.7200923 ] } },
{ "type": "Feature", "properties": { "Amenity": null, "Building": null, "Landuse": null, "Name": null, "Shop": null }, "geometry": { "type": "Point", "coordinates": [ 121.0963424, 14.7146973 ] } },
{ "type": "Feature", "properties": { "Amenity": null, "Building": null, "Landuse": null, "Name": null, "Shop": null }, "geometry": { "type": "Point", "coordinates": [ 121.0960588, 14.6906571 ] } },
{ "type": "Feature", "properties": { "Amenity": null, "Building": null, "Landuse": null, "Name": null, "Shop": null }, "geometry": { "type": "Point", "coordinates": [ 121.031172699999985, 14.6379419 ] } },
{ "type": "Feature", "properties": { "Amenity": null, "Building": null, "Landuse": null, "Name": null, "Shop": null }, "geometry": { "type": "Point", "coordinates": [ 121.065250300000017, 14.6243051 ] } },
{ "type": "Feature", "properties": { "Amenity": null, "Building": null, "Landuse": null, "Name": null, "Shop": null }, "geometry": { "type": "Point", "coordinates": [ 121.062025600000013, 14.6237672 ] } },
{ "type": "Feature", "properties": { "Amenity": null, "Building": null, "Landuse": null, "Name": null, "Shop": null }, "geometry": { "type": "Point", "coordinates": [ 121.0689846, 14.62563 ] } },
{ "type": "Feature", "properties": { "Amenity": null, "Building": null, "Landuse": null, "Name": null, "Shop": null }, "geometry": { "type": "Point", "coordinates": [ 121.072723600000018, 14.626345 ] } },
{ "type": "Feature", "properties": { "Amenity": null, "Building": null, "Landuse": null, "Name": null, "Shop": null }, "geometry": { "type": "Point", "coordinates": [ 121.062871, 14.6368376 ] } },
{ "type": "Feature", "properties": { "Amenity": null, "Building": null, "Landuse": null, "Name": null, "Shop": null }, "geometry": { "type": "Point", "coordinates": [ 121.0628644, 14.6368316 ] } },
{ "type": "Feature", "properties": { "Amenity": null, "Building": null, "Landuse": null, "Name": null, "Shop": null }, "geometry": { "type": "Point", "coordinates": [ 121.0037532, 14.619396 ] } },
{ "type": "Feature", "properties": { "Amenity": null, "Building": null, "Landuse": null, "Name": null, "Shop": null }, "geometry": { "type": "Point", "coordinates": [ 121.0485059, 14.6456803 ] } },
{ "type": "Feature", "properties": { "Amenity": null, "Building": null, "Landuse": null, "Name": null, "Shop": null }, "geometry": { "type": "Point", "coordinates": [ 121.0614284, 14.7356894 ] } },
{ "type": "Feature", "properties": { "Amenity": null, "Building": null, "Landuse": null, "Name": null, "Shop": null }, "geometry": { "type": "Point", "coordinates": [ 121.038688, 14.6444137 ] } },
{ "type": "Feature", "properties": { "Amenity": null, "Building": null, "Landuse": null, "Name": null, "Shop": null }, "geometry": { "type": "Point", "coordinates": [ 121.0844624, 14.6919671 ] } },
{ "type": "Feature", "properties": { "Amenity": null, "Building": null, "Landuse": null, "Name": null, "Shop": null }, "geometry": { "type": "Point", "coordinates": [ 121.0609997, 14.7169165 ] } },
{ "type": "Feature", "properties": { "Amenity": null, "Building": null, "Landuse": null, "Name": null, "Shop": null }, "geometry": { "type": "Point", "coordinates": [ 121.0625556, 14.7175525 ] } },
{ "type": "Feature", "properties": { "Amenity": null, "Building": null, "Landuse": null, "Name": null, "Shop": null }, "geometry": { "type": "Point", "coordinates": [ 121.012902, 14.6145211 ] } },
{ "type": "Feature", "properties": { "Amenity": null, "Building": null, "Landuse": null, "Name": null, "Shop": null }, "geometry": { "type": "Point", "coordinates": [ 121.0605847, 14.6115947 ] } },
{ "type": "Feature", "properties": { "Amenity": null, "Building": null, "Landuse": null, "Name": null, "Shop": null }, "geometry": { "type": "Point", "coordinates": [ 121.0844551, 14.6915209 ] } },
{ "type": "Feature", "properties": { "Amenity": null, "Building": null, "Landuse": null, "Name": null, "Shop": null }, "geometry": { "type": "Point", "coordinates": [ 121.0137073, 14.6597435 ] } },
{ "type": "Feature", "properties": { "Amenity": null, "Building": null, "Landuse": null, "Name": null, "Shop": null }, "geometry": { "type": "Point", "coordinates": [ 121.0498021, 14.6240156 ] } },
{ "type": "Feature", "properties": { "Amenity": null, "Building": null, "Landuse": null, "Name": null, "Shop": null }, "geometry": { "type": "Point", "coordinates": [ 121.06028280000001, 14.6113679 ] } },
{ "type": "Feature", "properties": { "Amenity": null, "Building": null, "Landuse": null, "Name": null, "Shop": null }, "geometry": { "type": "Point", "coordinates": [ 121.0556238, 14.6388044 ] } },
{ "type": "Feature", "properties": { "Amenity": null, "Building": null, "Landuse": null, "Name": null, "Shop": null }, "geometry": { "type": "Point", "coordinates": [ 121.0317302, 14.6951936 ] } },
{ "type": "Feature", "properties": { "Amenity": null, "Building": null, "Landuse": null, "Name": null, "Shop": null }, "geometry": { "type": "Point", "coordinates": [ 121.0383257, 14.6136085 ] } },
{ "type": "Feature", "properties": { "Amenity": null, "Building": null, "Landuse": null, "Name": null, "Shop": null }, "geometry": { "type": "Point", "coordinates": [ 121.045837500000019, 14.6316842 ] } },
{ "type": "Feature", "properties": { "Amenity": null, "Building": null, "Landuse": null, "Name": null, "Shop": null }, "geometry": { "type": "Point", "coordinates": [ 121.0344414, 14.6327914 ] } },
{ "type": "Feature", "properties": { "Amenity": null, "Building": null, "Landuse": null, "Name": null, "Shop": null }, "geometry": { "type": "Point", "coordinates": [ 121.04431529999998, 14.7149412 ] } },
{ "type": "Feature", "properties": { "Amenity": null, "Building": null, "Landuse": null, "Name": null, "Shop": null }, "geometry": { "type": "Point", "coordinates": [ 121.043993300000011, 14.7149604 ] } },
{ "type": "Feature", "properties": { "Amenity": null, "Building": null, "Landuse": null, "Name": null, "Shop": null }, "geometry": { "type": "Point", "coordinates": [ 121.043959, 14.7150891 ] } },
{ "type": "Feature", "properties": { "Amenity": null, "Building": null, "Landuse": null, "Name": null, "Shop": null }, "geometry": { "type": "Point", "coordinates": [ 121.0437825, 14.7150777 ] } },
{ "type": "Feature", "properties": { "Amenity": null, "Building": null, "Landuse": null, "Name": null, "Shop": null }, "geometry": { "type": "Point", "coordinates": [ 121.0441834, 14.7150964 ] } },
{ "type": "Feature", "properties": { "Amenity": null, "Building": null, "Landuse": null, "Name": null, "Shop": null }, "geometry": { "type": "Point", "coordinates": [ 121.0442864, 14.7150767 ] } },
{ "type": "Feature", "properties": { "Amenity": null, "Building": null, "Landuse": null, "Name": null, "Shop": null }, "geometry": { "type": "Point", "coordinates": [ 121.0443658, 14.715059 ] } },
{ "type": "Feature", "properties": { "Amenity": null, "Building": null, "Landuse": null, "Name": null, "Shop": null }, "geometry": { "type": "Point", "coordinates": [ 121.04447039999998, 14.7150632 ] } },
{ "type": "Feature", "properties": { "Amenity": null, "Building": null, "Landuse": null, "Name": null, "Shop": null }, "geometry": { "type": "Point", "coordinates": [ 121.0419939, 14.7230371 ] } },
{ "type": "Feature", "properties": { "Amenity": null, "Building": null, "Landuse": null, "Name": null, "Shop": null }, "geometry": { "type": "Point", "coordinates": [ 120.9958743, 14.6490902 ] } },
{ "type": "Feature", "properties": { "Amenity": null, "Building": null, "Landuse": null, "Name": null, "Shop": null }, "geometry": { "type": "Point", "coordinates": [ 120.9958608, 14.6490545 ] } },
{ "type": "Feature", "properties": { "Amenity": null, "Building": null, "Landuse": null, "Name": null, "Shop": null }, "geometry": { "type": "Point", "coordinates": [ 120.9957945, 14.6489838 ] } },
{ "type": "Feature", "properties": { "Amenity": null, "Building": null, "Landuse": null, "Name": null, "Shop": null }, "geometry": { "type": "Point", "coordinates": [ 121.0599589, 14.6975507 ] } },
{ "type": "Feature", "properties": { "Amenity": null, "Building": null, "Landuse": null, "Name": null, "Shop": null }, "geometry": { "type": "Point", "coordinates": [ 121.0458173, 14.6355531 ] } },
{ "type": "Feature", "properties": { "Amenity": null, "Building": null, "Landuse": null, "Name": null, "Shop": null }, "geometry": { "type": "Point", "coordinates": [ 121.039275100000012, 14.7214896 ] } },
{ "type": "Feature", "properties": { "Amenity": null, "Building": null, "Landuse": null, "Name": null, "Shop": null }, "geometry": { "type": "Point", "coordinates": [ 121.0580892, 14.6640112 ] } },
{ "type": "Feature", "properties": { "Amenity": null, "Building": null, "Landuse": null, "Name": null, "Shop": null }, "geometry": { "type": "Point", "coordinates": [ 121.0483852, 14.6243258 ] } },
{ "type": "Feature", "properties": { "Amenity": null, "Building": null, "Landuse": null, "Name": null, "Shop": null }, "geometry": { "type": "Point", "coordinates": [ 121.0663674, 14.7328649 ] } },
{ "type": "Feature", "properties": { "Amenity": null, "Building": null, "Landuse": null, "Name": null, "Shop": null }, "geometry": { "type": "Point", "coordinates": [ 121.067577, 14.7305372 ] } },
{ "type": "Feature", "properties": { "Amenity": null, "Building": null, "Landuse": null, "Name": null, "Shop": null }, "geometry": { "type": "Point", "coordinates": [ 121.0945893, 14.6948708 ] } },
{ "type": "Feature", "properties": { "Amenity": null, "Building": null, "Landuse": null, "Name": null, "Shop": null }, "geometry": { "type": "Point", "coordinates": [ 121.0101444, 14.6298379 ] } },
{ "type": "Feature", "properties": { "Amenity": null, "Building": null, "Landuse": null, "Name": null, "Shop": null }, "geometry": { "type": "Point", "coordinates": [ 121.0677152, 14.6530038 ] } },
{ "type": "Feature", "properties": { "Amenity": null, "Building": null, "Landuse": null, "Name": null, "Shop": null }, "geometry": { "type": "Point", "coordinates": [ 121.0079484, 14.6353651 ] } },
{ "type": "Feature", "properties": { "Amenity": null, "Building": null, "Landuse": null, "Name": null, "Shop": null }, "geometry": { "type": "Point", "coordinates": [ 121.0248924, 14.6292951 ] } },
{ "type": "Feature", "properties": { "Amenity": null, "Building": null, "Landuse": null, "Name": null, "Shop": null }, "geometry": { "type": "Point", "coordinates": [ 121.0182723, 14.6531477 ] } },
{ "type": "Feature", "properties": { "Amenity": null, "Building": null, "Landuse": null, "Name": null, "Shop": null }, "geometry": { "type": "Point", "coordinates": [ 121.055519600000011, 14.6985195 ] } },
{ "type": "Feature", "properties": { "Amenity": null, "Building": null, "Landuse": null, "Name": null, "Shop": null }, "geometry": { "type": "Point", "coordinates": [ 121.005760899999984, 14.6391316 ] } },
{ "type": "Feature", "properties": { "Amenity": null, "Building": null, "Landuse": null, "Name": null, "Shop": null }, "geometry": { "type": "Point", "coordinates": [ 120.9969565, 14.6521627 ] } },
{ "type": "Feature", "properties": { "Amenity": null, "Building": null, "Landuse": null, "Name": null, "Shop": null }, "geometry": { "type": "Point", "coordinates": [ 121.0728873, 14.7062177 ] } },
{ "type": "Feature", "properties": { "Amenity": null, "Building": null, "Landuse": null, "Name": null, "Shop": null }, "geometry": { "type": "Point", "coordinates": [ 121.0732289, 14.7062121 ] } },
{ "type": "Feature", "properties": { "Amenity": null, "Building": null, "Landuse": null, "Name": null, "Shop": null }, "geometry": { "type": "Point", "coordinates": [ 121.0574273, 14.733772 ] } },
{ "type": "Feature", "properties": { "Amenity": null, "Building": null, "Landuse": null, "Name": null, "Shop": null }, "geometry": { "type": "Point", "coordinates": [ 121.0214565, 14.6077016 ] } },
{ "type": "Feature", "properties": { "Amenity": null, "Building": null, "Landuse": null, "Name": null, "Shop": null }, "geometry": { "type": "Point", "coordinates": [ 121.07676, 14.7090026 ] } },
{ "type": "Feature", "properties": { "Amenity": null, "Building": null, "Landuse": null, "Name": null, "Shop": null }, "geometry": { "type": "Point", "coordinates": [ 121.067734, 14.6297955 ] } },
{ "type": "Feature", "properties": { "Amenity": null, "Building": null, "Landuse": null, "Name": null, "Shop": null }, "geometry": { "type": "Point", "coordinates": [ 121.064061600000016, 14.6286797 ] } },
{ "type": "Feature", "properties": { "Amenity": null, "Building": null, "Landuse": null, "Name": null, "Shop": null }, "geometry": { "type": "Point", "coordinates": [ 121.071527799999984, 14.6235325 ] } },
{ "type": "Feature", "properties": { "Amenity": null, "Building": null, "Landuse": null, "Name": null, "Shop": null }, "geometry": { "type": "Point", "coordinates": [ 121.0589413, 14.6119817 ] } },
{ "type": "Feature", "properties": { "Amenity": null, "Building": null, "Landuse": null, "Name": null, "Shop": null }, "geometry": { "type": "Point", "coordinates": [ 121.06113040000001, 14.617044 ] } },
{ "type": "Feature", "properties": { "Amenity": null, "Building": null, "Landuse": null, "Name": null, "Shop": null }, "geometry": { "type": "Point", "coordinates": [ 121.030997, 14.6619942 ] } },
{ "type": "Feature", "properties": { "Amenity": null, "Building": null, "Landuse": null, "Name": null, "Shop": null }, "geometry": { "type": "Point", "coordinates": [ 121.0196009, 14.6584208 ] } },
{ "type": "Feature", "properties": { "Amenity": null, "Building": null, "Landuse": null, "Name": null, "Shop": null }, "geometry": { "type": "Point", "coordinates": [ 121.0196041, 14.6584558 ] } },
{ "type": "Feature", "properties": { "Amenity": null, "Building": null, "Landuse": null, "Name": null, "Shop": null }, "geometry": { "type": "Point", "coordinates": [ 121.0195945, 14.6583601 ] } },
{ "type": "Feature", "properties": { "Amenity": null, "Building": null, "Landuse": null, "Name": null, "Shop": null }, "geometry": { "type": "Point", "coordinates": [ 121.01958639999998, 14.6583198 ] } },
{ "type": "Feature", "properties": { "Amenity": null, "Building": null, "Landuse": null, "Name": null, "Shop": null }, "geometry": { "type": "Point", "coordinates": [ 121.0196105, 14.6585176 ] } },
{ "type": "Feature", "properties": { "Amenity": null, "Building": null, "Landuse": null, "Name": null, "Shop": null }, "geometry": { "type": "Point", "coordinates": [ 121.0196281, 14.6587098 ] } },
{ "type": "Feature", "properties": { "Amenity": null, "Building": null, "Landuse": null, "Name": null, "Shop": null }, "geometry": { "type": "Point", "coordinates": [ 121.019614, 14.6585508 ] } },
{ "type": "Feature", "properties": { "Amenity": null, "Building": null, "Landuse": null, "Name": null, "Shop": null }, "geometry": { "type": "Point", "coordinates": [ 121.006127, 14.649837 ] } },
{ "type": "Feature", "properties": { "Amenity": null, "Building": null, "Landuse": null, "Name": null, "Shop": null }, "geometry": { "type": "Point", "coordinates": [ 121.0328996, 14.6409625 ] } },
{ "type": "Feature", "properties": { "Amenity": null, "Building": null, "Landuse": null, "Name": null, "Shop": null }, "geometry": { "type": "Point", "coordinates": [ 121.0555534, 14.7176171 ] } },
{ "type": "Feature", "properties": { "Amenity": null, "Building": null, "Landuse": null, "Name": null, "Shop": null }, "geometry": { "type": "Point", "coordinates": [ 121.0353899, 14.6434751 ] } },
{ "type": "Feature", "properties": { "Amenity": null, "Building": null, "Landuse": null, "Name": null, "Shop": null }, "geometry": { "type": "Point", "coordinates": [ 121.045538, 14.6577172 ] } },
{ "type": "Feature", "properties": { "Amenity": null, "Building": null, "Landuse": null, "Name": null, "Shop": null }, "geometry": { "type": "Point", "coordinates": [ 121.0446569, 14.6525863 ] } },
{ "type": "Feature", "properties": { "Amenity": null, "Building": null, "Landuse": null, "Name": null, "Shop": null }, "geometry": { "type": "Point", "coordinates": [ 121.0410101, 14.6294825 ] } },
{ "type": "Feature", "properties": { "Amenity": null, "Building": null, "Landuse": null, "Name": null, "Shop": null }, "geometry": { "type": "Point", "coordinates": [ 121.022459, 14.6256793 ] } },
{ "type": "Feature", "properties": { "Amenity": null, "Building": null, "Landuse": null, "Name": null, "Shop": null }, "geometry": { "type": "Point", "coordinates": [ 121.022453900000016, 14.6256916 ] } },
{ "type": "Feature", "properties": { "Amenity": null, "Building": null, "Landuse": null, "Name": null, "Shop": null }, "geometry": { "type": "Point", "coordinates": [ 121.0964236, 14.695313 ] } },
{ "type": "Feature", "properties": { "Amenity": null, "Building": null, "Landuse": null, "Name": null, "Shop": null }, "geometry": { "type": "Point", "coordinates": [ 121.0308409, 14.6944321 ] } },
{ "type": "Feature", "properties": { "Amenity": null, "Building": null, "Landuse": null, "Name": null, "Shop": null }, "geometry": { "type": "Point", "coordinates": [ 121.045133400000012, 14.6268854 ] } },
{ "type": "Feature", "properties": { "Amenity": null, "Building": null, "Landuse": null, "Name": null, "Shop": null }, "geometry": { "type": "Point", "coordinates": [ 121.0588123, 14.6996885 ] } },
{ "type": "Feature", "properties": { "Amenity": null, "Building": null, "Landuse": null, "Name": null, "Shop": null }, "geometry": { "type": "Point", "coordinates": [ 121.0363046, 14.6513561 ] } },
{ "type": "Feature", "properties": { "Amenity": null, "Building": null, "Landuse": null, "Name": null, "Shop": null }, "geometry": { "type": "Point", "coordinates": [ 121.0708489, 14.6573826 ] } },
{ "type": "Feature", "properties": { "Amenity": null, "Building": null, "Landuse": null, "Name": null, "Shop": null }, "geometry": { "type": "Point", "coordinates": [ 121.0288259, 14.6573688 ] } },
{ "type": "Feature", "properties": { "Amenity": null, "Building": null, "Landuse": null, "Name": null, "Shop": null }, "geometry": { "type": "Point", "coordinates": [ 121.039542400000016, 14.6438018 ] } },
{ "type": "Feature", "properties": { "Amenity": null, "Building": null, "Landuse": null, "Name": null, "Shop": null }, "geometry": { "type": "Point", "coordinates": [ 121.0803089, 14.6038167 ] } },
{ "type": "Feature", "properties": { "Amenity": null, "Building": null, "Landuse": null, "Name": null, "Shop": null }, "geometry": { "type": "Point", "coordinates": [ 120.999762800000013, 14.6214865 ] } },
{ "type": "Feature", "properties": { "Amenity": null, "Building": null, "Landuse": null, "Name": null, "Shop": null }, "geometry": { "type": "Point", "coordinates": [ 121.069678600000017, 14.6595986 ] } },
{ "type": "Feature", "properties": { "Amenity": null, "Building": null, "Landuse": null, "Name": null, "Shop": null }, "geometry": { "type": "Point", "coordinates": [ 121.015641500000015, 14.6308821 ] } },
{ "type": "Feature", "properties": { "Amenity": null, "Building": null, "Landuse": null, "Name": null, "Shop": null }, "geometry": { "type": "Point", "coordinates": [ 121.024582599999988, 14.6532026 ] } },
{ "type": "Feature", "properties": { "Amenity": null, "Building": null, "Landuse": null, "Name": null, "Shop": null }, "geometry": { "type": "Point", "coordinates": [ 121.080578500000016, 14.6083371 ] } },
{ "type": "Feature", "properties": { "Amenity": null, "Building": null, "Landuse": null, "Name": null, "Shop": null }, "geometry": { "type": "Point", "coordinates": [ 121.0329886, 14.6773052 ] } },
{ "type": "Feature", "properties": { "Amenity": null, "Building": null, "Landuse": null, "Name": null, "Shop": null }, "geometry": { "type": "Point", "coordinates": [ 121.0743955, 14.6411352 ] } },
{ "type": "Feature", "properties": { "Amenity": null, "Building": null, "Landuse": null, "Name": null, "Shop": null }, "geometry": { "type": "Point", "coordinates": [ 121.080088600000011, 14.7044219 ] } },
{ "type": "Feature", "properties": { "Amenity": null, "Building": null, "Landuse": null, "Name": null, "Shop": null }, "geometry": { "type": "Point", "coordinates": [ 121.077784100000017, 14.6780063 ] } },
{ "type": "Feature", "properties": { "Amenity": null, "Building": null, "Landuse": null, "Name": null, "Shop": null }, "geometry": { "type": "Point", "coordinates": [ 121.0377045, 14.6157513 ] } },
{ "type": "Feature", "properties": { "Amenity": null, "Building": null, "Landuse": null, "Name": null, "Shop": null }, "geometry": { "type": "Point", "coordinates": [ 121.0374368, 14.6707755 ] } },
{ "type": "Feature", "properties": { "Amenity": null, "Building": null, "Landuse": null, "Name": null, "Shop": null }, "geometry": { "type": "Point", "coordinates": [ 121.0404205, 14.641285 ] } },
{ "type": "Feature", "properties": { "Amenity": null, "Building": null, "Landuse": null, "Name": null, "Shop": null }, "geometry": { "type": "Point", "coordinates": [ 121.042934700000018, 14.6760105 ] } },
{ "type": "Feature", "properties": { "Amenity": null, "Building": null, "Landuse": null, "Name": null, "Shop": null }, "geometry": { "type": "Point", "coordinates": [ 121.0379094, 14.6734642 ] } },
{ "type": "Feature", "properties": { "Amenity": null, "Building": null, "Landuse": null, "Name": null, "Shop": null }, "geometry": { "type": "Point", "coordinates": [ 120.997936200000012, 14.6413936 ] } },
{ "type": "Feature", "properties": { "Amenity": null, "Building": null, "Landuse": null, "Name": null, "Shop": null }, "geometry": { "type": "Point", "coordinates": [ 121.0566908, 14.6214046 ] } },
{ "type": "Feature", "properties": { "Amenity": null, "Building": null, "Landuse": null, "Name": null, "Shop": null }, "geometry": { "type": "Point", "coordinates": [ 121.074235700000017, 14.6324057 ] } },
{ "type": "Feature", "properties": { "Amenity": null, "Building": null, "Landuse": null, "Name": null, "Shop": null }, "geometry": { "type": "Point", "coordinates": [ 121.0186895, 14.6297456 ] } },
{ "type": "Feature", "properties": { "Amenity": null, "Building": null, "Landuse": null, "Name": null, "Shop": null }, "geometry": { "type": "Point", "coordinates": [ 121.0584587, 14.6541079 ] } },
{ "type": "Feature", "properties": { "Amenity": null, "Building": null, "Landuse": null, "Name": null, "Shop": null }, "geometry": { "type": "Point", "coordinates": [ 121.0740364, 14.6575978 ] } },
{ "type": "Feature", "properties": { "Amenity": null, "Building": null, "Landuse": null, "Name": null, "Shop": null }, "geometry": { "type": "Point", "coordinates": [ 121.0692292, 14.6596379 ] } },
{ "type": "Feature", "properties": { "Amenity": null, "Building": null, "Landuse": null, "Name": null, "Shop": null }, "geometry": { "type": "Point", "coordinates": [ 121.0929622, 14.6979029 ] } },
{ "type": "Feature", "properties": { "Amenity": null, "Building": null, "Landuse": null, "Name": null, "Shop": null }, "geometry": { "type": "Point", "coordinates": [ 121.0932076, 14.6977492 ] } },
{ "type": "Feature", "properties": { "Amenity": null, "Building": null, "Landuse": null, "Name": null, "Shop": null }, "geometry": { "type": "Point", "coordinates": [ 121.065301399999981, 14.6564559 ] } },
{ "type": "Feature", "properties": { "Amenity": null, "Building": null, "Landuse": null, "Name": null, "Shop": null }, "geometry": { "type": "Point", "coordinates": [ 121.0657283, 14.6565216 ] } },
{ "type": "Feature", "properties": { "Amenity": null, "Building": null, "Landuse": null, "Name": null, "Shop": null }, "geometry": { "type": "Point", "coordinates": [ 121.0655675, 14.6569435 ] } },
{ "type": "Feature", "properties": { "Amenity": null, "Building": null, "Landuse": null, "Name": null, "Shop": null }, "geometry": { "type": "Point", "coordinates": [ 121.056584164008399, 14.658248717186273 ] } },
{ "type": "Feature", "properties": { "Amenity": null, "Building": null, "Landuse": null, "Name": null, "Shop": null }, "geometry": { "type": "Point", "coordinates": [ 121.075351688842076, 14.650825651720496 ] } },
{ "type": "Feature", "properties": { "Amenity": null, "Building": null, "Landuse": null, "Name": null, "Shop": null }, "geometry": { "type": "Point", "coordinates": [ 121.0809112, 14.6090325 ] } },
{ "type": "Feature", "properties": { "Amenity": null, "Building": null, "Landuse": null, "Name": null, "Shop": null }, "geometry": { "type": "Point", "coordinates": [ 121.0818799, 14.6090069 ] } },
{ "type": "Feature", "properties": { "Amenity": null, "Building": null, "Landuse": null, "Name": null, "Shop": null }, "geometry": { "type": "Point", "coordinates": [ 121.0798162, 14.6102364 ] } },
{ "type": "Feature", "properties": { "Amenity": null, "Building": null, "Landuse": null, "Name": null, "Shop": null }, "geometry": { "type": "Point", "coordinates": [ 121.0550857, 14.6216326 ] } },
{ "type": "Feature", "properties": { "Amenity": null, "Building": null, "Landuse": null, "Name": null, "Shop": null }, "geometry": { "type": "Point", "coordinates": [ 121.054435, 14.6218367 ] } },
{ "type": "Feature", "properties": { "Amenity": null, "Building": null, "Landuse": null, "Name": null, "Shop": null }, "geometry": { "type": "Point", "coordinates": [ 121.0545121, 14.6218758 ] } },
{ "type": "Feature", "properties": { "Amenity": null, "Building": null, "Landuse": null, "Name": null, "Shop": null }, "geometry": { "type": "Point", "coordinates": [ 121.1693548, 14.6213382 ] } },
{ "type": "Feature", "properties": { "Amenity": null, "Building": null, "Landuse": null, "Name": null, "Shop": null }, "geometry": { "type": "Point", "coordinates": [ 121.054275231412674, 14.620383448207281 ] } },
{ "type": "Feature", "properties": { "Amenity": null, "Building": null, "Landuse": null, "Name": null, "Shop": null }, "geometry": { "type": "Point", "coordinates": [ 121.081280563578702, 14.592556218394098 ] } },
{ "type": "Feature", "properties": { "Amenity": null, "Building": null, "Landuse": null, "Name": null, "Shop": null }, "geometry": { "type": "Point", "coordinates": [ 121.055636542286962, 14.619183506533552 ] } },
{ "type": "Feature", "properties": { "Amenity": null, "Building": null, "Landuse": null, "Name": null, "Shop": null }, "geometry": { "type": "Point", "coordinates": [ 121.080737672065041, 14.609536664400938 ] } },
{ "type": "Feature", "properties": { "Amenity": null, "Building": null, "Landuse": null, "Name": null, "Shop": null }, "geometry": { "type": "Point", "coordinates": [ 121.080211097924831, 14.609485772624133 ] } },
{ "type": "Feature", "properties": { "Amenity": null, "Building": null, "Landuse": null, "Name": null, "Shop": null }, "geometry": { "type": "Point", "coordinates": [ 121.080010766409529, 14.610445713815384 ] } },
{ "type": "Feature", "properties": { "Amenity": null, "Building": null, "Landuse": null, "Name": null, "Shop": null }, "geometry": { "type": "Point", "coordinates": [ 121.079711573924016, 14.610024540003478 ] } },
{ "type": "Feature", "properties": { "Amenity": null, "Building": null, "Landuse": null, "Name": null, "Shop": null }, "geometry": { "type": "Point", "coordinates": [ 121.055360150823276, 14.621463963897806 ] } },
{ "type": "Feature", "properties": { "Amenity": null, "Building": null, "Landuse": null, "Name": null, "Shop": null }, "geometry": { "type": "Point", "coordinates": [ 121.054457050000011, 14.6177599 ] } },
{ "type": "Feature", "properties": { "Amenity": null, "Building": null, "Landuse": null, "Name": null, "Shop": null }, "geometry": { "type": "Point", "coordinates": [ 121.057460396924668, 14.620075692613661 ] } },
{ "type": "Feature", "properties": { "Amenity": null, "Building": null, "Landuse": null, "Name": null, "Shop": null }, "geometry": { "type": "Polygon", "coordinates": [ [ [ 121.0463421, 14.6477078 ], [ 121.0461737, 14.6476048 ], [ 121.0462406, 14.6479551 ], [ 121.0461855, 14.6480298 ], [ 121.0462548, 14.6480749 ], [ 121.0462016, 14.6481583 ], [ 121.0461489, 14.6482411 ], [ 121.0454484, 14.6484016 ], [ 121.0453466, 14.6483361 ], [ 121.0452163, 14.647795 ], [ 121.0451428, 14.647746 ], [ 121.0451159, 14.6476035 ], [ 121.0452375, 14.6474236 ], [ 121.0453149, 14.6473972 ], [ 121.0455667, 14.6469943 ], [ 121.0453049, 14.6468273 ], [ 121.0452805, 14.6468618 ], [ 121.045158, 14.6467817 ], [ 121.0451298, 14.6466381 ], [ 121.0452526, 14.6464496 ], [ 121.0461605, 14.6470062 ], [ 121.046124, 14.6470655 ], [ 121.0462958, 14.6471708 ], [ 121.0463281, 14.6471233 ], [ 121.0465952, 14.6472948 ], [ 121.0463421, 14.6477078 ] ], [ [ 121.0459691, 14.6472954 ], [ 121.0460035, 14.6472526 ], [ 121.0457638, 14.6471159 ], [ 121.0455722, 14.6473989 ], [ 121.0459691, 14.6472954 ] ], [ [ 121.0453226, 14.647489 ], [ 121.0452195, 14.6476459 ], [ 121.0453018, 14.6476965 ], [ 121.0454049, 14.6475397 ], [ 121.0453226, 14.647489 ] ], [ [ 121.0456775, 14.6479924 ], [ 121.0455318, 14.6482085 ], [ 121.045906, 14.6481282 ], [ 121.0456775, 14.6479924 ] ], [ [ 121.0453983, 14.6478111 ], [ 121.0454895, 14.6481798 ], [ 121.0456342, 14.6479617 ], [ 121.0453983, 14.6478111 ] ], [ [ 121.0460033, 14.647857 ], [ 121.0459352, 14.6475345 ], [ 121.0456155, 14.647608 ], [ 121.0460033, 14.647857 ] ] ] } },
{ "type": "Feature", "properties": { "Amenity": null, "Building": null, "Landuse": null, "Name": null, "Shop": null }, "geometry": { "type": "Polygon", "coordinates": [ [ [ 121.0440949, 14.6541615 ], [ 121.0439794, 14.6536339 ], [ 121.0442792, 14.6535725 ], [ 121.0443947, 14.6541 ], [ 121.0440949, 14.6541615 ] ], [ [ 121.0441147, 14.6537609 ], [ 121.0441725, 14.6540118 ], [ 121.0442499, 14.653994 ], [ 121.0441921, 14.6537431 ], [ 121.0441147, 14.6537609 ] ] ] } },
{ "type": "Feature", "properties": { "Amenity": null, "Building": null, "Landuse": null, "Name": null, "Shop": null }, "geometry": { "type": "Polygon", "coordinates": [ [ [ 121.0444608, 14.654096 ], [ 121.0443279, 14.6535453 ], [ 121.0445887, 14.6534864 ], [ 121.0447216, 14.6540371 ], [ 121.0444608, 14.654096 ] ], [ [ 121.044447, 14.6536744 ], [ 121.0445084, 14.6539372 ], [ 121.044586, 14.6539202 ], [ 121.0445246, 14.6536574 ], [ 121.044447, 14.6536744 ] ] ] } },
{ "type": "Feature", "properties": { "Amenity": null, "Building": null, "Landuse": null, "Name": null, "Shop": null }, "geometry": { "type": "MultiPolygon", "coordinates": [ [ [ [ 121.042193, 14.6218839 ], [ 121.0426872, 14.6210606 ], [ 121.0431055, 14.6214714 ], [ 121.0428293, 14.6217227 ], [ 121.042641, 14.6220363 ], [ 121.042193, 14.6218839 ] ] ], [ [ [ 121.0425561, 14.6221028 ], [ 121.0429586, 14.6222398 ], [ 121.0427618, 14.6230365 ], [ 121.042751, 14.6230337 ], [ 121.042309, 14.6225874 ], [ 121.042272, 14.6225512 ], [ 121.042222, 14.6225381 ], [ 121.0421663, 14.6225493 ], [ 121.0420819, 14.6226425 ], [ 121.0416447, 14.6224148 ], [ 121.0417589, 14.6222164 ], [ 121.0420139, 14.6223418 ], [ 121.0420767, 14.6222322 ], [ 121.0423779, 14.6224061 ], [ 121.0425561, 14.6221028 ] ] ] ] } },
{ "type": "Feature", "properties": { "Amenity": null, "Building": null, "Landuse": null, "Name": null, "Shop": null }, "geometry": { "type": "Polygon", "coordinates": [ [ [ 121.0800799, 14.6393368 ], [ 121.0800809, 14.6392569 ], [ 121.0801379, 14.6392576 ], [ 121.0801409, 14.6390221 ], [ 121.0806858, 14.6390287 ], [ 121.0806846, 14.6391183 ], [ 121.0806616, 14.639118 ], [ 121.0806587, 14.6393437 ], [ 121.0800799, 14.6393368 ] ], [ [ 121.0802291, 14.63924 ], [ 121.080568, 14.6392422 ], [ 121.0805733, 14.6391318 ], [ 121.080231, 14.6391234 ], [ 121.0802291, 14.63924 ] ] ] } },
{ "type": "Feature", "properties": { "Amenity": null, "Building": null, "Landuse": null, "Name": null, "Shop": null }, "geometry": { "type": "Polygon", "coordinates": [ [ [ 121.0621842, 14.6515433 ], [ 121.0608859, 14.6515614 ], [ 121.0609003, 14.6509124 ], [ 121.061005, 14.6508133 ], [ 121.0612322, 14.6507918 ], [ 121.0614303, 14.650766 ], [ 121.0619151, 14.6507294 ], [ 121.0620753, 14.6506026 ], [ 121.0622028, 14.6506035 ], [ 121.0621842, 14.6515433 ] ] ] } },
{ "type": "Feature", "properties": { "Amenity": null, "Building": null, "Landuse": null, "Name": null, "Shop": null }, "geometry": { "type": "Polygon", "coordinates": [ [ [ 121.070583, 14.6601324 ], [ 121.0705863, 14.6596236 ], [ 121.071516, 14.6596323 ], [ 121.0715091, 14.6601114 ], [ 121.0713488, 14.6601109 ], [ 121.0713489, 14.6600662 ], [ 121.0711515, 14.6600655 ], [ 121.0711511, 14.660192 ], [ 121.0709861, 14.6601913 ], [ 121.0709863, 14.6601339 ], [ 121.0709012, 14.6601336 ], [ 121.0709014, 14.6600869 ], [ 121.0707725, 14.6600864 ], [ 121.0707723, 14.660133 ], [ 121.070583, 14.6601324 ] ], [ [ 121.0707373, 14.6598989 ], [ 121.0709809, 14.6598999 ], [ 121.0709811, 14.6598373 ], [ 121.0707376, 14.6598363 ], [ 121.0707373, 14.6598989 ] ] ] } },
{ "type": "Feature", "properties": { "Amenity": null, "Building": null, "Landuse": null, "Name": null, "Shop": null }, "geometry": { "type": "Polygon", "coordinates": [ [ [ 121.0513247, 14.6520545 ], [ 121.051325, 14.6520965 ], [ 121.0511083, 14.6520981 ], [ 121.0510959, 14.6520863 ], [ 121.0510333, 14.6520716 ], [ 121.0510121, 14.6520395 ], [ 121.0509763, 14.6520505 ], [ 121.0508555, 14.6519453 ], [ 121.0508817, 14.651896 ], [ 121.0509092, 14.651885 ], [ 121.0509534, 14.651885 ], [ 121.050977, 14.6518886 ], [ 121.0509839, 14.6519015 ], [ 121.0510395, 14.6519063 ], [ 121.0510339, 14.6519195 ], [ 121.0510856, 14.6519235 ], [ 121.0511081, 14.6519219 ], [ 121.0511354, 14.6519198 ], [ 121.0511501, 14.651915 ], [ 121.0511507, 14.6518958 ], [ 121.0511874, 14.6518853 ], [ 121.0512172, 14.6518723 ], [ 121.0512469, 14.6518501 ], [ 121.0512724, 14.6518304 ], [ 121.0512862, 14.6518191 ], [ 121.0513031, 14.6518208 ], [ 121.0513154, 14.6517961 ], [ 121.0513067, 14.6517602 ], [ 121.0513424, 14.651722 ], [ 121.051377, 14.6517601 ], [ 121.0514039, 14.6517607 ], [ 121.0514258, 14.6517625 ], [ 121.0514521, 14.6517761 ], [ 121.0514677, 14.6517929 ], [ 121.0515171, 14.6518592 ], [ 121.0514507, 14.6519224 ], [ 121.0514736, 14.6519643 ], [ 121.051417, 14.6519798 ], [ 121.0514257, 14.6520068 ], [ 121.0513837, 14.6520186 ], [ 121.0513817, 14.6520517 ], [ 121.0513247, 14.6520545 ] ] ] } },
{ "type": "Feature", "properties": { "Amenity": null, "Building": null, "Landuse": null, "Name": null, "Shop": null }, "geometry": { "type": "Polygon", "coordinates": [ [ [ 121.0733961, 14.6501122 ], [ 121.0734578, 14.6501148 ], [ 121.0735748, 14.6502602 ], [ 121.0734364, 14.6503873 ], [ 121.07338, 14.6503818 ], [ 121.073372, 14.65047 ], [ 121.072916, 14.6504389 ], [ 121.0729214, 14.6503507 ], [ 121.0728704, 14.6503457 ], [ 121.0728361, 14.6503062 ], [ 121.0727434, 14.6501995 ], [ 121.0728858, 14.6500756 ], [ 121.0729423, 14.6500788 ], [ 121.0729455, 14.6499848 ], [ 121.0733988, 14.6500136 ], [ 121.0733961, 14.6501122 ] ], [ [ 121.0732205, 14.6501028 ], [ 121.0732016, 14.6503588 ], [ 121.0733655, 14.6503675 ], [ 121.073368, 14.6503233 ], [ 121.0732943, 14.6502402 ], [ 121.0733766, 14.6501713 ], [ 121.07338, 14.6501113 ], [ 121.0732205, 14.6501028 ] ], [ [ 121.0731053, 14.6503537 ], [ 121.0731239, 14.6500977 ], [ 121.0729582, 14.650089 ], [ 121.0729551, 14.650143 ], [ 121.0730274, 14.6502221 ], [ 121.0729465, 14.6502961 ], [ 121.0729437, 14.6503452 ], [ 121.0731053, 14.6503537 ] ] ] } },
{ "type": "Feature", "properties": { "Amenity": null, "Building": null, "Landuse": null, "Name": null, "Shop": null }, "geometry": { "type": "Polygon", "coordinates": [ [ [ 121.0350518, 14.6535858 ], [ 121.0354745, 14.653495 ], [ 121.0355539, 14.6538409 ], [ 121.0351311, 14.6539316 ], [ 121.0350972, 14.6537839 ], [ 121.0350518, 14.6535858 ] ] ] } },
{ "type": "Feature", "properties": { "Amenity": null, "Building": null, "Landuse": null, "Name": null, "Shop": null }, "geometry": { "type": "Polygon", "coordinates": [ [ [ 121.0287792, 14.6564814 ], [ 121.0287561, 14.6563863 ], [ 121.0287446, 14.656338 ], [ 121.0287334, 14.6562918 ], [ 121.0287067, 14.6561804 ], [ 121.0287876, 14.6561622 ], [ 121.0288205, 14.6561549 ], [ 121.0288502, 14.6561482 ], [ 121.0288792, 14.6561417 ], [ 121.028911, 14.6561345 ], [ 121.028941, 14.6561278 ], [ 121.0289714, 14.656121 ], [ 121.029001, 14.6561143 ], [ 121.029031, 14.6561076 ], [ 121.0290614, 14.6561007 ], [ 121.0290917, 14.6560939 ], [ 121.0291231, 14.6560869 ], [ 121.0291516, 14.6560805 ], [ 121.0291835, 14.6560733 ], [ 121.0292135, 14.6560666 ], [ 121.0292494, 14.6560585 ], [ 121.0292797, 14.6560517 ], [ 121.0293099, 14.6560449 ], [ 121.0293654, 14.6560324 ], [ 121.0294279, 14.6560184 ], [ 121.0294825, 14.6560061 ], [ 121.0294767, 14.6559831 ], [ 121.0296731, 14.6559376 ], [ 121.0297206, 14.6559417 ], [ 121.0297914, 14.6559499 ], [ 121.0298853, 14.6559598 ], [ 121.0299595, 14.6559648 ], [ 121.0300195, 14.6559665 ], [ 121.0300729, 14.6559678 ], [ 121.0300982, 14.6559666 ], [ 121.0301267, 14.6559643 ], [ 121.0301587, 14.6559607 ], [ 121.0301868, 14.655956 ], [ 121.0302179, 14.6559485 ], [ 121.0302503, 14.6559359 ], [ 121.0302839, 14.6559224 ], [ 121.0303132, 14.6559092 ], [ 121.0303412, 14.6558948 ], [ 121.0303727, 14.6558767 ], [ 121.0304008, 14.6558548 ], [ 121.0304263, 14.6558271 ], [ 121.0304469, 14.655799 ], [ 121.0304637, 14.6557792 ], [ 121.0304872, 14.655747 ], [ 121.0305008, 14.6557298 ], [ 121.0305199, 14.6557129 ], [ 121.0305369, 14.6557002 ], [ 121.0305611, 14.6556851 ], [ 121.0306055, 14.6556721 ], [ 121.030669, 14.6556547 ], [ 121.030717, 14.6556446 ], [ 121.0307613, 14.6556362 ], [ 121.0308395, 14.6556164 ], [ 121.030879, 14.6556094 ], [ 121.0309191, 14.6556106 ], [ 121.0309487, 14.6556182 ], [ 121.0309634, 14.6555949 ], [ 121.0309829, 14.655575 ], [ 121.0310171, 14.6555679 ], [ 121.0310463, 14.6555722 ], [ 121.0310758, 14.655585 ], [ 121.0311155, 14.6555752 ], [ 121.0311529, 14.6555641 ], [ 121.0311915, 14.6555526 ], [ 121.0312323, 14.6555379 ], [ 121.0312603, 14.6555297 ], [ 121.0313048, 14.6555176 ], [ 121.0313499, 14.6555064 ], [ 121.0314068, 14.6554958 ], [ 121.0314509, 14.6554949 ], [ 121.0314984, 14.6554951 ], [ 121.0315628, 14.6555055 ], [ 121.0316136, 14.6555197 ], [ 121.0316595, 14.6555169 ], [ 121.0316701, 14.6555162 ], [ 121.0317106, 14.6555099 ], [ 121.0317493, 14.6554988 ], [ 121.031738, 14.6554451 ], [ 121.0317433, 14.6554293 ], [ 121.0317576, 14.6554206 ], [ 121.0318898, 14.6553886 ], [ 121.0319096, 14.6553957 ], [ 121.0319386, 14.6553806 ], [ 121.0319774, 14.6553697 ], [ 121.0320278, 14.6553573 ], [ 121.0320663, 14.6553468 ], [ 121.0321087, 14.6553407 ], [ 121.032149, 14.655332 ], [ 121.0321873, 14.6553271 ], [ 121.0322466, 14.6553193 ], [ 121.032359, 14.6553058 ], [ 121.032371, 14.6553046 ], [ 121.0324268, 14.6552596 ], [ 121.0324489, 14.6552545 ], [ 121.0325137, 14.6552399 ], [ 121.0325275, 14.6553009 ], [ 121.0325286, 14.6553093 ], [ 121.0326025, 14.6556406 ], [ 121.0322444, 14.655719 ], [ 121.0322556, 14.6557745 ], [ 121.0322896, 14.6559244 ], [ 121.0322374, 14.6559359 ], [ 121.0321898, 14.6559461 ], [ 121.0321549, 14.6557974 ], [ 121.0321435, 14.6557407 ], [ 121.0317675, 14.6558213 ], [ 121.0317327, 14.6558254 ], [ 121.0317275, 14.655826 ], [ 121.0316998, 14.6558256 ], [ 121.031672, 14.6558239 ], [ 121.0316339, 14.6558192 ], [ 121.0315871, 14.6558117 ], [ 121.0315788, 14.6558256 ], [ 121.031551, 14.6558672 ], [ 121.0315132, 14.6558984 ], [ 121.0314788, 14.655919 ], [ 121.0314438, 14.6559295 ], [ 121.0314, 14.6559343 ], [ 121.031364, 14.65593 ], [ 121.0313311, 14.6559244 ], [ 121.0309805, 14.6560037 ], [ 121.0309912, 14.656056 ], [ 121.0310077, 14.6561301 ], [ 121.0309599, 14.6561403 ], [ 121.0309186, 14.6561491 ], [ 121.0309006, 14.6560759 ], [ 121.0308813, 14.6560041 ], [ 121.0308451, 14.656012 ], [ 121.0308033, 14.6560226 ], [ 121.0307653, 14.6560394 ], [ 121.0307216, 14.6560587 ], [ 121.0306809, 14.6560747 ], [ 121.0306384, 14.6560854 ], [ 121.0306492, 14.6561311 ], [ 121.0306606, 14.6561792 ], [ 121.0298273, 14.6563579 ], [ 121.0298155, 14.6563143 ], [ 121.0298101, 14.6562933 ], [ 121.0297825, 14.6562846 ], [ 121.0297446, 14.6562769 ], [ 121.0296996, 14.656274 ], [ 121.0296497, 14.6562829 ], [ 121.0296128, 14.6562909 ], [ 121.029553, 14.6563057 ], [ 121.0295671, 14.6563694 ], [ 121.0295817, 14.6564354 ], [ 121.0295243, 14.6564469 ], [ 121.0294857, 14.6564552 ], [ 121.0294717, 14.6563911 ], [ 121.0294576, 14.6563269 ], [ 121.0287792, 14.6564814 ] ], [ [ 121.0321957, 14.6554564 ], [ 121.032195, 14.6554662 ], [ 121.032197, 14.6554778 ], [ 121.032201, 14.6554876 ], [ 121.0322091, 14.655496 ], [ 121.0322225, 14.655496 ], [ 121.0322346, 14.6554921 ], [ 121.0322493, 14.6554876 ], [ 121.0322567, 14.6554811 ], [ 121.0322594, 14.6554733 ], [ 121.0322641, 14.6554629 ], [ 121.0322721, 14.6554564 ], [ 121.0322781, 14.6554506 ], [ 121.0322748, 14.655446 ], [ 121.0322661, 14.6554435 ], [ 121.0322473, 14.6554441 ], [ 121.0321957, 14.6554564 ] ], [ [ 121.0288697, 14.6561824 ], [ 121.0288905, 14.6561798 ], [ 121.0289153, 14.6561791 ], [ 121.0289388, 14.6561791 ], [ 121.0289569, 14.6561811 ], [ 121.0289743, 14.656185 ], [ 121.0289998, 14.6561921 ], [ 121.0290146, 14.6561947 ], [ 121.02903, 14.6561947 ], [ 121.0290501, 14.6561876 ], [ 121.0290595, 14.6561778 ], [ 121.0290615, 14.6561648 ], [ 121.0290575, 14.6561493 ], [ 121.0290514, 14.6561389 ], [ 121.0290434, 14.6561311 ], [ 121.0290374, 14.6561272 ], [ 121.0290213, 14.656124 ], [ 121.0290011, 14.6561246 ], [ 121.0289857, 14.6561272 ], [ 121.0289743, 14.6561292 ], [ 121.0289488, 14.6561357 ], [ 121.0289146, 14.6561441 ], [ 121.0288925, 14.6561493 ], [ 121.0288791, 14.6561525 ], [ 121.0288677, 14.6561564 ], [ 121.0288603, 14.6561603 ], [ 121.0288556, 14.6561655 ], [ 121.0288543, 14.656172 ], [ 121.028855, 14.6561778 ], [ 121.0288597, 14.6561817 ], [ 121.0288697, 14.6561824 ] ], [ [ 121.0297139, 14.6560851 ], [ 121.0297408, 14.6560889 ], [ 121.0297636, 14.6560993 ], [ 121.029783, 14.656111 ], [ 121.0298112, 14.656124 ], [ 121.0298353, 14.6561337 ], [ 121.0298655, 14.6561434 ], [ 121.0298836, 14.6561486 ], [ 121.0299071, 14.6561032 ], [ 121.0298782, 14.6560902 ], [ 121.0298434, 14.6560747 ], [ 121.0298112, 14.6560578 ], [ 121.0297783, 14.6560448 ], [ 121.0297461, 14.6560345 ], [ 121.029722, 14.6560325 ], [ 121.0296985, 14.6560299 ], [ 121.0297139, 14.6560851 ] ] ] } },
{ "type": "Feature", "properties": { "Amenity": null, "Building": null, "Landuse": null, "Name": null, "Shop": null }, "geometry": { "type": "Polygon", "coordinates": [ [ [ 121.0174259, 14.6075262 ], [ 121.0175485, 14.6072361 ], [ 121.0175902, 14.6071544 ], [ 121.0185558, 14.6078669 ], [ 121.0184233, 14.6080869 ], [ 121.0178724, 14.607736 ], [ 121.0177597, 14.6077425 ], [ 121.0176719, 14.6079585 ], [ 121.0173108, 14.6078306 ], [ 121.0174259, 14.6075262 ] ] ] } },
{ "type": "Feature", "properties": { "Amenity": null, "Building": null, "Landuse": null, "Name": null, "Shop": null }, "geometry": { "type": "Polygon", "coordinates": [ [ [ 121.0674721, 14.7287545 ], [ 121.0677462, 14.7289379 ], [ 121.0677977, 14.728984 ], [ 121.067839, 14.7290652 ], [ 121.0678755, 14.729211 ], [ 121.0678837, 14.729277 ], [ 121.0678819, 14.7293833 ], [ 121.0678406, 14.7295023 ], [ 121.067732, 14.7296442 ], [ 121.0676023, 14.7297075 ], [ 121.0674396, 14.7297557 ], [ 121.0673421, 14.7297431 ], [ 121.0671923, 14.7296798 ], [ 121.0671003, 14.7296169 ], [ 121.0669976, 14.7294607 ], [ 121.0668764, 14.7287648 ], [ 121.066809, 14.7283378 ], [ 121.0673753, 14.7282453 ], [ 121.0674721, 14.7287545 ] ] ] } },
{ "type": "Feature", "properties": { "Amenity": null, "Building": null, "Landuse": null, "Name": null, "Shop": null }, "geometry": { "type": "Polygon", "coordinates": [ [ [ 121.0671385, 14.7270151 ], [ 121.0673753, 14.7282453 ], [ 121.066809, 14.7283378 ], [ 121.066762, 14.7279055 ], [ 121.0666309, 14.7276385 ], [ 121.0663906, 14.7272462 ], [ 121.0661341, 14.7268383 ], [ 121.0668891, 14.7266605 ], [ 121.0671385, 14.7270151 ] ] ] } },
{ "type": "Feature", "properties": { "Amenity": null, "Building": null, "Landuse": null, "Name": null, "Shop": null }, "geometry": { "type": "Polygon", "coordinates": [ [ [ 121.051533, 14.6058553 ], [ 121.0523508, 14.6062014 ], [ 121.0521443, 14.6066679 ], [ 121.0513449, 14.6063367 ], [ 121.051533, 14.6058553 ] ] ] } },
{ "type": "Feature", "properties": { "Amenity": null, "Building": null, "Landuse": null, "Name": null, "Shop": null }, "geometry": { "type": "Polygon", "coordinates": [ [ [ 121.0523508, 14.6062014 ], [ 121.051533, 14.6058553 ], [ 121.0517805, 14.6053121 ], [ 121.0525936, 14.6056427 ], [ 121.0523508, 14.6062014 ] ] ] } },
{ "type": "Feature", "properties": { "Amenity": null, "Building": null, "Landuse": null, "Name": null, "Shop": null }, "geometry": { "type": "Polygon", "coordinates": [ [ [ 121.0778876, 14.6521321 ], [ 121.0780382, 14.65199 ], [ 121.0779982, 14.6519045 ], [ 121.0782032, 14.6517385 ], [ 121.0785412, 14.6516053 ], [ 121.0785493, 14.6516605 ], [ 121.0785522, 14.6517425 ], [ 121.0785109, 14.651866 ], [ 121.0784784, 14.6519626 ], [ 121.07843, 14.6520492 ], [ 121.0783783, 14.652127 ], [ 121.0783003, 14.6522776 ], [ 121.0781555, 14.6524293 ], [ 121.0778876, 14.6521321 ] ] ] } },
{ "type": "Feature", "properties": { "Amenity": null, "Building": null, "Landuse": null, "Name": null, "Shop": null }, "geometry": { "type": "Polygon", "coordinates": [ [ [ 121.0781555, 14.6524293 ], [ 121.0778613, 14.6526652 ], [ 121.0775213, 14.6528637 ], [ 121.0774604, 14.6527821 ], [ 121.0774872, 14.6527349 ], [ 121.0774184, 14.6526642 ], [ 121.0776518, 14.6523908 ], [ 121.0778876, 14.6521321 ], [ 121.0781555, 14.6524293 ] ] ] } },
{ "type": "Feature", "properties": { "Amenity": null, "Building": null, "Landuse": null, "Name": null, "Shop": null }, "geometry": { "type": "Polygon", "coordinates": [ [ [ 121.09443, 14.6894471 ], [ 121.0946859, 14.689247 ], [ 121.0945018, 14.688865 ], [ 121.0951523, 14.6886253 ], [ 121.0953107, 14.6891314 ], [ 121.0954901, 14.6892834 ], [ 121.09488, 14.6898816 ], [ 121.09443, 14.6894471 ] ] ] } },
{ "type": "Feature", "properties": { "Amenity": null, "Building": null, "Landuse": null, "Name": null, "Shop": null }, "geometry": { "type": "Polygon", "coordinates": [ [ [ 121.09443, 14.6894471 ], [ 121.093867, 14.6889087 ], [ 121.0939594, 14.68885 ], [ 121.0940178, 14.6888253 ], [ 121.0943486, 14.6887322 ], [ 121.0945018, 14.688865 ], [ 121.0946859, 14.689247 ], [ 121.09443, 14.6894471 ] ] ] } },
{ "type": "Feature", "properties": { "Amenity": null, "Building": null, "Landuse": null, "Name": null, "Shop": null }, "geometry": { "type": "Polygon", "coordinates": [ [ [ 121.061695, 14.6325092 ], [ 121.0607987, 14.6317147 ], [ 121.0609883, 14.6313137 ], [ 121.0611009, 14.6314207 ], [ 121.0614791, 14.6319437 ], [ 121.0617629, 14.6324384 ], [ 121.061695, 14.6325092 ] ] ] } },
{ "type": "Feature", "properties": { "Amenity": null, "Building": null, "Landuse": null, "Name": null, "Shop": null }, "geometry": { "type": "Polygon", "coordinates": [ [ [ 121.061695, 14.6325092 ], [ 121.0613355, 14.6328838 ], [ 121.0605403, 14.6321513 ], [ 121.0607987, 14.6317147 ], [ 121.061695, 14.6325092 ] ] ] } },
{ "type": "Feature", "properties": { "Amenity": null, "Building": null, "Landuse": null, "Name": null, "Shop": null }, "geometry": { "type": "MultiPolygon", "coordinates": [ [ [ [ 121.0948057, 14.7137795 ], [ 121.0951958, 14.713419 ], [ 121.0955191, 14.7138149 ], [ 121.0954247, 14.7139075 ], [ 121.0956435, 14.7140868 ], [ 121.0956615, 14.7140696 ], [ 121.0956695, 14.7140762 ], [ 121.0956999, 14.7141028 ], [ 121.0957133, 14.7142995 ], [ 121.0956166, 14.7144152 ], [ 121.0949893, 14.7139234 ], [ 121.0948057, 14.7137795 ] ] ], [ [ [ 121.0950999, 14.7131816 ], [ 121.0951683, 14.7131797 ], [ 121.0952097, 14.713313 ], [ 121.0947807, 14.7136402 ], [ 121.094363, 14.7137114 ], [ 121.0942595, 14.7135925 ], [ 121.0941296, 14.7134211 ], [ 121.0946711, 14.7133198 ], [ 121.0946492, 14.713259 ], [ 121.0950999, 14.7131816 ] ] ] ] } },
{ "type": "Feature", "properties": { "Amenity": null, "Building": null, "Landuse": null, "Name": null, "Shop": null }, "geometry": { "type": "Polygon", "coordinates": [ [ [ 121.0514239, 14.6166177 ], [ 121.0518632, 14.6168204 ], [ 121.0519367, 14.6168543 ], [ 121.051921, 14.6168862 ], [ 121.0517742, 14.6171842 ], [ 121.0512635, 14.6169486 ], [ 121.0513154, 14.6168433 ], [ 121.0513685, 14.6168679 ], [ 121.0514069, 14.61679 ], [ 121.0513515, 14.6167645 ], [ 121.0514239, 14.6166177 ] ], [ [ 121.0515091, 14.6169434 ], [ 121.0517097, 14.6170337 ], [ 121.0517412, 14.6169683 ], [ 121.0515405, 14.616878 ], [ 121.0515091, 14.6169434 ] ] ] } },
{ "type": "Feature", "properties": { "Amenity": null, "Building": null, "Landuse": null, "Name": null, "Shop": null }, "geometry": { "type": "Polygon", "coordinates": [ [ [ 121.0515561, 14.6161172 ], [ 121.0513935, 14.6148928 ], [ 121.0521401, 14.6148724 ], [ 121.0521863, 14.6164212 ], [ 121.051847, 14.6164442 ], [ 121.0516049, 14.6164629 ], [ 121.0515561, 14.6161172 ] ] ] } },
{ "type": "Feature", "properties": { "Amenity": null, "Building": null, "Landuse": null, "Name": null, "Shop": null }, "geometry": { "type": "Polygon", "coordinates": [ [ [ 121.0499235, 14.6140048 ], [ 121.04912, 14.6138605 ], [ 121.0487502, 14.6138039 ], [ 121.0489017, 14.6133803 ], [ 121.0489535, 14.6132811 ], [ 121.0490284, 14.6132507 ], [ 121.0491391, 14.6132811 ], [ 121.0491675, 14.6133148 ], [ 121.0493198, 14.6133418 ], [ 121.0495566, 14.6133545 ], [ 121.0499891, 14.6133943 ], [ 121.0501703, 14.6134972 ], [ 121.0501886, 14.6135063 ], [ 121.0499235, 14.6140048 ] ] ] } },
{ "type": "Feature", "properties": { "Amenity": null, "Building": null, "Landuse": null, "Name": null, "Shop": null }, "geometry": { "type": "Polygon", "coordinates": [ [ [ 121.04912, 14.6138605 ], [ 121.0488874, 14.6142519 ], [ 121.048862, 14.6145037 ], [ 121.0488347, 14.6145428 ], [ 121.0486408, 14.6145127 ], [ 121.048634, 14.6143037 ], [ 121.0482503, 14.6138398 ], [ 121.0483841, 14.6138999 ], [ 121.0485908, 14.613889 ], [ 121.0487502, 14.6138039 ], [ 121.04912, 14.6138605 ] ] ] } },
{ "type": "Feature", "properties": { "Amenity": null, "Building": null, "Landuse": null, "Name": null, "Shop": null }, "geometry": { "type": "Polygon", "coordinates": [ [ [ 121.04912, 14.6138605 ], [ 121.0499235, 14.6140048 ], [ 121.0494275, 14.6149373 ], [ 121.0494092, 14.6149282 ], [ 121.0488347, 14.6145428 ], [ 121.048862, 14.6145037 ], [ 121.0488874, 14.6142519 ], [ 121.04912, 14.6138605 ] ] ] } },
{ "type": "Feature", "properties": { "Amenity": null, "Building": null, "Landuse": null, "Name": null, "Shop": null }, "geometry": { "type": "Polygon", "coordinates": [ [ [ 121.0543243, 14.6294337 ], [ 121.0544524, 14.6297548 ], [ 121.0546117, 14.6303825 ], [ 121.0544378, 14.6305421 ], [ 121.0542013, 14.6306298 ], [ 121.0538711, 14.6305674 ], [ 121.0537728, 14.6305012 ], [ 121.0536822, 14.6303593 ], [ 121.0536484, 14.6297486 ], [ 121.0539689, 14.6297457 ], [ 121.0542888, 14.6295866 ], [ 121.0543243, 14.6294337 ] ] ] } },
{ "type": "Feature", "properties": { "Amenity": null, "Building": null, "Landuse": null, "Name": null, "Shop": null }, "geometry": { "type": "Polygon", "coordinates": [ [ [ 121.0546117, 14.6303825 ], [ 121.0544524, 14.6297548 ], [ 121.0543243, 14.6294337 ], [ 121.0544258, 14.6292775 ], [ 121.0546593, 14.6295004 ], [ 121.0548685, 14.6301429 ], [ 121.0546117, 14.6303825 ] ] ] } },
{ "type": "Feature", "properties": { "Amenity": null, "Building": null, "Landuse": null, "Name": null, "Shop": null }, "geometry": { "type": "Polygon", "coordinates": [ [ [ 121.058929, 14.6363398 ], [ 121.0584113, 14.6361965 ], [ 121.0585622, 14.6356716 ], [ 121.0586157, 14.6356884 ], [ 121.0590774, 14.6358194 ], [ 121.0590497, 14.6358993 ], [ 121.058929, 14.6363398 ] ] ] } },
{ "type": "Feature", "properties": { "Amenity": null, "Building": null, "Landuse": null, "Name": null, "Shop": null }, "geometry": { "type": "Polygon", "coordinates": [ [ [ 121.0504288, 14.6388967 ], [ 121.0503908, 14.6387293 ], [ 121.0507564, 14.6386488 ], [ 121.0507959, 14.6388151 ], [ 121.0504288, 14.6388967 ] ] ] } },
{ "type": "Feature", "properties": { "Amenity": null, "Building": null, "Landuse": null, "Name": null, "Shop": null }, "geometry": { "type": "Polygon", "coordinates": [ [ [ 121.0504288, 14.6388967 ], [ 121.0502727, 14.6389314 ], [ 121.0500326, 14.6379208 ], [ 121.0505558, 14.6378045 ], [ 121.0507564, 14.6386488 ], [ 121.0507959, 14.6388151 ], [ 121.0504288, 14.6388967 ] ] ] } },
{ "type": "Feature", "properties": { "Amenity": null, "Building": null, "Landuse": null, "Name": null, "Shop": null }, "geometry": { "type": "Polygon", "coordinates": [ [ [ 121.0441692, 14.6289118 ], [ 121.0440829, 14.6288948 ], [ 121.0440917, 14.6285166 ], [ 121.0444649, 14.6285886 ], [ 121.0443961, 14.628841 ], [ 121.0442036, 14.628793 ], [ 121.0441692, 14.6289118 ] ] ] } },
{ "type": "Feature", "properties": { "Amenity": null, "Building": null, "Landuse": null, "Name": null, "Shop": null }, "geometry": { "type": "Polygon", "coordinates": [ [ [ 121.0441692, 14.6289118 ], [ 121.0442036, 14.628793 ], [ 121.0443961, 14.628841 ], [ 121.0444649, 14.6285886 ], [ 121.0446701, 14.6286237 ], [ 121.045248, 14.6287827 ], [ 121.0451917, 14.6292141 ], [ 121.045021, 14.6291617 ], [ 121.0441692, 14.6289118 ] ] ] } },
{ "type": "Feature", "properties": { "Amenity": null, "Building": null, "Landuse": null, "Name": null, "Shop": null }, "geometry": { "type": "Polygon", "coordinates": [ [ [ 121.0488021, 14.6488609 ], [ 121.0489503, 14.6487974 ], [ 121.0490901, 14.6487435 ], [ 121.0491175, 14.6487338 ], [ 121.0492418, 14.6486947 ], [ 121.049397, 14.6486603 ], [ 121.0495323, 14.6486385 ], [ 121.049729, 14.6486255 ], [ 121.0498854, 14.6486241 ], [ 121.0499448, 14.6486263 ], [ 121.0500235, 14.648634 ], [ 121.0501697, 14.6486588 ], [ 121.0502964, 14.6486821 ], [ 121.050414, 14.6487106 ], [ 121.0505815, 14.6487735 ], [ 121.0506723, 14.6488093 ], [ 121.0507526, 14.6488501 ], [ 121.0508125, 14.64888 ], [ 121.0508696, 14.6489095 ], [ 121.0509312, 14.64895 ], [ 121.0510401, 14.6490246 ], [ 121.0511017, 14.6490681 ], [ 121.0511647, 14.6491143 ], [ 121.0512296, 14.6491705 ], [ 121.0513311, 14.6492698 ], [ 121.0513892, 14.6493281 ], [ 121.0514474, 14.6493994 ], [ 121.0515157, 14.6494912 ], [ 121.051593, 14.6495958 ], [ 121.0516161, 14.6496295 ], [ 121.0516406, 14.6496736 ], [ 121.0516788, 14.6497385 ], [ 121.051723, 14.6498216 ], [ 121.0517504, 14.6498853 ], [ 121.0517756, 14.6499439 ], [ 121.0517971, 14.6500029 ], [ 121.0518355, 14.6501219 ], [ 121.0518644, 14.6502287 ], [ 121.051888, 14.6503636 ], [ 121.0519038, 14.6505209 ], [ 121.051914, 14.6506769 ], [ 121.0519147, 14.6508132 ], [ 121.0519122, 14.6509251 ], [ 121.0519019, 14.6510909 ], [ 121.0518853, 14.6512524 ], [ 121.0518734, 14.6513253 ], [ 121.0518325, 14.6515559 ], [ 121.0517978, 14.6516971 ], [ 121.0517788, 14.6517698 ], [ 121.0517257, 14.6519272 ], [ 121.0516712, 14.6520779 ], [ 121.051612, 14.6522282 ], [ 121.0515891, 14.6522825 ], [ 121.0515468, 14.6523653 ], [ 121.0515167, 14.6524155 ], [ 121.0514937, 14.6524566 ], [ 121.0514242, 14.6525862 ], [ 121.0513962, 14.6526337 ], [ 121.0513636, 14.6526852 ], [ 121.0513092, 14.6527694 ], [ 121.0511921, 14.6529272 ], [ 121.0510669, 14.6530779 ], [ 121.0510241, 14.6531275 ], [ 121.0509706, 14.6531907 ], [ 121.0509244, 14.6532442 ], [ 121.0508503, 14.6533179 ], [ 121.0507651, 14.6534 ], [ 121.0507252, 14.6534387 ], [ 121.0506743, 14.6534825 ], [ 121.0506147, 14.6535368 ], [ 121.0505503, 14.6535882 ], [ 121.0504963, 14.6536285 ], [ 121.0504434, 14.6536691 ], [ 121.0504002, 14.6536992 ], [ 121.0503459, 14.6537372 ], [ 121.0502857, 14.6537759 ], [ 121.0502412, 14.6538032 ], [ 121.0501988, 14.6538341 ], [ 121.0501445, 14.6538661 ], [ 121.0500852, 14.6539027 ], [ 121.0500418, 14.6539297 ], [ 121.0499781, 14.653964 ], [ 121.049921, 14.6539944 ], [ 121.0498507, 14.6540302 ], [ 121.0497389, 14.6540753 ], [ 121.0496553, 14.6541132 ], [ 121.0495874, 14.6541391 ], [ 121.0494922, 14.654172 ], [ 121.0494196, 14.6541954 ], [ 121.0493305, 14.6542221 ], [ 121.0492561, 14.6542407 ], [ 121.0491671, 14.654263 ], [ 121.0490849, 14.6542832 ], [ 121.0489855, 14.6542965 ], [ 121.0488985, 14.6543026 ], [ 121.0487958, 14.6543045 ], [ 121.0487209, 14.6543046 ], [ 121.0486448, 14.6543026 ], [ 121.0485594, 14.6542992 ], [ 121.048481, 14.6542901 ], [ 121.0483853, 14.654274 ], [ 121.0482912, 14.654252 ], [ 121.0481676, 14.6542125 ], [ 121.0480495, 14.6541668 ], [ 121.0479297, 14.6541167 ], [ 121.0478484, 14.6540795 ], [ 121.0477867, 14.6540463 ], [ 121.0476699, 14.653985 ], [ 121.0475143, 14.6538858 ], [ 121.0474239, 14.653818 ], [ 121.047374, 14.6537791 ], [ 121.0472943, 14.6537098 ], [ 121.0472041, 14.6536204 ], [ 121.0471623, 14.6535783 ], [ 121.047109, 14.6535144 ], [ 121.0470602, 14.6534581 ], [ 121.0470139, 14.6533975 ], [ 121.0469623, 14.6533177 ], [ 121.0469267, 14.653255 ], [ 121.0468944, 14.6531989 ], [ 121.0468519, 14.6531181 ], [ 121.0468181, 14.6530454 ], [ 121.046795, 14.6529805 ], [ 121.0467325, 14.6527845 ], [ 121.0467014, 14.652665 ], [ 121.0466745, 14.6524819 ], [ 121.0466594, 14.6523307 ], [ 121.0466509, 14.6521408 ], [ 121.0466512, 14.652087 ], [ 121.0466516, 14.6520246 ], [ 121.0466555, 14.6519773 ], [ 121.0466633, 14.6518824 ], [ 121.04667, 14.6518014 ], [ 121.0466924, 14.6516338 ], [ 121.0467124, 14.651503 ], [ 121.0467352, 14.6513906 ], [ 121.0467624, 14.6512781 ], [ 121.0468031, 14.6511275 ], [ 121.0468313, 14.6510442 ], [ 121.046851, 14.6509863 ], [ 121.0468681, 14.650931 ], [ 121.0468885, 14.6508773 ], [ 121.0469188, 14.6508072 ], [ 121.0469398, 14.6507574 ], [ 121.0470307, 14.6505578 ], [ 121.0471217, 14.6503852 ], [ 121.0471589, 14.6503252 ], [ 121.0471874, 14.6502793 ], [ 121.0472386, 14.6501987 ], [ 121.047325, 14.6500712 ], [ 121.047379, 14.649994 ], [ 121.0475174, 14.6498169 ], [ 121.0476087, 14.6497157 ], [ 121.0477196, 14.649599 ], [ 121.047795, 14.6495308 ], [ 121.0479012, 14.6494326 ], [ 121.0480934, 14.6492825 ], [ 121.0481606, 14.6492325 ], [ 121.0483116, 14.6491345 ], [ 121.048365, 14.6491023 ], [ 121.0484932, 14.6490251 ], [ 121.0486022, 14.6489597 ], [ 121.0488021, 14.6488609 ] ] ] } },
{ "type": "Feature", "properties": { "Amenity": null, "Building": null, "Landuse": null, "Name": null, "Shop": null }, "geometry": { "type": "Polygon", "coordinates": [ [ [ 121.0618971, 14.6583116 ], [ 121.0614831, 14.6583163 ], [ 121.0614804, 14.6580912 ], [ 121.0614387, 14.6580917 ], [ 121.0614363, 14.6578888 ], [ 121.061836, 14.6578843 ], [ 121.0618369, 14.657953 ], [ 121.0618928, 14.6579523 ], [ 121.0618971, 14.6583116 ] ], [ [ 121.0618552, 14.65824 ], [ 121.0618512, 14.6580283 ], [ 121.0615294, 14.658034 ], [ 121.0615334, 14.6582458 ], [ 121.0618552, 14.65824 ] ] ] } },
{ "type": "Feature", "properties": { "Amenity": null, "Building": null, "Landuse": null, "Name": null, "Shop": null }, "geometry": { "type": "Polygon", "coordinates": [ [ [ 121.082495, 14.6992237 ], [ 121.0826346, 14.6995433 ], [ 121.082879, 14.6994591 ], [ 121.0828974, 14.6995009 ], [ 121.082669, 14.6995804 ], [ 121.0828556, 14.7000615 ], [ 121.0814156, 14.7005384 ], [ 121.0810916, 14.6996232 ], [ 121.082495, 14.6992237 ] ] ] } },
{ "type": "Feature", "properties": { "Amenity": null, "Building": null, "Landuse": null, "Name": null, "Shop": null }, "geometry": { "type": "Polygon", "coordinates": [ [ [ 121.082495, 14.6992237 ], [ 121.0810916, 14.6996232 ], [ 121.0808169, 14.6988279 ], [ 121.0820613, 14.6984589 ], [ 121.0822661, 14.6985139 ], [ 121.082495, 14.6992237 ] ] ] } },
{ "type": "Feature", "properties": { "Amenity": null, "Building": null, "Landuse": null, "Name": null, "Shop": null }, "geometry": { "type": "Polygon", "coordinates": [ [ [ 121.0642157, 14.6863424 ], [ 121.0640499, 14.6863416 ], [ 121.0640531, 14.6859928 ], [ 121.0639604, 14.6858229 ], [ 121.0631036, 14.6854043 ], [ 121.0631009, 14.6843523 ], [ 121.0628474, 14.6841321 ], [ 121.0626077, 14.6839185 ], [ 121.0612552, 14.6827491 ], [ 121.0612805, 14.6827209 ], [ 121.0613176, 14.6826796 ], [ 121.0614896, 14.682488 ], [ 121.0620142, 14.6824674 ], [ 121.0622821, 14.682719 ], [ 121.0623595, 14.6827904 ], [ 121.0628079, 14.6831893 ], [ 121.0636758, 14.6832004 ], [ 121.0648737, 14.6831936 ], [ 121.0648724, 14.6843322 ], [ 121.0648706, 14.685852 ], [ 121.0648683, 14.6863456 ], [ 121.0645633, 14.6863441 ], [ 121.0644885, 14.6863437 ], [ 121.0643056, 14.6863428 ], [ 121.0642157, 14.6863424 ] ] ] } },
{ "type": "Feature", "properties": { "Amenity": null, "Building": null, "Landuse": null, "Name": null, "Shop": null }, "geometry": { "type": "Polygon", "coordinates": [ [ [ 121.0676391, 14.6284663 ], [ 121.0676606, 14.6284047 ], [ 121.0678403, 14.6278894 ], [ 121.0681579, 14.6269785 ], [ 121.0686238, 14.627132 ], [ 121.0680995, 14.6286323 ], [ 121.0678053, 14.6285246 ], [ 121.067755, 14.6285052 ], [ 121.0676391, 14.6284663 ] ] ] } },
{ "type": "Feature", "properties": { "Amenity": null, "Building": null, "Landuse": null, "Name": null, "Shop": null }, "geometry": { "type": "Polygon", "coordinates": [ [ [ 121.0412209, 14.7248277 ], [ 121.0409087, 14.7248011 ], [ 121.0409266, 14.7245708 ], [ 121.0412385, 14.7245948 ], [ 121.0412209, 14.7248277 ] ] ] } },
{ "type": "Feature", "properties": { "Amenity": null, "Building": null, "Landuse": null, "Name": null, "Shop": null }, "geometry": { "type": "Polygon", "coordinates": [ [ [ 121.0409087, 14.7248011 ], [ 121.0412209, 14.7248277 ], [ 121.0411811, 14.7252643 ], [ 121.0408689, 14.7252377 ], [ 121.0409087, 14.7248011 ] ] ] } },
{ "type": "Feature", "properties": { "Amenity": null, "Building": null, "Landuse": null, "Name": null, "Shop": null }, "geometry": { "type": "Polygon", "coordinates": [ [ [ 121.0797874, 14.6960109 ], [ 121.0790959, 14.6962317 ], [ 121.078916, 14.6956805 ], [ 121.0790998, 14.6950588 ], [ 121.0793527, 14.6947679 ], [ 121.0797874, 14.6960109 ] ] ] } },
{ "type": "Feature", "properties": { "Amenity": null, "Building": null, "Landuse": null, "Name": null, "Shop": null }, "geometry": { "type": "Polygon", "coordinates": [ [ [ 121.0802522, 14.6897223 ], [ 121.0802536, 14.6897005 ], [ 121.0802296, 14.68964 ], [ 121.0802552, 14.6895305 ], [ 121.0807185, 14.6896058 ], [ 121.0806959, 14.6898986 ], [ 121.0806815, 14.690036 ], [ 121.080231, 14.6900037 ], [ 121.0802522, 14.6897223 ] ] ] } },
{ "type": "Feature", "properties": { "Amenity": null, "Building": null, "Landuse": null, "Name": null, "Shop": null }, "geometry": { "type": "Polygon", "coordinates": [ [ [ 121.0805054, 14.6911854 ], [ 121.0787149, 14.6911254 ], [ 121.078778, 14.6909149 ], [ 121.080029, 14.6896387 ], [ 121.0802522, 14.6897223 ], [ 121.080231, 14.6900037 ], [ 121.0806815, 14.690036 ], [ 121.0806818, 14.6911308 ], [ 121.0805054, 14.6911854 ] ] ] } },
{ "type": "Feature", "properties": { "Amenity": null, "Building": null, "Landuse": null, "Name": null, "Shop": null }, "geometry": { "type": "Polygon", "coordinates": [ [ [ 121.0486408, 14.6145127 ], [ 121.0481096, 14.6138944 ], [ 121.0481857, 14.6138108 ], [ 121.0482503, 14.6138398 ], [ 121.048634, 14.6143037 ], [ 121.0486408, 14.6145127 ] ] ] } },
{ "type": "Feature", "properties": { "Amenity": null, "Building": null, "Landuse": null, "Name": null, "Shop": null }, "geometry": { "type": "Polygon", "coordinates": [ [ [ 120.9991082, 14.6290834 ], [ 120.9987945, 14.6297311 ], [ 120.9988793, 14.629773 ], [ 120.9988328, 14.6298701 ], [ 120.9978959, 14.6294418 ], [ 120.9984785, 14.6282284 ], [ 120.9992659, 14.6285824 ], [ 120.9991423, 14.6288398 ], [ 120.99921, 14.6288733 ], [ 120.9991082, 14.6290834 ] ] ] } },
{ "type": "Feature", "properties": { "Amenity": null, "Building": null, "Landuse": null, "Name": null, "Shop": null }, "geometry": { "type": "Polygon", "coordinates": [ [ [ 120.9997558, 14.6293914 ], [ 120.9991082, 14.6290834 ], [ 120.99921, 14.6288733 ], [ 120.9991423, 14.6288398 ], [ 120.9992659, 14.6285824 ], [ 120.9999883, 14.6289071 ], [ 120.9997558, 14.6293914 ] ] ] } },
{ "type": "Feature", "properties": { "Amenity": null, "Building": null, "Landuse": null, "Name": null, "Shop": null }, "geometry": { "type": "Polygon", "coordinates": [ [ [ 120.9991082, 14.6290834 ], [ 120.9997558, 14.6293914 ], [ 120.9994058, 14.6301205 ], [ 120.9988328, 14.6298701 ], [ 120.9988793, 14.629773 ], [ 120.9987945, 14.6297311 ], [ 120.9991082, 14.6290834 ] ] ] } },
{ "type": "Feature", "properties": { "Amenity": null, "Building": null, "Landuse": null, "Name": null, "Shop": null }, "geometry": { "type": "Polygon", "coordinates": [ [ [ 121.03564, 14.654227 ], [ 121.0356437, 14.6542437 ], [ 121.0356476, 14.6542598 ], [ 121.0351746, 14.6543674 ], [ 121.0347338, 14.6544659 ], [ 121.032354, 14.6549975 ], [ 121.0322705, 14.6546279 ], [ 121.0314189, 14.6541244 ], [ 121.0322609, 14.6528659 ], [ 121.0338118, 14.650548 ], [ 121.0343444, 14.6508899 ], [ 121.0344196, 14.6509346 ], [ 121.0345155, 14.6508704 ], [ 121.0346449, 14.6508447 ], [ 121.0347961, 14.6508148 ], [ 121.0348997, 14.651299 ], [ 121.0353502, 14.6534051 ], [ 121.0353575, 14.6534394 ], [ 121.0353859, 14.6534337 ], [ 121.035428, 14.6534252 ], [ 121.0354582, 14.653419 ], [ 121.0354638, 14.6534449 ], [ 121.0354681, 14.6534653 ], [ 121.0354697, 14.6534726 ], [ 121.0354745, 14.653495 ], [ 121.0355539, 14.6538409 ], [ 121.03564, 14.654227 ] ] ] } },
{ "type": "Feature", "properties": { "Amenity": null, "Building": null, "Landuse": null, "Name": null, "Shop": null }, "geometry": { "type": "Polygon", "coordinates": [ [ [ 121.02085, 14.6198749 ], [ 121.0212063, 14.6199795 ], [ 121.0213206, 14.620014 ], [ 121.0212568, 14.6202119 ], [ 121.0212177, 14.620333 ], [ 121.0212103, 14.620346 ], [ 121.0214839, 14.6204277 ], [ 121.0215556, 14.6204554 ], [ 121.0213388, 14.6207961 ], [ 121.0206329, 14.6205297 ], [ 121.02085, 14.6198749 ] ] ] } },
{ "type": "Feature", "properties": { "Amenity": null, "Building": null, "Landuse": null, "Name": null, "Shop": null }, "geometry": { "type": "Polygon", "coordinates": [ [ [ 121.0207417, 14.6194486 ], [ 121.0204073, 14.6204588 ], [ 121.0197312, 14.6202408 ], [ 121.0200674, 14.6192174 ], [ 121.0207417, 14.6194486 ] ] ] } },
{ "type": "Feature", "properties": { "Amenity": null, "Building": null, "Landuse": null, "Name": null, "Shop": null }, "geometry": { "type": "MultiPolygon", "coordinates": [ [ [ [ 121.003486, 14.6414002 ], [ 121.0036781, 14.6414241 ], [ 121.0036132, 14.6419245 ], [ 121.0034322, 14.6419033 ], [ 121.003486, 14.6414002 ] ] ], [ [ [ 121.0031374, 14.6418685 ], [ 121.0029762, 14.6418473 ], [ 121.0030093, 14.6416109 ], [ 121.0031705, 14.6416321 ], [ 121.0031374, 14.6418685 ] ] ] ] } },
{ "type": "Feature", "properties": { "Amenity": null, "Building": null, "Landuse": null, "Name": null, "Shop": null }, "geometry": { "type": "Polygon", "coordinates": [ [ [ 121.0183029, 14.6628758 ], [ 121.0173735, 14.6628901 ], [ 121.017381, 14.6624299 ], [ 121.0171187, 14.662419 ], [ 121.0172041, 14.6614856 ], [ 121.0174184, 14.6607402 ], [ 121.0175157, 14.6606546 ], [ 121.0184699, 14.660652 ], [ 121.0186026, 14.6607006 ], [ 121.0187153, 14.6609887 ], [ 121.0187334, 14.6613542 ], [ 121.0184638, 14.6624775 ], [ 121.0183029, 14.6628758 ] ] ] } },
{ "type": "Feature", "properties": { "Amenity": null, "Building": null, "Landuse": null, "Name": null, "Shop": null }, "geometry": { "type": "Polygon", "coordinates": [ [ [ 121.0340045, 14.6661566 ], [ 121.034419, 14.6661841 ], [ 121.0350702, 14.6664068 ], [ 121.0345881, 14.6669445 ], [ 121.0344977, 14.6669128 ], [ 121.0339049, 14.6668472 ], [ 121.0340045, 14.6661566 ] ] ] } },
{ "type": "Feature", "properties": { "Amenity": null, "Building": null, "Landuse": null, "Name": null, "Shop": null }, "geometry": { "type": "Polygon", "coordinates": [ [ [ 121.0292805, 14.6590879 ], [ 121.0291019, 14.6583341 ], [ 121.0290994, 14.6583237 ], [ 121.0301954, 14.6580848 ], [ 121.0306209, 14.6579921 ], [ 121.0307517, 14.6586166 ], [ 121.0308434, 14.659021 ], [ 121.0297016, 14.6592734 ], [ 121.0296332, 14.6590081 ], [ 121.0292805, 14.6590879 ] ] ] } },
{ "type": "Feature", "properties": { "Amenity": null, "Building": null, "Landuse": null, "Name": null, "Shop": null }, "geometry": { "type": "Polygon", "coordinates": [ [ [ 121.0285669, 14.6585893 ], [ 121.0283531, 14.6577035 ], [ 121.028817, 14.6575946 ], [ 121.0289078, 14.657977 ], [ 121.028938, 14.6581045 ], [ 121.0289882, 14.6583157 ], [ 121.0289985, 14.6583576 ], [ 121.0290274, 14.6584849 ], [ 121.0285669, 14.6585893 ] ] ] } },
{ "type": "Feature", "properties": { "Amenity": null, "Building": null, "Landuse": null, "Name": null, "Shop": null }, "geometry": { "type": "Polygon", "coordinates": [ [ [ 121.028817, 14.6575946 ], [ 121.0283531, 14.6577035 ], [ 121.0285669, 14.6585893 ], [ 121.0272293, 14.6588829 ], [ 121.0271382, 14.658512 ], [ 121.0269567, 14.6577284 ], [ 121.0268559, 14.6572908 ], [ 121.0286449, 14.6568879 ], [ 121.0287561, 14.6573445 ], [ 121.0287615, 14.6573666 ], [ 121.028817, 14.6575946 ] ] ] } },
{ "type": "Feature", "properties": { "Amenity": null, "Building": null, "Landuse": null, "Name": null, "Shop": null }, "geometry": { "type": "Polygon", "coordinates": [ [ [ 121.0272293, 14.6588829 ], [ 121.0266372, 14.6590166 ], [ 121.0265385, 14.658643 ], [ 121.0271382, 14.658512 ], [ 121.0272293, 14.6588829 ] ] ] } },
{ "type": "Feature", "properties": { "Amenity": null, "Building": null, "Landuse": null, "Name": null, "Shop": null }, "geometry": { "type": "Polygon", "coordinates": [ [ [ 121.0265385, 14.658643 ], [ 121.0263442, 14.6578654 ], [ 121.0269567, 14.6577284 ], [ 121.0271382, 14.658512 ], [ 121.0265385, 14.658643 ] ] ] } },
{ "type": "Feature", "properties": { "Amenity": null, "Building": null, "Landuse": null, "Name": null, "Shop": null }, "geometry": { "type": "Polygon", "coordinates": [ [ [ 121.0093456, 14.6670103 ], [ 121.0092826, 14.6671727 ], [ 121.009121, 14.6672931 ], [ 121.0088283, 14.6669988 ], [ 121.0089936, 14.6668287 ], [ 121.0090285, 14.6668099 ], [ 121.0091069, 14.6668284 ], [ 121.0092481, 14.6669072 ], [ 121.0093456, 14.6670103 ] ] ] } },
{ "type": "Feature", "properties": { "Amenity": null, "Building": null, "Landuse": null, "Name": null, "Shop": null }, "geometry": { "type": "Polygon", "coordinates": [ [ [ 121.0267693, 14.6865746 ], [ 121.026757, 14.6866696 ], [ 121.0258603, 14.6874086 ], [ 121.025746, 14.6875028 ], [ 121.0255689, 14.6872829 ], [ 121.0252516, 14.6874909 ], [ 121.0248352, 14.6869836 ], [ 121.0251303, 14.6867456 ], [ 121.0253033, 14.6866061 ], [ 121.0255754, 14.6869304 ], [ 121.0264324, 14.6862726 ], [ 121.0265923, 14.6864163 ], [ 121.0267693, 14.6865746 ] ] ] } },
{ "type": "Feature", "properties": { "Amenity": null, "Building": null, "Landuse": null, "Name": null, "Shop": null }, "geometry": { "type": "Polygon", "coordinates": [ [ [ 121.0298379, 14.6882239 ], [ 121.0301806, 14.6883763 ], [ 121.0299962, 14.6886896 ], [ 121.0296519, 14.6885562 ], [ 121.0296631, 14.6885362 ], [ 121.0298379, 14.6882239 ] ] ] } },
{ "type": "Feature", "properties": { "Amenity": null, "Building": null, "Landuse": null, "Name": null, "Shop": null }, "geometry": { "type": "MultiPolygon", "coordinates": [ [ [ [ 121.0231414, 14.6989905 ], [ 121.0232099, 14.698827 ], [ 121.0234365, 14.6989158 ], [ 121.023368, 14.6990793 ], [ 121.0231414, 14.6989905 ] ] ], [ [ [ 121.0233336, 14.698403 ], [ 121.0236424, 14.6985264 ], [ 121.0235921, 14.6986314 ], [ 121.0235032, 14.6988206 ], [ 121.0231989, 14.6986903 ], [ 121.0232649, 14.6985585 ], [ 121.0232875, 14.6985138 ], [ 121.0233336, 14.698403 ] ] ] ] } },
{ "type": "Feature", "properties": { "Amenity": null, "Building": null, "Landuse": null, "Name": null, "Shop": null }, "geometry": { "type": "Polygon", "coordinates": [ [ [ 121.0317347, 14.6907778 ], [ 121.0319902, 14.6911669 ], [ 121.0318843, 14.6912383 ], [ 121.0317815, 14.6912538 ], [ 121.0309999, 14.6909913 ], [ 121.030937, 14.6911738 ], [ 121.030874, 14.6911575 ], [ 121.0309979, 14.6907597 ], [ 121.0312876, 14.6908834 ], [ 121.0314663, 14.6906806 ], [ 121.0315272, 14.6906696 ], [ 121.0316641, 14.6907646 ], [ 121.0317347, 14.6907778 ] ] ] } },
{ "type": "Feature", "properties": { "Amenity": null, "Building": null, "Landuse": null, "Name": null, "Shop": null }, "geometry": { "type": "Polygon", "coordinates": [ [ [ 121.045355, 14.6867011 ], [ 121.0454991, 14.6866006 ], [ 121.0454951, 14.6867186 ], [ 121.0464252, 14.6867436 ], [ 121.0464245, 14.6874679 ], [ 121.0462387, 14.6873627 ], [ 121.0456017, 14.6869203 ], [ 121.045355, 14.6867011 ] ] ] } },
{ "type": "Feature", "properties": { "Amenity": null, "Building": null, "Landuse": null, "Name": null, "Shop": null }, "geometry": { "type": "Polygon", "coordinates": [ [ [ 121.043851, 14.6658614 ], [ 121.0439167, 14.666291 ], [ 121.043794, 14.6663058 ], [ 121.0438365, 14.6668079 ], [ 121.0434982, 14.6667466 ], [ 121.0435861, 14.6664923 ], [ 121.0433406, 14.6664978 ], [ 121.0433601, 14.6663582 ], [ 121.0434647, 14.6658899 ], [ 121.043851, 14.6658614 ] ] ] } },
{ "type": "Feature", "properties": { "Amenity": null, "Building": null, "Landuse": null, "Name": null, "Shop": null }, "geometry": { "type": "Polygon", "coordinates": [ [ [ 121.0570339, 14.6652586 ], [ 121.0569971, 14.6653519 ], [ 121.0568704, 14.6654525 ], [ 121.0567269, 14.6655757 ], [ 121.0566363, 14.6656242 ], [ 121.0564727, 14.6658276 ], [ 121.0559142, 14.665856 ], [ 121.0556607, 14.6661803 ], [ 121.0555668, 14.6660973 ], [ 121.0548383, 14.6665032 ], [ 121.0547313, 14.6663268 ], [ 121.0544674, 14.666017 ], [ 121.0543115, 14.6664696 ], [ 121.0540299, 14.6663632 ], [ 121.0538951, 14.6664944 ], [ 121.0537468, 14.6665135 ], [ 121.0536497, 14.6664618 ], [ 121.0536477, 14.6662536 ], [ 121.0537346, 14.6662136 ], [ 121.0539142, 14.6661308 ], [ 121.0539461, 14.6661161 ], [ 121.0540446, 14.6660707 ], [ 121.0540567, 14.6657859 ], [ 121.0542077, 14.6656642 ], [ 121.0540896, 14.6652877 ], [ 121.0540609, 14.6651918 ], [ 121.0537962, 14.6643584 ], [ 121.0543058, 14.6642416 ], [ 121.0545478, 14.6642215 ], [ 121.0547132, 14.6641862 ], [ 121.054738, 14.6641719 ], [ 121.0547528, 14.6636503 ], [ 121.0548721, 14.6636503 ], [ 121.0548989, 14.6629883 ], [ 121.0549097, 14.6627499 ], [ 121.054911, 14.6621259 ], [ 121.0550825, 14.662121 ], [ 121.0557259, 14.6621029 ], [ 121.0560273, 14.6620944 ], [ 121.0565437, 14.6620799 ], [ 121.0566037, 14.6620782 ], [ 121.0569528, 14.6620606 ], [ 121.0572209, 14.6624814 ], [ 121.0577045, 14.6624411 ], [ 121.0576971, 14.662047 ], [ 121.0579037, 14.6620532 ], [ 121.0579526, 14.6621116 ], [ 121.057956, 14.6621946 ], [ 121.0579961, 14.6621958 ], [ 121.0580775, 14.6621981 ], [ 121.0581136, 14.6621992 ], [ 121.0581142, 14.6621401 ], [ 121.0582014, 14.6620422 ], [ 121.0585609, 14.6620323 ], [ 121.0583766, 14.6625173 ], [ 121.0587104, 14.6627616 ], [ 121.0588776, 14.6627674 ], [ 121.0590098, 14.6630438 ], [ 121.0596713, 14.6630354 ], [ 121.0596827, 14.6634311 ], [ 121.0596921, 14.6635569 ], [ 121.0596572, 14.6644547 ], [ 121.059507, 14.6644612 ], [ 121.0592736, 14.6643782 ], [ 121.0591449, 14.6643419 ], [ 121.0585226, 14.664338 ], [ 121.0581357, 14.6644165 ], [ 121.0577319, 14.664437 ], [ 121.0575296, 14.6644378 ], [ 121.0574619, 14.6645304 ], [ 121.0573507, 14.6646988 ], [ 121.0570339, 14.6652586 ] ] ] } },
{ "type": "Feature", "properties": { "Amenity": null, "Building": null, "Landuse": null, "Name": null, "Shop": null }, "geometry": { "type": "Polygon", "coordinates": [ [ [ 121.0580157, 14.6659087 ], [ 121.0581762, 14.6660029 ], [ 121.0584012, 14.6661605 ], [ 121.0584294, 14.6662328 ], [ 121.0580975, 14.6663705 ], [ 121.0581392, 14.6667658 ], [ 121.0580824, 14.6670362 ], [ 121.0577198, 14.6670282 ], [ 121.0577608, 14.6668861 ], [ 121.0577454, 14.6666193 ], [ 121.0576791, 14.6664541 ], [ 121.0575497, 14.6663269 ], [ 121.0580157, 14.6659087 ] ] ] } },
{ "type": "Feature", "properties": { "Amenity": null, "Building": null, "Landuse": null, "Name": null, "Shop": null }, "geometry": { "type": "Polygon", "coordinates": [ [ [ 121.0762289, 14.6731401 ], [ 121.0757451, 14.6731343 ], [ 121.0757451, 14.6730694 ], [ 121.0762289, 14.6730782 ], [ 121.0762289, 14.6731401 ] ] ] } },
{ "type": "Feature", "properties": { "Amenity": null, "Building": null, "Landuse": null, "Name": null, "Shop": null }, "geometry": { "type": "Polygon", "coordinates": [ [ [ 121.0767227, 14.6728936 ], [ 121.076255, 14.6728876 ], [ 121.0762554, 14.6724973 ], [ 121.0757739, 14.6725014 ], [ 121.0757719, 14.6724687 ], [ 121.0761561, 14.6724636 ], [ 121.0761648, 14.6720656 ], [ 121.0765471, 14.6720575 ], [ 121.0765458, 14.6725466 ], [ 121.0767294, 14.6725518 ], [ 121.0767227, 14.6728936 ] ] ] } },
{ "type": "Feature", "properties": { "Amenity": null, "Building": null, "Landuse": null, "Name": null, "Shop": null }, "geometry": { "type": "MultiPolygon", "coordinates": [ [ [ [ 121.0726498, 14.678698 ], [ 121.0720638, 14.6787078 ], [ 121.0720403, 14.678877 ], [ 121.0718016, 14.6788757 ], [ 121.0717519, 14.6781648 ], [ 121.0726542, 14.6781688 ], [ 121.0726498, 14.678698 ] ] ], [ [ [ 121.0722166, 14.6778476 ], [ 121.0722172, 14.6776056 ], [ 121.0725183, 14.6776063 ], [ 121.0725177, 14.6778482 ], [ 121.0722166, 14.6778476 ] ] ] ] } },
{ "type": "Feature", "properties": { "Amenity": null, "Building": null, "Landuse": null, "Name": null, "Shop": null }, "geometry": { "type": "Polygon", "coordinates": [ [ [ 121.0716503, 14.678492 ], [ 121.0716541, 14.678687 ], [ 121.0708053, 14.6786919 ], [ 121.0706634, 14.6783766 ], [ 121.0705644, 14.6781564 ], [ 121.0714205, 14.6781534 ], [ 121.0714294, 14.678493 ], [ 121.0716503, 14.678492 ] ] ] } },
{ "type": "Feature", "properties": { "Amenity": null, "Building": null, "Landuse": null, "Name": null, "Shop": null }, "geometry": { "type": "Polygon", "coordinates": [ [ [ 121.0704572, 14.6905986 ], [ 121.070236, 14.6905944 ], [ 121.0702224, 14.6890808 ], [ 121.070407, 14.6890853 ], [ 121.0742326, 14.689127 ], [ 121.0742233, 14.6905851 ], [ 121.0725767, 14.6905864 ], [ 121.0725755, 14.6906304 ], [ 121.0704572, 14.6905986 ] ] ] } },
{ "type": "Feature", "properties": { "Amenity": null, "Building": null, "Landuse": null, "Name": null, "Shop": null }, "geometry": { "type": "Polygon", "coordinates": [ [ [ 121.0632654, 14.7026857 ], [ 121.0628453, 14.7027161 ], [ 121.0627913, 14.7022492 ], [ 121.0632178, 14.7022128 ], [ 121.0632654, 14.7026857 ] ] ] } },
{ "type": "Feature", "properties": { "Amenity": null, "Building": null, "Landuse": null, "Name": null, "Shop": null }, "geometry": { "type": "Polygon", "coordinates": [ [ [ 121.0534278, 14.7078997 ], [ 121.0529423, 14.7079671 ], [ 121.0523582, 14.7081014 ], [ 121.0523445, 14.7080522 ], [ 121.0523023, 14.7079005 ], [ 121.0522771, 14.707792 ], [ 121.0522885, 14.7076519 ], [ 121.0524555, 14.7073432 ], [ 121.0526311, 14.7070857 ], [ 121.0528096, 14.7069592 ], [ 121.0534278, 14.7078997 ] ] ] } },
{ "type": "Feature", "properties": { "Amenity": null, "Building": null, "Landuse": null, "Name": null, "Shop": null }, "geometry": { "type": "Polygon", "coordinates": [ [ [ 121.036856, 14.7172355 ], [ 121.0366472, 14.717394 ], [ 121.0365184, 14.7176904 ], [ 121.0363595, 14.7177727 ], [ 121.036098, 14.7177151 ], [ 121.0361784, 14.7174588 ], [ 121.0358378, 14.7172903 ], [ 121.0361019, 14.7168589 ], [ 121.0361946, 14.7169343 ], [ 121.0364251, 14.7166758 ], [ 121.036856, 14.7172355 ] ] ] } },
{ "type": "Feature", "properties": { "Amenity": null, "Building": null, "Landuse": null, "Name": null, "Shop": null }, "geometry": { "type": "Polygon", "coordinates": [ [ [ 121.0361019, 14.7168589 ], [ 121.0364591, 14.7163038 ], [ 121.0370394, 14.7171288 ], [ 121.036856, 14.7172355 ], [ 121.0364251, 14.7166758 ], [ 121.0361946, 14.7169343 ], [ 121.0361019, 14.7168589 ] ] ] } },
{ "type": "Feature", "properties": { "Amenity": null, "Building": null, "Landuse": null, "Name": null, "Shop": null }, "geometry": { "type": "Polygon", "coordinates": [ [ [ 121.0420547, 14.7212091 ], [ 121.0424014, 14.7212757 ], [ 121.0423567, 14.7214929 ], [ 121.0420059, 14.721427 ], [ 121.0420547, 14.7212091 ] ] ] } },
{ "type": "Feature", "properties": { "Amenity": null, "Building": null, "Landuse": null, "Name": null, "Shop": null }, "geometry": { "type": "Polygon", "coordinates": [ [ [ 121.0371287, 14.7277019 ], [ 121.036483, 14.7285054 ], [ 121.0361657, 14.7287778 ], [ 121.0358992, 14.7284354 ], [ 121.0359069, 14.7281597 ], [ 121.0362536, 14.72789 ], [ 121.0362006, 14.7276707 ], [ 121.0364192, 14.7276617 ], [ 121.036731, 14.7276889 ], [ 121.0366358, 14.7273782 ], [ 121.0368876, 14.7272544 ], [ 121.0371937, 14.7272291 ], [ 121.0371287, 14.7277019 ] ] ] } },
{ "type": "Feature", "properties": { "Amenity": null, "Building": null, "Landuse": null, "Name": null, "Shop": null }, "geometry": { "type": "Polygon", "coordinates": [ [ [ 121.0448782, 14.7271694 ], [ 121.0447459, 14.7272211 ], [ 121.0447985, 14.7274949 ], [ 121.0430977, 14.7270214 ], [ 121.0430074, 14.7265837 ], [ 121.042919, 14.7265717 ], [ 121.042928, 14.7261513 ], [ 121.0427538, 14.7259725 ], [ 121.0427373, 14.7257562 ], [ 121.0429329, 14.7255902 ], [ 121.0429384, 14.7253844 ], [ 121.043284, 14.7255904 ], [ 121.0436042, 14.7256954 ], [ 121.0438677, 14.7258017 ], [ 121.0441892, 14.726193 ], [ 121.0442177, 14.7263085 ], [ 121.0445374, 14.7265742 ], [ 121.0447322, 14.7266319 ], [ 121.0449547, 14.7269502 ], [ 121.0448782, 14.7271694 ] ] ] } },
{ "type": "Feature", "properties": { "Amenity": null, "Building": null, "Landuse": null, "Name": null, "Shop": null }, "geometry": { "type": "Polygon", "coordinates": [ [ [ 121.0456584, 14.7293088 ], [ 121.0455877, 14.7291156 ], [ 121.0454015, 14.7282629 ], [ 121.0459156, 14.7281098 ], [ 121.0461439, 14.7283053 ], [ 121.0464681, 14.7285851 ], [ 121.0464755, 14.7286811 ], [ 121.046215, 14.7288144 ], [ 121.0463055, 14.7290044 ], [ 121.0458897, 14.7291963 ], [ 121.0456584, 14.7293088 ] ] ] } },
{ "type": "Feature", "properties": { "Amenity": null, "Building": null, "Landuse": null, "Name": null, "Shop": null }, "geometry": { "type": "Polygon", "coordinates": [ [ [ 121.0463055, 14.7290044 ], [ 121.0466498, 14.7288699 ], [ 121.0466706, 14.7289321 ], [ 121.0471972, 14.7289246 ], [ 121.0471994, 14.7290255 ], [ 121.0472415, 14.7309804 ], [ 121.0463299, 14.7308602 ], [ 121.0463192, 14.729912 ], [ 121.0463055, 14.7290044 ] ] ] } },
{ "type": "Feature", "properties": { "Amenity": null, "Building": null, "Landuse": null, "Name": null, "Shop": null }, "geometry": { "type": "Polygon", "coordinates": [ [ [ 121.0609468, 14.7380927 ], [ 121.0602706, 14.7380936 ], [ 121.0595721, 14.7380946 ], [ 121.0595361, 14.7380946 ], [ 121.0590397, 14.738094 ], [ 121.0591278, 14.7354414 ], [ 121.0592267, 14.7354438 ], [ 121.0598162, 14.7354564 ], [ 121.0608238, 14.73546 ], [ 121.0609718, 14.7354623 ], [ 121.0609649, 14.7361907 ], [ 121.0609593, 14.736781 ], [ 121.0609468, 14.7380927 ] ] ] } },
{ "type": "Feature", "properties": { "Amenity": null, "Building": null, "Landuse": null, "Name": null, "Shop": null }, "geometry": { "type": "Polygon", "coordinates": [ [ [ 121.0847641, 14.7040522 ], [ 121.0849965, 14.7046297 ], [ 121.0846288, 14.7047751 ], [ 121.0843925, 14.7042831 ], [ 121.0847641, 14.7040522 ] ] ] } },
{ "type": "Feature", "properties": { "Amenity": null, "Building": null, "Landuse": null, "Name": null, "Shop": null }, "geometry": { "type": "Polygon", "coordinates": [ [ [ 121.0734484, 14.71062 ], [ 121.0740742, 14.7106199 ], [ 121.0749683, 14.7105059 ], [ 121.0752532, 14.7104696 ], [ 121.075637, 14.7103663 ], [ 121.0757349, 14.7103883 ], [ 121.0760647, 14.7104625 ], [ 121.0772891, 14.7103657 ], [ 121.0790614, 14.7102256 ], [ 121.0793405, 14.7102036 ], [ 121.0800457, 14.711729 ], [ 121.0796217, 14.7123988 ], [ 121.0782583, 14.7122205 ], [ 121.0781644, 14.7121965 ], [ 121.0780638, 14.7121958 ], [ 121.0779475, 14.7121966 ], [ 121.077805, 14.7121984 ], [ 121.0776293, 14.7122451 ], [ 121.0773665, 14.7123294 ], [ 121.0767911, 14.7125149 ], [ 121.076018, 14.7127698 ], [ 121.0754594, 14.7129546 ], [ 121.074933, 14.7131487 ], [ 121.0749344, 14.7131953 ], [ 121.0748076, 14.7133593 ], [ 121.0738437, 14.7139578 ], [ 121.0736475, 14.713873 ], [ 121.0731768, 14.7136162 ], [ 121.0729318, 14.7140023 ], [ 121.071703, 14.7131739 ], [ 121.0714173, 14.7129417 ], [ 121.0711357, 14.7127108 ], [ 121.0707816, 14.7124449 ], [ 121.0716156, 14.7116391 ], [ 121.0716829, 14.7116002 ], [ 121.0726014, 14.7115186 ], [ 121.0729216, 14.71149 ], [ 121.0731777, 14.711328 ], [ 121.0734186, 14.7110106 ], [ 121.0735593, 14.7108544 ], [ 121.0734484, 14.71062 ] ] ] } },
{ "type": "Feature", "properties": { "Amenity": null, "Building": null, "Landuse": null, "Name": null, "Shop": null }, "geometry": { "type": "Polygon", "coordinates": [ [ [ 121.0976331, 14.7147761 ], [ 121.0973094, 14.7148134 ], [ 121.096966, 14.7148031 ], [ 121.0966879, 14.7147696 ], [ 121.0969003, 14.7144398 ], [ 121.0975071, 14.7144703 ], [ 121.0978867, 14.7140874 ], [ 121.0981293, 14.7142891 ], [ 121.0976331, 14.7147761 ] ] ] } },
{ "type": "Feature", "properties": { "Amenity": null, "Building": null, "Landuse": null, "Name": null, "Shop": null }, "geometry": { "type": "Polygon", "coordinates": [ [ [ 121.0980809, 14.6968226 ], [ 121.0977781, 14.6971317 ], [ 121.0971677, 14.6977434 ], [ 121.0966557, 14.697232 ], [ 121.0962264, 14.6969578 ], [ 121.0959394, 14.696605 ], [ 121.0958361, 14.6964284 ], [ 121.0955694, 14.6961638 ], [ 121.0963756, 14.6954017 ], [ 121.0964616, 14.6953204 ], [ 121.0967769, 14.6956035 ], [ 121.0968795, 14.6957041 ], [ 121.0980809, 14.6968226 ] ] ] } },
{ "type": "Feature", "properties": { "Amenity": null, "Building": null, "Landuse": null, "Name": null, "Shop": null }, "geometry": { "type": "Polygon", "coordinates": [ [ [ 121.0989772, 14.6914197 ], [ 121.0994723, 14.6914358 ], [ 121.0993881, 14.693133 ], [ 121.098926, 14.6931229 ], [ 121.0966489, 14.6930924 ], [ 121.0966495, 14.6923202 ], [ 121.0967863, 14.6923191 ], [ 121.0969156, 14.6920363 ], [ 121.0969961, 14.6913539 ], [ 121.0986509, 14.6914069 ], [ 121.0989772, 14.6914197 ] ] ] } },
{ "type": "Feature", "properties": { "Amenity": null, "Building": null, "Landuse": null, "Name": null, "Shop": null }, "geometry": { "type": "Polygon", "coordinates": [ [ [ 121.0953229, 14.6895326 ], [ 121.0958885, 14.6900464 ], [ 121.0954518, 14.6904308 ], [ 121.0950665, 14.6900582 ], [ 121.0953272, 14.6898249 ], [ 121.0951716, 14.6896745 ], [ 121.0953229, 14.6895326 ] ] ] } },
{ "type": "Feature", "properties": { "Amenity": null, "Building": null, "Landuse": null, "Name": null, "Shop": null }, "geometry": { "type": "Polygon", "coordinates": [ [ [ 121.0876901, 14.6979965 ], [ 121.0876907, 14.6978763 ], [ 121.0876937, 14.6973334 ], [ 121.0879739, 14.6973282 ], [ 121.0879766, 14.697454 ], [ 121.0887278, 14.6973892 ], [ 121.0887752, 14.6979949 ], [ 121.0876901, 14.6979965 ] ] ] } },
{ "type": "Feature", "properties": { "Amenity": null, "Building": null, "Landuse": null, "Name": null, "Shop": null }, "geometry": { "type": "Polygon", "coordinates": [ [ [ 121.0882952, 14.6968542 ], [ 121.0885521, 14.6968454 ], [ 121.0886829, 14.696841 ], [ 121.0887278, 14.6973892 ], [ 121.0879766, 14.697454 ], [ 121.0879739, 14.6973282 ], [ 121.0876937, 14.6973334 ], [ 121.0876939, 14.6972885 ], [ 121.0876929, 14.6972654 ], [ 121.0881216, 14.6972472 ], [ 121.0881138, 14.6970293 ], [ 121.0882862, 14.6970301 ], [ 121.0882952, 14.6968542 ] ] ] } },
{ "type": "Feature", "properties": { "Amenity": null, "Building": null, "Landuse": null, "Name": null, "Shop": null }, "geometry": { "type": "Polygon", "coordinates": [ [ [ 121.0673444, 14.6211206 ], [ 121.0673538, 14.6210379 ], [ 121.0673893, 14.6209691 ], [ 121.0674973, 14.6208688 ], [ 121.067498, 14.6211212 ], [ 121.0673444, 14.6211206 ] ] ] } },
{ "type": "Feature", "properties": { "Amenity": null, "Building": null, "Landuse": null, "Name": null, "Shop": null }, "geometry": { "type": "Polygon", "coordinates": [ [ [ 121.0685773, 14.6216387 ], [ 121.068671, 14.6219128 ], [ 121.0673564, 14.6219469 ], [ 121.0673489, 14.6214771 ], [ 121.0673444, 14.6211206 ], [ 121.067498, 14.6211212 ], [ 121.0674973, 14.6208688 ], [ 121.0674973, 14.6208273 ], [ 121.067765, 14.6206443 ], [ 121.0678091, 14.6205995 ], [ 121.068507, 14.6207733 ], [ 121.0685019, 14.6214183 ], [ 121.0685773, 14.6216387 ] ] ] } },
{ "type": "Feature", "properties": { "Amenity": null, "Building": null, "Landuse": null, "Name": null, "Shop": null }, "geometry": { "type": "MultiPolygon", "coordinates": [ [ [ [ 121.0660332, 14.6247259 ], [ 121.0658625, 14.6249553 ], [ 121.0658323, 14.6249718 ], [ 121.0657875, 14.6249657 ], [ 121.065773, 14.6249347 ], [ 121.0657792, 14.6249063 ], [ 121.0659526, 14.6246656 ], [ 121.0660332, 14.6247259 ] ] ], [ [ [ 121.0659825, 14.6246314 ], [ 121.0661531, 14.6243871 ], [ 121.0661905, 14.6243726 ], [ 121.0662326, 14.6243791 ], [ 121.0662465, 14.6244075 ], [ 121.0662439, 14.6244426 ], [ 121.0660636, 14.624695 ], [ 121.0659825, 14.6246314 ] ] ] ] } },
{ "type": "Feature", "properties": { "Amenity": null, "Building": null, "Landuse": null, "Name": null, "Shop": null }, "geometry": { "type": "Polygon", "coordinates": [ [ [ 121.0654704, 14.624337 ], [ 121.0649677, 14.6239847 ], [ 121.0645588, 14.623706 ], [ 121.0647687, 14.6232138 ], [ 121.0655558, 14.6235595 ], [ 121.0659125, 14.6237569 ], [ 121.0654704, 14.624337 ] ] ] } },
{ "type": "Feature", "properties": { "Amenity": null, "Building": null, "Landuse": null, "Name": null, "Shop": null }, "geometry": { "type": "Polygon", "coordinates": [ [ [ 121.0714927, 14.6297007 ], [ 121.0712811, 14.6301495 ], [ 121.0706083, 14.6298375 ], [ 121.0708536, 14.6294137 ], [ 121.0714927, 14.6297007 ] ] ] } },
{ "type": "Feature", "properties": { "Amenity": null, "Building": null, "Landuse": null, "Name": null, "Shop": null }, "geometry": { "type": "Polygon", "coordinates": [ [ [ 121.0682347, 14.6299692 ], [ 121.0679616, 14.6305099 ], [ 121.0674021, 14.6302431 ], [ 121.0671213, 14.6303949 ], [ 121.0669245, 14.6298982 ], [ 121.0670929, 14.6299349 ], [ 121.0671387, 14.6297998 ], [ 121.067553, 14.6299912 ], [ 121.0676233, 14.6298408 ], [ 121.0681049, 14.6300702 ], [ 121.0681764, 14.6299402 ], [ 121.0682347, 14.6299692 ] ] ] } },
{ "type": "Feature", "properties": { "Amenity": null, "Building": null, "Landuse": null, "Name": null, "Shop": null }, "geometry": { "type": "Polygon", "coordinates": [ [ [ 121.0671213, 14.6303949 ], [ 121.0674021, 14.6302431 ], [ 121.0679616, 14.6305099 ], [ 121.068247, 14.6306502 ], [ 121.0680626, 14.6310039 ], [ 121.0678326, 14.6309029 ], [ 121.0675639, 14.6315105 ], [ 121.066724, 14.6310932 ], [ 121.0665605, 14.6309749 ], [ 121.0665024, 14.6308155 ], [ 121.0669853, 14.6306344 ], [ 121.0669269, 14.6304659 ], [ 121.0671213, 14.6303949 ] ] ] } },
{ "type": "Feature", "properties": { "Amenity": null, "Building": null, "Landuse": null, "Name": null, "Shop": null }, "geometry": { "type": "Polygon", "coordinates": [ [ [ 121.059242, 14.6229212 ], [ 121.0587735, 14.6227019 ], [ 121.0589262, 14.6224093 ], [ 121.058518, 14.6222215 ], [ 121.0586501, 14.6219479 ], [ 121.0595204, 14.6223488 ], [ 121.059242, 14.6229212 ] ] ] } },
{ "type": "Feature", "properties": { "Amenity": null, "Building": null, "Landuse": null, "Name": null, "Shop": null }, "geometry": { "type": "Polygon", "coordinates": [ [ [ 121.0712996, 14.6324606 ], [ 121.0720987, 14.6312985 ], [ 121.0722286, 14.6310472 ], [ 121.0725775, 14.63123 ], [ 121.0726161, 14.6311566 ], [ 121.0735962, 14.6316257 ], [ 121.0736181, 14.6318282 ], [ 121.0737739, 14.6320073 ], [ 121.0737231, 14.6320496 ], [ 121.0729402, 14.6326702 ], [ 121.0726737, 14.6328576 ], [ 121.0722888, 14.6324411 ], [ 121.0712996, 14.6324606 ] ] ] } },
{ "type": "Feature", "properties": { "Amenity": null, "Building": null, "Landuse": null, "Name": null, "Shop": null }, "geometry": { "type": "Polygon", "coordinates": [ [ [ 121.0712996, 14.6324606 ], [ 121.0711571, 14.6330627 ], [ 121.0706093, 14.633034 ], [ 121.0698779, 14.6330145 ], [ 121.0701326, 14.6323698 ], [ 121.0701688, 14.6323727 ], [ 121.0712996, 14.6324606 ] ] ] } },
{ "type": "Feature", "properties": { "Amenity": null, "Building": null, "Landuse": null, "Name": null, "Shop": null }, "geometry": { "type": "Polygon", "coordinates": [ [ [ 121.0576951, 14.6533637 ], [ 121.0575979, 14.6539428 ], [ 121.0570744, 14.6538531 ], [ 121.0570947, 14.653684 ], [ 121.0571347, 14.6534211 ], [ 121.0571554, 14.6532786 ], [ 121.0576951, 14.6533637 ] ] ] } },
{ "type": "Feature", "properties": { "Amenity": null, "Building": null, "Landuse": null, "Name": null, "Shop": null }, "geometry": { "type": "Polygon", "coordinates": [ [ [ 121.0086774, 14.6157495 ], [ 121.0086764, 14.6163477 ], [ 121.0086785, 14.6170147 ], [ 121.0083955, 14.617018 ], [ 121.0083955, 14.6165261 ], [ 121.0081935, 14.6165224 ], [ 121.0081935, 14.6163377 ], [ 121.0080674, 14.6163351 ], [ 121.0079885, 14.6163334 ], [ 121.0079883, 14.6161727 ], [ 121.0079881, 14.615862 ], [ 121.0080282, 14.6157995 ], [ 121.0082277, 14.6157929 ], [ 121.0082267, 14.6157503 ], [ 121.0085211, 14.6157498 ], [ 121.0086774, 14.6157495 ] ] ] } },
{ "type": "Feature", "properties": { "Amenity": null, "Building": null, "Landuse": null, "Name": null, "Shop": null }, "geometry": { "type": "Polygon", "coordinates": [ [ [ 121.0796505, 14.6669407 ], [ 121.0796502, 14.6668882 ], [ 121.0791797, 14.66688 ], [ 121.0791817, 14.6661918 ], [ 121.0792058, 14.666079 ], [ 121.07924, 14.6660596 ], [ 121.0795049, 14.6660577 ], [ 121.0795192, 14.6660427 ], [ 121.079541, 14.664726 ], [ 121.0802102, 14.6649779 ], [ 121.0801559, 14.6652957 ], [ 121.0802008, 14.6656686 ], [ 121.0803838, 14.6656796 ], [ 121.0803726, 14.6659446 ], [ 121.0803685, 14.6661619 ], [ 121.0803597, 14.6669376 ], [ 121.0796505, 14.6669407 ] ] ] } },
{ "type": "Feature", "properties": { "Amenity": null, "Building": null, "Landuse": null, "Name": null, "Shop": null }, "geometry": { "type": "MultiPolygon", "coordinates": [ [ [ [ 121.0828489, 14.6745873 ], [ 121.0825422, 14.6741257 ], [ 121.0820659, 14.6734736 ], [ 121.0822717, 14.6733095 ], [ 121.0826291, 14.6731435 ], [ 121.0828209, 14.6734672 ], [ 121.0826084, 14.6736293 ], [ 121.0831441, 14.6743902 ], [ 121.0828489, 14.6745873 ] ] ], [ [ [ 121.0827572, 14.6745894 ], [ 121.082735, 14.6746312 ], [ 121.0827275, 14.6748028 ], [ 121.0817788, 14.6747934 ], [ 121.0815173, 14.6744673 ], [ 121.0818805, 14.6742319 ], [ 121.0820608, 14.6744497 ], [ 121.0824572, 14.6741903 ], [ 121.0827572, 14.6745894 ] ] ] ] } },
{ "type": "Feature", "properties": { "Amenity": null, "Building": null, "Landuse": null, "Name": null, "Shop": null }, "geometry": { "type": "Polygon", "coordinates": [ [ [ 121.0150748, 14.639611 ], [ 121.0150334, 14.6395356 ], [ 121.0149045, 14.6392821 ], [ 121.0152981, 14.6391154 ], [ 121.015453, 14.6394462 ], [ 121.0150748, 14.639611 ] ] ] } },
{ "type": "Feature", "properties": { "Amenity": null, "Building": null, "Landuse": null, "Name": null, "Shop": null }, "geometry": { "type": "Polygon", "coordinates": [ [ [ 121.0476675, 14.6451797 ], [ 121.046733, 14.645474 ], [ 121.0461539, 14.6456505 ], [ 121.0457135, 14.6443212 ], [ 121.0473878, 14.6439303 ], [ 121.0476675, 14.6451797 ] ] ] } },
{ "type": "Feature", "properties": { "Amenity": null, "Building": null, "Landuse": null, "Name": null, "Shop": null }, "geometry": { "type": "Polygon", "coordinates": [ [ [ 121.0473878, 14.6439303 ], [ 121.0457135, 14.6443212 ], [ 121.0445891, 14.6427507 ], [ 121.0456149, 14.6420926 ], [ 121.0466593, 14.6414991 ], [ 121.0468169, 14.6414378 ], [ 121.0472537, 14.6433636 ], [ 121.047275, 14.6434576 ], [ 121.0472988, 14.6435629 ], [ 121.0473878, 14.6439303 ] ] ] } },
{ "type": "Feature", "properties": { "Amenity": null, "Building": null, "Landuse": null, "Name": null, "Shop": null }, "geometry": { "type": "Polygon", "coordinates": [ [ [ 121.0476675, 14.6451797 ], [ 121.0483197, 14.6479075 ], [ 121.0483546, 14.6480488 ], [ 121.0483648, 14.6480923 ], [ 121.0483695, 14.6481279 ], [ 121.0483791, 14.6482014 ], [ 121.0483828, 14.648239 ], [ 121.0483801, 14.6483022 ], [ 121.0483714, 14.6483664 ], [ 121.0483565, 14.6484308 ], [ 121.0483313, 14.6485012 ], [ 121.048316, 14.6485381 ], [ 121.0482894, 14.648597 ], [ 121.0482727, 14.6486307 ], [ 121.0482451, 14.6486798 ], [ 121.0482062, 14.648739 ], [ 121.0481637, 14.648793 ], [ 121.0480357, 14.6488755 ], [ 121.0476983, 14.6482105 ], [ 121.047551, 14.6481612 ], [ 121.047315, 14.648108 ], [ 121.0468535, 14.6482227 ], [ 121.0467301, 14.6476543 ], [ 121.0467367, 14.6475633 ], [ 121.0466157, 14.6470396 ], [ 121.0461367, 14.6467063 ], [ 121.045306, 14.6461098 ], [ 121.0454817, 14.646045 ], [ 121.0456064, 14.6459022 ], [ 121.0457092, 14.645786 ], [ 121.0461539, 14.6456505 ], [ 121.046733, 14.645474 ], [ 121.0476675, 14.6451797 ] ] ] } },
{ "type": "Feature", "properties": { "Amenity": null, "Building": null, "Landuse": null, "Name": null, "Shop": null }, "geometry": { "type": "Polygon", "coordinates": [ [ [ 121.0594245, 14.7421219 ], [ 121.0593244, 14.7421725 ], [ 121.059255, 14.7420869 ], [ 121.0589783, 14.7422882 ], [ 121.0588322, 14.7421357 ], [ 121.0591375, 14.7418839 ], [ 121.0593595, 14.7417821 ], [ 121.0594245, 14.7421219 ] ] ] } },
{ "type": "Feature", "properties": { "Amenity": null, "Building": null, "Landuse": null, "Name": null, "Shop": null }, "geometry": { "type": "Polygon", "coordinates": [ [ [ 121.0405377, 14.6415055 ], [ 121.0404506, 14.6414512 ], [ 121.0405536, 14.6412937 ], [ 121.0407751, 14.64143 ], [ 121.0407912, 14.6414438 ], [ 121.0407962, 14.6414646 ], [ 121.0407911, 14.641496 ], [ 121.0407751, 14.6415279 ], [ 121.0407697, 14.641565 ], [ 121.040779, 14.6415962 ], [ 121.0408384, 14.6416653 ], [ 121.0404023, 14.6423281 ], [ 121.040401, 14.6423722 ], [ 121.0406058, 14.6425656 ], [ 121.0401548, 14.6432169 ], [ 121.0400888, 14.6430028 ], [ 121.0400458, 14.6428834 ], [ 121.0399932, 14.6428938 ], [ 121.0399341, 14.6428964 ], [ 121.0398654, 14.6428803 ], [ 121.0398181, 14.6428604 ], [ 121.0397656, 14.6428271 ], [ 121.0397734, 14.6428078 ], [ 121.0397737, 14.6427851 ], [ 121.0397665, 14.6427662 ], [ 121.0397502, 14.6427499 ], [ 121.0397276, 14.6427432 ], [ 121.0397045, 14.6427423 ], [ 121.0396838, 14.6427523 ], [ 121.0396693, 14.6427669 ], [ 121.0396105, 14.6428554 ], [ 121.0395358, 14.6429678 ], [ 121.0394837, 14.6430462 ], [ 121.0394032, 14.6429971 ], [ 121.0395844, 14.6427248 ], [ 121.0391608, 14.642461 ], [ 121.0391127, 14.6424284 ], [ 121.0393717, 14.6420415 ], [ 121.0394173, 14.6420696 ], [ 121.0394035, 14.6420902 ], [ 121.0393867, 14.6420927 ], [ 121.0393683, 14.6421021 ], [ 121.0393547, 14.6421169 ], [ 121.0393476, 14.6421347 ], [ 121.0393472, 14.6421547 ], [ 121.0393544, 14.6421741 ], [ 121.0393682, 14.6421893 ], [ 121.0393906, 14.6421998 ], [ 121.0394107, 14.6422009 ], [ 121.0394292, 14.6421956 ], [ 121.0394471, 14.6422068 ], [ 121.03984, 14.6424456 ], [ 121.0398827, 14.6424329 ], [ 121.0399273, 14.642424 ], [ 121.0401554, 14.6420807 ], [ 121.0401883, 14.6420312 ], [ 121.0401776, 14.6419914 ], [ 121.0402092, 14.6419417 ], [ 121.040239, 14.6418949 ], [ 121.0402831, 14.6418885 ], [ 121.0403138, 14.6418421 ], [ 121.0405377, 14.6415055 ] ] ] } },
{ "type": "Feature", "properties": { "Amenity": null, "Building": null, "Landuse": null, "Name": null, "Shop": null }, "geometry": { "type": "Polygon", "coordinates": [ [ [ 121.0091783, 14.6547455 ], [ 121.0090808, 14.6550582 ], [ 121.0090219, 14.6551251 ], [ 121.0086977, 14.6548827 ], [ 121.0086194, 14.6548242 ], [ 121.0086669, 14.6547121 ], [ 121.0087119, 14.6545876 ], [ 121.0091783, 14.6547455 ] ] ] } },
{ "type": "Feature", "properties": { "Amenity": null, "Building": null, "Landuse": null, "Name": null, "Shop": null }, "geometry": { "type": "Polygon", "coordinates": [ [ [ 121.0631317, 14.6156035 ], [ 121.0630744, 14.6157406 ], [ 121.0633131, 14.6158335 ], [ 121.0631715, 14.6161743 ], [ 121.0627448, 14.6160084 ], [ 121.0629377, 14.615525 ], [ 121.0631317, 14.6156035 ] ] ] } },
{ "type": "Feature", "properties": { "Amenity": null, "Building": null, "Landuse": null, "Name": null, "Shop": null }, "geometry": { "type": "Polygon", "coordinates": [ [ [ 121.0242027, 14.6676453 ], [ 121.0247227, 14.666736 ], [ 121.0257721, 14.6670596 ], [ 121.0256963, 14.6682241 ], [ 121.0255885, 14.6685809 ], [ 121.0254449, 14.6685011 ], [ 121.0253671, 14.6684492 ], [ 121.0253724, 14.6682805 ], [ 121.0252061, 14.6679432 ], [ 121.0249755, 14.6677616 ], [ 121.0246034, 14.6675705 ], [ 121.0244109, 14.6676069 ], [ 121.0242027, 14.6676453 ] ] ] } },
{ "type": "Feature", "properties": { "Amenity": null, "Building": null, "Landuse": null, "Name": null, "Shop": null }, "geometry": { "type": "Polygon", "coordinates": [ [ [ 121.0610386, 14.7336597 ], [ 121.0610388, 14.7324187 ], [ 121.0612006, 14.7323746 ], [ 121.0613359, 14.7324133 ], [ 121.0613389, 14.7332201 ], [ 121.0616177, 14.7332265 ], [ 121.0616188, 14.7333343 ], [ 121.0613394, 14.7333319 ], [ 121.0613406, 14.7336609 ], [ 121.0611904, 14.7337068 ], [ 121.0610386, 14.7336597 ] ] ] } },
{ "type": "Feature", "properties": { "Amenity": null, "Building": null, "Landuse": null, "Name": null, "Shop": null }, "geometry": { "type": "Polygon", "coordinates": [ [ [ 121.0622761, 14.6562072 ], [ 121.06228, 14.6569022 ], [ 121.0614101, 14.656901 ], [ 121.0614158, 14.6562031 ], [ 121.0622761, 14.6562072 ] ] ] } },
{ "type": "Feature", "properties": { "Amenity": null, "Building": null, "Landuse": null, "Name": null, "Shop": null }, "geometry": { "type": "Polygon", "coordinates": [ [ [ 121.0609999, 14.6569041 ], [ 121.0605115, 14.6568634 ], [ 121.0603514, 14.6567827 ], [ 121.0593474, 14.65677 ], [ 121.059337, 14.6562722 ], [ 121.059607, 14.6562607 ], [ 121.0596116, 14.6560076 ], [ 121.0600179, 14.6559896 ], [ 121.0601207, 14.6558043 ], [ 121.0610176, 14.655832 ], [ 121.0609999, 14.6569041 ] ] ] } },
{ "type": "Feature", "properties": { "Amenity": null, "Building": null, "Landuse": null, "Name": null, "Shop": null }, "geometry": { "type": "Polygon", "coordinates": [ [ [ 121.0274891, 14.6824524 ], [ 121.0277713, 14.6826914 ], [ 121.0282168, 14.6829971 ], [ 121.027581, 14.6832305 ], [ 121.0275166, 14.6831316 ], [ 121.0276398, 14.6830998 ], [ 121.0275626, 14.6827855 ], [ 121.0273629, 14.6825457 ], [ 121.0274891, 14.6824524 ] ] ] } },
{ "type": "Feature", "properties": { "Amenity": null, "Building": null, "Landuse": null, "Name": null, "Shop": null }, "geometry": { "type": "Polygon", "coordinates": [ [ [ 121.0565134, 14.6463402 ], [ 121.056924, 14.6463914 ], [ 121.0569307, 14.6468123 ], [ 121.0570056, 14.647083 ], [ 121.0571056, 14.647315 ], [ 121.0572205, 14.6474335 ], [ 121.0571484, 14.6475491 ], [ 121.0570981, 14.6476873 ], [ 121.0569607, 14.6481658 ], [ 121.0566519, 14.6481292 ], [ 121.0561404, 14.6480673 ], [ 121.0565134, 14.6463402 ] ] ] } },
{ "type": "Feature", "properties": { "Amenity": null, "Building": null, "Landuse": null, "Name": null, "Shop": null }, "geometry": { "type": "Polygon", "coordinates": [ [ [ 121.0549198, 14.6465946 ], [ 121.05508, 14.6463182 ], [ 121.0552658, 14.6459965 ], [ 121.0558594, 14.6462094 ], [ 121.0565134, 14.6463402 ], [ 121.0561404, 14.6480673 ], [ 121.0559906, 14.6480431 ], [ 121.0558765, 14.648018 ], [ 121.0557408, 14.6479538 ], [ 121.0551534, 14.6475962 ], [ 121.0553469, 14.6472876 ], [ 121.0553811, 14.6471437 ], [ 121.0553628, 14.6469838 ], [ 121.0552882, 14.646802 ], [ 121.0549198, 14.6465946 ] ] ] } },
{ "type": "Feature", "properties": { "Amenity": null, "Building": null, "Landuse": null, "Name": null, "Shop": null }, "geometry": { "type": "Polygon", "coordinates": [ [ [ 121.0238222, 14.6537907 ], [ 121.0240258, 14.6541007 ], [ 121.0237554, 14.6542202 ], [ 121.0238152, 14.6544611 ], [ 121.0235999, 14.6545218 ], [ 121.0232955, 14.6542948 ], [ 121.0235037, 14.6540408 ], [ 121.0238222, 14.6537907 ] ] ] } },
{ "type": "Feature", "properties": { "Amenity": null, "Building": null, "Landuse": null, "Name": null, "Shop": null }, "geometry": { "type": "Polygon", "coordinates": [ [ [ 121.0240258, 14.6541007 ], [ 121.0246136, 14.6539536 ], [ 121.024869, 14.6538226 ], [ 121.0249387, 14.653809 ], [ 121.0250516, 14.6539507 ], [ 121.0250886, 14.6541171 ], [ 121.0251752, 14.6544658 ], [ 121.023888, 14.6547713 ], [ 121.0238152, 14.6544611 ], [ 121.0237554, 14.6542202 ], [ 121.0240258, 14.6541007 ] ] ] } },
{ "type": "Feature", "properties": { "Amenity": null, "Building": null, "Landuse": null, "Name": null, "Shop": null }, "geometry": { "type": "Polygon", "coordinates": [ [ [ 121.0677581, 14.6219972 ], [ 121.0677602, 14.6222455 ], [ 121.0677622, 14.6224726 ], [ 121.0673826, 14.6224728 ], [ 121.0673685, 14.6219998 ], [ 121.0677581, 14.6219972 ] ] ] } },
{ "type": "Feature", "properties": { "Amenity": null, "Building": null, "Landuse": null, "Name": null, "Shop": null }, "geometry": { "type": "Polygon", "coordinates": [ [ [ 121.067908, 14.6222439 ], [ 121.067902, 14.6219949 ], [ 121.068803, 14.6219827 ], [ 121.068671, 14.6224609 ], [ 121.0677622, 14.6224726 ], [ 121.0677602, 14.6222455 ], [ 121.067908, 14.6222439 ] ] ] } },
{ "type": "Feature", "properties": { "Amenity": null, "Building": null, "Landuse": null, "Name": null, "Shop": null }, "geometry": { "type": "Polygon", "coordinates": [ [ [ 121.0735104, 14.6224307 ], [ 121.0725164, 14.6228692 ], [ 121.0723678, 14.6233264 ], [ 121.0716331, 14.6231332 ], [ 121.0716929, 14.6228944 ], [ 121.0717002, 14.6228655 ], [ 121.0719229, 14.6220095 ], [ 121.071991, 14.6217045 ], [ 121.0720503, 14.621506 ], [ 121.0720852, 14.6214191 ], [ 121.0721605, 14.6213387 ], [ 121.072851, 14.621022 ], [ 121.0729486, 14.6212305 ], [ 121.0729714, 14.6212792 ], [ 121.0732518, 14.6218778 ], [ 121.0734994, 14.6224063 ], [ 121.0735104, 14.6224307 ] ] ] } },
{ "type": "Feature", "properties": { "Amenity": null, "Building": null, "Landuse": null, "Name": null, "Shop": null }, "geometry": { "type": "Polygon", "coordinates": [ [ [ 121.0723678, 14.6233264 ], [ 121.0725164, 14.6228692 ], [ 121.0735104, 14.6224307 ], [ 121.0736766, 14.6227981 ], [ 121.0739641, 14.6234369 ], [ 121.0739587, 14.6234856 ], [ 121.0739299, 14.6235317 ], [ 121.0738716, 14.6235557 ], [ 121.0737576, 14.6235771 ], [ 121.0735376, 14.6235797 ], [ 121.0731696, 14.6235205 ], [ 121.0723678, 14.6233264 ] ] ] } },
{ "type": "Feature", "properties": { "Amenity": null, "Building": null, "Landuse": null, "Name": null, "Shop": null }, "geometry": { "type": "Polygon", "coordinates": [ [ [ 121.0846066, 14.605047 ], [ 121.0850024, 14.6055975 ], [ 121.0843724, 14.6057965 ], [ 121.084182, 14.6052118 ], [ 121.0846066, 14.605047 ] ] ] } },
{ "type": "Feature", "properties": { "Amenity": null, "Building": null, "Landuse": null, "Name": null, "Shop": null }, "geometry": { "type": "Polygon", "coordinates": [ [ [ 121.0890631, 14.6031295 ], [ 121.0887809, 14.603496 ], [ 121.0881346, 14.6029589 ], [ 121.0880443, 14.602894 ], [ 121.0877852, 14.6026307 ], [ 121.0873724, 14.6029731 ], [ 121.0867281, 14.6022484 ], [ 121.0871887, 14.6019044 ], [ 121.0872558, 14.6018843 ], [ 121.0875857, 14.6010447 ], [ 121.08798, 14.6003089 ], [ 121.0879371, 14.5999805 ], [ 121.0879713, 14.5998734 ], [ 121.0880349, 14.5997852 ], [ 121.0883986, 14.599516 ], [ 121.0885274, 14.5994849 ], [ 121.089662, 14.5997029 ], [ 121.089838, 14.5997647 ], [ 121.0899627, 14.6000015 ], [ 121.089993, 14.6003425 ], [ 121.0900291, 14.600975 ], [ 121.0899058, 14.6018241 ], [ 121.0895752, 14.6024055 ], [ 121.0894566, 14.6025846 ], [ 121.0892834, 14.6028074 ], [ 121.0890631, 14.6031295 ] ] ] } },
{ "type": "Feature", "properties": { "Amenity": null, "Building": null, "Landuse": null, "Name": null, "Shop": null }, "geometry": { "type": "Polygon", "coordinates": [ [ [ 121.0888422, 14.6002083 ], [ 121.0887001, 14.5997177 ], [ 121.0891983, 14.5997955 ], [ 121.0892507, 14.5997579 ], [ 121.089596, 14.5998182 ], [ 121.0896121, 14.599839 ], [ 121.0896201, 14.5998767 ], [ 121.0895753, 14.5999188 ], [ 121.0895155, 14.5999922 ], [ 121.0895102, 14.6000895 ], [ 121.0895041, 14.6001647 ], [ 121.0894076, 14.6002089 ], [ 121.0888422, 14.6002083 ] ] ] } },
{ "type": "Feature", "properties": { "Amenity": null, "Building": null, "Landuse": null, "Name": null, "Shop": null }, "geometry": { "type": "MultiPolygon", "coordinates": [ [ [ [ 120.9976039, 14.6298823 ], [ 120.9972963, 14.6297439 ], [ 120.9972368, 14.6298623 ], [ 120.9970777, 14.6297947 ], [ 120.9969827, 14.630021 ], [ 120.9966884, 14.6298913 ], [ 120.997047, 14.6291794 ], [ 120.9977713, 14.6295074 ], [ 120.9976039, 14.6298823 ] ] ], [ [ [ 120.9976977, 14.6299288 ], [ 120.9977773, 14.6297527 ], [ 120.998105, 14.6299052 ], [ 120.997775, 14.6305616 ], [ 120.9974645, 14.6304327 ], [ 120.9976977, 14.6299288 ] ] ] ] } },
{ "type": "Feature", "properties": { "Amenity": null, "Building": null, "Landuse": null, "Name": null, "Shop": null }, "geometry": { "type": "Polygon", "coordinates": [ [ [ 121.0210038, 14.6798174 ], [ 121.0210424, 14.6798112 ], [ 121.0210661, 14.6798703 ], [ 121.0210881, 14.6799227 ], [ 121.0215745, 14.6800956 ], [ 121.0219336, 14.6803425 ], [ 121.0219144, 14.6804605 ], [ 121.0217502, 14.6809165 ], [ 121.0216758, 14.681187 ], [ 121.0214974, 14.6816539 ], [ 121.0213338, 14.6816073 ], [ 121.0210414, 14.6824959 ], [ 121.020509, 14.6818849 ], [ 121.0205854, 14.6816424 ], [ 121.0208108, 14.6809236 ], [ 121.0207061, 14.6807728 ], [ 121.0207326, 14.6807277 ], [ 121.0207065, 14.6806913 ], [ 121.0207488, 14.6806314 ], [ 121.0207189, 14.6804546 ], [ 121.0205211, 14.6805142 ], [ 121.0205411, 14.6803332 ], [ 121.020688, 14.6803184 ], [ 121.0207001, 14.6798624 ], [ 121.0210038, 14.6798174 ] ] ] } },
{ "type": "Feature", "properties": { "Amenity": null, "Building": null, "Landuse": null, "Name": null, "Shop": null }, "geometry": { "type": "Polygon", "coordinates": [ [ [ 121.0554909, 14.7330277 ], [ 121.0556142, 14.7339999 ], [ 121.0555584, 14.7342007 ], [ 121.0554056, 14.7343451 ], [ 121.0553281, 14.7343783 ], [ 121.0552431, 14.7343875 ], [ 121.054532, 14.7341562 ], [ 121.0545281, 14.7339484 ], [ 121.0545479, 14.73303 ], [ 121.0554909, 14.7330277 ] ] ] } },
{ "type": "Feature", "properties": { "Amenity": null, "Building": null, "Landuse": null, "Name": null, "Shop": null }, "geometry": { "type": "Polygon", "coordinates": [ [ [ 121.0656514, 14.7414883 ], [ 121.0655949, 14.7421249 ], [ 121.0650294, 14.7421579 ], [ 121.064968, 14.7419209 ], [ 121.064864, 14.74176 ], [ 121.0651542, 14.7416889 ], [ 121.0651725, 14.741459 ], [ 121.0656514, 14.7414883 ] ] ] } },
{ "type": "Feature", "properties": { "Amenity": null, "Building": null, "Landuse": null, "Name": null, "Shop": null }, "geometry": { "type": "Polygon", "coordinates": [ [ [ 121.0651725, 14.741459 ], [ 121.0651004, 14.7414556 ], [ 121.0651021, 14.7414086 ], [ 121.0649059, 14.7414037 ], [ 121.0649148, 14.7411108 ], [ 121.0651308, 14.7411143 ], [ 121.0651494, 14.7408468 ], [ 121.0656964, 14.7408872 ], [ 121.0656514, 14.7414883 ], [ 121.0651725, 14.741459 ] ] ] } },
{ "type": "Feature", "properties": { "Amenity": null, "Building": null, "Landuse": null, "Name": null, "Shop": null }, "geometry": { "type": "Polygon", "coordinates": [ [ [ 121.0331635, 14.6629081 ], [ 121.0334721, 14.6628563 ], [ 121.0335056, 14.6629679 ], [ 121.0342375, 14.6628446 ], [ 121.0342361, 14.6630155 ], [ 121.0341682, 14.6632637 ], [ 121.034087, 14.6634486 ], [ 121.0339496, 14.6636017 ], [ 121.0338473, 14.6636815 ], [ 121.0335695, 14.6637871 ], [ 121.0333852, 14.6638343 ], [ 121.0331635, 14.6629081 ] ] ] } },
{ "type": "Feature", "properties": { "Amenity": null, "Building": null, "Landuse": null, "Name": null, "Shop": null }, "geometry": { "type": "Polygon", "coordinates": [ [ [ 121.0257936, 14.6604443 ], [ 121.0257266, 14.6601925 ], [ 121.025855, 14.6601389 ], [ 121.0258801, 14.6603374 ], [ 121.0261711, 14.6604301 ], [ 121.0263558, 14.6603332 ], [ 121.0264056, 14.6605551 ], [ 121.0258997, 14.6608951 ], [ 121.0257936, 14.6604443 ] ] ] } },
{ "type": "Feature", "properties": { "Amenity": null, "Building": null, "Landuse": null, "Name": null, "Shop": null }, "geometry": { "type": "Polygon", "coordinates": [ [ [ 121.0000622, 14.6225096 ], [ 121.0001292, 14.6225398 ], [ 121.0000075, 14.6228095 ], [ 120.9994661, 14.6225811 ], [ 120.9994798, 14.6225519 ], [ 120.9997773, 14.6226797 ], [ 120.9999484, 14.622753 ], [ 121.0000622, 14.6225096 ] ] ] } },
{ "type": "Feature", "properties": { "Amenity": null, "Building": null, "Landuse": null, "Name": null, "Shop": null }, "geometry": { "type": "Polygon", "coordinates": [ [ [ 121.0664418, 14.6605456 ], [ 121.0664177, 14.6606079 ], [ 121.0664593, 14.6608382 ], [ 121.0664492, 14.6611911 ], [ 121.0654501, 14.6611794 ], [ 121.0655567, 14.6607752 ], [ 121.0654876, 14.6607538 ], [ 121.0655661, 14.6605482 ], [ 121.0663763, 14.6605448 ], [ 121.0664418, 14.6605456 ] ] ] } },
{ "type": "Feature", "properties": { "Amenity": null, "Building": null, "Landuse": null, "Name": null, "Shop": null }, "geometry": { "type": "Polygon", "coordinates": [ [ [ 121.0668931, 14.6563742 ], [ 121.0666867, 14.6563761 ], [ 121.0666832, 14.6567427 ], [ 121.0664304, 14.656743 ], [ 121.0663143, 14.6567436 ], [ 121.066315, 14.6562953 ], [ 121.0664229, 14.6561442 ], [ 121.0668938, 14.6561424 ], [ 121.0668931, 14.6563742 ] ] ] } },
{ "type": "Feature", "properties": { "Amenity": null, "Building": null, "Landuse": null, "Name": null, "Shop": null }, "geometry": { "type": "Polygon", "coordinates": [ [ [ 121.0551435, 14.6349959 ], [ 121.0548915, 14.6350555 ], [ 121.0548435, 14.6348749 ], [ 121.0550965, 14.6348111 ], [ 121.0551435, 14.6349959 ] ] ] } },
{ "type": "Feature", "properties": { "Amenity": null, "Building": null, "Landuse": null, "Name": null, "Shop": null }, "geometry": { "type": "Polygon", "coordinates": [ [ [ 121.0499878, 14.6288981 ], [ 121.0496321, 14.6294385 ], [ 121.049564, 14.6293302 ], [ 121.0492519, 14.6289584 ], [ 121.0488814, 14.6285931 ], [ 121.0486487, 14.6284491 ], [ 121.0483818, 14.6283797 ], [ 121.0478481, 14.6284543 ], [ 121.0475074, 14.628551 ], [ 121.0473395, 14.6286025 ], [ 121.0472654, 14.6286077 ], [ 121.0471514, 14.6285811 ], [ 121.0476241, 14.6275427 ], [ 121.0488814, 14.6280825 ], [ 121.0491201, 14.6282191 ], [ 121.0495862, 14.6286019 ], [ 121.0499878, 14.6288981 ] ] ] } },
{ "type": "Feature", "properties": { "Amenity": null, "Building": null, "Landuse": null, "Name": null, "Shop": null }, "geometry": { "type": "Polygon", "coordinates": [ [ [ 121.0602017, 14.7314175 ], [ 121.0604858, 14.7314164 ], [ 121.0604893, 14.7318225 ], [ 121.0601956, 14.7318248 ], [ 121.0602017, 14.7314175 ] ] ] } },
{ "type": "Feature", "properties": { "Amenity": null, "Building": null, "Landuse": null, "Name": null, "Shop": null }, "geometry": { "type": "Polygon", "coordinates": [ [ [ 121.0602017, 14.7314175 ], [ 121.0602014, 14.7313617 ], [ 121.0601987, 14.7309811 ], [ 121.060474, 14.7309793 ], [ 121.0607469, 14.7309775 ], [ 121.0610763, 14.7309753 ], [ 121.0610796, 14.7314157 ], [ 121.0610823, 14.7318248 ], [ 121.0604893, 14.7318225 ], [ 121.0604858, 14.7314164 ], [ 121.0602017, 14.7314175 ] ] ] } },
{ "type": "Feature", "properties": { "Amenity": null, "Building": null, "Landuse": null, "Name": null, "Shop": null }, "geometry": { "type": "Polygon", "coordinates": [ [ [ 121.0368215, 14.7290648 ], [ 121.0370224, 14.7291944 ], [ 121.0369668, 14.7293063 ], [ 121.0369211, 14.7293984 ], [ 121.036442, 14.7290902 ], [ 121.0365701, 14.7289088 ], [ 121.0368215, 14.7290648 ] ] ] } },
{ "type": "Feature", "properties": { "Amenity": null, "Building": null, "Landuse": null, "Name": null, "Shop": null }, "geometry": { "type": "Polygon", "coordinates": [ [ [ 121.0281695, 14.696364 ], [ 121.0281382, 14.6965638 ], [ 121.0280748, 14.6969532 ], [ 121.0280334, 14.6974013 ], [ 121.0278303, 14.6973699 ], [ 121.0278469, 14.6972543 ], [ 121.0278723, 14.6971913 ], [ 121.0280269, 14.6963374 ], [ 121.0281695, 14.696364 ] ] ] } },
{ "type": "Feature", "properties": { "Amenity": null, "Building": null, "Landuse": null, "Name": null, "Shop": null }, "geometry": { "type": "Polygon", "coordinates": [ [ [ 121.0128164, 14.6751758 ], [ 121.0133456, 14.6754199 ], [ 121.0131949, 14.6757363 ], [ 121.0126977, 14.6752743 ], [ 121.0128164, 14.6751758 ] ] ] } },
{ "type": "Feature", "properties": { "Amenity": null, "Building": null, "Landuse": null, "Name": null, "Shop": null }, "geometry": { "type": "Polygon", "coordinates": [ [ [ 121.0050546, 14.6571848 ], [ 121.0043933, 14.6571813 ], [ 121.0043822, 14.6566948 ], [ 121.0049328, 14.6566909 ], [ 121.0049884, 14.6570431 ], [ 121.0050546, 14.6571848 ] ] ] } },
{ "type": "Feature", "properties": { "Amenity": null, "Building": null, "Landuse": null, "Name": null, "Shop": null }, "geometry": { "type": "Polygon", "coordinates": [ [ [ 121.0343203, 14.7017302 ], [ 121.0339818, 14.7015986 ], [ 121.0339804, 14.7016414 ], [ 121.0335211, 14.7014864 ], [ 121.0330566, 14.7013168 ], [ 121.0331734, 14.7010512 ], [ 121.033539, 14.7010389 ], [ 121.0342965, 14.701013 ], [ 121.0343137, 14.7015305 ], [ 121.0343177, 14.7016508 ], [ 121.0343203, 14.7017302 ] ] ] } },
{ "type": "Feature", "properties": { "Amenity": null, "Building": null, "Landuse": null, "Name": null, "Shop": null }, "geometry": { "type": "Polygon", "coordinates": [ [ [ 121.0306371, 14.6996282 ], [ 121.0311094, 14.6996938 ], [ 121.0311269, 14.7001325 ], [ 121.0312591, 14.7001347 ], [ 121.0312184, 14.7003858 ], [ 121.0307886, 14.7004071 ], [ 121.0305847, 14.7004149 ], [ 121.0303578, 14.7003824 ], [ 121.0304271, 14.6999979 ], [ 121.0305083, 14.6996353 ], [ 121.0306371, 14.6996282 ] ] ] } },
{ "type": "Feature", "properties": { "Amenity": null, "Building": null, "Landuse": null, "Name": null, "Shop": null }, "geometry": { "type": "Polygon", "coordinates": [ [ [ 121.034076, 14.7005022 ], [ 121.0345263, 14.7002716 ], [ 121.0346905, 14.7005816 ], [ 121.0342468, 14.7008043 ], [ 121.034076, 14.7005022 ] ] ] } },
{ "type": "Feature", "properties": { "Amenity": null, "Building": null, "Landuse": null, "Name": null, "Shop": null }, "geometry": { "type": "Polygon", "coordinates": [ [ [ 121.0312591, 14.7001347 ], [ 121.031258, 14.7000082 ], [ 121.031205, 14.6999719 ], [ 121.0311923, 14.6994988 ], [ 121.0322624, 14.6995665 ], [ 121.0330215, 14.6998753 ], [ 121.033334, 14.6997975 ], [ 121.033562, 14.6998441 ], [ 121.0337885, 14.6998642 ], [ 121.0340777, 14.6998623 ], [ 121.0341963, 14.6998565 ], [ 121.0342804, 14.6998326 ], [ 121.0345263, 14.7002716 ], [ 121.034076, 14.7005022 ], [ 121.0335314, 14.7007908 ], [ 121.033539, 14.7010389 ], [ 121.0331734, 14.7010512 ], [ 121.0331, 14.701057 ], [ 121.0330235, 14.7011122 ], [ 121.0328076, 14.7013561 ], [ 121.032184, 14.7011835 ], [ 121.0316643, 14.7011764 ], [ 121.0316488, 14.7010583 ], [ 121.0312184, 14.7003858 ], [ 121.0312591, 14.7001347 ] ] ] } },
{ "type": "Feature", "properties": { "Amenity": null, "Building": null, "Landuse": null, "Name": null, "Shop": null }, "geometry": { "type": "Polygon", "coordinates": [ [ [ 121.0647357, 14.6563342 ], [ 121.0647453, 14.656962 ], [ 121.0641928, 14.6569724 ], [ 121.0641941, 14.6568492 ], [ 121.064001, 14.6568517 ], [ 121.064001, 14.6566273 ], [ 121.0631749, 14.6566338 ], [ 121.0631698, 14.6561871 ], [ 121.0633892, 14.6561901 ], [ 121.0634458, 14.6561488 ], [ 121.063532, 14.6561313 ], [ 121.0639986, 14.6561399 ], [ 121.0640946, 14.6561537 ], [ 121.0641369, 14.6561702 ], [ 121.0641727, 14.6561933 ], [ 121.0642102, 14.656223 ], [ 121.06424, 14.6562488 ], [ 121.0642711, 14.6562832 ], [ 121.0642858, 14.6563073 ], [ 121.0642975, 14.6563346 ], [ 121.0646582, 14.6563409 ], [ 121.0646724, 14.6563615 ], [ 121.064695, 14.6563709 ], [ 121.0647157, 14.6563675 ], [ 121.0647297, 14.6563523 ], [ 121.0647357, 14.6563342 ] ] ] } },
{ "type": "Feature", "properties": { "Amenity": null, "Building": null, "Landuse": null, "Name": null, "Shop": null }, "geometry": { "type": "Polygon", "coordinates": [ [ [ 121.000609, 14.6279216 ], [ 121.0007291, 14.62768 ], [ 121.000793, 14.6275519 ], [ 121.0012917, 14.6265007 ], [ 121.001402, 14.6262625 ], [ 121.0016807, 14.6263832 ], [ 121.0028786, 14.6269021 ], [ 121.0025888, 14.6275147 ], [ 121.0031736, 14.6278009 ], [ 121.0028926, 14.6283986 ], [ 121.0035356, 14.6286813 ], [ 121.0028491, 14.6300913 ], [ 121.0001562, 14.6288617 ], [ 121.0003607, 14.628437 ], [ 121.000609, 14.6279216 ] ] ] } },
{ "type": "Feature", "properties": { "Amenity": null, "Building": null, "Landuse": null, "Name": null, "Shop": null }, "geometry": { "type": "Polygon", "coordinates": [ [ [ 121.046586, 14.7273996 ], [ 121.0467788, 14.7276533 ], [ 121.0461439, 14.7283053 ], [ 121.0459156, 14.7281098 ], [ 121.046586, 14.7273996 ] ] ] } },
{ "type": "Feature", "properties": { "Amenity": null, "Building": null, "Landuse": null, "Name": null, "Shop": null }, "geometry": { "type": "Polygon", "coordinates": [ [ [ 121.0342375, 14.6628446 ], [ 121.0335056, 14.6629679 ], [ 121.0334721, 14.6628563 ], [ 121.0331635, 14.6629081 ], [ 121.0331309, 14.662772 ], [ 121.0342399, 14.6625646 ], [ 121.0342375, 14.6628446 ] ] ] } },
{ "type": "Feature", "properties": { "Amenity": null, "Building": null, "Landuse": null, "Name": null, "Shop": null }, "geometry": { "type": "Polygon", "coordinates": [ [ [ 121.0205499, 14.6645685 ], [ 121.0205124, 14.6647421 ], [ 121.0203762, 14.6647181 ], [ 121.0203554, 14.6647914 ], [ 121.0204616, 14.6652553 ], [ 121.0203308, 14.6652859 ], [ 121.0203095, 14.6652272 ], [ 121.0201028, 14.6652713 ], [ 121.0200785, 14.6651755 ], [ 121.0200687, 14.6649289 ], [ 121.02011, 14.6645553 ], [ 121.0201585, 14.6644962 ], [ 121.0205499, 14.6645685 ] ] ] } },
{ "type": "Feature", "properties": { "Amenity": null, "Building": null, "Landuse": null, "Name": null, "Shop": null }, "geometry": { "type": "Polygon", "coordinates": [ [ [ 121.0201028, 14.6652713 ], [ 121.0203095, 14.6652272 ], [ 121.0203308, 14.6652859 ], [ 121.0204616, 14.6652553 ], [ 121.0203554, 14.6647914 ], [ 121.0203762, 14.6647181 ], [ 121.0205124, 14.6647421 ], [ 121.0205499, 14.6645685 ], [ 121.0206295, 14.6645832 ], [ 121.0213843, 14.6648068 ], [ 121.0211933, 14.6652581 ], [ 121.0209745, 14.6656716 ], [ 121.0205234, 14.6655801 ], [ 121.0204259, 14.6655926 ], [ 121.0203221, 14.6656456 ], [ 121.0201276, 14.6653687 ], [ 121.0201028, 14.6652713 ] ] ] } },
{ "type": "Feature", "properties": { "Amenity": null, "Building": null, "Landuse": null, "Name": null, "Shop": null }, "geometry": { "type": "Polygon", "coordinates": [ [ [ 121.068507, 14.6207733 ], [ 121.0687754, 14.6208186 ], [ 121.0685773, 14.6216387 ], [ 121.0685019, 14.6214183 ], [ 121.068507, 14.6207733 ] ] ] } },
{ "type": "Feature", "properties": { "Amenity": null, "Building": null, "Landuse": null, "Name": null, "Shop": null }, "geometry": { "type": "Polygon", "coordinates": [ [ [ 121.0363724, 14.6292912 ], [ 121.0362428, 14.6287741 ], [ 121.036767, 14.6289255 ], [ 121.0366975, 14.6292205 ], [ 121.0363724, 14.6292912 ] ] ] } },
{ "type": "Feature", "properties": { "Amenity": null, "Building": null, "Landuse": null, "Name": null, "Shop": null }, "geometry": { "type": "Polygon", "coordinates": [ [ [ 121.036767, 14.6289255 ], [ 121.0374663, 14.6291275 ], [ 121.0383845, 14.6293927 ], [ 121.0379367, 14.6294801 ], [ 121.0372648, 14.629617 ], [ 121.0372822, 14.6297208 ], [ 121.0365196, 14.6298787 ], [ 121.0363724, 14.6292912 ], [ 121.0366975, 14.6292205 ], [ 121.036767, 14.6289255 ] ] ] } },
{ "type": "Feature", "properties": { "Amenity": null, "Building": null, "Landuse": null, "Name": null, "Shop": null }, "geometry": { "type": "Polygon", "coordinates": [ [ [ 121.0365196, 14.6298787 ], [ 121.0372822, 14.6297208 ], [ 121.0372648, 14.629617 ], [ 121.0379367, 14.6294801 ], [ 121.0383845, 14.6293927 ], [ 121.0384552, 14.6294131 ], [ 121.0386313, 14.6302366 ], [ 121.0367136, 14.6306531 ], [ 121.0365196, 14.6298787 ] ] ] } },
{ "type": "Feature", "properties": { "Amenity": null, "Building": null, "Landuse": null, "Name": null, "Shop": null }, "geometry": { "type": "MultiPolygon", "coordinates": [ [ [ [ 121.0655503, 14.6564018 ], [ 121.0648908, 14.6564125 ], [ 121.0648678, 14.6564018 ], [ 121.064854, 14.6563875 ], [ 121.064843, 14.656368 ], [ 121.0648411, 14.6561962 ], [ 121.0648531, 14.6561802 ], [ 121.0648669, 14.6561651 ], [ 121.0648807, 14.6561526 ], [ 121.0648917, 14.6561455 ], [ 121.0655982, 14.6561464 ], [ 121.0656, 14.6563511 ], [ 121.0655945, 14.6563653 ], [ 121.0655834, 14.6563831 ], [ 121.0655696, 14.6563964 ], [ 121.0655503, 14.6564018 ] ] ], [ [ [ 121.0651514, 14.6568568 ], [ 121.0648992, 14.6568621 ], [ 121.0648906, 14.6564787 ], [ 121.0651428, 14.6564733 ], [ 121.0651514, 14.6568568 ] ] ], [ [ [ 121.0652063, 14.6564573 ], [ 121.0653014, 14.6564559 ], [ 121.0657272, 14.6564494 ], [ 121.0657283, 14.6565216 ], [ 121.0657334, 14.6568374 ], [ 121.0652126, 14.6568452 ], [ 121.0652063, 14.6564573 ] ] ], [ [ [ 121.0655082, 14.6570341 ], [ 121.0655072, 14.6568631 ], [ 121.0657403, 14.6568607 ], [ 121.0657402, 14.6570317 ], [ 121.0655082, 14.6570341 ] ] ], [ [ [ 121.0652044, 14.6571671 ], [ 121.0652023, 14.657048 ], [ 121.0652202, 14.6570477 ], [ 121.0652172, 14.6568757 ], [ 121.0653505, 14.6568735 ], [ 121.0653511, 14.6569081 ], [ 121.0652677, 14.6569094 ], [ 121.0652701, 14.657048 ], [ 121.0657109, 14.6570447 ], [ 121.0657116, 14.6571588 ], [ 121.0652044, 14.6571671 ] ] ], [ [ [ 121.0648929, 14.6569393 ], [ 121.0651828, 14.6569362 ], [ 121.0651854, 14.6571631 ], [ 121.0651476, 14.6571635 ], [ 121.0651482, 14.6572149 ], [ 121.0648961, 14.6572176 ], [ 121.0648929, 14.6569393 ] ] ], [ [ [ 121.0656784, 14.6572748 ], [ 121.0656793, 14.6574335 ], [ 121.064871, 14.6574378 ], [ 121.0648706, 14.6573661 ], [ 121.0653342, 14.6573636 ], [ 121.0653337, 14.6572766 ], [ 121.0656784, 14.6572748 ] ] ] ] } },
{ "type": "Feature", "properties": { "Amenity": null, "Building": null, "Landuse": null, "Name": null, "Shop": null }, "geometry": { "type": "Polygon", "coordinates": [ [ [ 121.0529337, 14.6209903 ], [ 121.052903, 14.6209409 ], [ 121.0528723, 14.620872 ], [ 121.052854, 14.6208062 ], [ 121.0528455, 14.6207416 ], [ 121.052847, 14.6206621 ], [ 121.0528524, 14.6206246 ], [ 121.0528678, 14.6205637 ], [ 121.0527507, 14.6205099 ], [ 121.0527191, 14.6204971 ], [ 121.0527368, 14.6204619 ], [ 121.0527403, 14.6204396 ], [ 121.0527447, 14.6204178 ], [ 121.0527539, 14.6203974 ], [ 121.0527657, 14.6203798 ], [ 121.0527832, 14.6203533 ], [ 121.052802, 14.6203372 ], [ 121.0528213, 14.6202934 ], [ 121.0528427, 14.6203029 ], [ 121.0529879, 14.6203679 ], [ 121.0530025, 14.6203538 ], [ 121.0530411, 14.6203216 ], [ 121.0531069, 14.6202794 ], [ 121.0531843, 14.6202456 ], [ 121.0532654, 14.6202247 ], [ 121.0533207, 14.6202181 ], [ 121.0533919, 14.6202183 ], [ 121.0534658, 14.6202287 ], [ 121.0535746, 14.6202649 ], [ 121.0536188, 14.6202878 ], [ 121.053677, 14.6203273 ], [ 121.0537422, 14.6203884 ], [ 121.0537962, 14.6204615 ], [ 121.0538241, 14.6205147 ], [ 121.0538495, 14.6205859 ], [ 121.0538595, 14.6206315 ], [ 121.0538657, 14.6206898 ], [ 121.053865, 14.620745 ], [ 121.0538567, 14.6208059 ], [ 121.0539631, 14.6208577 ], [ 121.0539037, 14.6209622 ], [ 121.053841, 14.6210728 ], [ 121.0537478, 14.6210278 ], [ 121.0537152, 14.6210621 ], [ 121.0536467, 14.6211173 ], [ 121.0535885, 14.6211511 ], [ 121.0535186, 14.6211797 ], [ 121.0534686, 14.6211933 ], [ 121.0533851, 14.6212048 ], [ 121.0533259, 14.6212048 ], [ 121.0532501, 14.621195 ], [ 121.0532037, 14.6211833 ], [ 121.0531514, 14.6211645 ], [ 121.0530989, 14.6211388 ], [ 121.0530404, 14.6211005 ], [ 121.0530035, 14.6210696 ], [ 121.0529712, 14.6210371 ], [ 121.0529337, 14.6209903 ] ] ] } },
{ "type": "Feature", "properties": { "Amenity": null, "Building": null, "Landuse": null, "Name": null, "Shop": null }, "geometry": { "type": "Polygon", "coordinates": [ [ [ 121.0513852, 14.619586 ], [ 121.0525288, 14.6201402 ], [ 121.0524402, 14.620305 ], [ 121.0523697, 14.6204417 ], [ 121.052139, 14.6208889 ], [ 121.0509227, 14.620308 ], [ 121.0512376, 14.619619 ], [ 121.0512985, 14.6194882 ], [ 121.0513194, 14.6194432 ], [ 121.0514258, 14.6194969 ], [ 121.0513852, 14.619586 ] ] ] } },
{ "type": "Feature", "properties": { "Amenity": null, "Building": null, "Landuse": null, "Name": null, "Shop": null }, "geometry": { "type": "Polygon", "coordinates": [ [ [ 121.0287982, 14.6566691 ], [ 121.0294391, 14.6565261 ], [ 121.0294261, 14.6564675 ], [ 121.0294857, 14.6564552 ], [ 121.0295243, 14.6564469 ], [ 121.0295817, 14.6564354 ], [ 121.0309186, 14.6561491 ], [ 121.0309599, 14.6561403 ], [ 121.0310077, 14.6561301 ], [ 121.0310291, 14.6561255 ], [ 121.0310466, 14.6561933 ], [ 121.0316605, 14.6560604 ], [ 121.0317315, 14.6563608 ], [ 121.0317498, 14.6564385 ], [ 121.0318686, 14.6569587 ], [ 121.0311407, 14.65711 ], [ 121.030954, 14.6571482 ], [ 121.0310112, 14.657408 ], [ 121.0305385, 14.657509 ], [ 121.0301697, 14.6575855 ], [ 121.0299965, 14.6576215 ], [ 121.029925, 14.6573401 ], [ 121.0297978, 14.6573705 ], [ 121.0290037, 14.6575606 ], [ 121.0289228, 14.6572084 ], [ 121.0287982, 14.6566691 ] ] ] } },
{ "type": "Feature", "properties": { "Amenity": null, "Building": null, "Landuse": null, "Name": null, "Shop": null }, "geometry": { "type": "Polygon", "coordinates": [ [ [ 121.0655812, 14.6279098 ], [ 121.0655454, 14.6274588 ], [ 121.0660544, 14.6274343 ], [ 121.0661189, 14.6276776 ], [ 121.0661374, 14.6277415 ], [ 121.0662104, 14.6279808 ], [ 121.0661656, 14.6280024 ], [ 121.0660009, 14.627977 ], [ 121.0659443, 14.627969 ], [ 121.0655812, 14.6279098 ] ] ] } },
{ "type": "Feature", "properties": { "Amenity": null, "Building": null, "Landuse": null, "Name": null, "Shop": null }, "geometry": { "type": "Polygon", "coordinates": [ [ [ 121.0843036, 14.6785366 ], [ 121.0843093, 14.6782561 ], [ 121.0843054, 14.6781566 ], [ 121.0843022, 14.6780739 ], [ 121.0842982, 14.6777945 ], [ 121.0868168, 14.6777924 ], [ 121.0867989, 14.6785379 ], [ 121.0843036, 14.6785366 ] ] ] } },
{ "type": "Feature", "properties": { "Amenity": null, "Building": null, "Landuse": null, "Name": null, "Shop": null }, "geometry": { "type": "Polygon", "coordinates": [ [ [ 121.0788349, 14.6446452 ], [ 121.0788357, 14.6444908 ], [ 121.0792934, 14.6444934 ], [ 121.0792924, 14.6446477 ], [ 121.0788349, 14.6446452 ] ] ] } },
{ "type": "Feature", "properties": { "Amenity": null, "Building": null, "Landuse": null, "Name": null, "Shop": null }, "geometry": { "type": "Polygon", "coordinates": [ [ [ 121.0548615, 14.6198009 ], [ 121.0549838, 14.6195619 ], [ 121.055131, 14.6192742 ], [ 121.0551421, 14.6192527 ], [ 121.0551531, 14.6192314 ], [ 121.0553024, 14.6189357 ], [ 121.0555987, 14.6183486 ], [ 121.0556782, 14.6181964 ], [ 121.0560689, 14.6183825 ], [ 121.0560617, 14.6183967 ], [ 121.0562312, 14.6184774 ], [ 121.0562096, 14.6185199 ], [ 121.0563964, 14.6186089 ], [ 121.0563238, 14.6187516 ], [ 121.0561619, 14.6190697 ], [ 121.0560933, 14.6192043 ], [ 121.0560325, 14.6193238 ], [ 121.0559861, 14.619415 ], [ 121.0556085, 14.6201569 ], [ 121.0549628, 14.6198493 ], [ 121.0548615, 14.6198009 ] ] ] } },
{ "type": "Feature", "properties": { "Amenity": null, "Building": null, "Landuse": null, "Name": null, "Shop": null }, "geometry": { "type": "Polygon", "coordinates": [ [ [ 121.0574705, 14.6192916 ], [ 121.0574818, 14.6193097 ], [ 121.0574886, 14.6193298 ], [ 121.0574907, 14.6193493 ], [ 121.0574886, 14.6193687 ], [ 121.0574765, 14.6193984 ], [ 121.0574656, 14.6194106 ], [ 121.0571892, 14.6199072 ], [ 121.0567222, 14.6207459 ], [ 121.0558, 14.6202694 ], [ 121.0561478, 14.6194895 ], [ 121.0561918, 14.6193999 ], [ 121.056252, 14.6192774 ], [ 121.0564306, 14.6188736 ], [ 121.0564659, 14.6187939 ], [ 121.0564664, 14.6187621 ], [ 121.056479, 14.6187306 ], [ 121.0565021, 14.6187052 ], [ 121.0565141, 14.6186974 ], [ 121.056527, 14.6186913 ], [ 121.0565415, 14.618687 ], [ 121.0565566, 14.6186848 ], [ 121.0565913, 14.6186885 ], [ 121.0566226, 14.6187036 ], [ 121.0566465, 14.6187283 ], [ 121.0566568, 14.618752 ], [ 121.0566866, 14.6187497 ], [ 121.0568681, 14.6188755 ], [ 121.0574232, 14.6192603 ], [ 121.0574462, 14.6192699 ], [ 121.0574705, 14.6192916 ] ] ] } },
{ "type": "Feature", "properties": { "Amenity": null, "Building": null, "Landuse": null, "Name": null, "Shop": null }, "geometry": { "type": "Polygon", "coordinates": [ [ [ 121.088065, 14.6876799 ], [ 121.089352, 14.6876827 ], [ 121.0893515, 14.6878847 ], [ 121.0892959, 14.6878846 ], [ 121.089296, 14.687848 ], [ 121.0888927, 14.6878471 ], [ 121.0888925, 14.6879091 ], [ 121.0886636, 14.6879086 ], [ 121.0886638, 14.6878489 ], [ 121.0881716, 14.6878478 ], [ 121.0881714, 14.6879387 ], [ 121.0880644, 14.6879385 ], [ 121.0880647, 14.6878489 ], [ 121.088065, 14.6876799 ] ] ] } },
{ "type": "Feature", "properties": { "Amenity": null, "Building": null, "Landuse": null, "Name": null, "Shop": null }, "geometry": { "type": "Polygon", "coordinates": [ [ [ 121.0515999, 14.6482226 ], [ 121.0522346, 14.6472559 ], [ 121.0524646, 14.6474188 ], [ 121.0518118, 14.6483493 ], [ 121.0515999, 14.6482226 ] ] ] } },
{ "type": "Feature", "properties": { "Amenity": null, "Building": null, "Landuse": null, "Name": null, "Shop": null }, "geometry": { "type": "Polygon", "coordinates": [ [ [ 121.0687968, 14.7062964 ], [ 121.0688008, 14.7058216 ], [ 121.0691951, 14.7058307 ], [ 121.0692015, 14.705955 ], [ 121.069226, 14.7062613 ], [ 121.0691831, 14.7063042 ], [ 121.0687968, 14.7062964 ] ] ] } },
{ "type": "Feature", "properties": { "Amenity": null, "Building": null, "Landuse": null, "Name": null, "Shop": null }, "geometry": { "type": "Polygon", "coordinates": [ [ [ 121.0862141, 14.6947597 ], [ 121.0864538, 14.6947636 ], [ 121.0864558, 14.694877 ], [ 121.0864907, 14.6948772 ], [ 121.0864916, 14.6946923 ], [ 121.0868042, 14.6946937 ], [ 121.0868023, 14.6950865 ], [ 121.0866644, 14.6950859 ], [ 121.0866642, 14.6951313 ], [ 121.0867266, 14.6951316 ], [ 121.0867258, 14.6953132 ], [ 121.0866942, 14.6953131 ], [ 121.0866936, 14.6954556 ], [ 121.0867674, 14.6954559 ], [ 121.0867656, 14.6958299 ], [ 121.0864959, 14.6958287 ], [ 121.0864963, 14.6957303 ], [ 121.0862466, 14.6957291 ], [ 121.0862478, 14.6954887 ], [ 121.0863385, 14.6954891 ], [ 121.0863642, 14.6951261 ], [ 121.0862282, 14.6951124 ], [ 121.0862141, 14.6947597 ] ] ] } },
{ "type": "Feature", "properties": { "Amenity": null, "Building": null, "Landuse": null, "Name": null, "Shop": null }, "geometry": { "type": "Polygon", "coordinates": [ [ [ 121.0876233, 14.6871128 ], [ 121.0878465, 14.6871128 ], [ 121.0879066, 14.6871875 ], [ 121.0878894, 14.68786 ], [ 121.0878208, 14.6878683 ], [ 121.0876062, 14.6878683 ], [ 121.0876062, 14.6877023 ], [ 121.0875547, 14.6876524 ], [ 121.0875375, 14.6875113 ], [ 121.0875375, 14.6874034 ], [ 121.0876233, 14.6873203 ], [ 121.0876233, 14.6871128 ] ] ] } },
{ "type": "Feature", "properties": { "Amenity": null, "Building": null, "Landuse": null, "Name": null, "Shop": null }, "geometry": { "type": "Polygon", "coordinates": [ [ [ 121.0748962, 14.640103 ], [ 121.0748549, 14.6394808 ], [ 121.0748468, 14.6392758 ], [ 121.0747885, 14.6377983 ], [ 121.0759339, 14.6377648 ], [ 121.0760077, 14.6377452 ], [ 121.0760915, 14.6377839 ], [ 121.0761294, 14.6377972 ], [ 121.0761621, 14.6377965 ], [ 121.0762146, 14.6377838 ], [ 121.0762429, 14.6377701 ], [ 121.0762742, 14.6377397 ], [ 121.0763154, 14.6376746 ], [ 121.07637, 14.6375851 ], [ 121.0763782, 14.6375527 ], [ 121.0764781, 14.6374949 ], [ 121.0774155, 14.6369 ], [ 121.0784604, 14.6383587 ], [ 121.0791971, 14.6393933 ], [ 121.0792676, 14.6396677 ], [ 121.0792269, 14.6398153 ], [ 121.078235, 14.6403962 ], [ 121.0771574, 14.640969 ], [ 121.076688, 14.6411011 ], [ 121.0764421, 14.6409939 ], [ 121.076407, 14.6412567 ], [ 121.0763953, 14.6413064 ], [ 121.076191, 14.6418993 ], [ 121.0761719, 14.6419353 ], [ 121.0761116, 14.6419702 ], [ 121.0759512, 14.6419773 ], [ 121.0756256, 14.6419164 ], [ 121.0751623, 14.641671 ], [ 121.0750348, 14.6413842 ], [ 121.0750701, 14.6410789 ], [ 121.0750685, 14.6402056 ], [ 121.0748962, 14.640103 ] ] ] } },
{ "type": "Feature", "properties": { "Amenity": null, "Building": null, "Landuse": null, "Name": null, "Shop": null }, "geometry": { "type": "Polygon", "coordinates": [ [ [ 121.0806486, 14.6450491 ], [ 121.0806576, 14.6459667 ], [ 121.0802885, 14.6459704 ], [ 121.0802795, 14.6450527 ], [ 121.0806486, 14.6450491 ] ] ] } },
{ "type": "Feature", "properties": { "Amenity": null, "Building": null, "Landuse": null, "Name": null, "Shop": null }, "geometry": { "type": "Polygon", "coordinates": [ [ [ 121.0785398, 14.6368086 ], [ 121.0789994, 14.6366108 ], [ 121.0790533, 14.6365877 ], [ 121.079029, 14.6365347 ], [ 121.0791044, 14.6365022 ], [ 121.0792248, 14.6367641 ], [ 121.0791387, 14.6368011 ], [ 121.0792646, 14.6370751 ], [ 121.0787618, 14.6372914 ], [ 121.0785398, 14.6368086 ] ] ] } },
{ "type": "Feature", "properties": { "Amenity": null, "Building": null, "Landuse": null, "Name": null, "Shop": null }, "geometry": { "type": "Polygon", "coordinates": [ [ [ 121.0754244, 14.6343864 ], [ 121.0753478, 14.6339403 ], [ 121.0761681, 14.6337152 ], [ 121.0762658, 14.6335883 ], [ 121.0766205, 14.6337502 ], [ 121.0769149, 14.6333747 ], [ 121.0770522, 14.6332335 ], [ 121.0772029, 14.6330429 ], [ 121.0773288, 14.6329398 ], [ 121.0781852, 14.6327038 ], [ 121.0781921, 14.6331024 ], [ 121.0783354, 14.6331595 ], [ 121.0787821, 14.6333002 ], [ 121.0795619, 14.6336149 ], [ 121.0799374, 14.6339782 ], [ 121.0802379, 14.6345357 ], [ 121.0797189, 14.6346416 ], [ 121.0780238, 14.6349871 ], [ 121.0779916, 14.6349456 ], [ 121.0772224, 14.6352098 ], [ 121.0769376, 14.6352037 ], [ 121.0769406, 14.6345806 ], [ 121.0767419, 14.6343968 ], [ 121.0759489, 14.6343798 ], [ 121.0758644, 14.6344785 ], [ 121.0758034, 14.6345336 ], [ 121.0754882, 14.6345744 ], [ 121.0754244, 14.6343864 ] ] ] } },
{ "type": "Feature", "properties": { "Amenity": null, "Building": null, "Landuse": null, "Name": null, "Shop": null }, "geometry": { "type": "Polygon", "coordinates": [ [ [ 121.0497178, 14.6462406 ], [ 121.0497737, 14.6462394 ], [ 121.0497756, 14.6462245 ], [ 121.0498504, 14.6462255 ], [ 121.050223, 14.6462411 ], [ 121.0503048, 14.6463314 ], [ 121.0502922, 14.6465318 ], [ 121.0502813, 14.646539 ], [ 121.0497567, 14.6465119 ], [ 121.0497098, 14.6464224 ], [ 121.0497178, 14.6462406 ] ] ] } },
{ "type": "Feature", "properties": { "Amenity": null, "Building": null, "Landuse": null, "Name": null, "Shop": null }, "geometry": { "type": "Polygon", "coordinates": [ [ [ 121.0467737, 14.6475482 ], [ 121.0466932, 14.6472188 ], [ 121.0470598, 14.6471365 ], [ 121.0471213, 14.6470988 ], [ 121.0471758, 14.6470215 ], [ 121.0472683, 14.6466956 ], [ 121.0476179, 14.646783 ], [ 121.0475086, 14.6471773 ], [ 121.0475258, 14.6472686 ], [ 121.0478046, 14.6475588 ], [ 121.0477948, 14.6475674 ], [ 121.0475294, 14.6477984 ], [ 121.0472597, 14.6475261 ], [ 121.0471996, 14.6474762 ], [ 121.047131, 14.6474679 ], [ 121.0467737, 14.6475482 ] ] ] } },
{ "type": "Feature", "properties": { "Amenity": null, "Building": null, "Landuse": null, "Name": null, "Shop": null }, "geometry": { "type": "Polygon", "coordinates": [ [ [ 121.0676988, 14.7063351 ], [ 121.0677025, 14.7057353 ], [ 121.0677025, 14.7054286 ], [ 121.0679685, 14.7053355 ], [ 121.0680602, 14.7053034 ], [ 121.0685085, 14.7051477 ], [ 121.0685433, 14.7052457 ], [ 121.0686767, 14.7056214 ], [ 121.0686976, 14.7056802 ], [ 121.0687713, 14.7057529 ], [ 121.0687755, 14.7058967 ], [ 121.0687746, 14.7060777 ], [ 121.0687707, 14.7063359 ], [ 121.0676988, 14.7063351 ] ] ] } },
{ "type": "Feature", "properties": { "Amenity": null, "Building": null, "Landuse": null, "Name": null, "Shop": null }, "geometry": { "type": "Polygon", "coordinates": [ [ [ 121.0768076, 14.6386369 ], [ 121.0768476, 14.6385112 ], [ 121.0769702, 14.6383884 ], [ 121.0771151, 14.638352 ], [ 121.0772471, 14.6383751 ], [ 121.0773673, 14.6384295 ], [ 121.0775611, 14.6386111 ], [ 121.0772163, 14.6388617 ], [ 121.0770593, 14.6386965 ], [ 121.0768076, 14.6386369 ] ] ] } },
{ "type": "Feature", "properties": { "Amenity": null, "Building": null, "Landuse": null, "Name": null, "Shop": null }, "geometry": { "type": "Polygon", "coordinates": [ [ [ 121.0719449, 14.7055597 ], [ 121.0721033, 14.7055581 ], [ 121.0721056, 14.7057859 ], [ 121.0719471, 14.7057874 ], [ 121.0719449, 14.7055597 ] ] ] } },
{ "type": "Feature", "properties": { "Amenity": null, "Building": null, "Landuse": null, "Name": null, "Shop": null }, "geometry": { "type": "Polygon", "coordinates": [ [ [ 121.0963956, 14.6965297 ], [ 121.0963898, 14.6962988 ], [ 121.0971561, 14.6962806 ], [ 121.097162, 14.6965138 ], [ 121.0968734, 14.6965206 ], [ 121.0968766, 14.696647 ], [ 121.0970849, 14.6966421 ], [ 121.0970904, 14.6968612 ], [ 121.0965334, 14.6968744 ], [ 121.0965279, 14.696656 ], [ 121.0966845, 14.6966523 ], [ 121.0966812, 14.6965229 ], [ 121.0963956, 14.6965297 ] ] ] } },
{ "type": "Feature", "properties": { "Amenity": null, "Building": null, "Landuse": null, "Name": null, "Shop": null }, "geometry": { "type": "Polygon", "coordinates": [ [ [ 121.0459795, 14.6547445 ], [ 121.046397, 14.6549815 ], [ 121.0460554, 14.655545 ], [ 121.0453692, 14.6551556 ], [ 121.0455542, 14.6548505 ], [ 121.0458228, 14.6550029 ], [ 121.0459795, 14.6547445 ] ] ] } },
{ "type": "Feature", "properties": { "Amenity": null, "Building": null, "Landuse": null, "Name": null, "Shop": null }, "geometry": { "type": "Polygon", "coordinates": [ [ [ 121.0680324, 14.609681 ], [ 121.0677567, 14.6096631 ], [ 121.0677667, 14.609518 ], [ 121.0678908, 14.6095261 ], [ 121.0678974, 14.6094313 ], [ 121.067772, 14.6094232 ], [ 121.0677834, 14.6092591 ], [ 121.0679057, 14.609267 ], [ 121.0679121, 14.6091738 ], [ 121.0677957, 14.6091662 ], [ 121.0678066, 14.609008 ], [ 121.0680778, 14.6090256 ], [ 121.0680607, 14.609273 ], [ 121.0681047, 14.6092758 ], [ 121.0681012, 14.6093251 ], [ 121.0681302, 14.609327 ], [ 121.0681254, 14.6093968 ], [ 121.0680964, 14.6093949 ], [ 121.0680934, 14.609438 ], [ 121.0680494, 14.6094352 ], [ 121.0680324, 14.609681 ] ] ] } },
{ "type": "Feature", "properties": { "Amenity": null, "Building": null, "Landuse": null, "Name": null, "Shop": null }, "geometry": { "type": "Polygon", "coordinates": [ [ [ 121.0642062, 14.6084804 ], [ 121.0633775, 14.6082735 ], [ 121.0632405, 14.6082441 ], [ 121.0633185, 14.6078918 ], [ 121.063509, 14.6079355 ], [ 121.0634877, 14.6080291 ], [ 121.0635267, 14.6080366 ], [ 121.0635044, 14.6081227 ], [ 121.0637376, 14.6081747 ], [ 121.0637586, 14.6081018 ], [ 121.0639911, 14.6081565 ], [ 121.0639721, 14.6082287 ], [ 121.0641952, 14.6082819 ], [ 121.0642168, 14.6081947 ], [ 121.0642504, 14.6082044 ], [ 121.0642728, 14.6081107 ], [ 121.0644567, 14.6081546 ], [ 121.0643602, 14.6085135 ], [ 121.0642062, 14.6084804 ] ] ] } },
{ "type": "Feature", "properties": { "Amenity": null, "Building": null, "Landuse": null, "Name": null, "Shop": null }, "geometry": { "type": "Polygon", "coordinates": [ [ [ 121.064823, 14.610235 ], [ 121.0649713, 14.6102707 ], [ 121.0649392, 14.6103955 ], [ 121.0650035, 14.6104111 ], [ 121.0649736, 14.6105271 ], [ 121.0651778, 14.6105763 ], [ 121.0650827, 14.6109455 ], [ 121.0648935, 14.6108998 ], [ 121.0648708, 14.6109882 ], [ 121.0648954, 14.6109941 ], [ 121.0648552, 14.6111504 ], [ 121.0646028, 14.6110896 ], [ 121.064823, 14.610235 ] ] ] } },
{ "type": "Feature", "properties": { "Amenity": null, "Building": null, "Landuse": null, "Name": null, "Shop": null }, "geometry": { "type": "Polygon", "coordinates": [ [ [ 121.0432965, 14.6383303 ], [ 121.0431367, 14.6385706 ], [ 121.0425215, 14.6381874 ], [ 121.0426814, 14.6379472 ], [ 121.0432965, 14.6383303 ] ] ] } },
{ "type": "Feature", "properties": { "Amenity": null, "Building": null, "Landuse": null, "Name": null, "Shop": null }, "geometry": { "type": "Polygon", "coordinates": [ [ [ 121.0418521, 14.6389617 ], [ 121.0421245, 14.6391435 ], [ 121.0418091, 14.6396426 ], [ 121.0412833, 14.6393213 ], [ 121.0412341, 14.6392274 ], [ 121.0414229, 14.6388952 ], [ 121.041483, 14.6388537 ], [ 121.0415517, 14.6388288 ], [ 121.0416804, 14.638862 ], [ 121.0418521, 14.6389617 ] ] ] } },
{ "type": "Feature", "properties": { "Amenity": null, "Building": null, "Landuse": null, "Name": null, "Shop": null }, "geometry": { "type": "Polygon", "coordinates": [ [ [ 121.0806276, 14.6417615 ], [ 121.0814989, 14.6418481 ], [ 121.0822937, 14.6419772 ], [ 121.0823549, 14.6424372 ], [ 121.0831803, 14.6433858 ], [ 121.0831645, 14.6436992 ], [ 121.083191, 14.6439884 ], [ 121.0831984, 14.6442567 ], [ 121.0830492, 14.6453474 ], [ 121.0828836, 14.6457813 ], [ 121.0828178, 14.646006 ], [ 121.0826545, 14.6461445 ], [ 121.0825292, 14.6461787 ], [ 121.0820142, 14.6465275 ], [ 121.0817572, 14.6467014 ], [ 121.0812274, 14.6470414 ], [ 121.0809317, 14.6470018 ], [ 121.080858, 14.646992 ], [ 121.0807178, 14.6469582 ], [ 121.0806506, 14.646942 ], [ 121.0805178, 14.6468711 ], [ 121.079895, 14.645989 ], [ 121.0798737, 14.6455396 ], [ 121.0801483, 14.645249 ], [ 121.0801468, 14.6450421 ], [ 121.0801302, 14.6427606 ], [ 121.0801268, 14.6422583 ], [ 121.0804715, 14.6421141 ], [ 121.0806276, 14.6417615 ] ] ] } },
{ "type": "Feature", "properties": { "Amenity": null, "Building": null, "Landuse": null, "Name": null, "Shop": null }, "geometry": { "type": "Polygon", "coordinates": [ [ [ 121.0526428, 14.6498515 ], [ 121.0525209, 14.649878 ], [ 121.0524776, 14.6497347 ], [ 121.0524093, 14.64957 ], [ 121.0522341, 14.6492305 ], [ 121.0523343, 14.6491706 ], [ 121.0524467, 14.64937 ], [ 121.0526843, 14.6492752 ], [ 121.0525213, 14.6489125 ], [ 121.0526447, 14.6488669 ], [ 121.0529869, 14.6496466 ], [ 121.0528671, 14.6496939 ], [ 121.0527329, 14.6493937 ], [ 121.0525108, 14.6494859 ], [ 121.0525951, 14.6496896 ], [ 121.0526428, 14.6498515 ] ] ] } },
{ "type": "Feature", "properties": { "Amenity": null, "Building": null, "Landuse": null, "Name": null, "Shop": null }, "geometry": { "type": "Polygon", "coordinates": [ [ [ 121.0583442, 14.5896212 ], [ 121.0593058, 14.5895913 ], [ 121.0592991, 14.5891553 ], [ 121.0593189, 14.5891548 ], [ 121.0595351, 14.5891488 ], [ 121.0595511, 14.5896304 ], [ 121.0595459, 14.589873 ], [ 121.0595473, 14.5900588 ], [ 121.0593462, 14.5902495 ], [ 121.0591454, 14.590428 ], [ 121.0590418, 14.5905201 ], [ 121.0590092, 14.5905494 ], [ 121.0587774, 14.5907309 ], [ 121.0586728, 14.5908087 ], [ 121.0580344, 14.5910216 ], [ 121.0576694, 14.5900031 ], [ 121.057612, 14.5898431 ], [ 121.0582621, 14.5896463 ], [ 121.0583442, 14.5896212 ] ] ] } },
{ "type": "Feature", "properties": { "Amenity": null, "Building": null, "Landuse": null, "Name": null, "Shop": null }, "geometry": { "type": "Polygon", "coordinates": [ [ [ 121.0715081, 14.6560489 ], [ 121.0715392, 14.6539909 ], [ 121.0726241, 14.6540061 ], [ 121.0726626, 14.6540136 ], [ 121.0726907, 14.6540225 ], [ 121.0727282, 14.6540413 ], [ 121.0727582, 14.6540615 ], [ 121.0727826, 14.654085 ], [ 121.0728032, 14.6541102 ], [ 121.0729979, 14.6545241 ], [ 121.0730098, 14.65456 ], [ 121.0730196, 14.6545876 ], [ 121.0730253, 14.6546251 ], [ 121.0730282, 14.6546674 ], [ 121.0730296, 14.6547657 ], [ 121.0730247, 14.6556426 ], [ 121.073023, 14.6556595 ], [ 121.0730196, 14.6556922 ], [ 121.0730071, 14.6557404 ], [ 121.0727866, 14.6560107 ], [ 121.0727636, 14.6560277 ], [ 121.0727364, 14.6560439 ], [ 121.0727086, 14.6560556 ], [ 121.0715081, 14.6560489 ] ] ] } },
{ "type": "Feature", "properties": { "Amenity": null, "Building": null, "Landuse": null, "Name": null, "Shop": null }, "geometry": { "type": "Polygon", "coordinates": [ [ [ 121.0600643, 14.6469029 ], [ 121.0607996, 14.6468975 ], [ 121.0607986, 14.6470527 ], [ 121.0606151, 14.6470433 ], [ 121.0604321, 14.6470972 ], [ 121.0603673, 14.6471051 ], [ 121.0601704, 14.6470438 ], [ 121.0600643, 14.6469029 ] ] ] } },
{ "type": "Feature", "properties": { "Amenity": null, "Building": null, "Landuse": null, "Name": null, "Shop": null }, "geometry": { "type": "Polygon", "coordinates": [ [ [ 121.0672789, 14.6565815 ], [ 121.0672826, 14.656227 ], [ 121.0684393, 14.6562382 ], [ 121.0684356, 14.6565927 ], [ 121.0672789, 14.6565815 ] ] ] } },
{ "type": "Feature", "properties": { "Amenity": null, "Building": null, "Landuse": null, "Name": null, "Shop": null }, "geometry": { "type": "Polygon", "coordinates": [ [ [ 121.066674, 14.6531729 ], [ 121.0669486, 14.6531729 ], [ 121.0669486, 14.6534636 ], [ 121.066674, 14.6534636 ], [ 121.066674, 14.6531729 ] ] ] } },
{ "type": "Feature", "properties": { "Amenity": null, "Building": null, "Landuse": null, "Name": null, "Shop": null }, "geometry": { "type": "Polygon", "coordinates": [ [ [ 121.0671587, 14.652646 ], [ 121.0672841, 14.65242 ], [ 121.0677032, 14.6526376 ], [ 121.0675779, 14.6528637 ], [ 121.0673982, 14.6527704 ], [ 121.0673838, 14.6527764 ], [ 121.0673676, 14.6527765 ], [ 121.0673507, 14.6527682 ], [ 121.0673395, 14.6527561 ], [ 121.0673353, 14.6527378 ], [ 121.0671587, 14.652646 ] ] ] } },
{ "type": "Feature", "properties": { "Amenity": null, "Building": null, "Landuse": null, "Name": null, "Shop": null }, "geometry": { "type": "Polygon", "coordinates": [ [ [ 121.0523746, 14.6217894 ], [ 121.0525961, 14.6213437 ], [ 121.052809, 14.6214427 ], [ 121.0528255, 14.6214504 ], [ 121.052604, 14.6218961 ], [ 121.0523746, 14.6217894 ] ] ] } },
{ "type": "Feature", "properties": { "Amenity": null, "Building": null, "Landuse": null, "Name": null, "Shop": null }, "geometry": { "type": "Polygon", "coordinates": [ [ [ 121.0530035, 14.6210696 ], [ 121.0530404, 14.6211005 ], [ 121.0530989, 14.6211388 ], [ 121.0531514, 14.6211645 ], [ 121.0532037, 14.6211833 ], [ 121.0532501, 14.621195 ], [ 121.0533259, 14.6212048 ], [ 121.0532901, 14.6212542 ], [ 121.0533639, 14.6212916 ], [ 121.0535072, 14.6212799 ], [ 121.0535528, 14.6213037 ], [ 121.0535545, 14.621301 ], [ 121.0535426, 14.6212785 ], [ 121.0535387, 14.6212496 ], [ 121.0535471, 14.6212191 ], [ 121.0535623, 14.6211987 ], [ 121.0535874, 14.621182 ], [ 121.0536149, 14.6211756 ], [ 121.0536442, 14.621179 ], [ 121.0536698, 14.6211919 ], [ 121.0536927, 14.6212189 ], [ 121.0537006, 14.6212434 ], [ 121.0536969, 14.6212801 ], [ 121.0536781, 14.6213093 ], [ 121.0536479, 14.6213282 ], [ 121.0536097, 14.6213323 ], [ 121.0536093, 14.6213333 ], [ 121.053642, 14.6213503 ], [ 121.0535218, 14.6215887 ], [ 121.0534848, 14.6216623 ], [ 121.0534395, 14.6217521 ], [ 121.0536039, 14.6218284 ], [ 121.0533545, 14.6223313 ], [ 121.0533159, 14.6224092 ], [ 121.0529614, 14.6222447 ], [ 121.0529349, 14.6222944 ], [ 121.052909, 14.6223431 ], [ 121.0532156, 14.6224825 ], [ 121.0531612, 14.6225881 ], [ 121.0532121, 14.622612 ], [ 121.0531311, 14.6227738 ], [ 121.0526668, 14.622556 ], [ 121.0525629, 14.6225072 ], [ 121.052485, 14.6224707 ], [ 121.0522189, 14.6223458 ], [ 121.0520782, 14.6222798 ], [ 121.0522075, 14.6220218 ], [ 121.0522903, 14.6220606 ], [ 121.0523194, 14.6219963 ], [ 121.0523478, 14.6219413 ], [ 121.0520076, 14.6217721 ], [ 121.0520706, 14.6216479 ], [ 121.0523746, 14.6217894 ], [ 121.052604, 14.6218961 ], [ 121.0528255, 14.6214504 ], [ 121.052809, 14.6214427 ], [ 121.0528472, 14.6213707 ], [ 121.0528863, 14.6212956 ], [ 121.0529076, 14.6212553 ], [ 121.052823, 14.6212153 ], [ 121.052366, 14.6209983 ], [ 121.0522988, 14.6209652 ], [ 121.0522384, 14.6209364 ], [ 121.052139, 14.6208889 ], [ 121.0523697, 14.6204417 ], [ 121.0524402, 14.620305 ], [ 121.0525288, 14.6201402 ], [ 121.0526078, 14.6201774 ], [ 121.0526826, 14.6202082 ], [ 121.0527366, 14.6202337 ], [ 121.0528506, 14.6202852 ], [ 121.052899, 14.620307 ], [ 121.0530025, 14.6203538 ], [ 121.0529879, 14.6203679 ], [ 121.0528427, 14.6203029 ], [ 121.0528213, 14.6202934 ], [ 121.052802, 14.6203372 ], [ 121.0527832, 14.6203533 ], [ 121.0527657, 14.6203798 ], [ 121.0527539, 14.6203974 ], [ 121.0527447, 14.6204178 ], [ 121.0527403, 14.6204396 ], [ 121.0527368, 14.6204619 ], [ 121.0527191, 14.6204971 ], [ 121.0527507, 14.6205099 ], [ 121.0528678, 14.6205637 ], [ 121.0528524, 14.6206246 ], [ 121.052847, 14.6206621 ], [ 121.0528455, 14.6207416 ], [ 121.052854, 14.6208062 ], [ 121.0528723, 14.620872 ], [ 121.052903, 14.6209409 ], [ 121.0529337, 14.6209903 ], [ 121.0529712, 14.6210371 ], [ 121.0530035, 14.6210696 ] ] ] } },
{ "type": "Feature", "properties": { "Amenity": null, "Building": null, "Landuse": null, "Name": null, "Shop": null }, "geometry": { "type": "Polygon", "coordinates": [ [ [ 121.0593018, 14.5922427 ], [ 121.0592185, 14.5921624 ], [ 121.0591243, 14.5921575 ], [ 121.0590577, 14.5921572 ], [ 121.0589584, 14.5920637 ], [ 121.059055, 14.5919806 ], [ 121.059035, 14.5919587 ], [ 121.0590148, 14.5919366 ], [ 121.0592562, 14.591734 ], [ 121.0592309, 14.5917043 ], [ 121.0592079, 14.591677 ], [ 121.0588833, 14.5919521 ], [ 121.058701, 14.5919417 ], [ 121.0585654, 14.5918036 ], [ 121.0585454, 14.5917833 ], [ 121.0585937, 14.5917444 ], [ 121.0584809, 14.5916238 ], [ 121.0585937, 14.5916224 ], [ 121.0586445, 14.5915782 ], [ 121.0586432, 14.5914693 ], [ 121.0586419, 14.5913681 ], [ 121.058591, 14.5913186 ], [ 121.0584917, 14.5913198 ], [ 121.0584622, 14.5912849 ], [ 121.0587466, 14.5910435 ], [ 121.0587466, 14.5910073 ], [ 121.0592092, 14.5906082 ], [ 121.059637, 14.590239 ], [ 121.05968, 14.590239 ], [ 121.0599749, 14.589995 ], [ 121.0600095, 14.5900313 ], [ 121.0600116, 14.5901365 ], [ 121.0600707, 14.5901966 ], [ 121.0603072, 14.5901973 ], [ 121.0603544, 14.5901378 ], [ 121.0603551, 14.5900391 ], [ 121.0604652, 14.5901583 ], [ 121.0605865, 14.5902909 ], [ 121.0605865, 14.5904648 ], [ 121.0603854, 14.5906309 ], [ 121.0604061, 14.5906585 ], [ 121.0604283, 14.590688 ], [ 121.0605715, 14.5905735 ], [ 121.0608776, 14.5909213 ], [ 121.0600679, 14.5916005 ], [ 121.0593018, 14.5922427 ] ] ] } },
{ "type": "Feature", "properties": { "Amenity": null, "Building": null, "Landuse": null, "Name": null, "Shop": null }, "geometry": { "type": "Polygon", "coordinates": [ [ [ 121.0202811, 14.6566347 ], [ 121.0203326, 14.6568838 ], [ 121.0203931, 14.6573272 ], [ 121.0199378, 14.6573572 ], [ 121.0198394, 14.6573398 ], [ 121.0197657, 14.6572956 ], [ 121.0197036, 14.6572382 ], [ 121.0196542, 14.6571715 ], [ 121.0196142, 14.6570856 ], [ 121.0195131, 14.65681 ], [ 121.0202811, 14.6566347 ] ] ] } },
{ "type": "Feature", "properties": { "Amenity": null, "Building": null, "Landuse": null, "Name": null, "Shop": null }, "geometry": { "type": "Polygon", "coordinates": [ [ [ 121.0200959, 14.6342685 ], [ 121.0182594, 14.6336325 ], [ 121.0183203, 14.6335366 ], [ 121.0184998, 14.63326 ], [ 121.0186018, 14.6331476 ], [ 121.0186973, 14.6330906 ], [ 121.0187956, 14.6330704 ], [ 121.0189147, 14.6330846 ], [ 121.0202783, 14.63396 ], [ 121.0202242, 14.6340515 ], [ 121.0202003, 14.6340919 ], [ 121.0200959, 14.6342685 ] ] ] } },
{ "type": "Feature", "properties": { "Amenity": null, "Building": null, "Landuse": null, "Name": null, "Shop": null }, "geometry": { "type": "Polygon", "coordinates": [ [ [ 121.0717125, 14.6536351 ], [ 121.0717157, 14.6534638 ], [ 121.0717669, 14.6534647 ], [ 121.07177, 14.6532952 ], [ 121.071939, 14.6532982 ], [ 121.071936, 14.6534623 ], [ 121.0720397, 14.6534641 ], [ 121.0720403, 14.6534288 ], [ 121.072059, 14.6534291 ], [ 121.0720618, 14.6532852 ], [ 121.0722241, 14.6532882 ], [ 121.0722215, 14.653419 ], [ 121.0722431, 14.6534194 ], [ 121.0722423, 14.6534567 ], [ 121.0723051, 14.6534579 ], [ 121.0723083, 14.6532949 ], [ 121.0725143, 14.6532988 ], [ 121.072511, 14.6534669 ], [ 121.0725539, 14.6534677 ], [ 121.0725502, 14.6536501 ], [ 121.0721785, 14.6536432 ], [ 121.0717125, 14.6536351 ] ] ] } },
{ "type": "Feature", "properties": { "Amenity": null, "Building": null, "Landuse": null, "Name": null, "Shop": null }, "geometry": { "type": "Polygon", "coordinates": [ [ [ 121.0424215, 14.6393514 ], [ 121.0429043, 14.6396467 ], [ 121.0427867, 14.6398266 ], [ 121.042304, 14.6395313 ], [ 121.0424215, 14.6393514 ] ] ] } },
{ "type": "Feature", "properties": { "Amenity": null, "Building": null, "Landuse": null, "Name": null, "Shop": null }, "geometry": { "type": "Polygon", "coordinates": [ [ [ 121.0459799, 14.6529869 ], [ 121.0461344, 14.6534104 ], [ 121.0462975, 14.6537176 ], [ 121.0464605, 14.6539169 ], [ 121.0462374, 14.6541245 ], [ 121.0461601, 14.6540249 ], [ 121.0462374, 14.6539502 ], [ 121.0460314, 14.6536263 ], [ 121.0459627, 14.6536595 ], [ 121.0460743, 14.6538505 ], [ 121.0460208, 14.6539086 ], [ 121.0457225, 14.6533581 ], [ 121.0457911, 14.6533274 ], [ 121.0458941, 14.6535267 ], [ 121.0459885, 14.6534851 ], [ 121.0458254, 14.6531198 ], [ 121.0457521, 14.6531459 ], [ 121.0457194, 14.6530488 ], [ 121.0459799, 14.6529869 ] ] ] } },
{ "type": "Feature", "properties": { "Amenity": null, "Building": null, "Landuse": null, "Name": null, "Shop": null }, "geometry": { "type": "Polygon", "coordinates": [ [ [ 121.0291586, 14.6607619 ], [ 121.029304, 14.6614395 ], [ 121.0281949, 14.6616821 ], [ 121.0280218, 14.661004 ], [ 121.0291586, 14.6607619 ] ] ] } },
{ "type": "Feature", "properties": { "Amenity": null, "Building": null, "Landuse": null, "Name": null, "Shop": null }, "geometry": { "type": "Polygon", "coordinates": [ [ [ 121.0128679, 14.617491 ], [ 121.0128937, 14.6173722 ], [ 121.0130619, 14.6174065 ], [ 121.013036, 14.6175252 ], [ 121.0130248, 14.6175597 ], [ 121.0130221, 14.6175831 ], [ 121.0130811, 14.6175526 ], [ 121.0131079, 14.6175558 ], [ 121.0131247, 14.6175662 ], [ 121.013132, 14.6175857 ], [ 121.0131307, 14.617609 ], [ 121.0130774, 14.6176574 ], [ 121.0130945, 14.61767 ], [ 121.013137, 14.617693 ], [ 121.0135507, 14.6177848 ], [ 121.0135149, 14.6179357 ], [ 121.0131012, 14.6178439 ], [ 121.0130435, 14.6178244 ], [ 121.0130053, 14.6178069 ], [ 121.0129651, 14.6177849 ], [ 121.0129376, 14.6177621 ], [ 121.0129094, 14.6177375 ], [ 121.0128826, 14.6176999 ], [ 121.0128705, 14.6176609 ], [ 121.0128625, 14.6176337 ], [ 121.0128571, 14.6175921 ], [ 121.0128611, 14.617548 ], [ 121.0128679, 14.617491 ] ] ] } },
{ "type": "Feature", "properties": { "Amenity": null, "Building": null, "Landuse": null, "Name": null, "Shop": null }, "geometry": { "type": "Polygon", "coordinates": [ [ [ 121.0097639, 14.6253131 ], [ 121.0103373, 14.6258147 ], [ 121.011125, 14.6265692 ], [ 121.0097086, 14.6280536 ], [ 121.0083511, 14.6268069 ], [ 121.008372, 14.6267856 ], [ 121.0083291, 14.6267463 ], [ 121.0097639, 14.6253131 ] ] ] } },
{ "type": "Feature", "properties": { "Amenity": null, "Building": null, "Landuse": null, "Name": null, "Shop": null }, "geometry": { "type": "Polygon", "coordinates": [ [ [ 121.0098264, 14.6121133 ], [ 121.0102233, 14.6126015 ], [ 121.0094623, 14.6131813 ], [ 121.0090687, 14.6126843 ], [ 121.0098264, 14.6121133 ] ] ] } },
{ "type": "Feature", "properties": { "Amenity": null, "Building": null, "Landuse": null, "Name": null, "Shop": null }, "geometry": { "type": "Polygon", "coordinates": [ [ [ 121.0454499, 14.6363845 ], [ 121.0454965, 14.6364119 ], [ 121.0455443, 14.6364543 ], [ 121.0455675, 14.6364936 ], [ 121.045572, 14.6365605 ], [ 121.0455445, 14.6366297 ], [ 121.0455709, 14.6366463 ], [ 121.0453572, 14.6369505 ], [ 121.0450379, 14.6367616 ], [ 121.0452323, 14.6364326 ], [ 121.045259, 14.6364495 ], [ 121.0452913, 14.636417 ], [ 121.0453476, 14.6363862 ], [ 121.0454012, 14.6363807 ], [ 121.0454499, 14.6363845 ] ] ] } },
{ "type": "Feature", "properties": { "Amenity": null, "Building": null, "Landuse": null, "Name": null, "Shop": null }, "geometry": { "type": "Polygon", "coordinates": [ [ [ 121.0176183, 14.6043722 ], [ 121.0193839, 14.6029514 ], [ 121.0194262, 14.6031841 ], [ 121.0194772, 14.6033987 ], [ 121.019616, 14.6039273 ], [ 121.0199274, 14.6043802 ], [ 121.0197643, 14.6044932 ], [ 121.0194485, 14.6047221 ], [ 121.0187137, 14.605427 ], [ 121.0176183, 14.6043722 ] ] ] } },
{ "type": "Feature", "properties": { "Amenity": null, "Building": null, "Landuse": null, "Name": null, "Shop": null }, "geometry": { "type": "Polygon", "coordinates": [ [ [ 121.020184, 14.6068624 ], [ 121.020736, 14.6063238 ], [ 121.0209118, 14.6064926 ], [ 121.0208525, 14.6065504 ], [ 121.0209692, 14.6066624 ], [ 121.0207914, 14.6068358 ], [ 121.0206315, 14.6066823 ], [ 121.0203165, 14.6069896 ], [ 121.020184, 14.6068624 ] ] ] } },
{ "type": "Feature", "properties": { "Amenity": null, "Building": null, "Landuse": null, "Name": null, "Shop": null }, "geometry": { "type": "Polygon", "coordinates": [ [ [ 121.0886019, 14.688315 ], [ 121.0886019, 14.6880794 ], [ 121.0886345, 14.6880795 ], [ 121.0886345, 14.6880485 ], [ 121.0890425, 14.6880487 ], [ 121.0890424, 14.6883152 ], [ 121.0887861, 14.6883151 ], [ 121.0886449, 14.688315 ], [ 121.0886019, 14.688315 ] ] ] } },
{ "type": "Feature", "properties": { "Amenity": null, "Building": null, "Landuse": null, "Name": null, "Shop": null }, "geometry": { "type": "Polygon", "coordinates": [ [ [ 121.0879874, 14.6889983 ], [ 121.0881602, 14.6889996 ], [ 121.0881576, 14.6893285 ], [ 121.0888507, 14.6893335 ], [ 121.0888493, 14.6895036 ], [ 121.0881382, 14.6894984 ], [ 121.0881369, 14.6896686 ], [ 121.0888638, 14.6896739 ], [ 121.0888623, 14.6898606 ], [ 121.0882185, 14.6898559 ], [ 121.0882167, 14.6900853 ], [ 121.0882118, 14.690718 ], [ 121.088075, 14.690717 ], [ 121.08808, 14.6900815 ], [ 121.0880802, 14.6900535 ], [ 121.0879791, 14.6900528 ], [ 121.0879874, 14.6889983 ] ] ] } },
{ "type": "Feature", "properties": { "Amenity": null, "Building": null, "Landuse": null, "Name": null, "Shop": null }, "geometry": { "type": "Polygon", "coordinates": [ [ [ 121.0877608, 14.6902771 ], [ 121.087924, 14.690278 ], [ 121.0879206, 14.6908964 ], [ 121.0877574, 14.6908956 ], [ 121.0877608, 14.6902771 ] ] ] } },
{ "type": "Feature", "properties": { "Amenity": null, "Building": null, "Landuse": null, "Name": null, "Shop": null }, "geometry": { "type": "Polygon", "coordinates": [ [ [ 121.0961903, 14.6937082 ], [ 121.0961916, 14.693762 ], [ 121.0961918, 14.6937687 ], [ 121.096217, 14.694749 ], [ 121.0961916, 14.6948836 ], [ 121.09614, 14.6949838 ], [ 121.0945421, 14.6965876 ], [ 121.0929047, 14.6949282 ], [ 121.0928967, 14.693922 ], [ 121.0928632, 14.6932789 ], [ 121.0928525, 14.6920335 ], [ 121.0928954, 14.6918675 ], [ 121.0930027, 14.6917325 ], [ 121.0945207, 14.6901862 ], [ 121.0945722, 14.6902324 ], [ 121.0960027, 14.6916346 ], [ 121.0961111, 14.6917546 ], [ 121.0961704, 14.6919622 ], [ 121.0961851, 14.6923819 ], [ 121.096187, 14.6929069 ], [ 121.0961871, 14.6929353 ], [ 121.0961871, 14.6929544 ], [ 121.0961903, 14.6937082 ] ] ] } },
{ "type": "Feature", "properties": { "Amenity": null, "Building": null, "Landuse": null, "Name": null, "Shop": null }, "geometry": { "type": "Polygon", "coordinates": [ [ [ 121.0689566, 14.6510796 ], [ 121.0689706, 14.6510642 ], [ 121.0689554, 14.6510495 ], [ 121.0689551, 14.6510239 ], [ 121.0689298, 14.651025 ], [ 121.0689265, 14.6508781 ], [ 121.0689428, 14.6508768 ], [ 121.0689424, 14.6508624 ], [ 121.0689095, 14.6508633 ], [ 121.0689085, 14.6508302 ], [ 121.0689075, 14.6507971 ], [ 121.0689408, 14.6507966 ], [ 121.0689404, 14.6507815 ], [ 121.0689242, 14.6507815 ], [ 121.068921, 14.6505768 ], [ 121.0689717, 14.6505748 ], [ 121.0689716, 14.6505619 ], [ 121.0689437, 14.6505619 ], [ 121.0689322, 14.6505554 ], [ 121.0689307, 14.650518 ], [ 121.0689422, 14.6505079 ], [ 121.0689712, 14.6505073 ], [ 121.0689711, 14.6504906 ], [ 121.0689176, 14.650494 ], [ 121.0689137, 14.6503261 ], [ 121.0689809, 14.6503236 ], [ 121.0689799, 14.6503044 ], [ 121.0689473, 14.6503054 ], [ 121.0689377, 14.6502948 ], [ 121.0689367, 14.6502545 ], [ 121.0689473, 14.6502459 ], [ 121.0689789, 14.6502439 ], [ 121.068978, 14.6502296 ], [ 121.0690183, 14.6502286 ], [ 121.0690188, 14.6502105 ], [ 121.069195, 14.6502075 ], [ 121.0691954, 14.6502293 ], [ 121.0692721, 14.6502272 ], [ 121.0692735, 14.6503039 ], [ 121.069297, 14.6503034 ], [ 121.0693004, 14.6504759 ], [ 121.0692462, 14.6504779 ], [ 121.0692466, 14.6504944 ], [ 121.0692721, 14.6504943 ], [ 121.0692823, 14.6505032 ], [ 121.0692836, 14.6505412 ], [ 121.0692748, 14.6505494 ], [ 121.0692479, 14.6505495 ], [ 121.0692482, 14.6505634 ], [ 121.0693017, 14.6505623 ], [ 121.0693055, 14.6507722 ], [ 121.0692597, 14.6507728 ], [ 121.0692599, 14.6507869 ], [ 121.0692855, 14.6507877 ], [ 121.0692943, 14.6507965 ], [ 121.0692956, 14.6508277 ], [ 121.0692875, 14.6508352 ], [ 121.0692608, 14.6508351 ], [ 121.0692612, 14.6508507 ], [ 121.069307, 14.6508509 ], [ 121.0693104, 14.6510353 ], [ 121.0692857, 14.6510363 ], [ 121.0692869, 14.6511042 ], [ 121.0692165, 14.6511067 ], [ 121.0692164, 14.6511301 ], [ 121.0690426, 14.651133 ], [ 121.0690423, 14.651106 ], [ 121.0690167, 14.6511082 ], [ 121.0690013, 14.6510935 ], [ 121.0689866, 14.6511089 ], [ 121.0689566, 14.6510796 ] ] ] } },
{ "type": "Feature", "properties": { "Amenity": null, "Building": null, "Landuse": null, "Name": null, "Shop": null }, "geometry": { "type": "Polygon", "coordinates": [ [ [ 121.0232946, 14.624082 ], [ 121.0227471, 14.6239259 ], [ 121.0227642, 14.6238699 ], [ 121.0227442, 14.6238642 ], [ 121.0227585, 14.6238174 ], [ 121.0227795, 14.6238234 ], [ 121.0227937, 14.6237767 ], [ 121.0233401, 14.6239325 ], [ 121.0233115, 14.6240267 ], [ 121.0232946, 14.624082 ] ] ] } },
{ "type": "Feature", "properties": { "Amenity": null, "Building": null, "Landuse": null, "Name": null, "Shop": null }, "geometry": { "type": "Polygon", "coordinates": [ [ [ 121.0414918, 14.6529565 ], [ 121.0410607, 14.6521325 ], [ 121.0412421, 14.6517264 ], [ 121.0413047, 14.6515616 ], [ 121.0416146, 14.6507415 ], [ 121.0417325, 14.6504157 ], [ 121.0419179, 14.6499405 ], [ 121.0420031, 14.6496627 ], [ 121.0420589, 14.649503 ], [ 121.0420733, 14.649418 ], [ 121.0421316, 14.6490746 ], [ 121.0422563, 14.6487468 ], [ 121.0423896, 14.6485055 ], [ 121.0424713, 14.6484852 ], [ 121.042491, 14.6484803 ], [ 121.042789, 14.648585 ], [ 121.0430018, 14.648402 ], [ 121.043019, 14.6483872 ], [ 121.0433109, 14.6483972 ], [ 121.0434222, 14.6483074 ], [ 121.043517, 14.6482711 ], [ 121.044956, 14.6491524 ], [ 121.0455611, 14.6494906 ], [ 121.045595, 14.6495096 ], [ 121.0457027, 14.6495701 ], [ 121.0457259, 14.6495831 ], [ 121.0464295, 14.649977 ], [ 121.0464954, 14.6500292 ], [ 121.0465296, 14.6500673 ], [ 121.0465599, 14.6501155 ], [ 121.0465766, 14.6501582 ], [ 121.0465931, 14.6502086 ], [ 121.0466103, 14.6502619 ], [ 121.0466217, 14.6503027 ], [ 121.046633, 14.6503796 ], [ 121.0466369, 14.6504513 ], [ 121.0466291, 14.6505111 ], [ 121.0466227, 14.6505565 ], [ 121.0466139, 14.6505984 ], [ 121.0465994, 14.6506379 ], [ 121.0465836, 14.6506818 ], [ 121.0465715, 14.6507203 ], [ 121.0465473, 14.6507784 ], [ 121.0465182, 14.6508584 ], [ 121.0464935, 14.6509264 ], [ 121.0464696, 14.6510058 ], [ 121.0464472, 14.6510975 ], [ 121.0464288, 14.6511704 ], [ 121.0464118, 14.6512352 ], [ 121.0463749, 14.6513334 ], [ 121.046347, 14.6514403 ], [ 121.0463231, 14.6515407 ], [ 121.0462907, 14.6515944 ], [ 121.0462634, 14.6516331 ], [ 121.0462324, 14.6516775 ], [ 121.0461647, 14.6517585 ], [ 121.0461104, 14.6518134 ], [ 121.0460287, 14.6518911 ], [ 121.0459711, 14.6519344 ], [ 121.0459274, 14.651962 ], [ 121.045863, 14.6519948 ], [ 121.0455846, 14.6520673 ], [ 121.0454963, 14.6520855 ], [ 121.0453014, 14.6521258 ], [ 121.045256, 14.6521352 ], [ 121.0451448, 14.6521595 ], [ 121.0445712, 14.6522846 ], [ 121.0436566, 14.6524842 ], [ 121.0414918, 14.6529565 ] ] ] } },
{ "type": "Feature", "properties": { "Amenity": null, "Building": null, "Landuse": null, "Name": null, "Shop": null }, "geometry": { "type": "Polygon", "coordinates": [ [ [ 120.9954342, 14.6297517 ], [ 120.9956666, 14.6299916 ], [ 120.9957156, 14.6300319 ], [ 120.9957435, 14.630104 ], [ 120.9956032, 14.6304886 ], [ 120.9955195, 14.6304482 ], [ 120.9954679, 14.6303168 ], [ 120.9954584, 14.6301775 ], [ 120.9954256, 14.6300789 ], [ 120.9953868, 14.6299893 ], [ 120.9953711, 14.6299045 ], [ 120.9954342, 14.6297517 ] ] ] } },
{ "type": "Feature", "properties": { "Amenity": null, "Building": null, "Landuse": null, "Name": null, "Shop": null }, "geometry": { "type": "Polygon", "coordinates": [ [ [ 121.0624427, 14.6567844 ], [ 121.0628188, 14.6567819 ], [ 121.062865, 14.6567816 ], [ 121.0628985, 14.6567813 ], [ 121.0629179, 14.6567812 ], [ 121.0633595, 14.6567782 ], [ 121.063365, 14.6575391 ], [ 121.0624482, 14.6575453 ], [ 121.0624427, 14.6567844 ] ] ] } },
{ "type": "Feature", "properties": { "Amenity": null, "Building": null, "Landuse": null, "Name": null, "Shop": null }, "geometry": { "type": "Polygon", "coordinates": [ [ [ 121.0377314, 14.6715692 ], [ 121.0376288, 14.6713704 ], [ 121.0375766, 14.6712006 ], [ 121.0375048, 14.6711078 ], [ 121.0374337, 14.6710403 ], [ 121.0372968, 14.6709741 ], [ 121.0372166, 14.6709591 ], [ 121.0374168, 14.6705106 ], [ 121.0380607, 14.6707757 ], [ 121.0387009, 14.6709915 ], [ 121.0386575, 14.6710579 ], [ 121.0385549, 14.6711117 ], [ 121.0383578, 14.6712084 ], [ 121.0383289, 14.6711642 ], [ 121.0381754, 14.6712752 ], [ 121.0377314, 14.6715692 ] ] ] } },
{ "type": "Feature", "properties": { "Amenity": null, "Building": null, "Landuse": null, "Name": null, "Shop": null }, "geometry": { "type": "Polygon", "coordinates": [ [ [ 121.0699057, 14.6966 ], [ 121.0699101, 14.6951433 ], [ 121.0706159, 14.6951329 ], [ 121.0713544, 14.6966284 ], [ 121.0713201, 14.6966796 ], [ 121.071249, 14.6967269 ], [ 121.0710666, 14.6967772 ], [ 121.0707091, 14.6968004 ], [ 121.0700455, 14.6965904 ], [ 121.0699057, 14.6966 ] ] ] } },
{ "type": "Feature", "properties": { "Amenity": null, "Building": null, "Landuse": null, "Name": null, "Shop": null }, "geometry": { "type": "Polygon", "coordinates": [ [ [ 121.0505114, 14.6228768 ], [ 121.0506327, 14.6226323 ], [ 121.0509029, 14.6220917 ], [ 121.0513576, 14.6222694 ], [ 121.0509981, 14.6230878 ], [ 121.0505999, 14.6229209 ], [ 121.0505114, 14.6228768 ] ] ] } },
{ "type": "Feature", "properties": { "Amenity": null, "Building": null, "Landuse": null, "Name": null, "Shop": null }, "geometry": { "type": "Polygon", "coordinates": [ [ [ 121.0529534, 14.6252968 ], [ 121.0537581, 14.6236942 ], [ 121.0546459, 14.6241043 ], [ 121.0538762, 14.625703 ], [ 121.0529534, 14.6252968 ] ] ] } },
{ "type": "Feature", "properties": { "Amenity": null, "Building": null, "Landuse": null, "Name": null, "Shop": null }, "geometry": { "type": "Polygon", "coordinates": [ [ [ 121.0533146, 14.6201347 ], [ 121.0532654, 14.6202247 ], [ 121.0531843, 14.6202456 ], [ 121.0531069, 14.6202794 ], [ 121.0530411, 14.6203216 ], [ 121.0530025, 14.6203538 ], [ 121.052899, 14.620307 ], [ 121.0527366, 14.6202337 ], [ 121.0532652, 14.6192175 ], [ 121.0532805, 14.6192113 ], [ 121.0532939, 14.6192072 ], [ 121.0536701, 14.619392 ], [ 121.0533146, 14.6201347 ] ] ] } },
{ "type": "Feature", "properties": { "Amenity": null, "Building": null, "Landuse": null, "Name": null, "Shop": null }, "geometry": { "type": "Polygon", "coordinates": [ [ [ 121.0367909, 14.7065191 ], [ 121.0369499, 14.705402 ], [ 121.0373976, 14.7054977 ], [ 121.0373951, 14.7056793 ], [ 121.0380239, 14.7056038 ], [ 121.0381329, 14.7058815 ], [ 121.0367909, 14.7065191 ] ] ] } },
{ "type": "Feature", "properties": { "Amenity": null, "Building": null, "Landuse": null, "Name": null, "Shop": null }, "geometry": { "type": "Polygon", "coordinates": [ [ [ 121.0392019, 14.7097385 ], [ 121.0385083, 14.7097541 ], [ 121.0385451, 14.7092423 ], [ 121.0390974, 14.7092662 ], [ 121.0392019, 14.7097385 ] ] ] } },
{ "type": "Feature", "properties": { "Amenity": null, "Building": null, "Landuse": null, "Name": null, "Shop": null }, "geometry": { "type": "Polygon", "coordinates": [ [ [ 121.0721308, 14.6304922 ], [ 121.0721777, 14.6304053 ], [ 121.0723615, 14.6300536 ], [ 121.0725094, 14.6297658 ], [ 121.072804, 14.6292092 ], [ 121.0732193, 14.6284968 ], [ 121.0736484, 14.6285167 ], [ 121.07396, 14.6285533 ], [ 121.0739373, 14.6286755 ], [ 121.0728358, 14.6306293 ], [ 121.07277, 14.6307553 ], [ 121.0727566, 14.6307822 ], [ 121.0725166, 14.6306709 ], [ 121.0721308, 14.6304922 ] ] ] } },
{ "type": "Feature", "properties": { "Amenity": null, "Building": null, "Landuse": null, "Name": null, "Shop": null }, "geometry": { "type": "Polygon", "coordinates": [ [ [ 121.0660523, 14.6353123 ], [ 121.0662025, 14.6346168 ], [ 121.0675436, 14.6347414 ], [ 121.0675436, 14.6349282 ], [ 121.0674041, 14.6350749 ], [ 121.0660523, 14.6353123 ] ] ] } },
{ "type": "Feature", "properties": { "Amenity": null, "Building": null, "Landuse": null, "Name": null, "Shop": null }, "geometry": { "type": "Polygon", "coordinates": [ [ [ 121.0616328, 14.6268528 ], [ 121.0617729, 14.6265746 ], [ 121.0623505, 14.6268513 ], [ 121.0622103, 14.6271295 ], [ 121.0616328, 14.6268528 ] ] ] } },
{ "type": "Feature", "properties": { "Amenity": null, "Building": null, "Landuse": null, "Name": null, "Shop": null }, "geometry": { "type": "Polygon", "coordinates": [ [ [ 121.0611313, 14.6214315 ], [ 121.0618287, 14.6216505 ], [ 121.0618459, 14.6216708 ], [ 121.0618541, 14.6217074 ], [ 121.0614461, 14.6225618 ], [ 121.0608579, 14.6223111 ], [ 121.0610866, 14.6215752 ], [ 121.0611313, 14.6214315 ] ] ] } },
{ "type": "Feature", "properties": { "Amenity": null, "Building": null, "Landuse": null, "Name": null, "Shop": null }, "geometry": { "type": "Polygon", "coordinates": [ [ [ 121.0693324, 14.625197 ], [ 121.0698547, 14.6251993 ], [ 121.069852, 14.6254326 ], [ 121.0698264, 14.625805 ], [ 121.0693243, 14.6258215 ], [ 121.0693324, 14.625197 ] ] ] } },
{ "type": "Feature", "properties": { "Amenity": null, "Building": null, "Landuse": null, "Name": null, "Shop": null }, "geometry": { "type": "Polygon", "coordinates": [ [ [ 121.0687346, 14.6251353 ], [ 121.0688343, 14.6251036 ], [ 121.0689189, 14.6250584 ], [ 121.0690312, 14.6249823 ], [ 121.0691587, 14.6248965 ], [ 121.0693324, 14.625197 ], [ 121.0693243, 14.6258215 ], [ 121.0690787, 14.6257695 ], [ 121.0686823, 14.6256583 ], [ 121.0686396, 14.6256264 ], [ 121.0686363, 14.6251531 ], [ 121.0687346, 14.6251353 ] ] ] } },
{ "type": "Feature", "properties": { "Amenity": null, "Building": null, "Landuse": null, "Name": null, "Shop": null }, "geometry": { "type": "Polygon", "coordinates": [ [ [ 121.0748291, 14.6416093 ], [ 121.0749592, 14.6417981 ], [ 121.0753387, 14.641981 ], [ 121.0754983, 14.6421419 ], [ 121.0756096, 14.642345 ], [ 121.0756297, 14.6423541 ], [ 121.0756572, 14.6423528 ], [ 121.0759315, 14.6421354 ], [ 121.0761702, 14.6421653 ], [ 121.0763848, 14.6420848 ], [ 121.0766838, 14.6421043 ], [ 121.0768193, 14.6420706 ], [ 121.0769387, 14.6420718 ], [ 121.0770567, 14.6420225 ], [ 121.0771848, 14.6420459 ], [ 121.077347, 14.6421354 ], [ 121.0780182, 14.6421782 ], [ 121.078316, 14.6421562 ], [ 121.0785761, 14.642151 ], [ 121.0787599, 14.6421549 ], [ 121.0789114, 14.6421795 ], [ 121.079067, 14.6422483 ], [ 121.0793097, 14.6423884 ], [ 121.0796168, 14.6425623 ], [ 121.0799803, 14.6427557 ], [ 121.0800291, 14.64378 ], [ 121.0795681, 14.643703 ], [ 121.0794808, 14.6440363 ], [ 121.0794284, 14.6442752 ], [ 121.0794157, 14.6446734 ], [ 121.0791449, 14.6449811 ], [ 121.0789597, 14.6451872 ], [ 121.0788245, 14.6451061 ], [ 121.07867, 14.6450173 ], [ 121.0785077, 14.644942 ], [ 121.0782181, 14.6449018 ], [ 121.0778922, 14.6449251 ], [ 121.0776173, 14.6449693 ], [ 121.077282, 14.6451055 ], [ 121.0769816, 14.6453676 ], [ 121.0766275, 14.6457711 ], [ 121.0761936, 14.6460335 ], [ 121.0755372, 14.6461721 ], [ 121.0751563, 14.6462123 ], [ 121.0745689, 14.6462473 ], [ 121.0746574, 14.6455583 ], [ 121.0746894, 14.6455587 ], [ 121.0746923, 14.6455209 ], [ 121.0746966, 14.645473 ], [ 121.0746682, 14.6454688 ], [ 121.0748063, 14.6444996 ], [ 121.0748304, 14.6444788 ], [ 121.074872, 14.6442349 ], [ 121.0750061, 14.6442323 ], [ 121.0750079, 14.6441897 ], [ 121.0750088, 14.6441661 ], [ 121.0748827, 14.6441687 ], [ 121.0748439, 14.6441518 ], [ 121.074874, 14.6439055 ], [ 121.0749069, 14.6432215 ], [ 121.074876, 14.6428997 ], [ 121.0749941, 14.6428867 ], [ 121.0749902, 14.6428611 ], [ 121.0749677, 14.6427124 ], [ 121.0749605, 14.6426648 ], [ 121.0748345, 14.6425987 ], [ 121.0747983, 14.6419966 ], [ 121.074756, 14.6415956 ], [ 121.0748291, 14.6416093 ] ] ] } },
{ "type": "Feature", "properties": { "Amenity": null, "Building": null, "Landuse": null, "Name": null, "Shop": null }, "geometry": { "type": "Polygon", "coordinates": [ [ [ 121.0688278, 14.6256827 ], [ 121.0688542, 14.6255828 ], [ 121.0690044, 14.6256199 ], [ 121.068978, 14.6257198 ], [ 121.0688278, 14.6256827 ] ] ] } },
{ "type": "Feature", "properties": { "Amenity": null, "Building": null, "Landuse": null, "Name": null, "Shop": null }, "geometry": { "type": "Polygon", "coordinates": [ [ [ 121.0689797, 14.6230466 ], [ 121.0690656, 14.6226422 ], [ 121.0691705, 14.6226634 ], [ 121.06917, 14.6226531 ], [ 121.0692756, 14.622673 ], [ 121.0693037, 14.6227326 ], [ 121.06923, 14.6231008 ], [ 121.0691155, 14.6230893 ], [ 121.0689797, 14.6230466 ] ] ] } },
{ "type": "Feature", "properties": { "Amenity": null, "Building": null, "Landuse": null, "Name": null, "Shop": null }, "geometry": { "type": "Polygon", "coordinates": [ [ [ 121.0652561, 14.624322 ], [ 121.0650918, 14.624207 ], [ 121.0651425, 14.6241393 ], [ 121.0653067, 14.6242543 ], [ 121.0652561, 14.624322 ] ] ] } },
{ "type": "Feature", "properties": { "Amenity": null, "Building": null, "Landuse": null, "Name": null, "Shop": null }, "geometry": { "type": "Polygon", "coordinates": [ [ [ 121.0692646, 14.6241635 ], [ 121.0691546, 14.6239747 ], [ 121.0692509, 14.6239222 ], [ 121.0693609, 14.6241111 ], [ 121.0692646, 14.6241635 ] ] ] } },
{ "type": "Feature", "properties": { "Amenity": null, "Building": null, "Landuse": null, "Name": null, "Shop": null }, "geometry": { "type": "Polygon", "coordinates": [ [ [ 121.068172, 14.6228411 ], [ 121.0681721, 14.6226966 ], [ 121.0682695, 14.6226966 ], [ 121.0682694, 14.6228411 ], [ 121.068172, 14.6228411 ] ] ] } },
{ "type": "Feature", "properties": { "Amenity": null, "Building": null, "Landuse": null, "Name": null, "Shop": null }, "geometry": { "type": "Polygon", "coordinates": [ [ [ 121.0625098, 14.6266525 ], [ 121.0617287, 14.62627 ], [ 121.061428, 14.62685 ], [ 121.0614044, 14.6268451 ], [ 121.0610129, 14.6266457 ], [ 121.0613699, 14.6259347 ], [ 121.0609099, 14.6257133 ], [ 121.0610247, 14.6254677 ], [ 121.0613557, 14.6247692 ], [ 121.0613672, 14.6247449 ], [ 121.062212, 14.6251699 ], [ 121.0624965, 14.6245028 ], [ 121.062668, 14.6245983 ], [ 121.0627438, 14.6244505 ], [ 121.0630251, 14.6245445 ], [ 121.0629464, 14.6247576 ], [ 121.0628715, 14.6250294 ], [ 121.0628593, 14.6252208 ], [ 121.0628772, 14.6253133 ], [ 121.0630596, 14.6254859 ], [ 121.063072, 14.6255938 ], [ 121.0625098, 14.6266525 ] ] ] } },
{ "type": "Feature", "properties": { "Amenity": null, "Building": null, "Landuse": null, "Name": null, "Shop": null }, "geometry": { "type": "Polygon", "coordinates": [ [ [ 121.0573258, 14.6208832 ], [ 121.058744, 14.6214749 ], [ 121.0585673, 14.6218858 ], [ 121.0570308, 14.6212035 ], [ 121.0573258, 14.6208832 ] ] ] } },
{ "type": "Feature", "properties": { "Amenity": null, "Building": null, "Landuse": null, "Name": null, "Shop": null }, "geometry": { "type": "Polygon", "coordinates": [ [ [ 121.0400407, 14.721102 ], [ 121.0404727, 14.7211441 ], [ 121.0405378, 14.7212977 ], [ 121.040445, 14.721767 ], [ 121.0399594, 14.7217114 ], [ 121.0400407, 14.721102 ] ] ] } },
{ "type": "Feature", "properties": { "Amenity": null, "Building": null, "Landuse": null, "Name": null, "Shop": null }, "geometry": { "type": "Polygon", "coordinates": [ [ [ 121.0352775, 14.641959 ], [ 121.0357951, 14.6422683 ], [ 121.0355413, 14.642644 ], [ 121.0352761, 14.6424841 ], [ 121.0352456, 14.6425282 ], [ 121.0351979, 14.6425021 ], [ 121.0352277, 14.6424516 ], [ 121.0350408, 14.6423266 ], [ 121.0352775, 14.641959 ] ] ] } },
{ "type": "Feature", "properties": { "Amenity": null, "Building": null, "Landuse": null, "Name": null, "Shop": null }, "geometry": { "type": "Polygon", "coordinates": [ [ [ 121.0432469, 14.6396365 ], [ 121.0427477, 14.6403927 ], [ 121.0424868, 14.6402315 ], [ 121.0418612, 14.6398449 ], [ 121.0421393, 14.6394238 ], [ 121.0423605, 14.6390886 ], [ 121.0432469, 14.6396365 ] ] ] } },
{ "type": "Feature", "properties": { "Amenity": null, "Building": null, "Landuse": null, "Name": null, "Shop": null }, "geometry": { "type": "Polygon", "coordinates": [ [ [ 121.0558422, 14.7344477 ], [ 121.0557934, 14.7343925 ], [ 121.0557573, 14.7343238 ], [ 121.0557479, 14.7341967 ], [ 121.0557613, 14.7340372 ], [ 121.055761, 14.7339371 ], [ 121.0556656, 14.7330495 ], [ 121.0555646, 14.7321719 ], [ 121.0555291, 14.7317534 ], [ 121.0556138, 14.7317576 ], [ 121.0581149, 14.7320048 ], [ 121.0582885, 14.7320137 ], [ 121.0610884, 14.7320115 ], [ 121.0610603, 14.7349112 ], [ 121.0610568, 14.7351925 ], [ 121.0607695, 14.7351945 ], [ 121.0605708, 14.7351549 ], [ 121.0599992, 14.7351513 ], [ 121.0590094, 14.7351362 ], [ 121.0578993, 14.7351247 ], [ 121.0574723, 14.7349992 ], [ 121.0563823, 14.7346461 ], [ 121.0561301, 14.7345728 ], [ 121.0558927, 14.7344834 ], [ 121.0558422, 14.7344477 ] ] ] } },
{ "type": "Feature", "properties": { "Amenity": null, "Building": null, "Landuse": null, "Name": null, "Shop": null }, "geometry": { "type": "Polygon", "coordinates": [ [ [ 121.0669453, 14.7334219 ], [ 121.0673796, 14.7337077 ], [ 121.0673855, 14.7338858 ], [ 121.0673729, 14.7350346 ], [ 121.066649, 14.735043 ], [ 121.0665671, 14.7348757 ], [ 121.0664914, 14.7347576 ], [ 121.0664812, 14.7340581 ], [ 121.0664848, 14.7336429 ], [ 121.0666924, 14.7337592 ], [ 121.0668176, 14.7336023 ], [ 121.0669453, 14.7334219 ] ] ] } },
{ "type": "Feature", "properties": { "Amenity": null, "Building": null, "Landuse": null, "Name": null, "Shop": null }, "geometry": { "type": "Polygon", "coordinates": [ [ [ 121.0445122, 14.675754 ], [ 121.0439898, 14.675898 ], [ 121.0439272, 14.6757878 ], [ 121.0438475, 14.6756606 ], [ 121.0443917, 14.6756032 ], [ 121.0445122, 14.675754 ] ] ] } },
{ "type": "Feature", "properties": { "Amenity": null, "Building": null, "Landuse": null, "Name": null, "Shop": null }, "geometry": { "type": "Polygon", "coordinates": [ [ [ 121.0434393, 14.6756794 ], [ 121.0434812, 14.6760975 ], [ 121.0432453, 14.6761358 ], [ 121.0432219, 14.675993 ], [ 121.0432363, 14.675991 ], [ 121.0432176, 14.6758357 ], [ 121.0431273, 14.6758429 ], [ 121.0431141, 14.6757094 ], [ 121.0434393, 14.6756794 ] ] ] } },
{ "type": "Feature", "properties": { "Amenity": null, "Building": null, "Landuse": null, "Name": null, "Shop": null }, "geometry": { "type": "Polygon", "coordinates": [ [ [ 121.0437944, 14.6756632 ], [ 121.0437707, 14.6754523 ], [ 121.0439906, 14.6754307 ], [ 121.0439694, 14.675221 ], [ 121.0441229, 14.6751983 ], [ 121.0441906, 14.6756214 ], [ 121.0437944, 14.6756632 ] ] ] } },
{ "type": "Feature", "properties": { "Amenity": null, "Building": null, "Landuse": null, "Name": null, "Shop": null }, "geometry": { "type": "Polygon", "coordinates": [ [ [ 121.0463136, 14.6850583 ], [ 121.0464721, 14.6850503 ], [ 121.046476, 14.6851363 ], [ 121.0463175, 14.6851443 ], [ 121.0463136, 14.6850583 ] ] ] } },
{ "type": "Feature", "properties": { "Amenity": null, "Building": null, "Landuse": null, "Name": null, "Shop": null }, "geometry": { "type": "Polygon", "coordinates": [ [ [ 121.04581, 14.6539631 ], [ 121.0461629, 14.6542473 ], [ 121.0460104, 14.6544095 ], [ 121.0456654, 14.6541539 ], [ 121.04581, 14.6539631 ] ] ] } },
{ "type": "Feature", "properties": { "Amenity": null, "Building": null, "Landuse": null, "Name": null, "Shop": null }, "geometry": { "type": "Polygon", "coordinates": [ [ [ 121.0450647, 14.6550501 ], [ 121.046241, 14.6557329 ], [ 121.0453899, 14.6572261 ], [ 121.0451918, 14.6571562 ], [ 121.0444131, 14.6569447 ], [ 121.0440192, 14.656884 ], [ 121.043428, 14.6545344 ], [ 121.0441108, 14.6543775 ], [ 121.0441646, 14.6546006 ], [ 121.0442595, 14.6551505 ], [ 121.0446187, 14.6553988 ], [ 121.044769, 14.6551717 ], [ 121.0449449, 14.6551773 ], [ 121.0450647, 14.6550501 ] ] ] } },
{ "type": "Feature", "properties": { "Amenity": null, "Building": null, "Landuse": null, "Name": null, "Shop": null }, "geometry": { "type": "Polygon", "coordinates": [ [ [ 121.0174135, 14.6558938 ], [ 121.0173244, 14.6556245 ], [ 121.0174869, 14.6555742 ], [ 121.0175759, 14.6558435 ], [ 121.0174135, 14.6558938 ] ] ] } },
{ "type": "Feature", "properties": { "Amenity": null, "Building": null, "Landuse": null, "Name": null, "Shop": null }, "geometry": { "type": "Polygon", "coordinates": [ [ [ 121.0457135, 14.6443212 ], [ 121.0440764, 14.6453998 ], [ 121.0440229, 14.6454351 ], [ 121.0437718, 14.6456005 ], [ 121.0427271, 14.6442956 ], [ 121.0429627, 14.644073 ], [ 121.0433064, 14.6437482 ], [ 121.0443106, 14.6429566 ], [ 121.0443661, 14.6429166 ], [ 121.0444383, 14.6428646 ], [ 121.0445891, 14.6427507 ], [ 121.0457135, 14.6443212 ] ] ] } },
{ "type": "Feature", "properties": { "Amenity": null, "Building": null, "Landuse": null, "Name": null, "Shop": null }, "geometry": { "type": "Polygon", "coordinates": [ [ [ 121.0445526, 14.6532143 ], [ 121.0445973, 14.6534142 ], [ 121.0439618, 14.6535474 ], [ 121.0439171, 14.6533474 ], [ 121.0445526, 14.6532143 ] ] ] } },
{ "type": "Feature", "properties": { "Amenity": null, "Building": null, "Landuse": null, "Name": null, "Shop": null }, "geometry": { "type": "Polygon", "coordinates": [ [ [ 121.0286806, 14.6229394 ], [ 121.0289574, 14.6231014 ], [ 121.0289237, 14.6231517 ], [ 121.0286911, 14.62307 ], [ 121.0287064, 14.6229958 ], [ 121.0286806, 14.6229394 ] ] ] } },
{ "type": "Feature", "properties": { "Amenity": null, "Building": null, "Landuse": null, "Name": null, "Shop": null }, "geometry": { "type": "Polygon", "coordinates": [ [ [ 121.0397299, 14.6489829 ], [ 121.0404742, 14.6492002 ], [ 121.0409861, 14.6492803 ], [ 121.0420589, 14.649503 ], [ 121.0420031, 14.6496627 ], [ 121.0419179, 14.6499405 ], [ 121.0417325, 14.6504157 ], [ 121.0416146, 14.6507415 ], [ 121.0413047, 14.6515616 ], [ 121.0412421, 14.6517264 ], [ 121.0410607, 14.6521325 ], [ 121.0398322, 14.6524 ], [ 121.0394601, 14.6524802 ], [ 121.0390647, 14.6525734 ], [ 121.0389867, 14.6525785 ], [ 121.0388771, 14.6525124 ], [ 121.0389117, 14.6522988 ], [ 121.0389839, 14.6518437 ], [ 121.0391275, 14.6511 ], [ 121.0393266, 14.6502622 ], [ 121.0394464, 14.6498653 ], [ 121.0394732, 14.649782 ], [ 121.0397299, 14.6489829 ] ] ] } },
{ "type": "Feature", "properties": { "Amenity": null, "Building": null, "Landuse": null, "Name": null, "Shop": null }, "geometry": { "type": "Polygon", "coordinates": [ [ [ 121.0511303, 14.621632 ], [ 121.0514633, 14.6209405 ], [ 121.0514883, 14.620955 ], [ 121.0515113, 14.6209091 ], [ 121.0515395, 14.6208883 ], [ 121.0515811, 14.6208831 ], [ 121.0516411, 14.6209038 ], [ 121.051656, 14.6208816 ], [ 121.0517559, 14.620933 ], [ 121.0516569, 14.6211424 ], [ 121.0520177, 14.6213145 ], [ 121.0519115, 14.621523 ], [ 121.0515606, 14.6213557 ], [ 121.0512867, 14.6218726 ], [ 121.0512056, 14.6218239 ], [ 121.051223, 14.6217798 ], [ 121.0511734, 14.6217656 ], [ 121.0511345, 14.6217266 ], [ 121.0511372, 14.6216838 ], [ 121.0511533, 14.621654 ], [ 121.0511303, 14.621632 ] ] ] } },
{ "type": "Feature", "properties": { "Amenity": null, "Building": null, "Landuse": null, "Name": null, "Shop": null }, "geometry": { "type": "Polygon", "coordinates": [ [ [ 121.0651627, 14.6121857 ], [ 121.0650858, 14.6125325 ], [ 121.0652959, 14.6125876 ], [ 121.0651759, 14.6131891 ], [ 121.064322, 14.612995 ], [ 121.0645375, 14.6120453 ], [ 121.0651627, 14.6121857 ] ] ] } },
{ "type": "Feature", "properties": { "Amenity": null, "Building": null, "Landuse": null, "Name": null, "Shop": null }, "geometry": { "type": "Polygon", "coordinates": [ [ [ 121.0027534, 14.6199822 ], [ 121.0026569, 14.6201795 ], [ 121.0023243, 14.6200341 ], [ 121.0024208, 14.6198369 ], [ 121.0027534, 14.6199822 ] ] ] } },
{ "type": "Feature", "properties": { "Amenity": null, "Building": null, "Landuse": null, "Name": null, "Shop": null }, "geometry": { "type": "Polygon", "coordinates": [ [ [ 120.9999329, 14.6228612 ], [ 120.9995839, 14.6235681 ], [ 120.9991002, 14.6233453 ], [ 120.9994437, 14.6226461 ], [ 120.9999329, 14.6228612 ] ] ] } },
{ "type": "Feature", "properties": { "Amenity": null, "Building": null, "Landuse": null, "Name": null, "Shop": null }, "geometry": { "type": "Polygon", "coordinates": [ [ [ 121.0129493, 14.6223338 ], [ 121.0130815, 14.6224555 ], [ 121.0124425, 14.623106 ], [ 121.0122954, 14.6229708 ], [ 121.0118192, 14.6225328 ], [ 121.0124583, 14.6218822 ], [ 121.0127674, 14.6221665 ], [ 121.0129493, 14.6223338 ] ] ] } },
{ "type": "Feature", "properties": { "Amenity": null, "Building": null, "Landuse": null, "Name": null, "Shop": null }, "geometry": { "type": "Polygon", "coordinates": [ [ [ 121.0132614, 14.6213074 ], [ 121.01332, 14.6218816 ], [ 121.0133509, 14.6219076 ], [ 121.0133993, 14.6222309 ], [ 121.0131792, 14.6222606 ], [ 121.0130584, 14.6222329 ], [ 121.0129567, 14.6223286 ], [ 121.0127684, 14.622161 ], [ 121.0124617, 14.6218783 ], [ 121.0128687, 14.6214741 ], [ 121.0131584, 14.621308 ], [ 121.0132614, 14.6213074 ] ] ] } },
{ "type": "Feature", "properties": { "Amenity": null, "Building": null, "Landuse": null, "Name": null, "Shop": null }, "geometry": { "type": "Polygon", "coordinates": [ [ [ 120.9949921, 14.6322989 ], [ 120.9946949, 14.6332959 ], [ 120.994138, 14.6331011 ], [ 120.9944091, 14.6321207 ], [ 120.9949921, 14.6322989 ] ] ] } },
{ "type": "Feature", "properties": { "Amenity": null, "Building": null, "Landuse": null, "Name": null, "Shop": null }, "geometry": { "type": "Polygon", "coordinates": [ [ [ 121.0522606, 14.6536723 ], [ 121.0524645, 14.6537885 ], [ 121.0523612, 14.6539451 ], [ 121.0521525, 14.6538114 ], [ 121.0522606, 14.6536723 ] ] ] } },
{ "type": "Feature", "properties": { "Amenity": null, "Building": null, "Landuse": null, "Name": null, "Shop": null }, "geometry": { "type": "Polygon", "coordinates": [ [ [ 121.047909, 14.6386932 ], [ 121.047943, 14.6388376 ], [ 121.0482933, 14.6404571 ], [ 121.0469579, 14.6407508 ], [ 121.0465502, 14.6389833 ], [ 121.047385, 14.6388002 ], [ 121.047909, 14.6386932 ] ] ] } },
{ "type": "Feature", "properties": { "Amenity": null, "Building": null, "Landuse": null, "Name": null, "Shop": null }, "geometry": { "type": "Polygon", "coordinates": [ [ [ 121.0436814, 14.6351717 ], [ 121.0444636, 14.6356164 ], [ 121.0448699, 14.6358409 ], [ 121.0444974, 14.6364573 ], [ 121.0433457, 14.6357367 ], [ 121.0436565, 14.6352179 ], [ 121.0436814, 14.6351717 ] ] ] } },
{ "type": "Feature", "properties": { "Amenity": null, "Building": null, "Landuse": null, "Name": null, "Shop": null }, "geometry": { "type": "Polygon", "coordinates": [ [ [ 121.0244621, 14.6363901 ], [ 121.0241844, 14.6368098 ], [ 121.0239447, 14.6366613 ], [ 121.0242224, 14.6362416 ], [ 121.0244621, 14.6363901 ] ] ] } },
{ "type": "Feature", "properties": { "Amenity": null, "Building": null, "Landuse": null, "Name": null, "Shop": null }, "geometry": { "type": "Polygon", "coordinates": [ [ [ 121.0154797, 14.6289341 ], [ 121.0155307, 14.629033 ], [ 121.0152198, 14.6292049 ], [ 121.0150155, 14.6293877 ], [ 121.0149111, 14.629557 ], [ 121.0147824, 14.6294428 ], [ 121.0150506, 14.6291521 ], [ 121.0154797, 14.6289341 ] ] ] } },
{ "type": "Feature", "properties": { "Amenity": null, "Building": null, "Landuse": null, "Name": null, "Shop": null }, "geometry": { "type": "Polygon", "coordinates": [ [ [ 121.0469956, 14.6290206 ], [ 121.0473661, 14.6291817 ], [ 121.0472554, 14.6294201 ], [ 121.0468849, 14.629259 ], [ 121.0469956, 14.6290206 ] ] ] } },
{ "type": "Feature", "properties": { "Amenity": null, "Building": null, "Landuse": null, "Name": null, "Shop": null }, "geometry": { "type": "Polygon", "coordinates": [ [ [ 121.0492012, 14.6241642 ], [ 121.0497737, 14.6244106 ], [ 121.0495428, 14.6249033 ], [ 121.0489774, 14.6246565 ], [ 121.0490423, 14.6245138 ], [ 121.0492012, 14.6241642 ] ] ] } },
{ "type": "Feature", "properties": { "Amenity": null, "Building": null, "Landuse": null, "Name": null, "Shop": null }, "geometry": { "type": "Polygon", "coordinates": [ [ [ 121.051737, 14.6186233 ], [ 121.0518755, 14.6187018 ], [ 121.0516928, 14.6190058 ], [ 121.051607, 14.6189435 ], [ 121.051737, 14.6186233 ] ] ] } },
{ "type": "Feature", "properties": { "Amenity": null, "Building": null, "Landuse": null, "Name": null, "Shop": null }, "geometry": { "type": "Polygon", "coordinates": [ [ [ 121.053993, 14.6117353 ], [ 121.054309, 14.6118727 ], [ 121.0542465, 14.6120113 ], [ 121.0539305, 14.611874 ], [ 121.053993, 14.6117353 ] ] ] } },
{ "type": "Feature", "properties": { "Amenity": null, "Building": null, "Landuse": null, "Name": null, "Shop": null }, "geometry": { "type": "Polygon", "coordinates": [ [ [ 121.0535183, 14.6510764 ], [ 121.0534505, 14.6516385 ], [ 121.0533978, 14.6518692 ], [ 121.0533048, 14.6521254 ], [ 121.0532637, 14.6522506 ], [ 121.0528054, 14.6521968 ], [ 121.05208, 14.6520785 ], [ 121.0521219, 14.6519518 ], [ 121.0521698, 14.6517588 ], [ 121.052186, 14.6517005 ], [ 121.0522224, 14.6514956 ], [ 121.052241, 14.6513642 ], [ 121.0522555, 14.6512371 ], [ 121.052266, 14.6510762 ], [ 121.052269, 14.6510018 ], [ 121.0535183, 14.6510764 ] ] ] } },
{ "type": "Feature", "properties": { "Amenity": null, "Building": null, "Landuse": null, "Name": null, "Shop": null }, "geometry": { "type": "Polygon", "coordinates": [ [ [ 121.0448338, 14.6409802 ], [ 121.0444625, 14.6412544 ], [ 121.0448239, 14.641752 ], [ 121.0449003, 14.6416943 ], [ 121.0451002, 14.6419765 ], [ 121.0444857, 14.6423813 ], [ 121.0444408, 14.6424098 ], [ 121.0442543, 14.6422011 ], [ 121.0434617, 14.6413128 ], [ 121.0441697, 14.6407832 ], [ 121.0443432, 14.6408127 ], [ 121.0448338, 14.6409802 ] ] ] } },
{ "type": "Feature", "properties": { "Amenity": null, "Building": null, "Landuse": null, "Name": null, "Shop": null }, "geometry": { "type": "Polygon", "coordinates": [ [ [ 121.0434617, 14.6413128 ], [ 121.0442543, 14.6422011 ], [ 121.0444408, 14.6424098 ], [ 121.0443843, 14.6424483 ], [ 121.0431764, 14.6434174 ], [ 121.0425688, 14.6439481 ], [ 121.0425206, 14.6439546 ], [ 121.0424888, 14.6439415 ], [ 121.0421078, 14.6434734 ], [ 121.0417721, 14.6430259 ], [ 121.0417172, 14.6428543 ], [ 121.0416958, 14.6427193 ], [ 121.0417062, 14.6425987 ], [ 121.0417454, 14.6424585 ], [ 121.0418406, 14.6422561 ], [ 121.0427767, 14.6407896 ], [ 121.0433527, 14.6411921 ], [ 121.0434617, 14.6413128 ] ] ] } },
{ "type": "Feature", "properties": { "Amenity": null, "Building": null, "Landuse": null, "Name": null, "Shop": null }, "geometry": { "type": "Polygon", "coordinates": [ [ [ 121.0467905, 14.6342131 ], [ 121.0470253, 14.6351298 ], [ 121.0472284, 14.635979 ], [ 121.0467778, 14.636074 ], [ 121.0459188, 14.6362637 ], [ 121.0457275, 14.6354494 ], [ 121.0459826, 14.6354039 ], [ 121.0461987, 14.6352613 ], [ 121.0460814, 14.6346177 ], [ 121.0455582, 14.6347227 ], [ 121.0455134, 14.6345352 ], [ 121.0461798, 14.6343753 ], [ 121.0467685, 14.6341677 ], [ 121.0467905, 14.6342131 ] ] ] } },
{ "type": "Feature", "properties": { "Amenity": null, "Building": null, "Landuse": null, "Name": null, "Shop": null }, "geometry": { "type": "Polygon", "coordinates": [ [ [ 121.0530287, 14.6543457 ], [ 121.0529804, 14.6544109 ], [ 121.0526408, 14.6541757 ], [ 121.0526891, 14.6541105 ], [ 121.0530287, 14.6543457 ] ] ] } },
{ "type": "Feature", "properties": { "Amenity": null, "Building": null, "Landuse": null, "Name": null, "Shop": null }, "geometry": { "type": "Polygon", "coordinates": [ [ [ 121.0578936, 14.6532363 ], [ 121.0579129, 14.6531295 ], [ 121.0580093, 14.6531462 ], [ 121.0580183, 14.6531478 ], [ 121.0584543, 14.6532209 ], [ 121.0586157, 14.6532511 ], [ 121.0584422, 14.6541489 ], [ 121.0581092, 14.6541288 ], [ 121.0579219, 14.654018 ], [ 121.0576135, 14.6539559 ], [ 121.0577304, 14.6532857 ], [ 121.0577413, 14.653223 ], [ 121.0578936, 14.6532363 ] ] ] } },
{ "type": "Feature", "properties": { "Amenity": null, "Building": null, "Landuse": null, "Name": null, "Shop": null }, "geometry": { "type": "Polygon", "coordinates": [ [ [ 121.0496566, 14.6326702 ], [ 121.0540863, 14.6338903 ], [ 121.0540587, 14.6341339 ], [ 121.0540574, 14.6344474 ], [ 121.0544428, 14.636114 ], [ 121.0523438, 14.6365864 ], [ 121.0505309, 14.6369945 ], [ 121.0504033, 14.6364733 ], [ 121.0500884, 14.6351869 ], [ 121.0495586, 14.6329429 ], [ 121.0495984, 14.6329295 ], [ 121.0496566, 14.6326702 ] ] ] } },
{ "type": "Feature", "properties": { "Amenity": null, "Building": null, "Landuse": null, "Name": null, "Shop": null }, "geometry": { "type": "Polygon", "coordinates": [ [ [ 121.0350469, 14.6135819 ], [ 121.035195, 14.6133417 ], [ 121.0352031, 14.6133286 ], [ 121.0352247, 14.6133232 ], [ 121.0352383, 14.613331 ], [ 121.0354812, 14.6134598 ], [ 121.0353222, 14.6137354 ], [ 121.0350469, 14.6135819 ] ] ] } },
{ "type": "Feature", "properties": { "Amenity": null, "Building": null, "Landuse": null, "Name": null, "Shop": null }, "geometry": { "type": "Polygon", "coordinates": [ [ [ 121.0296015, 14.6438526 ], [ 121.0296494, 14.6440456 ], [ 121.0296922, 14.6441894 ], [ 121.0296455, 14.6441477 ], [ 121.0295756, 14.6440759 ], [ 121.0295406, 14.6439888 ], [ 121.0295017, 14.6438753 ], [ 121.0296015, 14.6438526 ] ] ] } },
{ "type": "Feature", "properties": { "Amenity": null, "Building": null, "Landuse": null, "Name": null, "Shop": null }, "geometry": { "type": "Polygon", "coordinates": [ [ [ 121.0363398, 14.708837 ], [ 121.0361429, 14.7079042 ], [ 121.0370823, 14.7077187 ], [ 121.0370538, 14.7075836 ], [ 121.0371057, 14.7075733 ], [ 121.0370963, 14.7075285 ], [ 121.0382142, 14.7073073 ], [ 121.0382904, 14.7072923 ], [ 121.0384411, 14.7080084 ], [ 121.0384569, 14.7080839 ], [ 121.0384709, 14.7081501 ], [ 121.0385302, 14.7084321 ], [ 121.0382222, 14.708493 ], [ 121.0382166, 14.7084664 ], [ 121.0373398, 14.7086395 ], [ 121.0363398, 14.708837 ] ] ] } },
{ "type": "Feature", "properties": { "Amenity": null, "Building": null, "Landuse": null, "Name": null, "Shop": null }, "geometry": { "type": "Polygon", "coordinates": [ [ [ 121.0241444, 14.6343589 ], [ 121.0246333, 14.6335664 ], [ 121.0262061, 14.6345225 ], [ 121.0262633, 14.6347274 ], [ 121.0258503, 14.6354074 ], [ 121.0241444, 14.6343589 ] ] ] } },
{ "type": "Feature", "properties": { "Amenity": null, "Building": null, "Landuse": null, "Name": null, "Shop": null }, "geometry": { "type": "Polygon", "coordinates": [ [ [ 121.0494919, 14.6548988 ], [ 121.0496028, 14.6548463 ], [ 121.0496283, 14.6548968 ], [ 121.0497617, 14.6548337 ], [ 121.0498963, 14.65477 ], [ 121.050106, 14.6546708 ], [ 121.0502628, 14.6545966 ], [ 121.0504211, 14.6545216 ], [ 121.0503948, 14.6544696 ], [ 121.0505061, 14.6544169 ], [ 121.0506462, 14.654694 ], [ 121.0505681, 14.6547309 ], [ 121.0505343, 14.6546641 ], [ 121.0502949, 14.6547774 ], [ 121.050113, 14.6548635 ], [ 121.0499093, 14.6549599 ], [ 121.049673, 14.6550717 ], [ 121.0497085, 14.6551419 ], [ 121.0496329, 14.6551777 ], [ 121.0494919, 14.6548988 ] ] ] } },
{ "type": "Feature", "properties": { "Amenity": null, "Building": null, "Landuse": null, "Name": null, "Shop": null }, "geometry": { "type": "Polygon", "coordinates": [ [ [ 121.0475419, 14.6432893 ], [ 121.0469789, 14.6408435 ], [ 121.0483286, 14.6405341 ], [ 121.0485921, 14.6416954 ], [ 121.0486829, 14.6421212 ], [ 121.0488699, 14.6429561 ], [ 121.0475697, 14.6432823 ], [ 121.0475419, 14.6432893 ] ] ] } },
{ "type": "Feature", "properties": { "Amenity": null, "Building": null, "Landuse": null, "Name": null, "Shop": null }, "geometry": { "type": "Polygon", "coordinates": [ [ [ 121.0475419, 14.6432893 ], [ 121.0475697, 14.6432823 ], [ 121.0488699, 14.6429561 ], [ 121.0488905, 14.6430277 ], [ 121.0488991, 14.6430698 ], [ 121.0492931, 14.6446254 ], [ 121.0492361, 14.6446332 ], [ 121.0492328, 14.6446079 ], [ 121.0489375, 14.6446726 ], [ 121.0485582, 14.6447409 ], [ 121.0479051, 14.6448771 ], [ 121.0477904, 14.64434 ], [ 121.0476543, 14.6437989 ], [ 121.0475627, 14.643377 ], [ 121.0475419, 14.6432893 ] ] ] } },
{ "type": "Feature", "properties": { "Amenity": null, "Building": null, "Landuse": null, "Name": null, "Shop": null }, "geometry": { "type": "Polygon", "coordinates": [ [ [ 121.0748263, 14.7044869 ], [ 121.0753875, 14.7044772 ], [ 121.0753775, 14.7047093 ], [ 121.0748264, 14.7047118 ], [ 121.0748263, 14.7044869 ] ] ] } },
{ "type": "Feature", "properties": { "Amenity": null, "Building": null, "Landuse": null, "Name": null, "Shop": null }, "geometry": { "type": "Polygon", "coordinates": [ [ [ 121.081483, 14.6773444 ], [ 121.0813214, 14.6770447 ], [ 121.0812684, 14.6770454 ], [ 121.0812624, 14.6766167 ], [ 121.0817814, 14.6766037 ], [ 121.0818275, 14.6766689 ], [ 121.0818484, 14.6767113 ], [ 121.0822574, 14.6774184 ], [ 121.0820325, 14.6775304 ], [ 121.0820181, 14.6775394 ], [ 121.0819946, 14.6775518 ], [ 121.0817874, 14.6771855 ], [ 121.081483, 14.6773444 ] ] ] } },
{ "type": "Feature", "properties": { "Amenity": null, "Building": null, "Landuse": null, "Name": null, "Shop": null }, "geometry": { "type": "Polygon", "coordinates": [ [ [ 121.0610524, 14.6996152 ], [ 121.061466, 14.6996174 ], [ 121.0614623, 14.7002711 ], [ 121.0610487, 14.7002689 ], [ 121.0610524, 14.6996152 ] ] ] } },
{ "type": "Feature", "properties": { "Amenity": null, "Building": null, "Landuse": null, "Name": null, "Shop": null }, "geometry": { "type": "Polygon", "coordinates": [ [ [ 121.0632829, 14.6997103 ], [ 121.0637308, 14.6997118 ], [ 121.0637292, 14.7001542 ], [ 121.0632813, 14.7001527 ], [ 121.0632829, 14.6997103 ] ] ] } },
{ "type": "Feature", "properties": { "Amenity": null, "Building": null, "Landuse": null, "Name": null, "Shop": null }, "geometry": { "type": "Polygon", "coordinates": [ [ [ 121.0655917, 14.7089395 ], [ 121.0655902, 14.7085768 ], [ 121.0655974, 14.7083957 ], [ 121.0656586, 14.708246 ], [ 121.0657433, 14.7082238 ], [ 121.0657426, 14.7080912 ], [ 121.0663261, 14.7081139 ], [ 121.0663596, 14.7082039 ], [ 121.0663322, 14.7088688 ], [ 121.0655917, 14.7089395 ] ] ] } },
{ "type": "Feature", "properties": { "Amenity": null, "Building": null, "Landuse": null, "Name": null, "Shop": null }, "geometry": { "type": "Polygon", "coordinates": [ [ [ 121.0660013, 14.7095768 ], [ 121.0656948, 14.70894 ], [ 121.0655917, 14.7089395 ], [ 121.0664113, 14.7088429 ], [ 121.0664657, 14.7095805 ], [ 121.0663909, 14.7096275 ], [ 121.0662521, 14.7097643 ], [ 121.0661394, 14.70975 ], [ 121.0659483, 14.7097429 ], [ 121.0660013, 14.7095768 ] ] ] } },
{ "type": "Feature", "properties": { "Amenity": null, "Building": null, "Landuse": null, "Name": null, "Shop": null }, "geometry": { "type": "Polygon", "coordinates": [ [ [ 121.0665313, 14.7082585 ], [ 121.0669095, 14.7082876 ], [ 121.0668536, 14.7089841 ], [ 121.0668402, 14.7095994 ], [ 121.0665527, 14.7095789 ], [ 121.0665183, 14.7093149 ], [ 121.0665104, 14.709133 ], [ 121.0665151, 14.7088798 ], [ 121.0665254, 14.7084654 ], [ 121.0665313, 14.7082585 ] ] ] } },
{ "type": "Feature", "properties": { "Amenity": null, "Building": null, "Landuse": null, "Name": null, "Shop": null }, "geometry": { "type": "Polygon", "coordinates": [ [ [ 121.0684763, 14.6634632 ], [ 121.0679438, 14.663146 ], [ 121.0686233, 14.6626511 ], [ 121.0691503, 14.6627344 ], [ 121.0686156, 14.6633858 ], [ 121.0685407, 14.6633636 ], [ 121.0684763, 14.6634632 ] ] ] } },
{ "type": "Feature", "properties": { "Amenity": null, "Building": null, "Landuse": null, "Name": null, "Shop": null }, "geometry": { "type": "Polygon", "coordinates": [ [ [ 121.0708651, 14.6662811 ], [ 121.0714457, 14.6666742 ], [ 121.0713854, 14.6667782 ], [ 121.0713972, 14.6669612 ], [ 121.0716359, 14.6671099 ], [ 121.0716869, 14.6670469 ], [ 121.0718577, 14.6671501 ], [ 121.071884, 14.6674168 ], [ 121.0709616, 14.6675561 ], [ 121.0709398, 14.6665556 ], [ 121.0706767, 14.6665553 ], [ 121.0708651, 14.6662811 ] ] ] } },
{ "type": "Feature", "properties": { "Amenity": null, "Building": null, "Landuse": null, "Name": null, "Shop": null }, "geometry": { "type": "Polygon", "coordinates": [ [ [ 121.0724897, 14.667739 ], [ 121.0724914, 14.6675923 ], [ 121.0725634, 14.6675931 ], [ 121.0725645, 14.6675025 ], [ 121.0726211, 14.6675161 ], [ 121.0726813, 14.667438 ], [ 121.0727944, 14.6675194 ], [ 121.0727458, 14.6675825 ], [ 121.0727439, 14.6677419 ], [ 121.0724897, 14.667739 ] ] ] } },
{ "type": "Feature", "properties": { "Amenity": null, "Building": null, "Landuse": null, "Name": null, "Shop": null }, "geometry": { "type": "Polygon", "coordinates": [ [ [ 121.0665061, 14.69791 ], [ 121.066499, 14.6971965 ], [ 121.0668905, 14.6971917 ], [ 121.0668897, 14.6977466 ], [ 121.0670158, 14.6979191 ], [ 121.0670239, 14.6980851 ], [ 121.066926, 14.6981163 ], [ 121.0669205, 14.6980441 ], [ 121.0667503, 14.6979009 ], [ 121.0665061, 14.69791 ] ] ] } },
{ "type": "Feature", "properties": { "Amenity": null, "Building": null, "Landuse": null, "Name": null, "Shop": null }, "geometry": { "type": "Polygon", "coordinates": [ [ [ 121.0650218, 14.6977985 ], [ 121.0650194, 14.6972164 ], [ 121.0652342, 14.6972156 ], [ 121.0652366, 14.6977977 ], [ 121.0650218, 14.6977985 ] ] ] } },
{ "type": "Feature", "properties": { "Amenity": null, "Building": null, "Landuse": null, "Name": null, "Shop": null }, "geometry": { "type": "Polygon", "coordinates": [ [ [ 121.0596234, 14.6996275 ], [ 121.0596151, 14.6998507 ], [ 121.0594006, 14.6998432 ], [ 121.059409, 14.69962 ], [ 121.0596234, 14.6996275 ] ] ] } },
{ "type": "Feature", "properties": { "Amenity": null, "Building": null, "Landuse": null, "Name": null, "Shop": null }, "geometry": { "type": "Polygon", "coordinates": [ [ [ 121.0595996, 14.6986908 ], [ 121.0596016, 14.6985611 ], [ 121.0598162, 14.6985642 ], [ 121.0598142, 14.698694 ], [ 121.0595996, 14.6986908 ] ] ] } },
{ "type": "Feature", "properties": { "Amenity": null, "Building": null, "Landuse": null, "Name": null, "Shop": null }, "geometry": { "type": "Polygon", "coordinates": [ [ [ 121.0332587, 14.6502322 ], [ 121.0331393, 14.6504145 ], [ 121.0328877, 14.6502602 ], [ 121.0330071, 14.6500779 ], [ 121.0332587, 14.6502322 ] ] ] } },
{ "type": "Feature", "properties": { "Amenity": null, "Building": null, "Landuse": null, "Name": null, "Shop": null }, "geometry": { "type": "Polygon", "coordinates": [ [ [ 121.0090159, 14.6192058 ], [ 121.0086724, 14.6191838 ], [ 121.0087234, 14.618439 ], [ 121.0090669, 14.618461 ], [ 121.0090159, 14.6192058 ] ] ] } },
{ "type": "Feature", "properties": { "Amenity": null, "Building": null, "Landuse": null, "Name": null, "Shop": null }, "geometry": { "type": "Polygon", "coordinates": [ [ [ 121.0377928, 14.6552182 ], [ 121.0378269, 14.6551724 ], [ 121.0379014, 14.6551081 ], [ 121.0379715, 14.6550534 ], [ 121.0380449, 14.6550074 ], [ 121.038115, 14.6549731 ], [ 121.0381835, 14.6549406 ], [ 121.0398395, 14.6545761 ], [ 121.0410816, 14.6543128 ], [ 121.0411703, 14.6543047 ], [ 121.041257, 14.6542958 ], [ 121.0413465, 14.6542972 ], [ 121.0414436, 14.6543268 ], [ 121.0415354, 14.6543683 ], [ 121.0416046, 14.6544009 ], [ 121.0416767, 14.6544447 ], [ 121.041741, 14.6544981 ], [ 121.0418278, 14.6545944 ], [ 121.0419166, 14.6547133 ], [ 121.042077, 14.6550697 ], [ 121.0423568, 14.655695 ], [ 121.0423526, 14.6557313 ], [ 121.0423304, 14.6557801 ], [ 121.0422916, 14.6558288 ], [ 121.0419044, 14.6559292 ], [ 121.0417261, 14.6559754 ], [ 121.0418984, 14.6572257 ], [ 121.0418965, 14.6573461 ], [ 121.0418858, 14.6574381 ], [ 121.0418706, 14.6575276 ], [ 121.0418283, 14.6576427 ], [ 121.0417257, 14.6577898 ], [ 121.0415873, 14.6578617 ], [ 121.041131, 14.657966 ], [ 121.0412319, 14.6584614 ], [ 121.0399782, 14.6587273 ], [ 121.0398226, 14.6580543 ], [ 121.0392358, 14.6580241 ], [ 121.0391681, 14.6578808 ], [ 121.0391091, 14.6578315 ], [ 121.0390124, 14.657787 ], [ 121.0389491, 14.65772 ], [ 121.0388774, 14.6576742 ], [ 121.038743, 14.6576316 ], [ 121.0386374, 14.6575902 ], [ 121.0384231, 14.6567323 ], [ 121.0378128, 14.6568284 ], [ 121.0377587, 14.6556887 ], [ 121.0377484, 14.6554155 ], [ 121.037758, 14.6553244 ], [ 121.0377928, 14.6552182 ] ] ] } },
{ "type": "Feature", "properties": { "Amenity": null, "Building": null, "Landuse": null, "Name": null, "Shop": null }, "geometry": { "type": "Polygon", "coordinates": [ [ [ 121.0221948, 14.6603601 ], [ 121.0226923, 14.6599877 ], [ 121.0228036, 14.6599163 ], [ 121.0228908, 14.6598605 ], [ 121.0230611, 14.659797 ], [ 121.0237142, 14.6596568 ], [ 121.0236123, 14.6598229 ], [ 121.0235238, 14.6599436 ], [ 121.02345, 14.660072 ], [ 121.0234085, 14.6602705 ], [ 121.0234018, 14.6603964 ], [ 121.0235225, 14.6608066 ], [ 121.0230039, 14.6610462 ], [ 121.0228911, 14.6608535 ], [ 121.0227196, 14.6609386 ], [ 121.0225193, 14.6608089 ], [ 121.0221948, 14.6603601 ] ] ] } },
{ "type": "Feature", "properties": { "Amenity": null, "Building": null, "Landuse": null, "Name": null, "Shop": null }, "geometry": { "type": "Polygon", "coordinates": [ [ [ 121.0610478, 14.6596398 ], [ 121.0623098, 14.6604299 ], [ 121.0617884, 14.6603869 ], [ 121.0617955, 14.6608799 ], [ 121.0616044, 14.6608799 ], [ 121.0616079, 14.6611984 ], [ 121.060755, 14.6612018 ], [ 121.0607167, 14.6603263 ], [ 121.0607223, 14.6601553 ], [ 121.0610478, 14.6596398 ] ] ] } },
{ "type": "Feature", "properties": { "Amenity": null, "Building": null, "Landuse": null, "Name": null, "Shop": null }, "geometry": { "type": "Polygon", "coordinates": [ [ [ 121.0623098, 14.6604299 ], [ 121.0624789, 14.6604574 ], [ 121.0625713, 14.6605181 ], [ 121.06299, 14.6607713 ], [ 121.0629324, 14.6616047 ], [ 121.062461, 14.6615856 ], [ 121.0624517, 14.6612016 ], [ 121.0616079, 14.6611984 ], [ 121.0616044, 14.6608799 ], [ 121.0617955, 14.6608799 ], [ 121.0617884, 14.6603869 ], [ 121.0623098, 14.6604299 ] ] ] } },
{ "type": "Feature", "properties": { "Amenity": null, "Building": null, "Landuse": null, "Name": null, "Shop": null }, "geometry": { "type": "Polygon", "coordinates": [ [ [ 121.0463445, 14.6526489 ], [ 121.0463719, 14.6527444 ], [ 121.0463694, 14.6528117 ], [ 121.0463882, 14.6528884 ], [ 121.0464202, 14.6529627 ], [ 121.0464491, 14.6530243 ], [ 121.0464937, 14.6531265 ], [ 121.0465155, 14.6531714 ], [ 121.0465518, 14.653242 ], [ 121.046586, 14.6533076 ], [ 121.0466197, 14.6533673 ], [ 121.0466613, 14.6534308 ], [ 121.0466965, 14.6534844 ], [ 121.0467796, 14.653623 ], [ 121.046812, 14.6536725 ], [ 121.0468672, 14.6537593 ], [ 121.0465739, 14.6539228 ], [ 121.0462607, 14.6542169 ], [ 121.0460613, 14.6544717 ], [ 121.0456035, 14.654191 ], [ 121.045621, 14.6540045 ], [ 121.0453676, 14.6528896 ], [ 121.0458503, 14.6527888 ], [ 121.0458318, 14.6527007 ], [ 121.0460917, 14.6526552 ], [ 121.0463445, 14.6526489 ] ] ] } },
{ "type": "Feature", "properties": { "Amenity": null, "Building": null, "Landuse": null, "Name": null, "Shop": null }, "geometry": { "type": "Polygon", "coordinates": [ [ [ 121.0438465, 14.6538252 ], [ 121.04366, 14.6538678 ], [ 121.0435288, 14.6533303 ], [ 121.0432395, 14.6533964 ], [ 121.0431956, 14.6532168 ], [ 121.0436713, 14.6531081 ], [ 121.0438465, 14.6538252 ] ] ] } },
{ "type": "Feature", "properties": { "Amenity": null, "Building": null, "Landuse": null, "Name": null, "Shop": null }, "geometry": { "type": "Polygon", "coordinates": [ [ [ 121.0673654, 14.6638164 ], [ 121.0674477, 14.663871 ], [ 121.0674023, 14.6639388 ], [ 121.0673258, 14.6639408 ], [ 121.0674049, 14.6645016 ], [ 121.0663911, 14.6650603 ], [ 121.0661451, 14.6643867 ], [ 121.065925, 14.6637763 ], [ 121.0664779, 14.6636021 ], [ 121.0666698, 14.6637173 ], [ 121.0668161, 14.663811 ], [ 121.0671765, 14.6636909 ], [ 121.0672245, 14.6637227 ], [ 121.0673654, 14.6638164 ] ] ] } },
{ "type": "Feature", "properties": { "Amenity": null, "Building": null, "Landuse": null, "Name": null, "Shop": null }, "geometry": { "type": "Polygon", "coordinates": [ [ [ 121.0446185, 14.6397152 ], [ 121.0444222, 14.638825 ], [ 121.0448555, 14.6387301 ], [ 121.0448477, 14.6386895 ], [ 121.0461353, 14.6384247 ], [ 121.0463453, 14.6393426 ], [ 121.0446185, 14.6397152 ] ] ] } },
{ "type": "Feature", "properties": { "Amenity": null, "Building": null, "Landuse": null, "Name": null, "Shop": null }, "geometry": { "type": "Polygon", "coordinates": [ [ [ 121.0440489, 14.6462222 ], [ 121.0441264, 14.6463648 ], [ 121.0442103, 14.6465114 ], [ 121.0444967, 14.6465931 ], [ 121.0442295, 14.6470334 ], [ 121.0437071, 14.6477305 ], [ 121.0429472, 14.64726 ], [ 121.0425286, 14.6470021 ], [ 121.042833, 14.6465484 ], [ 121.0437275, 14.6463265 ], [ 121.0440489, 14.6462222 ] ] ] } },
{ "type": "Feature", "properties": { "Amenity": null, "Building": null, "Landuse": null, "Name": null, "Shop": null }, "geometry": { "type": "Polygon", "coordinates": [ [ [ 121.0467873, 14.6427994 ], [ 121.0469153, 14.6427707 ], [ 121.0469367, 14.6428602 ], [ 121.0468077, 14.6428891 ], [ 121.0469548, 14.6435366 ], [ 121.0466053, 14.6436109 ], [ 121.0464996, 14.6431458 ], [ 121.0464133, 14.6431642 ], [ 121.0465226, 14.6436452 ], [ 121.0455803, 14.6438457 ], [ 121.045438, 14.6432195 ], [ 121.0456475, 14.643175 ], [ 121.0456159, 14.6430361 ], [ 121.0454756, 14.6430659 ], [ 121.0453502, 14.6425142 ], [ 121.0461217, 14.6423414 ], [ 121.0460932, 14.642216 ], [ 121.0464652, 14.6421368 ], [ 121.046622, 14.6428263 ], [ 121.046737, 14.6428018 ], [ 121.0467855, 14.6427915 ], [ 121.0467873, 14.6427994 ] ] ] } },
{ "type": "Feature", "properties": { "Amenity": null, "Building": null, "Landuse": null, "Name": null, "Shop": null }, "geometry": { "type": "Polygon", "coordinates": [ [ [ 121.0400273, 14.6481953 ], [ 121.0406735, 14.6485689 ], [ 121.0410049, 14.6487691 ], [ 121.0411425, 14.6488547 ], [ 121.0413135, 14.6488903 ], [ 121.0421316, 14.6490746 ], [ 121.0420733, 14.649418 ], [ 121.0420589, 14.649503 ], [ 121.0409861, 14.6492803 ], [ 121.0404742, 14.6492002 ], [ 121.0397299, 14.6489829 ], [ 121.0397885, 14.6488277 ], [ 121.0400273, 14.6481953 ] ] ] } },
{ "type": "Feature", "properties": { "Amenity": null, "Building": null, "Landuse": null, "Name": null, "Shop": null }, "geometry": { "type": "Polygon", "coordinates": [ [ [ 121.0447943, 14.6383473 ], [ 121.045131, 14.6382732 ], [ 121.0451699, 14.6382823 ], [ 121.0451927, 14.638307 ], [ 121.0452021, 14.6383355 ], [ 121.0451364, 14.6383493 ], [ 121.045184, 14.6385932 ], [ 121.0448702, 14.6386528 ], [ 121.0447943, 14.6383473 ] ] ] } },
{ "type": "Feature", "properties": { "Amenity": null, "Building": null, "Landuse": null, "Name": null, "Shop": null }, "geometry": { "type": "Polygon", "coordinates": [ [ [ 121.0836108, 14.7049733 ], [ 121.0837971, 14.705483 ], [ 121.0835047, 14.7055823 ], [ 121.0835901, 14.705795 ], [ 121.083553, 14.7058528 ], [ 121.0835308, 14.7058936 ], [ 121.0835163, 14.7058969 ], [ 121.0833675, 14.7059305 ], [ 121.0830846, 14.7051642 ], [ 121.0836108, 14.7049733 ] ] ] } },
{ "type": "Feature", "properties": { "Amenity": null, "Building": null, "Landuse": null, "Name": null, "Shop": null }, "geometry": { "type": "Polygon", "coordinates": [ [ [ 121.087284, 14.6863722 ], [ 121.0876828, 14.686251 ], [ 121.0880681, 14.6862574 ], [ 121.0881453, 14.6865388 ], [ 121.0875741, 14.6866853 ], [ 121.0873718, 14.6866425 ], [ 121.087284, 14.6863722 ] ] ] } },
{ "type": "Feature", "properties": { "Amenity": null, "Building": null, "Landuse": null, "Name": null, "Shop": null }, "geometry": { "type": "Polygon", "coordinates": [ [ [ 121.0813074, 14.689418 ], [ 121.0818862, 14.6890001 ], [ 121.081949, 14.6890401 ], [ 121.0820686, 14.6894365 ], [ 121.0820346, 14.689448 ], [ 121.0820912, 14.6896125 ], [ 121.0820164, 14.6896388 ], [ 121.0820441, 14.6897206 ], [ 121.0817394, 14.6898195 ], [ 121.0817076, 14.6897264 ], [ 121.0816352, 14.6897474 ], [ 121.081586, 14.6896025 ], [ 121.0814809, 14.6896686 ], [ 121.0813074, 14.689418 ] ] ] } },
{ "type": "Feature", "properties": { "Amenity": null, "Building": null, "Landuse": null, "Name": null, "Shop": null }, "geometry": { "type": "Polygon", "coordinates": [ [ [ 121.0507169, 14.6466663 ], [ 121.0507731, 14.6459621 ], [ 121.0509906, 14.6459783 ], [ 121.0509873, 14.6460203 ], [ 121.051196, 14.6460359 ], [ 121.0511624, 14.6464563 ], [ 121.0510816, 14.6464503 ], [ 121.0510623, 14.6466921 ], [ 121.0507169, 14.6466663 ] ] ] } },
{ "type": "Feature", "properties": { "Amenity": null, "Building": null, "Landuse": null, "Name": null, "Shop": null }, "geometry": { "type": "Polygon", "coordinates": [ [ [ 121.0035356, 14.6286813 ], [ 121.0028926, 14.6283986 ], [ 121.0031736, 14.6278009 ], [ 121.0025888, 14.6275147 ], [ 121.0028786, 14.6269021 ], [ 121.0041231, 14.6274524 ], [ 121.0035356, 14.6286813 ] ] ] } },
{ "type": "Feature", "properties": { "Amenity": null, "Building": null, "Landuse": null, "Name": null, "Shop": null }, "geometry": { "type": "Polygon", "coordinates": [ [ [ 121.0892433, 14.6874607 ], [ 121.0892399, 14.6873001 ], [ 121.0892184, 14.6873005 ], [ 121.0892136, 14.6870637 ], [ 121.089235, 14.6870633 ], [ 121.0892316, 14.6868959 ], [ 121.0893314, 14.686894 ], [ 121.0893307, 14.6868588 ], [ 121.0894723, 14.686856 ], [ 121.0894858, 14.687507 ], [ 121.0893441, 14.6875097 ], [ 121.089343, 14.6874588 ], [ 121.0892433, 14.6874607 ] ] ] } },
{ "type": "Feature", "properties": { "Amenity": null, "Building": null, "Landuse": null, "Name": null, "Shop": null }, "geometry": { "type": "Polygon", "coordinates": [ [ [ 121.0510518, 14.6537682 ], [ 121.0512666, 14.6535676 ], [ 121.0513642, 14.6534778 ], [ 121.0514673, 14.6534096 ], [ 121.0515941, 14.6535484 ], [ 121.0515237, 14.6536098 ], [ 121.051506, 14.6535888 ], [ 121.051196, 14.6539154 ], [ 121.0510518, 14.6537682 ] ] ] } },
{ "type": "Feature", "properties": { "Amenity": null, "Building": null, "Landuse": null, "Name": null, "Shop": null }, "geometry": { "type": "Polygon", "coordinates": [ [ [ 121.0717639, 14.6527273 ], [ 121.0725024, 14.6527379 ], [ 121.0724938, 14.6532937 ], [ 121.0723507, 14.6532917 ], [ 121.072351, 14.6532762 ], [ 121.0718923, 14.6532695 ], [ 121.0718939, 14.6531678 ], [ 121.0718335, 14.6531669 ], [ 121.0718347, 14.6530858 ], [ 121.0718541, 14.6530861 ], [ 121.0718576, 14.652861 ], [ 121.0717619, 14.6528596 ], [ 121.0717639, 14.6527273 ] ] ] } },
{ "type": "Feature", "properties": { "Amenity": null, "Building": null, "Landuse": null, "Name": null, "Shop": null }, "geometry": { "type": "Polygon", "coordinates": [ [ [ 121.0646059, 14.6627401 ], [ 121.0647578, 14.6624753 ], [ 121.0645786, 14.6623791 ], [ 121.0646669, 14.662225 ], [ 121.0651619, 14.6624907 ], [ 121.0650726, 14.6626465 ], [ 121.0651199, 14.6626719 ], [ 121.0649811, 14.662914 ], [ 121.0649695, 14.6629342 ], [ 121.0649032, 14.6630497 ], [ 121.0644703, 14.6628173 ], [ 121.0645361, 14.6627026 ], [ 121.0646059, 14.6627401 ] ] ] } },
{ "type": "Feature", "properties": { "Amenity": null, "Building": null, "Landuse": null, "Name": null, "Shop": null }, "geometry": { "type": "Polygon", "coordinates": [ [ [ 121.0177912, 14.6558576 ], [ 121.0180613, 14.6567996 ], [ 121.0176322, 14.6569241 ], [ 121.0171923, 14.6567451 ], [ 121.0169549, 14.6561346 ], [ 121.0177912, 14.6558576 ] ] ] } },
{ "type": "Feature", "properties": { "Amenity": null, "Building": null, "Landuse": null, "Name": null, "Shop": null }, "geometry": { "type": "Polygon", "coordinates": [ [ [ 121.0622937, 14.6569631 ], [ 121.0623, 14.6576034 ], [ 121.0611191, 14.657605 ], [ 121.0611191, 14.6569601 ], [ 121.0622937, 14.6569631 ] ] ] } },
{ "type": "Feature", "properties": { "Amenity": null, "Building": null, "Landuse": null, "Name": null, "Shop": null }, "geometry": { "type": "Polygon", "coordinates": [ [ [ 121.0596855, 14.6569643 ], [ 121.0608147, 14.6569622 ], [ 121.060812, 14.6575792 ], [ 121.0602842, 14.6575738 ], [ 121.0600254, 14.6578975 ], [ 121.0595589, 14.6575737 ], [ 121.0596668, 14.6574236 ], [ 121.0596855, 14.6569643 ] ] ] } },
{ "type": "Feature", "properties": { "Amenity": null, "Building": null, "Landuse": null, "Name": null, "Shop": null }, "geometry": { "type": "Polygon", "coordinates": [ [ [ 121.0168059, 14.6585592 ], [ 121.0168193, 14.6578661 ], [ 121.0173388, 14.6578672 ], [ 121.0173258, 14.6585412 ], [ 121.0168059, 14.6585592 ] ] ] } },
{ "type": "Feature", "properties": { "Amenity": null, "Building": null, "Landuse": null, "Name": null, "Shop": null }, "geometry": { "type": "Polygon", "coordinates": [ [ [ 121.0164693, 14.6583591 ], [ 121.0164743, 14.6578661 ], [ 121.0168193, 14.6578661 ], [ 121.0168059, 14.6585592 ], [ 121.0164693, 14.6583591 ] ] ] } },
{ "type": "Feature", "properties": { "Amenity": null, "Building": null, "Landuse": null, "Name": null, "Shop": null }, "geometry": { "type": "Polygon", "coordinates": [ [ [ 121.0102886, 14.6577608 ], [ 121.010291, 14.6580417 ], [ 121.0103461, 14.65857 ], [ 121.0103421, 14.6586585 ], [ 121.0103267, 14.6588425 ], [ 121.010315, 14.6589824 ], [ 121.0102544, 14.6591474 ], [ 121.0101758, 14.6591376 ], [ 121.0101727, 14.6591916 ], [ 121.0104011, 14.6592025 ], [ 121.0102946, 14.6597579 ], [ 121.0099466, 14.6596814 ], [ 121.0099644, 14.6595877 ], [ 121.0096125, 14.6595379 ], [ 121.0094009, 14.6602055 ], [ 121.0090668, 14.6601424 ], [ 121.0091558, 14.6598229 ], [ 121.0090292, 14.6597641 ], [ 121.0089932, 14.6597474 ], [ 121.0089472, 14.659726 ], [ 121.0084686, 14.6595037 ], [ 121.0083304, 14.6594684 ], [ 121.0082529, 14.6594526 ], [ 121.0081038, 14.6594155 ], [ 121.0081521, 14.6590421 ], [ 121.0086923, 14.6590201 ], [ 121.0093336, 14.6590637 ], [ 121.0093081, 14.6587696 ], [ 121.0092948, 14.6586813 ], [ 121.0092867, 14.6581845 ], [ 121.0099458, 14.6582119 ], [ 121.0099742, 14.6577514 ], [ 121.0102886, 14.6577608 ] ] ] } },
{ "type": "Feature", "properties": { "Amenity": null, "Building": null, "Landuse": null, "Name": null, "Shop": null }, "geometry": { "type": "Polygon", "coordinates": [ [ [ 121.0469058, 14.6744237 ], [ 121.0462335, 14.673875 ], [ 121.0467197, 14.6735381 ], [ 121.0472177, 14.6742174 ], [ 121.0469058, 14.6744237 ] ] ] } },
{ "type": "Feature", "properties": { "Amenity": null, "Building": null, "Landuse": null, "Name": null, "Shop": null }, "geometry": { "type": "Polygon", "coordinates": [ [ [ 121.0565795, 14.6679571 ], [ 121.0566496, 14.6682508 ], [ 121.0564575, 14.6685753 ], [ 121.0563062, 14.668507 ], [ 121.0560922, 14.6685415 ], [ 121.0559629, 14.6681112 ], [ 121.0565795, 14.6679571 ] ] ] } },
{ "type": "Feature", "properties": { "Amenity": null, "Building": null, "Landuse": null, "Name": null, "Shop": null }, "geometry": { "type": "Polygon", "coordinates": [ [ [ 121.0434357, 14.6756585 ], [ 121.0428193, 14.675709 ], [ 121.042806, 14.6755563 ], [ 121.0434223, 14.6755057 ], [ 121.0434357, 14.6756585 ] ] ] } },
{ "type": "Feature", "properties": { "Amenity": null, "Building": null, "Landuse": null, "Name": null, "Shop": null }, "geometry": { "type": "Polygon", "coordinates": [ [ [ 121.0434508, 14.6754937 ], [ 121.0431085, 14.6755135 ], [ 121.0430986, 14.6753524 ], [ 121.0434406, 14.6753327 ], [ 121.043444, 14.6753887 ], [ 121.0432528, 14.6753998 ], [ 121.0432547, 14.6754312 ], [ 121.0434463, 14.6754202 ], [ 121.0434508, 14.6754937 ] ] ] } },
{ "type": "Feature", "properties": { "Amenity": null, "Building": null, "Landuse": null, "Name": null, "Shop": null }, "geometry": { "type": "Polygon", "coordinates": [ [ [ 121.0392925, 14.6410359 ], [ 121.0388792, 14.6407808 ], [ 121.0391615, 14.6403527 ], [ 121.0395748, 14.6406078 ], [ 121.0392925, 14.6410359 ] ] ] } },
{ "type": "Feature", "properties": { "Amenity": null, "Building": null, "Landuse": null, "Name": null, "Shop": null }, "geometry": { "type": "Polygon", "coordinates": [ [ [ 121.0307939, 14.6292387 ], [ 121.0307343, 14.628987 ], [ 121.0305978, 14.628386 ], [ 121.0315129, 14.6281789 ], [ 121.0317089, 14.6290503 ], [ 121.0307939, 14.6292387 ] ] ] } },
{ "type": "Feature", "properties": { "Amenity": null, "Building": null, "Landuse": null, "Name": null, "Shop": null }, "geometry": { "type": "Polygon", "coordinates": [ [ [ 121.0502359, 14.6190066 ], [ 121.049793, 14.6188535 ], [ 121.0498963, 14.6185835 ], [ 121.0503862, 14.6187576 ], [ 121.0502359, 14.6190066 ] ] ] } },
{ "type": "Feature", "properties": { "Amenity": null, "Building": null, "Landuse": null, "Name": null, "Shop": null }, "geometry": { "type": "Polygon", "coordinates": [ [ [ 121.0470744, 14.6202573 ], [ 121.0463766, 14.6199263 ], [ 121.0466914, 14.6195686 ], [ 121.0468617, 14.6197223 ], [ 121.0469495, 14.619675 ], [ 121.0472714, 14.620017 ], [ 121.0470744, 14.6202573 ] ] ] } },
{ "type": "Feature", "properties": { "Amenity": null, "Building": null, "Landuse": null, "Name": null, "Shop": null }, "geometry": { "type": "Polygon", "coordinates": [ [ [ 121.0761531, 14.6549386 ], [ 121.0761611, 14.6546023 ], [ 121.0762957, 14.6546054 ], [ 121.0762904, 14.654829 ], [ 121.0764275, 14.654832 ], [ 121.0764249, 14.6549446 ], [ 121.0762122, 14.6549399 ], [ 121.0761531, 14.6549386 ] ] ] } },
{ "type": "Feature", "properties": { "Amenity": null, "Building": null, "Landuse": null, "Name": null, "Shop": null }, "geometry": { "type": "Polygon", "coordinates": [ [ [ 121.072186, 14.6153963 ], [ 121.0723209, 14.6148058 ], [ 121.072509, 14.6148296 ], [ 121.0727148, 14.6148917 ], [ 121.0727933, 14.6149356 ], [ 121.0728677, 14.6149884 ], [ 121.0729135, 14.6150286 ], [ 121.0729474, 14.6150712 ], [ 121.0729839, 14.6151132 ], [ 121.0731054, 14.6153113 ], [ 121.0732048, 14.6154184 ], [ 121.0733038, 14.6154912 ], [ 121.0728618, 14.6158709 ], [ 121.0725724, 14.6158033 ], [ 121.0724532, 14.6158451 ], [ 121.0723649, 14.6154432 ], [ 121.072186, 14.6153963 ] ] ] } },
{ "type": "Feature", "properties": { "Amenity": null, "Building": null, "Landuse": null, "Name": null, "Shop": null }, "geometry": { "type": "Polygon", "coordinates": [ [ [ 121.0178105, 14.6481687 ], [ 121.0177753, 14.6479137 ], [ 121.0180898, 14.6478731 ], [ 121.0181249, 14.6481281 ], [ 121.0178105, 14.6481687 ] ] ] } },
{ "type": "Feature", "properties": { "Amenity": null, "Building": null, "Landuse": null, "Name": null, "Shop": null }, "geometry": { "type": "Polygon", "coordinates": [ [ [ 121.0089232, 14.6202096 ], [ 121.0095669, 14.6202563 ], [ 121.0095193, 14.6208734 ], [ 121.0091959, 14.6208418 ], [ 121.0091805, 14.6209891 ], [ 121.0088669, 14.6209584 ], [ 121.0089232, 14.6202096 ] ] ] } },
{ "type": "Feature", "properties": { "Amenity": null, "Building": null, "Landuse": null, "Name": null, "Shop": null }, "geometry": { "type": "Polygon", "coordinates": [ [ [ 121.025306, 14.6241837 ], [ 121.0239503, 14.62339 ], [ 121.0247363, 14.6220186 ], [ 121.0258507, 14.6223832 ], [ 121.0257778, 14.6225187 ], [ 121.0253783, 14.6231864 ], [ 121.0256049, 14.6233153 ], [ 121.0257705, 14.623426 ], [ 121.0255364, 14.6237913 ], [ 121.025306, 14.6241837 ] ] ] } },
{ "type": "Feature", "properties": { "Amenity": null, "Building": null, "Landuse": null, "Name": null, "Shop": null }, "geometry": { "type": "Polygon", "coordinates": [ [ [ 121.0480334, 14.653996 ], [ 121.0478525, 14.6539165 ], [ 121.047738, 14.6538507 ], [ 121.0475803, 14.6537497 ], [ 121.0474731, 14.6536669 ], [ 121.0474002, 14.6536002 ], [ 121.0473525, 14.6535393 ], [ 121.0473011, 14.6534798 ], [ 121.0478963, 14.6530626 ], [ 121.047992, 14.6530286 ], [ 121.0481268, 14.6530987 ], [ 121.0481983, 14.6531888 ], [ 121.0482815, 14.6533355 ], [ 121.0483879, 14.6531158 ], [ 121.0484622, 14.6531331 ], [ 121.0485502, 14.653163 ], [ 121.048616, 14.6532032 ], [ 121.0486519, 14.6532458 ], [ 121.0486668, 14.6532952 ], [ 121.0486327, 14.6541591 ], [ 121.0484305, 14.6541331 ], [ 121.0482897, 14.6540951 ], [ 121.0481786, 14.6540572 ], [ 121.0480334, 14.653996 ] ] ] } },
{ "type": "Feature", "properties": { "Amenity": null, "Building": null, "Landuse": null, "Name": null, "Shop": null }, "geometry": { "type": "Polygon", "coordinates": [ [ [ 121.0588244, 14.6522756 ], [ 121.0586157, 14.6532511 ], [ 121.0584543, 14.6532209 ], [ 121.0580183, 14.6531478 ], [ 121.0580093, 14.6531462 ], [ 121.0579129, 14.6531295 ], [ 121.0579216, 14.6530724 ], [ 121.0579272, 14.6530008 ], [ 121.0579446, 14.6527777 ], [ 121.0579876, 14.6525685 ], [ 121.058109, 14.6522964 ], [ 121.0581448, 14.6522163 ], [ 121.0581529, 14.6521981 ], [ 121.0581732, 14.6521527 ], [ 121.0588244, 14.6522756 ] ] ] } },
{ "type": "Feature", "properties": { "Amenity": null, "Building": null, "Landuse": null, "Name": null, "Shop": null }, "geometry": { "type": "Polygon", "coordinates": [ [ [ 121.0581732, 14.6521527 ], [ 121.058231, 14.6518587 ], [ 121.0583141, 14.6518312 ], [ 121.0583987, 14.651758 ], [ 121.0586079, 14.6515628 ], [ 121.0589613, 14.6516292 ], [ 121.0588244, 14.6522756 ], [ 121.0581732, 14.6521527 ] ] ] } },
{ "type": "Feature", "properties": { "Amenity": null, "Building": null, "Landuse": null, "Name": null, "Shop": null }, "geometry": { "type": "Polygon", "coordinates": [ [ [ 121.0803792, 14.6913186 ], [ 121.0805312, 14.6912717 ], [ 121.0806125, 14.6915185 ], [ 121.0804604, 14.6915654 ], [ 121.0803792, 14.6913186 ] ] ] } },
{ "type": "Feature", "properties": { "Amenity": null, "Building": null, "Landuse": null, "Name": null, "Shop": null }, "geometry": { "type": "Polygon", "coordinates": [ [ [ 121.0860784, 14.6931884 ], [ 121.0860508, 14.693055 ], [ 121.0869333, 14.6928994 ], [ 121.0869748, 14.6929072 ], [ 121.0869823, 14.6930146 ], [ 121.0860784, 14.6931884 ] ] ] } },
{ "type": "Feature", "properties": { "Amenity": null, "Building": null, "Landuse": null, "Name": null, "Shop": null }, "geometry": { "type": "Polygon", "coordinates": [ [ [ 121.0075774, 14.6393126 ], [ 121.007876, 14.6393552 ], [ 121.0075233, 14.6398513 ], [ 121.0073565, 14.6399744 ], [ 121.0071258, 14.6399195 ], [ 121.007215, 14.6396435 ], [ 121.0072508, 14.6396532 ], [ 121.0075774, 14.6393126 ] ] ] } },
{ "type": "Feature", "properties": { "Amenity": null, "Building": null, "Landuse": null, "Name": null, "Shop": null }, "geometry": { "type": "Polygon", "coordinates": [ [ [ 121.0295053, 14.6244352 ], [ 121.0296554, 14.6244783 ], [ 121.0296359, 14.6245421 ], [ 121.029944, 14.6246306 ], [ 121.0299077, 14.6247486 ], [ 121.0297606, 14.6247063 ], [ 121.0297384, 14.6247787 ], [ 121.0295101, 14.6247132 ], [ 121.0295247, 14.6246655 ], [ 121.029211, 14.6245754 ], [ 121.0292395, 14.6244824 ], [ 121.0294704, 14.6245488 ], [ 121.0295053, 14.6244352 ] ] ] } },
{ "type": "Feature", "properties": { "Amenity": null, "Building": null, "Landuse": null, "Name": null, "Shop": null }, "geometry": { "type": "Polygon", "coordinates": [ [ [ 121.0425697, 14.643446 ], [ 121.0427377, 14.6436432 ], [ 121.0424789, 14.6438495 ], [ 121.0423109, 14.6436523 ], [ 121.0425697, 14.643446 ] ] ] } },
{ "type": "Feature", "properties": { "Amenity": null, "Building": null, "Landuse": null, "Name": null, "Shop": null }, "geometry": { "type": "Polygon", "coordinates": [ [ [ 121.0281534, 14.649799 ], [ 121.0280699, 14.6495297 ], [ 121.0281315, 14.6494835 ], [ 121.0284656, 14.6494066 ], [ 121.0285213, 14.6496547 ], [ 121.0282687, 14.6497779 ], [ 121.0281534, 14.649799 ] ] ] } },
{ "type": "Feature", "properties": { "Amenity": null, "Building": null, "Landuse": null, "Name": null, "Shop": null }, "geometry": { "type": "Polygon", "coordinates": [ [ [ 121.0252112, 14.6374893 ], [ 121.025567, 14.6372549 ], [ 121.0256961, 14.6374618 ], [ 121.0253107, 14.6376638 ], [ 121.0252112, 14.6374893 ] ] ] } },
{ "type": "Feature", "properties": { "Amenity": null, "Building": null, "Landuse": null, "Name": null, "Shop": null }, "geometry": { "type": "Polygon", "coordinates": [ [ [ 121.014108, 14.6573531 ], [ 121.0132765, 14.6573375 ], [ 121.0135272, 14.6569373 ], [ 121.0135358, 14.656743 ], [ 121.0134816, 14.6567422 ], [ 121.0134896, 14.6564904 ], [ 121.0138034, 14.6565008 ], [ 121.0142917, 14.6557222 ], [ 121.0144271, 14.6558026 ], [ 121.0139793, 14.6565123 ], [ 121.0144081, 14.656517 ], [ 121.0144123, 14.6567331 ], [ 121.0142929, 14.6567383 ], [ 121.0142956, 14.6569043 ], [ 121.0144342, 14.6569095 ], [ 121.0142786, 14.6571262 ], [ 121.014108, 14.6573531 ] ] ] } },
{ "type": "Feature", "properties": { "Amenity": null, "Building": null, "Landuse": null, "Name": null, "Shop": null }, "geometry": { "type": "Polygon", "coordinates": [ [ [ 121.0107484, 14.6143765 ], [ 121.0107646, 14.6146972 ], [ 121.0104667, 14.6146949 ], [ 121.0097842, 14.6146785 ], [ 121.0098032, 14.6141673 ], [ 121.0098545, 14.6141467 ], [ 121.0107484, 14.6143765 ] ] ] } },
{ "type": "Feature", "properties": { "Amenity": null, "Building": null, "Landuse": null, "Name": null, "Shop": null }, "geometry": { "type": "Polygon", "coordinates": [ [ [ 121.0457678, 14.6747273 ], [ 121.0459876, 14.6748466 ], [ 121.0460751, 14.6749737 ], [ 121.0459837, 14.6750349 ], [ 121.0459017, 14.6749257 ], [ 121.0457107, 14.6748318 ], [ 121.0457678, 14.6747273 ] ] ] } },
{ "type": "Feature", "properties": { "Amenity": null, "Building": null, "Landuse": null, "Name": null, "Shop": null }, "geometry": { "type": "Polygon", "coordinates": [ [ [ 121.0034835, 14.6385846 ], [ 121.0036852, 14.6373539 ], [ 121.0055465, 14.637608 ], [ 121.0053448, 14.6388284 ], [ 121.0034835, 14.6385846 ] ] ] } },
{ "type": "Feature", "properties": { "Amenity": null, "Building": null, "Landuse": null, "Name": null, "Shop": null }, "geometry": { "type": "Polygon", "coordinates": [ [ [ 121.0551437, 14.6467235 ], [ 121.0549977, 14.6466426 ], [ 121.0552163, 14.6462764 ], [ 121.0552454, 14.6462246 ], [ 121.0553913, 14.6463055 ], [ 121.0553622, 14.6463586 ], [ 121.0551437, 14.6467235 ] ] ] } },
{ "type": "Feature", "properties": { "Amenity": null, "Building": null, "Landuse": null, "Name": null, "Shop": null }, "geometry": { "type": "Polygon", "coordinates": [ [ [ 121.0564, 14.6467925 ], [ 121.056247, 14.6467617 ], [ 121.0562982, 14.6465234 ], [ 121.0564512, 14.6465542 ], [ 121.0564, 14.6467925 ] ] ] } },
{ "type": "Feature", "properties": { "Amenity": null, "Building": null, "Landuse": null, "Name": null, "Shop": null }, "geometry": { "type": "Polygon", "coordinates": [ [ [ 121.0480269, 14.6428561 ], [ 121.0476398, 14.642939 ], [ 121.0475603, 14.6425911 ], [ 121.0479473, 14.6425082 ], [ 121.0480269, 14.6428561 ] ] ] } },
{ "type": "Feature", "properties": { "Amenity": null, "Building": null, "Landuse": null, "Name": null, "Shop": null }, "geometry": { "type": "Polygon", "coordinates": [ [ [ 121.0350418, 14.6279469 ], [ 121.0348831, 14.6279035 ], [ 121.0348678, 14.6279559 ], [ 121.0344388, 14.6278387 ], [ 121.0345055, 14.6276099 ], [ 121.034563, 14.6276256 ], [ 121.0347055, 14.6276645 ], [ 121.0347152, 14.6276313 ], [ 121.0347531, 14.6276416 ], [ 121.0347959, 14.6276533 ], [ 121.0347864, 14.6276861 ], [ 121.0349957, 14.6277433 ], [ 121.0349987, 14.6277331 ], [ 121.0350964, 14.6277597 ], [ 121.0350418, 14.6279469 ] ] ] } },
{ "type": "Feature", "properties": { "Amenity": null, "Building": null, "Landuse": null, "Name": null, "Shop": null }, "geometry": { "type": "Polygon", "coordinates": [ [ [ 121.0491053, 14.6695876 ], [ 121.0489224, 14.6694872 ], [ 121.0490719, 14.6692324 ], [ 121.0492548, 14.6693328 ], [ 121.0491053, 14.6695876 ] ] ] } },
{ "type": "Feature", "properties": { "Amenity": null, "Building": null, "Landuse": null, "Name": null, "Shop": null }, "geometry": { "type": "Polygon", "coordinates": [ [ [ 121.050221, 14.7337867 ], [ 121.0501452, 14.7341182 ], [ 121.0496691, 14.7340163 ], [ 121.049745, 14.7336848 ], [ 121.050221, 14.7337867 ] ] ] } },
{ "type": "Feature", "properties": { "Amenity": null, "Building": null, "Landuse": null, "Name": null, "Shop": null }, "geometry": { "type": "Polygon", "coordinates": [ [ [ 121.0503059, 14.7337724 ], [ 121.0504099, 14.7334109 ], [ 121.0506716, 14.7334813 ], [ 121.0505676, 14.7338428 ], [ 121.0503059, 14.7337724 ] ] ] } },
{ "type": "Feature", "properties": { "Amenity": null, "Building": null, "Landuse": null, "Name": null, "Shop": null }, "geometry": { "type": "Polygon", "coordinates": [ [ [ 121.0333939, 14.6688792 ], [ 121.0333546, 14.6688524 ], [ 121.0335707, 14.6685946 ], [ 121.0336265, 14.6686402 ], [ 121.0339431, 14.6688883 ], [ 121.0339288, 14.669059 ], [ 121.0337892, 14.6692025 ], [ 121.0333939, 14.6688792 ] ] ] } },
{ "type": "Feature", "properties": { "Amenity": null, "Building": null, "Landuse": null, "Name": null, "Shop": null }, "geometry": { "type": "Polygon", "coordinates": [ [ [ 121.0301007, 14.6246057 ], [ 121.0305087, 14.6247251 ], [ 121.0304922, 14.6247785 ], [ 121.0304244, 14.6249948 ], [ 121.0300164, 14.6248754 ], [ 121.0301007, 14.6246057 ] ] ] } },
{ "type": "Feature", "properties": { "Amenity": null, "Building": null, "Landuse": null, "Name": null, "Shop": null }, "geometry": { "type": "Polygon", "coordinates": [ [ [ 121.0453336, 14.6827181 ], [ 121.045718, 14.6831615 ], [ 121.0454795, 14.6834195 ], [ 121.0452323, 14.6832276 ], [ 121.0451717, 14.6831863 ], [ 121.0453336, 14.6827181 ] ] ] } },
{ "type": "Feature", "properties": { "Amenity": null, "Building": null, "Landuse": null, "Name": null, "Shop": null }, "geometry": { "type": "Polygon", "coordinates": [ [ [ 120.9916928, 14.6264005 ], [ 120.9918941, 14.6265631 ], [ 120.9917508, 14.6267342 ], [ 120.9914981, 14.6268201 ], [ 120.9913735, 14.6264892 ], [ 120.9916928, 14.6264005 ] ] ] } },
{ "type": "Feature", "properties": { "Amenity": null, "Building": null, "Landuse": null, "Name": null, "Shop": null }, "geometry": { "type": "Polygon", "coordinates": [ [ [ 121.0630743, 14.6267827 ], [ 121.0636963, 14.6267665 ], [ 121.0637747, 14.6274227 ], [ 121.0635625, 14.627443 ], [ 121.0635901, 14.6276983 ], [ 121.0632811, 14.6276417 ], [ 121.0629521, 14.6275635 ], [ 121.0626836, 14.6274849 ], [ 121.0627992, 14.6273772 ], [ 121.0629243, 14.6272632 ], [ 121.0629635, 14.6271595 ], [ 121.0629814, 14.6270419 ], [ 121.0630064, 14.6269002 ], [ 121.0630743, 14.6267827 ] ] ] } },
{ "type": "Feature", "properties": { "Amenity": null, "Building": null, "Landuse": null, "Name": null, "Shop": null }, "geometry": { "type": "Polygon", "coordinates": [ [ [ 121.0397773, 14.6626769 ], [ 121.0396201, 14.662645 ], [ 121.0396786, 14.6623749 ], [ 121.0398358, 14.6624067 ], [ 121.0397773, 14.6626769 ] ] ] } },
{ "type": "Feature", "properties": { "Amenity": null, "Building": null, "Landuse": null, "Name": null, "Shop": null }, "geometry": { "type": "Polygon", "coordinates": [ [ [ 121.0117419, 14.6173509 ], [ 121.0117803, 14.6171885 ], [ 121.0119513, 14.6172263 ], [ 121.011913, 14.6173888 ], [ 121.0117419, 14.6173509 ] ] ] } },
{ "type": "Feature", "properties": { "Amenity": null, "Building": null, "Landuse": null, "Name": null, "Shop": null }, "geometry": { "type": "Polygon", "coordinates": [ [ [ 121.0116222, 14.6173963 ], [ 121.0116994, 14.6173486 ], [ 121.0117922, 14.6174892 ], [ 121.011715, 14.6175368 ], [ 121.0116222, 14.6173963 ] ] ] } },
{ "type": "Feature", "properties": { "Amenity": null, "Building": null, "Landuse": null, "Name": null, "Shop": null }, "geometry": { "type": "Polygon", "coordinates": [ [ [ 121.0111722, 14.6173401 ], [ 121.0116035, 14.6174449 ], [ 121.0115644, 14.6175954 ], [ 121.0111332, 14.6174907 ], [ 121.0111722, 14.6173401 ] ] ] } },
{ "type": "Feature", "properties": { "Amenity": null, "Building": null, "Landuse": null, "Name": null, "Shop": null }, "geometry": { "type": "Polygon", "coordinates": [ [ [ 121.0072566, 14.6388916 ], [ 121.0076482, 14.6385529 ], [ 121.0077422, 14.6390356 ], [ 121.0076229, 14.639142 ], [ 121.0075478, 14.6390615 ], [ 121.0074647, 14.6391213 ], [ 121.0072566, 14.6388916 ] ] ] } },
{ "type": "Feature", "properties": { "Amenity": null, "Building": null, "Landuse": null, "Name": null, "Shop": null }, "geometry": { "type": "Polygon", "coordinates": [ [ [ 121.0229076, 14.6569173 ], [ 121.0226534, 14.6569673 ], [ 121.0225736, 14.6565879 ], [ 121.0228278, 14.6565379 ], [ 121.0229076, 14.6569173 ] ] ] } },
{ "type": "Feature", "properties": { "Amenity": null, "Building": null, "Landuse": null, "Name": null, "Shop": null }, "geometry": { "type": "Polygon", "coordinates": [ [ [ 121.0045332, 14.656554 ], [ 121.0045471, 14.6559596 ], [ 121.0049975, 14.6559695 ], [ 121.0049836, 14.6565638 ], [ 121.0045332, 14.656554 ] ] ] } },
{ "type": "Feature", "properties": { "Amenity": null, "Building": null, "Landuse": null, "Name": null, "Shop": null }, "geometry": { "type": "Polygon", "coordinates": [ [ [ 121.0233, 14.6564024 ], [ 121.0232167, 14.6560156 ], [ 121.0234144, 14.6559757 ], [ 121.0234978, 14.6563625 ], [ 121.0233, 14.6564024 ] ] ] } },
{ "type": "Feature", "properties": { "Amenity": null, "Building": null, "Landuse": null, "Name": null, "Shop": null }, "geometry": { "type": "Polygon", "coordinates": [ [ [ 121.019649, 14.6593736 ], [ 121.019662, 14.6595216 ], [ 121.0196906, 14.6595193 ], [ 121.0197408, 14.6600902 ], [ 121.0196792, 14.6600953 ], [ 121.0197065, 14.6604054 ], [ 121.0192479, 14.6604431 ], [ 121.0192558, 14.660533 ], [ 121.0191478, 14.6605419 ], [ 121.0191462, 14.6605245 ], [ 121.0191173, 14.6605269 ], [ 121.0191133, 14.6604811 ], [ 121.019084, 14.6604835 ], [ 121.0190689, 14.6603119 ], [ 121.0191275, 14.6603071 ], [ 121.0191243, 14.6602709 ], [ 121.0192332, 14.6602619 ], [ 121.0192189, 14.6600992 ], [ 121.0191463, 14.6601052 ], [ 121.0191415, 14.6600503 ], [ 121.0191081, 14.6600531 ], [ 121.019101, 14.6599716 ], [ 121.0190229, 14.6599781 ], [ 121.0190134, 14.6598707 ], [ 121.019133, 14.6598608 ], [ 121.0191267, 14.6597896 ], [ 121.0190857, 14.659793 ], [ 121.01907, 14.6596145 ], [ 121.0191632, 14.6596068 ], [ 121.0191506, 14.6594641 ], [ 121.019342, 14.6594483 ], [ 121.0193355, 14.6593749 ], [ 121.0195255, 14.6593593 ], [ 121.0195276, 14.6593836 ], [ 121.019649, 14.6593736 ] ] ] } },
{ "type": "Feature", "properties": { "Amenity": null, "Building": null, "Landuse": null, "Name": null, "Shop": null }, "geometry": { "type": "Polygon", "coordinates": [ [ [ 121.072445, 14.6524286 ], [ 121.0724524, 14.6522475 ], [ 121.0726695, 14.6522558 ], [ 121.0726622, 14.6524369 ], [ 121.072445, 14.6524286 ] ] ] } },
{ "type": "Feature", "properties": { "Amenity": null, "Building": null, "Landuse": null, "Name": null, "Shop": null }, "geometry": { "type": "Polygon", "coordinates": [ [ [ 121.0720928, 14.6524351 ], [ 121.0720949, 14.6522733 ], [ 121.0721445, 14.6522739 ], [ 121.0721449, 14.6522446 ], [ 121.0722131, 14.6522455 ], [ 121.0722106, 14.6524365 ], [ 121.0720928, 14.6524351 ] ] ] } },
{ "type": "Feature", "properties": { "Amenity": null, "Building": null, "Landuse": null, "Name": null, "Shop": null }, "geometry": { "type": "Polygon", "coordinates": [ [ [ 121.0638351, 14.6045472 ], [ 121.0637288, 14.6045197 ], [ 121.0638187, 14.604194 ], [ 121.0641334, 14.6042753 ], [ 121.0640452, 14.6045951 ], [ 121.0639385, 14.6045676 ], [ 121.0639293, 14.6046009 ], [ 121.0638276, 14.6045746 ], [ 121.0638351, 14.6045472 ] ] ] } },
{ "type": "Feature", "properties": { "Amenity": null, "Building": null, "Landuse": null, "Name": null, "Shop": null }, "geometry": { "type": "Polygon", "coordinates": [ [ [ 121.0365255, 14.6451684 ], [ 121.0364684, 14.6452532 ], [ 121.0364082, 14.6453428 ], [ 121.0360649, 14.6451266 ], [ 121.0361823, 14.6449522 ], [ 121.0365255, 14.6451684 ] ] ] } },
{ "type": "Feature", "properties": { "Amenity": null, "Building": null, "Landuse": null, "Name": null, "Shop": null }, "geometry": { "type": "Polygon", "coordinates": [ [ [ 121.0513921, 14.7205235 ], [ 121.0516033, 14.7203033 ], [ 121.0518311, 14.7204851 ], [ 121.0516211, 14.7207248 ], [ 121.0513921, 14.7205235 ] ] ] } },
{ "type": "Feature", "properties": { "Amenity": null, "Building": null, "Landuse": null, "Name": null, "Shop": null }, "geometry": { "type": "Polygon", "coordinates": [ [ [ 121.0508998, 14.7152499 ], [ 121.0510041, 14.7152525 ], [ 121.0510023, 14.7153212 ], [ 121.050898, 14.7153186 ], [ 121.0508998, 14.7152499 ] ] ] } },
{ "type": "Feature", "properties": { "Amenity": null, "Building": null, "Landuse": null, "Name": null, "Shop": null }, "geometry": { "type": "Polygon", "coordinates": [ [ [ 121.0505221, 14.71516 ], [ 121.0505238, 14.7150711 ], [ 121.0506162, 14.7150727 ], [ 121.0506145, 14.7151616 ], [ 121.0505221, 14.71516 ] ] ] } },
{ "type": "Feature", "properties": { "Amenity": null, "Building": null, "Landuse": null, "Name": null, "Shop": null }, "geometry": { "type": "Polygon", "coordinates": [ [ [ 121.0717819, 14.6501321 ], [ 121.071715, 14.6500914 ], [ 121.0716591, 14.6500375 ], [ 121.0716171, 14.6499728 ], [ 121.071591, 14.6499007 ], [ 121.0715821, 14.6498248 ], [ 121.0715909, 14.6497489 ], [ 121.0716169, 14.6496768 ], [ 121.0716589, 14.6496121 ], [ 121.0717147, 14.649558 ], [ 121.0717816, 14.6495173 ], [ 121.0718561, 14.6494921 ], [ 121.0719345, 14.6494835 ], [ 121.072013, 14.649492 ], [ 121.0720875, 14.6495172 ], [ 121.0721544, 14.6495578 ], [ 121.0722103, 14.6496118 ], [ 121.0722523, 14.6496765 ], [ 121.0722784, 14.6497486 ], [ 121.0722873, 14.6498245 ], [ 121.0722785, 14.6499004 ], [ 121.0722525, 14.6499725 ], [ 121.0722105, 14.6500372 ], [ 121.0721547, 14.6500913 ], [ 121.0720878, 14.6501319 ], [ 121.0720133, 14.6501572 ], [ 121.0719349, 14.6501658 ], [ 121.0718564, 14.6501573 ], [ 121.0717819, 14.6501321 ] ] ] } },
{ "type": "Feature", "properties": { "Amenity": null, "Building": null, "Landuse": null, "Name": null, "Shop": null }, "geometry": { "type": "Polygon", "coordinates": [ [ [ 121.0849089, 14.6772371 ], [ 121.0849092, 14.6770368 ], [ 121.0857954, 14.677038 ], [ 121.0857954, 14.6770259 ], [ 121.0859518, 14.6770262 ], [ 121.0859516, 14.6771661 ], [ 121.0858858, 14.677166 ], [ 121.0858858, 14.677149 ], [ 121.0858689, 14.677149 ], [ 121.0858689, 14.677112 ], [ 121.0858358, 14.677112 ], [ 121.0858358, 14.6771185 ], [ 121.0858073, 14.6771185 ], [ 121.0858072, 14.6771364 ], [ 121.0857032, 14.6771363 ], [ 121.0857032, 14.6771542 ], [ 121.0855239, 14.6771539 ], [ 121.0855239, 14.6771617 ], [ 121.0853628, 14.6771614 ], [ 121.0853628, 14.6771478 ], [ 121.0853226, 14.6771478 ], [ 121.0853226, 14.6771641 ], [ 121.0851331, 14.6771638 ], [ 121.085133, 14.6771727 ], [ 121.0849703, 14.6771725 ], [ 121.0849702, 14.6772372 ], [ 121.0849089, 14.6772371 ] ] ] } },
{ "type": "Feature", "properties": { "Amenity": null, "Building": null, "Landuse": null, "Name": null, "Shop": null }, "geometry": { "type": "Polygon", "coordinates": [ [ [ 121.0589526, 14.7358204 ], [ 121.0589012, 14.7372146 ], [ 121.0570809, 14.7371577 ], [ 121.0569644, 14.7371216 ], [ 121.054367, 14.7363149 ], [ 121.0537748, 14.7361346 ], [ 121.0540358, 14.7353366 ], [ 121.0542727, 14.7346077 ], [ 121.0543511, 14.7343598 ], [ 121.0544396, 14.7343886 ], [ 121.0545283, 14.7344184 ], [ 121.0547158, 14.7344727 ], [ 121.054782, 14.7344919 ], [ 121.055076, 14.7345884 ], [ 121.0550706, 14.7346117 ], [ 121.0551356, 14.7346325 ], [ 121.0551819, 14.7346468 ], [ 121.0551658, 14.7347078 ], [ 121.0575349, 14.7354337 ], [ 121.057553, 14.7353912 ], [ 121.0577421, 14.7354451 ], [ 121.057779, 14.7353329 ], [ 121.0579641, 14.7354042 ], [ 121.0579588, 14.7358185 ], [ 121.0582491, 14.735822 ], [ 121.0589526, 14.7358204 ] ] ] } },
{ "type": "Feature", "properties": { "Amenity": null, "Building": null, "Landuse": null, "Name": null, "Shop": null }, "geometry": { "type": "Polygon", "coordinates": [ [ [ 121.0445523, 14.6938845 ], [ 121.044471, 14.6942703 ], [ 121.0439459, 14.6942871 ], [ 121.0439461, 14.6941571 ], [ 121.0440963, 14.6941338 ], [ 121.0441111, 14.6938754 ], [ 121.0445523, 14.6938845 ] ] ] } },
{ "type": "Feature", "properties": { "Amenity": null, "Building": null, "Landuse": null, "Name": null, "Shop": null }, "geometry": { "type": "Polygon", "coordinates": [ [ [ 121.0467486, 14.6369987 ], [ 121.0466627, 14.6365778 ], [ 121.0468957, 14.6365321 ], [ 121.0467778, 14.636074 ], [ 121.0472284, 14.635979 ], [ 121.0476087, 14.6359014 ], [ 121.0478455, 14.636904 ], [ 121.0474545, 14.6369693 ], [ 121.0472331, 14.6369944 ], [ 121.0467486, 14.6369987 ] ] ] } },
{ "type": "Feature", "properties": { "Amenity": null, "Building": null, "Landuse": null, "Name": null, "Shop": null }, "geometry": { "type": "Polygon", "coordinates": [ [ [ 121.0471855, 14.637887 ], [ 121.0477028, 14.6377767 ], [ 121.047909, 14.6386932 ], [ 121.047385, 14.6388002 ], [ 121.0473727, 14.6387471 ], [ 121.0471855, 14.637887 ] ] ] } },
{ "type": "Feature", "properties": { "Amenity": null, "Building": null, "Landuse": null, "Name": null, "Shop": null }, "geometry": { "type": "Polygon", "coordinates": [ [ [ 121.0426127, 14.6374355 ], [ 121.0426809, 14.6373323 ], [ 121.0427593, 14.6373809 ], [ 121.0428771, 14.637203 ], [ 121.0427992, 14.6371547 ], [ 121.0428503, 14.6370775 ], [ 121.0431514, 14.6372641 ], [ 121.042991, 14.6375064 ], [ 121.0437284, 14.6379633 ], [ 121.0436517, 14.6380792 ], [ 121.0426127, 14.6374355 ] ] ] } },
{ "type": "Feature", "properties": { "Amenity": null, "Building": null, "Landuse": null, "Name": null, "Shop": null }, "geometry": { "type": "Polygon", "coordinates": [ [ [ 121.042153, 14.6397489 ], [ 121.0422762, 14.6395562 ], [ 121.0426132, 14.639758 ], [ 121.0424899, 14.6399506 ], [ 121.042153, 14.6397489 ] ] ] } },
{ "type": "Feature", "properties": { "Amenity": null, "Building": null, "Landuse": null, "Name": null, "Shop": null }, "geometry": { "type": "Polygon", "coordinates": [ [ [ 121.0425426, 14.6388315 ], [ 121.0426534, 14.638656 ], [ 121.0431038, 14.6389223 ], [ 121.042993, 14.6390978 ], [ 121.0425426, 14.6388315 ] ] ] } },
{ "type": "Feature", "properties": { "Amenity": null, "Building": null, "Landuse": null, "Name": null, "Shop": null }, "geometry": { "type": "Polygon", "coordinates": [ [ [ 121.0418704, 14.6398539 ], [ 121.0419781, 14.6396826 ], [ 121.0423381, 14.6398944 ], [ 121.0422305, 14.6400657 ], [ 121.0418704, 14.6398539 ] ] ] } },
{ "type": "Feature", "properties": { "Amenity": null, "Building": null, "Landuse": null, "Name": null, "Shop": null }, "geometry": { "type": "Polygon", "coordinates": [ [ [ 121.043662, 14.6388489 ], [ 121.0434268, 14.6392 ], [ 121.0432117, 14.6390651 ], [ 121.043447, 14.638714 ], [ 121.043662, 14.6388489 ] ] ] } },
{ "type": "Feature", "properties": { "Amenity": null, "Building": null, "Landuse": null, "Name": null, "Shop": null }, "geometry": { "type": "Polygon", "coordinates": [ [ [ 121.0802119, 14.6387692 ], [ 121.0802157, 14.6385854 ], [ 121.0806684, 14.6385941 ], [ 121.0806703, 14.6386209 ], [ 121.0807356, 14.6386231 ], [ 121.0807374, 14.6387018 ], [ 121.0806662, 14.6387022 ], [ 121.0806646, 14.638778 ], [ 121.0802119, 14.6387692 ] ] ] } },
{ "type": "Feature", "properties": { "Amenity": null, "Building": null, "Landuse": null, "Name": null, "Shop": null }, "geometry": { "type": "Polygon", "coordinates": [ [ [ 121.0373341, 14.6417736 ], [ 121.0374938, 14.6415309 ], [ 121.0376818, 14.6416468 ], [ 121.0375221, 14.6418894 ], [ 121.0373341, 14.6417736 ] ] ] } },
{ "type": "Feature", "properties": { "Amenity": null, "Building": null, "Landuse": null, "Name": null, "Shop": null }, "geometry": { "type": "Polygon", "coordinates": [ [ [ 121.0448338, 14.6409802 ], [ 121.0451386, 14.6418776 ], [ 121.0451505, 14.6419434 ], [ 121.0451002, 14.6419765 ], [ 121.0449003, 14.6416943 ], [ 121.0448239, 14.641752 ], [ 121.0444625, 14.6412544 ], [ 121.0448338, 14.6409802 ] ] ] } },
{ "type": "Feature", "properties": { "Amenity": null, "Building": null, "Landuse": null, "Name": null, "Shop": null }, "geometry": { "type": "Polygon", "coordinates": [ [ [ 121.0387798, 14.6285938 ], [ 121.0388379, 14.6283981 ], [ 121.0390101, 14.6284459 ], [ 121.0389519, 14.6286417 ], [ 121.0387798, 14.6285938 ] ] ] } },
{ "type": "Feature", "properties": { "Amenity": null, "Building": null, "Landuse": null, "Name": null, "Shop": null }, "geometry": { "type": "Polygon", "coordinates": [ [ [ 121.0645375, 14.6120453 ], [ 121.064322, 14.612995 ], [ 121.0636949, 14.6128321 ], [ 121.0639463, 14.611912 ], [ 121.0645375, 14.6120453 ] ] ] } },
{ "type": "Feature", "properties": { "Amenity": null, "Building": null, "Landuse": null, "Name": null, "Shop": null }, "geometry": { "type": "Polygon", "coordinates": [ [ [ 121.0201201, 14.6048523 ], [ 121.0204768, 14.6054468 ], [ 121.0196386, 14.606311 ], [ 121.0191169, 14.6058153 ], [ 121.0194951, 14.6054415 ], [ 121.0201201, 14.6048523 ] ] ] } },
{ "type": "Feature", "properties": { "Amenity": null, "Building": null, "Landuse": null, "Name": null, "Shop": null }, "geometry": { "type": "Polygon", "coordinates": [ [ [ 121.0781921, 14.6331024 ], [ 121.0783354, 14.6331595 ], [ 121.0787821, 14.6333002 ], [ 121.0795619, 14.6336149 ], [ 121.0802668, 14.6340398 ], [ 121.080592, 14.6341758 ], [ 121.0808121, 14.6342774 ], [ 121.0811795, 14.6343724 ], [ 121.0815732, 14.6344983 ], [ 121.081718, 14.6345522 ], [ 121.0817977, 14.6348864 ], [ 121.08191, 14.6348656 ], [ 121.0820162, 14.6353498 ], [ 121.081938, 14.635586 ], [ 121.0817551, 14.6359505 ], [ 121.0816043, 14.6362087 ], [ 121.0815787, 14.6363757 ], [ 121.0817386, 14.6369035 ], [ 121.0818386, 14.6373806 ], [ 121.0819219, 14.6379116 ], [ 121.0819852, 14.6383165 ], [ 121.0816883, 14.6383388 ], [ 121.0811626, 14.638401 ], [ 121.0807133, 14.6384576 ], [ 121.0809909, 14.638754 ], [ 121.0814591, 14.6391565 ], [ 121.0814819, 14.6395869 ], [ 121.0817834, 14.6400111 ], [ 121.0819699, 14.640143 ], [ 121.0822636, 14.6408543 ], [ 121.0822965, 14.6410949 ], [ 121.0824574, 14.6413518 ], [ 121.0822937, 14.6419772 ], [ 121.0823549, 14.6424372 ], [ 121.0831803, 14.6433858 ], [ 121.0831645, 14.6436992 ], [ 121.083191, 14.6439884 ], [ 121.0831984, 14.6442567 ], [ 121.0830492, 14.6453474 ], [ 121.0828836, 14.6457813 ], [ 121.0828178, 14.646006 ], [ 121.0826545, 14.6461445 ], [ 121.0825292, 14.6461787 ], [ 121.0820142, 14.6465275 ], [ 121.0817572, 14.6467014 ], [ 121.0812274, 14.6470414 ], [ 121.0809317, 14.6470018 ], [ 121.080858, 14.646992 ], [ 121.0807178, 14.6469582 ], [ 121.0806506, 14.646942 ], [ 121.0805178, 14.6468711 ], [ 121.079895, 14.645989 ], [ 121.0798737, 14.6455396 ], [ 121.0801483, 14.645249 ], [ 121.0801468, 14.6450421 ], [ 121.0801302, 14.6427606 ], [ 121.0794948, 14.6424538 ], [ 121.0791817, 14.6422863 ], [ 121.0791332, 14.6422047 ], [ 121.0787717, 14.6420666 ], [ 121.0785787, 14.6421142 ], [ 121.0781515, 14.6421182 ], [ 121.0780413, 14.6421502 ], [ 121.0775294, 14.6421417 ], [ 121.0774314, 14.6420823 ], [ 121.0773008, 14.6420557 ], [ 121.0771817, 14.6419692 ], [ 121.0770443, 14.6419559 ], [ 121.0768999, 14.6420025 ], [ 121.0763478, 14.6420269 ], [ 121.0761645, 14.6420468 ], [ 121.0760252, 14.6420249 ], [ 121.0759439, 14.6420289 ], [ 121.0757132, 14.6422485 ], [ 121.075688, 14.6422773 ], [ 121.0756445, 14.6422795 ], [ 121.0755735, 14.6421554 ], [ 121.075491, 14.6420468 ], [ 121.0752491, 14.6418983 ], [ 121.0750704, 14.6418096 ], [ 121.0749352, 14.6417121 ], [ 121.0748804, 14.6416378 ], [ 121.0748207, 14.6415569 ], [ 121.0747359, 14.6412333 ], [ 121.074697, 14.6401627 ], [ 121.0746829, 14.6397856 ], [ 121.0746122, 14.6379002 ], [ 121.0746104, 14.6372562 ], [ 121.0746089, 14.6367027 ], [ 121.0745866, 14.6359051 ], [ 121.0746086, 14.6358864 ], [ 121.0746555, 14.6358664 ], [ 121.0746844, 14.6358557 ], [ 121.0746853, 14.6358307 ], [ 121.074686, 14.6358014 ], [ 121.0746858, 14.6357958 ], [ 121.0746527, 14.6357791 ], [ 121.0746114, 14.6357518 ], [ 121.0745935, 14.6357238 ], [ 121.0745742, 14.6356731 ], [ 121.0745666, 14.6355304 ], [ 121.0745246, 14.6348491 ], [ 121.0745232, 14.6347611 ], [ 121.0745218, 14.6346531 ], [ 121.0745218, 14.6345931 ], [ 121.0754448, 14.6345109 ], [ 121.0754301, 14.634446 ], [ 121.0754244, 14.6343864 ], [ 121.0753478, 14.6339403 ], [ 121.0761681, 14.6337152 ], [ 121.0762658, 14.6335883 ], [ 121.0766205, 14.6337502 ], [ 121.0769149, 14.6333747 ], [ 121.0770522, 14.6332335 ], [ 121.0772029, 14.6330429 ], [ 121.0773288, 14.6329398 ], [ 121.0781852, 14.6327038 ], [ 121.0781921, 14.6331024 ] ] ] } },
{ "type": "Feature", "properties": { "Amenity": null, "Building": null, "Landuse": null, "Name": null, "Shop": null }, "geometry": { "type": "Polygon", "coordinates": [ [ [ 121.0606465, 14.6439832 ], [ 121.0606511, 14.6438815 ], [ 121.0609327, 14.6438936 ], [ 121.0609314, 14.6439231 ], [ 121.0609281, 14.6439952 ], [ 121.0606465, 14.6439832 ] ] ] } },
{ "type": "Feature", "properties": { "Amenity": null, "Building": null, "Landuse": null, "Name": null, "Shop": null }, "geometry": { "type": "Polygon", "coordinates": [ [ [ 121.0541056, 14.6122667 ], [ 121.0538045, 14.6121335 ], [ 121.0538653, 14.6120008 ], [ 121.0541664, 14.6121339 ], [ 121.0541056, 14.6122667 ] ] ] } },
{ "type": "Feature", "properties": { "Amenity": null, "Building": null, "Landuse": null, "Name": null, "Shop": null }, "geometry": { "type": "Polygon", "coordinates": [ [ [ 121.0337482, 14.6874842 ], [ 121.0337487, 14.6876936 ], [ 121.0335765, 14.687697 ], [ 121.0335824, 14.6878804 ], [ 121.0333625, 14.6879012 ], [ 121.0334935, 14.6874545 ], [ 121.0335443, 14.6874206 ], [ 121.0335497, 14.6874842 ], [ 121.0337482, 14.6874842 ] ] ] } },
{ "type": "Feature", "properties": { "Amenity": null, "Building": null, "Landuse": null, "Name": null, "Shop": null }, "geometry": { "type": "Polygon", "coordinates": [ [ [ 121.0334316, 14.6872389 ], [ 121.0337554, 14.6870227 ], [ 121.0338657, 14.6871773 ], [ 121.0335926, 14.6873596 ], [ 121.0335418, 14.6873935 ], [ 121.0334316, 14.6872389 ] ] ] } },
{ "type": "Feature", "properties": { "Amenity": null, "Building": null, "Landuse": null, "Name": null, "Shop": null }, "geometry": { "type": "Polygon", "coordinates": [ [ [ 121.0555177, 14.6729934 ], [ 121.0556443, 14.6728108 ], [ 121.0558786, 14.6729629 ], [ 121.0557519, 14.6731455 ], [ 121.0555177, 14.6729934 ] ] ] } },
{ "type": "Feature", "properties": { "Amenity": null, "Building": null, "Landuse": null, "Name": null, "Shop": null }, "geometry": { "type": "Polygon", "coordinates": [ [ [ 121.0558087, 14.6796003 ], [ 121.0558688, 14.6793278 ], [ 121.0559259, 14.6793396 ], [ 121.0559327, 14.6793089 ], [ 121.056222, 14.6793686 ], [ 121.0562037, 14.6794517 ], [ 121.055991, 14.6794078 ], [ 121.0559416, 14.6796315 ], [ 121.0558978, 14.6796225 ], [ 121.0558912, 14.6796522 ], [ 121.0558574, 14.6796453 ], [ 121.0558647, 14.6796119 ], [ 121.0558087, 14.6796003 ] ] ] } },
{ "type": "Feature", "properties": { "Amenity": null, "Building": null, "Landuse": null, "Name": null, "Shop": null }, "geometry": { "type": "Polygon", "coordinates": [ [ [ 121.0189728, 14.6213999 ], [ 121.019043, 14.6213404 ], [ 121.0191676, 14.6212348 ], [ 121.019344, 14.6210853 ], [ 121.0197406, 14.6214813 ], [ 121.0200919, 14.6218123 ], [ 121.020041, 14.6218681 ], [ 121.0200754, 14.6219148 ], [ 121.0197768, 14.6221801 ], [ 121.0189728, 14.6213999 ] ] ] } },
{ "type": "Feature", "properties": { "Amenity": null, "Building": null, "Landuse": null, "Name": null, "Shop": null }, "geometry": { "type": "Polygon", "coordinates": [ [ [ 121.0469094, 14.6279144 ], [ 121.0469022, 14.62793 ], [ 121.0462086, 14.6276282 ], [ 121.0460553, 14.627932 ], [ 121.0458207, 14.627844 ], [ 121.0458821, 14.6277068 ], [ 121.0458446, 14.6275926 ], [ 121.0458343, 14.6275882 ], [ 121.0461484, 14.626941 ], [ 121.0471617, 14.6273641 ], [ 121.0469094, 14.6279144 ] ] ] } },
{ "type": "Feature", "properties": { "Amenity": null, "Building": null, "Landuse": null, "Name": null, "Shop": null }, "geometry": { "type": "Polygon", "coordinates": [ [ [ 121.0494009, 14.6236876 ], [ 121.0494692, 14.6235423 ], [ 121.0495037, 14.6234679 ], [ 121.0495714, 14.6235418 ], [ 121.0496906, 14.6236589 ], [ 121.0497867, 14.6237477 ], [ 121.0498665, 14.623834 ], [ 121.050006, 14.6239624 ], [ 121.0499238, 14.6241044 ], [ 121.049727, 14.6238555 ], [ 121.0496283, 14.6238 ], [ 121.0496349, 14.6237917 ], [ 121.0494009, 14.6236876 ] ] ] } },
{ "type": "Feature", "properties": { "Amenity": null, "Building": null, "Landuse": null, "Name": null, "Shop": null }, "geometry": { "type": "Polygon", "coordinates": [ [ [ 121.0462609, 14.6292807 ], [ 121.045799, 14.629179 ], [ 121.0452021, 14.6292152 ], [ 121.0452759, 14.6286406 ], [ 121.0458425, 14.6287007 ], [ 121.0458988, 14.6282745 ], [ 121.046503, 14.6281544 ], [ 121.0465946, 14.6281161 ], [ 121.046802, 14.6281035 ], [ 121.0462609, 14.6292807 ] ] ] } },
{ "type": "Feature", "properties": { "Amenity": null, "Building": null, "Landuse": null, "Name": null, "Shop": null }, "geometry": { "type": "Polygon", "coordinates": [ [ [ 121.0274509, 14.6559601 ], [ 121.0274065, 14.6557645 ], [ 121.0275582, 14.6557323 ], [ 121.0276026, 14.6559279 ], [ 121.0274509, 14.6559601 ] ] ] } },
{ "type": "Feature", "properties": { "Amenity": null, "Building": null, "Landuse": null, "Name": null, "Shop": null }, "geometry": { "type": "Polygon", "coordinates": [ [ [ 121.0471054, 14.6817707 ], [ 121.0466478, 14.6814391 ], [ 121.046721, 14.6810038 ], [ 121.0467285, 14.6807284 ], [ 121.0468544, 14.6806913 ], [ 121.0471039, 14.6809729 ], [ 121.0471795, 14.6810818 ], [ 121.0472487, 14.681185 ], [ 121.0473593, 14.6813374 ], [ 121.0471888, 14.68144 ], [ 121.0472748, 14.6815529 ], [ 121.0471054, 14.6817707 ] ] ] } },
{ "type": "Feature", "properties": { "Amenity": null, "Building": null, "Landuse": null, "Name": null, "Shop": null }, "geometry": { "type": "Polygon", "coordinates": [ [ [ 121.053006, 14.6776498 ], [ 121.0529443, 14.6777243 ], [ 121.0519995, 14.6774817 ], [ 121.0520867, 14.677125 ], [ 121.0529007, 14.6773183 ], [ 121.053006, 14.6776498 ] ] ] } },
{ "type": "Feature", "properties": { "Amenity": null, "Building": null, "Landuse": null, "Name": null, "Shop": null }, "geometry": { "type": "Polygon", "coordinates": [ [ [ 121.0172453, 14.6345127 ], [ 121.0172968, 14.6336778 ], [ 121.0176163, 14.633697 ], [ 121.0176079, 14.6340132 ], [ 121.0178902, 14.634026 ], [ 121.0178958, 14.6343491 ], [ 121.0177315, 14.6343459 ], [ 121.0177269, 14.6345048 ], [ 121.0175901, 14.6345031 ], [ 121.01753, 14.6346993 ], [ 121.01724, 14.6346056 ], [ 121.0172453, 14.6345127 ] ] ] } },
{ "type": "Feature", "properties": { "Amenity": null, "Building": null, "Landuse": null, "Name": null, "Shop": null }, "geometry": { "type": "Polygon", "coordinates": [ [ [ 121.0617461, 14.6522169 ], [ 121.0620158, 14.6522242 ], [ 121.0620148, 14.6522593 ], [ 121.0620099, 14.6524282 ], [ 121.0617402, 14.6524208 ], [ 121.0617461, 14.6522169 ] ] ] } },
{ "type": "Feature", "properties": { "Amenity": null, "Building": null, "Landuse": null, "Name": null, "Shop": null }, "geometry": { "type": "Polygon", "coordinates": [ [ [ 121.0710492, 14.6496643 ], [ 121.0713874, 14.649674 ], [ 121.0713791, 14.6499487 ], [ 121.0710408, 14.6499391 ], [ 121.0710492, 14.6496643 ] ] ] } },
{ "type": "Feature", "properties": { "Amenity": null, "Building": null, "Landuse": null, "Name": null, "Shop": null }, "geometry": { "type": "Polygon", "coordinates": [ [ [ 121.0135613, 14.6639827 ], [ 121.0140491, 14.6643407 ], [ 121.014173, 14.6648539 ], [ 121.0139041, 14.6649037 ], [ 121.0139242, 14.6650879 ], [ 121.0136345, 14.6651138 ], [ 121.0126152, 14.6655433 ], [ 121.0124972, 14.6655965 ], [ 121.0123718, 14.6654843 ], [ 121.0123364, 14.6652823 ], [ 121.0123442, 14.6647872 ], [ 121.0127802, 14.6637736 ], [ 121.0129981, 14.6637853 ], [ 121.0135613, 14.6639827 ] ] ] } },
{ "type": "Feature", "properties": { "Amenity": null, "Building": null, "Landuse": null, "Name": null, "Shop": null }, "geometry": { "type": "Polygon", "coordinates": [ [ [ 121.013021, 14.671422 ], [ 121.013934, 14.672435 ], [ 121.0136575, 14.673666 ], [ 121.0130403, 14.6729261 ], [ 121.012273, 14.672036 ], [ 121.013021, 14.671422 ] ] ] } },
{ "type": "Feature", "properties": { "Amenity": null, "Building": null, "Landuse": null, "Name": null, "Shop": null }, "geometry": { "type": "Polygon", "coordinates": [ [ [ 121.0570814, 14.7278753 ], [ 121.0566983, 14.7276214 ], [ 121.0571815, 14.7270222 ], [ 121.0575002, 14.7273189 ], [ 121.0570814, 14.7278753 ] ] ] } },
{ "type": "Feature", "properties": { "Amenity": null, "Building": null, "Landuse": null, "Name": null, "Shop": null }, "geometry": { "type": "Polygon", "coordinates": [ [ [ 121.0576189, 14.736258 ], [ 121.0577079, 14.7361116 ], [ 121.0580738, 14.736124 ], [ 121.0580696, 14.736278 ], [ 121.0576189, 14.736258 ] ] ] } },
{ "type": "Feature", "properties": { "Amenity": null, "Building": null, "Landuse": null, "Name": null, "Shop": null }, "geometry": { "type": "Polygon", "coordinates": [ [ [ 121.0176923, 14.6556963 ], [ 121.0177206, 14.6557996 ], [ 121.0175891, 14.6558333 ], [ 121.0175608, 14.65573 ], [ 121.0176923, 14.6556963 ] ] ] } },
{ "type": "Feature", "properties": { "Amenity": null, "Building": null, "Landuse": null, "Name": null, "Shop": null }, "geometry": { "type": "Polygon", "coordinates": [ [ [ 121.0426074, 14.6670293 ], [ 121.0423455, 14.6669687 ], [ 121.0421513, 14.6669102 ], [ 121.0419423, 14.6668093 ], [ 121.0421953, 14.6663139 ], [ 121.0421899, 14.6658066 ], [ 121.042388, 14.6657732 ], [ 121.0426386, 14.665723 ], [ 121.0428645, 14.6657107 ], [ 121.04286, 14.6657972 ], [ 121.0427513, 14.6664377 ], [ 121.0426826, 14.6667203 ], [ 121.0426074, 14.6670293 ] ] ] } },
{ "type": "Feature", "properties": { "Amenity": null, "Building": null, "Landuse": null, "Name": null, "Shop": null }, "geometry": { "type": "Polygon", "coordinates": [ [ [ 121.007177, 14.624399 ], [ 121.0075046, 14.624062 ], [ 121.0076979, 14.6242379 ], [ 121.0073703, 14.6245749 ], [ 121.007177, 14.624399 ] ] ] } },
{ "type": "Feature", "properties": { "Amenity": null, "Building": null, "Landuse": null, "Name": null, "Shop": null }, "geometry": { "type": "Polygon", "coordinates": [ [ [ 121.0169095, 14.6205963 ], [ 121.0170838, 14.6201305 ], [ 121.0169766, 14.6200204 ], [ 121.0169202, 14.6199423 ], [ 121.0168867, 14.6198917 ], [ 121.016766, 14.6198268 ], [ 121.0167837, 14.6196519 ], [ 121.0168043, 14.6196538 ], [ 121.0168078, 14.6195742 ], [ 121.0170957, 14.6196674 ], [ 121.0175677, 14.619798 ], [ 121.017736, 14.6198461 ], [ 121.0177319, 14.6198596 ], [ 121.0178415, 14.6198904 ], [ 121.018214, 14.6200066 ], [ 121.0182586, 14.6200189 ], [ 121.0181755, 14.6202797 ], [ 121.0180229, 14.6207744 ], [ 121.0179174, 14.6207398 ], [ 121.0176616, 14.6206648 ], [ 121.017627, 14.6206547 ], [ 121.0174915, 14.6206106 ], [ 121.0175403, 14.6204309 ], [ 121.0173165, 14.6203683 ], [ 121.0172156, 14.6206811 ], [ 121.0171536, 14.6208416 ], [ 121.0170956, 14.6207834 ], [ 121.0169095, 14.6205963 ] ] ] } },
{ "type": "Feature", "properties": { "Amenity": null, "Building": null, "Landuse": null, "Name": null, "Shop": null }, "geometry": { "type": "Polygon", "coordinates": [ [ [ 121.0537946, 14.6749448 ], [ 121.0537657, 14.6749373 ], [ 121.0537731, 14.6749107 ], [ 121.0538008, 14.6749179 ], [ 121.0537996, 14.6748342 ], [ 121.0539711, 14.6748329 ], [ 121.0539719, 14.6748877 ], [ 121.0539595, 14.674888 ], [ 121.0539595, 14.6749178 ], [ 121.0539739, 14.6749178 ], [ 121.0539749, 14.6749642 ], [ 121.0539595, 14.6749645 ], [ 121.0539627, 14.6750274 ], [ 121.0538988, 14.67517 ], [ 121.0537152, 14.6750995 ], [ 121.0537946, 14.6749448 ] ] ] } },
{ "type": "Feature", "properties": { "Amenity": null, "Building": null, "Landuse": null, "Name": null, "Shop": null }, "geometry": { "type": "Polygon", "coordinates": [ [ [ 121.0546875, 14.734797 ], [ 121.0546216, 14.7347779 ], [ 121.0544338, 14.7347235 ], [ 121.0544606, 14.7346371 ], [ 121.0545283, 14.7344184 ], [ 121.0547158, 14.7344727 ], [ 121.054782, 14.7344919 ], [ 121.0547712, 14.7345269 ], [ 121.0546875, 14.734797 ] ] ] } },
{ "type": "Feature", "properties": { "Amenity": null, "Building": null, "Landuse": null, "Name": null, "Shop": null }, "geometry": { "type": "Polygon", "coordinates": [ [ [ 121.051388, 14.7318244 ], [ 121.051916, 14.7310235 ], [ 121.0524149, 14.7311612 ], [ 121.0524121, 14.731417 ], [ 121.0524042, 14.7321379 ], [ 121.0521563, 14.7321018 ], [ 121.051388, 14.7318244 ] ] ] } },
{ "type": "Feature", "properties": { "Amenity": null, "Building": null, "Landuse": null, "Name": null, "Shop": null }, "geometry": { "type": "Polygon", "coordinates": [ [ [ 121.0193648, 14.6288594 ], [ 121.0193939, 14.6286874 ], [ 121.0196939, 14.6287349 ], [ 121.0196649, 14.6289068 ], [ 121.0193648, 14.6288594 ] ] ] } },
{ "type": "Feature", "properties": { "Amenity": null, "Building": null, "Landuse": null, "Name": null, "Shop": null }, "geometry": { "type": "Polygon", "coordinates": [ [ [ 121.000347, 14.6224464 ], [ 121.000624, 14.6225715 ], [ 121.0005355, 14.622755 ], [ 121.0002585, 14.6226299 ], [ 121.000347, 14.6224464 ] ] ] } },
{ "type": "Feature", "properties": { "Amenity": null, "Building": null, "Landuse": null, "Name": null, "Shop": null }, "geometry": { "type": "Polygon", "coordinates": [ [ [ 121.0737875, 14.6361531 ], [ 121.0737794, 14.6361238 ], [ 121.0736668, 14.6357802 ], [ 121.0734767, 14.6358324 ], [ 121.0734687, 14.6356051 ], [ 121.0735593, 14.6356002 ], [ 121.0735595, 14.6354755 ], [ 121.0741363, 14.6354532 ], [ 121.0741436, 14.6356546 ], [ 121.0738332, 14.6357425 ], [ 121.0739463, 14.6361096 ], [ 121.0737875, 14.6361531 ] ] ] } },
{ "type": "Feature", "properties": { "Amenity": null, "Building": null, "Landuse": null, "Name": null, "Shop": null }, "geometry": { "type": "Polygon", "coordinates": [ [ [ 121.0739124, 14.6420532 ], [ 121.0740365, 14.642192 ], [ 121.07382, 14.6424248 ], [ 121.0737386, 14.6423344 ], [ 121.0739124, 14.6420532 ] ] ] } },
{ "type": "Feature", "properties": { "Amenity": null, "Building": null, "Landuse": null, "Name": null, "Shop": null }, "geometry": { "type": "Polygon", "coordinates": [ [ [ 121.0944578, 14.6866012 ], [ 121.0946642, 14.6860896 ], [ 121.0953373, 14.6868685 ], [ 121.0950644, 14.687292 ], [ 121.0946793, 14.6867075 ], [ 121.0944578, 14.6866012 ] ] ] } },
{ "type": "Feature", "properties": { "Amenity": null, "Building": null, "Landuse": null, "Name": null, "Shop": null }, "geometry": { "type": "Polygon", "coordinates": [ [ [ 121.0763045, 14.6844504 ], [ 121.0765848, 14.6844507 ], [ 121.0765846, 14.6846481 ], [ 121.0763137, 14.6846478 ], [ 121.0763138, 14.6845717 ], [ 121.0763285, 14.6845717 ], [ 121.0763286, 14.6845218 ], [ 121.0763044, 14.6845218 ], [ 121.0763045, 14.6844504 ] ] ] } },
{ "type": "Feature", "properties": { "Amenity": null, "Building": null, "Landuse": null, "Name": null, "Shop": null }, "geometry": { "type": "Polygon", "coordinates": [ [ [ 121.0457069, 14.6793198 ], [ 121.0460912, 14.6790447 ], [ 121.0464541, 14.6794668 ], [ 121.0465684, 14.6802039 ], [ 121.0464084, 14.6802464 ], [ 121.0461773, 14.6799945 ], [ 121.046214, 14.6799428 ], [ 121.0457069, 14.6793198 ] ] ] } },
{ "type": "Feature", "properties": { "Amenity": null, "Building": null, "Landuse": null, "Name": null, "Shop": null }, "geometry": { "type": "Polygon", "coordinates": [ [ [ 121.0371459, 14.6724587 ], [ 121.0372452, 14.6722133 ], [ 121.0373826, 14.6722659 ], [ 121.0373395, 14.6723752 ], [ 121.0372866, 14.6725091 ], [ 121.0371459, 14.6724587 ] ] ] } },
{ "type": "Feature", "properties": { "Amenity": null, "Building": null, "Landuse": null, "Name": null, "Shop": null }, "geometry": { "type": "Polygon", "coordinates": [ [ [ 120.9961337, 14.6209055 ], [ 120.9963706, 14.6211223 ], [ 120.9958144, 14.6216497 ], [ 120.9954933, 14.6213608 ], [ 120.9961337, 14.6209055 ] ] ] } },
{ "type": "Feature", "properties": { "Amenity": null, "Building": null, "Landuse": null, "Name": null, "Shop": null }, "geometry": { "type": "Polygon", "coordinates": [ [ [ 121.0350278, 14.647521 ], [ 121.034909, 14.64774 ], [ 121.0348875, 14.6477189 ], [ 121.0348549, 14.6477006 ], [ 121.0348138, 14.6476827 ], [ 121.0347649, 14.6476676 ], [ 121.0347247, 14.647666 ], [ 121.0346751, 14.6476758 ], [ 121.0346201, 14.6476892 ], [ 121.0345328, 14.6477155 ], [ 121.0344744, 14.6477313 ], [ 121.0344261, 14.6477392 ], [ 121.0343974, 14.6477353 ], [ 121.0343482, 14.6477214 ], [ 121.0343081, 14.6477021 ], [ 121.034266, 14.647677 ], [ 121.034187, 14.6476304 ], [ 121.0341142, 14.6475881 ], [ 121.0340497, 14.6475505 ], [ 121.0339456, 14.6474876 ], [ 121.0338375, 14.64743 ], [ 121.033771, 14.6474019 ], [ 121.0337031, 14.6473804 ], [ 121.0336233, 14.6473627 ], [ 121.0335448, 14.6473502 ], [ 121.0333335, 14.647333 ], [ 121.0332212, 14.647335 ], [ 121.0331381, 14.647342 ], [ 121.0330763, 14.6473465 ], [ 121.0330222, 14.6473478 ], [ 121.0329637, 14.647349 ], [ 121.0329324, 14.647348 ], [ 121.0329123, 14.6473434 ], [ 121.0328986, 14.6473364 ], [ 121.0328841, 14.6473208 ], [ 121.032872, 14.6473025 ], [ 121.0328438, 14.6472328 ], [ 121.0328345, 14.6471851 ], [ 121.0337348, 14.6469053 ], [ 121.0337948, 14.6468546 ], [ 121.0338414, 14.6467833 ], [ 121.0342497, 14.6470403 ], [ 121.0350278, 14.647521 ] ] ] } },
{ "type": "Feature", "properties": { "Amenity": null, "Building": null, "Landuse": null, "Name": null, "Shop": null }, "geometry": { "type": "Polygon", "coordinates": [ [ [ 121.0199915, 14.6066563 ], [ 121.0198677, 14.6065421 ], [ 121.0196386, 14.606311 ], [ 121.0204768, 14.6054468 ], [ 121.0208893, 14.6061214 ], [ 121.0201369, 14.6068375 ], [ 121.0199915, 14.6066563 ] ] ] } },
{ "type": "Feature", "properties": { "Amenity": null, "Building": null, "Landuse": null, "Name": null, "Shop": null }, "geometry": { "type": "Polygon", "coordinates": [ [ [ 121.0500971, 14.6467504 ], [ 121.0502813, 14.646539 ], [ 121.0502922, 14.6465318 ], [ 121.0503867, 14.6465394 ], [ 121.0503753, 14.6467442 ], [ 121.0505134, 14.6467539 ], [ 121.0505109, 14.6468447 ], [ 121.0505015, 14.6469359 ], [ 121.0500943, 14.6469176 ], [ 121.0500971, 14.6467504 ] ] ] } },
{ "type": "Feature", "properties": { "Amenity": null, "Building": null, "Landuse": null, "Name": null, "Shop": null }, "geometry": { "type": "Polygon", "coordinates": [ [ [ 121.0449401, 14.6506218 ], [ 121.0449846, 14.6507203 ], [ 121.0451116, 14.6507346 ], [ 121.0452004, 14.6506457 ], [ 121.0452562, 14.6507562 ], [ 121.0453687, 14.6507736 ], [ 121.0454533, 14.6506814 ], [ 121.0455295, 14.650866 ], [ 121.0454359, 14.6509649 ], [ 121.0448733, 14.6508776 ], [ 121.0448183, 14.6507793 ], [ 121.0449401, 14.6506218 ] ] ] } },
{ "type": "Feature", "properties": { "Amenity": null, "Building": null, "Landuse": null, "Name": null, "Shop": null }, "geometry": { "type": "Polygon", "coordinates": [ [ [ 121.0728836, 14.6535111 ], [ 121.0729092, 14.6525905 ], [ 121.0740908, 14.6526026 ], [ 121.0741011, 14.6535171 ], [ 121.0728836, 14.6535111 ] ] ] } },
{ "type": "Feature", "properties": { "Amenity": null, "Building": null, "Landuse": null, "Name": null, "Shop": null }, "geometry": { "type": "Polygon", "coordinates": [ [ [ 121.0345587, 14.6420561 ], [ 121.0347971, 14.6416566 ], [ 121.0350424, 14.6418141 ], [ 121.0347895, 14.6421984 ], [ 121.0345587, 14.6420561 ] ] ] } },
{ "type": "Feature", "properties": { "Amenity": null, "Building": null, "Landuse": null, "Name": null, "Shop": null }, "geometry": { "type": "Polygon", "coordinates": [ [ [ 121.0629065, 14.6597512 ], [ 121.0627213, 14.6597481 ], [ 121.0627242, 14.6595842 ], [ 121.0631089, 14.6595906 ], [ 121.063105, 14.6598072 ], [ 121.0629056, 14.6598038 ], [ 121.0629065, 14.6597512 ] ] ] } },
{ "type": "Feature", "properties": { "Amenity": null, "Building": null, "Landuse": null, "Name": null, "Shop": null }, "geometry": { "type": "Polygon", "coordinates": [ [ [ 121.0646353, 14.6481136 ], [ 121.0645368, 14.6481154 ], [ 121.0645343, 14.6479858 ], [ 121.0646328, 14.647984 ], [ 121.0646353, 14.6481136 ] ] ] } },
{ "type": "Feature", "properties": { "Amenity": null, "Building": null, "Landuse": null, "Name": null, "Shop": null }, "geometry": { "type": "Polygon", "coordinates": [ [ [ 121.0635478, 14.6589379 ], [ 121.0635429, 14.6580997 ], [ 121.0635424, 14.6580173 ], [ 121.0635407, 14.6577202 ], [ 121.0647557, 14.6577136 ], [ 121.0647606, 14.6585605 ], [ 121.0647628, 14.6589313 ], [ 121.0635478, 14.6589379 ] ] ] } },
{ "type": "Feature", "properties": { "Amenity": null, "Building": null, "Landuse": null, "Name": null, "Shop": null }, "geometry": { "type": "Polygon", "coordinates": [ [ [ 121.0799682, 14.6094282 ], [ 121.0800277, 14.6093681 ], [ 121.0800801, 14.6093188 ], [ 121.0803729, 14.6096045 ], [ 121.0803796, 14.6096159 ], [ 121.0803754, 14.6096288 ], [ 121.0803679, 14.6096433 ], [ 121.0803184, 14.6096904 ], [ 121.0802455, 14.6097518 ], [ 121.0802006, 14.609715 ], [ 121.080115, 14.6098158 ], [ 121.0800348, 14.6099368 ], [ 121.0799898, 14.6099169 ], [ 121.079957, 14.6099714 ], [ 121.0799405, 14.6100392 ], [ 121.0799297, 14.6100987 ], [ 121.0798736, 14.6101201 ], [ 121.0798257, 14.6101509 ], [ 121.0797916, 14.6101457 ], [ 121.0797594, 14.6101565 ], [ 121.0797383, 14.6101745 ], [ 121.0797229, 14.6102027 ], [ 121.0797182, 14.6102268 ], [ 121.0797244, 14.6102578 ], [ 121.0796839, 14.6103056 ], [ 121.0796498, 14.6103702 ], [ 121.0795956, 14.6103842 ], [ 121.0795331, 14.6104003 ], [ 121.0794823, 14.6104201 ], [ 121.0795088, 14.6104648 ], [ 121.0793848, 14.6105346 ], [ 121.0792714, 14.6106286 ], [ 121.0793151, 14.6106732 ], [ 121.0792452, 14.610739 ], [ 121.0791887, 14.6107925 ], [ 121.078971, 14.610597 ], [ 121.0790139, 14.610549 ], [ 121.0791592, 14.6105405 ], [ 121.0794532, 14.6102469 ], [ 121.0793557, 14.6101531 ], [ 121.0793712, 14.6101285 ], [ 121.0793793, 14.6101048 ], [ 121.0793775, 14.610076 ], [ 121.079366, 14.6100499 ], [ 121.0794969, 14.6099167 ], [ 121.0796902, 14.6097199 ], [ 121.079691, 14.609736 ], [ 121.0797966, 14.6097344 ], [ 121.0797968, 14.6097124 ], [ 121.0798153, 14.6097125 ], [ 121.0798537, 14.6097503 ], [ 121.0800059, 14.6096025 ], [ 121.0800259, 14.6095837 ], [ 121.0800096, 14.6095672 ], [ 121.0800497, 14.6095279 ], [ 121.0800071, 14.6094904 ], [ 121.0800222, 14.6094763 ], [ 121.0799682, 14.6094282 ] ] ] } },
{ "type": "Feature", "properties": { "Amenity": null, "Building": null, "Landuse": null, "Name": null, "Shop": null }, "geometry": { "type": "Polygon", "coordinates": [ [ [ 121.0345968, 14.6137078 ], [ 121.0345138, 14.6138414 ], [ 121.0342501, 14.613688 ], [ 121.0336948, 14.6133646 ], [ 121.0337778, 14.6132311 ], [ 121.0343374, 14.6135567 ], [ 121.0345968, 14.6137078 ] ] ] } },
{ "type": "Feature", "properties": { "Amenity": null, "Building": null, "Landuse": null, "Name": null, "Shop": null }, "geometry": { "type": "Polygon", "coordinates": [ [ [ 121.031958, 14.6411454 ], [ 121.0316991, 14.6415325 ], [ 121.0314107, 14.6413519 ], [ 121.0316697, 14.6409646 ], [ 121.031701, 14.6409841 ], [ 121.0318935, 14.6411047 ], [ 121.0319446, 14.641137 ], [ 121.031958, 14.6411454 ] ] ] } },
{ "type": "Feature", "properties": { "Amenity": null, "Building": null, "Landuse": null, "Name": null, "Shop": null }, "geometry": { "type": "Polygon", "coordinates": [ [ [ 121.0476464, 14.6545701 ], [ 121.047863, 14.6546547 ], [ 121.047778, 14.6548584 ], [ 121.0475615, 14.6547739 ], [ 121.0476464, 14.6545701 ] ] ] } },
{ "type": "Feature", "properties": { "Amenity": null, "Building": null, "Landuse": null, "Name": null, "Shop": null }, "geometry": { "type": "Polygon", "coordinates": [ [ [ 121.0332974, 14.6272255 ], [ 121.0334373, 14.6272011 ], [ 121.033454, 14.6272906 ], [ 121.033314, 14.627315 ], [ 121.0332974, 14.6272255 ] ] ] } },
{ "type": "Feature", "properties": { "Amenity": null, "Building": null, "Landuse": null, "Name": null, "Shop": null }, "geometry": { "type": "Polygon", "coordinates": [ [ [ 121.0753533, 14.6300991 ], [ 121.0757901, 14.6304909 ], [ 121.0754898, 14.6307396 ], [ 121.0753351, 14.6305481 ], [ 121.0751486, 14.6303434 ], [ 121.0753533, 14.6300991 ] ] ] } },
{ "type": "Feature", "properties": { "Amenity": null, "Building": null, "Landuse": null, "Name": null, "Shop": null }, "geometry": { "type": "Polygon", "coordinates": [ [ [ 121.035983, 14.6164704 ], [ 121.0353628, 14.6161301 ], [ 121.0357598, 14.615514 ], [ 121.0363611, 14.6158725 ], [ 121.035983, 14.6164704 ] ] ] } },
{ "type": "Feature", "properties": { "Amenity": null, "Building": null, "Landuse": null, "Name": null, "Shop": null }, "geometry": { "type": "Polygon", "coordinates": [ [ [ 121.034321, 14.6145828 ], [ 121.0346845, 14.6140092 ], [ 121.0347113, 14.6139898 ], [ 121.0347354, 14.6139807 ], [ 121.034769, 14.6139859 ], [ 121.0348709, 14.6140443 ], [ 121.0348756, 14.6140559 ], [ 121.0348696, 14.6140735 ], [ 121.0348875, 14.6140835 ], [ 121.0349151, 14.6140981 ], [ 121.0349299, 14.6140735 ], [ 121.0352579, 14.614264 ], [ 121.0352976, 14.6142872 ], [ 121.0356929, 14.6145194 ], [ 121.0358776, 14.6146256 ], [ 121.0367816, 14.6151554 ], [ 121.0367514, 14.6152046 ], [ 121.0367085, 14.6152783 ], [ 121.0365327, 14.61558 ], [ 121.0364167, 14.6157724 ], [ 121.034321, 14.6145828 ] ] ] } },
{ "type": "Feature", "properties": { "Amenity": null, "Building": null, "Landuse": null, "Name": null, "Shop": null }, "geometry": { "type": "Polygon", "coordinates": [ [ [ 121.0240367, 14.6287773 ], [ 121.0249834, 14.6285919 ], [ 121.0250784, 14.6290704 ], [ 121.0241552, 14.6292422 ], [ 121.0240367, 14.6287773 ] ] ] } },
{ "type": "Feature", "properties": { "Amenity": null, "Building": null, "Landuse": null, "Name": null, "Shop": null }, "geometry": { "type": "Polygon", "coordinates": [ [ [ 121.0221974, 14.6291386 ], [ 121.0240367, 14.6287773 ], [ 121.0241552, 14.6292422 ], [ 121.024272, 14.6297666 ], [ 121.0244632, 14.6306356 ], [ 121.022648, 14.6310442 ], [ 121.0221974, 14.6291386 ] ] ] } },
{ "type": "Feature", "properties": { "Amenity": null, "Building": null, "Landuse": null, "Name": null, "Shop": null }, "geometry": { "type": "Polygon", "coordinates": [ [ [ 121.0251873, 14.6295701 ], [ 121.0253825, 14.6304091 ], [ 121.0244632, 14.6306356 ], [ 121.024272, 14.6297666 ], [ 121.0251873, 14.6295701 ] ] ] } },
{ "type": "Feature", "properties": { "Amenity": null, "Building": null, "Landuse": null, "Name": null, "Shop": null }, "geometry": { "type": "Polygon", "coordinates": [ [ [ 121.0358106, 14.614689 ], [ 121.0362277, 14.6149289 ], [ 121.0360827, 14.6151651 ], [ 121.0356655, 14.6149253 ], [ 121.0356942, 14.6148785 ], [ 121.0357521, 14.6147842 ], [ 121.0358106, 14.614689 ] ] ] } },
{ "type": "Feature", "properties": { "Amenity": null, "Building": null, "Landuse": null, "Name": null, "Shop": null }, "geometry": { "type": "Polygon", "coordinates": [ [ [ 121.0372656, 14.6148521 ], [ 121.0374688, 14.6145255 ], [ 121.0375594, 14.6143752 ], [ 121.0377431, 14.6140436 ], [ 121.0380705, 14.6142249 ], [ 121.0381238, 14.6144348 ], [ 121.0382508, 14.6145765 ], [ 121.0383691, 14.6146585 ], [ 121.0385068, 14.6146995 ], [ 121.0387151, 14.6147098 ], [ 121.0387786, 14.6149865 ], [ 121.038742, 14.6150577 ], [ 121.038706, 14.6151185 ], [ 121.0388456, 14.615202 ], [ 121.0388493, 14.6152671 ], [ 121.038847, 14.6153104 ], [ 121.0385268, 14.6158371 ], [ 121.0373446, 14.6151491 ], [ 121.0373113, 14.6150238 ], [ 121.0372656, 14.6148521 ] ] ] } },
{ "type": "Feature", "properties": { "Amenity": null, "Building": null, "Landuse": null, "Name": null, "Shop": null }, "geometry": { "type": "Polygon", "coordinates": [ [ [ 121.0303917, 14.6384964 ], [ 121.030758, 14.6387206 ], [ 121.0306543, 14.6388792 ], [ 121.0307367, 14.6389296 ], [ 121.0306321, 14.6390896 ], [ 121.0301834, 14.6388149 ], [ 121.0303917, 14.6384964 ] ] ] } },
{ "type": "Feature", "properties": { "Amenity": null, "Building": null, "Landuse": null, "Name": null, "Shop": null }, "geometry": { "type": "Polygon", "coordinates": [ [ [ 121.016789, 14.6402686 ], [ 121.0167972, 14.6401716 ], [ 121.0169073, 14.6401803 ], [ 121.0170148, 14.6401888 ], [ 121.0170067, 14.6402857 ], [ 121.016789, 14.6402686 ] ] ] } },
{ "type": "Feature", "properties": { "Amenity": null, "Building": null, "Landuse": null, "Name": null, "Shop": null }, "geometry": { "type": "Polygon", "coordinates": [ [ [ 121.017051, 14.6472688 ], [ 121.0170241, 14.6470657 ], [ 121.0173229, 14.6470286 ], [ 121.0173498, 14.6472318 ], [ 121.017051, 14.6472688 ] ] ] } },
{ "type": "Feature", "properties": { "Amenity": null, "Building": null, "Landuse": null, "Name": null, "Shop": null }, "geometry": { "type": "Polygon", "coordinates": [ [ [ 121.0791436, 14.6107025 ], [ 121.0791294, 14.6106664 ], [ 121.0791441, 14.6106343 ], [ 121.0791796, 14.6106202 ], [ 121.0792151, 14.6106346 ], [ 121.0792296, 14.6106696 ], [ 121.0792167, 14.6107011 ], [ 121.0791817, 14.6107171 ], [ 121.0791436, 14.6107025 ] ] ] } },
{ "type": "Feature", "properties": { "Amenity": null, "Building": null, "Landuse": null, "Name": null, "Shop": null }, "geometry": { "type": "Polygon", "coordinates": [ [ [ 121.0614527, 14.7082621 ], [ 121.0615856, 14.708097 ], [ 121.0616512, 14.7081483 ], [ 121.0617956, 14.7079685 ], [ 121.062044, 14.7081547 ], [ 121.0617566, 14.7084977 ], [ 121.0614527, 14.7082621 ] ] ] } },
{ "type": "Feature", "properties": { "Amenity": null, "Building": null, "Landuse": null, "Name": null, "Shop": null }, "geometry": { "type": "Polygon", "coordinates": [ [ [ 121.0731816, 14.6547548 ], [ 121.0741734, 14.6547616 ], [ 121.0741676, 14.6555514 ], [ 121.0732758, 14.6555453 ], [ 121.0731758, 14.6555446 ], [ 121.0731763, 14.6554731 ], [ 121.0731816, 14.6547548 ] ] ] } },
{ "type": "Feature", "properties": { "Amenity": null, "Building": null, "Landuse": null, "Name": null, "Shop": null }, "geometry": { "type": "Polygon", "coordinates": [ [ [ 121.0726968, 14.6562671 ], [ 121.072665, 14.6574548 ], [ 121.071633, 14.6574402 ], [ 121.0716279, 14.656182 ], [ 121.0726789, 14.6562041 ], [ 121.0726968, 14.6562671 ] ] ] } },
{ "type": "Feature", "properties": { "Amenity": null, "Building": null, "Landuse": null, "Name": null, "Shop": null }, "geometry": { "type": "Polygon", "coordinates": [ [ [ 121.0741602, 14.6557346 ], [ 121.0741458, 14.6565436 ], [ 121.0727787, 14.6565408 ], [ 121.0727905, 14.6561562 ], [ 121.0729581, 14.6560464 ], [ 121.0731015, 14.6558827 ], [ 121.0731911, 14.6558693 ], [ 121.0733307, 14.6557384 ], [ 121.0741602, 14.6557346 ] ] ] } },
{ "type": "Feature", "properties": { "Amenity": null, "Building": null, "Landuse": null, "Name": null, "Shop": null }, "geometry": { "type": "Polygon", "coordinates": [ [ [ 121.0043125, 14.6516294 ], [ 121.0040171, 14.6514154 ], [ 121.0043695, 14.6508189 ], [ 121.0045905, 14.6503203 ], [ 121.0047348, 14.649603 ], [ 121.0046988, 14.649291 ], [ 121.0058073, 14.6496512 ], [ 121.0054908, 14.6502953 ], [ 121.0045348, 14.6515928 ], [ 121.0043965, 14.6516611 ], [ 121.0043125, 14.6516294 ] ] ] } },
{ "type": "Feature", "properties": { "Amenity": null, "Building": null, "Landuse": null, "Name": null, "Shop": null }, "geometry": { "type": "Polygon", "coordinates": [ [ [ 121.0400341, 14.6481041 ], [ 121.0403209, 14.647453 ], [ 121.0403356, 14.6474258 ], [ 121.0404432, 14.6471757 ], [ 121.0407248, 14.6466509 ], [ 121.0407852, 14.6466093 ], [ 121.0408522, 14.6466028 ], [ 121.0409085, 14.6466106 ], [ 121.0417142, 14.6471071 ], [ 121.0423426, 14.647498 ], [ 121.0424163, 14.6475386 ], [ 121.0427056, 14.6477164 ], [ 121.0428531, 14.6478095 ], [ 121.0425863, 14.6480509 ], [ 121.0420378, 14.6484791 ], [ 121.0418027, 14.6485702 ], [ 121.04174, 14.6485387 ], [ 121.0409796, 14.6480872 ], [ 121.0407168, 14.6485076 ], [ 121.0400341, 14.6481041 ] ] ] } },
{ "type": "Feature", "properties": { "Amenity": null, "Building": null, "Landuse": null, "Name": null, "Shop": null }, "geometry": { "type": "Polygon", "coordinates": [ [ [ 121.0331698, 14.6818378 ], [ 121.0329572, 14.6819992 ], [ 121.0328502, 14.6818801 ], [ 121.0326437, 14.6820351 ], [ 121.0324629, 14.6818511 ], [ 121.0324455, 14.6817597 ], [ 121.032603, 14.6816275 ], [ 121.0329247, 14.6815424 ], [ 121.0331698, 14.6818378 ] ] ] } },
{ "type": "Feature", "properties": { "Amenity": null, "Building": null, "Landuse": null, "Name": null, "Shop": null }, "geometry": { "type": "Polygon", "coordinates": [ [ [ 121.1095044, 14.6965877 ], [ 121.1097866, 14.6962007 ], [ 121.1103826, 14.6971276 ], [ 121.1100221, 14.6973677 ], [ 121.1095044, 14.6965877 ] ] ] } },
{ "type": "Feature", "properties": { "Amenity": null, "Building": null, "Landuse": null, "Name": null, "Shop": null }, "geometry": { "type": "Polygon", "coordinates": [ [ [ 121.1094454, 14.6965187 ], [ 121.109079, 14.6959733 ], [ 121.1093871, 14.6955591 ], [ 121.1097656, 14.6961365 ], [ 121.1094454, 14.6965187 ] ] ] } },
{ "type": "Feature", "properties": { "Amenity": null, "Building": null, "Landuse": null, "Name": null, "Shop": null }, "geometry": { "type": "Polygon", "coordinates": [ [ [ 121.0485012, 14.6633143 ], [ 121.0486263, 14.6624239 ], [ 121.0489855, 14.6624666 ], [ 121.0491682, 14.6627013 ], [ 121.0491153, 14.6631684 ], [ 121.0488921, 14.6633552 ], [ 121.0485012, 14.6633143 ] ] ] } },
{ "type": "Feature", "properties": { "Amenity": null, "Building": null, "Landuse": null, "Name": null, "Shop": null }, "geometry": { "type": "Polygon", "coordinates": [ [ [ 121.0538801, 14.6425824 ], [ 121.0539337, 14.6424111 ], [ 121.0541603, 14.6424642 ], [ 121.0541047, 14.6426465 ], [ 121.0538801, 14.6425824 ] ] ] } },
{ "type": "Feature", "properties": { "Amenity": null, "Building": null, "Landuse": null, "Name": null, "Shop": null }, "geometry": { "type": "Polygon", "coordinates": [ [ [ 121.0847127, 14.6802118 ], [ 121.0846843, 14.6801496 ], [ 121.0849895, 14.6800249 ], [ 121.0851664, 14.6804039 ], [ 121.0850602, 14.6804494 ], [ 121.0850045, 14.6804304 ], [ 121.0848313, 14.6805009 ], [ 121.0847476, 14.6802926 ], [ 121.0847767, 14.6802799 ], [ 121.0847453, 14.6802067 ], [ 121.0847127, 14.6802118 ] ] ] } },
{ "type": "Feature", "properties": { "Amenity": null, "Building": null, "Landuse": null, "Name": null, "Shop": null }, "geometry": { "type": "Polygon", "coordinates": [ [ [ 121.0872958, 14.7003532 ], [ 121.0874512, 14.6999991 ], [ 121.0875048, 14.6999705 ], [ 121.0876176, 14.6999711 ], [ 121.0876804, 14.6999934 ], [ 121.0878165, 14.7001589 ], [ 121.0877087, 14.7003374 ], [ 121.0876403, 14.7004506 ], [ 121.0876335, 14.7004736 ], [ 121.0872958, 14.7003532 ] ] ] } },
{ "type": "Feature", "properties": { "Amenity": null, "Building": null, "Landuse": null, "Name": null, "Shop": null }, "geometry": { "type": "Polygon", "coordinates": [ [ [ 121.0544162, 14.6392664 ], [ 121.0544183, 14.6390219 ], [ 121.0548097, 14.639025 ], [ 121.0548076, 14.6392695 ], [ 121.0544162, 14.6392664 ] ] ] } },
{ "type": "Feature", "properties": { "Amenity": null, "Building": null, "Landuse": null, "Name": null, "Shop": null }, "geometry": { "type": "Polygon", "coordinates": [ [ [ 121.004668, 14.6201521 ], [ 121.0049844, 14.6198257 ], [ 121.0054855, 14.6202804 ], [ 121.0052374, 14.6205363 ], [ 121.005059, 14.6203743 ], [ 121.0049905, 14.6204449 ], [ 121.004668, 14.6201521 ] ] ] } },
{ "type": "Feature", "properties": { "Amenity": null, "Building": null, "Landuse": null, "Name": null, "Shop": null }, "geometry": { "type": "Polygon", "coordinates": [ [ [ 121.0352109, 14.6915665 ], [ 121.0350298, 14.691484 ], [ 121.0351205, 14.691257 ], [ 121.0352413, 14.691256 ], [ 121.0352595, 14.6913975 ], [ 121.0352109, 14.6915665 ] ] ] } },
{ "type": "Feature", "properties": { "Amenity": null, "Building": null, "Landuse": null, "Name": null, "Shop": null }, "geometry": { "type": "Polygon", "coordinates": [ [ [ 121.0319454, 14.6959927 ], [ 121.0319888, 14.696062 ], [ 121.0317455, 14.6962044 ], [ 121.0317021, 14.696135 ], [ 121.0319454, 14.6959927 ] ] ] } },
{ "type": "Feature", "properties": { "Amenity": null, "Building": null, "Landuse": null, "Name": null, "Shop": null }, "geometry": { "type": "Polygon", "coordinates": [ [ [ 121.0088226, 14.6239712 ], [ 121.0086791, 14.6238466 ], [ 121.009148, 14.6233771 ], [ 121.0092729, 14.6234855 ], [ 121.0088226, 14.6239712 ] ] ] } },
{ "type": "Feature", "properties": { "Amenity": null, "Building": null, "Landuse": null, "Name": null, "Shop": null }, "geometry": { "type": "Polygon", "coordinates": [ [ [ 121.0733899, 14.6453237 ], [ 121.0733938, 14.6452282 ], [ 121.0734376, 14.6450845 ], [ 121.073652, 14.6450687 ], [ 121.0738735, 14.6450905 ], [ 121.0738385, 14.6453008 ], [ 121.0738215, 14.6454301 ], [ 121.0738141, 14.645491 ], [ 121.0737147, 14.6454715 ], [ 121.0736193, 14.6454536 ], [ 121.0734915, 14.6454294 ], [ 121.0734526, 14.6454004 ], [ 121.0734127, 14.6453594 ], [ 121.0733899, 14.6453237 ] ] ] } },
{ "type": "Feature", "properties": { "Amenity": null, "Building": null, "Landuse": null, "Name": null, "Shop": null }, "geometry": { "type": "Polygon", "coordinates": [ [ [ 121.0691757, 14.6420904 ], [ 121.0693399, 14.6419374 ], [ 121.0694084, 14.6420062 ], [ 121.0693713, 14.6420407 ], [ 121.0693944, 14.6420639 ], [ 121.069424, 14.6420937 ], [ 121.0692969, 14.6422121 ], [ 121.0691757, 14.6420904 ] ] ] } },
{ "type": "Feature", "properties": { "Amenity": null, "Building": null, "Landuse": null, "Name": null, "Shop": null }, "geometry": { "type": "Polygon", "coordinates": [ [ [ 121.0216023, 14.6081535 ], [ 121.0217928, 14.607962 ], [ 121.0219895, 14.6081788 ], [ 121.0218961, 14.6084377 ], [ 121.0216023, 14.6081535 ] ] ] } },
{ "type": "Feature", "properties": { "Amenity": null, "Building": null, "Landuse": null, "Name": null, "Shop": null }, "geometry": { "type": "Polygon", "coordinates": [ [ [ 121.0194779, 14.6076142 ], [ 121.0199411, 14.6071642 ], [ 121.0205086, 14.6077157 ], [ 121.0200316, 14.6081552 ], [ 121.0194779, 14.6076142 ] ] ] } },
{ "type": "Feature", "properties": { "Amenity": null, "Building": null, "Landuse": null, "Name": null, "Shop": null }, "geometry": { "type": "Polygon", "coordinates": [ [ [ 121.0207268, 14.6079367 ], [ 121.0210846, 14.6082927 ], [ 121.0206482, 14.6087225 ], [ 121.0202802, 14.6083639 ], [ 121.0207268, 14.6079367 ] ] ] } },
{ "type": "Feature", "properties": { "Amenity": null, "Building": null, "Landuse": null, "Name": null, "Shop": null }, "geometry": { "type": "Polygon", "coordinates": [ [ [ 121.0408845, 14.7217824 ], [ 121.0408777, 14.7218345 ], [ 121.0408117, 14.7218264 ], [ 121.0408185, 14.7217743 ], [ 121.04086, 14.7214561 ], [ 121.0412289, 14.7215011 ], [ 121.0412086, 14.7216573 ], [ 121.0411534, 14.7216506 ], [ 121.0411465, 14.7217041 ], [ 121.0412021, 14.7217109 ], [ 121.0411858, 14.7218358 ], [ 121.0411756, 14.7219139 ], [ 121.0410429, 14.7218978 ], [ 121.0409003, 14.7218804 ], [ 121.0409127, 14.7217858 ], [ 121.0408845, 14.7217824 ] ] ] } },
{ "type": "Feature", "properties": { "Amenity": null, "Building": null, "Landuse": null, "Name": null, "Shop": null }, "geometry": { "type": "Polygon", "coordinates": [ [ [ 121.0952361, 14.6993729 ], [ 121.0950661, 14.6991768 ], [ 121.095053, 14.6991621 ], [ 121.0949482, 14.6990082 ], [ 121.0948231, 14.6988267 ], [ 121.0949834, 14.6987378 ], [ 121.0952391, 14.6985853 ], [ 121.0952625, 14.6985743 ], [ 121.0954652, 14.6988789 ], [ 121.0955135, 14.6989721 ], [ 121.0955304, 14.6990947 ], [ 121.0953823, 14.6992198 ], [ 121.0953981, 14.6992364 ], [ 121.0952361, 14.6993729 ] ] ] } },
{ "type": "Feature", "properties": { "Amenity": null, "Building": null, "Landuse": null, "Name": null, "Shop": null }, "geometry": { "type": "Polygon", "coordinates": [ [ [ 121.0928677, 14.6889358 ], [ 121.0930292, 14.6887828 ], [ 121.0944214, 14.6901903 ], [ 121.094284, 14.6903225 ], [ 121.0928677, 14.6889358 ] ] ] } },
{ "type": "Feature", "properties": { "Amenity": null, "Building": null, "Landuse": null, "Name": null, "Shop": null }, "geometry": { "type": "Polygon", "coordinates": [ [ [ 121.1070163, 14.7189869 ], [ 121.1074498, 14.7194243 ], [ 121.107318, 14.7195836 ], [ 121.1068399, 14.7191996 ], [ 121.1070163, 14.7189869 ] ] ] } },
{ "type": "Feature", "properties": { "Amenity": null, "Building": null, "Landuse": null, "Name": null, "Shop": null }, "geometry": { "type": "Polygon", "coordinates": [ [ [ 121.0673159, 14.6596584 ], [ 121.0673196, 14.6595132 ], [ 121.0674158, 14.6595155 ], [ 121.0674121, 14.6596607 ], [ 121.0673159, 14.6596584 ] ] ] } },
{ "type": "Feature", "properties": { "Amenity": null, "Building": null, "Landuse": null, "Name": null, "Shop": null }, "geometry": { "type": "Polygon", "coordinates": [ [ [ 121.0732816, 14.6407175 ], [ 121.0732804, 14.64104 ], [ 121.0732615, 14.641074 ], [ 121.0730645, 14.6410286 ], [ 121.0729599, 14.6410235 ], [ 121.072838, 14.6409845 ], [ 121.0727169, 14.6409131 ], [ 121.0726947, 14.640869 ], [ 121.0727189, 14.6407899 ], [ 121.072739, 14.6407237 ], [ 121.0727102, 14.6407003 ], [ 121.072644, 14.6406746 ], [ 121.0725921, 14.6406588 ], [ 121.0724983, 14.6406874 ], [ 121.0724044, 14.6406938 ], [ 121.0723494, 14.640677 ], [ 121.0723373, 14.640616 ], [ 121.0723682, 14.6405252 ], [ 121.0724004, 14.6403733 ], [ 121.0727563, 14.6405387 ], [ 121.0729355, 14.6405759 ], [ 121.0730183, 14.6405951 ], [ 121.0731211, 14.640619 ], [ 121.0731837, 14.6406336 ], [ 121.0732423, 14.6406472 ], [ 121.0732816, 14.6407175 ] ] ] } },
{ "type": "Feature", "properties": { "Amenity": null, "Building": null, "Landuse": null, "Name": null, "Shop": null }, "geometry": { "type": "Polygon", "coordinates": [ [ [ 121.0732124, 14.6370419 ], [ 121.0732085, 14.6368818 ], [ 121.0736493, 14.6368718 ], [ 121.0736532, 14.637032 ], [ 121.0732124, 14.6370419 ] ] ] } },
{ "type": "Feature", "properties": { "Amenity": null, "Building": null, "Landuse": null, "Name": null, "Shop": null }, "geometry": { "type": "Polygon", "coordinates": [ [ [ 121.0517451, 14.6470751 ], [ 121.0516963, 14.6470438 ], [ 121.0516826, 14.6470638 ], [ 121.051588, 14.647003 ], [ 121.0516018, 14.646983 ], [ 121.0515528, 14.6469516 ], [ 121.0517093, 14.6467077 ], [ 121.0519083, 14.6468319 ], [ 121.0517451, 14.6470751 ] ] ] } },
{ "type": "Feature", "properties": { "Amenity": null, "Building": null, "Landuse": null, "Name": null, "Shop": null }, "geometry": { "type": "Polygon", "coordinates": [ [ [ 121.0465795, 14.6450294 ], [ 121.0463845, 14.6450855 ], [ 121.0463099, 14.6448428 ], [ 121.0465048, 14.6447867 ], [ 121.0465795, 14.6450294 ] ] ] } },
{ "type": "Feature", "properties": { "Amenity": null, "Building": null, "Landuse": null, "Name": null, "Shop": null }, "geometry": { "type": "Polygon", "coordinates": [ [ [ 121.0560083, 14.6472805 ], [ 121.0561194, 14.6467569 ], [ 121.0563957, 14.6468115 ], [ 121.0562805, 14.64735 ], [ 121.0560083, 14.6472805 ] ] ] } },
{ "type": "Feature", "properties": { "Amenity": null, "Building": null, "Landuse": null, "Name": null, "Shop": null }, "geometry": { "type": "Polygon", "coordinates": [ [ [ 121.0575696, 14.6424226 ], [ 121.0577653, 14.6424401 ], [ 121.0577515, 14.6425852 ], [ 121.0575557, 14.6425677 ], [ 121.0575696, 14.6424226 ] ] ] } },
{ "type": "Feature", "properties": { "Amenity": null, "Building": null, "Landuse": null, "Name": null, "Shop": null }, "geometry": { "type": "Polygon", "coordinates": [ [ [ 121.0471201, 14.628743 ], [ 121.0475338, 14.6287922 ], [ 121.0475282, 14.6288367 ], [ 121.0475245, 14.6288658 ], [ 121.0471107, 14.6288165 ], [ 121.0471153, 14.6287804 ], [ 121.0471201, 14.628743 ] ] ] } },
{ "type": "Feature", "properties": { "Amenity": null, "Building": null, "Landuse": null, "Name": null, "Shop": null }, "geometry": { "type": "Polygon", "coordinates": [ [ [ 121.0267516, 14.6407148 ], [ 121.0267065, 14.6405363 ], [ 121.0267056, 14.6405092 ], [ 121.026715, 14.6404861 ], [ 121.0267612, 14.6404772 ], [ 121.0268014, 14.6404854 ], [ 121.0268521, 14.640513 ], [ 121.0268868, 14.6404841 ], [ 121.0269538, 14.6405224 ], [ 121.0269366, 14.6405513 ], [ 121.0269803, 14.6405759 ], [ 121.0268885, 14.6406898 ], [ 121.0267516, 14.6407148 ] ] ] } },
{ "type": "Feature", "properties": { "Amenity": null, "Building": null, "Landuse": null, "Name": null, "Shop": null }, "geometry": { "type": "Polygon", "coordinates": [ [ [ 121.0306823, 14.6341992 ], [ 121.0304461, 14.6342487 ], [ 121.0304215, 14.6341387 ], [ 121.0304056, 14.634068 ], [ 121.0305095, 14.6340462 ], [ 121.0306702, 14.6340125 ], [ 121.0307044, 14.6341649 ], [ 121.0306823, 14.6341992 ] ] ] } },
{ "type": "Feature", "properties": { "Amenity": null, "Building": null, "Landuse": null, "Name": null, "Shop": null }, "geometry": { "type": "Polygon", "coordinates": [ [ [ 121.0385558, 14.6305555 ], [ 121.0385088, 14.6303507 ], [ 121.0385781, 14.6303357 ], [ 121.0386357, 14.6303718 ], [ 121.038673, 14.6305298 ], [ 121.0385558, 14.6305555 ] ] ] } },
{ "type": "Feature", "properties": { "Amenity": null, "Building": null, "Landuse": null, "Name": null, "Shop": null }, "geometry": { "type": "Polygon", "coordinates": [ [ [ 121.0319784, 14.6417145 ], [ 121.0320634, 14.6415802 ], [ 121.03221, 14.641667 ], [ 121.0321714, 14.6417281 ], [ 121.0322568, 14.6417786 ], [ 121.0322966, 14.6417157 ], [ 121.0323982, 14.6417758 ], [ 121.0323939, 14.6417827 ], [ 121.0324405, 14.6418103 ], [ 121.0323623, 14.6419339 ], [ 121.0321393, 14.6418019 ], [ 121.0321357, 14.6418077 ], [ 121.0319784, 14.6417145 ] ] ] } },
{ "type": "Feature", "properties": { "Amenity": null, "Building": null, "Landuse": null, "Name": null, "Shop": null }, "geometry": { "type": "Polygon", "coordinates": [ [ [ 121.0348397, 14.6416617 ], [ 121.0349899, 14.6414336 ], [ 121.0351881, 14.6415557 ], [ 121.0350379, 14.6417839 ], [ 121.0348397, 14.6416617 ] ] ] } },
{ "type": "Feature", "properties": { "Amenity": null, "Building": null, "Landuse": null, "Name": null, "Shop": null }, "geometry": { "type": "Polygon", "coordinates": [ [ [ 121.0681425, 14.6356437 ], [ 121.0682576, 14.6360186 ], [ 121.0680909, 14.636074 ], [ 121.0679727, 14.6356983 ], [ 121.0681425, 14.6356437 ] ] ] } },
{ "type": "Feature", "properties": { "Amenity": null, "Building": null, "Landuse": null, "Name": null, "Shop": null }, "geometry": { "type": "Polygon", "coordinates": [ [ [ 121.0364445, 14.6446642 ], [ 121.0365544, 14.6444877 ], [ 121.0365723, 14.644459 ], [ 121.0367479, 14.6444002 ], [ 121.0367861, 14.6445244 ], [ 121.0368147, 14.6445839 ], [ 121.0368544, 14.6446305 ], [ 121.0367216, 14.6448276 ], [ 121.0364445, 14.6446642 ] ] ] } },
{ "type": "Feature", "properties": { "Amenity": null, "Building": null, "Landuse": null, "Name": null, "Shop": null }, "geometry": { "type": "Polygon", "coordinates": [ [ [ 121.0326371, 14.6693053 ], [ 121.0325933, 14.6693887 ], [ 121.032528, 14.6693567 ], [ 121.0324262, 14.6695643 ], [ 121.0323038, 14.6695097 ], [ 121.0323072, 14.6694349 ], [ 121.0323342, 14.6694437 ], [ 121.0323266, 14.6693705 ], [ 121.0324122, 14.6691977 ], [ 121.0326371, 14.6693053 ] ] ] } },
{ "type": "Feature", "properties": { "Amenity": null, "Building": null, "Landuse": null, "Name": null, "Shop": null }, "geometry": { "type": "Polygon", "coordinates": [ [ [ 121.000824, 14.6643625 ], [ 121.000844, 14.6643878 ], [ 121.000824, 14.6644131 ], [ 121.000824, 14.6643625 ] ] ] } },
{ "type": "Feature", "properties": { "Amenity": null, "Building": null, "Landuse": null, "Name": null, "Shop": null }, "geometry": { "type": "Polygon", "coordinates": [ [ [ 121.0540794, 14.6148505 ], [ 121.0544535, 14.6140375 ], [ 121.0551547, 14.6143397 ], [ 121.0551358, 14.6143808 ], [ 121.0552392, 14.6144254 ], [ 121.0552245, 14.6144574 ], [ 121.0552562, 14.6144711 ], [ 121.0552334, 14.6145205 ], [ 121.0552223, 14.6145157 ], [ 121.0551996, 14.614565 ], [ 121.0551727, 14.6145533 ], [ 121.0551303, 14.6146455 ], [ 121.0551791, 14.6146665 ], [ 121.0551549, 14.6147191 ], [ 121.0552212, 14.6147477 ], [ 121.0552036, 14.614786 ], [ 121.0551285, 14.6147536 ], [ 121.0550025, 14.6150273 ], [ 121.0550777, 14.6150597 ], [ 121.0549927, 14.6152442 ], [ 121.0540794, 14.6148505 ] ] ] } },
{ "type": "Feature", "properties": { "Amenity": null, "Building": null, "Landuse": null, "Name": null, "Shop": null }, "geometry": { "type": "Polygon", "coordinates": [ [ [ 121.0513591, 14.6269389 ], [ 121.0513314, 14.6269274 ], [ 121.0513167, 14.6269604 ], [ 121.0509437, 14.6268049 ], [ 121.0509648, 14.6267575 ], [ 121.0508737, 14.6267196 ], [ 121.0509255, 14.6266032 ], [ 121.0511236, 14.6266858 ], [ 121.051101, 14.6267366 ], [ 121.0511835, 14.626771 ], [ 121.0512062, 14.6267202 ], [ 121.0513256, 14.6267699 ], [ 121.0513194, 14.6267837 ], [ 121.0513797, 14.6268089 ], [ 121.0513725, 14.6268249 ], [ 121.051404, 14.626838 ], [ 121.0513591, 14.6269389 ] ] ] } },
{ "type": "Feature", "properties": { "Amenity": null, "Building": null, "Landuse": null, "Name": null, "Shop": null }, "geometry": { "type": "Polygon", "coordinates": [ [ [ 121.0558461, 14.623156 ], [ 121.056006, 14.6227863 ], [ 121.0562106, 14.6228691 ], [ 121.0562436, 14.6227926 ], [ 121.0565861, 14.6229313 ], [ 121.0564135, 14.6233305 ], [ 121.0560594, 14.6231872 ], [ 121.056039, 14.6232341 ], [ 121.0558461, 14.623156 ] ] ] } },
{ "type": "Feature", "properties": { "Amenity": null, "Building": null, "Landuse": null, "Name": null, "Shop": null }, "geometry": { "type": "Polygon", "coordinates": [ [ [ 121.0437028, 14.624095 ], [ 121.0433978, 14.624238 ], [ 121.043335, 14.6241126 ], [ 121.04364, 14.6239696 ], [ 121.0437028, 14.624095 ] ] ] } },
{ "type": "Feature", "properties": { "Amenity": null, "Building": null, "Landuse": null, "Name": null, "Shop": null }, "geometry": { "type": "Polygon", "coordinates": [ [ [ 121.0544395, 14.611329 ], [ 121.0542553, 14.611249 ], [ 121.0543194, 14.611111 ], [ 121.0545036, 14.6111909 ], [ 121.0544395, 14.611329 ] ] ] } },
{ "type": "Feature", "properties": { "Amenity": null, "Building": null, "Landuse": null, "Name": null, "Shop": null }, "geometry": { "type": "Polygon", "coordinates": [ [ [ 121.0619143, 14.6121397 ], [ 121.0620389, 14.6116452 ], [ 121.0623251, 14.6117352 ], [ 121.0621971, 14.6122117 ], [ 121.0619143, 14.6121397 ] ] ] } },
{ "type": "Feature", "properties": { "Amenity": null, "Building": null, "Landuse": null, "Name": null, "Shop": null }, "geometry": { "type": "Polygon", "coordinates": [ [ [ 121.0623388, 14.6214826 ], [ 121.0615991, 14.6211973 ], [ 121.0616353, 14.621109 ], [ 121.0621438, 14.6213004 ], [ 121.0622381, 14.6210659 ], [ 121.0624711, 14.6211536 ], [ 121.0623388, 14.6214826 ] ] ] } },
{ "type": "Feature", "properties": { "Amenity": null, "Building": null, "Landuse": null, "Name": null, "Shop": null }, "geometry": { "type": "Polygon", "coordinates": [ [ [ 121.0587606, 14.6283082 ], [ 121.0585316, 14.6282025 ], [ 121.0585818, 14.6281006 ], [ 121.0588108, 14.6282063 ], [ 121.0587606, 14.6283082 ] ] ] } },
{ "type": "Feature", "properties": { "Amenity": null, "Building": null, "Landuse": null, "Name": null, "Shop": null }, "geometry": { "type": "Polygon", "coordinates": [ [ [ 121.0461461, 14.6278442 ], [ 121.0463487, 14.6279325 ], [ 121.046316, 14.6280024 ], [ 121.0461136, 14.6279142 ], [ 121.0461461, 14.6278442 ] ] ] } },
{ "type": "Feature", "properties": { "Amenity": null, "Building": null, "Landuse": null, "Name": null, "Shop": null }, "geometry": { "type": "Polygon", "coordinates": [ [ [ 121.0733516, 14.6230255 ], [ 121.0732496, 14.6228411 ], [ 121.0735249, 14.6226985 ], [ 121.0736269, 14.6228829 ], [ 121.0733516, 14.6230255 ] ] ] } },
{ "type": "Feature", "properties": { "Amenity": null, "Building": null, "Landuse": null, "Name": null, "Shop": null }, "geometry": { "type": "Polygon", "coordinates": [ [ [ 121.072719, 14.6231083 ], [ 121.0725905, 14.6228647 ], [ 121.0728049, 14.6227692 ], [ 121.0729227, 14.6230168 ], [ 121.072719, 14.6231083 ] ] ] } },
{ "type": "Feature", "properties": { "Amenity": null, "Building": null, "Landuse": null, "Name": null, "Shop": null }, "geometry": { "type": "Polygon", "coordinates": [ [ [ 121.0728216, 14.6234022 ], [ 121.0727632, 14.6232908 ], [ 121.0732818, 14.6230363 ], [ 121.0733585, 14.6231826 ], [ 121.0730911, 14.6233139 ], [ 121.0730727, 14.6232789 ], [ 121.0728216, 14.6234022 ] ] ] } },
{ "type": "Feature", "properties": { "Amenity": null, "Building": null, "Landuse": null, "Name": null, "Shop": null }, "geometry": { "type": "Polygon", "coordinates": [ [ [ 121.0661482, 14.6220433 ], [ 121.0659464, 14.6219633 ], [ 121.0659961, 14.6218461 ], [ 121.0661978, 14.6219261 ], [ 121.0661482, 14.6220433 ] ] ] } },
{ "type": "Feature", "properties": { "Amenity": null, "Building": null, "Landuse": null, "Name": null, "Shop": null }, "geometry": { "type": "Polygon", "coordinates": [ [ [ 121.0506585, 14.7151208 ], [ 121.0506588, 14.7150835 ], [ 121.0507661, 14.7150843 ], [ 121.0507658, 14.7151216 ], [ 121.0506585, 14.7151208 ] ] ] } },
{ "type": "Feature", "properties": { "Amenity": null, "Building": null, "Landuse": null, "Name": null, "Shop": null }, "geometry": { "type": "Polygon", "coordinates": [ [ [ 121.0506641, 14.715063 ], [ 121.0506647, 14.7150043 ], [ 121.0507773, 14.7150054 ], [ 121.0507768, 14.7150641 ], [ 121.0506641, 14.715063 ] ] ] } },
{ "type": "Feature", "properties": { "Amenity": null, "Building": null, "Landuse": null, "Name": null, "Shop": null }, "geometry": { "type": "Polygon", "coordinates": [ [ [ 121.0507779, 14.7148381 ], [ 121.0507772, 14.714899 ], [ 121.0506592, 14.714899 ], [ 121.0506599, 14.7148381 ], [ 121.0507779, 14.7148381 ] ] ] } },
{ "type": "Feature", "properties": { "Amenity": null, "Building": null, "Landuse": null, "Name": null, "Shop": null }, "geometry": { "type": "Polygon", "coordinates": [ [ [ 121.0002152, 14.6233993 ], [ 120.9998713, 14.6232435 ], [ 120.9999453, 14.6230902 ], [ 121.0002892, 14.6232461 ], [ 121.0002152, 14.6233993 ] ] ] } },
{ "type": "Feature", "properties": { "Amenity": null, "Building": null, "Landuse": null, "Name": null, "Shop": null }, "geometry": { "type": "Polygon", "coordinates": [ [ [ 121.0091864, 14.6256947 ], [ 121.0089339, 14.6259541 ], [ 121.0087725, 14.6258071 ], [ 121.009025, 14.6255476 ], [ 121.0091864, 14.6256947 ] ] ] } },
{ "type": "Feature", "properties": { "Amenity": null, "Building": null, "Landuse": null, "Name": null, "Shop": null }, "geometry": { "type": "Polygon", "coordinates": [ [ [ 121.0942909, 14.7068931 ], [ 121.0943348, 14.7068276 ], [ 121.0944776, 14.7069173 ], [ 121.0943465, 14.7071126 ], [ 121.0942038, 14.7070229 ], [ 121.0942909, 14.7068931 ] ] ] } },
{ "type": "Feature", "properties": { "Amenity": null, "Building": null, "Landuse": null, "Name": null, "Shop": null }, "geometry": { "type": "Polygon", "coordinates": [ [ [ 121.1009147, 14.7193325 ], [ 121.1008791, 14.7191372 ], [ 121.1010439, 14.7191092 ], [ 121.1010795, 14.7193044 ], [ 121.1009147, 14.7193325 ] ] ] } },
{ "type": "Feature", "properties": { "Amenity": null, "Building": null, "Landuse": null, "Name": null, "Shop": null }, "geometry": { "type": "Polygon", "coordinates": [ [ [ 121.0447835, 14.6514986 ], [ 121.044813, 14.6512508 ], [ 121.0453359, 14.6513092 ], [ 121.0453063, 14.6515569 ], [ 121.0447835, 14.6514986 ] ] ] } },
{ "type": "Feature", "properties": { "Amenity": null, "Building": null, "Landuse": null, "Name": null, "Shop": null }, "geometry": { "type": "Polygon", "coordinates": [ [ [ 121.0502736, 14.6494584 ], [ 121.0503982, 14.6494996 ], [ 121.0503353, 14.6496775 ], [ 121.0502107, 14.6496362 ], [ 121.0502736, 14.6494584 ] ] ] } },
{ "type": "Feature", "properties": { "Amenity": null, "Building": null, "Landuse": null, "Name": null, "Shop": null }, "geometry": { "type": "Polygon", "coordinates": [ [ [ 121.0634352, 14.6651745 ], [ 121.0634352, 14.6648449 ], [ 121.063859, 14.6648527 ], [ 121.0638536, 14.6651745 ], [ 121.0634352, 14.6651745 ] ] ] } },
{ "type": "Feature", "properties": { "Amenity": null, "Building": null, "Landuse": null, "Name": null, "Shop": null }, "geometry": { "type": "Polygon", "coordinates": [ [ [ 121.0208591, 14.6504011 ], [ 121.0217368, 14.6502505 ], [ 121.0216449, 14.6506333 ], [ 121.0216078, 14.6508483 ], [ 121.0209627, 14.650959 ], [ 121.0208591, 14.6504011 ] ] ] } },
{ "type": "Feature", "properties": { "Amenity": null, "Building": null, "Landuse": null, "Name": null, "Shop": null }, "geometry": { "type": "Polygon", "coordinates": [ [ [ 121.0050379, 14.6407973 ], [ 121.0047525, 14.6407566 ], [ 121.0048248, 14.6402819 ], [ 121.0051102, 14.6403226 ], [ 121.0050379, 14.6407973 ] ] ] } },
{ "type": "Feature", "properties": { "Amenity": null, "Building": null, "Landuse": null, "Name": null, "Shop": null }, "geometry": { "type": "Polygon", "coordinates": [ [ [ 121.0767991, 14.6849128 ], [ 121.076802, 14.6843606 ], [ 121.0771506, 14.6843581 ], [ 121.0771774, 14.6843802 ], [ 121.0771522, 14.6844321 ], [ 121.0770545, 14.6849064 ], [ 121.0767991, 14.6849128 ] ] ] } },
{ "type": "Feature", "properties": { "Amenity": null, "Building": null, "Landuse": null, "Name": null, "Shop": null }, "geometry": { "type": "Polygon", "coordinates": [ [ [ 121.0788611, 14.6827724 ], [ 121.0785584, 14.6824599 ], [ 121.0788638, 14.6821419 ], [ 121.0789308, 14.6821445 ], [ 121.0789362, 14.6823728 ], [ 121.0791186, 14.6825259 ], [ 121.0788611, 14.6827724 ] ] ] } },
{ "type": "Feature", "properties": { "Amenity": null, "Building": null, "Landuse": null, "Name": null, "Shop": null }, "geometry": { "type": "Polygon", "coordinates": [ [ [ 121.0995475, 14.6903202 ], [ 121.0993951, 14.6902347 ], [ 121.0994609, 14.6901249 ], [ 121.0995677, 14.6901849 ], [ 121.0995436, 14.690225 ], [ 121.0995892, 14.6902506 ], [ 121.0995475, 14.6903202 ] ] ] } },
{ "type": "Feature", "properties": { "Amenity": null, "Building": null, "Landuse": null, "Name": null, "Shop": null }, "geometry": { "type": "Polygon", "coordinates": [ [ [ 121.0768033, 14.6828223 ], [ 121.0767307, 14.6826104 ], [ 121.0769787, 14.6825308 ], [ 121.0770513, 14.6827427 ], [ 121.0768033, 14.6828223 ] ] ] } },
{ "type": "Feature", "properties": { "Amenity": null, "Building": null, "Landuse": null, "Name": null, "Shop": null }, "geometry": { "type": "Polygon", "coordinates": [ [ [ 121.0634131, 14.6267848 ], [ 121.0634636, 14.627278 ], [ 121.0632059, 14.627302 ], [ 121.0631875, 14.6271166 ], [ 121.0632189, 14.6271137 ], [ 121.0631896, 14.6268046 ], [ 121.0634131, 14.6267848 ] ] ] } },
{ "type": "Feature", "properties": { "Amenity": null, "Building": null, "Landuse": null, "Name": null, "Shop": null }, "geometry": { "type": "Polygon", "coordinates": [ [ [ 121.0577249, 14.6672753 ], [ 121.0577366, 14.6671452 ], [ 121.0580202, 14.6671692 ], [ 121.0580085, 14.6672993 ], [ 121.0577249, 14.6672753 ] ] ] } },
{ "type": "Feature", "properties": { "Amenity": null, "Building": null, "Landuse": null, "Name": null, "Shop": null }, "geometry": { "type": "Polygon", "coordinates": [ [ [ 121.1030464, 14.7149417 ], [ 121.1031219, 14.7148753 ], [ 121.1032109, 14.7149702 ], [ 121.1031355, 14.7150365 ], [ 121.1030464, 14.7149417 ] ] ] } },
{ "type": "Feature", "properties": { "Amenity": null, "Building": null, "Landuse": null, "Name": null, "Shop": null }, "geometry": { "type": "Polygon", "coordinates": [ [ [ 121.1058794, 14.7118538 ], [ 121.1058149, 14.7117582 ], [ 121.1062303, 14.7114961 ], [ 121.1063325, 14.7116476 ], [ 121.1059903, 14.7118635 ], [ 121.1059527, 14.7118076 ], [ 121.1058794, 14.7118538 ] ] ] } },
{ "type": "Feature", "properties": { "Amenity": null, "Building": null, "Landuse": null, "Name": null, "Shop": null }, "geometry": { "type": "Polygon", "coordinates": [ [ [ 121.092136, 14.7001298 ], [ 121.0921735, 14.7000395 ], [ 121.0922799, 14.700081 ], [ 121.0922423, 14.7001712 ], [ 121.092136, 14.7001298 ] ] ] } },
{ "type": "Feature", "properties": { "Amenity": null, "Building": null, "Landuse": null, "Name": null, "Shop": null }, "geometry": { "type": "Polygon", "coordinates": [ [ [ 120.9950465, 14.6321398 ], [ 120.9947145, 14.6320406 ], [ 120.9947437, 14.6319489 ], [ 120.9950757, 14.6320481 ], [ 120.9950465, 14.6321398 ] ] ] } },
{ "type": "Feature", "properties": { "Amenity": null, "Building": null, "Landuse": null, "Name": null, "Shop": null }, "geometry": { "type": "Polygon", "coordinates": [ [ [ 121.0685558, 14.6533869 ], [ 121.068558, 14.6532855 ], [ 121.0686042, 14.6532864 ], [ 121.068602, 14.6533878 ], [ 121.0685558, 14.6533869 ] ] ] } },
{ "type": "Feature", "properties": { "Amenity": null, "Building": null, "Landuse": null, "Name": null, "Shop": null }, "geometry": { "type": "Polygon", "coordinates": [ [ [ 121.0475785, 14.7383548 ], [ 121.0473422, 14.7383049 ], [ 121.0473476, 14.7382811 ], [ 121.0473691, 14.7381931 ], [ 121.0476047, 14.7382434 ], [ 121.0475785, 14.7383548 ] ] ] } },
{ "type": "Feature", "properties": { "Amenity": null, "Building": null, "Landuse": null, "Name": null, "Shop": null }, "geometry": { "type": "Polygon", "coordinates": [ [ [ 121.0484557, 14.6570424 ], [ 121.0484968, 14.657016 ], [ 121.0485531, 14.6570547 ], [ 121.0485595, 14.6571258 ], [ 121.0483643, 14.6573884 ], [ 121.0483207, 14.657358 ], [ 121.0483408, 14.6573309 ], [ 121.048321, 14.6573171 ], [ 121.0484502, 14.6571435 ], [ 121.0484042, 14.6571115 ], [ 121.0484557, 14.6570424 ] ] ] } },
{ "type": "Feature", "properties": { "Amenity": null, "Building": null, "Landuse": null, "Name": null, "Shop": null }, "geometry": { "type": "Polygon", "coordinates": [ [ [ 121.0627061, 14.6469534 ], [ 121.0627659, 14.6469769 ], [ 121.0627404, 14.6470376 ], [ 121.0626806, 14.6470141 ], [ 121.0627061, 14.6469534 ] ] ] } },
{ "type": "Feature", "properties": { "Amenity": null, "Building": null, "Landuse": null, "Name": null, "Shop": null }, "geometry": { "type": "Polygon", "coordinates": [ [ [ 121.00791, 14.6209904 ], [ 121.0078082, 14.6208973 ], [ 121.0079796, 14.6207218 ], [ 121.0080814, 14.6208149 ], [ 121.00791, 14.6209904 ] ] ] } },
{ "type": "Feature", "properties": { "Amenity": null, "Building": null, "Landuse": null, "Name": null, "Shop": null }, "geometry": { "type": "Polygon", "coordinates": [ [ [ 120.9989397, 14.6584749 ], [ 120.9987933, 14.6575917 ], [ 120.9988765, 14.6575852 ], [ 120.9988738, 14.6574943 ], [ 120.9991179, 14.6574995 ], [ 120.999201, 14.6575177 ], [ 120.9992842, 14.6575514 ], [ 120.9993593, 14.6576007 ], [ 120.9994156, 14.6576708 ], [ 120.9994397, 14.6577305 ], [ 120.9994639, 14.6578187 ], [ 120.9995497, 14.6583662 ], [ 120.9995604, 14.6584415 ], [ 120.9996114, 14.6585453 ], [ 120.9996891, 14.6586596 ], [ 120.9989757, 14.6587632 ], [ 120.9989397, 14.6584749 ] ] ] } },
{ "type": "Feature", "properties": { "Amenity": null, "Building": null, "Landuse": null, "Name": null, "Shop": null }, "geometry": { "type": "Polygon", "coordinates": [ [ [ 121.0820288, 14.6750941 ], [ 121.0820284, 14.6748415 ], [ 121.0823924, 14.6748409 ], [ 121.0823924, 14.6748214 ], [ 121.0826272, 14.6748211 ], [ 121.0826275, 14.6750933 ], [ 121.0820288, 14.6750941 ] ] ] } },
{ "type": "Feature", "properties": { "Amenity": null, "Building": null, "Landuse": null, "Name": null, "Shop": null }, "geometry": { "type": "Polygon", "coordinates": [ [ [ 121.0747708, 14.6346611 ], [ 121.0747721, 14.634628 ], [ 121.0748092, 14.6346272 ], [ 121.0748076, 14.6346598 ], [ 121.0747708, 14.6346611 ] ] ] } },
{ "type": "Feature", "properties": { "Amenity": null, "Building": null, "Landuse": null, "Name": null, "Shop": null }, "geometry": { "type": "Polygon", "coordinates": [ [ [ 121.0727033, 14.6380987 ], [ 121.0726967, 14.6379536 ], [ 121.0730827, 14.6379372 ], [ 121.0730893, 14.6380822 ], [ 121.0727033, 14.6380987 ] ] ] } },
{ "type": "Feature", "properties": { "Amenity": null, "Building": null, "Landuse": null, "Name": null, "Shop": null }, "geometry": { "type": "Polygon", "coordinates": [ [ [ 121.0722419, 14.6367789 ], [ 121.0725921, 14.6366936 ], [ 121.0726659, 14.6370113 ], [ 121.0725412, 14.637036 ], [ 121.0722832, 14.636958 ], [ 121.0722419, 14.6367789 ] ] ] } },
{ "type": "Feature", "properties": { "Amenity": null, "Building": null, "Landuse": null, "Name": null, "Shop": null }, "geometry": { "type": "Polygon", "coordinates": [ [ [ 121.0805909, 14.6093628 ], [ 121.0804935, 14.6092345 ], [ 121.0804279, 14.6091311 ], [ 121.0804151, 14.6090644 ], [ 121.080436, 14.6089859 ], [ 121.0804813, 14.6089139 ], [ 121.0805523, 14.608838 ], [ 121.080647, 14.6087582 ], [ 121.0807653, 14.6088655 ], [ 121.0807999, 14.6089264 ], [ 121.0808215, 14.6090029 ], [ 121.0808198, 14.6090881 ], [ 121.0807993, 14.609179 ], [ 121.080743, 14.6092469 ], [ 121.0805909, 14.6093628 ] ] ] } },
{ "type": "Feature", "properties": { "Amenity": null, "Building": null, "Landuse": null, "Name": null, "Shop": null }, "geometry": { "type": "Polygon", "coordinates": [ [ [ 121.0294825, 14.6560061 ], [ 121.029489, 14.6560331 ], [ 121.0295319, 14.6562118 ], [ 121.0287561, 14.6563863 ], [ 121.0287446, 14.656338 ], [ 121.0287334, 14.6562918 ], [ 121.0287067, 14.6561804 ], [ 121.0287876, 14.6561622 ], [ 121.0288205, 14.6561549 ], [ 121.0288502, 14.6561482 ], [ 121.0288792, 14.6561417 ], [ 121.028911, 14.6561345 ], [ 121.028941, 14.6561278 ], [ 121.0289714, 14.656121 ], [ 121.029001, 14.6561143 ], [ 121.029031, 14.6561076 ], [ 121.0290614, 14.6561007 ], [ 121.0290917, 14.6560939 ], [ 121.0291231, 14.6560869 ], [ 121.0291516, 14.6560805 ], [ 121.0291835, 14.6560733 ], [ 121.0292135, 14.6560666 ], [ 121.0292494, 14.6560585 ], [ 121.0292797, 14.6560517 ], [ 121.0293099, 14.6560449 ], [ 121.0293654, 14.6560324 ], [ 121.0294279, 14.6560184 ], [ 121.0294825, 14.6560061 ] ] ] } },
{ "type": "Feature", "properties": { "Amenity": null, "Building": null, "Landuse": null, "Name": null, "Shop": null }, "geometry": { "type": "Polygon", "coordinates": [ [ [ 121.0506551, 14.6491746 ], [ 121.0508503, 14.6492739 ], [ 121.0507339, 14.6494881 ], [ 121.0506491, 14.649445 ], [ 121.0506805, 14.6493873 ], [ 121.05057, 14.6493312 ], [ 121.0506551, 14.6491746 ] ] ] } },
{ "type": "Feature", "properties": { "Amenity": null, "Building": null, "Landuse": null, "Name": null, "Shop": null }, "geometry": { "type": "Polygon", "coordinates": [ [ [ 121.0509164, 14.6498516 ], [ 121.0508601, 14.6497899 ], [ 121.0509533, 14.6497103 ], [ 121.0508898, 14.6496407 ], [ 121.0510142, 14.6495344 ], [ 121.0510816, 14.6496083 ], [ 121.0509693, 14.6497042 ], [ 121.0510217, 14.6497616 ], [ 121.0509164, 14.6498516 ] ] ] } },
{ "type": "Feature", "properties": { "Amenity": null, "Building": null, "Landuse": null, "Name": null, "Shop": null }, "geometry": { "type": "Polygon", "coordinates": [ [ [ 121.0453621, 14.6534883 ], [ 121.0454969, 14.6534598 ], [ 121.0455499, 14.6536946 ], [ 121.0454151, 14.6537231 ], [ 121.0453621, 14.6534883 ] ] ] } },
{ "type": "Feature", "properties": { "Amenity": null, "Building": null, "Landuse": null, "Name": null, "Shop": null }, "geometry": { "type": "Polygon", "coordinates": [ [ [ 121.0210859, 14.6798282 ], [ 121.0215499, 14.6797651 ], [ 121.0215745, 14.6800956 ], [ 121.0210881, 14.6799227 ], [ 121.0210661, 14.6798703 ], [ 121.0210859, 14.6798282 ] ] ] } },
{ "type": "Feature", "properties": { "Amenity": null, "Building": null, "Landuse": null, "Name": null, "Shop": null }, "geometry": { "type": "Polygon", "coordinates": [ [ [ 121.0204221, 14.6790458 ], [ 121.0206018, 14.679038 ], [ 121.0209639, 14.6791003 ], [ 121.02087, 14.6795751 ], [ 121.0208781, 14.679736 ], [ 121.0204248, 14.6797885 ], [ 121.0204221, 14.6790458 ] ] ] } },
{ "type": "Feature", "properties": { "Amenity": null, "Building": null, "Landuse": null, "Name": null, "Shop": null }, "geometry": { "type": "Polygon", "coordinates": [ [ [ 121.0485653, 14.7326835 ], [ 121.0486724, 14.7322521 ], [ 121.0487864, 14.7317931 ], [ 121.0495896, 14.7324125 ], [ 121.0494806, 14.7329334 ], [ 121.0485653, 14.7326835 ] ] ] } },
{ "type": "Feature", "properties": { "Amenity": null, "Building": null, "Landuse": null, "Name": null, "Shop": null }, "geometry": { "type": "Polygon", "coordinates": [ [ [ 121.0658962, 14.7191287 ], [ 121.0659077, 14.7176915 ], [ 121.0669692, 14.7176759 ], [ 121.0669764, 14.719116 ], [ 121.0658962, 14.7191287 ] ] ] } },
{ "type": "Feature", "properties": { "Amenity": null, "Building": null, "Landuse": null, "Name": null, "Shop": null }, "geometry": { "type": "Polygon", "coordinates": [ [ [ 121.011699, 14.6550578 ], [ 121.011468, 14.6551375 ], [ 121.0113221, 14.6548499 ], [ 121.0116441, 14.6547774 ], [ 121.0116973, 14.6548893 ], [ 121.011699, 14.6550578 ] ] ] } },
{ "type": "Feature", "properties": { "Amenity": null, "Building": null, "Landuse": null, "Name": null, "Shop": null }, "geometry": { "type": "Polygon", "coordinates": [ [ [ 121.0704581, 14.7348672 ], [ 121.0701039, 14.7346027 ], [ 121.0704023, 14.7340443 ], [ 121.0709176, 14.7342924 ], [ 121.0708655, 14.7345463 ], [ 121.0709038, 14.7345781 ], [ 121.0710002, 14.7346896 ], [ 121.0708715, 14.7349049 ], [ 121.0707397, 14.7351422 ], [ 121.0705429, 14.7353394 ], [ 121.0702956, 14.7351798 ], [ 121.0704581, 14.7348672 ] ] ] } },
{ "type": "Feature", "properties": { "Amenity": null, "Building": null, "Landuse": null, "Name": null, "Shop": null }, "geometry": { "type": "Polygon", "coordinates": [ [ [ 121.0669831, 14.7296543 ], [ 121.0670566, 14.7297094 ], [ 121.06703, 14.7297426 ], [ 121.0669565, 14.7296875 ], [ 121.0669831, 14.7296543 ] ] ] } },
{ "type": "Feature", "properties": { "Amenity": null, "Building": null, "Landuse": null, "Name": null, "Shop": null }, "geometry": { "type": "Polygon", "coordinates": [ [ [ 121.0481969, 14.6379467 ], [ 121.0481293, 14.6376552 ], [ 121.0486908, 14.6375334 ], [ 121.0487584, 14.6378249 ], [ 121.0481969, 14.6379467 ] ] ] } },
{ "type": "Feature", "properties": { "Amenity": null, "Building": null, "Landuse": null, "Name": null, "Shop": null }, "geometry": { "type": "Polygon", "coordinates": [ [ [ 121.0303349, 14.6971951 ], [ 121.0302175, 14.69728 ], [ 121.0299669, 14.6973502 ], [ 121.0299399, 14.6972782 ], [ 121.0301496, 14.6972199 ], [ 121.0302336, 14.6971647 ], [ 121.030222, 14.6971434 ], [ 121.030294, 14.6971068 ], [ 121.0303349, 14.6971951 ] ] ] } },
{ "type": "Feature", "properties": { "Amenity": null, "Building": null, "Landuse": null, "Name": null, "Shop": null }, "geometry": { "type": "Polygon", "coordinates": [ [ [ 121.0573607, 14.6663457 ], [ 121.0575695, 14.6665684 ], [ 121.0575319, 14.6669177 ], [ 121.0572007, 14.6669768 ], [ 121.0571381, 14.6666164 ], [ 121.0573607, 14.6663457 ] ] ] } },
{ "type": "Feature", "properties": { "Amenity": null, "Building": null, "Landuse": null, "Name": null, "Shop": null }, "geometry": { "type": "Polygon", "coordinates": [ [ [ 121.0455582, 14.6347227 ], [ 121.0460814, 14.6346177 ], [ 121.0461987, 14.6352613 ], [ 121.0459826, 14.6354039 ], [ 121.0457275, 14.6354494 ], [ 121.0455582, 14.6347227 ] ] ] } },
{ "type": "Feature", "properties": { "Amenity": null, "Building": null, "Landuse": null, "Name": null, "Shop": null }, "geometry": { "type": "Polygon", "coordinates": [ [ [ 121.0363173, 14.6242481 ], [ 121.0363627, 14.6240366 ], [ 121.0365408, 14.6240724 ], [ 121.0364954, 14.6242839 ], [ 121.0363173, 14.6242481 ] ] ] } },
{ "type": "Feature", "properties": { "Amenity": null, "Building": null, "Landuse": null, "Name": null, "Shop": null }, "geometry": { "type": "Polygon", "coordinates": [ [ [ 121.048031, 14.6552383 ], [ 121.0480387, 14.6549694 ], [ 121.0482445, 14.6549749 ], [ 121.0484577, 14.6549807 ], [ 121.0486942, 14.6549871 ], [ 121.0488806, 14.6549921 ], [ 121.0491498, 14.6549994 ], [ 121.0491409, 14.655308 ], [ 121.0490673, 14.655306 ], [ 121.0490698, 14.6552221 ], [ 121.0488192, 14.6552154 ], [ 121.048597, 14.6552093 ], [ 121.048371, 14.6552032 ], [ 121.0481353, 14.6551968 ], [ 121.048134, 14.6552411 ], [ 121.048031, 14.6552383 ] ] ] } },
{ "type": "Feature", "properties": { "Amenity": null, "Building": null, "Landuse": null, "Name": null, "Shop": null }, "geometry": { "type": "Polygon", "coordinates": [ [ [ 121.080203, 14.6096234 ], [ 121.080198, 14.6096061 ], [ 121.0802026, 14.6095887 ], [ 121.0802156, 14.6095758 ], [ 121.0802335, 14.609571 ], [ 121.0802515, 14.6095754 ], [ 121.0802648, 14.609588 ], [ 121.0802698, 14.6096053 ], [ 121.0802652, 14.6096228 ], [ 121.0802522, 14.6096356 ], [ 121.0802343, 14.6096405 ], [ 121.0802163, 14.609636 ], [ 121.080203, 14.6096234 ] ] ] } },
{ "type": "Feature", "properties": { "Amenity": null, "Building": null, "Landuse": null, "Name": null, "Shop": null }, "geometry": { "type": "Polygon", "coordinates": [ [ [ 121.0612699, 14.5910428 ], [ 121.0616188, 14.5907527 ], [ 121.0618686, 14.5910348 ], [ 121.0615067, 14.5913192 ], [ 121.0612699, 14.5910428 ] ] ] } },
{ "type": "Feature", "properties": { "Amenity": null, "Building": null, "Landuse": null, "Name": null, "Shop": null }, "geometry": { "type": "Polygon", "coordinates": [ [ [ 121.0379815, 14.6643375 ], [ 121.0378451, 14.665036 ], [ 121.0377737, 14.6650595 ], [ 121.037755, 14.6649668 ], [ 121.0374183, 14.6647708 ], [ 121.0370095, 14.6646847 ], [ 121.0371169, 14.6641602 ], [ 121.0379815, 14.6643375 ] ] ] } },
{ "type": "Feature", "properties": { "Amenity": null, "Building": null, "Landuse": null, "Name": null, "Shop": null }, "geometry": { "type": "Polygon", "coordinates": [ [ [ 121.0401528, 14.6621181 ], [ 121.0404512, 14.6621722 ], [ 121.0404045, 14.6623538 ], [ 121.0402301, 14.6631273 ], [ 121.0392801, 14.6629075 ], [ 121.0393602, 14.6621025 ], [ 121.0400769, 14.6619481 ], [ 121.0401528, 14.6621181 ] ] ] } },
{ "type": "Feature", "properties": { "Amenity": null, "Building": null, "Landuse": null, "Name": null, "Shop": null }, "geometry": { "type": "Polygon", "coordinates": [ [ [ 121.0822976, 14.6079256 ], [ 121.0828953, 14.6074444 ], [ 121.0832247, 14.6078579 ], [ 121.0826297, 14.6083434 ], [ 121.0823192, 14.607985 ], [ 121.0822976, 14.6079256 ] ] ] } },
{ "type": "Feature", "properties": { "Amenity": null, "Building": null, "Landuse": null, "Name": null, "Shop": null }, "geometry": { "type": "Polygon", "coordinates": [ [ [ 121.0382329, 14.6120119 ], [ 121.0381643, 14.6118885 ], [ 121.0381753, 14.611846 ], [ 121.0382427, 14.6118129 ], [ 121.0383102, 14.6119657 ], [ 121.0382329, 14.6120119 ] ] ] } },
{ "type": "Feature", "properties": { "Amenity": null, "Building": null, "Landuse": null, "Name": null, "Shop": null }, "geometry": { "type": "Polygon", "coordinates": [ [ [ 121.0734713, 14.6315374 ], [ 121.0726024, 14.6310975 ], [ 121.072584, 14.6311305 ], [ 121.0725429, 14.6312075 ], [ 121.0724276, 14.6311498 ], [ 121.0722735, 14.6310712 ], [ 121.0723318, 14.6309634 ], [ 121.0722131, 14.6309033 ], [ 121.0723594, 14.630633 ], [ 121.0727354, 14.6308234 ], [ 121.0727566, 14.6307822 ], [ 121.07277, 14.6307553 ], [ 121.0728358, 14.6306293 ], [ 121.073117, 14.6307672 ], [ 121.0732423, 14.6308295 ], [ 121.0731755, 14.6309551 ], [ 121.0731399, 14.6310202 ], [ 121.0736197, 14.6312631 ], [ 121.0734713, 14.6315374 ] ] ] } },
{ "type": "Feature", "properties": { "Amenity": null, "Building": null, "Landuse": null, "Name": null, "Shop": null }, "geometry": { "type": "Polygon", "coordinates": [ [ [ 121.0644214, 14.6291178 ], [ 121.064448, 14.6289431 ], [ 121.0645524, 14.628958 ], [ 121.0645258, 14.6291327 ], [ 121.0644214, 14.6291178 ] ] ] } },
{ "type": "Feature", "properties": { "Amenity": null, "Building": null, "Landuse": null, "Name": null, "Shop": null }, "geometry": { "type": "Polygon", "coordinates": [ [ [ 121.0746763, 14.6522969 ], [ 121.0746696, 14.6514271 ], [ 121.0747675, 14.6513829 ], [ 121.0746963, 14.6511688 ], [ 121.0746937, 14.6505278 ], [ 121.0748385, 14.6504643 ], [ 121.0749632, 14.6506991 ], [ 121.0750356, 14.6509729 ], [ 121.0753643, 14.6515775 ], [ 121.075088, 14.6517578 ], [ 121.0748318, 14.6523625 ], [ 121.0746763, 14.6522969 ] ] ] } },
{ "type": "Feature", "properties": { "Amenity": null, "Building": null, "Landuse": null, "Name": null, "Shop": null }, "geometry": { "type": "Polygon", "coordinates": [ [ [ 121.0126749, 14.6595762 ], [ 121.0117514, 14.6595553 ], [ 121.0117592, 14.6577807 ], [ 121.0126213, 14.6577772 ], [ 121.01262, 14.6578813 ], [ 121.0126035, 14.6591945 ], [ 121.0134826, 14.659209 ], [ 121.0134728, 14.6595996 ], [ 121.0126749, 14.6595762 ] ] ] } },
{ "type": "Feature", "properties": { "Amenity": null, "Building": null, "Landuse": null, "Name": null, "Shop": null }, "geometry": { "type": "Polygon", "coordinates": [ [ [ 121.037752, 14.6522428 ], [ 121.037684, 14.6518699 ], [ 121.0378916, 14.6518346 ], [ 121.0378943, 14.6518493 ], [ 121.0379596, 14.6522073 ], [ 121.037752, 14.6522428 ] ] ] } },
{ "type": "Feature", "properties": { "Amenity": null, "Building": null, "Landuse": null, "Name": null, "Shop": null }, "geometry": { "type": "Polygon", "coordinates": [ [ [ 121.0622648, 14.6108114 ], [ 121.0621369, 14.6113151 ], [ 121.0621087, 14.6113489 ], [ 121.0620671, 14.611358 ], [ 121.0620155, 14.6113453 ], [ 121.0618928, 14.6113151 ], [ 121.0616542, 14.6112567 ], [ 121.0617808, 14.6107007 ], [ 121.0621344, 14.6107816 ], [ 121.0622648, 14.6108114 ] ] ] } },
{ "type": "Feature", "properties": { "Amenity": null, "Building": null, "Landuse": null, "Name": null, "Shop": null }, "geometry": { "type": "Polygon", "coordinates": [ [ [ 121.0155914, 14.6501496 ], [ 121.0155769, 14.6500713 ], [ 121.0158904, 14.6500169 ], [ 121.0159049, 14.6500953 ], [ 121.0155914, 14.6501496 ] ] ] } },
{ "type": "Feature", "properties": { "Amenity": null, "Building": null, "Landuse": null, "Name": null, "Shop": null }, "geometry": { "type": "Polygon", "coordinates": [ [ [ 121.0206287, 14.6631259 ], [ 121.0206337, 14.6631312 ], [ 121.0204206, 14.6633197 ], [ 121.0204156, 14.6633145 ], [ 121.0201703, 14.6630489 ], [ 121.0203881, 14.662864 ], [ 121.0206287, 14.6631259 ] ] ] } },
{ "type": "Feature", "properties": { "Amenity": null, "Building": null, "Landuse": null, "Name": null, "Shop": null }, "geometry": { "type": "Polygon", "coordinates": [ [ [ 121.0413678, 14.7235176 ], [ 121.0412481, 14.7235027 ], [ 121.0412722, 14.7233211 ], [ 121.041392, 14.723336 ], [ 121.0413678, 14.7235176 ] ] ] } },
{ "type": "Feature", "properties": { "Amenity": null, "Building": null, "Landuse": null, "Name": null, "Shop": null }, "geometry": { "type": "Polygon", "coordinates": [ [ [ 121.0413578, 14.7233198 ], [ 121.0412755, 14.7233098 ], [ 121.041297, 14.7231451 ], [ 121.0413792, 14.7231551 ], [ 121.0413578, 14.7233198 ] ] ] } },
{ "type": "Feature", "properties": { "Amenity": null, "Building": null, "Landuse": null, "Name": null, "Shop": null }, "geometry": { "type": "Polygon", "coordinates": [ [ [ 121.0413466, 14.7168328 ], [ 121.0412908, 14.7170771 ], [ 121.0411999, 14.7175484 ], [ 121.0411802, 14.7175844 ], [ 121.0411714, 14.7176228 ], [ 121.0411195, 14.7178953 ], [ 121.0409153, 14.7178921 ], [ 121.0405117, 14.7178219 ], [ 121.040247, 14.7177747 ], [ 121.0403612, 14.7168589 ], [ 121.0404807, 14.7168684 ], [ 121.0404902, 14.7167212 ], [ 121.0407838, 14.7167817 ], [ 121.0413466, 14.7168328 ] ] ] } },
{ "type": "Feature", "properties": { "Amenity": null, "Building": null, "Landuse": null, "Name": null, "Shop": null }, "geometry": { "type": "Polygon", "coordinates": [ [ [ 121.0471663, 14.7224431 ], [ 121.0471668, 14.7231388 ], [ 121.0468798, 14.7231181 ], [ 121.0466746, 14.7228275 ], [ 121.046682, 14.7224248 ], [ 121.0471663, 14.7224431 ] ] ] } },
{ "type": "Feature", "properties": { "Amenity": null, "Building": null, "Landuse": null, "Name": null, "Shop": null }, "geometry": { "type": "Polygon", "coordinates": [ [ [ 121.0223895, 14.6431569 ], [ 121.0222004, 14.6431011 ], [ 121.0223004, 14.6427837 ], [ 121.0224895, 14.6428395 ], [ 121.0223895, 14.6431569 ] ] ] } },
{ "type": "Feature", "properties": { "Amenity": null, "Building": null, "Landuse": null, "Name": null, "Shop": null }, "geometry": { "type": "Polygon", "coordinates": [ [ [ 121.0714123, 14.6687441 ], [ 121.071224, 14.6687457 ], [ 121.0712221, 14.668541 ], [ 121.0712216, 14.6684769 ], [ 121.0712212, 14.6684363 ], [ 121.0714095, 14.6684347 ], [ 121.0714123, 14.6687441 ] ] ] } },
{ "type": "Feature", "properties": { "Amenity": null, "Building": null, "Landuse": null, "Name": null, "Shop": null }, "geometry": { "type": "Polygon", "coordinates": [ [ [ 121.0645336, 14.6679868 ], [ 121.0648801, 14.6680596 ], [ 121.0649771, 14.6689193 ], [ 121.0639886, 14.6688924 ], [ 121.063541, 14.6689987 ], [ 121.0628896, 14.6687975 ], [ 121.063062, 14.6686387 ], [ 121.0632632, 14.6680704 ], [ 121.0644487, 14.6680549 ], [ 121.0645336, 14.6679868 ] ] ] } },
{ "type": "Feature", "properties": { "Amenity": null, "Building": null, "Landuse": null, "Name": null, "Shop": null }, "geometry": { "type": "Polygon", "coordinates": [ [ [ 121.0387151, 14.6147098 ], [ 121.0385068, 14.6146995 ], [ 121.0383691, 14.6146585 ], [ 121.0382508, 14.6145765 ], [ 121.0381238, 14.6144348 ], [ 121.0380705, 14.6142249 ], [ 121.0382228, 14.6140004 ], [ 121.0385096, 14.613947 ], [ 121.0387151, 14.6147098 ] ] ] } },
{ "type": "Feature", "properties": { "Amenity": null, "Building": null, "Landuse": null, "Name": null, "Shop": null }, "geometry": { "type": "Polygon", "coordinates": [ [ [ 121.069544, 14.649707 ], [ 121.0695735, 14.6495773 ], [ 121.0697773, 14.6493645 ], [ 121.0699101, 14.6490959 ], [ 121.0699624, 14.6489389 ], [ 121.0699891, 14.6487658 ], [ 121.0699893, 14.6486865 ], [ 121.070358, 14.6486827 ], [ 121.0703713, 14.6480885 ], [ 121.0704665, 14.6480846 ], [ 121.0704734, 14.6478483 ], [ 121.0709749, 14.6480961 ], [ 121.0707228, 14.6485243 ], [ 121.0706638, 14.6486385 ], [ 121.0708607, 14.6487445 ], [ 121.0708088, 14.6488403 ], [ 121.0707832, 14.6489103 ], [ 121.0707787, 14.6493034 ], [ 121.0707769, 14.6493354 ], [ 121.0707341, 14.6493428 ], [ 121.0706415, 14.6493475 ], [ 121.0705084, 14.6493783 ], [ 121.0702588, 14.6495286 ], [ 121.0700979, 14.6496739 ], [ 121.0699932, 14.6497414 ], [ 121.0697626, 14.6497336 ], [ 121.069544, 14.649707 ] ] ] } },
{ "type": "Feature", "properties": { "Amenity": null, "Building": null, "Landuse": null, "Name": null, "Shop": null }, "geometry": { "type": "Polygon", "coordinates": [ [ [ 121.0794539, 14.7015394 ], [ 121.0795156, 14.7012947 ], [ 121.0795976, 14.7009247 ], [ 121.0796611, 14.7005455 ], [ 121.0796896, 14.7003124 ], [ 121.080074, 14.7003293 ], [ 121.0803491, 14.7002497 ], [ 121.0805973, 14.7009252 ], [ 121.0808533, 14.7016338 ], [ 121.080623, 14.7016622 ], [ 121.0802378, 14.7016732 ], [ 121.079806, 14.7016519 ], [ 121.0794539, 14.7015394 ] ] ] } },
{ "type": "Feature", "properties": { "Amenity": null, "Building": null, "Landuse": null, "Name": null, "Shop": null }, "geometry": { "type": "Polygon", "coordinates": [ [ [ 121.079937, 14.7016137 ], [ 121.0797587, 14.701058 ], [ 121.0801185, 14.70095 ], [ 121.0802968, 14.7015057 ], [ 121.079937, 14.7016137 ] ] ] } },
{ "type": "Feature", "properties": { "Amenity": null, "Building": null, "Landuse": null, "Name": null, "Shop": null }, "geometry": { "type": "Polygon", "coordinates": [ [ [ 121.0210366, 14.6273971 ], [ 121.021307, 14.6274132 ], [ 121.0212993, 14.6275348 ], [ 121.021128, 14.6275246 ], [ 121.0211306, 14.627483 ], [ 121.0210315, 14.6274771 ], [ 121.0210366, 14.6273971 ] ] ] } },
{ "type": "Feature", "properties": { "Amenity": null, "Building": null, "Landuse": null, "Name": null, "Shop": null }, "geometry": { "type": "Polygon", "coordinates": [ [ [ 121.0216237, 14.6279142 ], [ 121.0216744, 14.6274233 ], [ 121.0230041, 14.627556 ], [ 121.0231952, 14.6279258 ], [ 121.0218528, 14.6282178 ], [ 121.0218229, 14.6279498 ], [ 121.0216237, 14.6279142 ] ] ] } },
{ "type": "Feature", "properties": { "Amenity": null, "Building": null, "Landuse": null, "Name": null, "Shop": null }, "geometry": { "type": "Polygon", "coordinates": [ [ [ 121.0205921, 14.628452 ], [ 121.0205793, 14.6283797 ], [ 121.0205817, 14.6283793 ], [ 121.0206146, 14.6282963 ], [ 121.0206669, 14.6282859 ], [ 121.0207037, 14.6284316 ], [ 121.0205921, 14.628452 ] ] ] } },
{ "type": "Feature", "properties": { "Amenity": null, "Building": null, "Landuse": null, "Name": null, "Shop": null }, "geometry": { "type": "Polygon", "coordinates": [ [ [ 121.019559, 14.6289093 ], [ 121.0195296, 14.6290762 ], [ 121.0193925, 14.6290534 ], [ 121.0193084, 14.6290394 ], [ 121.0193382, 14.6288702 ], [ 121.019559, 14.6289093 ] ] ] } },
{ "type": "Feature", "properties": { "Amenity": null, "Building": null, "Landuse": null, "Name": null, "Shop": null }, "geometry": { "type": "Polygon", "coordinates": [ [ [ 121.0514304, 14.6098289 ], [ 121.0517428, 14.6093161 ], [ 121.0514796, 14.6091886 ], [ 121.0515437, 14.6090658 ], [ 121.0527502, 14.6096263 ], [ 121.0524263, 14.6101947 ], [ 121.0519435, 14.6100864 ], [ 121.0514304, 14.6098289 ] ] ] } },
{ "type": "Feature", "properties": { "Amenity": null, "Building": null, "Landuse": null, "Name": null, "Shop": null }, "geometry": { "type": "Polygon", "coordinates": [ [ [ 121.0436814, 14.6351717 ], [ 121.0440223, 14.6346662 ], [ 121.0441489, 14.6344777 ], [ 121.0442249, 14.6345296 ], [ 121.0448407, 14.6349623 ], [ 121.0444636, 14.6356164 ], [ 121.0436814, 14.6351717 ] ] ] } },
{ "type": "Feature", "properties": { "Amenity": null, "Building": null, "Landuse": null, "Name": null, "Shop": null }, "geometry": { "type": "Polygon", "coordinates": [ [ [ 121.0467705, 14.740264 ], [ 121.0464803, 14.7402719 ], [ 121.0464785, 14.7402138 ], [ 121.0465131, 14.7400331 ], [ 121.0468077, 14.7400886 ], [ 121.0467705, 14.740264 ] ] ] } },
{ "type": "Feature", "properties": { "Amenity": null, "Building": null, "Landuse": null, "Name": null, "Shop": null }, "geometry": { "type": "Polygon", "coordinates": [ [ [ 121.0545838, 14.6100372 ], [ 121.0547147, 14.609746 ], [ 121.054985, 14.6098453 ], [ 121.0548662, 14.610132 ], [ 121.0545838, 14.6100372 ] ] ] } },
{ "type": "Feature", "properties": { "Amenity": null, "Building": null, "Landuse": null, "Name": null, "Shop": null }, "geometry": { "type": "Polygon", "coordinates": [ [ [ 121.0659956, 14.6495923 ], [ 121.0653515, 14.6496722 ], [ 121.0644278, 14.649671 ], [ 121.0644219, 14.6495096 ], [ 121.0643868, 14.6484166 ], [ 121.0650045, 14.6478434 ], [ 121.0657029, 14.6481105 ], [ 121.0658142, 14.648133 ], [ 121.0659156, 14.6481453 ], [ 121.0659786, 14.6480983 ], [ 121.0661011, 14.6480863 ], [ 121.0662111, 14.6480763 ], [ 121.0663135, 14.6480646 ], [ 121.0664475, 14.6480294 ], [ 121.066569, 14.6479755 ], [ 121.0669126, 14.6478313 ], [ 121.0669482, 14.6477928 ], [ 121.067003, 14.647785 ], [ 121.0676626, 14.6474196 ], [ 121.0679614, 14.6473306 ], [ 121.0683886, 14.6473055 ], [ 121.0689253, 14.6472899 ], [ 121.068934, 14.6481183 ], [ 121.0689367, 14.6484267 ], [ 121.0689301, 14.6489302 ], [ 121.0688773, 14.6490837 ], [ 121.0687634, 14.649393 ], [ 121.0686144, 14.6497519 ], [ 121.0684838, 14.6501457 ], [ 121.0684627, 14.6501886 ], [ 121.0676358, 14.649939 ], [ 121.0675657, 14.6497545 ], [ 121.0677882, 14.649575 ], [ 121.0680597, 14.6492949 ], [ 121.0680176, 14.649098 ], [ 121.0675574, 14.6487418 ], [ 121.0674032, 14.6488102 ], [ 121.0671271, 14.6489397 ], [ 121.0668373, 14.6490385 ], [ 121.0665947, 14.649059 ], [ 121.0661214, 14.6490991 ], [ 121.0660077, 14.6490999 ], [ 121.0659956, 14.6495923 ] ] ] } },
{ "type": "Feature", "properties": { "Amenity": null, "Building": null, "Landuse": null, "Name": null, "Shop": null }, "geometry": { "type": "Polygon", "coordinates": [ [ [ 121.0675327, 14.6485258 ], [ 121.0680439, 14.6485664 ], [ 121.0679748, 14.6487001 ], [ 121.0679501, 14.6489054 ], [ 121.0681623, 14.6489532 ], [ 121.0681327, 14.6491013 ], [ 121.0677882, 14.649575 ], [ 121.0676045, 14.6494595 ], [ 121.0674842, 14.6493421 ], [ 121.0673824, 14.6492207 ], [ 121.0673731, 14.6492107 ], [ 121.0675, 14.6491173 ], [ 121.0675327, 14.6485258 ] ] ] } },
{ "type": "Feature", "properties": { "Amenity": null, "Building": null, "Landuse": null, "Name": null, "Shop": null }, "geometry": { "type": "Polygon", "coordinates": [ [ [ 121.0469711, 14.6559089 ], [ 121.0470747, 14.6557523 ], [ 121.047379, 14.6559407 ], [ 121.0472754, 14.6560973 ], [ 121.0469711, 14.6559089 ] ] ] } },
{ "type": "Feature", "properties": { "Amenity": null, "Building": null, "Landuse": null, "Name": null, "Shop": null }, "geometry": { "type": "Polygon", "coordinates": [ [ [ 121.0873609, 14.701571 ], [ 121.0872858, 14.7017462 ], [ 121.0870468, 14.7016504 ], [ 121.0871219, 14.7014751 ], [ 121.0873609, 14.701571 ] ] ] } },
{ "type": "Feature", "properties": { "Amenity": null, "Building": null, "Landuse": null, "Name": null, "Shop": null }, "geometry": { "type": "Polygon", "coordinates": [ [ [ 121.0466328, 14.6548949 ], [ 121.0461285, 14.6545958 ], [ 121.0462612, 14.6543761 ], [ 121.0464781, 14.6540626 ], [ 121.0465521, 14.6541021 ], [ 121.0466414, 14.6539836 ], [ 121.0466669, 14.6539713 ], [ 121.0467409, 14.6539688 ], [ 121.0467792, 14.6539811 ], [ 121.0468047, 14.6540108 ], [ 121.0468047, 14.6540626 ], [ 121.0467792, 14.6541268 ], [ 121.0468952, 14.6542081 ], [ 121.0469145, 14.6542132 ], [ 121.0469482, 14.654256 ], [ 121.0468889, 14.6542502 ], [ 121.0470012, 14.6543193 ], [ 121.0466328, 14.6548949 ] ] ] } },
{ "type": "Feature", "properties": { "Amenity": null, "Building": null, "Landuse": null, "Name": null, "Shop": null }, "geometry": { "type": "Polygon", "coordinates": [ [ [ 121.0612488, 14.6324472 ], [ 121.0608341, 14.6320696 ], [ 121.0609772, 14.6319225 ], [ 121.0613919, 14.6323 ], [ 121.0612488, 14.6324472 ] ] ] } },
{ "type": "Feature", "properties": { "Amenity": null, "Building": null, "Landuse": null, "Name": null, "Shop": null }, "geometry": { "type": "Polygon", "coordinates": [ [ [ 121.0351854, 14.6245879 ], [ 121.0350311, 14.6244958 ], [ 121.0351156, 14.6243569 ], [ 121.0352558, 14.6243796 ], [ 121.0351854, 14.6245879 ] ] ] } },
{ "type": "Feature", "properties": { "Amenity": null, "Building": null, "Landuse": null, "Name": null, "Shop": null }, "geometry": { "type": "Polygon", "coordinates": [ [ [ 121.0349809, 14.6241403 ], [ 121.0350674, 14.6239917 ], [ 121.0351686, 14.6240468 ], [ 121.0351009, 14.6241565 ], [ 121.0350057, 14.6241538 ], [ 121.0349809, 14.6241403 ] ] ] } },
{ "type": "Feature", "properties": { "Amenity": null, "Building": null, "Landuse": null, "Name": null, "Shop": null }, "geometry": { "type": "Polygon", "coordinates": [ [ [ 121.0275056, 14.6227012 ], [ 121.0272438, 14.6225924 ], [ 121.0273862, 14.6223365 ], [ 121.0276359, 14.6224661 ], [ 121.0275056, 14.6227012 ] ] ] } },
{ "type": "Feature", "properties": { "Amenity": null, "Building": null, "Landuse": null, "Name": null, "Shop": null }, "geometry": { "type": "Polygon", "coordinates": [ [ [ 121.0170639, 14.6250041 ], [ 121.0169108, 14.6249018 ], [ 121.0171278, 14.624598 ], [ 121.0172809, 14.6247004 ], [ 121.0170639, 14.6250041 ] ] ] } },
{ "type": "Feature", "properties": { "Amenity": null, "Building": null, "Landuse": null, "Name": null, "Shop": null }, "geometry": { "type": "Polygon", "coordinates": [ [ [ 121.015107, 14.6391212 ], [ 121.0149783, 14.6388279 ], [ 121.0151262, 14.6387671 ], [ 121.0152549, 14.6390604 ], [ 121.015107, 14.6391212 ] ] ] } },
{ "type": "Feature", "properties": { "Amenity": null, "Building": null, "Landuse": null, "Name": null, "Shop": null }, "geometry": { "type": "Polygon", "coordinates": [ [ [ 121.0317168, 14.6382818 ], [ 121.0314869, 14.6381364 ], [ 121.0315989, 14.6379705 ], [ 121.0316431, 14.6379587 ], [ 121.0316782, 14.6379557 ], [ 121.0318596, 14.6380704 ], [ 121.0317168, 14.6382818 ] ] ] } },
{ "type": "Feature", "properties": { "Amenity": null, "Building": null, "Landuse": null, "Name": null, "Shop": null }, "geometry": { "type": "Polygon", "coordinates": [ [ [ 121.0031251, 14.6416212 ], [ 121.0031431, 14.6414642 ], [ 121.0030671, 14.641456 ], [ 121.0030774, 14.6413661 ], [ 121.0031477, 14.6413736 ], [ 121.0031435, 14.6414106 ], [ 121.0032645, 14.6414236 ], [ 121.0032403, 14.6416336 ], [ 121.0031251, 14.6416212 ] ] ] } },
{ "type": "Feature", "properties": { "Amenity": null, "Building": null, "Landuse": null, "Name": null, "Shop": null }, "geometry": { "type": "Polygon", "coordinates": [ [ [ 121.0237193, 14.6595361 ], [ 121.0235421, 14.6595694 ], [ 121.023475, 14.659236 ], [ 121.0236523, 14.6592026 ], [ 121.0237193, 14.6595361 ] ] ] } },
{ "type": "Feature", "properties": { "Amenity": null, "Building": null, "Landuse": null, "Name": null, "Shop": null }, "geometry": { "type": "Polygon", "coordinates": [ [ [ 121.011303, 14.6411019 ], [ 121.0110113, 14.6409748 ], [ 121.0113613, 14.6407393 ], [ 121.0115089, 14.6408963 ], [ 121.011303, 14.6411019 ] ] ] } },
{ "type": "Feature", "properties": { "Amenity": null, "Building": null, "Landuse": null, "Name": null, "Shop": null }, "geometry": { "type": "Polygon", "coordinates": [ [ [ 121.0745546, 14.6582472 ], [ 121.0745576, 14.6581746 ], [ 121.0746785, 14.6582312 ], [ 121.074676, 14.6582665 ], [ 121.0745546, 14.6582472 ] ] ] } },
{ "type": "Feature", "properties": { "Amenity": null, "Building": null, "Landuse": null, "Name": null, "Shop": null }, "geometry": { "type": "Polygon", "coordinates": [ [ [ 121.0007446, 14.6547052 ], [ 121.0007953, 14.6545547 ], [ 121.0012778, 14.654707 ], [ 121.0012625, 14.6547525 ], [ 121.0013768, 14.6547886 ], [ 121.0013038, 14.6550053 ], [ 121.0012314, 14.65522 ], [ 121.0012807, 14.6552355 ], [ 121.0011013, 14.6557675 ], [ 121.0009504, 14.6557198 ], [ 121.0009313, 14.6557765 ], [ 121.0005564, 14.6556582 ], [ 121.0005413, 14.655703 ], [ 121.0004086, 14.6556611 ], [ 121.0001427, 14.6555772 ], [ 120.9999402, 14.6555133 ], [ 121.0001125, 14.6550024 ], [ 121.0001567, 14.6548712 ], [ 121.0001936, 14.6548828 ], [ 121.0002166, 14.6548144 ], [ 121.0002619, 14.6548287 ], [ 121.0002883, 14.6547504 ], [ 121.0003951, 14.6547841 ], [ 121.0004483, 14.6546264 ], [ 121.0004918, 14.6545887 ], [ 121.0005523, 14.654563 ], [ 121.000603, 14.654562 ], [ 121.000648, 14.6545759 ], [ 121.000674, 14.6545957 ], [ 121.000689, 14.654607 ], [ 121.0006946, 14.6546113 ], [ 121.000704, 14.6546268 ], [ 121.0007207, 14.6546545 ], [ 121.0007446, 14.6547052 ] ] ] } },
{ "type": "Feature", "properties": { "Amenity": null, "Building": null, "Landuse": null, "Name": null, "Shop": null }, "geometry": { "type": "Polygon", "coordinates": [ [ [ 121.0552329, 14.6288209 ], [ 121.0553469, 14.6285834 ], [ 121.0554451, 14.6286275 ], [ 121.0553311, 14.628865 ], [ 121.0552329, 14.6288209 ] ] ] } },
{ "type": "Feature", "properties": { "Amenity": null, "Building": null, "Landuse": null, "Name": null, "Shop": null }, "geometry": { "type": "Polygon", "coordinates": [ [ [ 121.0474871, 14.6287743 ], [ 121.0474446, 14.6287729 ], [ 121.047402, 14.6287715 ], [ 121.0474044, 14.6287027 ], [ 121.0474895, 14.6287054 ], [ 121.0474871, 14.6287743 ] ] ] } },
{ "type": "Feature", "properties": { "Amenity": null, "Building": null, "Landuse": null, "Name": null, "Shop": null }, "geometry": { "type": "Polygon", "coordinates": [ [ [ 121.0469918, 14.6565792 ], [ 121.0465814, 14.6563249 ], [ 121.0468017, 14.6559921 ], [ 121.0472121, 14.6562465 ], [ 121.0469918, 14.6565792 ] ] ] } },
{ "type": "Feature", "properties": { "Amenity": null, "Building": null, "Landuse": null, "Name": null, "Shop": null }, "geometry": { "type": "Polygon", "coordinates": [ [ [ 121.0473779, 14.6556568 ], [ 121.0474714, 14.6555148 ], [ 121.0472727, 14.6553925 ], [ 121.047154, 14.6555729 ], [ 121.0470078, 14.6554829 ], [ 121.0472774, 14.6550729 ], [ 121.0474236, 14.6551629 ], [ 121.0473513, 14.6552728 ], [ 121.0474063, 14.6553067 ], [ 121.0474549, 14.6552328 ], [ 121.0475422, 14.6552865 ], [ 121.0474936, 14.6553604 ], [ 121.0475501, 14.6553952 ], [ 121.0475872, 14.6553389 ], [ 121.0477294, 14.6554265 ], [ 121.0475202, 14.6557444 ], [ 121.0473779, 14.6556568 ] ] ] } },
{ "type": "Feature", "properties": { "Amenity": null, "Building": null, "Landuse": null, "Name": null, "Shop": null }, "geometry": { "type": "Polygon", "coordinates": [ [ [ 121.0521238, 14.6543445 ], [ 121.0522899, 14.6540995 ], [ 121.0523479, 14.6541354 ], [ 121.0521908, 14.6543884 ], [ 121.0521238, 14.6543445 ] ] ] } },
{ "type": "Feature", "properties": { "Amenity": null, "Building": null, "Landuse": null, "Name": null, "Shop": null }, "geometry": { "type": "Polygon", "coordinates": [ [ [ 121.0147965, 14.6368608 ], [ 121.0146964, 14.6369014 ], [ 121.0146296, 14.6367472 ], [ 121.0147297, 14.6367066 ], [ 121.0147965, 14.6368608 ] ] ] } },
{ "type": "Feature", "properties": { "Amenity": null, "Building": null, "Landuse": null, "Name": null, "Shop": null }, "geometry": { "type": "Polygon", "coordinates": [ [ [ 121.0223821, 14.6257168 ], [ 121.0224483, 14.6256102 ], [ 121.0225018, 14.6256413 ], [ 121.0224356, 14.6257479 ], [ 121.0223821, 14.6257168 ] ] ] } },
{ "type": "Feature", "properties": { "Amenity": null, "Building": null, "Landuse": null, "Name": null, "Shop": null }, "geometry": { "type": "Polygon", "coordinates": [ [ [ 121.0389147, 14.719376 ], [ 121.0389755, 14.7191746 ], [ 121.0391522, 14.7192245 ], [ 121.0390914, 14.7194258 ], [ 121.0389147, 14.719376 ] ] ] } },
{ "type": "Feature", "properties": { "Amenity": null, "Building": null, "Landuse": null, "Name": null, "Shop": null }, "geometry": { "type": "Polygon", "coordinates": [ [ [ 121.0204312, 14.6792526 ], [ 121.0207491, 14.6792604 ], [ 121.0207676, 14.6792669 ], [ 121.0207221, 14.6794059 ], [ 121.0206739, 14.6795197 ], [ 121.020531, 14.6795162 ], [ 121.0205319, 14.6794836 ], [ 121.0204252, 14.679481 ], [ 121.0204312, 14.6792526 ] ] ] } },
{ "type": "Feature", "properties": { "Amenity": null, "Building": null, "Landuse": null, "Name": null, "Shop": null }, "geometry": { "type": "Polygon", "coordinates": [ [ [ 121.0623451, 14.6448769 ], [ 121.0623124, 14.6448649 ], [ 121.0622835, 14.6449341 ], [ 121.0620414, 14.6448481 ], [ 121.0622469, 14.6443357 ], [ 121.0625593, 14.644351 ], [ 121.0625526, 14.6446014 ], [ 121.0624333, 14.6445839 ], [ 121.0624138, 14.6446306 ], [ 121.062448, 14.6446423 ], [ 121.0624405, 14.6446747 ], [ 121.0623451, 14.6448769 ] ] ] } },
{ "type": "Feature", "properties": { "Amenity": null, "Building": null, "Landuse": null, "Name": null, "Shop": null }, "geometry": { "type": "Polygon", "coordinates": [ [ [ 121.0294085, 14.6593006 ], [ 121.0293618, 14.6591068 ], [ 121.0296084, 14.659051 ], [ 121.0296551, 14.6592448 ], [ 121.0294085, 14.6593006 ] ] ] } },
{ "type": "Feature", "properties": { "Amenity": null, "Building": null, "Landuse": null, "Name": null, "Shop": null }, "geometry": { "type": "Polygon", "coordinates": [ [ [ 121.0619297, 14.6017468 ], [ 121.0619706, 14.6014632 ], [ 121.0621248, 14.601484 ], [ 121.0620839, 14.6017676 ], [ 121.0619297, 14.6017468 ] ] ] } },
{ "type": "Feature", "properties": { "Amenity": null, "Building": null, "Landuse": null, "Name": null, "Shop": null }, "geometry": { "type": "Polygon", "coordinates": [ [ [ 121.0651517, 14.6025371 ], [ 121.0654735, 14.6012796 ], [ 121.0664204, 14.6015028 ], [ 121.0660892, 14.6027655 ], [ 121.0651517, 14.6025371 ] ] ] } },
{ "type": "Feature", "properties": { "Amenity": null, "Building": null, "Landuse": null, "Name": null, "Shop": null }, "geometry": { "type": "Polygon", "coordinates": [ [ [ 121.0484068, 14.656502 ], [ 121.0484858, 14.6565554 ], [ 121.0486462, 14.6563331 ], [ 121.0487607, 14.6564104 ], [ 121.04854, 14.6567161 ], [ 121.0483466, 14.6565854 ], [ 121.0484068, 14.656502 ] ] ] } },
{ "type": "Feature", "properties": { "Amenity": null, "Building": null, "Landuse": null, "Name": null, "Shop": null }, "geometry": { "type": "Polygon", "coordinates": [ [ [ 121.0487002, 14.6563218 ], [ 121.048835, 14.6560617 ], [ 121.049009, 14.6561462 ], [ 121.0488741, 14.6564062 ], [ 121.0487002, 14.6563218 ] ] ] } },
{ "type": "Feature", "properties": { "Amenity": null, "Building": null, "Landuse": null, "Name": null, "Shop": null }, "geometry": { "type": "Polygon", "coordinates": [ [ [ 121.0823071, 14.7056522 ], [ 121.0822939, 14.7056071 ], [ 121.0822122, 14.7056295 ], [ 121.0821125, 14.7052892 ], [ 121.0828696, 14.7050817 ], [ 121.0829825, 14.705467 ], [ 121.0823071, 14.7056522 ] ] ] } },
{ "type": "Feature", "properties": { "Amenity": null, "Building": null, "Landuse": null, "Name": null, "Shop": null }, "geometry": { "type": "Polygon", "coordinates": [ [ [ 121.0697523, 14.6498499 ], [ 121.0696094, 14.6500542 ], [ 121.0696147, 14.6502826 ], [ 121.0699775, 14.6504695 ], [ 121.0700943, 14.6508924 ], [ 121.0700381, 14.6509109 ], [ 121.0699776, 14.6509315 ], [ 121.0698427, 14.651002 ], [ 121.0696756, 14.6511837 ], [ 121.0696224, 14.6511537 ], [ 121.0695277, 14.6511003 ], [ 121.0694261, 14.6509691 ], [ 121.0693829, 14.6508111 ], [ 121.0693811, 14.6506983 ], [ 121.0693737, 14.6502358 ], [ 121.069346, 14.65013 ], [ 121.0692993, 14.6500803 ], [ 121.068831, 14.6500714 ], [ 121.068857, 14.6498345 ], [ 121.0697523, 14.6498499 ] ] ] } },
{ "type": "Feature", "properties": { "Amenity": null, "Building": null, "Landuse": null, "Name": null, "Shop": null }, "geometry": { "type": "Polygon", "coordinates": [ [ [ 121.0879907, 14.6869625 ], [ 121.0885875, 14.6868146 ], [ 121.0885928, 14.6872077 ], [ 121.0879934, 14.6872116 ], [ 121.0879907, 14.6869625 ] ] ] } },
{ "type": "Feature", "properties": { "Amenity": null, "Building": null, "Landuse": null, "Name": null, "Shop": null }, "geometry": { "type": "Polygon", "coordinates": [ [ [ 121.0351001, 14.6509595 ], [ 121.0351091, 14.6509522 ], [ 121.0351198, 14.6509502 ], [ 121.0351304, 14.6509508 ], [ 121.0362392, 14.6511212 ], [ 121.0362358, 14.6513216 ], [ 121.0362388, 14.651383 ], [ 121.0362551, 14.6515058 ], [ 121.036534, 14.6526992 ], [ 121.0365397, 14.6527234 ], [ 121.0365412, 14.6527415 ], [ 121.0365376, 14.6527598 ], [ 121.0365276, 14.6527755 ], [ 121.0365151, 14.6527881 ], [ 121.0364944, 14.6527948 ], [ 121.0364751, 14.6527989 ], [ 121.0360545, 14.6528876 ], [ 121.0356488, 14.6529744 ], [ 121.0356263, 14.652979 ], [ 121.0356094, 14.6529787 ], [ 121.0355902, 14.6529759 ], [ 121.0355678, 14.6529629 ], [ 121.0355572, 14.6529394 ], [ 121.0355518, 14.6529135 ], [ 121.0354253, 14.6523397 ], [ 121.0353265, 14.6520312 ], [ 121.0350976, 14.6509913 ], [ 121.0350963, 14.6509812 ], [ 121.0350963, 14.6509706 ], [ 121.0351001, 14.6509595 ] ] ] } },
{ "type": "Feature", "properties": { "Amenity": null, "Building": null, "Landuse": null, "Name": null, "Shop": null }, "geometry": { "type": "Polygon", "coordinates": [ [ [ 121.0656809, 14.6561446 ], [ 121.0663625, 14.6561393 ], [ 121.0662456, 14.656293 ], [ 121.0657686, 14.6562949 ], [ 121.0656809, 14.6561446 ] ] ] } },
{ "type": "Feature", "properties": { "Amenity": null, "Building": null, "Landuse": null, "Name": null, "Shop": null }, "geometry": { "type": "Polygon", "coordinates": [ [ [ 121.0630006, 14.6124455 ], [ 121.0631441, 14.611855 ], [ 121.0637315, 14.6119887 ], [ 121.063588, 14.6125791 ], [ 121.0630006, 14.6124455 ] ] ] } },
{ "type": "Feature", "properties": { "Amenity": null, "Building": null, "Landuse": null, "Name": null, "Shop": null }, "geometry": { "type": "Polygon", "coordinates": [ [ [ 121.0529736, 14.7305823 ], [ 121.0525168, 14.730585 ], [ 121.0525157, 14.7304091 ], [ 121.0526771, 14.7304082 ], [ 121.0526739, 14.7298957 ], [ 121.0529693, 14.729894 ], [ 121.0529736, 14.7305823 ] ] ] } },
{ "type": "Feature", "properties": { "Amenity": null, "Building": null, "Landuse": null, "Name": null, "Shop": null }, "geometry": { "type": "Polygon", "coordinates": [ [ [ 121.0608381, 14.6227233 ], [ 121.0612655, 14.6229133 ], [ 121.0610229, 14.6234184 ], [ 121.0609341, 14.6236107 ], [ 121.0609014, 14.6236761 ], [ 121.0604704, 14.6234838 ], [ 121.0604897, 14.6234439 ], [ 121.0608381, 14.6227233 ] ] ] } },
{ "type": "Feature", "properties": { "Amenity": null, "Building": null, "Landuse": null, "Name": null, "Shop": null }, "geometry": { "type": "Polygon", "coordinates": [ [ [ 121.0673617, 14.6957493 ], [ 121.0673625, 14.6958895 ], [ 121.0666949, 14.6958931 ], [ 121.0666954, 14.6959853 ], [ 121.0663015, 14.6959874 ], [ 121.0662987, 14.6954775 ], [ 121.0673601, 14.6954717 ], [ 121.0673612, 14.6956639 ], [ 121.0674332, 14.6956635 ], [ 121.067492, 14.6956632 ], [ 121.0674925, 14.6957486 ], [ 121.0674337, 14.6957489 ], [ 121.0673617, 14.6957493 ] ] ] } },
{ "type": "Feature", "properties": { "Amenity": null, "Building": null, "Landuse": null, "Name": null, "Shop": null }, "geometry": { "type": "Polygon", "coordinates": [ [ [ 121.0407168, 14.6485076 ], [ 121.0409796, 14.6480872 ], [ 121.04174, 14.6485387 ], [ 121.0416012, 14.6487852 ], [ 121.0414449, 14.6486788 ], [ 121.0413135, 14.6488903 ], [ 121.0411425, 14.6488547 ], [ 121.0410049, 14.6487691 ], [ 121.0406735, 14.6485689 ], [ 121.0407168, 14.6485076 ] ] ] } },
{ "type": "Feature", "properties": { "Amenity": null, "Building": null, "Landuse": null, "Name": null, "Shop": null }, "geometry": { "type": "Polygon", "coordinates": [ [ [ 121.0105226, 14.6183934 ], [ 121.0105124, 14.617321 ], [ 121.010507, 14.6165943 ], [ 121.0104667, 14.6146949 ], [ 121.0107646, 14.6146972 ], [ 121.0107484, 14.6143765 ], [ 121.0141978, 14.6151123 ], [ 121.0139671, 14.6160311 ], [ 121.0140771, 14.6160518 ], [ 121.0135758, 14.6183265 ], [ 121.0135044, 14.6186503 ], [ 121.0124911, 14.6185555 ], [ 121.0123795, 14.6185444 ], [ 121.0118863, 14.6184949 ], [ 121.0117972, 14.6184856 ], [ 121.0105226, 14.6183934 ] ] ] } },
{ "type": "Feature", "properties": { "Amenity": null, "Building": null, "Landuse": null, "Name": null, "Shop": null }, "geometry": { "type": "Polygon", "coordinates": [ [ [ 121.0031276, 14.6629919 ], [ 121.00343, 14.6625722 ], [ 121.004232, 14.6626682 ], [ 121.0044962, 14.6625787 ], [ 121.0045297, 14.6628083 ], [ 121.0042401, 14.6629653 ], [ 121.0036728, 14.6633351 ], [ 121.0034408, 14.6629926 ], [ 121.0031672, 14.6630328 ], [ 121.0031276, 14.6629919 ] ] ] } },
{ "type": "Feature", "properties": { "Amenity": null, "Building": null, "Landuse": null, "Name": null, "Shop": null }, "geometry": { "type": "Polygon", "coordinates": [ [ [ 121.04523, 14.6386028 ], [ 121.0452098, 14.6385089 ], [ 121.0452382, 14.6385032 ], [ 121.0452358, 14.638492 ], [ 121.0452515, 14.6384888 ], [ 121.0452486, 14.6384753 ], [ 121.0452826, 14.6384684 ], [ 121.0452765, 14.6384397 ], [ 121.0453201, 14.6384309 ], [ 121.0453263, 14.6384599 ], [ 121.0453567, 14.6384538 ], [ 121.0453589, 14.6384641 ], [ 121.0453773, 14.6384604 ], [ 121.0453806, 14.6384759 ], [ 121.045409, 14.6384701 ], [ 121.0454289, 14.6385628 ], [ 121.04523, 14.6386028 ] ] ] } },
{ "type": "Feature", "properties": { "Amenity": null, "Building": null, "Landuse": null, "Name": null, "Shop": null }, "geometry": { "type": "Polygon", "coordinates": [ [ [ 121.0491415, 14.6483622 ], [ 121.0490694, 14.6483515 ], [ 121.0490201, 14.6483348 ], [ 121.0489575, 14.6483103 ], [ 121.0489096, 14.6482832 ], [ 121.0488763, 14.6482587 ], [ 121.0488363, 14.6482343 ], [ 121.0487884, 14.6482008 ], [ 121.0487403, 14.6481646 ], [ 121.0487029, 14.6481271 ], [ 121.0486748, 14.6480947 ], [ 121.0485286, 14.6474864 ], [ 121.0492622, 14.647332 ], [ 121.0493775, 14.6473073 ], [ 121.0494808, 14.6472969 ], [ 121.0494916, 14.6472943 ], [ 121.0495331, 14.647293 ], [ 121.049568, 14.6472956 ], [ 121.0495921, 14.6473008 ], [ 121.0496149, 14.6473125 ], [ 121.0496283, 14.6473281 ], [ 121.0496364, 14.6473475 ], [ 121.0496391, 14.64738 ], [ 121.0496404, 14.6474487 ], [ 121.0496351, 14.6475486 ], [ 121.0496324, 14.6476563 ], [ 121.0496297, 14.6477991 ], [ 121.0496257, 14.6479249 ], [ 121.0496202, 14.6482428 ], [ 121.0496162, 14.6482597 ], [ 121.0495974, 14.6482766 ], [ 121.0495693, 14.6482947 ], [ 121.0495264, 14.6483207 ], [ 121.049407, 14.6483427 ], [ 121.0492957, 14.6483583 ], [ 121.0492186, 14.6483628 ], [ 121.0491415, 14.6483622 ] ] ] } },
{ "type": "Feature", "properties": { "Amenity": null, "Building": null, "Landuse": null, "Name": null, "Shop": null }, "geometry": { "type": "Polygon", "coordinates": [ [ [ 121.0502643, 14.6474137 ], [ 121.0502787, 14.647384 ], [ 121.0503058, 14.64737 ], [ 121.0503239, 14.647363 ], [ 121.0503528, 14.6473595 ], [ 121.0503962, 14.6473612 ], [ 121.0504901, 14.6473787 ], [ 121.0506184, 14.6473997 ], [ 121.0507557, 14.6474277 ], [ 121.0508858, 14.6474633 ], [ 121.0510159, 14.6475063 ], [ 121.051144, 14.6475559 ], [ 121.0512372, 14.6475979 ], [ 121.0513068, 14.6476339 ], [ 121.0513538, 14.6476567 ], [ 121.0514206, 14.6476916 ], [ 121.0515164, 14.6477458 ], [ 121.0513721, 14.6479602 ], [ 121.0513169, 14.6479782 ], [ 121.0511063, 14.6482883 ], [ 121.0511142, 14.6483435 ], [ 121.0509906, 14.6485272 ], [ 121.0509707, 14.6485482 ], [ 121.0509491, 14.6485587 ], [ 121.0509238, 14.6485587 ], [ 121.0508949, 14.6485552 ], [ 121.0508696, 14.6485412 ], [ 121.050819, 14.6485167 ], [ 121.0507214, 14.6484712 ], [ 121.0505443, 14.6484083 ], [ 121.0504106, 14.6483786 ], [ 121.050304, 14.6483611 ], [ 121.0502589, 14.6483454 ], [ 121.0502372, 14.6483314 ], [ 121.0502191, 14.6483122 ], [ 121.0502083, 14.6482947 ], [ 121.0501974, 14.6482737 ], [ 121.050192, 14.6482527 ], [ 121.0502643, 14.6474137 ] ] ] } },
{ "type": "Feature", "properties": { "Amenity": null, "Building": null, "Landuse": null, "Name": null, "Shop": null }, "geometry": { "type": "Polygon", "coordinates": [ [ [ 121.0504241, 14.6472047 ], [ 121.0504241, 14.6471884 ], [ 121.0504269, 14.6471704 ], [ 121.0504381, 14.6471568 ], [ 121.0504521, 14.6471514 ], [ 121.0504773, 14.6471487 ], [ 121.0508201, 14.6471848 ], [ 121.0508313, 14.6471984 ], [ 121.0508332, 14.6472128 ], [ 121.0508322, 14.6472354 ], [ 121.0508219, 14.6472607 ], [ 121.0508098, 14.6472806 ], [ 121.0507883, 14.6472951 ], [ 121.0507752, 14.6473068 ], [ 121.0507482, 14.6473168 ], [ 121.0507211, 14.6473168 ], [ 121.0504549, 14.64724 ], [ 121.05044, 14.6472327 ], [ 121.0504316, 14.6472237 ], [ 121.0504241, 14.6472047 ] ] ] } },
{ "type": "Feature", "properties": { "Amenity": null, "Building": null, "Landuse": null, "Name": null, "Shop": null }, "geometry": { "type": "Polygon", "coordinates": [ [ [ 121.0507145, 14.6470466 ], [ 121.0507276, 14.6468559 ], [ 121.0507332, 14.6468388 ], [ 121.0507463, 14.6468324 ], [ 121.0507668, 14.6468324 ], [ 121.0509863, 14.6468487 ], [ 121.0509929, 14.6468559 ], [ 121.0509994, 14.6468659 ], [ 121.0510003, 14.6468821 ], [ 121.0509966, 14.6468921 ], [ 121.0509163, 14.6470656 ], [ 121.0507145, 14.6470466 ] ] ] } },
{ "type": "Feature", "properties": { "Amenity": null, "Building": null, "Landuse": null, "Name": null, "Shop": null }, "geometry": { "type": "Polygon", "coordinates": [ [ [ 121.0306567, 14.650072 ], [ 121.0302678, 14.6495089 ], [ 121.0302933, 14.6494583 ], [ 121.0303228, 14.6493999 ], [ 121.0303509, 14.6493402 ], [ 121.0303777, 14.6492624 ], [ 121.0303938, 14.6491975 ], [ 121.0304047, 14.6491448 ], [ 121.0304147, 14.6490829 ], [ 121.0304247, 14.6490353 ], [ 121.0304341, 14.6489899 ], [ 121.0304381, 14.6489315 ], [ 121.0304461, 14.6488809 ], [ 121.0304515, 14.6488297 ], [ 121.0304542, 14.6487797 ], [ 121.0304663, 14.6487304 ], [ 121.0304891, 14.6486811 ], [ 121.030536, 14.648637 ], [ 121.0305883, 14.6485968 ], [ 121.0320354, 14.6480531 ], [ 121.0320689, 14.6480882 ], [ 121.0321319, 14.6481517 ], [ 121.0322097, 14.6482127 ], [ 121.0322674, 14.6482672 ], [ 121.0323103, 14.6483152 ], [ 121.0323425, 14.648371 ], [ 121.0323814, 14.6484657 ], [ 121.0324042, 14.6485358 ], [ 121.0324162, 14.6486279 ], [ 121.0324162, 14.6487045 ], [ 121.0324055, 14.6487992 ], [ 121.0323787, 14.6488939 ], [ 121.0323291, 14.6490055 ], [ 121.0322888, 14.649082 ], [ 121.0322365, 14.6491638 ], [ 121.0321695, 14.6492377 ], [ 121.0320877, 14.6493104 ], [ 121.0319951, 14.6493818 ], [ 121.0318905, 14.649457 ], [ 121.0317457, 14.6495504 ], [ 121.0316424, 14.6496062 ], [ 121.0315083, 14.6496633 ], [ 121.0314117, 14.6497036 ], [ 121.0312575, 14.6497684 ], [ 121.0311113, 14.6498255 ], [ 121.0309705, 14.6498982 ], [ 121.0306567, 14.650072 ] ] ] } },
{ "type": "Feature", "properties": { "Amenity": null, "Building": null, "Landuse": null, "Name": null, "Shop": null }, "geometry": { "type": "Polygon", "coordinates": [ [ [ 121.0223584, 14.6748002 ], [ 121.0220761, 14.674839 ], [ 121.0218877, 14.674913 ], [ 121.0217341, 14.6748786 ], [ 121.0217267, 14.6749408 ], [ 121.0213928, 14.6749778 ], [ 121.0209578, 14.6747096 ], [ 121.0210651, 14.6741543 ], [ 121.0222068, 14.6743421 ], [ 121.0221653, 14.674503 ], [ 121.0223584, 14.6748002 ] ] ] } },
{ "type": "Feature", "properties": { "Amenity": null, "Building": null, "Landuse": null, "Name": null, "Shop": null }, "geometry": { "type": "Polygon", "coordinates": [ [ [ 121.0223584, 14.6748002 ], [ 121.0227473, 14.6751102 ], [ 121.022585, 14.6754482 ], [ 121.0224388, 14.6757959 ], [ 121.0220526, 14.6762895 ], [ 121.0217408, 14.6762882 ], [ 121.0216731, 14.6762454 ], [ 121.0215182, 14.6760225 ], [ 121.021658, 14.6759356 ], [ 121.0214622, 14.6758299 ], [ 121.0214672, 14.6758198 ], [ 121.0214491, 14.6758062 ], [ 121.0215108, 14.6756655 ], [ 121.021547, 14.6756674 ], [ 121.0215591, 14.6755798 ], [ 121.0216067, 14.6755773 ], [ 121.0216101, 14.6755007 ], [ 121.0216731, 14.6753573 ], [ 121.0220359, 14.6754961 ], [ 121.0223584, 14.6748002 ] ] ] } },
{ "type": "Feature", "properties": { "Amenity": null, "Building": null, "Landuse": null, "Name": null, "Shop": null }, "geometry": { "type": "Polygon", "coordinates": [ [ [ 121.0419711, 14.6601197 ], [ 121.0415466, 14.6600532 ], [ 121.0419835, 14.6599497 ], [ 121.0419711, 14.6601197 ] ] ] } },
{ "type": "Feature", "properties": { "Amenity": null, "Building": null, "Landuse": null, "Name": null, "Shop": null }, "geometry": { "type": "Polygon", "coordinates": [ [ [ 121.0510874, 14.6512922 ], [ 121.0511049, 14.6512745 ], [ 121.0511264, 14.6512553 ], [ 121.0511359, 14.6512407 ], [ 121.0511423, 14.6512245 ], [ 121.0511503, 14.6512014 ], [ 121.0511519, 14.6511775 ], [ 121.0511511, 14.6511636 ], [ 121.0511495, 14.6511473 ], [ 121.0511407, 14.6511427 ], [ 121.0511271, 14.6511365 ], [ 121.0511143, 14.6511288 ], [ 121.0511008, 14.6511164 ], [ 121.0510904, 14.6511018 ], [ 121.05108, 14.6510786 ], [ 121.0510728, 14.6510531 ], [ 121.051072, 14.6510299 ], [ 121.0510768, 14.6509982 ], [ 121.0510856, 14.6509789 ], [ 121.0511, 14.6509542 ], [ 121.0511167, 14.6509349 ], [ 121.0511375, 14.6509117 ], [ 121.0511694, 14.6508924 ], [ 121.0511926, 14.6508893 ], [ 121.0512381, 14.6508885 ], [ 121.0512373, 14.6508592 ], [ 121.0512613, 14.6508584 ], [ 121.0512876, 14.6508607 ], [ 121.0513267, 14.6508684 ], [ 121.0513523, 14.6508769 ], [ 121.0513715, 14.650887 ], [ 121.0513818, 14.6508955 ], [ 121.0513619, 14.6509303 ], [ 121.051385, 14.6509434 ], [ 121.0514074, 14.6509202 ], [ 121.0514297, 14.6509411 ], [ 121.0514617, 14.6509751 ], [ 121.0514745, 14.6509928 ], [ 121.0514912, 14.6510114 ], [ 121.0515008, 14.6510276 ], [ 121.0515024, 14.651043 ], [ 121.0514745, 14.651074 ], [ 121.0515064, 14.6510971 ], [ 121.0515168, 14.6511257 ], [ 121.0515216, 14.6511489 ], [ 121.0514992, 14.651135 ], [ 121.0515128, 14.6511643 ], [ 121.0515136, 14.6511844 ], [ 121.0515136, 14.6512169 ], [ 121.0515008, 14.6512115 ], [ 121.0515, 14.6512431 ], [ 121.0514976, 14.6512771 ], [ 121.0514912, 14.6512988 ], [ 121.051484, 14.6513119 ], [ 121.0514785, 14.6512903 ], [ 121.0514665, 14.6513204 ], [ 121.0514545, 14.6513397 ], [ 121.0514433, 14.6513559 ], [ 121.0514361, 14.6513613 ], [ 121.051417, 14.6513822 ], [ 121.051405, 14.6513915 ], [ 121.0513922, 14.6514031 ], [ 121.0513635, 14.6514177 ], [ 121.0513355, 14.6514317 ], [ 121.0513076, 14.6514456 ], [ 121.0512804, 14.6514533 ], [ 121.0512573, 14.6514595 ], [ 121.0512341, 14.651461 ], [ 121.0512101, 14.651461 ], [ 121.0511886, 14.6514595 ], [ 121.0511678, 14.6514571 ], [ 121.0511463, 14.651451 ], [ 121.0511319, 14.651444 ], [ 121.0511087, 14.6514309 ], [ 121.0510928, 14.6514177 ], [ 121.051076, 14.6514023 ], [ 121.051068, 14.6513807 ], [ 121.0510632, 14.6513637 ], [ 121.0510608, 14.6513436 ], [ 121.0510672, 14.6513158 ], [ 121.0510874, 14.6512922 ] ] ] } },
{ "type": "Feature", "properties": { "Amenity": null, "Building": null, "Landuse": null, "Name": null, "Shop": null }, "geometry": { "type": "Polygon", "coordinates": [ [ [ 121.0512924, 14.6515383 ], [ 121.0512884, 14.6515251 ], [ 121.0512876, 14.6515058 ], [ 121.0512948, 14.6514842 ], [ 121.0513092, 14.6514664 ], [ 121.0513243, 14.6514533 ], [ 121.0513427, 14.6514409 ], [ 121.0513611, 14.6514371 ], [ 121.0513834, 14.6514371 ], [ 121.0514098, 14.6514409 ], [ 121.051425, 14.6514486 ], [ 121.0514266, 14.6514633 ], [ 121.0514258, 14.6514788 ], [ 121.0514258, 14.6514942 ], [ 121.0514146, 14.651505 ], [ 121.051484, 14.6515591 ], [ 121.0515551, 14.6515251 ], [ 121.0515655, 14.6515375 ], [ 121.0515695, 14.6515553 ], [ 121.0515711, 14.6515869 ], [ 121.0515663, 14.6516225 ], [ 121.0515511, 14.651652 ], [ 121.0515328, 14.6516711 ], [ 121.0515056, 14.6516858 ], [ 121.0514809, 14.6516912 ], [ 121.0514353, 14.6516912 ], [ 121.051385, 14.6516773 ], [ 121.0513563, 14.6516665 ], [ 121.0513331, 14.6516395 ], [ 121.0513187, 14.6516178 ], [ 121.051306, 14.6515846 ], [ 121.0512972, 14.651556 ], [ 121.0512924, 14.6515383 ] ] ] } },
{ "type": "Feature", "properties": { "Amenity": null, "Building": null, "Landuse": null, "Name": null, "Shop": null }, "geometry": { "type": "Polygon", "coordinates": [ [ [ 121.10435, 14.6929496 ], [ 121.1039523, 14.6925675 ], [ 121.104126, 14.6923907 ], [ 121.104459, 14.6923983 ], [ 121.1044577, 14.6926116 ], [ 121.1045272, 14.6926102 ], [ 121.1045279, 14.6928089 ], [ 121.10435, 14.6929496 ] ] ] } },
{ "type": "Feature", "properties": { "Amenity": null, "Building": null, "Landuse": null, "Name": null, "Shop": null }, "geometry": { "type": "Polygon", "coordinates": [ [ [ 121.0866054, 14.6658689 ], [ 121.0862338, 14.6653837 ], [ 121.0859214, 14.6649776 ], [ 121.0862539, 14.6647674 ], [ 121.0863546, 14.6647194 ], [ 121.0865154, 14.6647337 ], [ 121.0867596, 14.6648076 ], [ 121.0871391, 14.6649568 ], [ 121.0873684, 14.6650528 ], [ 121.0872048, 14.6653733 ], [ 121.0870265, 14.6655867 ], [ 121.0866054, 14.6658689 ] ] ] } },
{ "type": "Feature", "properties": { "Amenity": null, "Building": null, "Landuse": null, "Name": null, "Shop": null }, "geometry": { "type": "Polygon", "coordinates": [ [ [ 121.019749, 14.6077793 ], [ 121.019963, 14.6075609 ], [ 121.0200995, 14.607686 ], [ 121.0198854, 14.6079045 ], [ 121.019749, 14.6077793 ] ] ] } },
{ "type": "Feature", "properties": { "Amenity": null, "Building": null, "Landuse": null, "Name": null, "Shop": null }, "geometry": { "type": "Polygon", "coordinates": [ [ [ 121.0765536, 14.6410907 ], [ 121.0764143, 14.6410416 ], [ 121.076276, 14.6409639 ], [ 121.0759289, 14.6407579 ], [ 121.076156, 14.6403865 ], [ 121.0762655, 14.6401258 ], [ 121.0763287, 14.6399973 ], [ 121.0764853, 14.640087 ], [ 121.076958, 14.6400802 ], [ 121.0771422, 14.640032 ], [ 121.0771424, 14.640415 ], [ 121.0771361, 14.6410362 ], [ 121.0768853, 14.641101 ], [ 121.0766821, 14.6411158 ], [ 121.0765536, 14.6410907 ] ] ] } },
{ "type": "Feature", "properties": { "Amenity": null, "Building": null, "Landuse": null, "Name": null, "Shop": null }, "geometry": { "type": "Polygon", "coordinates": [ [ [ 121.0491498, 14.7046973 ], [ 121.0492428, 14.7043817 ], [ 121.0498121, 14.704396 ], [ 121.0498222, 14.7045932 ], [ 121.0496874, 14.7049949 ], [ 121.0491498, 14.7046973 ] ] ] } },
{ "type": "Feature", "properties": { "Amenity": null, "Building": null, "Landuse": null, "Name": null, "Shop": null }, "geometry": { "type": "Polygon", "coordinates": [ [ [ 121.0744065, 14.6674423 ], [ 121.0748724, 14.6668127 ], [ 121.0755644, 14.667292 ], [ 121.0750985, 14.6679215 ], [ 121.0744065, 14.6674423 ] ] ] } },
{ "type": "Feature", "properties": { "Amenity": null, "Building": null, "Landuse": null, "Name": null, "Shop": null }, "geometry": { "type": "Polygon", "coordinates": [ [ [ 121.0628919, 14.6630419 ], [ 121.0628772, 14.6626202 ], [ 121.0628504, 14.6625787 ], [ 121.0628128, 14.6624879 ], [ 121.0628007, 14.6624399 ], [ 121.0628222, 14.6623957 ], [ 121.0628732, 14.6623399 ], [ 121.0629308, 14.6623075 ], [ 121.063014, 14.6622504 ], [ 121.0630824, 14.6622297 ], [ 121.0631682, 14.6622413 ], [ 121.0632822, 14.6622517 ], [ 121.0633653, 14.6622439 ], [ 121.0634297, 14.6622258 ], [ 121.0635102, 14.6621531 ], [ 121.0635424, 14.6620727 ], [ 121.0635665, 14.6620078 ], [ 121.0636215, 14.6619741 ], [ 121.0639112, 14.662026 ], [ 121.0639112, 14.6625813 ], [ 121.063816, 14.6625852 ], [ 121.0638253, 14.6629835 ], [ 121.0628919, 14.6630419 ] ] ] } },
{ "type": "Feature", "properties": { "Amenity": null, "Building": null, "Landuse": null, "Name": null, "Shop": null }, "geometry": { "type": "Polygon", "coordinates": [ [ [ 121.0793617, 14.6968612 ], [ 121.0793034, 14.6967074 ], [ 121.0798401, 14.6965298 ], [ 121.0798968, 14.6966877 ], [ 121.0793617, 14.6968612 ] ] ] } },
{ "type": "Feature", "properties": { "Amenity": null, "Building": null, "Landuse": null, "Name": null, "Shop": null }, "geometry": { "type": "Polygon", "coordinates": [ [ [ 121.0071086, 14.6399205 ], [ 121.006884, 14.6398984 ], [ 121.0067899, 14.6399061 ], [ 121.0066748, 14.6399159 ], [ 121.006782, 14.6396866 ], [ 121.0069614, 14.6392343 ], [ 121.0075301, 14.6393094 ], [ 121.0072575, 14.6395455 ], [ 121.0071878, 14.6396292 ], [ 121.0071419, 14.6397206 ], [ 121.0071086, 14.6399205 ] ] ] } },
{ "type": "Feature", "properties": { "Amenity": null, "Building": null, "Landuse": null, "Name": null, "Shop": null }, "geometry": { "type": "Polygon", "coordinates": [ [ [ 120.9929747, 14.6399101 ], [ 120.9930391, 14.6396739 ], [ 120.9932121, 14.6393534 ], [ 120.9932698, 14.6392425 ], [ 120.9940278, 14.6396083 ], [ 120.9935916, 14.6404102 ], [ 120.992941, 14.6401224 ], [ 120.9929747, 14.6399101 ] ] ] } },
{ "type": "Feature", "properties": { "Amenity": null, "Building": null, "Landuse": null, "Name": null, "Shop": null }, "geometry": { "type": "Polygon", "coordinates": [ [ [ 121.0556759, 14.729271 ], [ 121.0558887, 14.7289587 ], [ 121.0562025, 14.7291649 ], [ 121.0559846, 14.729471 ], [ 121.0558733, 14.729626 ], [ 121.0555677, 14.7294191 ], [ 121.0556759, 14.729271 ] ] ] } },
{ "type": "Feature", "properties": { "Amenity": null, "Building": null, "Landuse": null, "Name": null, "Shop": null }, "geometry": { "type": "Polygon", "coordinates": [ [ [ 121.0556656, 14.7330495 ], [ 121.0555646, 14.7321719 ], [ 121.0558693, 14.7321778 ], [ 121.0558726, 14.73304 ], [ 121.0556656, 14.7330495 ] ] ] } },
{ "type": "Feature", "properties": { "Amenity": null, "Building": null, "Landuse": null, "Name": null, "Shop": null }, "geometry": { "type": "Polygon", "coordinates": [ [ [ 121.0545892, 14.7297635 ], [ 121.0545838, 14.7289827 ], [ 121.0545806, 14.728253 ], [ 121.0545845, 14.7278326 ], [ 121.0546195, 14.7277317 ], [ 121.0546656, 14.7276454 ], [ 121.0547236, 14.7275764 ], [ 121.055386, 14.7280221 ], [ 121.0555992, 14.7281738 ], [ 121.0556041, 14.7292176 ], [ 121.0556759, 14.729271 ], [ 121.0555677, 14.7294191 ], [ 121.0554897, 14.7294937 ], [ 121.0554273, 14.7295904 ], [ 121.055391, 14.7296569 ], [ 121.0553026, 14.7297441 ], [ 121.0552067, 14.7297493 ], [ 121.0550036, 14.7297609 ], [ 121.0548399, 14.7297674 ], [ 121.0545892, 14.7297635 ] ] ] } },
{ "type": "Feature", "properties": { "Amenity": null, "Building": null, "Landuse": null, "Name": null, "Shop": null }, "geometry": { "type": "Polygon", "coordinates": [ [ [ 121.0660537, 14.7328062 ], [ 121.0661492, 14.7326714 ], [ 121.0666273, 14.732988 ], [ 121.0665196, 14.7331401 ], [ 121.0669453, 14.7334219 ], [ 121.0668176, 14.7336023 ], [ 121.0661709, 14.7331741 ], [ 121.0663107, 14.7329765 ], [ 121.0660537, 14.7328062 ] ] ] } },
{ "type": "Feature", "properties": { "Amenity": null, "Building": null, "Landuse": null, "Name": null, "Shop": null }, "geometry": { "type": "Polygon", "coordinates": [ [ [ 121.0324838, 14.7275416 ], [ 121.0321954, 14.7275378 ], [ 121.03218, 14.7265183 ], [ 121.032347, 14.726517 ], [ 121.0329122, 14.7261688 ], [ 121.0329572, 14.7263847 ], [ 121.0330188, 14.7265624 ], [ 121.0332307, 14.7268932 ], [ 121.032994, 14.727222 ], [ 121.0328385, 14.7271221 ], [ 121.0327077, 14.7272991 ], [ 121.0325602, 14.7274963 ], [ 121.0324838, 14.7275416 ] ] ] } },
{ "type": "Feature", "properties": { "Amenity": null, "Building": null, "Landuse": null, "Name": null, "Shop": null }, "geometry": { "type": "Polygon", "coordinates": [ [ [ 121.0373104, 14.7261798 ], [ 121.0372501, 14.7262763 ], [ 121.037194, 14.726366 ], [ 121.0370267, 14.7266337 ], [ 121.0372299, 14.7266305 ], [ 121.037183, 14.7267148 ], [ 121.0369791, 14.7267232 ], [ 121.0366881, 14.7271298 ], [ 121.0361604, 14.7270961 ], [ 121.0363632, 14.7261045 ], [ 121.0373104, 14.7261798 ] ] ] } },
{ "type": "Feature", "properties": { "Amenity": null, "Building": null, "Landuse": null, "Name": null, "Shop": null }, "geometry": { "type": "Polygon", "coordinates": [ [ [ 121.0349171, 14.678722 ], [ 121.0349949, 14.6783147 ], [ 121.0352591, 14.678135 ], [ 121.0355588, 14.6785248 ], [ 121.035408, 14.6785968 ], [ 121.0354093, 14.6787369 ], [ 121.0349171, 14.678722 ] ] ] } },
{ "type": "Feature", "properties": { "Amenity": null, "Building": null, "Landuse": null, "Name": null, "Shop": null }, "geometry": { "type": "Polygon", "coordinates": [ [ [ 121.0365309, 14.7016066 ], [ 121.0363944, 14.7015279 ], [ 121.0361882, 14.7014504 ], [ 121.0361972, 14.7011148 ], [ 121.0367961, 14.7010136 ], [ 121.0372004, 14.7009844 ], [ 121.0372782, 14.7014112 ], [ 121.0374442, 14.7018032 ], [ 121.0374807, 14.7019275 ], [ 121.0373063, 14.7019793 ], [ 121.0373466, 14.7021019 ], [ 121.0371146, 14.7022634 ], [ 121.0370534, 14.7022131 ], [ 121.0368466, 14.7021006 ], [ 121.0365309, 14.7016066 ] ] ] } },
{ "type": "Feature", "properties": { "Amenity": null, "Building": null, "Landuse": null, "Name": null, "Shop": null }, "geometry": { "type": "Polygon", "coordinates": [ [ [ 121.0374096, 14.6989854 ], [ 121.0373931, 14.6994582 ], [ 121.0370751, 14.699396 ], [ 121.0371628, 14.6978763 ], [ 121.0375048, 14.6978905 ], [ 121.0383041, 14.6978997 ], [ 121.0384476, 14.6979087 ], [ 121.0385683, 14.6979502 ], [ 121.0389673, 14.6981617 ], [ 121.0389117, 14.6990101 ], [ 121.0374096, 14.6989854 ] ] ] } },
{ "type": "Feature", "properties": { "Amenity": null, "Building": null, "Landuse": null, "Name": null, "Shop": null }, "geometry": { "type": "Polygon", "coordinates": [ [ [ 121.0317481, 14.7104038 ], [ 121.0317931, 14.7100983 ], [ 121.0321096, 14.7100601 ], [ 121.0321324, 14.7102404 ], [ 121.0322913, 14.7102209 ], [ 121.0323349, 14.7105108 ], [ 121.0317481, 14.7104038 ] ] ] } },
{ "type": "Feature", "properties": { "Amenity": null, "Building": null, "Landuse": null, "Name": null, "Shop": null }, "geometry": { "type": "Polygon", "coordinates": [ [ [ 121.0384999, 14.7101243 ], [ 121.0385083, 14.7097541 ], [ 121.0392019, 14.7097385 ], [ 121.0392737, 14.7100633 ], [ 121.0391242, 14.7100802 ], [ 121.0384999, 14.7101243 ] ] ] } },
{ "type": "Feature", "properties": { "Amenity": null, "Building": null, "Landuse": null, "Name": null, "Shop": null }, "geometry": { "type": "Polygon", "coordinates": [ [ [ 121.0380755, 14.7124396 ], [ 121.03806, 14.7120259 ], [ 121.0386515, 14.7119909 ], [ 121.0386568, 14.7121867 ], [ 121.0386293, 14.7122613 ], [ 121.0385837, 14.712334 ], [ 121.0384651, 14.7123962 ], [ 121.0383511, 14.712428 ], [ 121.0380755, 14.7124396 ] ] ] } },
{ "type": "Feature", "properties": { "Amenity": null, "Building": null, "Landuse": null, "Name": null, "Shop": null }, "geometry": { "type": "Polygon", "coordinates": [ [ [ 121.0390848, 14.7171075 ], [ 121.0393549, 14.7167897 ], [ 121.0396848, 14.7169693 ], [ 121.0399389, 14.7170633 ], [ 121.0398923, 14.7174433 ], [ 121.0395587, 14.7173849 ], [ 121.0393053, 14.7174653 ], [ 121.0390578, 14.7171508 ], [ 121.0390848, 14.7171075 ] ] ] } },
{ "type": "Feature", "properties": { "Amenity": null, "Building": null, "Landuse": null, "Name": null, "Shop": null }, "geometry": { "type": "Polygon", "coordinates": [ [ [ 121.0690664, 14.7358362 ], [ 121.0690701, 14.7356159 ], [ 121.0691622, 14.7356176 ], [ 121.0692522, 14.7356283 ], [ 121.0691821, 14.7358368 ], [ 121.0690664, 14.7358362 ] ] ] } },
{ "type": "Feature", "properties": { "Amenity": null, "Building": null, "Landuse": null, "Name": null, "Shop": null }, "geometry": { "type": "Polygon", "coordinates": [ [ [ 121.0564774, 14.7210641 ], [ 121.057266, 14.7201134 ], [ 121.0583375, 14.7209578 ], [ 121.0574672, 14.7219708 ], [ 121.0564774, 14.7210641 ] ] ] } },
{ "type": "Feature", "properties": { "Amenity": null, "Building": null, "Landuse": null, "Name": null, "Shop": null }, "geometry": { "type": "Polygon", "coordinates": [ [ [ 121.0713603, 14.6929465 ], [ 121.0713563, 14.6925751 ], [ 121.0717855, 14.6925745 ], [ 121.0717932, 14.6929448 ], [ 121.0713603, 14.6929465 ] ] ] } },
{ "type": "Feature", "properties": { "Amenity": null, "Building": null, "Landuse": null, "Name": null, "Shop": null }, "geometry": { "type": "Polygon", "coordinates": [ [ [ 121.1057892, 14.7017763 ], [ 121.1057342, 14.7015856 ], [ 121.1061466, 14.7014125 ], [ 121.106561, 14.7017679 ], [ 121.1064704, 14.7019041 ], [ 121.1057892, 14.7017763 ] ] ] } },
{ "type": "Feature", "properties": { "Amenity": null, "Building": null, "Landuse": null, "Name": null, "Shop": null }, "geometry": { "type": "Polygon", "coordinates": [ [ [ 121.088035, 14.6993707 ], [ 121.087705, 14.6994239 ], [ 121.0876769, 14.6992604 ], [ 121.0880047, 14.6992021 ], [ 121.088035, 14.6993707 ] ] ] } },
{ "type": "Feature", "properties": { "Amenity": null, "Building": null, "Landuse": null, "Name": null, "Shop": null }, "geometry": { "type": "Polygon", "coordinates": [ [ [ 121.076797, 14.6376603 ], [ 121.0772015, 14.637615 ], [ 121.0771039, 14.6381343 ], [ 121.076986, 14.63815 ], [ 121.076797, 14.6376603 ] ] ] } },
{ "type": "Feature", "properties": { "Amenity": null, "Building": null, "Landuse": null, "Name": null, "Shop": null }, "geometry": { "type": "Polygon", "coordinates": [ [ [ 121.0386073, 14.630751 ], [ 121.0385638, 14.6305618 ], [ 121.0386835, 14.630536 ], [ 121.0387151, 14.6306736 ], [ 121.0386896, 14.6307333 ], [ 121.0386073, 14.630751 ] ] ] } },
{ "type": "Feature", "properties": { "Amenity": null, "Building": null, "Landuse": null, "Name": null, "Shop": null }, "geometry": { "type": "Polygon", "coordinates": [ [ [ 121.0818854, 14.6978804 ], [ 121.0818586, 14.6977943 ], [ 121.0819419, 14.69777 ], [ 121.0819687, 14.6978562 ], [ 121.0818854, 14.6978804 ] ] ] } },
{ "type": "Feature", "properties": { "Amenity": null, "Building": null, "Landuse": null, "Name": null, "Shop": null }, "geometry": { "type": "Polygon", "coordinates": [ [ [ 121.0437608, 14.6269707 ], [ 121.0438744, 14.6271956 ], [ 121.0437369, 14.6272611 ], [ 121.0434654, 14.6271287 ], [ 121.0437608, 14.6269707 ] ] ] } },
{ "type": "Feature", "properties": { "Amenity": null, "Building": null, "Landuse": null, "Name": null, "Shop": null }, "geometry": { "type": "Polygon", "coordinates": [ [ [ 121.0106974, 14.637433 ], [ 121.0113177, 14.6373584 ], [ 121.0115544, 14.6378256 ], [ 121.0109979, 14.6381285 ], [ 121.010853, 14.6378833 ], [ 121.0106974, 14.637433 ] ] ] } },
{ "type": "Feature", "properties": { "Amenity": null, "Building": null, "Landuse": null, "Name": null, "Shop": null }, "geometry": { "type": "Polygon", "coordinates": [ [ [ 121.0112567, 14.6339347 ], [ 121.0100524, 14.6334105 ], [ 121.0100846, 14.6331354 ], [ 121.0101516, 14.632946 ], [ 121.0102509, 14.6327435 ], [ 121.0107202, 14.6321596 ], [ 121.0118629, 14.6326657 ], [ 121.0112567, 14.6339347 ] ] ] } },
{ "type": "Feature", "properties": { "Amenity": null, "Building": null, "Landuse": null, "Name": null, "Shop": null }, "geometry": { "type": "Polygon", "coordinates": [ [ [ 121.0272164, 14.6349229 ], [ 121.0271947, 14.6348394 ], [ 121.0272539, 14.634825 ], [ 121.0272757, 14.6349084 ], [ 121.0272164, 14.6349229 ] ] ] } },
{ "type": "Feature", "properties": { "Amenity": null, "Building": null, "Landuse": null, "Name": null, "Shop": null }, "geometry": { "type": "Polygon", "coordinates": [ [ [ 121.0490803, 14.7035978 ], [ 121.0490984, 14.7035015 ], [ 121.0492754, 14.7035326 ], [ 121.0492574, 14.7036289 ], [ 121.0490803, 14.7035978 ] ] ] } },
{ "type": "Feature", "properties": { "Amenity": null, "Building": null, "Landuse": null, "Name": null, "Shop": null }, "geometry": { "type": "Polygon", "coordinates": [ [ [ 121.0605865, 14.6525613 ], [ 121.0605976, 14.6522326 ], [ 121.0607878, 14.6522386 ], [ 121.0607889, 14.6522056 ], [ 121.0611836, 14.6522181 ], [ 121.0611732, 14.6525252 ], [ 121.0610431, 14.652521 ], [ 121.0610412, 14.6525757 ], [ 121.0607915, 14.6525559 ], [ 121.0605865, 14.6525613 ] ] ] } },
{ "type": "Feature", "properties": { "Amenity": null, "Building": null, "Landuse": null, "Name": null, "Shop": null }, "geometry": { "type": "Polygon", "coordinates": [ [ [ 121.0516396, 14.6519049 ], [ 121.0514874, 14.6523175 ], [ 121.0514219, 14.6524099 ], [ 121.0511866, 14.6523466 ], [ 121.0510698, 14.6522901 ], [ 121.051091, 14.6522302 ], [ 121.0507406, 14.6520709 ], [ 121.0506079, 14.6519631 ], [ 121.0504805, 14.6518689 ], [ 121.0505937, 14.6516155 ], [ 121.0507512, 14.6516635 ], [ 121.0508645, 14.651268 ], [ 121.0509034, 14.6507732 ], [ 121.0509052, 14.6506945 ], [ 121.0516201, 14.650715 ], [ 121.0516166, 14.6508417 ], [ 121.0515316, 14.6514615 ], [ 121.0515688, 14.6514803 ], [ 121.0515511, 14.651652 ], [ 121.0516396, 14.6519049 ] ] ] } },
{ "type": "Feature", "properties": { "Amenity": null, "Building": null, "Landuse": null, "Name": null, "Shop": null }, "geometry": { "type": "Polygon", "coordinates": [ [ [ 121.0458729, 14.6573257 ], [ 121.0460472, 14.6569846 ], [ 121.0463794, 14.6571434 ], [ 121.0462051, 14.6574845 ], [ 121.0458729, 14.6573257 ] ] ] } },
{ "type": "Feature", "properties": { "Amenity": null, "Building": null, "Landuse": null, "Name": null, "Shop": null }, "geometry": { "type": "Polygon", "coordinates": [ [ [ 121.0616923, 14.6019297 ], [ 121.0617024, 14.6009642 ], [ 121.0624185, 14.6009512 ], [ 121.0623984, 14.6011576 ], [ 121.0624708, 14.6011783 ], [ 121.0623132, 14.6020225 ], [ 121.0616923, 14.6019297 ] ] ] } },
{ "type": "Feature", "properties": { "Amenity": null, "Building": null, "Landuse": null, "Name": null, "Shop": null }, "geometry": { "type": "Polygon", "coordinates": [ [ [ 121.0761447, 14.6686557 ], [ 121.0761442, 14.6683719 ], [ 121.0757602, 14.6683726 ], [ 121.0757597, 14.6681163 ], [ 121.0764295, 14.6681151 ], [ 121.0764305, 14.6686552 ], [ 121.0761447, 14.6686557 ] ] ] } },
{ "type": "Feature", "properties": { "Amenity": null, "Building": null, "Landuse": null, "Name": null, "Shop": null }, "geometry": { "type": "Polygon", "coordinates": [ [ [ 121.0518814, 14.6467516 ], [ 121.0520074, 14.6465701 ], [ 121.0521334, 14.6463887 ], [ 121.0522322, 14.646453 ], [ 121.0519802, 14.6468159 ], [ 121.0518814, 14.6467516 ] ] ] } },
{ "type": "Feature", "properties": { "Amenity": null, "Building": null, "Landuse": null, "Name": null, "Shop": null }, "geometry": { "type": "Polygon", "coordinates": [ [ [ 121.0007856, 14.6454274 ], [ 121.0008237, 14.645204 ], [ 121.000832, 14.6451858 ], [ 121.0008484, 14.6451775 ], [ 121.0008714, 14.6451745 ], [ 121.0011836, 14.6452482 ], [ 121.0011274, 14.645631 ], [ 121.0007948, 14.6454468 ], [ 121.0007856, 14.6454274 ] ] ] } },
{ "type": "Feature", "properties": { "Amenity": null, "Building": null, "Landuse": null, "Name": null, "Shop": null }, "geometry": { "type": "Polygon", "coordinates": [ [ [ 121.013556, 14.6182536 ], [ 121.0139217, 14.6167482 ], [ 121.0143787, 14.6168535 ], [ 121.0142923, 14.6172045 ], [ 121.0145017, 14.6172527 ], [ 121.0142415, 14.6183099 ], [ 121.0141244, 14.6182829 ], [ 121.0141007, 14.6183791 ], [ 121.013556, 14.6182536 ] ] ] } },
{ "type": "Feature", "properties": { "Amenity": null, "Building": null, "Landuse": null, "Name": null, "Shop": null }, "geometry": { "type": "Polygon", "coordinates": [ [ [ 121.0648533, 14.6082901 ], [ 121.0650189, 14.6083258 ], [ 121.0649976, 14.6084184 ], [ 121.064832, 14.6083827 ], [ 121.0648533, 14.6082901 ] ] ] } },
{ "type": "Feature", "properties": { "Amenity": null, "Building": null, "Landuse": null, "Name": null, "Shop": null }, "geometry": { "type": "Polygon", "coordinates": [ [ [ 121.0860402, 14.6968158 ], [ 121.0860228, 14.6967641 ], [ 121.0860786, 14.6967465 ], [ 121.086096, 14.6967983 ], [ 121.0860402, 14.6968158 ] ] ] } },
{ "type": "Feature", "properties": { "Amenity": null, "Building": null, "Landuse": null, "Name": null, "Shop": null }, "geometry": { "type": "Polygon", "coordinates": [ [ [ 121.0859515, 14.6968382 ], [ 121.0859331, 14.6967787 ], [ 121.0859922, 14.6967616 ], [ 121.0860106, 14.6968211 ], [ 121.0859515, 14.6968382 ] ] ] } },
{ "type": "Feature", "properties": { "Amenity": null, "Building": null, "Landuse": null, "Name": null, "Shop": null }, "geometry": { "type": "Polygon", "coordinates": [ [ [ 121.0369672, 14.6257346 ], [ 121.0367641, 14.6256718 ], [ 121.036674, 14.6259468 ], [ 121.0364279, 14.6258713 ], [ 121.0367284, 14.62494 ], [ 121.0369751, 14.6248981 ], [ 121.0372078, 14.6249519 ], [ 121.0369672, 14.6257346 ] ] ] } },
{ "type": "Feature", "properties": { "Amenity": null, "Building": null, "Landuse": null, "Name": null, "Shop": null }, "geometry": { "type": "Polygon", "coordinates": [ [ [ 121.0435142, 14.6899088 ], [ 121.0431537, 14.6898477 ], [ 121.0430571, 14.6896722 ], [ 121.0431025, 14.689342 ], [ 121.0436104, 14.6894375 ], [ 121.0435142, 14.6899088 ] ] ] } },
{ "type": "Feature", "properties": { "Amenity": null, "Building": null, "Landuse": null, "Name": null, "Shop": null }, "geometry": { "type": "Polygon", "coordinates": [ [ [ 121.038668, 14.6444648 ], [ 121.0392498, 14.6436322 ], [ 121.0392766, 14.6436478 ], [ 121.0386913, 14.6444761 ], [ 121.038668, 14.6444648 ] ] ] } },
{ "type": "Feature", "properties": { "Amenity": null, "Building": null, "Landuse": null, "Name": null, "Shop": null }, "geometry": { "type": "Polygon", "coordinates": [ [ [ 121.0395163, 14.7012116 ], [ 121.0395207, 14.7011863 ], [ 121.0395675, 14.7011939 ], [ 121.0395632, 14.7012192 ], [ 121.0395163, 14.7012116 ] ] ] } },
{ "type": "Feature", "properties": { "Amenity": null, "Building": null, "Landuse": null, "Name": null, "Shop": null }, "geometry": { "type": "Polygon", "coordinates": [ [ [ 121.0396742, 14.7012757 ], [ 121.0397089, 14.7012775 ], [ 121.0397067, 14.7013163 ], [ 121.039672, 14.7013145 ], [ 121.0396742, 14.7012757 ] ] ] } },
{ "type": "Feature", "properties": { "Amenity": null, "Building": null, "Landuse": null, "Name": null, "Shop": null }, "geometry": { "type": "Polygon", "coordinates": [ [ [ 121.0348493, 14.700494 ], [ 121.0345989, 14.6999894 ], [ 121.0348099, 14.699897 ], [ 121.0351011, 14.7003795 ], [ 121.0350054, 14.7004246 ], [ 121.034919, 14.7004656 ], [ 121.0348493, 14.700494 ] ] ] } },
{ "type": "Feature", "properties": { "Amenity": null, "Building": null, "Landuse": null, "Name": null, "Shop": null }, "geometry": { "type": "Polygon", "coordinates": [ [ [ 121.0767357, 14.6842848 ], [ 121.0765142, 14.6842835 ], [ 121.0765146, 14.6842295 ], [ 121.0767361, 14.6842308 ], [ 121.0767357, 14.6842848 ] ] ] } },
{ "type": "Feature", "properties": { "Amenity": null, "Building": null, "Landuse": null, "Name": null, "Shop": null }, "geometry": { "type": "Polygon", "coordinates": [ [ [ 121.0789262, 14.6829631 ], [ 121.078953, 14.683 ], [ 121.0789269, 14.6830169 ], [ 121.0788994, 14.6829799 ], [ 121.0789262, 14.6829631 ] ] ] } },
{ "type": "Feature", "properties": { "Amenity": null, "Building": null, "Landuse": null, "Name": null, "Shop": null }, "geometry": { "type": "Polygon", "coordinates": [ [ [ 121.0886442, 14.6863435 ], [ 121.0885784, 14.6860857 ], [ 121.0895634, 14.6858505 ], [ 121.0896292, 14.6861083 ], [ 121.0886442, 14.6863435 ] ] ] } },
{ "type": "Feature", "properties": { "Amenity": null, "Building": null, "Landuse": null, "Name": null, "Shop": null }, "geometry": { "type": "Polygon", "coordinates": [ [ [ 121.0637261, 14.7019521 ], [ 121.0637209, 14.7016702 ], [ 121.0637193, 14.701585 ], [ 121.0637062, 14.701347 ], [ 121.063983, 14.7013327 ], [ 121.0639842, 14.7015185 ], [ 121.0639843, 14.7015288 ], [ 121.0643662, 14.7015307 ], [ 121.0643901, 14.7019048 ], [ 121.0641424, 14.7019179 ], [ 121.0637261, 14.7019521 ] ] ] } },
{ "type": "Feature", "properties": { "Amenity": null, "Building": null, "Landuse": null, "Name": null, "Shop": null }, "geometry": { "type": "Polygon", "coordinates": [ [ [ 121.021772, 14.6453639 ], [ 121.0214609, 14.6452757 ], [ 121.0212202, 14.6451843 ], [ 121.0212973, 14.6449293 ], [ 121.0214904, 14.6449734 ], [ 121.0215118, 14.6449176 ], [ 121.0218538, 14.6450032 ], [ 121.021837, 14.6450774 ], [ 121.021772, 14.6453639 ] ] ] } },
{ "type": "Feature", "properties": { "Amenity": null, "Building": null, "Landuse": null, "Name": null, "Shop": null }, "geometry": { "type": "Polygon", "coordinates": [ [ [ 121.024863, 14.6513276 ], [ 121.0247966, 14.6510635 ], [ 121.0247215, 14.6507956 ], [ 121.0248939, 14.6507488 ], [ 121.0249942, 14.6509717 ], [ 121.0250883, 14.6512471 ], [ 121.0249819, 14.6512989 ], [ 121.024863, 14.6513276 ] ] ] } },
{ "type": "Feature", "properties": { "Amenity": null, "Building": null, "Landuse": null, "Name": null, "Shop": null }, "geometry": { "type": "Polygon", "coordinates": [ [ [ 121.0137958, 14.6410924 ], [ 121.0139568, 14.640693 ], [ 121.0140483, 14.6404666 ], [ 121.0141982, 14.6405008 ], [ 121.0144825, 14.6405968 ], [ 121.0144879, 14.6406565 ], [ 121.0146112, 14.6406811 ], [ 121.0145656, 14.6411327 ], [ 121.0137958, 14.6410924 ] ] ] } },
{ "type": "Feature", "properties": { "Amenity": null, "Building": null, "Landuse": null, "Name": null, "Shop": null }, "geometry": { "type": "Polygon", "coordinates": [ [ [ 121.0147495, 14.638801 ], [ 121.0145966, 14.6384409 ], [ 121.0147775, 14.638369 ], [ 121.0149304, 14.638729 ], [ 121.0147495, 14.638801 ] ] ] } },
{ "type": "Feature", "properties": { "Amenity": null, "Building": null, "Landuse": null, "Name": null, "Shop": null }, "geometry": { "type": "Polygon", "coordinates": [ [ [ 121.0150674, 14.6132731 ], [ 121.0149843, 14.6132264 ], [ 121.0148153, 14.6130681 ], [ 121.014702, 14.6129295 ], [ 121.0145947, 14.6127122 ], [ 121.0146132, 14.6125194 ], [ 121.0146503, 14.6121791 ], [ 121.0160357, 14.612222 ], [ 121.0160089, 14.613377 ], [ 121.0154456, 14.6133666 ], [ 121.0150674, 14.6132731 ] ] ] } },
{ "type": "Feature", "properties": { "Amenity": null, "Building": null, "Landuse": null, "Name": null, "Shop": null }, "geometry": { "type": "Polygon", "coordinates": [ [ [ 121.0628039, 14.6150041 ], [ 121.0629863, 14.6145655 ], [ 121.0633256, 14.614694 ], [ 121.0631338, 14.6151521 ], [ 121.0628039, 14.6150041 ] ] ] } },
{ "type": "Feature", "properties": { "Amenity": null, "Building": null, "Landuse": null, "Name": null, "Shop": null }, "geometry": { "type": "Polygon", "coordinates": [ [ [ 121.0626966, 14.617487 ], [ 121.0630522, 14.6166711 ], [ 121.0630606, 14.6166507 ], [ 121.0637395, 14.6169219 ], [ 121.0636443, 14.6171514 ], [ 121.0637295, 14.617186 ], [ 121.0634631, 14.6177988 ], [ 121.0626966, 14.617487 ] ] ] } },
{ "type": "Feature", "properties": { "Amenity": null, "Building": null, "Landuse": null, "Name": null, "Shop": null }, "geometry": { "type": "Polygon", "coordinates": [ [ [ 121.0105523, 14.6427518 ], [ 121.0107611, 14.6421585 ], [ 121.0109925, 14.6421826 ], [ 121.0109225, 14.6429139 ], [ 121.0105523, 14.6427518 ] ] ] } },
{ "type": "Feature", "properties": { "Amenity": null, "Building": null, "Landuse": null, "Name": null, "Shop": null }, "geometry": { "type": "Polygon", "coordinates": [ [ [ 121.0577003, 14.667588 ], [ 121.0576861, 14.667247 ], [ 121.0577198, 14.6670282 ], [ 121.0580824, 14.6670362 ], [ 121.0581392, 14.6667658 ], [ 121.0581784, 14.6671033 ], [ 121.0582202, 14.6674633 ], [ 121.0577003, 14.667588 ] ] ] } },
{ "type": "Feature", "properties": { "Amenity": null, "Building": null, "Landuse": null, "Name": null, "Shop": null }, "geometry": { "type": "Polygon", "coordinates": [ [ [ 121.0551044, 14.6219823 ], [ 121.0551075, 14.6219755 ], [ 121.0550534, 14.6219521 ], [ 121.0553348, 14.6213283 ], [ 121.0554068, 14.6211725 ], [ 121.0556123, 14.6207388 ], [ 121.0556876, 14.6207713 ], [ 121.0557119, 14.6207818 ], [ 121.0555106, 14.6212186 ], [ 121.0553929, 14.6213529 ], [ 121.0553382, 14.6214726 ], [ 121.0554579, 14.6215239 ], [ 121.0552246, 14.6220338 ], [ 121.0551044, 14.6219823 ] ] ] } },
{ "type": "Feature", "properties": { "Amenity": null, "Building": null, "Landuse": null, "Name": null, "Shop": null }, "geometry": { "type": "Polygon", "coordinates": [ [ [ 121.0697904, 14.655158 ], [ 121.0697912, 14.6550987 ], [ 121.0701188, 14.6551027 ], [ 121.0701584, 14.6550731 ], [ 121.0702015, 14.6550749 ], [ 121.0702393, 14.6550992 ], [ 121.0705768, 14.6551 ], [ 121.0705766, 14.655161 ], [ 121.0702375, 14.6551602 ], [ 121.0702051, 14.655188 ], [ 121.0701566, 14.655188 ], [ 121.0701206, 14.6551619 ], [ 121.0697904, 14.655158 ] ] ] } },
{ "type": "Feature", "properties": { "Amenity": null, "Building": null, "Landuse": null, "Name": null, "Shop": null }, "geometry": { "type": "Polygon", "coordinates": [ [ [ 121.0416175, 14.724708 ], [ 121.0414741, 14.7246881 ], [ 121.0415232, 14.7243565 ], [ 121.0416667, 14.7243764 ], [ 121.0416175, 14.724708 ] ] ] } },
{ "type": "Feature", "properties": { "Amenity": null, "Building": null, "Landuse": null, "Name": null, "Shop": null }, "geometry": { "type": "Polygon", "coordinates": [ [ [ 121.0417779, 14.7236864 ], [ 121.0417417, 14.7241118 ], [ 121.0415027, 14.7240928 ], [ 121.0415389, 14.7236674 ], [ 121.0417779, 14.7236864 ] ] ] } },
{ "type": "Feature", "properties": { "Amenity": null, "Building": null, "Landuse": null, "Name": null, "Shop": null }, "geometry": { "type": "Polygon", "coordinates": [ [ [ 121.0411896, 14.7236913 ], [ 121.0413512, 14.7237181 ], [ 121.041323, 14.723877 ], [ 121.0412324, 14.723862 ], [ 121.0412477, 14.7237758 ], [ 121.0411767, 14.7237641 ], [ 121.0411896, 14.7236913 ] ] ] } },
{ "type": "Feature", "properties": { "Amenity": null, "Building": null, "Landuse": null, "Name": null, "Shop": null }, "geometry": { "type": "Polygon", "coordinates": [ [ [ 121.0610208, 14.734998 ], [ 121.0609926, 14.7349979 ], [ 121.0609501, 14.7349977 ], [ 121.0608121, 14.7349969 ], [ 121.0607637, 14.7349967 ], [ 121.0607644, 14.7348656 ], [ 121.060766, 14.7345872 ], [ 121.0608387, 14.7345876 ], [ 121.0609524, 14.7345882 ], [ 121.0609949, 14.7345884 ], [ 121.0610231, 14.7345886 ], [ 121.0610213, 14.734911 ], [ 121.0610208, 14.734998 ] ] ] } },
{ "type": "Feature", "properties": { "Amenity": null, "Building": null, "Landuse": null, "Name": null, "Shop": null }, "geometry": { "type": "Polygon", "coordinates": [ [ [ 121.076781, 14.6840677 ], [ 121.0773602, 14.6840873 ], [ 121.0772591, 14.6843045 ], [ 121.0767731, 14.6842881 ], [ 121.076781, 14.6840677 ] ] ] } },
{ "type": "Feature", "properties": { "Amenity": null, "Building": null, "Landuse": null, "Name": null, "Shop": null }, "geometry": { "type": "Polygon", "coordinates": [ [ [ 121.0564149, 14.7307642 ], [ 121.0564122, 14.7304775 ], [ 121.0565758, 14.7304761 ], [ 121.0565785, 14.7307628 ], [ 121.0564149, 14.7307642 ] ] ] } },
{ "type": "Feature", "properties": { "Amenity": null, "Building": null, "Landuse": null, "Name": null, "Shop": null }, "geometry": { "type": "Polygon", "coordinates": [ [ [ 121.0653277, 14.6094125 ], [ 121.065313, 14.6094685 ], [ 121.0652517, 14.6094533 ], [ 121.0652148, 14.6095933 ], [ 121.0649497, 14.6095277 ], [ 121.0650013, 14.6093319 ], [ 121.0653277, 14.6094125 ] ] ] } },
{ "type": "Feature", "properties": { "Amenity": null, "Building": null, "Landuse": null, "Name": null, "Shop": null }, "geometry": { "type": "Polygon", "coordinates": [ [ [ 121.081375, 14.67419 ], [ 121.0812772, 14.6740568 ], [ 121.0812026, 14.6739527 ], [ 121.0815751, 14.673713 ], [ 121.0817398, 14.6739155 ], [ 121.0817549, 14.6739347 ], [ 121.081375, 14.67419 ] ] ] } },
{ "type": "Feature", "properties": { "Amenity": null, "Building": null, "Landuse": null, "Name": null, "Shop": null }, "geometry": { "type": "Polygon", "coordinates": [ [ [ 121.0055581, 14.6297641 ], [ 121.0058489, 14.6299024 ], [ 121.0058514, 14.6299291 ], [ 121.0057844, 14.6301056 ], [ 121.0055714, 14.6300198 ], [ 121.0054712, 14.6299755 ], [ 121.0055581, 14.6297641 ] ] ] } },
{ "type": "Feature", "properties": { "Amenity": null, "Building": null, "Landuse": null, "Name": null, "Shop": null }, "geometry": { "type": "Polygon", "coordinates": [ [ [ 121.0608929, 14.7163835 ], [ 121.060892, 14.7160844 ], [ 121.0610926, 14.7160839 ], [ 121.0610934, 14.7163555 ], [ 121.0610783, 14.7163555 ], [ 121.0610784, 14.716383 ], [ 121.0608929, 14.7163835 ] ] ] } },
{ "type": "Feature", "properties": { "Amenity": null, "Building": null, "Landuse": null, "Name": null, "Shop": null }, "geometry": { "type": "Polygon", "coordinates": [ [ [ 121.0480151, 14.6220148 ], [ 121.0478303, 14.6218302 ], [ 121.0479317, 14.6217679 ], [ 121.0480991, 14.6219369 ], [ 121.0480151, 14.6220148 ] ] ] } },
{ "type": "Feature", "properties": { "Amenity": null, "Building": null, "Landuse": null, "Name": null, "Shop": null }, "geometry": { "type": "Polygon", "coordinates": [ [ [ 121.0613575, 14.7218484 ], [ 121.0613576, 14.7218398 ], [ 121.0613118, 14.7218391 ], [ 121.0613126, 14.7217912 ], [ 121.0613445, 14.7217917 ], [ 121.0613473, 14.7216173 ], [ 121.0613887, 14.721618 ], [ 121.0613891, 14.7215914 ], [ 121.0614165, 14.7215918 ], [ 121.061435, 14.7215735 ], [ 121.0615085, 14.7215746 ], [ 121.0615039, 14.7218507 ], [ 121.0613575, 14.7218484 ] ] ] } },
{ "type": "Feature", "properties": { "Amenity": null, "Building": null, "Landuse": null, "Name": null, "Shop": null }, "geometry": { "type": "Polygon", "coordinates": [ [ [ 121.0428879, 14.6370259 ], [ 121.0428949, 14.6370148 ], [ 121.0429378, 14.6369464 ], [ 121.0430025, 14.6369843 ], [ 121.0430996, 14.6368296 ], [ 121.0430479, 14.6367992 ], [ 121.0430989, 14.6367179 ], [ 121.0434081, 14.6368995 ], [ 121.0432338, 14.6371774 ], [ 121.0432008, 14.637158 ], [ 121.0431772, 14.6371957 ], [ 121.0428879, 14.6370259 ] ] ] } },
{ "type": "Feature", "properties": { "Amenity": null, "Building": null, "Landuse": null, "Name": null, "Shop": null }, "geometry": { "type": "Polygon", "coordinates": [ [ [ 121.0508823, 14.7150819 ], [ 121.0508813, 14.7149992 ], [ 121.0510178, 14.7149976 ], [ 121.0510188, 14.7150804 ], [ 121.0508823, 14.7150819 ] ] ] } },
{ "type": "Feature", "properties": { "Amenity": null, "Building": null, "Landuse": null, "Name": null, "Shop": null }, "geometry": { "type": "Polygon", "coordinates": [ [ [ 121.0292356, 14.7095532 ], [ 121.0292798, 14.7094916 ], [ 121.0293488, 14.709538 ], [ 121.0293046, 14.7095996 ], [ 121.0292356, 14.7095532 ] ] ] } },
{ "type": "Feature", "properties": { "Amenity": null, "Building": null, "Landuse": null, "Name": null, "Shop": null }, "geometry": { "type": "Polygon", "coordinates": [ [ [ 121.0289989, 14.7096139 ], [ 121.0290693, 14.7096521 ], [ 121.0290398, 14.7097028 ], [ 121.0289694, 14.7096645 ], [ 121.0289989, 14.7096139 ] ] ] } },
{ "type": "Feature", "properties": { "Amenity": null, "Building": null, "Landuse": null, "Name": null, "Shop": null }, "geometry": { "type": "Polygon", "coordinates": [ [ [ 121.0829172, 14.6784762 ], [ 121.0829096, 14.6784609 ], [ 121.0828039, 14.6782472 ], [ 121.0828333, 14.6782336 ], [ 121.0828774, 14.6782132 ], [ 121.0829906, 14.6784422 ], [ 121.0829172, 14.6784762 ] ] ] } },
{ "type": "Feature", "properties": { "Amenity": null, "Building": null, "Landuse": null, "Name": null, "Shop": null }, "geometry": { "type": "Polygon", "coordinates": [ [ [ 121.0560082, 14.6679132 ], [ 121.0559954, 14.6678636 ], [ 121.0559456, 14.6678756 ], [ 121.0559356, 14.667878 ], [ 121.0558227, 14.6674389 ], [ 121.0560514, 14.6673838 ], [ 121.056177, 14.6678726 ], [ 121.0560542, 14.6679021 ], [ 121.0560082, 14.6679132 ] ] ] } },
{ "type": "Feature", "properties": { "Amenity": null, "Building": null, "Landuse": null, "Name": null, "Shop": null }, "geometry": { "type": "Polygon", "coordinates": [ [ [ 121.0331544, 14.6626958 ], [ 121.0331348, 14.6625896 ], [ 121.0331896, 14.6625801 ], [ 121.0332092, 14.6626864 ], [ 121.0331544, 14.6626958 ] ] ] } },
{ "type": "Feature", "properties": { "Amenity": null, "Building": null, "Landuse": null, "Name": null, "Shop": null }, "geometry": { "type": "Polygon", "coordinates": [ [ [ 121.0511385, 14.7336468 ], [ 121.05122, 14.7334047 ], [ 121.051404, 14.7334626 ], [ 121.0513225, 14.7337047 ], [ 121.0511385, 14.7336468 ] ] ] } },
{ "type": "Feature", "properties": { "Amenity": null, "Building": null, "Landuse": null, "Name": null, "Shop": null }, "geometry": { "type": "Polygon", "coordinates": [ [ [ 121.0794236, 14.6992135 ], [ 121.0791872, 14.6985386 ], [ 121.0796863, 14.698375 ], [ 121.0799227, 14.69905 ], [ 121.0794236, 14.6992135 ] ] ] } },
{ "type": "Feature", "properties": { "Amenity": null, "Building": null, "Landuse": null, "Name": null, "Shop": null }, "geometry": { "type": "Polygon", "coordinates": [ [ [ 121.0737612, 14.6632851 ], [ 121.0737427, 14.6632665 ], [ 121.0737531, 14.6632567 ], [ 121.0737717, 14.6632753 ], [ 121.0737612, 14.6632851 ] ] ] } },
{ "type": "Feature", "properties": { "Amenity": null, "Building": null, "Landuse": null, "Name": null, "Shop": null }, "geometry": { "type": "Polygon", "coordinates": [ [ [ 121.0303147, 14.6381095 ], [ 121.0305161, 14.6377902 ], [ 121.0307199, 14.6379106 ], [ 121.0305185, 14.6382299 ], [ 121.0303147, 14.6381095 ] ] ] } },
{ "type": "Feature", "properties": { "Amenity": null, "Building": null, "Landuse": null, "Name": null, "Shop": null }, "geometry": { "type": "Polygon", "coordinates": [ [ [ 121.0487781, 14.7052612 ], [ 121.048795, 14.70521 ], [ 121.0488896, 14.7052391 ], [ 121.0488728, 14.7052903 ], [ 121.0487781, 14.7052612 ] ] ] } },
{ "type": "Feature", "properties": { "Amenity": null, "Building": null, "Landuse": null, "Name": null, "Shop": null }, "geometry": { "type": "Polygon", "coordinates": [ [ [ 121.0525487, 14.705265 ], [ 121.0525736, 14.7052456 ], [ 121.0525985, 14.7052756 ], [ 121.0526339, 14.705248 ], [ 121.052653, 14.705271 ], [ 121.0525928, 14.7053179 ], [ 121.0525487, 14.705265 ] ] ] } },
{ "type": "Feature", "properties": { "Amenity": null, "Building": null, "Landuse": null, "Name": null, "Shop": null }, "geometry": { "type": "Polygon", "coordinates": [ [ [ 121.0522315, 14.7051886 ], [ 121.052232, 14.7051295 ], [ 121.052265, 14.7050705 ], [ 121.0523797, 14.7051983 ], [ 121.0523039, 14.7052836 ], [ 121.0522665, 14.7052948 ], [ 121.0522413, 14.7052705 ], [ 121.052212, 14.7052463 ], [ 121.0522315, 14.7051886 ] ] ] } },
{ "type": "Feature", "properties": { "Amenity": null, "Building": null, "Landuse": null, "Name": null, "Shop": null }, "geometry": { "type": "Polygon", "coordinates": [ [ [ 121.0122499, 14.6234617 ], [ 121.0124953, 14.6231892 ], [ 121.0126053, 14.6232242 ], [ 121.0127515, 14.6232242 ], [ 121.0128722, 14.6232048 ], [ 121.0127327, 14.6237355 ], [ 121.0125624, 14.6237005 ], [ 121.0124739, 14.6236525 ], [ 121.0122499, 14.6234617 ] ] ] } },
{ "type": "Feature", "properties": { "Amenity": null, "Building": null, "Landuse": null, "Name": null, "Shop": null }, "geometry": { "type": "Polygon", "coordinates": [ [ [ 121.0438881, 14.7150297 ], [ 121.0438879, 14.7150996 ], [ 121.0438509, 14.7150994 ], [ 121.0438512, 14.7150296 ], [ 121.0438881, 14.7150297 ] ] ] } },
{ "type": "Feature", "properties": { "Amenity": null, "Building": null, "Landuse": null, "Name": null, "Shop": null }, "geometry": { "type": "Polygon", "coordinates": [ [ [ 121.043803, 14.7151147 ], [ 121.0438048, 14.7150431 ], [ 121.0438442, 14.715044 ], [ 121.0438424, 14.7151156 ], [ 121.043803, 14.7151147 ] ] ] } },
{ "type": "Feature", "properties": { "Amenity": null, "Building": null, "Landuse": null, "Name": null, "Shop": null }, "geometry": { "type": "Polygon", "coordinates": [ [ [ 121.0440467, 14.7149898 ], [ 121.0440468, 14.7149663 ], [ 121.0441024, 14.7149665 ], [ 121.0441023, 14.71499 ], [ 121.0440467, 14.7149898 ] ] ] } },
{ "type": "Feature", "properties": { "Amenity": null, "Building": null, "Landuse": null, "Name": null, "Shop": null }, "geometry": { "type": "Polygon", "coordinates": [ [ [ 121.043871, 14.7149976 ], [ 121.0437844, 14.7149973 ], [ 121.0437845, 14.714973 ], [ 121.0438711, 14.7149733 ], [ 121.043871, 14.7149976 ] ] ] } },
{ "type": "Feature", "properties": { "Amenity": null, "Building": null, "Landuse": null, "Name": null, "Shop": null }, "geometry": { "type": "Polygon", "coordinates": [ [ [ 121.0439066, 14.7149003 ], [ 121.0439578, 14.7149005 ], [ 121.0439575, 14.7149684 ], [ 121.0439063, 14.7149682 ], [ 121.0439066, 14.7149003 ] ] ] } },
{ "type": "Feature", "properties": { "Amenity": null, "Building": null, "Landuse": null, "Name": null, "Shop": null }, "geometry": { "type": "Polygon", "coordinates": [ [ [ 121.0756957, 14.6820076 ], [ 121.0756747, 14.6823081 ], [ 121.0754688, 14.6822966 ], [ 121.0755023, 14.6819894 ], [ 121.0756957, 14.6820076 ] ] ] } },
{ "type": "Feature", "properties": { "Amenity": null, "Building": null, "Landuse": null, "Name": null, "Shop": null }, "geometry": { "type": "Polygon", "coordinates": [ [ [ 121.0138284, 14.6326834 ], [ 121.0137439, 14.6325705 ], [ 121.0138865, 14.6324705 ], [ 121.0139312, 14.6325301 ], [ 121.0139077, 14.6325466 ], [ 121.0139475, 14.6325999 ], [ 121.0138284, 14.6326834 ] ] ] } },
{ "type": "Feature", "properties": { "Amenity": null, "Building": null, "Landuse": null, "Name": null, "Shop": null }, "geometry": { "type": "Polygon", "coordinates": [ [ [ 121.0545201, 14.686729 ], [ 121.0545419, 14.6866942 ], [ 121.0545861, 14.6867201 ], [ 121.0545643, 14.6867549 ], [ 121.0545201, 14.686729 ] ] ] } },
{ "type": "Feature", "properties": { "Amenity": null, "Building": null, "Landuse": null, "Name": null, "Shop": null }, "geometry": { "type": "Polygon", "coordinates": [ [ [ 121.0736728, 14.6851805 ], [ 121.0736743, 14.6849966 ], [ 121.0739631, 14.6849989 ], [ 121.0739615, 14.6851828 ], [ 121.0736728, 14.6851805 ] ] ] } },
{ "type": "Feature", "properties": { "Amenity": null, "Building": null, "Landuse": null, "Name": null, "Shop": null }, "geometry": { "type": "Polygon", "coordinates": [ [ [ 121.059045, 14.7385511 ], [ 121.0590942, 14.7385505 ], [ 121.0590953, 14.738626 ], [ 121.0590461, 14.7386266 ], [ 121.059045, 14.7385511 ] ] ] } },
{ "type": "Feature", "properties": { "Amenity": null, "Building": null, "Landuse": null, "Name": null, "Shop": null }, "geometry": { "type": "Polygon", "coordinates": [ [ [ 121.0590512, 14.7381249 ], [ 121.0590512, 14.738088 ], [ 121.0591118, 14.738088 ], [ 121.0591118, 14.7381249 ], [ 121.0590512, 14.7381249 ] ] ] } },
{ "type": "Feature", "properties": { "Amenity": null, "Building": null, "Landuse": null, "Name": null, "Shop": null }, "geometry": { "type": "Polygon", "coordinates": [ [ [ 121.0591477, 14.738441 ], [ 121.0591477, 14.7383741 ], [ 121.0591864, 14.7383741 ], [ 121.0591864, 14.738441 ], [ 121.0591477, 14.738441 ] ] ] } },
{ "type": "Feature", "properties": { "Amenity": null, "Building": null, "Landuse": null, "Name": null, "Shop": null }, "geometry": { "type": "Polygon", "coordinates": [ [ [ 121.0946855, 14.6894649 ], [ 121.0948857, 14.6892714 ], [ 121.0951045, 14.6894832 ], [ 121.0949043, 14.6896767 ], [ 121.0946855, 14.6894649 ] ] ] } },
{ "type": "Feature", "properties": { "Amenity": null, "Building": null, "Landuse": null, "Name": null, "Shop": null }, "geometry": { "type": "Polygon", "coordinates": [ [ [ 121.0409239, 14.6254586 ], [ 121.0410091, 14.6248014 ], [ 121.0412979, 14.6248045 ], [ 121.0413334, 14.6254624 ], [ 121.0409239, 14.6254586 ] ] ] } },
{ "type": "Feature", "properties": { "Amenity": null, "Building": null, "Landuse": null, "Name": null, "Shop": null }, "geometry": { "type": "Polygon", "coordinates": [ [ [ 121.0627394, 14.7113634 ], [ 121.0626057, 14.7113616 ], [ 121.0626076, 14.7112239 ], [ 121.0627413, 14.7112257 ], [ 121.0627394, 14.7113634 ] ] ] } },
{ "type": "Feature", "properties": { "Amenity": null, "Building": null, "Landuse": null, "Name": null, "Shop": null }, "geometry": { "type": "Polygon", "coordinates": [ [ [ 121.0440071, 14.6190001 ], [ 121.0440838, 14.6188774 ], [ 121.0442557, 14.6189781 ], [ 121.0441789, 14.6191008 ], [ 121.0440071, 14.6190001 ] ] ] } },
{ "type": "Feature", "properties": { "Amenity": null, "Building": null, "Landuse": null, "Name": null, "Shop": null }, "geometry": { "type": "Polygon", "coordinates": [ [ [ 120.9997373, 14.6291347 ], [ 120.9997763, 14.6290525 ], [ 120.9998634, 14.6290912 ], [ 120.9998245, 14.6291733 ], [ 120.9997373, 14.6291347 ] ] ] } },
{ "type": "Feature", "properties": { "Amenity": null, "Building": null, "Landuse": null, "Name": null, "Shop": null }, "geometry": { "type": "Polygon", "coordinates": [ [ [ 120.9940278, 14.6396083 ], [ 120.9941971, 14.6397261 ], [ 120.9940939, 14.6405848 ], [ 120.994033, 14.6405958 ], [ 120.9935916, 14.6404102 ], [ 120.9940278, 14.6396083 ] ] ] } },
{ "type": "Feature", "properties": { "Amenity": null, "Building": null, "Landuse": null, "Name": null, "Shop": null }, "geometry": { "type": "Polygon", "coordinates": [ [ [ 121.021606, 14.6210479 ], [ 121.0221055, 14.6212396 ], [ 121.0223558, 14.6213152 ], [ 121.0221993, 14.6217002 ], [ 121.0221507, 14.6220238 ], [ 121.0221042, 14.6222405 ], [ 121.0218884, 14.6227284 ], [ 121.02184, 14.6231222 ], [ 121.0209531, 14.6231338 ], [ 121.0209185, 14.6232144 ], [ 121.0207705, 14.6235213 ], [ 121.0205828, 14.6234473 ], [ 121.0207178, 14.6231313 ], [ 121.0207519, 14.6230515 ], [ 121.021606, 14.6210479 ] ] ] } },
{ "type": "Feature", "properties": { "Amenity": null, "Building": null, "Landuse": null, "Name": null, "Shop": null }, "geometry": { "type": "Polygon", "coordinates": [ [ [ 121.0231805, 14.621518 ], [ 121.0240978, 14.6218105 ], [ 121.0246589, 14.6219913 ], [ 121.0242004, 14.6227189 ], [ 121.02415, 14.622799 ], [ 121.0241064, 14.6228592 ], [ 121.0235962, 14.6237369 ], [ 121.0234567, 14.6239769 ], [ 121.0232999, 14.6242466 ], [ 121.0227222, 14.6240711 ], [ 121.0224379, 14.6238367 ], [ 121.0224328, 14.6235758 ], [ 121.022349, 14.6232828 ], [ 121.0224016, 14.6228706 ], [ 121.0225743, 14.6223007 ], [ 121.0230625, 14.6220806 ], [ 121.0230539, 14.6218325 ], [ 121.0231805, 14.621518 ] ] ] } },
{ "type": "Feature", "properties": { "Amenity": null, "Building": null, "Landuse": null, "Name": null, "Shop": null }, "geometry": { "type": "Polygon", "coordinates": [ [ [ 121.0375016, 14.6434493 ], [ 121.0375555, 14.6433704 ], [ 121.0375921, 14.6433013 ], [ 121.0377253, 14.6433838 ], [ 121.0376643, 14.6434582 ], [ 121.0375016, 14.6434493 ] ] ] } },
{ "type": "Feature", "properties": { "Amenity": null, "Building": null, "Landuse": null, "Name": null, "Shop": null }, "geometry": { "type": "Polygon", "coordinates": [ [ [ 121.005363, 14.6163691 ], [ 121.0053632, 14.616333 ], [ 121.0053954, 14.6163343 ], [ 121.005398, 14.6163679 ], [ 121.005363, 14.6163691 ] ] ] } },
{ "type": "Feature", "properties": { "Amenity": null, "Building": null, "Landuse": null, "Name": null, "Shop": null }, "geometry": { "type": "Polygon", "coordinates": [ [ [ 121.0456986, 14.7242004 ], [ 121.0457018, 14.7240319 ], [ 121.0462268, 14.7240412 ], [ 121.0462237, 14.7242096 ], [ 121.0456986, 14.7242004 ] ] ] } },
{ "type": "Feature", "properties": { "Amenity": null, "Building": null, "Landuse": null, "Name": null, "Shop": null }, "geometry": { "type": "Polygon", "coordinates": [ [ [ 121.0796043, 14.6709554 ], [ 121.0794197, 14.6709606 ], [ 121.0794083, 14.670727 ], [ 121.0796691, 14.6707225 ], [ 121.0796718, 14.6709288 ], [ 121.0796043, 14.6709554 ] ] ] } },
{ "type": "Feature", "properties": { "Amenity": null, "Building": null, "Landuse": null, "Name": null, "Shop": null }, "geometry": { "type": "Polygon", "coordinates": [ [ [ 121.0421224, 14.6647228 ], [ 121.0419912, 14.6644976 ], [ 121.0421041, 14.6644337 ], [ 121.0422366, 14.6646636 ], [ 121.0421224, 14.6647228 ] ] ] } },
{ "type": "Feature", "properties": { "Amenity": null, "Building": null, "Landuse": null, "Name": null, "Shop": null }, "geometry": { "type": "Polygon", "coordinates": [ [ [ 121.0656355, 14.6657555 ], [ 121.0655458, 14.6655151 ], [ 121.0659493, 14.6653543 ], [ 121.0659932, 14.6654483 ], [ 121.065834, 14.6655169 ], [ 121.0658914, 14.6656705 ], [ 121.0656355, 14.6657555 ] ] ] } },
{ "type": "Feature", "properties": { "Amenity": null, "Building": null, "Landuse": null, "Name": null, "Shop": null }, "geometry": { "type": "Polygon", "coordinates": [ [ [ 121.0938976, 14.7132367 ], [ 121.0943475, 14.7137615 ], [ 121.0937776, 14.7140403 ], [ 121.0935666, 14.7141265 ], [ 121.0934634, 14.7140249 ], [ 121.0937901, 14.7135872 ], [ 121.0937031, 14.7134423 ], [ 121.0938976, 14.7132367 ] ] ] } },
{ "type": "Feature", "properties": { "Amenity": null, "Building": null, "Landuse": null, "Name": null, "Shop": null }, "geometry": { "type": "Polygon", "coordinates": [ [ [ 121.1175634, 14.7276325 ], [ 121.1175084, 14.72753 ], [ 121.1174608, 14.727508 ], [ 121.117377, 14.7274262 ], [ 121.1175507, 14.7272174 ], [ 121.1177988, 14.7269969 ], [ 121.1180844, 14.7273945 ], [ 121.1175634, 14.7276325 ] ] ] } },
{ "type": "Feature", "properties": { "Amenity": null, "Building": null, "Landuse": null, "Name": null, "Shop": null }, "geometry": { "type": "Polygon", "coordinates": [ [ [ 121.0046349, 14.61706 ], [ 121.0046491, 14.6167688 ], [ 121.0048017, 14.6167751 ], [ 121.0047886, 14.6170686 ], [ 121.0046349, 14.61706 ] ] ] } },
{ "type": "Feature", "properties": { "Amenity": null, "Building": null, "Landuse": null, "Name": null, "Shop": null }, "geometry": { "type": "Polygon", "coordinates": [ [ [ 121.0546132, 14.6179013 ], [ 121.05428, 14.6176438 ], [ 121.0543009, 14.6176185 ], [ 121.0546341, 14.617876 ], [ 121.0546132, 14.6179013 ] ] ] } },
{ "type": "Feature", "properties": { "Amenity": null, "Building": null, "Landuse": null, "Name": null, "Shop": null }, "geometry": { "type": "Polygon", "coordinates": [ [ [ 121.0640825, 14.6441393 ], [ 121.0636704, 14.6440347 ], [ 121.0637685, 14.6437132 ], [ 121.0641807, 14.6438234 ], [ 121.0640825, 14.6441393 ] ] ] } },
{ "type": "Feature", "properties": { "Amenity": null, "Building": null, "Landuse": null, "Name": null, "Shop": null }, "geometry": { "type": "Polygon", "coordinates": [ [ [ 121.0170617, 14.6647408 ], [ 121.0166902, 14.6646227 ], [ 121.0166664, 14.6640354 ], [ 121.0168029, 14.6640354 ], [ 121.0169554, 14.6640467 ], [ 121.0170376, 14.664061 ], [ 121.0170617, 14.6647408 ] ] ] } },
{ "type": "Feature", "properties": { "Amenity": null, "Building": null, "Landuse": null, "Name": null, "Shop": null }, "geometry": { "type": "Polygon", "coordinates": [ [ [ 121.0174607, 14.6648498 ], [ 121.0173393, 14.6648641 ], [ 121.0170617, 14.6647408 ], [ 121.017049, 14.6641019 ], [ 121.0175157, 14.6641122 ], [ 121.0175251, 14.6641537 ], [ 121.0177517, 14.6641589 ], [ 121.017631, 14.6644547 ], [ 121.0176028, 14.6647155 ], [ 121.0175753, 14.6647791 ], [ 121.0174607, 14.6648498 ] ] ] } },
{ "type": "Feature", "properties": { "Amenity": null, "Building": null, "Landuse": null, "Name": null, "Shop": null }, "geometry": { "type": "Polygon", "coordinates": [ [ [ 121.0656036, 14.7066673 ], [ 121.0659678, 14.7066641 ], [ 121.0659825, 14.7069644 ], [ 121.0656083, 14.7069612 ], [ 121.0656036, 14.7066673 ] ] ] } },
{ "type": "Feature", "properties": { "Amenity": null, "Building": null, "Landuse": null, "Name": null, "Shop": null }, "geometry": { "type": "Polygon", "coordinates": [ [ [ 121.0288791, 14.6900724 ], [ 121.0286887, 14.6898687 ], [ 121.0291349, 14.6895124 ], [ 121.0293691, 14.6896663 ], [ 121.0294404, 14.6896285 ], [ 121.0296392, 14.6896349 ], [ 121.02973, 14.6896493 ], [ 121.0297829, 14.6896661 ], [ 121.0298651, 14.6897445 ], [ 121.0299247, 14.689841 ], [ 121.0299429, 14.6898981 ], [ 121.0299359, 14.6899443 ], [ 121.0298893, 14.6900726 ], [ 121.0298765, 14.6902393 ], [ 121.0298786, 14.6907152 ], [ 121.0298633, 14.6909041 ], [ 121.0293309, 14.6904348 ], [ 121.0291936, 14.6903484 ], [ 121.0291523, 14.6903655 ], [ 121.0288791, 14.6900724 ] ] ] } },
{ "type": "Feature", "properties": { "Amenity": null, "Building": null, "Landuse": null, "Name": null, "Shop": null }, "geometry": { "type": "Polygon", "coordinates": [ [ [ 120.9965891, 14.6502203 ], [ 120.9964885, 14.6499907 ], [ 120.9967017, 14.6498985 ], [ 120.9966414, 14.6497415 ], [ 120.9966836, 14.6496222 ], [ 120.9972569, 14.6498181 ], [ 120.997045, 14.6502735 ], [ 120.9969612, 14.6500867 ], [ 120.9965891, 14.6502203 ] ] ] } },
{ "type": "Feature", "properties": { "Amenity": null, "Building": null, "Landuse": null, "Name": null, "Shop": null }, "geometry": { "type": "Polygon", "coordinates": [ [ [ 120.9966798, 14.6504094 ], [ 120.9966084, 14.6502354 ], [ 120.9969577, 14.6501013 ], [ 120.997029, 14.6502753 ], [ 120.9966798, 14.6504094 ] ] ] } },
{ "type": "Feature", "properties": { "Amenity": null, "Building": null, "Landuse": null, "Name": null, "Shop": null }, "geometry": { "type": "Polygon", "coordinates": [ [ [ 121.0037197, 14.6580753 ], [ 121.0039048, 14.6584119 ], [ 121.0037144, 14.6589809 ], [ 121.0034673, 14.6589705 ], [ 121.0034605, 14.6588002 ], [ 121.0029767, 14.6588005 ], [ 121.0028212, 14.6587447 ], [ 121.0028802, 14.658553 ], [ 121.0028339, 14.6585054 ], [ 121.0028359, 14.658155 ], [ 121.0027689, 14.6579857 ], [ 121.0034582, 14.6580182 ], [ 121.0034448, 14.6576912 ], [ 121.0036017, 14.6577016 ], [ 121.0036071, 14.6579637 ], [ 121.0037197, 14.6580753 ] ] ] } },
{ "type": "Feature", "properties": { "Amenity": null, "Building": null, "Landuse": null, "Name": null, "Shop": null }, "geometry": { "type": "Polygon", "coordinates": [ [ [ 121.072516, 14.6194643 ], [ 121.0724193, 14.6192387 ], [ 121.0727403, 14.6191099 ], [ 121.072837, 14.6193355 ], [ 121.072516, 14.6194643 ] ] ] } },
{ "type": "Feature", "properties": { "Amenity": null, "Building": null, "Landuse": null, "Name": null, "Shop": null }, "geometry": { "type": "Polygon", "coordinates": [ [ [ 121.0613216, 14.6244567 ], [ 121.060913, 14.6242686 ], [ 121.0611074, 14.6238865 ], [ 121.0613027, 14.6239715 ], [ 121.0615069, 14.6240587 ], [ 121.0613216, 14.6244567 ] ] ] } },
{ "type": "Feature", "properties": { "Amenity": null, "Building": null, "Landuse": null, "Name": null, "Shop": null }, "geometry": { "type": "Polygon", "coordinates": [ [ [ 121.0579649, 14.6231021 ], [ 121.0570087, 14.6226945 ], [ 121.0570259, 14.6226559 ], [ 121.0570332, 14.6226396 ], [ 121.0572086, 14.6222471 ], [ 121.0581715, 14.622675 ], [ 121.0579649, 14.6231021 ] ] ] } },
{ "type": "Feature", "properties": { "Amenity": null, "Building": null, "Landuse": null, "Name": null, "Shop": null }, "geometry": { "type": "Polygon", "coordinates": [ [ [ 121.0272631, 14.7182247 ], [ 121.0268497, 14.7176567 ], [ 121.0272754, 14.7173094 ], [ 121.0274157, 14.7172235 ], [ 121.0274868, 14.7172312 ], [ 121.0280172, 14.7179667 ], [ 121.0279642, 14.7182715 ], [ 121.0275672, 14.7181924 ], [ 121.0272631, 14.7182247 ] ] ] } },
{ "type": "Feature", "properties": { "Amenity": null, "Building": null, "Landuse": null, "Name": null, "Shop": null }, "geometry": { "type": "Polygon", "coordinates": [ [ [ 121.0248324, 14.7238053 ], [ 121.0250996, 14.7233263 ], [ 121.0254276, 14.723549 ], [ 121.0252129, 14.7239352 ], [ 121.0248324, 14.7238053 ] ] ] } },
{ "type": "Feature", "properties": { "Amenity": null, "Building": null, "Landuse": null, "Name": null, "Shop": null }, "geometry": { "type": "Polygon", "coordinates": [ [ [ 121.0218867, 14.6342227 ], [ 121.0221398, 14.6338517 ], [ 121.0221175, 14.6338377 ], [ 121.0221244, 14.6338277 ], [ 121.022182, 14.6337343 ], [ 121.0223227, 14.6338129 ], [ 121.0225248, 14.6335088 ], [ 121.0231534, 14.633907 ], [ 121.0226482, 14.6346863 ], [ 121.0223651, 14.6345114 ], [ 121.0226039, 14.6341369 ], [ 121.0223767, 14.6340045 ], [ 121.0221271, 14.634364 ], [ 121.0218867, 14.6342227 ] ] ] } },
{ "type": "Feature", "properties": { "Amenity": null, "Building": null, "Landuse": null, "Name": null, "Shop": null }, "geometry": { "type": "Polygon", "coordinates": [ [ [ 120.9943146, 14.6373656 ], [ 120.9945452, 14.6366 ], [ 120.9948862, 14.6367077 ], [ 120.9947658, 14.6370375 ], [ 120.9949174, 14.6370801 ], [ 120.9947632, 14.6374837 ], [ 120.9943146, 14.6373656 ] ] ] } },
{ "type": "Feature", "properties": { "Amenity": null, "Building": null, "Landuse": null, "Name": null, "Shop": null }, "geometry": { "type": "Polygon", "coordinates": [ [ [ 120.9937687, 14.6362289 ], [ 120.9936534, 14.6365306 ], [ 120.9933744, 14.6365377 ], [ 120.9932551, 14.6362237 ], [ 120.9937687, 14.6362289 ] ] ] } },
{ "type": "Feature", "properties": { "Amenity": null, "Building": null, "Landuse": null, "Name": null, "Shop": null }, "geometry": { "type": "Polygon", "coordinates": [ [ [ 121.0371588, 14.7040701 ], [ 121.0373707, 14.704383 ], [ 121.036499, 14.7048928 ], [ 121.0362281, 14.7043662 ], [ 121.0366854, 14.7042365 ], [ 121.0371588, 14.7040701 ] ] ] } },
{ "type": "Feature", "properties": { "Amenity": null, "Building": null, "Landuse": null, "Name": null, "Shop": null }, "geometry": { "type": "Polygon", "coordinates": [ [ [ 121.0202764, 14.6215748 ], [ 121.020597, 14.6207203 ], [ 121.021493, 14.6210152 ], [ 121.0211644, 14.6218879 ], [ 121.0202764, 14.6215748 ] ] ] } },
{ "type": "Feature", "properties": { "Amenity": null, "Building": null, "Landuse": null, "Name": null, "Shop": null }, "geometry": { "type": "Polygon", "coordinates": [ [ [ 121.0182063, 14.61592 ], [ 121.0182612, 14.6150722 ], [ 121.0189035, 14.6149542 ], [ 121.0188933, 14.6155069 ], [ 121.0188324, 14.6159652 ], [ 121.0182063, 14.61592 ] ] ] } },
{ "type": "Feature", "properties": { "Amenity": null, "Building": null, "Landuse": null, "Name": null, "Shop": null }, "geometry": { "type": "Polygon", "coordinates": [ [ [ 121.0313865, 14.6242263 ], [ 121.0315011, 14.624035 ], [ 121.0319202, 14.6240708 ], [ 121.031902, 14.6242702 ], [ 121.0313865, 14.6242263 ] ] ] } },
{ "type": "Feature", "properties": { "Amenity": null, "Building": null, "Landuse": null, "Name": null, "Shop": null }, "geometry": { "type": "Polygon", "coordinates": [ [ [ 121.0125992, 14.6591794 ], [ 121.012632, 14.6577781 ], [ 121.0134326, 14.6577931 ], [ 121.0135011, 14.6577944 ], [ 121.0135037, 14.6584139 ], [ 121.013487, 14.6591937 ], [ 121.0125992, 14.6591794 ] ] ] } },
{ "type": "Feature", "properties": { "Amenity": null, "Building": null, "Landuse": null, "Name": null, "Shop": null }, "geometry": { "type": "Polygon", "coordinates": [ [ [ 121.0423134, 14.6181593 ], [ 121.0422462, 14.6177962 ], [ 121.0424439, 14.6177672 ], [ 121.0425116, 14.6181264 ], [ 121.0423134, 14.6181593 ] ] ] } },
{ "type": "Feature", "properties": { "Amenity": null, "Building": null, "Landuse": null, "Name": null, "Shop": null }, "geometry": { "type": "Polygon", "coordinates": [ [ [ 121.0596661, 14.7087512 ], [ 121.0593927, 14.708531 ], [ 121.0595644, 14.7083089 ], [ 121.0596528, 14.7083816 ], [ 121.0597112, 14.7084304 ], [ 121.0596988, 14.7084432 ], [ 121.0596776, 14.708468 ], [ 121.0596671, 14.708483 ], [ 121.0596136, 14.7085456 ], [ 121.0597357, 14.7086433 ], [ 121.059749, 14.7086559 ], [ 121.0597282, 14.708677 ], [ 121.0596661, 14.7087512 ] ] ] } },
{ "type": "Feature", "properties": { "Amenity": null, "Building": null, "Landuse": null, "Name": null, "Shop": null }, "geometry": { "type": "Polygon", "coordinates": [ [ [ 121.027407, 14.7207068 ], [ 121.0275206, 14.7205434 ], [ 121.02764, 14.7203462 ], [ 121.0279743, 14.7205168 ], [ 121.0279233, 14.7210453 ], [ 121.0280802, 14.7210635 ], [ 121.0280373, 14.7213158 ], [ 121.0276926, 14.7212477 ], [ 121.0275726, 14.7209714 ], [ 121.0275528, 14.7209283 ], [ 121.027533, 14.7209017 ], [ 121.027407, 14.7207068 ] ] ] } },
{ "type": "Feature", "properties": { "Amenity": null, "Building": null, "Landuse": null, "Name": null, "Shop": null }, "geometry": { "type": "Polygon", "coordinates": [ [ [ 121.0416341, 14.7288436 ], [ 121.0415137, 14.7287061 ], [ 121.0414628, 14.7286575 ], [ 121.0414326, 14.7285848 ], [ 121.0413796, 14.7284246 ], [ 121.0415737, 14.7283128 ], [ 121.0416361, 14.7284697 ], [ 121.0416877, 14.7285333 ], [ 121.0417514, 14.7284911 ], [ 121.0418379, 14.7286 ], [ 121.0416341, 14.7288436 ] ] ] } },
{ "type": "Feature", "properties": { "Amenity": null, "Building": null, "Landuse": null, "Name": null, "Shop": null }, "geometry": { "type": "Polygon", "coordinates": [ [ [ 121.039959, 14.6234538 ], [ 121.0398746, 14.623337 ], [ 121.0393094, 14.6230915 ], [ 121.0396466, 14.6223858 ], [ 121.0398142, 14.6224274 ], [ 121.0403869, 14.6227686 ], [ 121.039959, 14.6234538 ] ] ] } },
{ "type": "Feature", "properties": { "Amenity": null, "Building": null, "Landuse": null, "Name": null, "Shop": null }, "geometry": { "type": "Polygon", "coordinates": [ [ [ 121.0255353, 14.6751087 ], [ 121.0253456, 14.6750882 ], [ 121.0242506, 14.6750116 ], [ 121.0239007, 14.6749571 ], [ 121.0242145, 14.6745718 ], [ 121.0243003, 14.6744213 ], [ 121.0244076, 14.6743098 ], [ 121.0247777, 14.674298 ], [ 121.0251345, 14.674202 ], [ 121.025459, 14.6740425 ], [ 121.0257595, 14.6739088 ], [ 121.0259043, 14.6742942 ], [ 121.0254537, 14.6746497 ], [ 121.0255353, 14.6751087 ] ] ] } },
{ "type": "Feature", "properties": { "Amenity": null, "Building": null, "Landuse": null, "Name": null, "Shop": null }, "geometry": { "type": "Polygon", "coordinates": [ [ [ 121.0215437, 14.6713727 ], [ 121.02126, 14.6713314 ], [ 121.0212936, 14.6710734 ], [ 121.0215812, 14.6711234 ], [ 121.0215437, 14.6713727 ] ] ] } },
{ "type": "Feature", "properties": { "Amenity": null, "Building": null, "Landuse": null, "Name": null, "Shop": null }, "geometry": { "type": "Polygon", "coordinates": [ [ [ 121.0092833, 14.670236 ], [ 121.0097842, 14.6704455 ], [ 121.009461, 14.6711273 ], [ 121.0089782, 14.6709768 ], [ 121.0092833, 14.670236 ] ] ] } },
{ "type": "Feature", "properties": { "Amenity": null, "Building": null, "Landuse": null, "Name": null, "Shop": null }, "geometry": { "type": "Polygon", "coordinates": [ [ [ 121.0641818, 14.7010166 ], [ 121.0642517, 14.7015113 ], [ 121.0641038, 14.7015188 ], [ 121.0639842, 14.7015185 ], [ 121.0639872, 14.7009259 ], [ 121.0641488, 14.7008965 ], [ 121.0641818, 14.7010166 ] ] ] } },
{ "type": "Feature", "properties": { "Amenity": null, "Building": null, "Landuse": null, "Name": null, "Shop": null }, "geometry": { "type": "Polygon", "coordinates": [ [ [ 121.0842022, 14.7082979 ], [ 121.0840532, 14.7078727 ], [ 121.0842934, 14.7077936 ], [ 121.0842164, 14.7076193 ], [ 121.0844114, 14.7075469 ], [ 121.0845351, 14.7078632 ], [ 121.0844287, 14.7079072 ], [ 121.084544, 14.7081682 ], [ 121.0842022, 14.7082979 ] ] ] } },
{ "type": "Feature", "properties": { "Amenity": null, "Building": null, "Landuse": null, "Name": null, "Shop": null }, "geometry": { "type": "Polygon", "coordinates": [ [ [ 121.1015607, 14.7204195 ], [ 121.1011268, 14.7199279 ], [ 121.1010356, 14.7197515 ], [ 121.1010155, 14.7196114 ], [ 121.1014071, 14.7195803 ], [ 121.1014433, 14.7198384 ], [ 121.1018356, 14.7203923 ], [ 121.1015607, 14.7204195 ] ] ] } },
{ "type": "Feature", "properties": { "Amenity": null, "Building": null, "Landuse": null, "Name": null, "Shop": null }, "geometry": { "type": "Polygon", "coordinates": [ [ [ 121.0825182, 14.6880127 ], [ 121.0823332, 14.6875278 ], [ 121.0825812, 14.6874412 ], [ 121.0827802, 14.6879192 ], [ 121.0825182, 14.6880127 ] ] ] } },
{ "type": "Feature", "properties": { "Amenity": null, "Building": null, "Landuse": null, "Name": null, "Shop": null }, "geometry": { "type": "Polygon", "coordinates": [ [ [ 121.0851395, 14.6873822 ], [ 121.0851174, 14.6871999 ], [ 121.0853045, 14.6871837 ], [ 121.0853152, 14.6872674 ], [ 121.0853983, 14.6872615 ], [ 121.0854091, 14.6873575 ], [ 121.0851395, 14.6873822 ] ] ] } },
{ "type": "Feature", "properties": { "Amenity": null, "Building": null, "Landuse": null, "Name": null, "Shop": null }, "geometry": { "type": "Polygon", "coordinates": [ [ [ 121.0134808, 14.622509 ], [ 121.0134677, 14.6220745 ], [ 121.013755, 14.6220664 ], [ 121.0137681, 14.6225009 ], [ 121.0134808, 14.622509 ] ] ] } },
{ "type": "Feature", "properties": { "Amenity": null, "Building": null, "Landuse": null, "Name": null, "Shop": null }, "geometry": { "type": "Polygon", "coordinates": [ [ [ 120.9966837, 14.6466826 ], [ 120.996361, 14.646659 ], [ 120.996369, 14.6465563 ], [ 120.9966917, 14.6465798 ], [ 120.9966837, 14.6466826 ] ] ] } },
{ "type": "Feature", "properties": { "Amenity": null, "Building": null, "Landuse": null, "Name": null, "Shop": null }, "geometry": { "type": "Polygon", "coordinates": [ [ [ 121.0040959, 14.6472276 ], [ 121.0048022, 14.6476646 ], [ 121.0045408, 14.6482332 ], [ 121.0043966, 14.6481333 ], [ 121.0043228, 14.6482396 ], [ 121.0037247, 14.6478459 ], [ 121.0040959, 14.6472276 ] ] ] } },
{ "type": "Feature", "properties": { "Amenity": null, "Building": null, "Landuse": null, "Name": null, "Shop": null }, "geometry": { "type": "Polygon", "coordinates": [ [ [ 121.0010331, 14.6520832 ], [ 121.001586, 14.6520258 ], [ 121.0015639, 14.6525286 ], [ 121.0011042, 14.6525162 ], [ 121.0010331, 14.6520832 ] ] ] } },
{ "type": "Feature", "properties": { "Amenity": null, "Building": null, "Landuse": null, "Name": null, "Shop": null }, "geometry": { "type": "Polygon", "coordinates": [ [ [ 121.0015766, 14.6507906 ], [ 121.0017003, 14.6505486 ], [ 121.0017224, 14.6505547 ], [ 121.0016412, 14.6508084 ], [ 121.0015766, 14.6507906 ] ] ] } },
{ "type": "Feature", "properties": { "Amenity": null, "Building": null, "Landuse": null, "Name": null, "Shop": null }, "geometry": { "type": "Polygon", "coordinates": [ [ [ 120.9966159, 14.6521666 ], [ 120.9965622, 14.6520401 ], [ 120.9966836, 14.6519888 ], [ 120.9967822, 14.6521082 ], [ 120.9966159, 14.6521666 ] ] ] } },
{ "type": "Feature", "properties": { "Amenity": null, "Building": null, "Landuse": null, "Name": null, "Shop": null }, "geometry": { "type": "Polygon", "coordinates": [ [ [ 121.0868953, 14.6936081 ], [ 121.0867895, 14.693736 ], [ 121.0867309, 14.6938292 ], [ 121.0864167, 14.6938463 ], [ 121.0862584, 14.6938917 ], [ 121.0861753, 14.6939501 ], [ 121.0861818, 14.6936283 ], [ 121.0868953, 14.6936081 ] ] ] } },
{ "type": "Feature", "properties": { "Amenity": null, "Building": null, "Landuse": null, "Name": null, "Shop": null }, "geometry": { "type": "Polygon", "coordinates": [ [ [ 121.0229755, 14.6861869 ], [ 121.0233749, 14.6861504 ], [ 121.0233984, 14.6863774 ], [ 121.0232811, 14.6865104 ], [ 121.0231399, 14.6865237 ], [ 121.0230497, 14.6864416 ], [ 121.0230383, 14.6863353 ], [ 121.0229729, 14.6863398 ], [ 121.0229307, 14.6863044 ], [ 121.0229304, 14.6862419 ], [ 121.0229755, 14.6861869 ] ] ] } },
{ "type": "Feature", "properties": { "Amenity": null, "Building": null, "Landuse": null, "Name": null, "Shop": null }, "geometry": { "type": "Polygon", "coordinates": [ [ [ 121.0230355, 14.684434 ], [ 121.0236686, 14.6837357 ], [ 121.0237589, 14.6836134 ], [ 121.0237876, 14.6835537 ], [ 121.0238197, 14.6834279 ], [ 121.0238363, 14.6833119 ], [ 121.0239932, 14.6833275 ], [ 121.0241514, 14.6834533 ], [ 121.0240666, 14.683777 ], [ 121.0239974, 14.6838533 ], [ 121.0232815, 14.6846428 ], [ 121.0230355, 14.684434 ] ] ] } },
{ "type": "Feature", "properties": { "Amenity": null, "Building": null, "Landuse": null, "Name": null, "Shop": null }, "geometry": { "type": "Polygon", "coordinates": [ [ [ 121.0134728, 14.6270231 ], [ 121.0131531, 14.6273558 ], [ 121.0130121, 14.6272289 ], [ 121.0133318, 14.6268963 ], [ 121.0134728, 14.6270231 ] ] ] } },
{ "type": "Feature", "properties": { "Amenity": null, "Building": null, "Landuse": null, "Name": null, "Shop": null }, "geometry": { "type": "Polygon", "coordinates": [ [ [ 121.0270181, 14.6923325 ], [ 121.027476, 14.6924542 ], [ 121.0274328, 14.6925933 ], [ 121.0269852, 14.6924675 ], [ 121.0270181, 14.6923325 ] ] ] } },
{ "type": "Feature", "properties": { "Amenity": null, "Building": null, "Landuse": null, "Name": null, "Shop": null }, "geometry": { "type": "Polygon", "coordinates": [ [ [ 121.0517283, 14.648262 ], [ 121.0523292, 14.6473451 ], [ 121.052558, 14.6475146 ], [ 121.0522837, 14.6479844 ], [ 121.0519539, 14.6484206 ], [ 121.0517283, 14.648262 ] ] ] } },
{ "type": "Feature", "properties": { "Amenity": null, "Building": null, "Landuse": null, "Name": null, "Shop": null }, "geometry": { "type": "Polygon", "coordinates": [ [ [ 121.0712363, 14.6842589 ], [ 121.071237, 14.684063 ], [ 121.0714938, 14.6840639 ], [ 121.0714931, 14.6842598 ], [ 121.0712363, 14.6842589 ] ] ] } },
{ "type": "Feature", "properties": { "Amenity": null, "Building": null, "Landuse": null, "Name": null, "Shop": null }, "geometry": { "type": "Polygon", "coordinates": [ [ [ 121.0597874, 14.6577523 ], [ 121.0600001, 14.6574704 ], [ 121.0602208, 14.6576262 ], [ 121.0600082, 14.6579081 ], [ 121.0597874, 14.6577523 ] ] ] } },
{ "type": "Feature", "properties": { "Amenity": null, "Building": null, "Landuse": null, "Name": null, "Shop": null }, "geometry": { "type": "Polygon", "coordinates": [ [ [ 121.0388942, 14.7209798 ], [ 121.0394883, 14.7210129 ], [ 121.0394611, 14.7212341 ], [ 121.0388616, 14.7211355 ], [ 121.0388942, 14.7209798 ] ] ] } },
{ "type": "Feature", "properties": { "Amenity": null, "Building": null, "Landuse": null, "Name": null, "Shop": null }, "geometry": { "type": "Polygon", "coordinates": [ [ [ 121.0565049, 14.7298876 ], [ 121.0568062, 14.7296055 ], [ 121.0570277, 14.7298268 ], [ 121.0567264, 14.7301089 ], [ 121.0565049, 14.7298876 ] ] ] } },
{ "type": "Feature", "properties": { "Amenity": null, "Building": null, "Landuse": null, "Name": null, "Shop": null }, "geometry": { "type": "Polygon", "coordinates": [ [ [ 121.0960674, 14.6907149 ], [ 121.0959106, 14.6905643 ], [ 121.0960566, 14.6904221 ], [ 121.0962134, 14.6905727 ], [ 121.0960674, 14.6907149 ] ] ] } },
{ "type": "Feature", "properties": { "Amenity": null, "Building": null, "Landuse": null, "Name": null, "Shop": null }, "geometry": { "type": "Polygon", "coordinates": [ [ [ 121.0802671, 14.5934608 ], [ 121.0800472, 14.5931213 ], [ 121.0800498, 14.5930599 ], [ 121.0800601, 14.5928153 ], [ 121.0800767, 14.5924202 ], [ 121.0802687, 14.5924278 ], [ 121.0805958, 14.5924407 ], [ 121.081383, 14.5924676 ], [ 121.0814647, 14.5924705 ], [ 121.0816337, 14.5925341 ], [ 121.0816068, 14.5931454 ], [ 121.0815022, 14.5933933 ], [ 121.0813489, 14.5934016 ], [ 121.0809884, 14.5934213 ], [ 121.0802671, 14.5934608 ] ] ] } },
{ "type": "Feature", "properties": { "Amenity": null, "Building": null, "Landuse": null, "Name": null, "Shop": null }, "geometry": { "type": "Polygon", "coordinates": [ [ [ 121.0623115, 14.6216331 ], [ 121.0623763, 14.6214951 ], [ 121.0626477, 14.6216097 ], [ 121.0625787, 14.6217556 ], [ 121.0623115, 14.6216331 ] ] ] } },
{ "type": "Feature", "properties": { "Amenity": null, "Building": null, "Landuse": null, "Name": null, "Shop": null }, "geometry": { "type": "Polygon", "coordinates": [ [ [ 121.0515245, 14.6475466 ], [ 121.0514737, 14.6475144 ], [ 121.0515032, 14.6474707 ], [ 121.051431, 14.647425 ], [ 121.0516676, 14.647075 ], [ 121.0517739, 14.6471423 ], [ 121.0516652, 14.647303 ], [ 121.0516781, 14.6473192 ], [ 121.0515245, 14.6475466 ] ] ] } },
{ "type": "Feature", "properties": { "Amenity": null, "Building": null, "Landuse": null, "Name": null, "Shop": null }, "geometry": { "type": "Polygon", "coordinates": [ [ [ 121.0511186, 14.6480503 ], [ 121.0511468, 14.6479977 ], [ 121.0511014, 14.6479749 ], [ 121.0511577, 14.6478698 ], [ 121.0510495, 14.6478155 ], [ 121.0510694, 14.6477803 ], [ 121.0510197, 14.6477585 ], [ 121.0510488, 14.6477041 ], [ 121.0510192, 14.6476893 ], [ 121.0510719, 14.6475907 ], [ 121.0512189, 14.6476644 ], [ 121.0511531, 14.6477874 ], [ 121.0512972, 14.6478596 ], [ 121.051179, 14.6480805 ], [ 121.0511186, 14.6480503 ] ] ] } },
{ "type": "Feature", "properties": { "Amenity": null, "Building": null, "Landuse": null, "Name": null, "Shop": null }, "geometry": { "type": "Polygon", "coordinates": [ [ [ 121.0736397, 14.6522928 ], [ 121.0739487, 14.6522964 ], [ 121.0739465, 14.6524751 ], [ 121.0736375, 14.6524715 ], [ 121.0736397, 14.6522928 ] ] ] } },
{ "type": "Feature", "properties": { "Amenity": null, "Building": null, "Landuse": null, "Name": null, "Shop": null }, "geometry": { "type": "Polygon", "coordinates": [ [ [ 121.0484437, 14.6257384 ], [ 121.0485319, 14.6255405 ], [ 121.0485466, 14.6255074 ], [ 121.0486164, 14.6253507 ], [ 121.0489628, 14.625497 ], [ 121.0487899, 14.6258845 ], [ 121.0484437, 14.6257384 ] ] ] } },
{ "type": "Feature", "properties": { "Amenity": null, "Building": null, "Landuse": null, "Name": null, "Shop": null }, "geometry": { "type": "Polygon", "coordinates": [ [ [ 121.0483483, 14.6235459 ], [ 121.0484469, 14.6234843 ], [ 121.0485423, 14.6236084 ], [ 121.0488624, 14.6237182 ], [ 121.0488041, 14.623831 ], [ 121.0484649, 14.6236802 ], [ 121.0483483, 14.6235459 ] ] ] } },
{ "type": "Feature", "properties": { "Amenity": null, "Building": null, "Landuse": null, "Name": null, "Shop": null }, "geometry": { "type": "Polygon", "coordinates": [ [ [ 121.0799747, 14.672415 ], [ 121.0799877, 14.6720537 ], [ 121.0800025, 14.6716135 ], [ 121.0804595, 14.6716221 ], [ 121.0804535, 14.6720673 ], [ 121.0805914, 14.6720692 ], [ 121.0805851, 14.6724994 ], [ 121.0800499, 14.672492 ], [ 121.0799747, 14.672415 ] ] ] } },
{ "type": "Feature", "properties": { "Amenity": null, "Building": null, "Landuse": null, "Name": null, "Shop": null }, "geometry": { "type": "Polygon", "coordinates": [ [ [ 121.0438187, 14.6810087 ], [ 121.0438192, 14.6809887 ], [ 121.0438376, 14.6809896 ], [ 121.0438376, 14.6810083 ], [ 121.0438187, 14.6810087 ] ] ] } },
{ "type": "Feature", "properties": { "Amenity": null, "Building": null, "Landuse": null, "Name": null, "Shop": null }, "geometry": { "type": "Polygon", "coordinates": [ [ [ 121.0490477, 14.652958 ], [ 121.0490759, 14.6526479 ], [ 121.0487567, 14.6525753 ], [ 121.0488345, 14.6521705 ], [ 121.0491242, 14.6521367 ], [ 121.0492837, 14.6520199 ], [ 121.0495158, 14.651776 ], [ 121.0501018, 14.6521821 ], [ 121.0499342, 14.6523806 ], [ 121.0498832, 14.6524364 ], [ 121.0497048, 14.6526064 ], [ 121.0495909, 14.6527037 ], [ 121.0494125, 14.6528218 ], [ 121.0492569, 14.6529009 ], [ 121.0490477, 14.652958 ] ] ] } },
{ "type": "Feature", "properties": { "Amenity": null, "Building": null, "Landuse": null, "Name": null, "Shop": null }, "geometry": { "type": "Polygon", "coordinates": [ [ [ 121.0437241, 14.7151705 ], [ 121.0437219, 14.7150398 ], [ 121.0445439, 14.7150169 ], [ 121.0445453, 14.7151683 ], [ 121.0437241, 14.7151705 ] ] ] } },
{ "type": "Feature", "properties": { "Amenity": null, "Building": null, "Landuse": null, "Name": null, "Shop": null }, "geometry": { "type": "Polygon", "coordinates": [ [ [ 121.0445137, 14.7149941 ], [ 121.0437262, 14.7150066 ], [ 121.0437348, 14.7149153 ], [ 121.0445202, 14.7148966 ], [ 121.0445137, 14.7149941 ] ] ] } },
{ "type": "Feature", "properties": { "Amenity": null, "Building": null, "Landuse": null, "Name": null, "Shop": null }, "geometry": { "type": "Polygon", "coordinates": [ [ [ 121.0445738, 14.7151699 ], [ 121.0445716, 14.7150392 ], [ 121.044945, 14.7150433 ], [ 121.044945, 14.7151575 ], [ 121.0445738, 14.7151699 ] ] ] } },
{ "type": "Feature", "properties": { "Amenity": null, "Building": null, "Landuse": null, "Name": null, "Shop": null }, "geometry": { "type": "Polygon", "coordinates": [ [ [ 121.0184705, 14.6808775 ], [ 121.0189895, 14.6803573 ], [ 121.0193952, 14.6808334 ], [ 121.0191233, 14.6812073 ], [ 121.0189459, 14.6810384 ], [ 121.018903, 14.6808976 ], [ 121.0184705, 14.6808775 ] ] ] } },
{ "type": "Feature", "properties": { "Amenity": null, "Building": null, "Landuse": null, "Name": null, "Shop": null }, "geometry": { "type": "Polygon", "coordinates": [ [ [ 121.057877, 14.6741061 ], [ 121.0595435, 14.6738498 ], [ 121.0595649, 14.6741693 ], [ 121.0596934, 14.6743396 ], [ 121.0592616, 14.6746639 ], [ 121.0590605, 14.6744826 ], [ 121.0588029, 14.6747716 ], [ 121.0582726, 14.6748554 ], [ 121.0580072, 14.6748288 ], [ 121.0579138, 14.6748009 ], [ 121.0578868, 14.6746157 ], [ 121.0576251, 14.6746803 ], [ 121.0576415, 14.6745043 ], [ 121.0578957, 14.6744939 ], [ 121.057877, 14.6741061 ] ] ] } },
{ "type": "Feature", "properties": { "Amenity": null, "Building": null, "Landuse": null, "Name": null, "Shop": null }, "geometry": { "type": "Polygon", "coordinates": [ [ [ 121.066356, 14.7329054 ], [ 121.0662979, 14.7328644 ], [ 121.0663349, 14.7328154 ], [ 121.066393, 14.7328564 ], [ 121.066356, 14.7329054 ] ] ] } },
{ "type": "Feature", "properties": { "Amenity": null, "Building": null, "Landuse": null, "Name": null, "Shop": null }, "geometry": { "type": "Polygon", "coordinates": [ [ [ 121.0609529, 14.7344325 ], [ 121.0608904, 14.7344324 ], [ 121.0608911, 14.7340326 ], [ 121.0609536, 14.7340327 ], [ 121.0609529, 14.7344325 ] ] ] } },
{ "type": "Feature", "properties": { "Amenity": null, "Building": null, "Landuse": null, "Name": null, "Shop": null }, "geometry": { "type": "Polygon", "coordinates": [ [ [ 121.0562606, 14.6492379 ], [ 121.0567913, 14.6493204 ], [ 121.0567866, 14.6493488 ], [ 121.0562558, 14.6492664 ], [ 121.0562606, 14.6492379 ] ] ] } },
{ "type": "Feature", "properties": { "Amenity": null, "Building": null, "Landuse": null, "Name": null, "Shop": null }, "geometry": { "type": "Polygon", "coordinates": [ [ [ 121.0628137, 14.6444356 ], [ 121.0628317, 14.6441703 ], [ 121.0641224, 14.6443255 ], [ 121.064105, 14.6444986 ], [ 121.0628137, 14.6444356 ] ] ] } },
{ "type": "Feature", "properties": { "Amenity": null, "Building": null, "Landuse": null, "Name": null, "Shop": null }, "geometry": { "type": "Polygon", "coordinates": [ [ [ 121.0206341, 14.6497932 ], [ 121.0206874, 14.6500659 ], [ 121.0201831, 14.650149 ], [ 121.0201268, 14.6498583 ], [ 121.0206341, 14.6497932 ] ] ] } },
{ "type": "Feature", "properties": { "Amenity": null, "Building": null, "Landuse": null, "Name": null, "Shop": null }, "geometry": { "type": "Polygon", "coordinates": [ [ [ 121.0662946, 14.6993233 ], [ 121.0663139, 14.6991225 ], [ 121.0665904, 14.6985827 ], [ 121.0666927, 14.6983897 ], [ 121.0668739, 14.6982242 ], [ 121.0670319, 14.6981438 ], [ 121.0671626, 14.6981056 ], [ 121.0672406, 14.6981007 ], [ 121.0675049, 14.6981047 ], [ 121.0674917, 14.6994085 ], [ 121.0672109, 14.6994266 ], [ 121.0668721, 14.6994436 ], [ 121.0664202, 14.6994663 ], [ 121.066406, 14.6994174 ], [ 121.0663777, 14.6993811 ], [ 121.0663448, 14.6993551 ], [ 121.0662946, 14.6993233 ] ] ] } },
{ "type": "Feature", "properties": { "Amenity": null, "Building": null, "Landuse": null, "Name": null, "Shop": null }, "geometry": { "type": "Polygon", "coordinates": [ [ [ 121.083311, 14.6772461 ], [ 121.0831918, 14.6770516 ], [ 121.0835326, 14.6770318 ], [ 121.0835723, 14.6771145 ], [ 121.083311, 14.6772461 ] ] ] } },
{ "type": "Feature", "properties": { "Amenity": null, "Building": null, "Landuse": null, "Name": null, "Shop": null }, "geometry": { "type": "Polygon", "coordinates": [ [ [ 121.0292803, 14.6590927 ], [ 121.0296304, 14.6590128 ], [ 121.0296943, 14.6592746 ], [ 121.0293442, 14.6593545 ], [ 121.0293106, 14.6592169 ], [ 121.0292803, 14.6590927 ] ] ] } },
{ "type": "Feature", "properties": { "Amenity": null, "Building": null, "Landuse": null, "Name": null, "Shop": null }, "geometry": { "type": "Polygon", "coordinates": [ [ [ 121.0520747, 14.6543215 ], [ 121.0519463, 14.6543523 ], [ 121.0518455, 14.654271 ], [ 121.0518947, 14.6542083 ], [ 121.0518599, 14.6541909 ], [ 121.0519385, 14.6541399 ], [ 121.0519547, 14.6541161 ], [ 121.0519451, 14.6540923 ], [ 121.0520177, 14.6540714 ], [ 121.0520645, 14.6540998 ], [ 121.0520813, 14.6540789 ], [ 121.0521875, 14.6541515 ], [ 121.0520747, 14.6543215 ] ] ] } },
{ "type": "Feature", "properties": { "Amenity": null, "Building": null, "Landuse": null, "Name": null, "Shop": null }, "geometry": { "type": "Polygon", "coordinates": [ [ [ 121.0750887, 14.6452751 ], [ 121.0750864, 14.6451906 ], [ 121.0752377, 14.6449272 ], [ 121.0755895, 14.6449185 ], [ 121.0755648, 14.6452686 ], [ 121.0750887, 14.6452751 ] ] ] } },
{ "type": "Feature", "properties": { "Amenity": null, "Building": null, "Landuse": null, "Name": null, "Shop": null }, "geometry": { "type": "Polygon", "coordinates": [ [ [ 121.0023144, 14.6459676 ], [ 121.0024171, 14.6455071 ], [ 121.0029869, 14.6456372 ], [ 121.0030099, 14.64568 ], [ 121.0029303, 14.6459334 ], [ 121.0023144, 14.6459676 ] ] ] } },
{ "type": "Feature", "properties": { "Amenity": null, "Building": null, "Landuse": null, "Name": null, "Shop": null }, "geometry": { "type": "Polygon", "coordinates": [ [ [ 121.0398383, 14.7194588 ], [ 121.0397879, 14.7194513 ], [ 121.0397972, 14.7193807 ], [ 121.0398468, 14.7193882 ], [ 121.0398383, 14.7194588 ] ] ] } },
{ "type": "Feature", "properties": { "Amenity": null, "Building": null, "Landuse": null, "Name": null, "Shop": null }, "geometry": { "type": "Polygon", "coordinates": [ [ [ 121.0016799, 14.6174507 ], [ 121.0017275, 14.6166351 ], [ 121.0019863, 14.6168597 ], [ 121.0019511, 14.6174688 ], [ 121.0016799, 14.6174507 ] ] ] } },
{ "type": "Feature", "properties": { "Amenity": null, "Building": null, "Landuse": null, "Name": null, "Shop": null }, "geometry": { "type": "Polygon", "coordinates": [ [ [ 121.0347126, 14.6433503 ], [ 121.0349651, 14.6429639 ], [ 121.0352571, 14.6431569 ], [ 121.0350164, 14.6435313 ], [ 121.0347126, 14.6433503 ] ] ] } },
{ "type": "Feature", "properties": { "Amenity": null, "Building": null, "Landuse": null, "Name": null, "Shop": null }, "geometry": { "type": "Polygon", "coordinates": [ [ [ 121.0353347, 14.6431737 ], [ 121.0356755, 14.6433847 ], [ 121.0353915, 14.6438141 ], [ 121.0350514, 14.6436018 ], [ 121.0353347, 14.6431737 ] ] ] } },
{ "type": "Feature", "properties": { "Amenity": null, "Building": null, "Landuse": null, "Name": null, "Shop": null }, "geometry": { "type": "Polygon", "coordinates": [ [ [ 121.0693426, 14.6598735 ], [ 121.068713, 14.6598748 ], [ 121.0687133, 14.6598426 ], [ 121.0686881, 14.6598432 ], [ 121.0686895, 14.659753 ], [ 121.0687109, 14.6597525 ], [ 121.0687126, 14.6597094 ], [ 121.0689618, 14.6597089 ], [ 121.0689615, 14.6595635 ], [ 121.0692776, 14.6595628 ], [ 121.0692777, 14.6595933 ], [ 121.0695997, 14.6595967 ], [ 121.0696033, 14.6595493 ], [ 121.070134, 14.6595558 ], [ 121.0701321, 14.6595824 ], [ 121.0703225, 14.6595825 ], [ 121.0703175, 14.659725 ], [ 121.0701624, 14.6597236 ], [ 121.0701367, 14.6596903 ], [ 121.0700926, 14.6596919 ], [ 121.0700981, 14.6598485 ], [ 121.069609, 14.659839 ], [ 121.0696039, 14.6596773 ], [ 121.0693422, 14.6596783 ], [ 121.0693426, 14.6598735 ] ] ] } },
{ "type": "Feature", "properties": { "Amenity": null, "Building": null, "Landuse": null, "Name": null, "Shop": null }, "geometry": { "type": "Polygon", "coordinates": [ [ [ 121.0483208, 14.6281506 ], [ 121.0484194, 14.627933 ], [ 121.0485298, 14.6279798 ], [ 121.0484312, 14.6281974 ], [ 121.0483208, 14.6281506 ] ] ] } },
{ "type": "Feature", "properties": { "Amenity": null, "Building": null, "Landuse": null, "Name": null, "Shop": null }, "geometry": { "type": "Polygon", "coordinates": [ [ [ 121.0412334, 14.7174018 ], [ 121.0412807, 14.7171495 ], [ 121.0415293, 14.7171883 ], [ 121.0414909, 14.7174427 ], [ 121.0412334, 14.7174018 ] ] ] } },
{ "type": "Feature", "properties": { "Amenity": null, "Building": null, "Landuse": null, "Name": null, "Shop": null }, "geometry": { "type": "Polygon", "coordinates": [ [ [ 121.0416401, 14.7170879 ], [ 121.0418879, 14.7170937 ], [ 121.0418834, 14.7172738 ], [ 121.0416024, 14.7172647 ], [ 121.0416401, 14.7170879 ] ] ] } },
{ "type": "Feature", "properties": { "Amenity": null, "Building": null, "Landuse": null, "Name": null, "Shop": null }, "geometry": { "type": "Polygon", "coordinates": [ [ [ 121.0254808, 14.6996583 ], [ 121.0257383, 14.6998357 ], [ 121.0256065, 14.7000144 ], [ 121.0253521, 14.6998335 ], [ 121.0254808, 14.6996583 ] ] ] } },
{ "type": "Feature", "properties": { "Amenity": null, "Building": null, "Landuse": null, "Name": null, "Shop": null }, "geometry": { "type": "Polygon", "coordinates": [ [ [ 121.0046905, 14.6510639 ], [ 121.0045753, 14.6509768 ], [ 121.0046518, 14.6509028 ], [ 121.004798, 14.6509171 ], [ 121.0046905, 14.6510639 ] ] ] } },
{ "type": "Feature", "properties": { "Amenity": null, "Building": null, "Landuse": null, "Name": null, "Shop": null }, "geometry": { "type": "Polygon", "coordinates": [ [ [ 121.0485283, 14.6666608 ], [ 121.0489694, 14.6666312 ], [ 121.0490043, 14.6666263 ], [ 121.0490136, 14.6668483 ], [ 121.0485961, 14.6669169 ], [ 121.0485283, 14.6666608 ] ] ] } },
{ "type": "Feature", "properties": { "Amenity": null, "Building": null, "Landuse": null, "Name": null, "Shop": null }, "geometry": { "type": "Polygon", "coordinates": [ [ [ 121.0575566, 14.6198718 ], [ 121.0576475, 14.6199625 ], [ 121.0576039, 14.6200074 ], [ 121.0575456, 14.6200738 ], [ 121.057486, 14.6201424 ], [ 121.0574386, 14.6202077 ], [ 121.057388, 14.6202773 ], [ 121.0572726, 14.620207 ], [ 121.0573835, 14.6200617 ], [ 121.0575109, 14.6199126 ], [ 121.0575566, 14.6198718 ] ] ] } },
{ "type": "Feature", "properties": { "Amenity": null, "Building": null, "Landuse": null, "Name": null, "Shop": null }, "geometry": { "type": "Polygon", "coordinates": [ [ [ 121.0633753, 14.6266154 ], [ 121.0634119, 14.626522 ], [ 121.0635054, 14.6265318 ], [ 121.0634485, 14.6266272 ], [ 121.0633753, 14.6266154 ] ] ] } },
{ "type": "Feature", "properties": { "Amenity": null, "Building": null, "Landuse": null, "Name": null, "Shop": null }, "geometry": { "type": "Polygon", "coordinates": [ [ [ 121.0697505, 14.6566194 ], [ 121.0697041, 14.6567955 ], [ 121.0695559, 14.6567945 ], [ 121.0695233, 14.6566179 ], [ 121.0694967, 14.6566176 ], [ 121.0688916, 14.6566137 ], [ 121.068891, 14.6566966 ], [ 121.0687262, 14.6566955 ], [ 121.0687272, 14.6565498 ], [ 121.0687007, 14.6565497 ], [ 121.0687011, 14.6564941 ], [ 121.0686322, 14.6564937 ], [ 121.0686328, 14.6564113 ], [ 121.0688394, 14.6564126 ], [ 121.0695266, 14.6564172 ], [ 121.0695276, 14.6562756 ], [ 121.0696045, 14.6562761 ], [ 121.0696055, 14.6561432 ], [ 121.0697496, 14.6561441 ], [ 121.0697484, 14.6563128 ], [ 121.0699015, 14.6563138 ], [ 121.0699009, 14.6563986 ], [ 121.0699008, 14.6564127 ], [ 121.0703193, 14.6564155 ], [ 121.0703182, 14.6565691 ], [ 121.0697509, 14.6565653 ], [ 121.0697505, 14.6566194 ] ] ] } },
{ "type": "Feature", "properties": { "Amenity": null, "Building": null, "Landuse": null, "Name": null, "Shop": null }, "geometry": { "type": "Polygon", "coordinates": [ [ [ 121.0017294, 14.6551702 ], [ 121.001776, 14.6550157 ], [ 121.0028568, 14.655321 ], [ 121.0028103, 14.6554753 ], [ 121.0017294, 14.6551702 ] ] ] } },
{ "type": "Feature", "properties": { "Amenity": null, "Building": null, "Landuse": null, "Name": null, "Shop": null }, "geometry": { "type": "Polygon", "coordinates": [ [ [ 121.0793204, 14.6041597 ], [ 121.0812802, 14.6042756 ], [ 121.081211, 14.6046773 ], [ 121.0801171, 14.6046291 ], [ 121.0800943, 14.6054329 ], [ 121.0792677, 14.6054558 ], [ 121.0793204, 14.6041597 ] ] ] } },
{ "type": "Feature", "properties": { "Amenity": null, "Building": null, "Landuse": null, "Name": null, "Shop": null }, "geometry": { "type": "Polygon", "coordinates": [ [ [ 121.045507, 14.6832012 ], [ 121.0456163, 14.6830782 ], [ 121.0457101, 14.6831561 ], [ 121.0456008, 14.6832791 ], [ 121.045507, 14.6832012 ] ] ] } },
{ "type": "Feature", "properties": { "Amenity": null, "Building": null, "Landuse": null, "Name": null, "Shop": null }, "geometry": { "type": "Polygon", "coordinates": [ [ [ 121.0661111, 14.735547 ], [ 121.0661189, 14.7353653 ], [ 121.0672635, 14.7353802 ], [ 121.0672619, 14.7355649 ], [ 121.0661111, 14.735547 ] ] ] } },
{ "type": "Feature", "properties": { "Amenity": null, "Building": null, "Landuse": null, "Name": null, "Shop": null }, "geometry": { "type": "Polygon", "coordinates": [ [ [ 121.0834901, 14.7499103 ], [ 121.0835825, 14.7498343 ], [ 121.0842601, 14.7507978 ], [ 121.0841747, 14.7508617 ], [ 121.0834901, 14.7499103 ] ] ] } },
{ "type": "Feature", "properties": { "Amenity": null, "Building": null, "Landuse": null, "Name": null, "Shop": null }, "geometry": { "type": "Polygon", "coordinates": [ [ [ 121.0517769, 14.7078958 ], [ 121.0517474, 14.7077829 ], [ 121.0519036, 14.7074723 ], [ 121.0521939, 14.7075955 ], [ 121.0522094, 14.7077927 ], [ 121.0517769, 14.7078958 ] ] ] } },
{ "type": "Feature", "properties": { "Amenity": null, "Building": null, "Landuse": null, "Name": null, "Shop": null }, "geometry": { "type": "Polygon", "coordinates": [ [ [ 121.036037, 14.6316659 ], [ 121.0359907, 14.6314524 ], [ 121.0366921, 14.631285 ], [ 121.0367434, 14.631503 ], [ 121.036037, 14.6316659 ] ] ] } },
{ "type": "Feature", "properties": { "Amenity": null, "Building": null, "Landuse": null, "Name": null, "Shop": null }, "geometry": { "type": "Polygon", "coordinates": [ [ [ 121.0448128, 14.6759902 ], [ 121.0447924, 14.6759745 ], [ 121.0448001, 14.6759619 ], [ 121.044824, 14.6759791 ], [ 121.0448128, 14.6759902 ] ] ] } },
{ "type": "Feature", "properties": { "Amenity": null, "Building": null, "Landuse": null, "Name": null, "Shop": null }, "geometry": { "type": "Polygon", "coordinates": [ [ [ 121.0653172, 14.6602917 ], [ 121.0653171, 14.6600022 ], [ 121.0652872, 14.6600023 ], [ 121.065285, 14.6591822 ], [ 121.0653082, 14.6591822 ], [ 121.0653108, 14.6588994 ], [ 121.0656154, 14.6586619 ], [ 121.0663683, 14.6586624 ], [ 121.0666855, 14.6589152 ], [ 121.0666797, 14.6602906 ], [ 121.0663724, 14.6605328 ], [ 121.0656171, 14.6605343 ], [ 121.0653172, 14.6602917 ] ] ] } },
{ "type": "Feature", "properties": { "Amenity": null, "Building": null, "Landuse": null, "Name": null, "Shop": null }, "geometry": { "type": "Polygon", "coordinates": [ [ [ 121.0307772, 14.6667966 ], [ 121.0311071, 14.6668913 ], [ 121.0310595, 14.6670963 ], [ 121.0307577, 14.6670061 ], [ 121.0307772, 14.6667966 ] ] ] } },
{ "type": "Feature", "properties": { "Amenity": null, "Building": null, "Landuse": null, "Name": null, "Shop": null }, "geometry": { "type": "Polygon", "coordinates": [ [ [ 121.041724, 14.6365995 ], [ 121.0417355, 14.6365822 ], [ 121.0417596, 14.6365973 ], [ 121.0417481, 14.6366145 ], [ 121.041724, 14.6365995 ] ] ] } },
{ "type": "Feature", "properties": { "Amenity": null, "Building": null, "Landuse": null, "Name": null, "Shop": null }, "geometry": { "type": "Polygon", "coordinates": [ [ [ 121.0630515, 14.6589004 ], [ 121.0627779, 14.6589108 ], [ 121.0627779, 14.6589601 ], [ 121.0623541, 14.6589549 ], [ 121.0623416, 14.6594814 ], [ 121.0620477, 14.6592544 ], [ 121.0612981, 14.6587696 ], [ 121.0613457, 14.6586844 ], [ 121.0619209, 14.6587609 ], [ 121.0619976, 14.6583985 ], [ 121.0625151, 14.6581816 ], [ 121.0631427, 14.6587577 ], [ 121.0630918, 14.6588641 ], [ 121.0630515, 14.6589004 ] ] ] } },
{ "type": "Feature", "properties": { "Amenity": null, "Building": null, "Landuse": null, "Name": null, "Shop": null }, "geometry": { "type": "Polygon", "coordinates": [ [ [ 121.0488004, 14.6916239 ], [ 121.0485737, 14.6918318 ], [ 121.0480015, 14.6913037 ], [ 121.0479935, 14.6910473 ], [ 121.0482764, 14.6910418 ], [ 121.0482812, 14.6911719 ], [ 121.0488004, 14.6916239 ] ] ] } },
{ "type": "Feature", "properties": { "Amenity": null, "Building": null, "Landuse": null, "Name": null, "Shop": null }, "geometry": { "type": "Polygon", "coordinates": [ [ [ 121.0655503, 14.6564018 ], [ 121.0648908, 14.6564125 ], [ 121.0648678, 14.6564018 ], [ 121.064854, 14.6563875 ], [ 121.064843, 14.656368 ], [ 121.0648411, 14.6561962 ], [ 121.0648531, 14.6561802 ], [ 121.0648669, 14.6561651 ], [ 121.0648807, 14.6561526 ], [ 121.0648917, 14.6561455 ], [ 121.0655982, 14.6561464 ], [ 121.0656, 14.6563511 ], [ 121.0655945, 14.6563653 ], [ 121.0655834, 14.6563831 ], [ 121.0655696, 14.6563964 ], [ 121.0655503, 14.6564018 ] ] ] } },
{ "type": "Feature", "properties": { "Amenity": null, "Building": null, "Landuse": null, "Name": null, "Shop": null }, "geometry": { "type": "Polygon", "coordinates": [ [ [ 121.0540112, 14.6552389 ], [ 121.0542964, 14.6553776 ], [ 121.0561648, 14.6565554 ], [ 121.0562389, 14.6566143 ], [ 121.0569777, 14.6571269 ], [ 121.0570114, 14.6571419 ], [ 121.0601258, 14.6591285 ], [ 121.0609134, 14.6595572 ], [ 121.0609416, 14.6596929 ], [ 121.0607608, 14.6599874 ], [ 121.0606929, 14.6601948 ], [ 121.0607665, 14.6612527 ], [ 121.0624425, 14.6612139 ], [ 121.0624417, 14.6616918 ], [ 121.0613829, 14.6617295 ], [ 121.0600101, 14.6617901 ], [ 121.0600323, 14.6600427 ], [ 121.0597658, 14.6598489 ], [ 121.0596706, 14.6597892 ], [ 121.0595566, 14.6597775 ], [ 121.0588838, 14.6597868 ], [ 121.0585266, 14.6597671 ], [ 121.0581829, 14.6596554 ], [ 121.0580599, 14.6596218 ], [ 121.0579021, 14.6596013 ], [ 121.0575374, 14.6596117 ], [ 121.0570219, 14.6596192 ], [ 121.0554716, 14.6596633 ], [ 121.0554312, 14.658295 ], [ 121.0527118, 14.6582095 ], [ 121.0527238, 14.6579965 ], [ 121.0527433, 14.657729 ], [ 121.0526938, 14.657511 ], [ 121.0523716, 14.6570662 ], [ 121.052326, 14.6569461 ], [ 121.0523574, 14.6568662 ], [ 121.0534424, 14.6560873 ], [ 121.053304, 14.6555388 ], [ 121.0534456, 14.6553358 ], [ 121.0539128, 14.6553448 ], [ 121.0539355, 14.6553314 ], [ 121.0540112, 14.6552389 ] ] ] } },
{ "type": "Feature", "properties": { "Amenity": null, "Building": null, "Landuse": null, "Name": null, "Shop": null }, "geometry": { "type": "Polygon", "coordinates": [ [ [ 121.0745786, 14.6484083 ], [ 121.0747777, 14.6484036 ], [ 121.0747662, 14.6480743 ], [ 121.0754726, 14.6487689 ], [ 121.076024, 14.6493308 ], [ 121.0761935, 14.6494893 ], [ 121.0762264, 14.6495293 ], [ 121.0762255, 14.6497422 ], [ 121.076226, 14.6498127 ], [ 121.0762234, 14.649911 ], [ 121.0762237, 14.6499623 ], [ 121.0762181, 14.6500383 ], [ 121.0762148, 14.6501337 ], [ 121.0762382, 14.6502623 ], [ 121.0762358, 14.6503807 ], [ 121.0762245, 14.6508105 ], [ 121.0762072, 14.6508124 ], [ 121.0762037, 14.6514037 ], [ 121.0761811, 14.6522741 ], [ 121.0761667, 14.652974 ], [ 121.0745921, 14.6529699 ], [ 121.0745786, 14.6484083 ] ] ] } },
{ "type": "Feature", "properties": { "Amenity": null, "Building": null, "Landuse": null, "Name": null, "Shop": null }, "geometry": { "type": "Polygon", "coordinates": [ [ [ 121.0550377, 14.6176254 ], [ 121.0552085, 14.617725 ], [ 121.0555574, 14.6179997 ], [ 121.0556526, 14.6180671 ], [ 121.0566039, 14.6186477 ], [ 121.0578031, 14.6194927 ], [ 121.0577207, 14.6196486 ], [ 121.0576798, 14.6198104 ], [ 121.0581232, 14.6200457 ], [ 121.0580725, 14.6201433 ], [ 121.0573258, 14.6208832 ], [ 121.0570308, 14.6212035 ], [ 121.0566833, 14.6220114 ], [ 121.057072, 14.6221855 ], [ 121.057125, 14.6222092 ], [ 121.0572086, 14.6222471 ], [ 121.0570332, 14.6226396 ], [ 121.0570259, 14.6226559 ], [ 121.0570087, 14.6226945 ], [ 121.0563237, 14.6243562 ], [ 121.0554312, 14.6239151 ], [ 121.0536607, 14.6230747 ], [ 121.0517439, 14.6221408 ], [ 121.0503854, 14.6215421 ], [ 121.0518304, 14.618393 ], [ 121.0524237, 14.6171 ], [ 121.0527193, 14.6165256 ], [ 121.0529173, 14.6165169 ], [ 121.053069, 14.6165104 ], [ 121.0532883, 14.6165103 ], [ 121.0533691, 14.6165105 ], [ 121.0534522, 14.6165173 ], [ 121.0535917, 14.6165538 ], [ 121.0537137, 14.6165993 ], [ 121.0538742, 14.6166972 ], [ 121.0543506, 14.6170093 ], [ 121.0544567, 14.6170842 ], [ 121.0549714, 14.6174299 ], [ 121.0550224, 14.6174825 ], [ 121.0550432, 14.617553 ], [ 121.0550377, 14.6176254 ] ] ] } },
{ "type": "Feature", "properties": { "Amenity": null, "Building": null, "Landuse": null, "Name": null, "Shop": null }, "geometry": { "type": "Polygon", "coordinates": [ [ [ 121.0819239, 14.5943714 ], [ 121.0798634, 14.5942372 ], [ 121.079924, 14.5931564 ], [ 121.0800565, 14.5917946 ], [ 121.0807835, 14.591832 ], [ 121.0809743, 14.591382 ], [ 121.081136, 14.5910012 ], [ 121.081282, 14.590631 ], [ 121.0817981, 14.5907873 ], [ 121.0818236, 14.5906004 ], [ 121.0819604, 14.5906095 ], [ 121.0819646, 14.5905875 ], [ 121.0820265, 14.5902679 ], [ 121.0821921, 14.5902903 ], [ 121.082416, 14.5903206 ], [ 121.0825014, 14.5902793 ], [ 121.0826826, 14.5903105 ], [ 121.0826503, 14.5905369 ], [ 121.0825826, 14.5911433 ], [ 121.0825129, 14.5915706 ], [ 121.0824385, 14.5917572 ], [ 121.0823154, 14.5921778 ], [ 121.0822062, 14.5927265 ], [ 121.0820884, 14.593386 ], [ 121.082069, 14.5935967 ], [ 121.0820764, 14.5938816 ], [ 121.0820946, 14.5941297 ], [ 121.0821555, 14.5943865 ], [ 121.0819239, 14.5943714 ] ] ] } },
{ "type": "Feature", "properties": { "Amenity": null, "Building": null, "Landuse": null, "Name": null, "Shop": null }, "geometry": { "type": "Polygon", "coordinates": [ [ [ 121.0806951, 14.6097662 ], [ 121.0805269, 14.6095284 ], [ 121.0805428, 14.6095163 ], [ 121.0805328, 14.6095045 ], [ 121.0806353, 14.6094358 ], [ 121.0807279, 14.609369 ], [ 121.080789, 14.6093159 ], [ 121.0808376, 14.6093641 ], [ 121.0808455, 14.6093565 ], [ 121.0809321, 14.6094457 ], [ 121.0809026, 14.6094837 ], [ 121.0808815, 14.6095141 ], [ 121.0808747, 14.6095405 ], [ 121.080874, 14.6095617 ], [ 121.0808795, 14.6095878 ], [ 121.080894, 14.6096069 ], [ 121.0808435, 14.6096585 ], [ 121.0807803, 14.6097089 ], [ 121.0806951, 14.6097662 ] ] ] } },
{ "type": "Feature", "properties": { "Amenity": null, "Building": null, "Landuse": null, "Name": null, "Shop": null }, "geometry": { "type": "Polygon", "coordinates": [ [ [ 121.0777214, 14.6102201 ], [ 121.0779796, 14.6099995 ], [ 121.078069, 14.6099232 ], [ 121.0781447, 14.6098585 ], [ 121.0781772, 14.6098482 ], [ 121.0782214, 14.6098094 ], [ 121.078524, 14.6095371 ], [ 121.07857, 14.609585 ], [ 121.0797408, 14.6085283 ], [ 121.0796752, 14.6084827 ], [ 121.0796349, 14.6084547 ], [ 121.0790703, 14.608081 ], [ 121.0790398, 14.6080608 ], [ 121.0790287, 14.6080539 ], [ 121.0788779, 14.6079602 ], [ 121.078765, 14.60812 ], [ 121.0784844, 14.6079194 ], [ 121.0784007, 14.6078596 ], [ 121.0785355, 14.6076684 ], [ 121.078667, 14.6074702 ], [ 121.0787302, 14.6073513 ], [ 121.078884, 14.607038 ], [ 121.0789554, 14.6070643 ], [ 121.0789867, 14.6070758 ], [ 121.079388, 14.6072232 ], [ 121.0794086, 14.6072308 ], [ 121.0797975, 14.6073834 ], [ 121.0802202, 14.6075462 ], [ 121.0805565, 14.6072463 ], [ 121.0808092, 14.6074772 ], [ 121.0808243, 14.6074982 ], [ 121.0808299, 14.6074996 ], [ 121.0818918, 14.6070928 ], [ 121.0820592, 14.6073347 ], [ 121.0822388, 14.6079323 ], [ 121.081719, 14.6083969 ], [ 121.0819584, 14.6086373 ], [ 121.0820232, 14.6086769 ], [ 121.0822182, 14.6088807 ], [ 121.0818207, 14.6093408 ], [ 121.081648, 14.6092072 ], [ 121.081374, 14.6094914 ], [ 121.0815345, 14.609641 ], [ 121.0814646, 14.6097079 ], [ 121.0814907, 14.6097328 ], [ 121.0816156, 14.6098489 ], [ 121.0816427, 14.6098801 ], [ 121.081787, 14.6099751 ], [ 121.0821335, 14.6103541 ], [ 121.082222, 14.6104436 ], [ 121.0809304, 14.6114466 ], [ 121.0808703, 14.611378 ], [ 121.0803037, 14.6117851 ], [ 121.0797937, 14.6121645 ], [ 121.0779426, 14.6104324 ], [ 121.0777765, 14.6102815 ], [ 121.0777214, 14.6102201 ] ] ] } },
{ "type": "Feature", "properties": { "Amenity": null, "Building": null, "Landuse": null, "Name": null, "Shop": null }, "geometry": { "type": "Polygon", "coordinates": [ [ [ 121.0803184, 14.6096904 ], [ 121.0804607, 14.6098377 ], [ 121.0804733, 14.6098595 ], [ 121.0804989, 14.6099037 ], [ 121.0805311, 14.6099922 ], [ 121.0805551, 14.6100978 ], [ 121.0805675, 14.6101825 ], [ 121.0805653, 14.6102919 ], [ 121.080552, 14.6103931 ], [ 121.080532, 14.6104609 ], [ 121.0805045, 14.6105152 ], [ 121.0805141, 14.6105425 ], [ 121.0805252, 14.6105859 ], [ 121.0804901, 14.6106002 ], [ 121.0804615, 14.6106029 ], [ 121.080445, 14.6106254 ], [ 121.0804656, 14.6106427 ], [ 121.0804275, 14.610697 ], [ 121.0803681, 14.6107663 ], [ 121.0802865, 14.6108427 ], [ 121.0802108, 14.6108914 ], [ 121.0801955, 14.6108691 ], [ 121.0801769, 14.6108805 ], [ 121.0801513, 14.610952 ], [ 121.0800931, 14.6109302 ], [ 121.0800314, 14.6109578 ], [ 121.0799471, 14.610987 ], [ 121.0798498, 14.6109978 ], [ 121.0797257, 14.6109973 ], [ 121.079621, 14.6109789 ], [ 121.0795237, 14.6109498 ], [ 121.07944, 14.6109142 ], [ 121.0793497, 14.6108529 ], [ 121.0792452, 14.610739 ], [ 121.0793151, 14.6106732 ], [ 121.0792714, 14.6106286 ], [ 121.0793848, 14.6105346 ], [ 121.0795088, 14.6104648 ], [ 121.0794823, 14.6104201 ], [ 121.0795331, 14.6104003 ], [ 121.0795956, 14.6103842 ], [ 121.0796498, 14.6103702 ], [ 121.0796839, 14.6103056 ], [ 121.0797244, 14.6102578 ], [ 121.0797182, 14.6102268 ], [ 121.0797229, 14.6102027 ], [ 121.0797383, 14.6101745 ], [ 121.0797594, 14.6101565 ], [ 121.0797916, 14.6101457 ], [ 121.0798257, 14.6101509 ], [ 121.0798736, 14.6101201 ], [ 121.0799297, 14.6100987 ], [ 121.0799405, 14.6100392 ], [ 121.079957, 14.6099714 ], [ 121.0799898, 14.6099169 ], [ 121.0800348, 14.6099368 ], [ 121.080115, 14.6098158 ], [ 121.0802006, 14.609715 ], [ 121.0802455, 14.6097518 ], [ 121.0803184, 14.6096904 ] ] ] } }
]
}
