{
"type": "FeatureCollection",
"name": "qc_pois_clean",
"crs": { "type": "name", "properties": { "name": "urn:ogc:def:crs:OGC:1.3:CRS84" } },
"features": [
{ "type": "Feature", "properties": { "name": "Lung Center of the Philippines", "category": "health", "amenity": "hospital", "building": "hospital", "shop": null, "landuse": null }, "geometry": { "type": "Point", "coordinates": [ 121.04576623526971, 14.647498275152596 ] } },
{ "type": "Feature", "properties": { "name": "UP Health Service", "category": "health", "amenity": "hospital", "building": "hospital", "shop": null, "landuse": null }, "geometry": { "type": "Point", "coordinates": [ 121.07104793630549, 14.659875277252056 ] } },
{ "type": "Feature", "properties": { "name": "Camp Panopio Hospital", "category": "health", "amenity": "hospital", "building": null, "shop": null, "landuse": null }, "geometry": { "type": "Point", "coordinates": [ 121.051826996726732, 14.615630534178333 ] } },
{ "type": "Feature", "properties": { "name": "National Children's Hospital", "category": "health", "amenity": "hospital", "building": null, "shop": null, "landuse": null }, "geometry": { "type": "Point", "coordinates": [ 121.021061284937645, 14.620354300318501 ] } },
{ "type": "Feature", "properties": { "name": "Quezon City General Hospital", "category": "health", "amenity": "hospital", "building": null, "shop": null, "landuse": null }, "geometry": { "type": "Point", "coordinates": [ 121.017928341785591, 14.661727455746796 ] } },
{ "type": "Feature", "properties": { "name": "Pascual General Hospital", "category": "health", "amenity": "hospital", "building": null, "shop": null, "landuse": null }, "geometry": { "type": "Point", "coordinates": [ 121.009101305321764, 14.66703429398363 ] } },
{ "type": "Feature", "properties": { "name": "Pacific Global Medical Center", "category": "health", "amenity": "hospital", "building": null, "shop": null, "landuse": null }, "geometry": { "type": "Point", "coordinates": [ 121.029915580777271, 14.688460326479076 ] } },
{ "type": "Feature", "properties": { "name": "Divine Heart", "category": "health", "amenity": "hospital", "building": null, "shop": null, "landuse": null }, "geometry": { "type": "Point", "coordinates": [ 121.035854656393553, 14.722041425873948 ] } },
{ "type": "Feature", "properties": { "name": "National Kidney and Transplant Institute", "category": "health", "amenity": "hospital", "building": null, "shop": null, "landuse": null }, "geometry": { "type": "Point", "coordinates": [ 121.047165971211598, 14.646794338084627 ] } },
{ "type": "Feature", "properties": { "name": "Quirino Memorial Medical Center", "category": "health", "amenity": "hospital", "building": null, "shop": null, "landuse": null }, "geometry": { "type": "Point", "coordinates": [ 121.072506266133644, 14.622194001782487 ] } },
{ "type": "Feature", "properties": { "name": "Commonwealth Hospital and Medical Center", "category": "health", "amenity": "hospital", "building": null, "shop": null, "landuse": null }, "geometry": { "type": "Point", "coordinates": [ 121.060695709282399, 14.7313604207749 ] } },
{ "type": "Feature", "properties": { "name": "Novaliches District Hospital", "category": "health", "amenity": "hospital", "building": null, "shop": null, "landuse": null }, "geometry": { "type": "Point", "coordinates": [ 121.034385066848458, 14.700539217256587 ] } },
{ "type": "Feature", "properties": { "name": "National Kidney and Transplant Institute", "category": "health", "amenity": "hospital", "building": "hospital", "shop": null, "landuse": null }, "geometry": { "type": "Point", "coordinates": [ 121.047288931463115, 14.647269212057804 ] } },
{ "type": "Feature", "properties": { "name": "Fairview General Hospital", "category": "health", "amenity": "hospital", "building": "yes", "shop": null, "landuse": null }, "geometry": { "type": "Point", "coordinates": [ 121.072025230971335, 14.705672786795601 ] } },
{ "type": "Feature", "properties": { "name": "Quezon Institute", "category": "health", "amenity": "hospital", "building": "yes", "shop": null, "landuse": null }, "geometry": { "type": "Point", "coordinates": [ 121.013070770820178, 14.617696779108527 ] } },
{ "type": "Feature", "properties": { "name": "University of the East - Ramon Magsaysay Memorial Medical Center", "category": "health", "amenity": "hospital", "building": "yes", "shop": null, "landuse": null }, "geometry": { "type": "Point", "coordinates": [ 121.020609307836494, 14.606657129659858 ] } },
{ "type": "Feature", "properties": { "name": "Novaliches General Hospital", "category": "health", "amenity": "hospital", "building": null, "shop": null, "landuse": null }, "geometry": { "type": "Point", "coordinates": [ 121.038834558777879, 14.709509730624731 ] } },
{ "type": "Feature", "properties": { "name": "Armed Forces of the Philippines Medical Center", "category": "health", "amenity": "hospital", "building": null, "shop": null, "landuse": null }, "geometry": { "type": "Point", "coordinates": [ 121.051882409530251, 14.634885203515298 ] } },
{ "type": "Feature", "properties": { "name": "East Avenue Medical Center", "category": "health", "amenity": "hospital", "building": null, "shop": null, "landuse": null }, "geometry": { "type": "Point", "coordinates": [ 121.047928526847329, 14.641903262967913 ] } },
{ "type": "Feature", "properties": { "name": "Philippine Heart Center", "category": "health", "amenity": "hospital", "building": null, "shop": null, "landuse": null }, "geometry": { "type": "Point", "coordinates": [ 121.048407524360044, 14.643932040546598 ] } },
{ "type": "Feature", "properties": { "name": "General Malvar Hospital", "category": "health", "amenity": "hospital", "building": "hospital", "shop": null, "landuse": null }, "geometry": { "type": "Point", "coordinates": [ 121.072639104439261, 14.667616682800487 ] } },
{ "type": "Feature", "properties": { "name": "Veterans Memorial Medical Center", "category": "health", "amenity": "hospital", "building": null, "shop": null, "landuse": null }, "geometry": { "type": "Point", "coordinates": [ 121.04009839637213, 14.65628851702407 ] } },
{ "type": "Feature", "properties": { "name": "New Era General Hospital", "category": "health", "amenity": "hospital", "building": null, "shop": null, "landuse": null }, "geometry": { "type": "Point", "coordinates": [ 121.066687324075929, 14.664240144079679 ] } },
{ "type": "Feature", "properties": { "name": "Jose Fabella Memorial Hospital Annex", "category": "health", "amenity": "hospital", "building": null, "shop": null, "landuse": null }, "geometry": { "type": "Point", "coordinates": [ 121.043541451394688, 14.646913667055884 ] } },
{ "type": "Feature", "properties": { "name": "Philippine Orthopedic Hospital", "category": "health", "amenity": "hospital", "building": null, "shop": null, "landuse": null }, "geometry": { "type": "Point", "coordinates": [ 121.003355073148555, 14.627739708768193 ] } },
{ "type": "Feature", "properties": { "name": "Fe Del Mundo Medical Center", "category": "health", "amenity": "hospital", "building": null, "shop": null, "landuse": null }, "geometry": { "type": "Point", "coordinates": [ 121.009202713544312, 14.620576141367657 ] } },
{ "type": "Feature", "properties": { "name": null, "category": "health", "amenity": "hospital", "building": "yes", "shop": null, "landuse": null }, "geometry": { "type": "Point", "coordinates": [ 121.045897438618397, 14.674874154847426 ] } },
{ "type": "Feature", "properties": { "name": "EAMC OPD", "category": "health", "amenity": "hospital", "building": "yes", "shop": null, "landuse": null }, "geometry": { "type": "Point", "coordinates": [ 121.047771578512553, 14.642726906777598 ] } },
{ "type": "Feature", "properties": { "name": "Dr. Jesus C. Delgado Memorial Hospital", "category": "health", "amenity": "hospital", "building": "yes", "shop": null, "landuse": null }, "geometry": { "type": "Point", "coordinates": [ 121.034755984528687, 14.627791682875856 ] } },
{ "type": "Feature", "properties": { "name": "Metro North Medical Center and Hospital", "category": "health", "amenity": "hospital", "building": null, "shop": null, "landuse": null }, "geometry": { "type": "Point", "coordinates": [ 121.033676470275495, 14.668898009334988 ] } },
{ "type": "Feature", "properties": { "name": "CGEA Station Hospital", "category": "health", "amenity": "hospital", "building": null, "shop": null, "landuse": null }, "geometry": { "type": "Point", "coordinates": [ 121.06412494021086, 14.612451579628408 ] } },
{ "type": "Feature", "properties": { "name": "De Los Santos Medical Center", "category": "health", "amenity": "hospital", "building": null, "shop": null, "landuse": null }, "geometry": { "type": "Point", "coordinates": [ 121.017505359702, 14.620196712764333 ] } },
{ "type": "Feature", "properties": { "name": "Providence Hospital", "category": "health", "amenity": "hospital", "building": "hospital", "shop": null, "landuse": null }, "geometry": { "type": "Point", "coordinates": [ 121.031678445177505, 14.641187948565834 ] } },
{ "type": "Feature", "properties": { "name": "St. Agnes General Hospital", "category": "health", "amenity": "hospital", "building": null, "shop": null, "landuse": null }, "geometry": { "type": "Point", "coordinates": [ 121.017186961958117, 14.647148722801164 ] } },
{ "type": "Feature", "properties": { "name": "Philippine Children's Medical Center", "category": "health", "amenity": "hospital", "building": null, "shop": null, "landuse": null }, "geometry": { "type": "Point", "coordinates": [ 121.04131788773833, 14.647689122024069 ] } },
{ "type": "Feature", "properties": { "name": "New York Medical And Surgical Clinic", "category": "health", "amenity": "hospital", "building": "yes", "shop": null, "landuse": null }, "geometry": { "type": "Point", "coordinates": [ 121.051139112754456, 14.626790175832909 ] } },
{ "type": "Feature", "properties": { "name": "Villarosa Hospital", "category": "health", "amenity": "hospital", "building": "hospital", "shop": null, "landuse": null }, "geometry": { "type": "Point", "coordinates": [ 121.066072118359799, 14.62194470223025 ] } },
{ "type": "Feature", "properties": { "name": "World Citi Medical Center", "category": "health", "amenity": "hospital", "building": "hospital", "shop": null, "landuse": null }, "geometry": { "type": "Point", "coordinates": [ 121.063320146348389, 14.627050430204976 ] } },
{ "type": "Feature", "properties": { "name": "Nodado General Hospital", "category": "health", "amenity": "hospital", "building": null, "shop": null, "landuse": null }, "geometry": { "type": "Point", "coordinates": [ 121.04747344808429, 14.738274043716892 ] } },
{ "type": "Feature", "properties": { "name": "Philippine National Police General Hospital", "category": "health", "amenity": "hospital", "building": null, "shop": null, "landuse": null }, "geometry": { "type": "Point", "coordinates": [ 121.05206504063311, 14.609694661980361 ] } },
{ "type": "Feature", "properties": { "name": "Bernardino General Hospital", "category": "health", "amenity": "hospital", "building": null, "shop": null, "landuse": null }, "geometry": { "type": "Point", "coordinates": [ 121.046633023486535, 14.740163111322698 ] } },
{ "type": "Feature", "properties": { "name": "Hope General Hopital", "category": "health", "amenity": "hospital", "building": "hospital", "shop": null, "landuse": null }, "geometry": { "type": "Point", "coordinates": [ 121.039033444065879, 14.719300220462181 ] } },
{ "type": "Feature", "properties": { "name": "Casaul General Hospital", "category": "health", "amenity": "hospital", "building": "yes", "shop": null, "landuse": null }, "geometry": { "type": "Point", "coordinates": [ 121.020582052448503, 14.679374849622917 ] } },
{ "type": "Feature", "properties": { "name": "Quezon Institute Compound", "category": "health", "amenity": "hospital", "building": null, "shop": null, "landuse": null }, "geometry": { "type": "Point", "coordinates": [ 121.012169412780764, 14.616541322327331 ] } },
{ "type": "Feature", "properties": { "name": "San Lorenzo Hospital", "category": "health", "amenity": "hospital", "building": null, "shop": null, "landuse": null }, "geometry": { "type": "Point", "coordinates": [ 121.069143820139885, 14.735719843498412 ] } },
{ "type": "Feature", "properties": { "name": "Diliman Doctors Hospital", "category": "health", "amenity": "hospital", "building": "hospital", "shop": null, "landuse": null }, "geometry": { "type": "Point", "coordinates": [ 121.076156611071994, 14.668330387287584 ] } },
{ "type": "Feature", "properties": { "name": "Bernardino General Hospital", "category": "health", "amenity": "hospital", "building": null, "shop": null, "landuse": null }, "geometry": { "type": "Point", "coordinates": [ 121.034844135453255, 14.700198285281308 ] } },
{ "type": "Feature", "properties": { "name": "Rosario Maclang Bautista General Hospital", "category": "health", "amenity": "hospital", "building": null, "shop": null, "landuse": null }, "geometry": { "type": "Point", "coordinates": [ 121.08910380014035, 14.686097000540887 ] } },
{ "type": "Feature", "properties": { "name": "St. Luke's Medical Center", "category": "health", "amenity": "hospital", "building": null, "shop": null, "landuse": null }, "geometry": { "type": "Point", "coordinates": [ 121.023331222997456, 14.622825621065243 ] } },
{ "type": "Feature", "properties": { "name": "Cruz-Dalida Hospital", "category": "health", "amenity": "hospital", "building": null, "shop": null, "landuse": null }, "geometry": { "type": "Point", "coordinates": [ 121.044004871855336, 14.723292272201162 ] } },
{ "type": "Feature", "properties": { "name": "Dr. Montano G. Ramos General Hospital", "category": "health", "amenity": "hospital", "building": null, "shop": null, "landuse": null }, "geometry": { "type": "Point", "coordinates": [ 121.032082926796051, 14.670536600599755 ] } },
{ "type": "Feature", "properties": { "name": "Capitol Medical Center", "category": "health", "amenity": "hospital", "building": null, "shop": null, "landuse": null }, "geometry": { "type": "Point", "coordinates": [ 121.022563409365489, 14.634059416896923 ] } },
{ "type": "Feature", "properties": { "name": "Far Eastern University - Nicanor Reyes Medical Foundation", "category": "health", "amenity": "hospital", "building": null, "shop": null, "landuse": null }, "geometry": { "type": "Point", "coordinates": [ 121.066991275840252, 14.698850384631516 ] } },
{ "type": "Feature", "properties": { "name": "United Doctors Medical Center", "category": "health", "amenity": "hospital", "building": null, "shop": null, "landuse": null }, "geometry": { "type": "Point", "coordinates": [ 121.001829787839483, 14.617100727891909 ] } },
{ "type": "Feature", "properties": { "name": "Our Lady Of Mercy Hospital", "category": "health", "amenity": "hospital", "building": null, "shop": null, "landuse": null }, "geometry": { "type": "Point", "coordinates": [ 121.0397952, 14.721521 ] } },
{ "type": "Feature", "properties": { "name": "A. R. Bautista Children And General Hospital", "category": "health", "amenity": "hospital", "building": null, "shop": null, "landuse": null }, "geometry": { "type": "Point", "coordinates": [ 121.043441, 14.7303 ] } },
{ "type": "Feature", "properties": { "name": "Casual General Hospital", "category": "health", "amenity": "hospital", "building": null, "shop": null, "landuse": null }, "geometry": { "type": "Point", "coordinates": [ 121.070637, 14.7370013 ] } },
{ "type": "Feature", "properties": { "name": "J. P. Sioson General Hospital And Colleges", "category": "health", "amenity": "hospital", "building": null, "shop": null, "landuse": null }, "geometry": { "type": "Point", "coordinates": [ 121.0250945, 14.6599034 ] } },
{ "type": "Feature", "properties": { "name": "Fairview Polymedic Hospital", "category": "health", "amenity": "hospital", "building": null, "shop": null, "landuse": null }, "geometry": { "type": "Point", "coordinates": [ 121.04251, 14.729371 ] } },
{ "type": "Feature", "properties": { "name": "Dr. Montano G. Ramos General Hospital", "category": "health", "amenity": "hospital", "building": null, "shop": null, "landuse": null }, "geometry": { "type": "Point", "coordinates": [ 121.0235618, 14.6595215 ] } },
{ "type": "Feature", "properties": { "name": "Ann Francis Mother & Child Hospital", "category": "health", "amenity": "hospital", "building": null, "shop": null, "landuse": null }, "geometry": { "type": "Point", "coordinates": [ 121.0312571, 14.6943711 ] } },
{ "type": "Feature", "properties": { "name": "Philippine Medical Tests System", "category": "health", "amenity": "hospital", "building": null, "shop": null, "landuse": null }, "geometry": { "type": "Point", "coordinates": [ 121.0246028, 14.6358797 ] } },
{ "type": "Feature", "properties": { "name": "Vian Family Hospital II", "category": "health", "amenity": "hospital", "building": null, "shop": null, "landuse": null }, "geometry": { "type": "Point", "coordinates": [ 121.021062, 14.682847 ] } },
{ "type": "Feature", "properties": { "name": "Queensberry", "category": "health", "amenity": "hospital", "building": null, "shop": null, "landuse": null }, "geometry": { "type": "Point", "coordinates": [ 121.0396761, 14.7238749 ] } },
{ "type": "Feature", "properties": { "name": null, "category": "health", "amenity": "hospital", "building": null, "shop": null, "landuse": null }, "geometry": { "type": "Point", "coordinates": [ 121.0945893, 14.6948708 ] } },
{ "type": "Feature", "properties": { "name": "Immaculate Conception Cathedral School", "category": "education", "amenity": "school", "building": null, "shop": null, "landuse": null }, "geometry": { "type": "Point", "coordinates": [ 121.042531317958989, 14.622084801017715 ] } },
{ "type": "Feature", "properties": { "name": "Cervini Hall", "category": "education", "amenity": "university", "building": "yes", "shop": null, "landuse": null }, "geometry": { "type": "Point", "coordinates": [ 121.080419847780945, 14.639208463574636 ] } },
{ "type": "Feature", "properties": { "name": "Institute of Chemistry Teaching Building", "category": "education", "amenity": "college", "building": "yes", "shop": null, "landuse": null }, "geometry": { "type": "Point", "coordinates": [ 121.073160456346471, 14.650228155129602 ] } },
{ "type": "Feature", "properties": { "name": "Lagro Elementary School", "category": "education", "amenity": "school", "building": null, "shop": null, "landuse": null }, "geometry": { "type": "Point", "coordinates": [ 121.06732117402575, 14.729043470518524 ] } },
{ "type": "Feature", "properties": { "name": "Lagro High School", "category": "education", "amenity": "school", "building": null, "shop": null, "landuse": null }, "geometry": { "type": "Point", "coordinates": [ 121.066850544303449, 14.727441158343787 ] } },
{ "type": "Feature", "properties": { "name": "Camp Crame High School", "category": "education", "amenity": "school", "building": null, "shop": null, "landuse": null }, "geometry": { "type": "Point", "coordinates": [ 121.05184280481113, 14.606263937205426 ] } },
{ "type": "Feature", "properties": { "name": "Camp Crame Elementary School", "category": "education", "amenity": "school", "building": null, "shop": null, "landuse": null }, "geometry": { "type": "Point", "coordinates": [ 121.052065640337389, 14.605754011808555 ] } },
{ "type": "Feature", "properties": { "name": "Balara High School", "category": "education", "amenity": "school", "building": null, "shop": null, "landuse": null }, "geometry": { "type": "Point", "coordinates": [ 121.078238274299792, 14.652002217743265 ] } },
{ "type": "Feature", "properties": { "name": "Balara Elementary School", "category": "education", "amenity": "school", "building": null, "shop": null, "landuse": null }, "geometry": { "type": "Point", "coordinates": [ 121.077777618116897, 14.652506387022761 ] } },
{ "type": "Feature", "properties": { "name": "Batasan Hills National High School", "category": "education", "amenity": "school", "building": null, "shop": null, "landuse": null }, "geometry": { "type": "Point", "coordinates": [ 121.094939918799867, 14.689236903671034 ] } },
{ "type": "Feature", "properties": { "name": "Quezon City Polytechnic University", "category": "education", "amenity": "university", "building": null, "shop": null, "landuse": null }, "geometry": { "type": "Point", "coordinates": [ 121.094317945823192, 14.689056855640718 ] } },
{ "type": "Feature", "properties": { "name": "Paaralang Sekondaryang Don Quintin Paredes", "category": "education", "amenity": "school", "building": null, "shop": null, "landuse": null }, "geometry": { "type": "Point", "coordinates": [ 121.061241730415603, 14.631886974354575 ] } },
{ "type": "Feature", "properties": { "name": "Quirino Elementary School", "category": "education", "amenity": "school", "building": null, "shop": null, "landuse": null }, "geometry": { "type": "Point", "coordinates": [ 121.061098063353668, 14.632313958241403 ] } },
{ "type": "Feature", "properties": { "name": "Justice Cecilia Muñoz-Palma High School", "category": "education", "amenity": "school", "building": null, "shop": null, "landuse": null }, "geometry": { "type": "Point", "coordinates": [ 121.095017575984826, 14.71369862531771 ] } },
{ "type": "Feature", "properties": { "name": "Samson College of Science and Technology", "category": "education", "amenity": "college", "building": "yes", "shop": null, "landuse": null }, "geometry": { "type": "Point", "coordinates": [ 121.051604039446573, 14.616898657193456 ] } },
{ "type": "Feature", "properties": { "name": "Ponciano Bernardo High School", "category": "education", "amenity": "school", "building": null, "shop": null, "landuse": null }, "geometry": { "type": "Point", "coordinates": [ 121.049465247309598, 14.613628128827635 ] } },
{ "type": "Feature", "properties": { "name": "Pedro Tuazon Elementary School", "category": "education", "amenity": "school", "building": null, "shop": null, "landuse": null }, "geometry": { "type": "Point", "coordinates": [ 121.048735244705938, 14.614101571816855 ] } },
{ "type": "Feature", "properties": { "name": "Ponciano Bernardo Elementary School", "category": "education", "amenity": "school", "building": null, "shop": null, "landuse": null }, "geometry": { "type": "Point", "coordinates": [ 121.04933827343784, 14.614333010048963 ] } },
{ "type": "Feature", "properties": { "name": "Eulogio Rodriguez, Sr. Elementary School", "category": "education", "amenity": "school", "building": null, "shop": null, "landuse": null }, "geometry": { "type": "Point", "coordinates": [ 121.054119789684478, 14.63012555995051 ] } },
{ "type": "Feature", "properties": { "name": "Carlos P. Garcia High School", "category": "education", "amenity": "school", "building": null, "shop": null, "landuse": null }, "geometry": { "type": "Point", "coordinates": [ 121.054600522273361, 14.629821139710844 ] } },
{ "type": "Feature", "properties": { "name": "Pinyahan Senior High School", "category": "education", "amenity": "school", "building": null, "shop": null, "landuse": null }, "geometry": { "type": "Point", "coordinates": [ 121.050592856046606, 14.638772568012545 ] } },
{ "type": "Feature", "properties": { "name": "Pinyahan Elementary School", "category": "education", "amenity": "school", "building": null, "shop": null, "landuse": null }, "geometry": { "type": "Point", "coordinates": [ 121.050414252295809, 14.63836794996797 ] } },
{ "type": "Feature", "properties": { "name": "Fernando C. Amorsolo Senior High School", "category": "education", "amenity": "school", "building": null, "shop": null, "landuse": null }, "geometry": { "type": "Point", "coordinates": [ 121.044245830120133, 14.628695487821281 ] } },
{ "type": "Feature", "properties": { "name": "Marcelo H. del Pilar Elementary School", "category": "education", "amenity": "school", "building": null, "shop": null, "landuse": null }, "geometry": { "type": "Point", "coordinates": [ 121.044785134758541, 14.628887248681055 ] } },
{ "type": "Feature", "properties": { "name": "Polytechnic University of the Philippines - Quezon City", "category": "education", "amenity": "university", "building": null, "shop": null, "landuse": null }, "geometry": { "type": "Point", "coordinates": [ 121.081967289785794, 14.699863779962079 ] } },
{ "type": "Feature", "properties": { "name": "Commonwealth High School", "category": "education", "amenity": "school", "building": null, "shop": null, "landuse": null }, "geometry": { "type": "Point", "coordinates": [ 121.081656634793788, 14.699023792564736 ] } },
{ "type": "Feature", "properties": { "name": "Far Eastern University", "category": "education", "amenity": "university", "building": null, "shop": null, "landuse": null }, "geometry": { "type": "Point", "coordinates": [ 121.063656647066779, 14.684293689016451 ] } },
{ "type": "Feature", "properties": { "name": "National College of Business and Arts", "category": "education", "amenity": "college", "building": null, "shop": null, "landuse": null }, "geometry": { "type": "Point", "coordinates": [ 121.068130724841012, 14.627801626635415 ] } },
{ "type": "Feature", "properties": { "name": "Manuel L. Quezon Elementary School", "category": "education", "amenity": "school", "building": null, "shop": null, "landuse": null }, "geometry": { "type": "Point", "coordinates": [ 121.079311184571807, 14.695604199940378 ] } },
{ "type": "Feature", "properties": { "name": "Holy Spirit National High School", "category": "education", "amenity": "school", "building": null, "shop": null, "landuse": null }, "geometry": { "type": "Point", "coordinates": [ 121.080468376791572, 14.689791144716636 ] } },
{ "type": "Feature", "properties": { "name": "Pedro Tuazon High School", "category": "education", "amenity": "school", "building": null, "shop": null, "landuse": null }, "geometry": { "type": "Point", "coordinates": [ 121.048394930250069, 14.614125813658443 ] } },
{ "type": "Feature", "properties": { "name": "Ramon Magsaysay Elementary School", "category": "education", "amenity": "school", "building": null, "shop": null, "landuse": null }, "geometry": { "type": "Point", "coordinates": [ 120.998605427010745, 14.629039900638025 ] } },
{ "type": "Feature", "properties": { "name": "National Orthopedic Hospital School for Crippled Children", "category": "education", "amenity": "school", "building": null, "shop": null, "landuse": null }, "geometry": { "type": "Point", "coordinates": [ 120.999531677727887, 14.628984922291918 ] } },
{ "type": "Feature", "properties": { "name": "Demetrio Tuazon Elementary School", "category": "education", "amenity": "school", "building": null, "shop": null, "landuse": null }, "geometry": { "type": "Point", "coordinates": [ 120.999260122927453, 14.629602863909232 ] } },
{ "type": "Feature", "properties": { "name": "Trinity University of Asia - Basic Education", "category": "education", "amenity": "school", "building": null, "shop": null, "landuse": null }, "geometry": { "type": "Point", "coordinates": [ 121.020236307439362, 14.619840882415053 ] } },
{ "type": "Feature", "properties": { "name": "Quezon City Science High School", "category": "education", "amenity": "school", "building": null, "shop": null, "landuse": null }, "geometry": { "type": "Point", "coordinates": [ 121.030006423131653, 14.658638401136553 ] } },
{ "type": "Feature", "properties": { "name": "San Francisco High School", "category": "education", "amenity": "school", "building": null, "shop": null, "landuse": null }, "geometry": { "type": "Point", "coordinates": [ 121.027814259755118, 14.657853546818384 ] } },
{ "type": "Feature", "properties": { "name": "Quezon City Polytechnic University", "category": "education", "amenity": "university", "building": null, "shop": null, "landuse": null }, "geometry": { "type": "Point", "coordinates": [ 121.026744245229551, 14.658185705406954 ] } },
{ "type": "Feature", "properties": { "name": "Placido del Mundo Elementary School", "category": "education", "amenity": "school", "building": null, "shop": null, "landuse": null }, "geometry": { "type": "Point", "coordinates": [ 121.025811258963969, 14.68693127180064 ] } },
{ "type": "Feature", "properties": { "name": "Holy Child Academy, Inc. - Kingspoint", "category": "education", "amenity": "school", "building": null, "shop": null, "landuse": null }, "geometry": { "type": "Point", "coordinates": [ 121.023382855762094, 14.69871009568045 ] } },
{ "type": "Feature", "properties": { "name": "Bagbag Elementary School", "category": "education", "amenity": "school", "building": null, "shop": null, "landuse": null }, "geometry": { "type": "Point", "coordinates": [ 121.03147848736306, 14.690976208102363 ] } },
{ "type": "Feature", "properties": { "name": "Melchora Aquino High School", "category": "education", "amenity": "school", "building": null, "shop": null, "landuse": null }, "geometry": { "type": "Point", "coordinates": [ 121.046046276796929, 14.686977016223882 ] } },
{ "type": "Feature", "properties": { "name": "Maria Montessori School of Quezon City", "category": "education", "amenity": "school", "building": null, "shop": null, "landuse": null }, "geometry": { "type": "Point", "coordinates": [ 121.043642886803028, 14.666291735049475 ] } },
{ "type": "Feature", "properties": { "name": "New Era University", "category": "education", "amenity": "university", "building": null, "shop": null, "landuse": null }, "geometry": { "type": "Point", "coordinates": [ 121.056477713744528, 14.664010349333179 ] } },
{ "type": "Feature", "properties": { "name": "New Era High School", "category": "education", "amenity": "school", "building": null, "shop": null, "landuse": null }, "geometry": { "type": "Point", "coordinates": [ 121.057960059215944, 14.666453413862635 ] } },
{ "type": "Feature", "properties": { "name": "Old Balara Elementary School", "category": "education", "amenity": "school", "building": null, "shop": null, "landuse": null }, "geometry": { "type": "Point", "coordinates": [ 121.076403690629135, 14.672495570103097 ] } },
{ "type": "Feature", "properties": { "name": "Holy Spirit Elementary School", "category": "education", "amenity": "school", "building": null, "shop": null, "landuse": null }, "geometry": { "type": "Point", "coordinates": [ 121.072207981003771, 14.678372353257775 ] } },
{ "type": "Feature", "properties": { "name": "Judge Feliciano Belmonte, Sr. High School", "category": "education", "amenity": "school", "building": null, "shop": null, "landuse": null }, "geometry": { "type": "Point", "coordinates": [ 121.071100438719938, 14.678426545109193 ] } },
{ "type": "Feature", "properties": { "name": "School of the Holy Spirit", "category": "education", "amenity": "school", "building": null, "shop": null, "landuse": null }, "geometry": { "type": "Point", "coordinates": [ 121.072212722776413, 14.689852670827923 ] } },
{ "type": "Feature", "properties": { "name": "Mother of Perpetual Help School", "category": "education", "amenity": "school", "building": null, "shop": null, "landuse": null }, "geometry": { "type": "Point", "coordinates": [ 121.063030289098165, 14.702465271206018 ] } },
{ "type": "Feature", "properties": { "name": "San Gabriel Elementary School", "category": "education", "amenity": "school", "building": null, "shop": null, "landuse": null }, "geometry": { "type": "Point", "coordinates": [ 121.052771109561476, 14.707615101504675 ] } },
{ "type": "Feature", "properties": { "name": "Doña Rosario Elementary School", "category": "education", "amenity": "school", "building": null, "shop": null, "landuse": null }, "geometry": { "type": "Point", "coordinates": [ 121.03635165426293, 14.7172424474476 ] } },
{ "type": "Feature", "properties": { "name": "Doña Rosario High School", "category": "education", "amenity": "school", "building": null, "shop": null, "landuse": null }, "geometry": { "type": "Point", "coordinates": [ 121.036581830671111, 14.716777396518461 ] } },
{ "type": "Feature", "properties": { "name": "Maranatha Christian Academy of Novaliches", "category": "education", "amenity": "school", "building": null, "shop": null, "landuse": null }, "geometry": { "type": "Point", "coordinates": [ 121.042204442776409, 14.72135133624942 ] } },
{ "type": "Feature", "properties": { "name": "San Agustin Elementary School", "category": "education", "amenity": "school", "building": null, "shop": null, "landuse": null }, "geometry": { "type": "Point", "coordinates": [ 121.036528337567063, 14.727980538917619 ] } },
{ "type": "Feature", "properties": { "name": "Metro Manila College", "category": "education", "amenity": "college", "building": null, "shop": null, "landuse": null }, "geometry": { "type": "Point", "coordinates": [ 121.043760123057709, 14.726524012862782 ] } },
{ "type": "Feature", "properties": { "name": "Kaligayahan Elementary School", "category": "education", "amenity": "school", "building": null, "shop": null, "landuse": null }, "geometry": { "type": "Point", "coordinates": [ 121.045886444744383, 14.72866779387132 ] } },
{ "type": "Feature", "properties": { "name": "Immaculate Mother School", "category": "education", "amenity": "school", "building": null, "shop": null, "landuse": null }, "geometry": { "type": "Point", "coordinates": [ 121.084697621344944, 14.704428945230122 ] } },
{ "type": "Feature", "properties": { "name": "Payatas C Elementary School", "category": "education", "amenity": "school", "building": null, "shop": null, "landuse": null }, "geometry": { "type": "Point", "coordinates": [ 121.097401976486523, 14.714564204310227 ] } },
{ "type": "Feature", "properties": { "name": "Commonwealth Elementary School", "category": "education", "amenity": "school", "building": null, "shop": null, "landuse": null }, "geometry": { "type": "Point", "coordinates": [ 121.088211313545088, 14.697697126393752 ] } },
{ "type": "Feature", "properties": { "name": "Benigno S. Aquino Jr. Elementary School", "category": "education", "amenity": "school", "building": null, "shop": null, "landuse": null }, "geometry": { "type": "Point", "coordinates": [ 121.088364520909579, 14.697179374041502 ] } },
{ "type": "Feature", "properties": { "name": "Pura V. Kalaw Elementary School", "category": "education", "amenity": "school", "building": null, "shop": null, "landuse": null }, "geometry": { "type": "Point", "coordinates": [ 121.067964633322575, 14.62134336516263 ] } },
{ "type": "Feature", "properties": { "name": "Kalantiyaw Elementary School", "category": "education", "amenity": "school", "building": null, "shop": null, "landuse": null }, "geometry": { "type": "Point", "coordinates": [ 121.065212143637893, 14.623756596478447 ] } },
{ "type": "Feature", "properties": { "name": "Project 3 Elementary School", "category": "education", "amenity": "school", "building": null, "shop": null, "landuse": null }, "geometry": { "type": "Point", "coordinates": [ 121.067568610205981, 14.630133907272107 ] } },
{ "type": "Feature", "properties": { "name": "Quirino High School", "category": "education", "amenity": "school", "building": null, "shop": null, "landuse": null }, "geometry": { "type": "Point", "coordinates": [ 121.067382030745975, 14.630836545213521 ] } },
{ "type": "Feature", "properties": { "name": "Jesus Christ Saves Global Outreach Christian Academy", "category": "education", "amenity": "school", "building": null, "shop": null, "landuse": null }, "geometry": { "type": "Point", "coordinates": [ 121.059042397190467, 14.622424764036712 ] } },
{ "type": "Feature", "properties": { "name": "Saint Bridget School", "category": "education", "amenity": "school", "building": null, "shop": null, "landuse": null }, "geometry": { "type": "Point", "coordinates": [ 121.072592832673919, 14.631955281824085 ] } },
{ "type": "Feature", "properties": { "name": "Batino Elementary School & Special Education Center", "category": "education", "amenity": "school", "building": null, "shop": null, "landuse": null }, "geometry": { "type": "Point", "coordinates": [ 121.070608026542757, 14.632728540099043 ] } },
{ "type": "Feature", "properties": { "name": "San Vicente Elementary School", "category": "education", "amenity": "school", "building": null, "shop": null, "landuse": null }, "geometry": { "type": "Point", "coordinates": [ 121.057380676784859, 14.653608323974273 ] } },
{ "type": "Feature", "properties": { "name": "Aurora A. Quezon Elementary School", "category": "education", "amenity": "school", "building": null, "shop": null, "landuse": null }, "geometry": { "type": "Point", "coordinates": [ 121.008398074979212, 14.616267619785065 ] } },
{ "type": "Feature", "properties": { "name": "Diliman Preparatory School", "category": "education", "amenity": "school", "building": null, "shop": null, "landuse": null }, "geometry": { "type": "Point", "coordinates": [ 121.08240503203227, 14.674157576357887 ] } },
{ "type": "Feature", "properties": { "name": "Saint Francis Xavier Catholic School", "category": "education", "amenity": "school", "building": null, "shop": null, "landuse": null }, "geometry": { "type": "Point", "coordinates": [ 121.059159661561793, 14.742042118292629 ] } },
{ "type": "Feature", "properties": { "name": "Apolonio Samson Elementary School", "category": "education", "amenity": "school", "building": null, "shop": null, "landuse": null }, "geometry": { "type": "Point", "coordinates": [ 121.008907580175745, 14.654834853265257 ] } },
{ "type": "Feature", "properties": { "name": "Doña Josefa E. Marcos Elementary School", "category": "education", "amenity": "school", "building": null, "shop": null, "landuse": null }, "geometry": { "type": "Point", "coordinates": [ 121.063024491752145, 14.615875631979545 ] } },
{ "type": "Feature", "properties": { "name": "Institute for Small-Scale Industries", "category": "education", "amenity": "college", "building": null, "shop": null, "landuse": null }, "geometry": { "type": "Point", "coordinates": [ 121.061845195885141, 14.656554018082087 ] } },
{ "type": "Feature", "properties": { "name": "National College of Public Administration and Governance", "category": "education", "amenity": "college", "building": null, "shop": null, "landuse": null }, "geometry": { "type": "Point", "coordinates": [ 121.060275308417701, 14.656361121269647 ] } },
{ "type": "Feature", "properties": { "name": "Diliman Preparatory School Annex", "category": "education", "amenity": "school", "building": null, "shop": null, "landuse": null }, "geometry": { "type": "Point", "coordinates": [ 121.027747388097893, 14.682874392446303 ] } },
{ "type": "Feature", "properties": { "name": "Holy Family School of Quezon City", "category": "education", "amenity": "school", "building": null, "shop": null, "landuse": null }, "geometry": { "type": "Point", "coordinates": [ 121.056673175857952, 14.647357515974939 ] } },
{ "type": "Feature", "properties": { "name": "Claret School of Quezon City", "category": "education", "amenity": "school", "building": null, "shop": null, "landuse": null }, "geometry": { "type": "Point", "coordinates": [ 121.055770981065493, 14.646968582931436 ] } },
{ "type": "Feature", "properties": { "name": "Lucrecia R. Kasilag Senior High School", "category": "education", "amenity": "school", "building": null, "shop": null, "landuse": null }, "geometry": { "type": "Point", "coordinates": [ 121.023663405075581, 14.654177769251083 ] } },
{ "type": "Feature", "properties": { "name": "Esteban Abada Elementary School", "category": "education", "amenity": "school", "building": null, "shop": null, "landuse": null }, "geometry": { "type": "Point", "coordinates": [ 121.024471447945174, 14.654308864759839 ] } },
{ "type": "Feature", "properties": { "name": "Jose P. Laurel, Sr. High School", "category": "education", "amenity": "school", "building": null, "shop": null, "landuse": null }, "geometry": { "type": "Point", "coordinates": [ 121.068284741495219, 14.622231351413932 ] } },
{ "type": "Feature", "properties": { "name": "Thames International School of Asia", "category": "education", "amenity": "school", "building": null, "shop": null, "landuse": null }, "geometry": { "type": "Point", "coordinates": [ 121.08455202866098, 14.605429352812553 ] } },
{ "type": "Feature", "properties": { "name": "Lourdes School of Quezon City", "category": "education", "amenity": "school", "building": null, "shop": null, "landuse": null }, "geometry": { "type": "Point", "coordinates": [ 120.997413346770287, 14.629800778738401 ] } },
{ "type": "Feature", "properties": { "name": "Maligaya Elementary School", "category": "education", "amenity": "school", "building": null, "shop": null, "landuse": null }, "geometry": { "type": "Point", "coordinates": [ 121.065315433535829, 14.741823107360959 ] } },
{ "type": "Feature", "properties": { "name": "Maligaya High School", "category": "education", "amenity": "school", "building": null, "shop": null, "landuse": null }, "geometry": { "type": "Point", "coordinates": [ 121.065339870876173, 14.741183231287259 ] } },
{ "type": "Feature", "properties": { "name": "Bagong Pag-asa Elementary School", "category": "education", "amenity": "school", "building": null, "shop": null, "landuse": null }, "geometry": { "type": "Point", "coordinates": [ 121.033689046809911, 14.663276602036296 ] } },
{ "type": "Feature", "properties": { "name": "Santo Niño Parochial School", "category": "education", "amenity": "school", "building": null, "shop": null, "landuse": null }, "geometry": { "type": "Point", "coordinates": [ 121.026036362191164, 14.660531858982887 ] } },
{ "type": "Feature", "properties": { "name": "Malaya Elementary School", "category": "education", "amenity": "school", "building": null, "shop": null, "landuse": null }, "geometry": { "type": "Point", "coordinates": [ 121.054994147524539, 14.634934126748936 ] } },
{ "type": "Feature", "properties": { "name": "AISAT", "category": "education", "amenity": "college", "building": null, "shop": null, "landuse": null }, "geometry": { "type": "Point", "coordinates": [ 121.060343028712609, 14.73162142615638 ] } },
{ "type": "Feature", "properties": { "name": "Bestlink College of the Philippines - Criminology Department", "category": "education", "amenity": "college", "building": null, "shop": null, "landuse": null }, "geometry": { "type": "Point", "coordinates": [ 121.036739426535576, 14.729148999061698 ] } },
{ "type": "Feature", "properties": { "name": "Goodwill Elementary School", "category": "education", "amenity": "school", "building": null, "shop": null, "landuse": null }, "geometry": { "type": "Point", "coordinates": [ 121.028007531392333, 14.696897511008689 ] } },
{ "type": "Feature", "properties": { "name": "Leopoldo B. Santos Elementary School", "category": "education", "amenity": "school", "building": null, "shop": null, "landuse": null }, "geometry": { "type": "Point", "coordinates": [ 121.013046182421064, 14.67542764363108 ] } },
{ "type": "Feature", "properties": { "name": "Colegio de San Bartolome De Novaliches", "category": "education", "amenity": "school", "building": null, "shop": null, "landuse": null }, "geometry": { "type": "Point", "coordinates": [ 121.033791570397966, 14.701300246143788 ] } },
{ "type": "Feature", "properties": { "name": "San Bartolome High School", "category": "education", "amenity": "school", "building": null, "shop": null, "landuse": null }, "geometry": { "type": "Point", "coordinates": [ 121.030788833958979, 14.700054158877986 ] } },
{ "type": "Feature", "properties": { "name": "Quezon City Polytechnic University Main Campus", "category": "education", "amenity": "university", "building": null, "shop": null, "landuse": "education" }, "geometry": { "type": "Point", "coordinates": [ 121.032610211334244, 14.700361573465775 ] } },
{ "type": "Feature", "properties": { "name": "UP College of Media and Communication", "category": "education", "amenity": "college", "building": null, "shop": null, "landuse": null }, "geometry": { "type": "Point", "coordinates": [ 121.064015142470225, 14.656510104170779 ] } },
{ "type": "Feature", "properties": { "name": "St. Theresa's College Quezon City", "category": "education", "amenity": "school", "building": null, "shop": null, "landuse": null }, "geometry": { "type": "Point", "coordinates": [ 121.001901929589351, 14.62825226679513 ] } },
{ "type": "Feature", "properties": { "name": "Leandro Locsin Integrated School", "category": "education", "amenity": "school", "building": null, "shop": null, "landuse": null }, "geometry": { "type": "Point", "coordinates": [ 121.046357440797095, 14.727862992724491 ] } },
{ "type": "Feature", "properties": { "name": "Carlos P. Romulo Senior High School", "category": "education", "amenity": "school", "building": null, "shop": null, "landuse": null }, "geometry": { "type": "Point", "coordinates": [ 121.033759989552223, 14.662777815093886 ] } },
{ "type": "Feature", "properties": { "name": "Nick M. Joaquin Senior High School", "category": "education", "amenity": "school", "building": null, "shop": null, "landuse": null }, "geometry": { "type": "Point", "coordinates": [ 121.020264782983844, 14.664881735230344 ] } },
{ "type": "Feature", "properties": { "name": "Toro Hills Elementary School", "category": "education", "amenity": "school", "building": null, "shop": null, "landuse": null }, "geometry": { "type": "Point", "coordinates": [ 121.020761043479439, 14.66513733644295 ] } },
{ "type": "Feature", "properties": { "name": "Vito L. Belarmino Senior High School", "category": "education", "amenity": "school", "building": null, "shop": null, "landuse": null }, "geometry": { "type": "Point", "coordinates": [ 121.068603632410628, 14.621112536630424 ] } },
{ "type": "Feature", "properties": { "name": "Eugenio M. Lopez Jr. Center for Media Arts Senior High School", "category": "education", "amenity": "school", "building": null, "shop": null, "landuse": null }, "geometry": { "type": "Point", "coordinates": [ 121.036501007345265, 14.629036472294938 ] } },
{ "type": "Feature", "properties": { "name": "Kamuning Elementary School", "category": "education", "amenity": "school", "building": null, "shop": null, "landuse": null }, "geometry": { "type": "Point", "coordinates": [ 121.037126770276842, 14.629405587554681 ] } },
{ "type": "Feature", "properties": { "name": "Quezon City High School", "category": "education", "amenity": "school", "building": null, "shop": null, "landuse": null }, "geometry": { "type": "Point", "coordinates": [ 121.037599125260542, 14.63002360038411 ] } },
{ "type": "Feature", "properties": { "name": "Balara High School", "category": "education", "amenity": "school", "building": "yes", "shop": null, "landuse": null }, "geometry": { "type": "Point", "coordinates": [ 121.079064075579836, 14.644569269329555 ] } },
{ "type": "Feature", "properties": { "name": "Loyola Schools", "category": "education", "amenity": "college", "building": null, "shop": null, "landuse": null }, "geometry": { "type": "Point", "coordinates": [ 121.076707086937873, 14.639381502951945 ] } },
{ "type": "Feature", "properties": { "name": "Ateneo Grade School", "category": "education", "amenity": "school", "building": null, "shop": null, "landuse": null }, "geometry": { "type": "Point", "coordinates": [ 121.077874424608751, 14.634053577422627 ] } },
{ "type": "Feature", "properties": { "name": "National College of Business and Arts", "category": "education", "amenity": "college", "building": null, "shop": null, "landuse": null }, "geometry": { "type": "Point", "coordinates": [ 121.068226895658199, 14.705827129130503 ] } },
{ "type": "Feature", "properties": { "name": "National Defense College of the Philippines", "category": "education", "amenity": "college", "building": "yes", "shop": null, "landuse": null }, "geometry": { "type": "Point", "coordinates": [ 121.067937511514828, 14.609345595220153 ] } },
{ "type": "Feature", "properties": { "name": "Ateneo de Manila High School", "category": "education", "amenity": "school", "building": null, "shop": null, "landuse": null }, "geometry": { "type": "Point", "coordinates": [ 121.081485832614405, 14.644371922651786 ] } },
{ "type": "Feature", "properties": { "name": "Saint Pedro Poveda College", "category": "education", "amenity": "college", "building": null, "shop": null, "landuse": null }, "geometry": { "type": "Point", "coordinates": [ 121.058610157617395, 14.590131233606517 ] } },
{ "type": "Feature", "properties": { "name": "College of Arts and Letters", "category": "education", "amenity": "college", "building": "yes", "shop": null, "landuse": null }, "geometry": { "type": "Point", "coordinates": [ 121.067430408022304, 14.652642823701264 ] } },
{ "type": "Feature", "properties": { "name": "Benitez Hall", "category": "education", "amenity": "college", "building": "yes", "shop": null, "landuse": null }, "geometry": { "type": "Point", "coordinates": [ 121.072144284471946, 14.653486730247888 ] } },
{ "type": "Feature", "properties": { "name": "Santo Cristo Elementary School", "category": "education", "amenity": "school", "building": null, "shop": null, "landuse": null }, "geometry": { "type": "Point", "coordinates": [ 121.028668663641952, 14.661220738731783 ] } },
{ "type": "Feature", "properties": { "name": "University of Santo Tomas - Angelicum College", "category": "education", "amenity": "college", "building": null, "shop": null, "landuse": null }, "geometry": { "type": "Point", "coordinates": [ 121.009726926826218, 14.626674973466391 ] } },
{ "type": "Feature", "properties": { "name": "Marine Science Institute", "category": "education", "amenity": "university", "building": null, "shop": null, "landuse": null }, "geometry": { "type": "Point", "coordinates": [ 121.069112822491448, 14.65067084178496 ] } },
{ "type": "Feature", "properties": { "name": "St. Luke's College of Medicine William H. Quasha Memorial", "category": "education", "amenity": "college", "building": "college", "shop": null, "landuse": null }, "geometry": { "type": "Point", "coordinates": [ 121.023020656803766, 14.623993026490112 ] } },
{ "type": "Feature", "properties": { "name": "UP School of Urban and Regional Planning", "category": "education", "amenity": "college", "building": null, "shop": null, "landuse": null }, "geometry": { "type": "Point", "coordinates": [ 121.062903851939566, 14.657161757775524 ] } },
{ "type": "Feature", "properties": { "name": "Sisters of Mount Carmel Catholic School inc. Quezon City", "category": "education", "amenity": "school", "building": null, "shop": null, "landuse": null }, "geometry": { "type": "Point", "coordinates": [ 121.070497319726513, 14.696021647386539 ] } },
{ "type": "Feature", "properties": { "name": "Cubao Elementary School", "category": "education", "amenity": "school", "building": null, "shop": null, "landuse": null }, "geometry": { "type": "Point", "coordinates": [ 121.050939799481966, 14.62258855256732 ] } },
{ "type": "Feature", "properties": { "name": "Stella Maris College", "category": "education", "amenity": "college", "building": null, "shop": null, "landuse": null }, "geometry": { "type": "Point", "coordinates": [ 121.053805680069416, 14.624703222577649 ] } },
{ "type": "Feature", "properties": { "name": "St. John of Beverly", "category": "education", "amenity": "school", "building": null, "shop": null, "landuse": null }, "geometry": { "type": "Point", "coordinates": [ 121.037340113992528, 14.705908308037625 ] } },
{ "type": "Feature", "properties": { "name": "Philippine School of Business Administration", "category": "education", "amenity": "college", "building": null, "shop": null, "landuse": null }, "geometry": { "type": "Point", "coordinates": [ 121.073032581023455, 14.629570625347034 ] } },
{ "type": "Feature", "properties": { "name": "Juan Sumulong High School", "category": "education", "amenity": "school", "building": null, "shop": null, "landuse": null }, "geometry": { "type": "Point", "coordinates": [ 121.061336452040365, 14.62197977586986 ] } },
{ "type": "Feature", "properties": { "name": "Teodora Alonzo Elementary School", "category": "education", "amenity": "school", "building": null, "shop": null, "landuse": null }, "geometry": { "type": "Point", "coordinates": [ 121.069585230485913, 14.625503447280169 ] } },
{ "type": "Feature", "properties": { "name": "Miriam College", "category": "education", "amenity": "college", "building": null, "shop": null, "landuse": null }, "geometry": { "type": "Point", "coordinates": [ 121.076995206437928, 14.643841711237357 ] } },
{ "type": "Feature", "properties": { "name": "Holy Angels Montessori School", "category": "education", "amenity": "school", "building": "yes", "shop": null, "landuse": null }, "geometry": { "type": "Point", "coordinates": [ 121.069257748993877, 14.624042866015134 ] } },
{ "type": "Feature", "properties": { "name": "Technological Institute of the Philippines", "category": "education", "amenity": "college", "building": null, "shop": null, "landuse": null }, "geometry": { "type": "Point", "coordinates": [ 121.062030940818474, 14.625653025480304 ] } },
{ "type": "Feature", "properties": { "name": "15th Avenue Elementary School", "category": "education", "amenity": "school", "building": null, "shop": null, "landuse": null }, "geometry": { "type": "Point", "coordinates": [ 121.057925564767032, 14.621369200176844 ] } },
{ "type": "Feature", "properties": { "name": "Saint Anthony", "category": "education", "amenity": "school", "building": null, "shop": null, "landuse": null }, "geometry": { "type": "Point", "coordinates": [ 121.066945830187379, 14.734304322821934 ] } },
{ "type": "Feature", "properties": { "name": "Acelina Montessori School", "category": "education", "amenity": "school", "building": null, "shop": null, "landuse": null }, "geometry": { "type": "Point", "coordinates": [ 121.046394799998481, 14.685097300011003 ] } },
{ "type": "Feature", "properties": { "name": "Philippine Science High School Main Campus", "category": "education", "amenity": "school", "building": null, "shop": null, "landuse": null }, "geometry": { "type": "Point", "coordinates": [ 121.040355794395424, 14.650767649052346 ] } },
{ "type": "Feature", "properties": { "name": "Camp General E. Aguinaldo High School", "category": "education", "amenity": "school", "building": null, "shop": null, "landuse": null }, "geometry": { "type": "Point", "coordinates": [ 121.064812439159837, 14.612640865720497 ] } },
{ "type": "Feature", "properties": { "name": "Diosdado P. Macapagal Elementary School", "category": "education", "amenity": "school", "building": null, "shop": null, "landuse": null }, "geometry": { "type": "Point", "coordinates": [ 121.012450371643084, 14.622494120523928 ] } },
{ "type": "Feature", "properties": { "name": "Dr. Josefa Jara Martinez High School", "category": "education", "amenity": "school", "building": null, "shop": null, "landuse": null }, "geometry": { "type": "Point", "coordinates": [ 121.012999611905244, 14.621845647848881 ] } },
{ "type": "Feature", "properties": { "name": "Eulogio Rodriguez Jr. High School", "category": "education", "amenity": "school", "building": null, "shop": null, "landuse": null }, "geometry": { "type": "Point", "coordinates": [ 120.994560439197443, 14.632701692856944 ] } },
{ "type": "Feature", "properties": { "name": "Manuel L. Quezon University Diliman Campus", "category": "education", "amenity": "university", "building": null, "shop": null, "landuse": "commercial" }, "geometry": { "type": "Point", "coordinates": [ 121.044107422767226, 14.635807810293237 ] } },
{ "type": "Feature", "properties": { "name": "Halili-Cruz School of Ballet", "category": "education", "amenity": "school", "building": null, "shop": null, "landuse": null }, "geometry": { "type": "Point", "coordinates": [ 121.024203400118054, 14.636525700040071 ] } },
{ "type": "Feature", "properties": { "name": "St. Mary's College of Quezon City", "category": "education", "amenity": "college", "building": null, "shop": null, "landuse": null }, "geometry": { "type": "Point", "coordinates": [ 121.025236818354202, 14.634484284612254 ] } },
{ "type": "Feature", "properties": { "name": "Fairview Baptist Academy", "category": "education", "amenity": "school", "building": null, "shop": null, "landuse": null }, "geometry": { "type": "Point", "coordinates": [ 121.075105870570297, 14.704595943825495 ] } },
{ "type": "Feature", "properties": { "name": "Falcon Learning Center", "category": "education", "amenity": "school", "building": null, "shop": null, "landuse": null }, "geometry": { "type": "Point", "coordinates": [ 121.061257350014174, 14.699943149934695 ] } },
{ "type": "Feature", "properties": { "name": "Hope Christian Academy", "category": "education", "amenity": "school", "building": null, "shop": null, "landuse": null }, "geometry": { "type": "Point", "coordinates": [ 121.063506049991446, 14.699932250035921 ] } },
{ "type": "Feature", "properties": { "name": "North Fairview Elementary School", "category": "education", "amenity": "school", "building": null, "shop": null, "landuse": null }, "geometry": { "type": "Point", "coordinates": [ 121.06597582901783, 14.708515876835763 ] } },
{ "type": "Feature", "properties": { "name": "North Fairview High School", "category": "education", "amenity": "school", "building": null, "shop": null, "landuse": null }, "geometry": { "type": "Point", "coordinates": [ 121.066143288205112, 14.70926634767299 ] } },
{ "type": "Feature", "properties": { "name": "Fairview Elementary School", "category": "education", "amenity": "school", "building": null, "shop": null, "landuse": null }, "geometry": { "type": "Point", "coordinates": [ 121.066694287818905, 14.70890592617023 ] } },
{ "type": "Feature", "properties": { "name": "Good Shepherd Cathedral School", "category": "education", "amenity": "school", "building": null, "shop": null, "landuse": null }, "geometry": { "type": "Point", "coordinates": [ 121.066725846555158, 14.697599818389449 ] } },
{ "type": "Feature", "properties": { "name": "Blessed Scalabrian Institute", "category": "education", "amenity": "school", "building": null, "shop": null, "landuse": null }, "geometry": { "type": "Point", "coordinates": [ 121.065128000017552, 14.697507049899503 ] } },
{ "type": "Feature", "properties": { "name": "Achievers Academy of QC", "category": "education", "amenity": "school", "building": null, "shop": null, "landuse": null }, "geometry": { "type": "Point", "coordinates": [ 121.05951202439563, 14.699735358658755 ] } },
{ "type": "Feature", "properties": { "name": "Active Thinkers Child Development Center", "category": "education", "amenity": "school", "building": null, "shop": null, "landuse": null }, "geometry": { "type": "Point", "coordinates": [ 121.059707913774133, 14.698627525298464 ] } },
{ "type": "Feature", "properties": { "name": "St. Augustine School of Nursing", "category": "education", "amenity": "school", "building": null, "shop": null, "landuse": null }, "geometry": { "type": "Point", "coordinates": [ 121.033073199977494, 14.650246200027576 ] } },
{ "type": "Feature", "properties": { "name": "Philippine Institute of Quezon City", "category": "education", "amenity": "school", "building": null, "shop": null, "landuse": null }, "geometry": { "type": "Point", "coordinates": [ 121.008869650076207, 14.618822399867637 ] } },
{ "type": "Feature", "properties": { "name": "Bago Bantay Elementary School", "category": "education", "amenity": "school", "building": null, "shop": null, "landuse": null }, "geometry": { "type": "Point", "coordinates": [ 121.022977645158846, 14.66036991059908 ] } },
{ "type": "Feature", "properties": { "name": "Asian Institute of Tourism", "category": "education", "amenity": "college", "building": null, "shop": null, "landuse": null }, "geometry": { "type": "Point", "coordinates": [ 121.061269184596881, 14.660496264200837 ] } },
{ "type": "Feature", "properties": { "name": "Philippine Social Science Institute", "category": "education", "amenity": "college", "building": null, "shop": null, "landuse": null }, "geometry": { "type": "Point", "coordinates": [ 121.062364697004085, 14.660950022340344 ] } },
{ "type": "Feature", "properties": { "name": "Doña Juana Elementary School", "category": "education", "amenity": "school", "building": null, "shop": null, "landuse": null }, "geometry": { "type": "Point", "coordinates": [ 121.081754771534136, 14.689435354278263 ] } },
{ "type": "Feature", "properties": { "name": "UP Integrated School 3-6", "category": "education", "amenity": "school", "building": "yes", "shop": null, "landuse": null }, "geometry": { "type": "Point", "coordinates": [ 121.072167546217742, 14.652995844507828 ] } },
{ "type": "Feature", "properties": { "name": "College of Evangelical Ministry", "category": "education", "amenity": "university", "building": "college", "shop": null, "landuse": null }, "geometry": { "type": "Point", "coordinates": [ 121.064833517284299, 14.662650579568835 ] } },
{ "type": "Feature", "properties": { "name": "San Antonio Elementary School", "category": "education", "amenity": "school", "building": null, "shop": null, "landuse": null }, "geometry": { "type": "Point", "coordinates": [ 121.017536392503402, 14.65641387003121 ] } },
{ "type": "Feature", "properties": { "name": "UP School of Labor and Industrial Relations", "category": "education", "amenity": "college", "building": null, "shop": null, "landuse": null }, "geometry": { "type": "Point", "coordinates": [ 121.061707273134573, 14.657283187650718 ] } },
{ "type": "Feature", "properties": { "name": "Pasong Tamo Elementary School", "category": "education", "amenity": "school", "building": null, "shop": null, "landuse": null }, "geometry": { "type": "Point", "coordinates": [ 121.046747423549974, 14.673990046457384 ] } },
{ "type": "Feature", "properties": { "name": "Culiat High School", "category": "education", "amenity": "school", "building": null, "shop": null, "landuse": null }, "geometry": { "type": "Point", "coordinates": [ 121.05632329312138, 14.668261479168308 ] } },
{ "type": "Feature", "properties": { "name": "Don Alejandro Roces, Sr. Science and Technology High School", "category": "education", "amenity": "school", "building": null, "shop": null, "landuse": null }, "geometry": { "type": "Point", "coordinates": [ 121.031154481759671, 14.628712948428483 ] } },
{ "type": "Feature", "properties": { "name": "Libis Elementary School", "category": "education", "amenity": "school", "building": null, "shop": null, "landuse": null }, "geometry": { "type": "Point", "coordinates": [ 121.072686311931051, 14.615352209019896 ] } },
{ "type": "Feature", "properties": { "name": "St. Josephs College", "category": "education", "amenity": "college", "building": null, "shop": null, "landuse": null }, "geometry": { "type": "Point", "coordinates": [ 121.024959658516536, 14.62306824682493 ] } },
{ "type": "Feature", "properties": { "name": "Garden of Life School", "category": "education", "amenity": "school", "building": null, "shop": null, "landuse": null }, "geometry": { "type": "Point", "coordinates": [ 121.080495830459952, 14.69141856182916 ] } },
{ "type": "Feature", "properties": { "name": "Masambong Elementary School", "category": "education", "amenity": "school", "building": null, "shop": null, "landuse": null }, "geometry": { "type": "Point", "coordinates": [ 121.007476875919565, 14.639641150475395 ] } },
{ "type": "Feature", "properties": { "name": null, "category": "education", "amenity": "college", "building": "yes", "shop": null, "landuse": null }, "geometry": { "type": "Point", "coordinates": [ 121.029597449408342, 14.624612573119528 ] } },
{ "type": "Feature", "properties": { "name": "St. Vincent School", "category": "education", "amenity": "school", "building": null, "shop": null, "landuse": null }, "geometry": { "type": "Point", "coordinates": [ 121.028295888460889, 14.6495974433642 ] } },
{ "type": "Feature", "properties": { "name": "Our Lady of the Sacred Heart School", "category": "education", "amenity": "school", "building": null, "shop": null, "landuse": null }, "geometry": { "type": "Point", "coordinates": [ 121.010234264536436, 14.614468605942553 ] } },
{ "type": "Feature", "properties": { "name": "Siena College", "category": "education", "amenity": "college", "building": null, "shop": null, "landuse": null }, "geometry": { "type": "Point", "coordinates": [ 121.004513738982737, 14.638093464684719 ] } },
{ "type": "Feature", "properties": { "name": null, "category": "education", "amenity": "school", "building": "yes", "shop": null, "landuse": null }, "geometry": { "type": "Point", "coordinates": [ 121.055195316564436, 14.646474378876716 ] } },
{ "type": "Feature", "properties": { "name": null, "category": "education", "amenity": "school", "building": "yes", "shop": null, "landuse": null }, "geometry": { "type": "Point", "coordinates": [ 121.056349100014089, 14.646657949995376 ] } },
{ "type": "Feature", "properties": { "name": "Saint Theresa's School of Novaliches", "category": "education", "amenity": "school", "building": null, "shop": null, "landuse": null }, "geometry": { "type": "Point", "coordinates": [ 121.049945071255735, 14.733901505091756 ] } },
{ "type": "Feature", "properties": { "name": "Santa Teresa de Avila College", "category": "education", "amenity": "college", "building": null, "shop": null, "landuse": null }, "geometry": { "type": "Point", "coordinates": [ 121.050488750035456, 14.733626850001539 ] } },
{ "type": "Feature", "properties": { "name": "Divine Word Mission Seminary", "category": "education", "amenity": "college", "building": "yes", "shop": null, "landuse": null }, "geometry": { "type": "Point", "coordinates": [ 121.030262595580723, 14.624800257049516 ] } },
{ "type": "Feature", "properties": { "name": "Sacred Heart Academy of La Loma", "category": "education", "amenity": "school", "building": null, "shop": null, "landuse": null }, "geometry": { "type": "Point", "coordinates": [ 120.991620481883899, 14.626596709753871 ] } },
{ "type": "Feature", "properties": { "name": "World Citi Colleges", "category": "education", "amenity": "college", "building": null, "shop": null, "landuse": null }, "geometry": { "type": "Point", "coordinates": [ 121.063315092408175, 14.627217169039252 ] } },
{ "type": "Feature", "properties": { "name": "Maranatha Christian Academy", "category": "education", "amenity": "school", "building": null, "shop": null, "landuse": null }, "geometry": { "type": "Point", "coordinates": [ 121.023357229156517, 14.656189065422103 ] } },
{ "type": "Feature", "properties": { "name": "UP Integrated School K-2", "category": "education", "amenity": "school", "building": "yes", "shop": null, "landuse": null }, "geometry": { "type": "Point", "coordinates": [ 121.072577881403419, 14.652343318618959 ] } },
{ "type": "Feature", "properties": { "name": null, "category": "education", "amenity": "school", "building": "yes", "shop": null, "landuse": null }, "geometry": { "type": "Point", "coordinates": [ 121.072155221038827, 14.65234587766048 ] } },
{ "type": "Feature", "properties": { "name": "Olympian Preparatory and English School", "category": "education", "amenity": "school", "building": null, "shop": null, "landuse": null }, "geometry": { "type": "Point", "coordinates": [ 121.051611937482832, 14.720510805505015 ] } },
{ "type": "Feature", "properties": { "name": "Institute of Chemistry", "category": "education", "amenity": "university", "building": null, "shop": null, "landuse": null }, "geometry": { "type": "Point", "coordinates": [ 121.073109862216299, 14.650899456205376 ] } },
{ "type": "Feature", "properties": { "name": "Marian School of Quezon City", "category": "education", "amenity": "school", "building": null, "shop": null, "landuse": null }, "geometry": { "type": "Point", "coordinates": [ 121.04427296545407, 14.694088909255481 ] } },
{ "type": "Feature", "properties": { "name": "Flora A. Ylagan High School", "category": "education", "amenity": "school", "building": null, "shop": null, "landuse": null }, "geometry": { "type": "Point", "coordinates": [ 121.04726059657456, 14.636508917445223 ] } },
{ "type": "Feature", "properties": { "name": "Eliazo Hall", "category": "education", "amenity": "university", "building": "yes", "shop": null, "landuse": null }, "geometry": { "type": "Point", "coordinates": [ 121.080492819990852, 14.638710338352093 ] } },
{ "type": "Feature", "properties": { "name": "Samar Study Center", "category": "education", "amenity": "school", "building": "yes", "shop": null, "landuse": null }, "geometry": { "type": "Point", "coordinates": [ 121.037507948746708, 14.641710167152413 ] } },
{ "type": "Feature", "properties": { "name": "People of Grace Christian School", "category": "education", "amenity": "school", "building": null, "shop": null, "landuse": null }, "geometry": { "type": "Point", "coordinates": [ 121.038894935485587, 14.62851987125717 ] } },
{ "type": "Feature", "properties": { "name": "Central Colleges of the Philippines", "category": "education", "amenity": "college", "building": null, "shop": null, "landuse": null }, "geometry": { "type": "Point", "coordinates": [ 121.019826132483416, 14.605603287965224 ] } },
{ "type": "Feature", "properties": { "name": "Ateneo de Manila University", "category": "education", "amenity": "university", "building": null, "shop": null, "landuse": null }, "geometry": { "type": "Point", "coordinates": [ 121.078821077352842, 14.639082030267028 ] } },
{ "type": "Feature", "properties": { "name": "St. Vincent School", "category": "education", "amenity": "school", "building": "yes", "shop": null, "landuse": null }, "geometry": { "type": "Point", "coordinates": [ 121.060789585861016, 14.643938373848718 ] } },
{ "type": "Feature", "properties": { "name": null, "category": "education", "amenity": "college", "building": null, "shop": null, "landuse": null }, "geometry": { "type": "Point", "coordinates": [ 121.033556627218474, 14.687663510785214 ] } },
{ "type": "Feature", "properties": { "name": null, "category": "education", "amenity": "college", "building": null, "shop": null, "landuse": null }, "geometry": { "type": "Point", "coordinates": [ 121.033648635206546, 14.687208099370892 ] } },
{ "type": "Feature", "properties": { "name": "Shining Hope Academy", "category": "education", "amenity": "school", "building": null, "shop": null, "landuse": null }, "geometry": { "type": "Point", "coordinates": [ 121.055698132876103, 14.672978148653799 ] } },
{ "type": "Feature", "properties": { "name": "Servants of Charity", "category": "education", "amenity": "college", "building": "office", "shop": null, "landuse": null }, "geometry": { "type": "Point", "coordinates": [ 121.055969110015226, 14.679447904698199 ] } },
{ "type": "Feature", "properties": { "name": "Ramon Magsaysay (Cubao) High School", "category": "education", "amenity": "school", "building": null, "shop": null, "landuse": null }, "geometry": { "type": "Point", "coordinates": [ 121.046456147654709, 14.627468588503746 ] } },
{ "type": "Feature", "properties": { "name": null, "category": "education", "amenity": "college", "building": "commercial", "shop": null, "landuse": null }, "geometry": { "type": "Point", "coordinates": [ 121.027504549992614, 14.655846199999296 ] } },
{ "type": "Feature", "properties": { "name": "St. Anthony Academy of Quezon City", "category": "education", "amenity": "school", "building": null, "shop": null, "landuse": null }, "geometry": { "type": "Point", "coordinates": [ 121.046963719152672, 14.681249943753576 ] } },
{ "type": "Feature", "properties": { "name": "Emilio Jacinto National High School", "category": "education", "amenity": "school", "building": null, "shop": null, "landuse": null }, "geometry": { "type": "Point", "coordinates": [ 121.052504283007337, 14.677423720752191 ] } },
{ "type": "Feature", "properties": { "name": "PMI Colleges", "category": "education", "amenity": "college", "building": null, "shop": null, "landuse": null }, "geometry": { "type": "Point", "coordinates": [ 121.017513378136059, 14.634188028970433 ] } },
{ "type": "Feature", "properties": { "name": "College of Fine Arts", "category": "education", "amenity": "college", "building": "yes", "shop": null, "landuse": null }, "geometry": { "type": "Point", "coordinates": [ 121.061878014802019, 14.652322524983294 ] } },
{ "type": "Feature", "properties": { "name": "Computational Science Research Center", "category": "education", "amenity": "college", "building": null, "shop": null, "landuse": null }, "geometry": { "type": "Point", "coordinates": [ 121.071214114249912, 14.64980653129035 ] } },
{ "type": "Feature", "properties": { "name": "AMA Computer University", "category": "education", "amenity": "university", "building": null, "shop": null, "landuse": null }, "geometry": { "type": "Point", "coordinates": [ 121.013145876940683, 14.664662560444402 ] } },
{ "type": "Feature", "properties": { "name": "O. B. Montessori Center, Fairview Campus", "category": "education", "amenity": "school", "building": null, "shop": null, "landuse": null }, "geometry": { "type": "Point", "coordinates": [ 121.057110362235179, 14.727459789539664 ] } },
{ "type": "Feature", "properties": { "name": "Devon House", "category": "education", "amenity": "college", "building": "yes", "shop": null, "landuse": null }, "geometry": { "type": "Point", "coordinates": [ 121.053862384323423, 14.674992478719817 ] } },
{ "type": "Feature", "properties": { "name": "Kostka School", "category": "education", "amenity": "school", "building": null, "shop": null, "landuse": null }, "geometry": { "type": "Point", "coordinates": [ 121.073797021230405, 14.635703467352199 ] } },
{ "type": "Feature", "properties": { "name": "Mater Christi School", "category": "education", "amenity": "school", "building": null, "shop": null, "landuse": null }, "geometry": { "type": "Point", "coordinates": [ 121.073883669756256, 14.642242117805063 ] } },
{ "type": "Feature", "properties": { "name": "San Diego Elementary School", "category": "education", "amenity": "school", "building": null, "shop": null, "landuse": null }, "geometry": { "type": "Point", "coordinates": [ 121.09489752209187, 14.686691215737785 ] } },
{ "type": "Feature", "properties": { "name": "Romarinda International School", "category": "education", "amenity": "school", "building": null, "shop": null, "landuse": null }, "geometry": { "type": "Point", "coordinates": [ 121.04620207140124, 14.679609232497077 ] } },
{ "type": "Feature", "properties": { "name": "God's Little Creation School", "category": "education", "amenity": "school", "building": null, "shop": null, "landuse": null }, "geometry": { "type": "Point", "coordinates": [ 121.037264820199411, 14.672362009318364 ] } },
{ "type": "Feature", "properties": { "name": "Philippine Women's University of Quezon City", "category": "education", "amenity": "university", "building": null, "shop": null, "landuse": null }, "geometry": { "type": "Point", "coordinates": [ 121.034005528932184, 14.647292156974855 ] } },
{ "type": "Feature", "properties": { "name": "Immaculate Heart of Mary College", "category": "education", "amenity": "college", "building": null, "shop": null, "landuse": null }, "geometry": { "type": "Point", "coordinates": [ 121.020286287801312, 14.606165048159585 ] } },
{ "type": "Feature", "properties": { "name": "UP Integrated School 7-12", "category": "education", "amenity": "school", "building": null, "shop": null, "landuse": null }, "geometry": { "type": "Point", "coordinates": [ 121.073495461814687, 14.653057605203285 ] } },
{ "type": "Feature", "properties": { "name": "Department of Military Science and Tactics Complex", "category": "education", "amenity": "school", "building": null, "shop": null, "landuse": null }, "geometry": { "type": "Point", "coordinates": [ 121.064151735455056, 14.658325747582495 ] } },
{ "type": "Feature", "properties": { "name": "Jubilee Christian Academy", "category": "education", "amenity": "school", "building": null, "shop": null, "landuse": null }, "geometry": { "type": "Point", "coordinates": [ 121.035864611264373, 14.615996172451439 ] } },
{ "type": "Feature", "properties": { "name": "St. Paul University Quezon City", "category": "education", "amenity": "university", "building": null, "shop": null, "landuse": null }, "geometry": { "type": "Point", "coordinates": [ 121.035554702389092, 14.614863704037543 ] } },
{ "type": "Feature", "properties": { "name": "Manuel A. Roxas High School", "category": "education", "amenity": "school", "building": null, "shop": null, "landuse": null }, "geometry": { "type": "Point", "coordinates": [ 121.024564625153346, 14.628919103747197 ] } },
{ "type": "Feature", "properties": { "name": "Saint Joseph School of Fairview", "category": "education", "amenity": "school", "building": null, "shop": null, "landuse": null }, "geometry": { "type": "Point", "coordinates": [ 121.061753485156842, 14.708229668699031 ] } },
{ "type": "Feature", "properties": { "name": "Cesar E.A. Virata School of Business", "category": "education", "amenity": "school", "building": null, "shop": null, "landuse": null }, "geometry": { "type": "Point", "coordinates": [ 121.07367459243909, 14.655153105157517 ] } },
{ "type": "Feature", "properties": { "name": "UP College of Law", "category": "education", "amenity": "college", "building": null, "shop": null, "landuse": null }, "geometry": { "type": "Point", "coordinates": [ 121.07215538333007, 14.656816800561582 ] } },
{ "type": "Feature", "properties": { "name": "UP School of Economics", "category": "education", "amenity": "college", "building": null, "shop": null, "landuse": null }, "geometry": { "type": "Point", "coordinates": [ 121.073529539833274, 14.656169894324178 ] } },
{ "type": "Feature", "properties": { "name": "Grace Christian College", "category": "education", "amenity": "college", "building": null, "shop": null, "landuse": null }, "geometry": { "type": "Point", "coordinates": [ 121.00490112944297, 14.650407228522095 ] } },
{ "type": "Feature", "properties": { "name": "Tandang Sora National High School", "category": "education", "amenity": "school", "building": null, "shop": null, "landuse": null }, "geometry": { "type": "Point", "coordinates": [ 121.032793244902891, 14.681784873766345 ] } },
{ "type": "Feature", "properties": { "name": "Bagong Silangan Elementary School", "category": "education", "amenity": "school", "building": null, "shop": null, "landuse": null }, "geometry": { "type": "Point", "coordinates": [ 121.109926657320926, 14.696814374884839 ] } },
{ "type": "Feature", "properties": { "name": "Bagong Silangan High School", "category": "education", "amenity": "school", "building": null, "shop": null, "landuse": null }, "geometry": { "type": "Point", "coordinates": [ 121.109419984000709, 14.696044641625988 ] } },
{ "type": "Feature", "properties": { "name": "The Learning Tree Child Growth Center Grade School", "category": "education", "amenity": "school", "building": "school", "shop": null, "landuse": null }, "geometry": { "type": "Point", "coordinates": [ 121.060887217409359, 14.636030336261925 ] } },
{ "type": "Feature", "properties": { "name": "Our Lady of Mercy School", "category": "education", "amenity": "school", "building": "yes", "shop": null, "landuse": null }, "geometry": { "type": "Point", "coordinates": [ 121.084926037478269, 14.680268904803569 ] } },
{ "type": "Feature", "properties": { "name": "Fremont Learning Center", "category": "education", "amenity": "school", "building": null, "shop": null, "landuse": null }, "geometry": { "type": "Point", "coordinates": [ 121.05461294998598, 14.639145700060215 ] } },
{ "type": "Feature", "properties": { "name": "Blessed Redeemer Christian School", "category": "education", "amenity": "school", "building": null, "shop": null, "landuse": null }, "geometry": { "type": "Point", "coordinates": [ 121.035160025935951, 14.691403147303948 ] } },
{ "type": "Feature", "properties": { "name": "Multiple Intelligence School", "category": "education", "amenity": "school", "building": null, "shop": null, "landuse": null }, "geometry": { "type": "Point", "coordinates": [ 121.073634856483238, 14.645261464695158 ] } },
{ "type": "Feature", "properties": { "name": "Montessori de Loyola", "category": "education", "amenity": "school", "building": "yes", "shop": null, "landuse": null }, "geometry": { "type": "Point", "coordinates": [ 121.069307749419153, 14.642077459064179 ] } },
{ "type": "Feature", "properties": { "name": "University of the East College of Medicine and Dentistry", "category": "education", "amenity": "university", "building": null, "shop": null, "landuse": null }, "geometry": { "type": "Point", "coordinates": [ 121.019990809452452, 14.607661662850182 ] } },
{ "type": "Feature", "properties": { "name": "Central Colleges of the Philippines", "category": "education", "amenity": "college", "building": "yes", "shop": null, "landuse": null }, "geometry": { "type": "Point", "coordinates": [ 121.020684041145344, 14.608329322486524 ] } },
{ "type": "Feature", "properties": { "name": "Melencio M. Castelo Elementary School", "category": "education", "amenity": "school", "building": null, "shop": null, "landuse": null }, "geometry": { "type": "Point", "coordinates": [ 121.095208536941598, 14.698960106750549 ] } },
{ "type": "Feature", "properties": { "name": "President Corazon C. Aquino Elementary School", "category": "education", "amenity": "school", "building": null, "shop": null, "landuse": null }, "geometry": { "type": "Point", "coordinates": [ 121.093632573774798, 14.68953996291514 ] } },
{ "type": "Feature", "properties": { "name": "Lupang Pangako Elementary School", "category": "education", "amenity": "school", "building": null, "shop": null, "landuse": null }, "geometry": { "type": "Point", "coordinates": [ 121.107145051358458, 14.719288747139373 ] } },
{ "type": "Feature", "properties": { "name": "Filipino Child Learning and Development School", "category": "education", "amenity": "school", "building": null, "shop": null, "landuse": null }, "geometry": { "type": "Point", "coordinates": [ 121.073430872905959, 14.636956874504545 ] } },
{ "type": "Feature", "properties": { "name": null, "category": "education", "amenity": "school", "building": "yes", "shop": null, "landuse": null }, "geometry": { "type": "Point", "coordinates": [ 121.056201655259883, 14.647049729542996 ] } },
{ "type": "Feature", "properties": { "name": "Mayfield Montessori Academy", "category": "education", "amenity": "school", "building": "yes", "shop": null, "landuse": null }, "geometry": { "type": "Point", "coordinates": [ 121.057660523415066, 14.642503906048496 ] } },
{ "type": "Feature", "properties": { "name": "Majesty Driving School", "category": "education", "amenity": "driving_school", "building": "office", "shop": null, "landuse": null }, "geometry": { "type": "Point", "coordinates": [ 121.048048359730046, 14.636993821271748 ] } },
{ "type": "Feature", "properties": { "name": "Habihan School", "category": "education", "amenity": "school", "building": "yes", "shop": null, "landuse": null }, "geometry": { "type": "Point", "coordinates": [ 121.032168912055027, 14.641739148700765 ] } },
{ "type": "Feature", "properties": { "name": "Santa Rafaela Maria School", "category": "education", "amenity": "school", "building": null, "shop": null, "landuse": null }, "geometry": { "type": "Point", "coordinates": [ 121.072438374754555, 14.63930884253476 ] } },
{ "type": "Feature", "properties": { "name": "Centro Montessori Internationale", "category": "education", "amenity": "school", "building": null, "shop": null, "landuse": null }, "geometry": { "type": "Point", "coordinates": [ 121.068115713908981, 14.635858188938524 ] } },
{ "type": "Feature", "properties": { "name": "Systems Plus Computer College", "category": "education", "amenity": "college", "building": "school", "shop": null, "landuse": null }, "geometry": { "type": "Point", "coordinates": [ 121.043518900032495, 14.624103800052881 ] } },
{ "type": "Feature", "properties": { "name": "Philippine Public Safety College", "category": "education", "amenity": "college", "building": "yes", "shop": null, "landuse": null }, "geometry": { "type": "Point", "coordinates": [ 121.054379458126149, 14.611219981443362 ] } },
{ "type": "Feature", "properties": { "name": "The Learning Tree Child Growth Center", "category": "education", "amenity": "school", "building": "yes", "shop": null, "landuse": null }, "geometry": { "type": "Point", "coordinates": [ 121.058671199973503, 14.628204400022234 ] } },
{ "type": "Feature", "properties": { "name": "Roosevelt College Cubao", "category": "education", "amenity": "college", "building": null, "shop": null, "landuse": null }, "geometry": { "type": "Point", "coordinates": [ 121.056994306168747, 14.617450501577157 ] } },
{ "type": "Feature", "properties": { "name": "Siloam Christian Academy", "category": "education", "amenity": "school", "building": null, "shop": null, "landuse": null }, "geometry": { "type": "Point", "coordinates": [ 121.094340688617706, 14.706970098466968 ] } },
{ "type": "Feature", "properties": { "name": "Blessed Exodus Christian Academy", "category": "education", "amenity": "school", "building": "yes", "shop": null, "landuse": null }, "geometry": { "type": "Point", "coordinates": [ 121.100979293490752, 14.719220827908394 ] } },
{ "type": "Feature", "properties": { "name": "ASEAB Christian Learning Center", "category": "education", "amenity": "school", "building": "commercial", "shop": null, "landuse": null }, "geometry": { "type": "Point", "coordinates": [ 121.109092654290961, 14.698913621736009 ] } },
{ "type": "Feature", "properties": { "name": "Judge Juan Luna High School", "category": "education", "amenity": "school", "building": null, "shop": null, "landuse": null }, "geometry": { "type": "Point", "coordinates": [ 121.02128955379041, 14.650600159304924 ] } },
{ "type": "Feature", "properties": { "name": "Young Scholars Academy Inc.", "category": "education", "amenity": "school", "building": "school", "shop": null, "landuse": null }, "geometry": { "type": "Point", "coordinates": [ 121.099495057828989, 14.690223156725731 ] } },
{ "type": "Feature", "properties": { "name": "Cashew Learning Center", "category": "education", "amenity": "school", "building": "school", "shop": null, "landuse": null }, "geometry": { "type": "Point", "coordinates": [ 121.103128664987068, 14.714955913493325 ] } },
{ "type": "Feature", "properties": { "name": "Scandinavian School", "category": "education", "amenity": "school", "building": null, "shop": null, "landuse": null }, "geometry": { "type": "Point", "coordinates": [ 121.106083357622666, 14.711692062814867 ] } },
{ "type": "Feature", "properties": { "name": "Divine Grace Christian Academy", "category": "education", "amenity": "school", "building": "yes", "shop": null, "landuse": null }, "geometry": { "type": "Point", "coordinates": [ 121.092207923427694, 14.700105364377515 ] } },
{ "type": "Feature", "properties": { "name": "Bonifacio Memorial Elementary School", "category": "education", "amenity": "school", "building": null, "shop": null, "landuse": null }, "geometry": { "type": "Point", "coordinates": [ 120.99919423681537, 14.658134658342789 ] } },
{ "type": "Feature", "properties": { "name": "Family Montessori Preschool of Loyola", "category": "education", "amenity": "school", "building": null, "shop": null, "landuse": null }, "geometry": { "type": "Point", "coordinates": [ 121.072892977863248, 14.638017926158824 ] } },
{ "type": "Feature", "properties": { "name": "PEDIAmorphosos HOUSE Preschool", "category": "education", "amenity": "school", "building": null, "shop": null, "landuse": null }, "geometry": { "type": "Point", "coordinates": [ 121.072465553688872, 14.636871161676916 ] } },
{ "type": "Feature", "properties": { "name": "Dr. Carlos Lanting College Annex Building", "category": "education", "amenity": "university", "building": "yes", "shop": null, "landuse": null }, "geometry": { "type": "Point", "coordinates": [ 121.021365636608081, 14.679907909681065 ] } },
{ "type": "Feature", "properties": { "name": "Dr. Carlos Lanting College", "category": "education", "amenity": "college", "building": null, "shop": null, "landuse": null }, "geometry": { "type": "Point", "coordinates": [ 121.020659768808329, 14.679397793235752 ] } },
{ "type": "Feature", "properties": { "name": "Sacred Heart Academy of Novaliches", "category": "education", "amenity": "school", "building": null, "shop": null, "landuse": null }, "geometry": { "type": "Point", "coordinates": [ 121.049066428640103, 14.732437630990436 ] } },
{ "type": "Feature", "properties": { "name": "Senior High School in Apolonio Samson", "category": "education", "amenity": "school", "building": null, "shop": null, "landuse": null }, "geometry": { "type": "Point", "coordinates": [ 121.011535823780932, 14.654947408474969 ] } },
{ "type": "Feature", "properties": { "name": "Our Lady of Fatima University", "category": "education", "amenity": "university", "building": null, "shop": null, "landuse": null }, "geometry": { "type": "Point", "coordinates": [ 121.070566669532795, 14.734654321517747 ] } },
{ "type": "Feature", "properties": { "name": "Philippine Medical Women's School", "category": "education", "amenity": "school", "building": null, "shop": null, "landuse": null }, "geometry": { "type": "Point", "coordinates": [ 121.048433750107989, 14.637739219558695 ] } },
{ "type": "Feature", "properties": { "name": "Resurrection Catholic School", "category": "education", "amenity": "school", "building": "school", "shop": null, "landuse": null }, "geometry": { "type": "Point", "coordinates": [ 121.030151567872892, 14.697243507769004 ] } },
{ "type": "Feature", "properties": { "name": "Culiat Elementary School", "category": "education", "amenity": "school", "building": null, "shop": null, "landuse": null }, "geometry": { "type": "Point", "coordinates": [ 121.057357132813763, 14.666691639426443 ] } },
{ "type": "Feature", "properties": { "name": "Ernesto Rondon High School", "category": "education", "amenity": "school", "building": null, "shop": null, "landuse": null }, "geometry": { "type": "Point", "coordinates": [ 121.037514997839054, 14.664543611151638 ] } },
{ "type": "Feature", "properties": { "name": "Project 6 Elementary School", "category": "education", "amenity": "school", "building": null, "shop": null, "landuse": null }, "geometry": { "type": "Point", "coordinates": [ 121.039850391965885, 14.662528923478046 ] } },
{ "type": "Feature", "properties": { "name": "Bagumbayan Elementary School", "category": "education", "amenity": "school", "building": null, "shop": null, "landuse": null }, "geometry": { "type": "Point", "coordinates": [ 121.082756893450494, 14.607895712734157 ] } },
{ "type": "Feature", "properties": { "name": "Sinag-Tala Elementary School", "category": "education", "amenity": "school", "building": null, "shop": null, "landuse": null }, "geometry": { "type": "Point", "coordinates": [ 121.01574093224508, 14.650083269079371 ] } },
{ "type": "Feature", "properties": { "name": "Jose Abad Santos Memorial School", "category": "education", "amenity": "school", "building": null, "shop": null, "landuse": null }, "geometry": { "type": "Point", "coordinates": [ 121.020402775402076, 14.663091159526449 ] } },
{ "type": "Feature", "properties": { "name": "Our Lady of Lourdes Technical College", "category": "education", "amenity": "school", "building": "school", "shop": null, "landuse": null }, "geometry": { "type": "Point", "coordinates": [ 121.028010258490369, 14.720341782296087 ] } },
{ "type": "Feature", "properties": { "name": "Saint Patrick School of Novaliches", "category": "education", "amenity": "school", "building": "school", "shop": null, "landuse": null }, "geometry": { "type": "Point", "coordinates": [ 121.041511962219545, 14.716606225462632 ] } },
{ "type": "Feature", "properties": { "name": "Rosa L. Susano Elementary School", "category": "education", "amenity": "school", "building": null, "shop": null, "landuse": null }, "geometry": { "type": "Point", "coordinates": [ 121.040779896333035, 14.717313606768238 ] } },
{ "type": "Feature", "properties": { "name": "Villa Verde Elementary School", "category": "education", "amenity": "school", "building": null, "shop": null, "landuse": null }, "geometry": { "type": "Point", "coordinates": [ 121.04693915674639, 14.722756685490124 ] } },
{ "type": "Feature", "properties": { "name": "Paltok Elementary School", "category": "education", "amenity": "school", "building": "yes", "shop": null, "landuse": null }, "geometry": { "type": "Point", "coordinates": [ 121.022344950037066, 14.64297029999471 ] } },
{ "type": "Feature", "properties": { "name": "Holy Family Parochial School", "category": "education", "amenity": "school", "building": "school", "shop": null, "landuse": null }, "geometry": { "type": "Point", "coordinates": [ 121.021180582414459, 14.627460947353756 ] } },
{ "type": "Feature", "properties": { "name": "General Roxas Elementary School", "category": "education", "amenity": "school", "building": null, "shop": null, "landuse": null }, "geometry": { "type": "Point", "coordinates": [ 121.022323193255232, 14.627787972440302 ] } },
{ "type": "Feature", "properties": { "name": "Stepping Stone Montessori", "category": "education", "amenity": "school", "building": null, "shop": null, "landuse": null }, "geometry": { "type": "Point", "coordinates": [ 121.020638838515566, 14.628375736662747 ] } },
{ "type": "Feature", "properties": { "name": "UP Engineering Complex", "category": "education", "amenity": "college", "building": null, "shop": null, "landuse": null }, "geometry": { "type": "Point", "coordinates": [ 121.066887216427062, 14.648626652107582 ] } },
{ "type": "Feature", "properties": { "name": "ZERØ Studio", "category": "education", "amenity": "dancing_school", "building": "commercial", "shop": null, "landuse": null }, "geometry": { "type": "Point", "coordinates": [ 121.037068849427797, 14.63693533190709 ] } },
{ "type": "Feature", "properties": { "name": "Krus na Ligas High School", "category": "education", "amenity": "school", "building": null, "shop": null, "landuse": null }, "geometry": { "type": "Point", "coordinates": [ 121.06230869143775, 14.644610804174405 ] } },
{ "type": "Feature", "properties": { "name": "Delfin M. Geraldez Memorial Elementary School", "category": "education", "amenity": "school", "building": null, "shop": null, "landuse": null }, "geometry": { "type": "Point", "coordinates": [ 121.052795964235415, 14.730270565159397 ] } },
{ "type": "Feature", "properties": { "name": "Balumbato Elementary School", "category": "education", "amenity": "school", "building": null, "shop": null, "landuse": null }, "geometry": { "type": "Point", "coordinates": [ 121.003817797159627, 14.662874813904315 ] } },
{ "type": "Feature", "properties": { "name": "GSIS Village Elementary School", "category": "education", "amenity": "school", "building": null, "shop": null, "landuse": null }, "geometry": { "type": "Point", "coordinates": [ 121.02159206695687, 14.674576493206834 ] } },
{ "type": "Feature", "properties": { "name": "Ismael Mathay, Sr. High School", "category": "education", "amenity": "school", "building": null, "shop": null, "landuse": null }, "geometry": { "type": "Point", "coordinates": [ 121.022096456535564, 14.675634336113548 ] } },
{ "type": "Feature", "properties": { "name": "Santa Lucia High School", "category": "education", "amenity": "school", "building": null, "shop": null, "landuse": null }, "geometry": { "type": "Point", "coordinates": [ 121.049514798567444, 14.70462937943562 ] } },
{ "type": "Feature", "properties": { "name": "Cordis Mariae School", "category": "education", "amenity": "school", "building": null, "shop": null, "landuse": null }, "geometry": { "type": "Point", "coordinates": [ 121.079601389409248, 14.69669615839787 ] } },
{ "type": "Feature", "properties": { "name": "Sergio Osmeña, Sr. High School", "category": "education", "amenity": "school", "building": null, "shop": null, "landuse": null }, "geometry": { "type": "Point", "coordinates": [ 121.007051468964875, 14.639564825153453 ] } },
{ "type": "Feature", "properties": { "name": "San Jose Elementary School", "category": "education", "amenity": "school", "building": null, "shop": null, "landuse": null }, "geometry": { "type": "Point", "coordinates": [ 120.993444184616422, 14.639827544301705 ] } },
{ "type": "Feature", "properties": { "name": "Our Lady of the Holy Rosary School of Fairview", "category": "education", "amenity": "school", "building": null, "shop": null, "landuse": null }, "geometry": { "type": "Point", "coordinates": [ 121.055884781730754, 14.729292183737336 ] } },
{ "type": "Feature", "properties": { "name": null, "category": "education", "amenity": "school", "building": null, "shop": null, "landuse": null }, "geometry": { "type": "Point", "coordinates": [ 121.066479276256558, 14.733153293910583 ] } },
{ "type": "Feature", "properties": { "name": "Novaliches High School", "category": "education", "amenity": "school", "building": null, "shop": null, "landuse": null }, "geometry": { "type": "Point", "coordinates": [ 121.032624592368592, 14.726886473297114 ] } },
{ "type": "Feature", "properties": { "name": null, "category": "education", "amenity": "school", "building": null, "shop": null, "landuse": null }, "geometry": { "type": "Point", "coordinates": [ 121.035571293183736, 14.724615738465625 ] } },
{ "type": "Feature", "properties": { "name": "Best link College MV", "category": "education", "amenity": "college", "building": null, "shop": null, "landuse": null }, "geometry": { "type": "Point", "coordinates": [ 121.036664079731182, 14.726584800046261 ] } },
{ "type": "Feature", "properties": { "name": "Tandang Sora Elementary School", "category": "education", "amenity": "school", "building": null, "shop": null, "landuse": null }, "geometry": { "type": "Point", "coordinates": [ 121.03521060164428, 14.678484077229712 ] } },
{ "type": "Feature", "properties": { "name": "San Bartolome Elementary School", "category": "education", "amenity": "school", "building": null, "shop": null, "landuse": null }, "geometry": { "type": "Point", "coordinates": [ 121.036882337786551, 14.701535291488524 ] } },
{ "type": "Feature", "properties": { "name": "Our Lady of the Angels Seminary", "category": "education", "amenity": "school", "building": null, "shop": null, "landuse": "religious" }, "geometry": { "type": "Point", "coordinates": [ 121.037961926796285, 14.698511308330721 ] } },
{ "type": "Feature", "properties": { "name": "Odelco Elementary School", "category": "education", "amenity": "school", "building": null, "shop": null, "landuse": null }, "geometry": { "type": "Point", "coordinates": [ 121.03202956611193, 14.710292372980316 ] } },
{ "type": "Feature", "properties": { "name": "Springfield School", "category": "education", "amenity": "school", "building": null, "shop": null, "landuse": null }, "geometry": { "type": "Point", "coordinates": [ 121.038864816233499, 14.709925008862008 ] } },
{ "type": "Feature", "properties": { "name": "Jose Maria Panganiban Senior High School", "category": "education", "amenity": "school", "building": null, "shop": null, "landuse": null }, "geometry": { "type": "Point", "coordinates": [ 121.038345015451313, 14.712205140207564 ] } },
{ "type": "Feature", "properties": { "name": "Holy Child Academy", "category": "education", "amenity": "school", "building": null, "shop": null, "landuse": null }, "geometry": { "type": "Point", "coordinates": [ 121.039507906335587, 14.717161788674574 ] } },
{ "type": "Feature", "properties": { "name": "Jose Rizal High School", "category": "education", "amenity": "school", "building": null, "shop": null, "landuse": null }, "geometry": { "type": "Point", "coordinates": [ 121.071573723604445, 14.692760491835539 ] } },
{ "type": "Feature", "properties": { "name": "Golden Lamp", "category": "education", "amenity": "school", "building": null, "shop": null, "landuse": null }, "geometry": { "type": "Point", "coordinates": [ 121.08191365662239, 14.697825220392208 ] } },
{ "type": "Feature", "properties": { "name": "Philadelphia High School 尚愛中學", "category": "education", "amenity": "school", "building": null, "shop": null, "landuse": null }, "geometry": { "type": "Point", "coordinates": [ 121.011115770511523, 14.637699217200748 ] } },
{ "type": "Feature", "properties": { "name": "St. Alexis Learning Center", "category": "education", "amenity": "school", "building": null, "shop": null, "landuse": null }, "geometry": { "type": "Point", "coordinates": [ 121.049177871565419, 14.703565203943548 ] } },
{ "type": "Feature", "properties": { "name": "Visual Communication Building (2019)", "category": "education", "amenity": "college", "building": "yes", "shop": null, "landuse": null }, "geometry": { "type": "Point", "coordinates": [ 121.060884204504688, 14.652386916288059 ] } },
{ "type": "Feature", "properties": { "name": "Fort Aguinaldo Elementary School", "category": "education", "amenity": "school", "building": null, "shop": null, "landuse": null }, "geometry": { "type": "Point", "coordinates": [ 121.062054375704733, 14.601455822096998 ] } },
{ "type": "Feature", "properties": { "name": "A-1 Driving School", "category": "education", "amenity": "driving_school", "building": null, "shop": null, "landuse": null }, "geometry": { "type": "Point", "coordinates": [ 121.058577955455547, 14.690037557650585 ] } },
{ "type": "Feature", "properties": { "name": "Tomas Morato Elementary School", "category": "education", "amenity": "school", "building": null, "shop": null, "landuse": null }, "geometry": { "type": "Point", "coordinates": [ 121.036818914286769, 14.625377098232642 ] } },
{ "type": "Feature", "properties": { "name": "Sauyo Elementary School", "category": "education", "amenity": "school", "building": null, "shop": null, "landuse": null }, "geometry": { "type": "Point", "coordinates": [ 121.04332473185282, 14.689620093791934 ] } },
{ "type": "Feature", "properties": { "name": "West Fairview Elementary School", "category": "education", "amenity": "school", "building": null, "shop": null, "landuse": null }, "geometry": { "type": "Point", "coordinates": [ 121.064011176765973, 14.701680182109275 ] } },
{ "type": "Feature", "properties": { "name": "Bayanihan Elementary School", "category": "education", "amenity": "school", "building": null, "shop": null, "landuse": null }, "geometry": { "type": "Point", "coordinates": [ 121.021553285788045, 14.645122878572717 ] } },
{ "type": "Feature", "properties": { "name": "Bungad Elementary School", "category": "education", "amenity": "school", "building": null, "shop": null, "landuse": null }, "geometry": { "type": "Point", "coordinates": [ 121.024899993335254, 14.651044036903571 ] } },
{ "type": "Feature", "properties": { "name": "San Francisco Elementary School", "category": "education", "amenity": "school", "building": null, "shop": null, "landuse": null }, "geometry": { "type": "Point", "coordinates": [ 121.014232585854501, 14.640842399552644 ] } },
{ "type": "Feature", "properties": { "name": "Congressman Reynaldo A. Calalay Memorial School", "category": "education", "amenity": "school", "building": null, "shop": null, "landuse": null }, "geometry": { "type": "Point", "coordinates": [ 121.014763498915713, 14.638584982431775 ] } },
{ "type": "Feature", "properties": { "name": "Carlos L. Albert High School", "category": "education", "amenity": "school", "building": null, "shop": null, "landuse": null }, "geometry": { "type": "Point", "coordinates": [ 121.015366502460338, 14.61274151501302 ] } },
{ "type": "Feature", "properties": { "name": "Camarilla Elementary School", "category": "education", "amenity": "school", "building": null, "shop": null, "landuse": null }, "geometry": { "type": "Point", "coordinates": [ 121.063063690639225, 14.614854317287872 ] } },
{ "type": "Feature", "properties": { "name": "Aguinaldo Elementary School", "category": "education", "amenity": "school", "building": null, "shop": null, "landuse": null }, "geometry": { "type": "Point", "coordinates": [ 121.063247606776187, 14.617229214906219 ] } },
{ "type": "Feature", "properties": { "name": "Masambong High School", "category": "education", "amenity": "school", "building": null, "shop": null, "landuse": null }, "geometry": { "type": "Point", "coordinates": [ 121.010804391554601, 14.642531658502634 ] } },
{ "type": "Feature", "properties": { "name": "New Era Elementary School", "category": "education", "amenity": "school", "building": null, "shop": null, "landuse": null }, "geometry": { "type": "Point", "coordinates": [ 121.057944561300161, 14.667271052234687 ] } },
{ "type": "Feature", "properties": { "name": "ABE International Business College", "category": "education", "amenity": "school", "building": null, "shop": null, "landuse": null }, "geometry": { "type": "Point", "coordinates": [ 121.056495350002038, 14.730620149983936 ] } },
{ "type": "Feature", "properties": { "name": "Bright Morning School of Quezon City", "category": "education", "amenity": "school", "building": null, "shop": null, "landuse": null }, "geometry": { "type": "Point", "coordinates": [ 121.081476333989087, 14.673948967815425 ] } },
{ "type": "Feature", "properties": { "name": "Our Lady of Fatima University", "category": "education", "amenity": "university", "building": "yes", "shop": null, "landuse": null }, "geometry": { "type": "Point", "coordinates": [ 121.060992094586553, 14.716232744006973 ] } },
{ "type": "Feature", "properties": { "name": "Colegio de Santa Rosa de Avila", "category": "education", "amenity": "school", "building": "yes", "shop": null, "landuse": null }, "geometry": { "type": "Point", "coordinates": [ 121.051271250016626, 14.733554700003927 ] } },
{ "type": "Feature", "properties": { "name": "Thinkers Learning Center", "category": "education", "amenity": "school", "building": null, "shop": null, "landuse": null }, "geometry": { "type": "Point", "coordinates": [ 121.048833869348869, 14.705250152774994 ] } },
{ "type": "Feature", "properties": { "name": "Tutor ata", "category": "education", "amenity": "prep_school", "building": "yes", "shop": null, "landuse": null }, "geometry": { "type": "Point", "coordinates": [ 121.06137658278216, 14.707785501078877 ] } },
{ "type": "Feature", "properties": { "name": "Great Minds Montessori and Christian School", "category": "education", "amenity": "school", "building": null, "shop": null, "landuse": null }, "geometry": { "type": "Point", "coordinates": [ 121.075584825562828, 14.682151893241089 ] } },
{ "type": "Feature", "properties": { "name": "Gideon School of Quezon City", "category": "education", "amenity": "school", "building": "school", "shop": null, "landuse": null }, "geometry": { "type": "Point", "coordinates": [ 121.073817925141483, 14.685089694726207 ] } },
{ "type": "Feature", "properties": { "name": "Jubilee Christian Academy", "category": "education", "amenity": "school", "building": null, "shop": null, "landuse": null }, "geometry": { "type": "Point", "coordinates": [ 121.041140337478183, 14.6251506645193 ] } },
{ "type": "Feature", "properties": { "name": "Tutor Place", "category": "education", "amenity": "prep_school", "building": "yes", "shop": null, "landuse": null }, "geometry": { "type": "Point", "coordinates": [ 121.062673499999462, 14.71129365000265 ] } },
{ "type": "Feature", "properties": { "name": "NOH School for Crippled Children", "category": "education", "amenity": "school", "building": "yes", "shop": null, "landuse": null }, "geometry": { "type": "Point", "coordinates": [ 120.999800362837789, 14.629112923739692 ] } },
{ "type": "Feature", "properties": { "name": "San Jose High School", "category": "education", "amenity": "school", "building": null, "shop": null, "landuse": null }, "geometry": { "type": "Point", "coordinates": [ 120.993953194623245, 14.640154207359462 ] } },
{ "type": "Feature", "properties": { "name": "Trinity University of Asia", "category": "education", "amenity": "university", "building": null, "shop": null, "landuse": null }, "geometry": { "type": "Point", "coordinates": [ 121.021555094032308, 14.622244918074617 ] } },
{ "type": "Feature", "properties": { "name": "Mother of Mercy Learning Center", "category": "education", "amenity": "school", "building": null, "shop": null, "landuse": null }, "geometry": { "type": "Point", "coordinates": [ 121.045962698492701, 14.724120777294823 ] } },
{ "type": "Feature", "properties": { "name": "Universal Evangelical Christian School", "category": "education", "amenity": "school", "building": null, "shop": null, "landuse": null }, "geometry": { "type": "Point", "coordinates": [ 121.079540499599887, 14.670838773723471 ] } },
{ "type": "Feature", "properties": { "name": "Ste. Anne de Beaupré School", "category": "education", "amenity": "school", "building": null, "shop": null, "landuse": null }, "geometry": { "type": "Point", "coordinates": [ 121.042113641189175, 14.664579151408526 ] } },
{ "type": "Feature", "properties": { "name": "Payatas B Elementary School", "category": "education", "amenity": "school", "building": null, "shop": null, "landuse": null }, "geometry": { "type": "Point", "coordinates": [ 121.093895113594101, 14.713717878156448 ] } },
{ "type": "Feature", "properties": { "name": "Payatas B Annex Elementary School", "category": "education", "amenity": "school", "building": null, "shop": null, "landuse": null }, "geometry": { "type": "Point", "coordinates": [ 121.117724857581237, 14.72733880974528 ] } },
{ "type": "Feature", "properties": { "name": "New Jerusalem School", "category": "education", "amenity": "school", "building": null, "shop": null, "landuse": null }, "geometry": { "type": "Point", "coordinates": [ 121.004718663909017, 14.61691832137312 ] } },
{ "type": "Feature", "properties": { "name": "Cruz na Ligas Elementary School", "category": "education", "amenity": "school", "building": null, "shop": null, "landuse": null }, "geometry": { "type": "Point", "coordinates": [ 121.063925002431375, 14.64392739631352 ] } },
{ "type": "Feature", "properties": { "name": "Pugad Lawin High School", "category": "education", "amenity": "school", "building": null, "shop": null, "landuse": null }, "geometry": { "type": "Point", "coordinates": [ 121.016868431193814, 14.664362173506207 ] } },
{ "type": "Feature", "properties": { "name": "Precious Gem Academy", "category": "education", "amenity": "school", "building": null, "shop": null, "landuse": null }, "geometry": { "type": "Point", "coordinates": [ 121.065791234186833, 14.706814906622377 ] } },
{ "type": "Feature", "properties": { "name": "University of the Philippines Diliman", "category": "education", "amenity": "university", "building": null, "shop": null, "landuse": null }, "geometry": { "type": "Point", "coordinates": [ 121.065891497652771, 14.6554703443301 ] } },
{ "type": "Feature", "properties": { "name": "The Abba's Orchard Erdkinder Montessori", "category": "education", "amenity": "school", "building": null, "shop": null, "landuse": null }, "geometry": { "type": "Point", "coordinates": [ 121.072628150009294, 14.619287100047348 ] } },
{ "type": "Feature", "properties": { "name": "Nagkaisang Nayon Elementary School", "category": "education", "amenity": "school", "building": null, "shop": null, "landuse": null }, "geometry": { "type": "Point", "coordinates": [ 121.027457095563094, 14.717796176806354 ] } },
{ "type": "Feature", "properties": { "name": "Damong Maliit Elementary School", "category": "education", "amenity": "school", "building": null, "shop": null, "landuse": null }, "geometry": { "type": "Point", "coordinates": [ 121.025136734714735, 14.723650852404537 ] } },
{ "type": "Feature", "properties": { "name": "STI", "category": "education", "amenity": "college", "building": null, "shop": null, "landuse": null }, "geometry": { "type": "Point", "coordinates": [ 121.036782534528314, 14.704448743876224 ] } },
{ "type": "Feature", "properties": { "name": "Betty Go Belmonte Elementary School", "category": "education", "amenity": "school", "building": null, "shop": null, "landuse": null }, "geometry": { "type": "Point", "coordinates": [ 121.018567774158541, 14.615476706961262 ] } },
{ "type": "Feature", "properties": { "name": "Kalayaan College", "category": "education", "amenity": "college", "building": null, "shop": null, "landuse": null }, "geometry": { "type": "Point", "coordinates": [ 121.042378639253698, 14.617962482954034 ] } },
{ "type": "Feature", "properties": { "name": "Holy Child Academy - North Fairview", "category": "education", "amenity": "school", "building": null, "shop": null, "landuse": null }, "geometry": { "type": "Point", "coordinates": [ 121.059577459518451, 14.708528253235345 ] } },
{ "type": "Feature", "properties": { "name": "International Christian School", "category": "education", "amenity": "school", "building": null, "shop": null, "landuse": null }, "geometry": { "type": "Point", "coordinates": [ 121.027756815985839, 14.720834983888604 ] } },
{ "type": "Feature", "properties": { "name": "Bestlink College of the Philippines", "category": "education", "amenity": "college", "building": null, "shop": null, "landuse": null }, "geometry": { "type": "Point", "coordinates": [ 121.041593930091096, 14.728575111327471 ] } },
{ "type": "Feature", "properties": { "name": "Holy Spirit School", "category": "education", "amenity": "school", "building": null, "shop": null, "landuse": null }, "geometry": { "type": "Point", "coordinates": [ 121.039838339555658, 14.622895083673418 ] } },
{ "type": "Feature", "properties": { "name": "Saint Patrick School", "category": "education", "amenity": "school", "building": null, "shop": null, "landuse": null }, "geometry": { "type": "Point", "coordinates": [ 121.02497776996681, 14.674599772770213 ] } },
{ "type": "Feature", "properties": { "name": "Glendale School – Paradise Campus", "category": "education", "amenity": "school", "building": null, "shop": null, "landuse": null }, "geometry": { "type": "Point", "coordinates": [ 121.021418935556284, 14.671224736020967 ] } },
{ "type": "Feature", "properties": { "name": "Lucas R. Pascual Memorial Elementary School", "category": "education", "amenity": "school", "building": null, "shop": null, "landuse": null }, "geometry": { "type": "Point", "coordinates": [ 121.009376100382553, 14.670690868032441 ] } },
{ "type": "Feature", "properties": { "name": "West Fairview High School", "category": "education", "amenity": "school", "building": null, "shop": null, "landuse": null }, "geometry": { "type": "Point", "coordinates": [ 121.064098845741569, 14.701235360796282 ] } },
{ "type": "Feature", "properties": { "name": "Fiore del Carmelo School", "category": "education", "amenity": "school", "building": null, "shop": null, "landuse": null }, "geometry": { "type": "Point", "coordinates": [ 121.084316486504093, 14.707946036953631 ] } },
{ "type": "Feature", "properties": { "name": "Justice Cecilia Muñoz Palma Senior High School", "category": "education", "amenity": "school", "building": null, "shop": null, "landuse": null }, "geometry": { "type": "Point", "coordinates": [ 121.101388204657439, 14.719981495220575 ] } },
{ "type": "Feature", "properties": { "name": "Holy Spirit of Mt. Carmel School", "category": "education", "amenity": "school", "building": null, "shop": null, "landuse": null }, "geometry": { "type": "Point", "coordinates": [ 121.082554045553891, 14.687727561987591 ] } },
{ "type": "Feature", "properties": { "name": "San Jose Tagapagtanggol Parochial School", "category": "education", "amenity": "school", "building": null, "shop": null, "landuse": null }, "geometry": { "type": "Point", "coordinates": [ 121.085248709376344, 14.687288447879697 ] } },
{ "type": "Feature", "properties": { "name": "San Jose Elementary School – Pag-Ibig sa Nayon Annex", "category": "education", "amenity": "school", "building": null, "shop": null, "landuse": null }, "geometry": { "type": "Point", "coordinates": [ 120.996526375989049, 14.646619427155482 ] } },
{ "type": "Feature", "properties": { "name": "Balingasa High School", "category": "education", "amenity": "school", "building": null, "shop": null, "landuse": null }, "geometry": { "type": "Point", "coordinates": [ 121.004270935896528, 14.647760158120079 ] } },
{ "type": "Feature", "properties": { "name": "Balingasa Elementary School", "category": "education", "amenity": "school", "building": null, "shop": null, "landuse": null }, "geometry": { "type": "Point", "coordinates": [ 121.001327317134411, 14.652280745799798 ] } },
{ "type": "Feature", "properties": { "name": "Blessed Sacrament Catholic School", "category": "education", "amenity": "school", "building": null, "shop": null, "landuse": null }, "geometry": { "type": "Point", "coordinates": [ 121.023186914937554, 14.686320408065566 ] } },
{ "type": "Feature", "properties": { "name": "Brent Norwich School", "category": "education", "amenity": "school", "building": null, "shop": null, "landuse": null }, "geometry": { "type": "Point", "coordinates": [ 121.013242442269132, 14.627126036896062 ] } },
{ "type": "Feature", "properties": { "name": "Talipapa Senior High School", "category": "education", "amenity": "school", "building": null, "shop": null, "landuse": null }, "geometry": { "type": "Point", "coordinates": [ 121.027229854027595, 14.692462143936194 ] } },
{ "type": "Feature", "properties": { "name": "Saint Andrew Academy of Quezon City", "category": "education", "amenity": "school", "building": null, "shop": null, "landuse": null }, "geometry": { "type": "Point", "coordinates": [ 121.071365049995137, 14.684161400021361 ] } },
{ "type": "Feature", "properties": { "name": "The Raya School", "category": "education", "amenity": "school", "building": null, "shop": null, "landuse": null }, "geometry": { "type": "Point", "coordinates": [ 121.05676630004028, 14.729857200059431 ] } },
{ "type": "Feature", "properties": { "name": "Mercedarian School", "category": "education", "amenity": "school", "building": "yes", "shop": null, "landuse": null }, "geometry": { "type": "Point", "coordinates": [ 121.066345449999247, 14.732860400001686 ] } },
{ "type": "Feature", "properties": { "name": null, "category": "education", "amenity": "school", "building": null, "shop": null, "landuse": null }, "geometry": { "type": "Point", "coordinates": [ 121.075358158602569, 14.645107257531782 ] } },
{ "type": "Feature", "properties": { "name": "Saint John Technological College of the Philippines", "category": "education", "amenity": "college", "building": null, "shop": null, "landuse": null }, "geometry": { "type": "Point", "coordinates": [ 121.041383504414881, 14.717296336076066 ] } },
{ "type": "Feature", "properties": { "name": "Divine Trinity Learning Academy", "category": "education", "amenity": "school", "building": null, "shop": null, "landuse": null }, "geometry": { "type": "Point", "coordinates": [ 121.041753518332769, 14.717181916188744 ] } },
{ "type": "Feature", "properties": { "name": "Kings Montessori School", "category": "education", "amenity": "school", "building": null, "shop": null, "landuse": null }, "geometry": { "type": "Point", "coordinates": [ 121.025544890669579, 14.699835770820249 ] } },
{ "type": "Feature", "properties": { "name": "Claret", "category": "education", "amenity": "school", "building": null, "shop": null, "landuse": null }, "geometry": { "type": "Point", "coordinates": [ 121.048778668159841, 14.666762111842029 ] } },
{ "type": "Feature", "properties": { "name": "University of the Philippines Diliman - College of Engineering (Melchor Hall)", "category": "education", "amenity": "university", "building": "yes", "shop": null, "landuse": null }, "geometry": { "type": "Point", "coordinates": [ 121.069483290824209, 14.656496067803138 ] } },
{ "type": "Feature", "properties": { "name": "Santa Lucia Senior High School", "category": "education", "amenity": "school", "building": null, "shop": null, "landuse": null }, "geometry": { "type": "Point", "coordinates": [ 121.051977433904867, 14.707697958946664 ] } },
{ "type": "Feature", "properties": { "name": "PAREF - Northfield School for Boys", "category": "education", "amenity": "school", "building": null, "shop": null, "landuse": null }, "geometry": { "type": "Point", "coordinates": [ 121.036367286589439, 14.63147632821358 ] } },
{ "type": "Feature", "properties": { "name": "John Dewey School for Children", "category": "education", "amenity": "school", "building": null, "shop": null, "landuse": null }, "geometry": { "type": "Point", "coordinates": [ 121.030926070278866, 14.666946202199888 ] } },
{ "type": "Feature", "properties": { "name": "Sauyo High School", "category": "education", "amenity": "school", "building": null, "shop": null, "landuse": null }, "geometry": { "type": "Point", "coordinates": [ 121.048355817486026, 14.691418459349467 ] } },
{ "type": "Feature", "properties": { "name": null, "category": "education", "amenity": null, "building": null, "shop": null, "landuse": null }, "geometry": { "type": "Point", "coordinates": [ 121.048975552487477, 14.691088418911303 ] } },
{ "type": "Feature", "properties": { "name": null, "category": "education", "amenity": null, "building": null, "shop": null, "landuse": null }, "geometry": { "type": "Point", "coordinates": [ 121.071135316199886, 14.657909156156123 ] } },
{ "type": "Feature", "properties": { "name": null, "category": "education", "amenity": null, "building": null, "shop": null, "landuse": null }, "geometry": { "type": "Point", "coordinates": [ 121.071093151588997, 14.65809534493861 ] } },
{ "type": "Feature", "properties": { "name": null, "category": "education", "amenity": null, "building": null, "shop": null, "landuse": null }, "geometry": { "type": "Point", "coordinates": [ 121.071095924769921, 14.658237192336108 ] } },
{ "type": "Feature", "properties": { "name": null, "category": "education", "amenity": null, "building": null, "shop": null, "landuse": null }, "geometry": { "type": "Point", "coordinates": [ 121.071092700010965, 14.657943704110922 ] } },
{ "type": "Feature", "properties": { "name": "Asian School Of Christian", "category": "education", "amenity": "school", "building": null, "shop": null, "landuse": null }, "geometry": { "type": "Point", "coordinates": [ 120.9971328, 14.6282515 ] } },
{ "type": "Feature", "properties": { "name": "Divine Grace School", "category": "education", "amenity": "school", "building": null, "shop": null, "landuse": null }, "geometry": { "type": "Point", "coordinates": [ 121.06134, 14.740521 ] } },
{ "type": "Feature", "properties": { "name": "Capitol Hills Christian School, Inc.", "category": "education", "amenity": "school", "building": null, "shop": null, "landuse": null }, "geometry": { "type": "Point", "coordinates": [ 121.099136300000012, 14.6898669 ] } },
{ "type": "Feature", "properties": { "name": "Mother Gonly Memorial Institute", "category": "education", "amenity": "school", "building": null, "shop": null, "landuse": null }, "geometry": { "type": "Point", "coordinates": [ 121.0215018, 14.6420305 ] } },
{ "type": "Feature", "properties": { "name": "St. Jerome Learning Center (sunrise Learning Schoo", "category": "education", "amenity": "school", "building": null, "shop": null, "landuse": null }, "geometry": { "type": "Point", "coordinates": [ 121.0636288, 14.614724 ] } },
{ "type": "Feature", "properties": { "name": "Children's House Of Learning And Development", "category": "education", "amenity": "school", "building": null, "shop": null, "landuse": null }, "geometry": { "type": "Point", "coordinates": [ 121.07154, 14.70377 ] } },
{ "type": "Feature", "properties": { "name": "St. John Institute of Technology", "category": "education", "amenity": "school", "building": null, "shop": null, "landuse": null }, "geometry": { "type": "Point", "coordinates": [ 121.027351, 14.689661 ] } },
{ "type": "Feature", "properties": { "name": "IETI School", "category": "education", "amenity": "school", "building": null, "shop": null, "landuse": null }, "geometry": { "type": "Point", "coordinates": [ 121.0484866, 14.6261952 ] } },
{ "type": "Feature", "properties": { "name": "Lifespring Christian School", "category": "education", "amenity": "school", "building": null, "shop": null, "landuse": null }, "geometry": { "type": "Point", "coordinates": [ 121.009181400000017, 14.6294113 ] } },
{ "type": "Feature", "properties": { "name": "Diliman Christian Academy", "category": "education", "amenity": "school", "building": null, "shop": null, "landuse": null }, "geometry": { "type": "Point", "coordinates": [ 121.0596932, 14.6667541 ] } },
{ "type": "Feature", "properties": { "name": "Cabrini School", "category": "education", "amenity": "school", "building": null, "shop": null, "landuse": null }, "geometry": { "type": "Point", "coordinates": [ 121.018388200000018, 14.6341429 ] } },
{ "type": "Feature", "properties": { "name": "Infant Jesus Learning Academy Of Quezon City", "category": "education", "amenity": "school", "building": null, "shop": null, "landuse": null }, "geometry": { "type": "Point", "coordinates": [ 121.0219208, 14.6453205 ] } },
{ "type": "Feature", "properties": { "name": "Victoria School Foundation", "category": "education", "amenity": "school", "building": null, "shop": null, "landuse": null }, "geometry": { "type": "Point", "coordinates": [ 121.0570709, 14.6285374 ] } },
{ "type": "Feature", "properties": { "name": "Metro Manila College High School Division", "category": "education", "amenity": "school", "building": null, "shop": null, "landuse": null }, "geometry": { "type": "Point", "coordinates": [ 121.0454383, 14.7278143 ] } },
{ "type": "Feature", "properties": { "name": "St. Francis Guidance School", "category": "education", "amenity": "school", "building": null, "shop": null, "landuse": null }, "geometry": { "type": "Point", "coordinates": [ 121.0528512, 14.7314491 ] } },
{ "type": "Feature", "properties": { "name": "Balara Academy", "category": "education", "amenity": "school", "building": null, "shop": null, "landuse": null }, "geometry": { "type": "Point", "coordinates": [ 121.074373100000017, 14.6654706 ] } },
{ "type": "Feature", "properties": { "name": "San Francisco Vocationaal School", "category": "education", "amenity": "school", "building": null, "shop": null, "landuse": null }, "geometry": { "type": "Point", "coordinates": [ 121.0156498, 14.6414905 ] } },
{ "type": "Feature", "properties": { "name": "Payatas Academy", "category": "education", "amenity": "school", "building": null, "shop": null, "landuse": null }, "geometry": { "type": "Point", "coordinates": [ 121.097091, 14.703961 ] } },
{ "type": "Feature", "properties": { "name": "School of Saint Anthony Annex Building", "category": "education", "amenity": "school", "building": null, "shop": null, "landuse": null }, "geometry": { "type": "Point", "coordinates": [ 121.066068800000011, 14.7329858 ] } },
{ "type": "Feature", "properties": { "name": "Bethel Christian School Of Q. C., Inc.", "category": "education", "amenity": "school", "building": null, "shop": null, "landuse": null }, "geometry": { "type": "Point", "coordinates": [ 121.05986, 14.693361 ] } },
{ "type": "Feature", "properties": { "name": "Manila Bible Seminary", "category": "education", "amenity": "college", "building": null, "shop": null, "landuse": null }, "geometry": { "type": "Point", "coordinates": [ 121.029541, 14.70789 ] } },
{ "type": "Feature", "properties": { "name": "University of the East - Ramon Magsaysay", "category": "education", "amenity": "university", "building": null, "shop": null, "landuse": null }, "geometry": { "type": "Point", "coordinates": [ 121.020945400000016, 14.6070218 ] } },
{ "type": "Feature", "properties": { "name": "St. John Learning Center", "category": "education", "amenity": "school", "building": null, "shop": null, "landuse": null }, "geometry": { "type": "Point", "coordinates": [ 121.105110700000012, 14.6968428 ] } },
{ "type": "Feature", "properties": { "name": "Piaget Learning Center", "category": "education", "amenity": "school", "building": null, "shop": null, "landuse": null }, "geometry": { "type": "Point", "coordinates": [ 121.072663600000013, 14.687371 ] } },
{ "type": "Feature", "properties": { "name": "Smart Driving School", "category": "education", "amenity": "driving_school", "building": null, "shop": null, "landuse": null }, "geometry": { "type": "Point", "coordinates": [ 121.02928940000001, 14.6231922 ] } },
{ "type": "Feature", "properties": { "name": "MSA Academic Advancement Inst.", "category": "education", "amenity": "school", "building": null, "shop": null, "landuse": null }, "geometry": { "type": "Point", "coordinates": [ 121.0742293, 14.6388723 ] } },
{ "type": "Feature", "properties": { "name": "Paisley Garden Academe", "category": "education", "amenity": "school", "building": null, "shop": null, "landuse": null }, "geometry": { "type": "Point", "coordinates": [ 121.049890500000018, 14.6923758 ] } },
{ "type": "Feature", "properties": { "name": "Great Learning Educational Center", "category": "education", "amenity": "school", "building": null, "shop": null, "landuse": null }, "geometry": { "type": "Point", "coordinates": [ 121.0568, 14.6259156 ] } },
{ "type": "Feature", "properties": { "name": "ACCESS Computer College", "category": "education", "amenity": "college", "building": null, "shop": null, "landuse": null }, "geometry": { "type": "Point", "coordinates": [ 121.0613115, 14.6273063 ] } },
{ "type": "Feature", "properties": { "name": "STI College", "category": "education", "amenity": "college", "building": null, "shop": null, "landuse": null }, "geometry": { "type": "Point", "coordinates": [ 121.0193219, 14.6579489 ] } },
{ "type": "Feature", "properties": { "name": "Cleanlars Child Montessori Center", "category": "education", "amenity": "school", "building": null, "shop": null, "landuse": null }, "geometry": { "type": "Point", "coordinates": [ 121.065165, 14.6232824 ] } },
{ "type": "Feature", "properties": { "name": "Gardner College", "category": "education", "amenity": "college", "building": null, "shop": null, "landuse": null }, "geometry": { "type": "Point", "coordinates": [ 121.0334574, 14.6551319 ] } },
{ "type": "Feature", "properties": { "name": "Gospel Light Christian Academy", "category": "education", "amenity": "school", "building": null, "shop": null, "landuse": null }, "geometry": { "type": "Point", "coordinates": [ 121.055251399999989, 14.6364422 ] } },
{ "type": "Feature", "properties": { "name": "Holy Angels Montessori School", "category": "education", "amenity": "school", "building": null, "shop": null, "landuse": null }, "geometry": { "type": "Point", "coordinates": [ 121.071645600000011, 14.6149195 ] } },
{ "type": "Feature", "properties": { "name": "Southeast Asia College", "category": "education", "amenity": "college", "building": null, "shop": null, "landuse": null }, "geometry": { "type": "Point", "coordinates": [ 121.0015001, 14.6173071 ] } },
{ "type": "Feature", "properties": { "name": "Pathways Child Care and Educational Center", "category": "education", "amenity": "school", "building": null, "shop": null, "landuse": null }, "geometry": { "type": "Point", "coordinates": [ 121.0310174, 14.6425774 ] } },
{ "type": "Feature", "properties": { "name": "Mater Carmelli Pre-School", "category": "education", "amenity": "school", "building": null, "shop": null, "landuse": null }, "geometry": { "type": "Point", "coordinates": [ 121.031814399999988, 14.7230254 ] } },
{ "type": "Feature", "properties": { "name": "Ina ng Buhay Elementay and High School", "category": "education", "amenity": "school", "building": null, "shop": null, "landuse": null }, "geometry": { "type": "Point", "coordinates": [ 121.0247787, 14.7247427 ] } },
{ "type": "Feature", "properties": { "name": "Creative Explorers", "category": "education", "amenity": "school", "building": null, "shop": null, "landuse": null }, "geometry": { "type": "Point", "coordinates": [ 121.0441384, 14.6611841 ] } },
{ "type": "Feature", "properties": { "name": "Meralco Sibol School", "category": "education", "amenity": "school", "building": null, "shop": null, "landuse": null }, "geometry": { "type": "Point", "coordinates": [ 121.0151143, 14.6628397 ] } },
{ "type": "Feature", "properties": { "name": "STI College", "category": "education", "amenity": "college", "building": null, "shop": null, "landuse": null }, "geometry": { "type": "Point", "coordinates": [ 121.0136755, 14.6290998 ] } },
{ "type": "Feature", "properties": { "name": "Smart Driving School", "category": "education", "amenity": "driving_school", "building": null, "shop": null, "landuse": null }, "geometry": { "type": "Point", "coordinates": [ 121.016246700000011, 14.6401634 ] } },
{ "type": "Feature", "properties": { "name": "Bob Jones Memorial Bible College", "category": "education", "amenity": "college", "building": null, "shop": null, "landuse": null }, "geometry": { "type": "Point", "coordinates": [ 121.0552953, 14.6363824 ] } },
{ "type": "Feature", "properties": { "name": "Asia school of Arts and Science", "category": "education", "amenity": "school", "building": null, "shop": null, "landuse": null }, "geometry": { "type": "Point", "coordinates": [ 121.0555597, 14.668423 ] } },
{ "type": "Feature", "properties": { "name": "Montessori West School", "category": "education", "amenity": "school", "building": null, "shop": null, "landuse": null }, "geometry": { "type": "Point", "coordinates": [ 121.0285133, 14.6500049 ] } },
{ "type": "Feature", "properties": { "name": "Asian School of Hospitality Arts", "category": "education", "amenity": "school", "building": null, "shop": null, "landuse": null }, "geometry": { "type": "Point", "coordinates": [ 121.029960500000016, 14.653994 ] } },
{ "type": "Feature", "properties": { "name": "Castle Ville Academy", "category": "education", "amenity": "school", "building": null, "shop": null, "landuse": null }, "geometry": { "type": "Point", "coordinates": [ 121.02235570000002, 14.653414 ] } },
{ "type": "Feature", "properties": { "name": "Microcadd Institute", "category": "education", "amenity": "college", "building": null, "shop": null, "landuse": null }, "geometry": { "type": "Point", "coordinates": [ 121.0513034, 14.6210134 ] } },
{ "type": "Feature", "properties": { "name": "Santo Niño Montessori School", "category": "education", "amenity": "school", "building": null, "shop": null, "landuse": null }, "geometry": { "type": "Point", "coordinates": [ 121.050098700000021, 14.7142135 ] } },
{ "type": "Feature", "properties": { "name": "International Graduate School of Leadership", "category": "education", "amenity": "school", "building": null, "shop": null, "landuse": null }, "geometry": { "type": "Point", "coordinates": [ 121.0338979, 14.6874222 ] } },
{ "type": "Feature", "properties": { "name": "STI College Fairview", "category": "education", "amenity": "college", "building": null, "shop": null, "landuse": null }, "geometry": { "type": "Point", "coordinates": [ 121.0614007, 14.7160605 ] } },
{ "type": "Feature", "properties": { "name": "AMA Computer College-Fairview", "category": "education", "amenity": "college", "building": null, "shop": null, "landuse": null }, "geometry": { "type": "Point", "coordinates": [ 121.0614613, 14.7203388 ] } },
{ "type": "Feature", "properties": { "name": "Torch to the Nations International School", "category": "education", "amenity": "school", "building": null, "shop": null, "landuse": null }, "geometry": { "type": "Point", "coordinates": [ 121.0632573, 14.6862068 ] } },
{ "type": "Feature", "properties": { "name": "St Vincent School of Theology", "category": "education", "amenity": "college", "building": null, "shop": null, "landuse": null }, "geometry": { "type": "Point", "coordinates": [ 121.039643, 14.6786348 ] } },
{ "type": "Feature", "properties": { "name": "Advanced Science and Technology Institute", "category": "education", "amenity": "school", "building": null, "shop": null, "landuse": null }, "geometry": { "type": "Point", "coordinates": [ 121.0717655, 14.6471533 ] } },
{ "type": "Feature", "properties": { "name": "The Growing Place", "category": "education", "amenity": "school", "building": null, "shop": null, "landuse": null }, "geometry": { "type": "Point", "coordinates": [ 121.067303600000017, 14.7009752 ] } },
{ "type": "Feature", "properties": { "name": "Gates Professional Schools", "category": "education", "amenity": "college", "building": null, "shop": null, "landuse": null }, "geometry": { "type": "Point", "coordinates": [ 121.0740465, 14.6355056 ] } },
{ "type": "Feature", "properties": { "name": "Apple Tree Integrated School", "category": "education", "amenity": "school", "building": null, "shop": null, "landuse": null }, "geometry": { "type": "Point", "coordinates": [ 120.9973387, 14.6340723 ] } },
{ "type": "Feature", "properties": { "name": "Informatics College", "category": "education", "amenity": "college", "building": null, "shop": null, "landuse": null }, "geometry": { "type": "Point", "coordinates": [ 121.0766949, 14.60899 ] } },
{ "type": "Feature", "properties": { "name": "St. Mark's Learning Center", "category": "education", "amenity": "school", "building": null, "shop": null, "landuse": null }, "geometry": { "type": "Point", "coordinates": [ 121.0320231, 14.6234185 ] } },
{ "type": "Feature", "properties": { "name": "Village School of Parkwood", "category": "education", "amenity": "school", "building": null, "shop": null, "landuse": null }, "geometry": { "type": "Point", "coordinates": [ 121.1150998, 14.72491 ] } },
{ "type": "Feature", "properties": { "name": "Old Balara Christian Community School", "category": "education", "amenity": "school", "building": null, "shop": null, "landuse": null }, "geometry": { "type": "Point", "coordinates": [ 121.071033300000011, 14.6645609 ] } },
{ "type": "Feature", "properties": { "name": "Starland International School, Inc. (Cubao)", "category": "education", "amenity": "school", "building": null, "shop": null, "landuse": null }, "geometry": { "type": "Point", "coordinates": [ 121.057837300000017, 14.6170068 ] } },
{ "type": "Feature", "properties": { "name": "Glendale School", "category": "education", "amenity": "school", "building": null, "shop": null, "landuse": null }, "geometry": { "type": "Point", "coordinates": [ 121.01988, 14.6688454 ] } },
{ "type": "Feature", "properties": { "name": "CIIT", "category": "education", "amenity": "college", "building": null, "shop": null, "landuse": null }, "geometry": { "type": "Point", "coordinates": [ 121.035661300000015, 14.6345012 ] } },
{ "type": "Feature", "properties": { "name": "The Raya School", "category": "education", "amenity": "school", "building": null, "shop": null, "landuse": null }, "geometry": { "type": "Point", "coordinates": [ 121.0368153, 14.6324656 ] } },
{ "type": "Feature", "properties": { "name": "The Elizabethan School", "category": "education", "amenity": "school", "building": null, "shop": null, "landuse": null }, "geometry": { "type": "Point", "coordinates": [ 121.028577400000017, 14.6873454 ] } },
{ "type": "Feature", "properties": { "name": "St Faustina School of Quezon City", "category": "education", "amenity": "school", "building": null, "shop": null, "landuse": null }, "geometry": { "type": "Point", "coordinates": [ 121.0242697, 14.6878254 ] } },
{ "type": "Feature", "properties": { "name": "Electron College of Technical Education", "category": "education", "amenity": "college", "building": null, "shop": null, "landuse": null }, "geometry": { "type": "Point", "coordinates": [ 121.033172, 14.6989661 ] } },
{ "type": "Feature", "properties": { "name": null, "category": "education", "amenity": "school", "building": null, "shop": null, "landuse": null }, "geometry": { "type": "Point", "coordinates": [ 121.073205, 14.6411656 ] } },
{ "type": "Feature", "properties": { "name": "Promise Land Christian School", "category": "education", "amenity": "school", "building": null, "shop": null, "landuse": null }, "geometry": { "type": "Point", "coordinates": [ 121.111130100000011, 14.7149773 ] } },
{ "type": "Feature", "properties": { "name": "Mega Driving School", "category": "education", "amenity": "school", "building": null, "shop": null, "landuse": null }, "geometry": { "type": "Point", "coordinates": [ 121.081781400000011, 14.6786141 ] } },
{ "type": "Feature", "properties": { "name": "Kiddos Beginnings", "category": "education", "amenity": "school", "building": null, "shop": null, "landuse": null }, "geometry": { "type": "Point", "coordinates": [ 121.0812808, 14.6789239 ] } },
{ "type": "Feature", "properties": { "name": "Yamaha School of Music", "category": "education", "amenity": "school", "building": null, "shop": null, "landuse": null }, "geometry": { "type": "Point", "coordinates": [ 121.0857895, 14.677062 ] } },
{ "type": "Feature", "properties": { "name": "IELTS Toefls", "category": "education", "amenity": "school", "building": null, "shop": null, "landuse": null }, "geometry": { "type": "Point", "coordinates": [ 121.0734642, 14.6679422 ] } },
{ "type": "Feature", "properties": { "name": "Loyola House of Studies", "category": "education", "amenity": "college", "building": null, "shop": null, "landuse": null }, "geometry": { "type": "Point", "coordinates": [ 121.080433600000021, 14.6373948 ] } },
{ "type": "Feature", "properties": { "name": "STOUT Risk Reduction Management, Training & Consultancy Services, Inc.", "category": "education", "amenity": "school", "building": null, "shop": null, "landuse": null }, "geometry": { "type": "Point", "coordinates": [ 121.048157300000014, 14.6264811 ] } },
{ "type": "Feature", "properties": { "name": "Philippine Cultural College - Quezon City Campus", "category": "education", "amenity": "college", "building": null, "shop": null, "landuse": null }, "geometry": { "type": "Point", "coordinates": [ 121.003536299999979, 14.6221753 ] } },
{ "type": "Feature", "properties": { "name": "Coronado's School of Quezon City", "category": "education", "amenity": "school", "building": null, "shop": null, "landuse": null }, "geometry": { "type": "Point", "coordinates": [ 121.0454249, 14.6779035 ] } },
{ "type": "Feature", "properties": { "name": null, "category": "education", "amenity": "driving_school", "building": null, "shop": null, "landuse": null }, "geometry": { "type": "Point", "coordinates": [ 121.0530843, 14.6530638 ] } },
{ "type": "Feature", "properties": { "name": "St. Therese School of Technology", "category": "education", "amenity": "school", "building": null, "shop": null, "landuse": null }, "geometry": { "type": "Point", "coordinates": [ 121.0822192, 14.6781455 ] } },
{ "type": "Feature", "properties": { "name": "MAK English Academy", "category": "education", "amenity": "school", "building": null, "shop": null, "landuse": null }, "geometry": { "type": "Point", "coordinates": [ 121.077085700000012, 14.683502 ] } },
{ "type": "Feature", "properties": { "name": "Coronado's School of Quezon City (annex)", "category": "education", "amenity": "school", "building": null, "shop": null, "landuse": null }, "geometry": { "type": "Point", "coordinates": [ 121.0470638, 14.6836627 ] } },
{ "type": "Feature", "properties": { "name": "Mater Christi School", "category": "education", "amenity": "school", "building": null, "shop": null, "landuse": null }, "geometry": { "type": "Point", "coordinates": [ 121.073375200000015, 14.638707 ] } },
{ "type": "Feature", "properties": { "name": "ACCESS Computer and Technical College", "category": "education", "amenity": "college", "building": null, "shop": null, "landuse": null }, "geometry": { "type": "Point", "coordinates": [ 121.048531, 14.7317432 ] } },
{ "type": "Feature", "properties": { "name": "Open Hand School for Applied Arts", "category": "education", "amenity": "school", "building": null, "shop": null, "landuse": null }, "geometry": { "type": "Point", "coordinates": [ 121.049707, 14.6425032 ] } },
{ "type": "Feature", "properties": { "name": "Kindle Learning Center", "category": "education", "amenity": "school", "building": null, "shop": null, "landuse": null }, "geometry": { "type": "Point", "coordinates": [ 121.0428952, 14.7402975 ] } },
{ "type": "Feature", "properties": { "name": "College of Saint Adeline", "category": "education", "amenity": "college", "building": null, "shop": null, "landuse": null }, "geometry": { "type": "Point", "coordinates": [ 121.0781045, 14.705385 ] } },
{ "type": "Feature", "properties": { "name": "Gateways Institute of Science & Technology", "category": "education", "amenity": "school", "building": null, "shop": null, "landuse": null }, "geometry": { "type": "Point", "coordinates": [ 121.0706134, 14.7061549 ] } },
{ "type": "Feature", "properties": { "name": "St. Peter Technical Training Center", "category": "education", "amenity": "school", "building": null, "shop": null, "landuse": null }, "geometry": { "type": "Point", "coordinates": [ 121.0816864, 14.7045718 ] } },
{ "type": "Feature", "properties": { "name": "St. Dominic Institute", "category": "education", "amenity": "school", "building": null, "shop": null, "landuse": null }, "geometry": { "type": "Point", "coordinates": [ 121.0624901, 14.7352178 ] } },
{ "type": "Feature", "properties": { "name": "Maryhill School of Theology", "category": "education", "amenity": "college", "building": null, "shop": null, "landuse": null }, "geometry": { "type": "Point", "coordinates": [ 121.028856100000013, 14.6228487 ] } },
{ "type": "Feature", "properties": { "name": "COJ Catholic Progressive School", "category": "education", "amenity": "school", "building": null, "shop": null, "landuse": null }, "geometry": { "type": "Point", "coordinates": [ 121.0413124, 14.6315167 ] } },
{ "type": "Feature", "properties": { "name": "Our Lord Saviour Academy", "category": "education", "amenity": "school", "building": null, "shop": null, "landuse": null }, "geometry": { "type": "Point", "coordinates": [ 121.098393900000019, 14.6805642 ] } },
{ "type": "Feature", "properties": { "name": "Aics Extension", "category": "education", "amenity": "school", "building": null, "shop": null, "landuse": null }, "geometry": { "type": "Point", "coordinates": [ 121.0810515, 14.6791679 ] } },
{ "type": "Feature", "properties": { "name": "Headway School for Giftedness", "category": "education", "amenity": "school", "building": null, "shop": null, "landuse": null }, "geometry": { "type": "Point", "coordinates": [ 121.053760899999986, 14.6465121 ] } },
{ "type": "Feature", "properties": { "name": "Ideal Montessori", "category": "education", "amenity": "school", "building": null, "shop": null, "landuse": null }, "geometry": { "type": "Point", "coordinates": [ 121.105325, 14.6867763 ] } },
{ "type": "Feature", "properties": { "name": "San Agustin Center of Studies", "category": "education", "amenity": "school", "building": null, "shop": null, "landuse": null }, "geometry": { "type": "Point", "coordinates": [ 121.046725600000016, 14.6628096 ] } },
{ "type": "Feature", "properties": { "name": "Bethel Christian School", "category": "education", "amenity": "school", "building": null, "shop": null, "landuse": null }, "geometry": { "type": "Point", "coordinates": [ 121.071034200000014, 14.6856879 ] } },
{ "type": "Feature", "properties": { "name": "ABE Fairview", "category": "education", "amenity": "school", "building": null, "shop": null, "landuse": null }, "geometry": { "type": "Point", "coordinates": [ 121.086674700000017, 14.6965028 ] } },
{ "type": "Feature", "properties": { "name": "Saint Mark's Child Development Center", "category": "education", "amenity": "school", "building": null, "shop": null, "landuse": null }, "geometry": { "type": "Point", "coordinates": [ 121.0427967, 14.6767586 ] } },
{ "type": "Feature", "properties": { "name": "Light House Christian Academy Foundation", "category": "education", "amenity": "school", "building": null, "shop": null, "landuse": null }, "geometry": { "type": "Point", "coordinates": [ 120.9917336, 14.640757 ] } },
{ "type": "Feature", "properties": { "name": "ClE New Life Christian School", "category": "education", "amenity": "school", "building": null, "shop": null, "landuse": null }, "geometry": { "type": "Point", "coordinates": [ 121.090117500000019, 14.7056416 ] } },
{ "type": "Feature", "properties": { "name": "Temple Hill International School", "category": "education", "amenity": "school", "building": null, "shop": null, "landuse": null }, "geometry": { "type": "Point", "coordinates": [ 121.0718113, 14.6216312 ] } },
{ "type": "Feature", "properties": { "name": "ABE College", "category": "education", "amenity": "college", "building": null, "shop": null, "landuse": null }, "geometry": { "type": "Point", "coordinates": [ 121.0865819, 14.6961852 ] } },
{ "type": "Feature", "properties": { "name": "FamilyLife Christian School Inc.", "category": "education", "amenity": "school", "building": null, "shop": null, "landuse": null }, "geometry": { "type": "Point", "coordinates": [ 121.052294100000012, 14.7416284 ] } },
{ "type": "Feature", "properties": { "name": "Olive Grove Elementary School", "category": "education", "amenity": "school", "building": null, "shop": null, "landuse": null }, "geometry": { "type": "Point", "coordinates": [ 121.0194009, 14.7007405 ] } },
{ "type": "Feature", "properties": { "name": "King Solomon Christian School International", "category": "education", "amenity": "school", "building": null, "shop": null, "landuse": null }, "geometry": { "type": "Point", "coordinates": [ 121.0148023, 14.6272108 ] } },
{ "type": "Feature", "properties": { "name": "Learning development center Inc.", "category": "education", "amenity": "school", "building": null, "shop": null, "landuse": null }, "geometry": { "type": "Point", "coordinates": [ 121.105521400000015, 14.71143 ] } },
{ "type": "Feature", "properties": { "name": "Precious Learning Center", "category": "education", "amenity": "school", "building": null, "shop": null, "landuse": null }, "geometry": { "type": "Point", "coordinates": [ 121.05366, 14.7098758 ] } },
{ "type": "Feature", "properties": { "name": "Starland International School", "category": "education", "amenity": "school", "building": null, "shop": null, "landuse": null }, "geometry": { "type": "Point", "coordinates": [ 121.0590445, 14.6191893 ] } },
{ "type": "Feature", "properties": { "name": "University of the Philippines Open University Diliman Learning Center", "category": "education", "amenity": "university", "building": null, "shop": null, "landuse": null }, "geometry": { "type": "Point", "coordinates": [ 121.058427400000014, 14.6526051 ] } },
{ "type": "Feature", "properties": { "name": "Starland International School Preschool Department", "category": "education", "amenity": "school", "building": null, "shop": null, "landuse": null }, "geometry": { "type": "Point", "coordinates": [ 121.0614192, 14.6351452 ] } },
{ "type": "Feature", "properties": { "name": "Starland International School", "category": "education", "amenity": "school", "building": null, "shop": null, "landuse": null }, "geometry": { "type": "Point", "coordinates": [ 121.0612884, 14.6352933 ] } },
{ "type": "Feature", "properties": { "name": "Manuel L. Quezon University", "category": "education", "amenity": "college", "building": null, "shop": null, "landuse": null }, "geometry": { "type": "Point", "coordinates": [ 121.04566029999998, 14.6323817 ] } },
{ "type": "Feature", "properties": { "name": "MLQU", "category": "education", "amenity": "college", "building": null, "shop": null, "landuse": null }, "geometry": { "type": "Point", "coordinates": [ 121.0435641, 14.6355296 ] } },
{ "type": "Feature", "properties": { "name": "Corner House Learning Center", "category": "education", "amenity": "school", "building": null, "shop": null, "landuse": null }, "geometry": { "type": "Point", "coordinates": [ 121.062534199999988, 14.6340514 ] } },
{ "type": "Feature", "properties": { "name": "Bennister Academy", "category": "education", "amenity": "school", "building": null, "shop": null, "landuse": null }, "geometry": { "type": "Point", "coordinates": [ 121.089455699999988, 14.6015934 ] } },
{ "type": "Feature", "properties": { "name": "Quezon City Christian Academy", "category": "education", "amenity": "school", "building": null, "shop": null, "landuse": null }, "geometry": { "type": "Point", "coordinates": [ 121.0041774, 14.6229063 ] } },
{ "type": "Feature", "properties": { "name": "The CECCD College", "category": "education", "amenity": "school", "building": null, "shop": null, "landuse": null }, "geometry": { "type": "Point", "coordinates": [ 121.060344300000011, 14.6281051 ] } },
{ "type": "Feature", "properties": { "name": "Living Hope Academe of Quezon City", "category": "education", "amenity": "school", "building": null, "shop": null, "landuse": null }, "geometry": { "type": "Point", "coordinates": [ 121.0209512, 14.6693286 ] } },
{ "type": "Feature", "properties": { "name": "A1 Driving", "category": "education", "amenity": "driving_school", "building": null, "shop": null, "landuse": null }, "geometry": { "type": "Point", "coordinates": [ 121.0182519, 14.6039024 ] } },
{ "type": "Feature", "properties": { "name": "The Madz Music Studio", "category": "education", "amenity": "music_school", "building": null, "shop": null, "landuse": null }, "geometry": { "type": "Point", "coordinates": [ 121.0791398, 14.6110456 ] } },
{ "type": "Feature", "properties": { "name": "Diliman College", "category": "education", "amenity": "college", "building": null, "shop": null, "landuse": null }, "geometry": { "type": "Point", "coordinates": [ 121.0818523, 14.6746959 ] } },
{ "type": "Feature", "properties": { "name": "KBCF Kinder Care Christian School", "category": "education", "amenity": "school", "building": null, "shop": null, "landuse": null }, "geometry": { "type": "Point", "coordinates": [ 121.0411234, 14.6302525 ] } },
{ "type": "Feature", "properties": { "name": "CIIT Philippines-College of Arts and Technology", "category": "education", "amenity": "school", "building": null, "shop": null, "landuse": null }, "geometry": { "type": "Point", "coordinates": [ 121.04194, 14.6295105 ] } },
{ "type": "Feature", "properties": { "name": "Academia de Belarmino", "category": "education", "amenity": "school", "building": null, "shop": null, "landuse": null }, "geometry": { "type": "Point", "coordinates": [ 121.0423159, 14.6599678 ] } },
{ "type": "Feature", "properties": { "name": "Mind Matters Christian Academy", "category": "education", "amenity": "school", "building": null, "shop": null, "landuse": null }, "geometry": { "type": "Point", "coordinates": [ 121.0375269, 14.6339766 ] } },
{ "type": "Feature", "properties": { "name": "Saint paul educational ctr", "category": "education", "amenity": "school", "building": null, "shop": null, "landuse": null }, "geometry": { "type": "Point", "coordinates": [ 121.0314074, 14.6618424 ] } },
{ "type": "Feature", "properties": { "name": "Lord grace baptist churh & Master's Care Christian School", "category": "education", "amenity": "school", "building": null, "shop": null, "landuse": null }, "geometry": { "type": "Point", "coordinates": [ 121.0756618, 14.6758569 ] } },
{ "type": "Feature", "properties": { "name": "The Seed Montessori School", "category": "education", "amenity": "school", "building": null, "shop": null, "landuse": null }, "geometry": { "type": "Point", "coordinates": [ 121.078078100000013, 14.6758621 ] } },
{ "type": "Feature", "properties": { "name": "Saint Nazaire School", "category": "education", "amenity": "school", "building": null, "shop": null, "landuse": null }, "geometry": { "type": "Point", "coordinates": [ 121.0958052, 14.7019379 ] } },
{ "type": "Feature", "properties": { "name": "A1 Driving", "category": "education", "amenity": "driving_school", "building": null, "shop": null, "landuse": null }, "geometry": { "type": "Point", "coordinates": [ 120.996336, 14.6303714 ] } },
{ "type": "Feature", "properties": { "name": "Santo Niño de Novaliches School", "category": "education", "amenity": "school", "building": null, "shop": null, "landuse": null }, "geometry": { "type": "Point", "coordinates": [ 121.0391441, 14.7191176 ] } },
{ "type": "Feature", "properties": { "name": "Bremar School", "category": "education", "amenity": "school", "building": null, "shop": null, "landuse": null }, "geometry": { "type": "Point", "coordinates": [ 121.0500702, 14.6098858 ] } },
{ "type": "Feature", "properties": { "name": "Diliman College", "category": "education", "amenity": "college", "building": null, "shop": null, "landuse": null }, "geometry": { "type": "Point", "coordinates": [ 121.081835600000019, 14.6746883 ] } },
{ "type": "Feature", "properties": { "name": "Ateneo de Manila University", "category": "education", "amenity": "school", "building": null, "shop": null, "landuse": null }, "geometry": { "type": "Point", "coordinates": [ 121.0772249, 14.6389506 ] } },
{ "type": "Feature", "properties": { "name": "I.D.E.A.S. Montessori", "category": "education", "amenity": "school", "building": null, "shop": null, "landuse": null }, "geometry": { "type": "Point", "coordinates": [ 121.0793121, 14.6647611 ] } },
{ "type": "Feature", "properties": { "name": "Mines Elementary School", "category": "education", "amenity": "school", "building": null, "shop": null, "landuse": null }, "geometry": { "type": "Point", "coordinates": [ 121.046641, 14.6585488 ] } },
{ "type": "Feature", "properties": { "name": "Datamex", "category": "education", "amenity": "college", "building": null, "shop": null, "landuse": null }, "geometry": { "type": "Point", "coordinates": [ 121.0765364, 14.7054078 ] } },
{ "type": "Feature", "properties": { "name": "Saint Paul Educational Center", "category": "education", "amenity": "school", "building": null, "shop": null, "landuse": null }, "geometry": { "type": "Point", "coordinates": [ 121.0375111, 14.6625378 ] } },
{ "type": "Feature", "properties": { "name": "Karamay Christian School", "category": "education", "amenity": "school", "building": null, "shop": null, "landuse": null }, "geometry": { "type": "Point", "coordinates": [ 121.020867, 14.663899 ] } },
{ "type": "Feature", "properties": { "name": "GLOBE", "category": "education", "amenity": "driving_school", "building": null, "shop": null, "landuse": null }, "geometry": { "type": "Point", "coordinates": [ 121.03712729999998, 14.6701035 ] } },
{ "type": "Feature", "properties": { "name": "Electron College of Technical Education", "category": "education", "amenity": "college", "building": null, "shop": null, "landuse": null }, "geometry": { "type": "Point", "coordinates": [ 121.015106, 14.6187856 ] } },
{ "type": "Feature", "properties": { "name": "Daughters of Saint Dominic School", "category": "education", "amenity": "school", "building": null, "shop": null, "landuse": null }, "geometry": { "type": "Point", "coordinates": [ 120.9979569, 14.6213837 ] } },
{ "type": "Feature", "properties": { "name": "Electron College Of Technica Education", "category": "education", "amenity": "college", "building": null, "shop": null, "landuse": null }, "geometry": { "type": "Point", "coordinates": [ 121.0521728, 14.7050822 ] } },
{ "type": "Feature", "properties": { "name": "Dominicques Solis Academy", "category": "education", "amenity": "school", "building": null, "shop": null, "landuse": null }, "geometry": { "type": "Point", "coordinates": [ 121.050182799999988, 14.7042762 ] } },
{ "type": "Feature", "properties": { "name": "St. Nicholas Of Bari School", "category": "education", "amenity": "school", "building": null, "shop": null, "landuse": null }, "geometry": { "type": "Point", "coordinates": [ 121.0314718, 14.7015174 ] } },
{ "type": "Feature", "properties": { "name": "Access Computer College", "category": "education", "amenity": "college", "building": null, "shop": null, "landuse": null }, "geometry": { "type": "Point", "coordinates": [ 121.0647956, 14.7355183 ] } },
{ "type": "Feature", "properties": { "name": "Trinity Polytechnic College", "category": "education", "amenity": "college", "building": null, "shop": null, "landuse": null }, "geometry": { "type": "Point", "coordinates": [ 121.0406776, 14.7157203 ] } },
{ "type": "Feature", "properties": { "name": "IIHC", "category": "education", "amenity": "college", "building": null, "shop": null, "landuse": null }, "geometry": { "type": "Point", "coordinates": [ 121.048434299999982, 14.7316788 ] } },
{ "type": "Feature", "properties": { "name": "Tyrone's Driving School", "category": "education", "amenity": "driving_school", "building": null, "shop": null, "landuse": null }, "geometry": { "type": "Point", "coordinates": [ 121.0318293, 14.6785384 ] } },
{ "type": "Feature", "properties": { "name": "iRise Driving School", "category": "education", "amenity": "driving_school", "building": null, "shop": null, "landuse": null }, "geometry": { "type": "Point", "coordinates": [ 121.048434299999982, 14.7316583 ] } },
{ "type": "Feature", "properties": { "name": "Electron College of Technical Education", "category": "education", "amenity": "college", "building": null, "shop": null, "landuse": null }, "geometry": { "type": "Point", "coordinates": [ 121.034174099999987, 14.6989132 ] } },
{ "type": "Feature", "properties": { "name": "Electron College - College of Criminology", "category": "education", "amenity": "college", "building": null, "shop": null, "landuse": null }, "geometry": { "type": "Point", "coordinates": [ 121.03363760000002, 14.6988068 ] } },
{ "type": "Feature", "properties": { "name": "CIIT Senior High School", "category": "education", "amenity": "school", "building": null, "shop": null, "landuse": null }, "geometry": { "type": "Point", "coordinates": [ 121.0367967, 14.6412146 ] } },
{ "type": "Feature", "properties": { "name": "Timothy Christian Academy", "category": "education", "amenity": "school", "building": null, "shop": null, "landuse": null }, "geometry": { "type": "Point", "coordinates": [ 121.069483, 14.7087844 ] } },
{ "type": "Feature", "properties": { "name": null, "category": "education", "amenity": "school", "building": null, "shop": null, "landuse": null }, "geometry": { "type": "Point", "coordinates": [ 121.058698300000017, 14.7108362 ] } },
{ "type": "Feature", "properties": { "name": "Dalupan Elementary School", "category": "education", "amenity": "school", "building": null, "shop": null, "landuse": null }, "geometry": { "type": "Point", "coordinates": [ 121.012948800000018, 14.644619 ] } },
{ "type": "Feature", "properties": { "name": "AISAT", "category": "education", "amenity": "school", "building": null, "shop": null, "landuse": null }, "geometry": { "type": "Point", "coordinates": [ 121.0615025, 14.7337557 ] } },
{ "type": "Feature", "properties": { "name": "STI Academy Center", "category": "education", "amenity": "college", "building": null, "shop": null, "landuse": null }, "geometry": { "type": "Point", "coordinates": [ 121.0540031, 14.61641 ] } },
{ "type": "Feature", "properties": { "name": "Saint Mariam Thresia School Inc.", "category": "education", "amenity": "school", "building": null, "shop": null, "landuse": null }, "geometry": { "type": "Point", "coordinates": [ 121.033228, 14.7219332 ] } },
{ "type": "Feature", "properties": { "name": "Bestlink College of the Philippines", "category": "education", "amenity": "college", "building": null, "shop": null, "landuse": null }, "geometry": { "type": "Point", "coordinates": [ 121.0414651, 14.7264963 ] } },
{ "type": "Feature", "properties": { "name": "EZ Driving School", "category": "education", "amenity": "driving_school", "building": null, "shop": null, "landuse": null }, "geometry": { "type": "Point", "coordinates": [ 121.0480338, 14.7315865 ] } },
{ "type": "Feature", "properties": { "name": "RS Driving School", "category": "education", "amenity": "driving_school", "building": null, "shop": null, "landuse": null }, "geometry": { "type": "Point", "coordinates": [ 121.047659, 14.7313614 ] } },
{ "type": "Feature", "properties": { "name": "Bes Driving School", "category": "education", "amenity": "driving_school", "building": null, "shop": null, "landuse": null }, "geometry": { "type": "Point", "coordinates": [ 121.0471956, 14.7313647 ] } },
{ "type": "Feature", "properties": { "name": "B3S Driving School", "category": "education", "amenity": "driving_school", "building": null, "shop": null, "landuse": null }, "geometry": { "type": "Point", "coordinates": [ 121.033876799999987, 14.6768937 ] } },
{ "type": "Feature", "properties": { "name": "Saint Augustine School of Nursing", "category": "education", "amenity": "college", "building": "commercial", "shop": null, "landuse": null }, "geometry": { "type": "Point", "coordinates": [ 121.027559700000012, 14.6559001 ] } },
{ "type": "Feature", "properties": { "name": "Hope Christian Academy", "category": "education", "amenity": "school", "building": null, "shop": null, "landuse": null }, "geometry": { "type": "Point", "coordinates": [ 121.0284018, 14.6556963 ] } },
{ "type": "Feature", "properties": { "name": "STI Computer College", "category": "education", "amenity": "college", "building": null, "shop": null, "landuse": null }, "geometry": { "type": "Point", "coordinates": [ 121.053913, 14.6164465 ] } },
{ "type": "Feature", "properties": { "name": "Jordan Woods Academy", "category": "education", "amenity": "school", "building": null, "shop": null, "landuse": null }, "geometry": { "type": "Point", "coordinates": [ 121.049497, 14.7240591 ] } },
{ "type": "Feature", "properties": { "name": "Kumon Learning Center", "category": "education", "amenity": "school", "building": null, "shop": null, "landuse": null }, "geometry": { "type": "Point", "coordinates": [ 121.0720037, 14.6862781 ] } },
{ "type": "Feature", "properties": { "name": "Little Sandbox Preschool", "category": "education", "amenity": "school", "building": null, "shop": null, "landuse": null }, "geometry": { "type": "Point", "coordinates": [ 121.036223, 14.6313451 ] } },
{ "type": "Feature", "properties": { "name": "Smart Driving School", "category": "education", "amenity": "driving_school", "building": null, "shop": null, "landuse": null }, "geometry": { "type": "Point", "coordinates": [ 121.03546369999998, 14.7017167 ] } },
{ "type": "Feature", "properties": { "name": "PMI QZC", "category": "education", "amenity": "school", "building": null, "shop": null, "landuse": null }, "geometry": { "type": "Point", "coordinates": [ 121.031172699999985, 14.6379419 ] } },
{ "type": "Feature", "properties": { "name": "Creative Learner's Home", "category": "education", "amenity": "school", "building": null, "shop": null, "landuse": null }, "geometry": { "type": "Point", "coordinates": [ 121.0614284, 14.7356894 ] } },
{ "type": "Feature", "properties": { "name": "Our Lady of Fatima", "category": "education", "amenity": "college", "building": null, "shop": null, "landuse": null }, "geometry": { "type": "Point", "coordinates": [ 121.0609997, 14.7169165 ] } },
{ "type": "Feature", "properties": { "name": "Center For Children With Special Needs Special Education And Therapy Center", "category": "education", "amenity": "school", "building": null, "shop": null, "landuse": null }, "geometry": { "type": "Point", "coordinates": [ 121.0625556, 14.7175525 ] } },
{ "type": "Feature", "properties": { "name": "Saint Ignatius Elementary School", "category": "education", "amenity": "school", "building": null, "shop": null, "landuse": null }, "geometry": { "type": "Point", "coordinates": [ 121.0605847, 14.6115947 ] } },
{ "type": "Feature", "properties": { "name": "Nest School", "category": "education", "amenity": "school", "building": null, "shop": null, "landuse": null }, "geometry": { "type": "Point", "coordinates": [ 121.0556238, 14.6388044 ] } },
{ "type": "Feature", "properties": { "name": "A1 Driving", "category": "education", "amenity": "driving_school", "building": null, "shop": null, "landuse": null }, "geometry": { "type": "Point", "coordinates": [ 121.0587607, 14.6357959 ] } },
{ "type": "Feature", "properties": { "name": "New Era University (Main Campus)", "category": "education", "amenity": "school", "building": null, "shop": null, "landuse": null }, "geometry": { "type": "Point", "coordinates": [ 121.0580892, 14.6640112 ] } },
{ "type": "Feature", "properties": { "name": "Mercedarian School", "category": "education", "amenity": "school", "building": null, "shop": null, "landuse": null }, "geometry": { "type": "Point", "coordinates": [ 121.0663674, 14.7328649 ] } },
{ "type": "Feature", "properties": { "name": "Thousand Buddha Academy", "category": "education", "amenity": "school", "building": null, "shop": null, "landuse": null }, "geometry": { "type": "Point", "coordinates": [ 121.0101444, 14.6298379 ] } },
{ "type": "Feature", "properties": { "name": "NEU Fairview", "category": "education", "amenity": "school", "building": null, "shop": null, "landuse": null }, "geometry": { "type": "Point", "coordinates": [ 121.0574273, 14.733772 ] } },
{ "type": "Feature", "properties": { "name": "Tala Driving School", "category": "education", "amenity": "driving_school", "building": null, "shop": null, "landuse": null }, "geometry": { "type": "Point", "coordinates": [ 121.049915500000012, 14.6372627 ] } },
{ "type": "Feature", "properties": { "name": "Master Driving School", "category": "education", "amenity": "driving_school", "building": null, "shop": null, "landuse": null }, "geometry": { "type": "Point", "coordinates": [ 121.0465501, 14.6377992 ] } },
{ "type": "Feature", "properties": { "name": "QS Driving School", "category": "education", "amenity": "driving_school", "building": null, "shop": null, "landuse": null }, "geometry": { "type": "Point", "coordinates": [ 121.047382, 14.6375996 ] } },
{ "type": "Feature", "properties": { "name": "Sun Driving School", "category": "education", "amenity": "driving_school", "building": null, "shop": null, "landuse": null }, "geometry": { "type": "Point", "coordinates": [ 121.06330650000001, 14.628145 ] } },
{ "type": "Feature", "properties": { "name": "St Joseph Catholic School", "category": "education", "amenity": "school", "building": null, "shop": null, "landuse": null }, "geometry": { "type": "Point", "coordinates": [ 121.064061600000016, 14.6286797 ] } },
{ "type": "Feature", "properties": { "name": "National Institute for Technical and Vocational Careers Inc.", "category": "education", "amenity": "school", "building": null, "shop": null, "landuse": null }, "geometry": { "type": "Point", "coordinates": [ 121.0589413, 14.6119817 ] } },
{ "type": "Feature", "properties": { "name": "St. John de Brebeuf Integrated School", "category": "education", "amenity": "school", "building": null, "shop": null, "landuse": null }, "geometry": { "type": "Point", "coordinates": [ 121.06113040000001, 14.617044 ] } },
{ "type": "Feature", "properties": { "name": "St. Therese Learning Center", "category": "education", "amenity": "school", "building": null, "shop": null, "landuse": null }, "geometry": { "type": "Point", "coordinates": [ 121.030997, 14.6619942 ] } },
{ "type": "Feature", "properties": { "name": "Esem Driving School", "category": "education", "amenity": "driving_school", "building": null, "shop": null, "landuse": null }, "geometry": { "type": "Point", "coordinates": [ 121.0260148, 14.6598829 ] } },
{ "type": "Feature", "properties": { "name": "St Bernadette Nursing School", "category": "education", "amenity": "college", "building": null, "shop": null, "landuse": null }, "geometry": { "type": "Point", "coordinates": [ 121.0308409, 14.6944321 ] } },
{ "type": "Feature", "properties": { "name": "IE/ME Swell Room", "category": "education", "amenity": "university", "building": null, "shop": null, "landuse": null }, "geometry": { "type": "Point", "coordinates": [ 121.0708489, 14.6573826 ] } },
{ "type": "Feature", "properties": { "name": "Microcadd Institute", "category": "education", "amenity": "college", "building": null, "shop": null, "landuse": null }, "geometry": { "type": "Point", "coordinates": [ 121.027526199999983, 14.6568951 ] } },
{ "type": "Feature", "properties": { "name": "Majesty Driving School", "category": "education", "amenity": "driving_school", "building": null, "shop": null, "landuse": null }, "geometry": { "type": "Point", "coordinates": [ 121.048009199999981, 14.6368829 ] } },
{ "type": "Feature", "properties": { "name": "Trinity Polytechnic College", "category": "education", "amenity": "school", "building": null, "shop": null, "landuse": null }, "geometry": { "type": "Point", "coordinates": [ 121.0329886, 14.6773052 ] } },
{ "type": "Feature", "properties": { "name": "Little Achievers Learning Center", "category": "education", "amenity": "school", "building": null, "shop": null, "landuse": null }, "geometry": { "type": "Point", "coordinates": [ 121.0379094, 14.6734642 ] } },
{ "type": "Feature", "properties": { "name": "TriNoma P2P Bus Terminal", "category": "transport", "amenity": "bus_station", "building": null, "shop": null, "landuse": null }, "geometry": { "type": "Point", "coordinates": [ 121.035302831103195, 14.653713329287907 ] } },
{ "type": "Feature", "properties": { "name": "Quezon Avenue", "category": "transport", "amenity": null, "building": "yes", "shop": null, "landuse": null }, "geometry": { "type": "Point", "coordinates": [ 121.038592972938986, 14.642583161646249 ] } },
{ "type": "Feature", "properties": { "name": "Mindanao Avenue", "category": "transport", "amenity": null, "building": "construction", "shop": null, "landuse": null }, "geometry": { "type": "Point", "coordinates": [ 121.061209954392126, 14.733058746664204 ] } },
{ "type": "Feature", "properties": { "name": "SM North EDSA Busway Concurse", "category": "transport", "amenity": "bus_station", "building": "yes", "shop": null, "landuse": null }, "geometry": { "type": "Point", "coordinates": [ 121.029077012874495, 14.655830862765511 ] } },
{ "type": "Feature", "properties": { "name": "Don Antonio", "category": "transport", "amenity": null, "building": "construction", "shop": null, "landuse": null }, "geometry": { "type": "Point", "coordinates": [ 121.082624803431841, 14.677019699477254 ] } },
{ "type": "Feature", "properties": { "name": "GMA Kamuning", "category": "transport", "amenity": null, "building": "transportation", "shop": null, "landuse": null }, "geometry": { "type": "Point", "coordinates": [ 121.043315448357276, 14.635311296374658 ] } },
{ "type": "Feature", "properties": { "name": "Baliwag Transit Cubao", "category": "transport", "amenity": "bus_station", "building": null, "shop": null, "landuse": null }, "geometry": { "type": "Point", "coordinates": [ 121.049374252041289, 14.624533357184516 ] } },
{ "type": "Feature", "properties": { "name": "Saint Jude Transit", "category": "transport", "amenity": "bus_station", "building": null, "shop": null, "landuse": null }, "geometry": { "type": "Point", "coordinates": [ 121.05411973469208, 14.611873316761685 ] } },
{ "type": "Feature", "properties": { "name": "Santolan-Annapolis", "category": "transport", "amenity": null, "building": "yes", "shop": null, "landuse": null }, "geometry": { "type": "Point", "coordinates": [ 121.056496974481846, 14.607752156554684 ] } },
{ "type": "Feature", "properties": { "name": "Batasan Transportation Terminal", "category": "transport", "amenity": "bus_station", "building": null, "shop": null, "landuse": null }, "geometry": { "type": "Point", "coordinates": [ 121.087713495995104, 14.686454563144949 ] } },
{ "type": "Feature", "properties": { "name": "Betty Go-Belmonte", "category": "transport", "amenity": null, "building": "yes", "shop": null, "landuse": null }, "geometry": { "type": "Point", "coordinates": [ 121.042706381366784, 14.618595752247241 ] } },
{ "type": "Feature", "properties": { "name": "Balintawak Cloverleaf Jeepney Station", "category": "transport", "amenity": null, "building": "yes", "shop": null, "landuse": null }, "geometry": { "type": "Point", "coordinates": [ 121.004765343704165, 14.656261724584835 ] } },
{ "type": "Feature", "properties": { "name": null, "category": "transport", "amenity": "bus_station", "building": null, "shop": null, "landuse": null }, "geometry": { "type": "Point", "coordinates": [ 121.053985465032909, 14.612133733388596 ] } },
{ "type": "Feature", "properties": { "name": "Five Star Cubao", "category": "transport", "amenity": "bus_station", "building": null, "shop": null, "landuse": null }, "geometry": { "type": "Point", "coordinates": [ 121.049696755323993, 14.623773264742374 ] } },
{ "type": "Feature", "properties": { "name": "Robinson Tricycle and Jeepney Transport Terminal", "category": "transport", "amenity": null, "building": null, "shop": null, "landuse": null }, "geometry": { "type": "Point", "coordinates": [ 121.057867678878978, 14.736195577073211 ] } },
{ "type": "Feature", "properties": { "name": "Novaliches Public Terminal", "category": "transport", "amenity": "bus_station", "building": "transportation", "shop": null, "landuse": null }, "geometry": { "type": "Point", "coordinates": [ 121.054607911887601, 14.734607694489133 ] } },
{ "type": "Feature", "properties": { "name": "Araneta Center - Cubao", "category": "transport", "amenity": null, "building": "transportation", "shop": null, "landuse": null }, "geometry": { "type": "Point", "coordinates": [ 121.052905816406337, 14.622793678491888 ] } },
{ "type": "Feature", "properties": { "name": "Gilmore", "category": "transport", "amenity": null, "building": "train_station", "shop": null, "landuse": null }, "geometry": { "type": "Point", "coordinates": [ 121.034145868179763, 14.613536266658885 ] } },
{ "type": "Feature", "properties": { "name": "Anonas", "category": "transport", "amenity": null, "building": "yes", "shop": null, "landuse": null }, "geometry": { "type": "Point", "coordinates": [ 121.06472671669178, 14.628000136401981 ] } },
{ "type": "Feature", "properties": { "name": "North Avenue", "category": "transport", "amenity": null, "building": "transportation", "shop": null, "landuse": null }, "geometry": { "type": "Point", "coordinates": [ 121.032319232665657, 14.652213351604413 ] } },
{ "type": "Feature", "properties": { "name": "E-jeep AGS Station", "category": "transport", "amenity": "bus_station", "building": null, "shop": null, "landuse": null }, "geometry": { "type": "Point", "coordinates": [ 121.074789878328531, 14.634644002465535 ] } },
{ "type": "Feature", "properties": { "name": "SM City North EDSA Bus Interchange", "category": "transport", "amenity": "bus_station", "building": "transportation", "shop": null, "landuse": null }, "geometry": { "type": "Point", "coordinates": [ 121.029119250899441, 14.656196173082011 ] } },
{ "type": "Feature", "properties": { "name": "Balintawak", "category": "transport", "amenity": null, "building": "yes", "shop": null, "landuse": null }, "geometry": { "type": "Point", "coordinates": [ 121.003895321982597, 14.657418862434918 ] } },
{ "type": "Feature", "properties": { "name": "Fernando Poe Jr.", "category": "transport", "amenity": null, "building": "transportation", "shop": null, "landuse": null }, "geometry": { "type": "Point", "coordinates": [ 121.021140040232879, 14.657542767130513 ] } },
{ "type": "Feature", "properties": { "name": "Katipunan", "category": "transport", "amenity": null, "building": "transportation", "shop": null, "landuse": null }, "geometry": { "type": "Point", "coordinates": [ 121.072899225388923, 14.631040318805661 ] } },
{ "type": "Feature", "properties": { "name": "University Avenue", "category": "transport", "amenity": null, "building": "construction", "shop": null, "landuse": null }, "geometry": { "type": "Point", "coordinates": [ 121.054921397355145, 14.655036301066586 ] } },
{ "type": "Feature", "properties": { "name": "Quezon Memorial Circle", "category": "transport", "amenity": null, "building": "construction", "shop": null, "landuse": null }, "geometry": { "type": "Point", "coordinates": [ 121.047697472845613, 14.652255830191814 ] } },
{ "type": "Feature", "properties": { "name": "North Triangle Common Station", "category": "transport", "amenity": null, "building": "transportation", "shop": null, "landuse": null }, "geometry": { "type": "Point", "coordinates": [ 121.031102622216636, 14.655025717795912 ] } },
{ "type": "Feature", "properties": { "name": "SM Fairview - Public Transport Terminal B", "category": "transport", "amenity": "bus_station", "building": null, "shop": null, "landuse": null }, "geometry": { "type": "Point", "coordinates": [ 121.055740987708916, 14.732582393692187 ] } },
{ "type": "Feature", "properties": { "name": "Tandang Sora", "category": "transport", "amenity": null, "building": "train_station", "shop": null, "landuse": null }, "geometry": { "type": "Point", "coordinates": [ 121.067440945840104, 14.663458733816954 ] } },
{ "type": "Feature", "properties": { "name": "Centris UV Express FX Terminal", "category": "transport", "amenity": null, "building": "roof", "shop": null, "landuse": null }, "geometry": { "type": "Point", "coordinates": [ 121.038980613393093, 14.64404214141592 ] } },
{ "type": "Feature", "properties": { "name": "Araneta City Bus Station", "category": "transport", "amenity": "bus_station", "building": "roof", "shop": null, "landuse": null }, "geometry": { "type": "Point", "coordinates": [ 121.0553601514154, 14.621463963460087 ] } },
{ "type": "Feature", "properties": { "name": "SM City Fairview Jeepney Terminal", "category": "transport", "amenity": null, "building": "roof", "shop": null, "landuse": null }, "geometry": { "type": "Point", "coordinates": [ 121.060893395141321, 14.73479262763024 ] } },
{ "type": "Feature", "properties": { "name": null, "category": "transport", "amenity": "bus_station", "building": "roof", "shop": null, "landuse": null }, "geometry": { "type": "Point", "coordinates": [ 121.082897260102413, 14.678344687681955 ] } },
{ "type": "Feature", "properties": { "name": "Manggahan", "category": "transport", "amenity": null, "building": "construction", "shop": null, "landuse": null }, "geometry": { "type": "Point", "coordinates": [ 121.08731427590412, 14.697515251817931 ] } },
{ "type": "Feature", "properties": { "name": "Bagumbayan-Santolan Ferry", "category": "transport", "amenity": null, "building": "Bagumbayan Riverboat Station", "shop": null, "landuse": null }, "geometry": { "type": "Point", "coordinates": [ 121.085409020968441, 14.608001145767375 ] } },
{ "type": "Feature", "properties": { "name": "Araneta City Jeepney Terminal", "category": "transport", "amenity": "bus_station", "building": "transportation", "shop": null, "landuse": null }, "geometry": { "type": "Point", "coordinates": [ 121.054457049883027, 14.617759900034798 ] } },
{ "type": "Feature", "properties": { "name": "Batasan", "category": "transport", "amenity": null, "building": "train_station", "shop": null, "landuse": null }, "geometry": { "type": "Point", "coordinates": [ 121.086287248773218, 14.68508607660122 ] } },
{ "type": "Feature", "properties": { "name": "North Avenue", "category": "transport", "amenity": null, "building": "construction", "shop": null, "landuse": null }, "geometry": { "type": "Point", "coordinates": [ 121.032069143259676, 14.655155876679746 ] } },
{ "type": "Feature", "properties": { "name": "Regalado Avenue", "category": "transport", "amenity": null, "building": "construction", "shop": null, "landuse": null }, "geometry": { "type": "Point", "coordinates": [ 121.068112802358215, 14.706492876505809 ] } },
{ "type": "Feature", "properties": { "name": "Doña Carmen", "category": "transport", "amenity": null, "building": "construction", "shop": null, "landuse": null }, "geometry": { "type": "Point", "coordinates": [ 121.078319999853051, 14.705114350681987 ] } },
{ "type": "Feature", "properties": { "name": null, "category": "transport", "amenity": "bus_station", "building": null, "shop": null, "landuse": null }, "geometry": { "type": "Point", "coordinates": [ 121.086478229668984, 14.693734984664561 ] } },
{ "type": "Feature", "properties": { "name": "EDSA Balintawak", "category": "transport", "amenity": null, "building": null, "shop": null, "landuse": null }, "geometry": { "type": "Point", "coordinates": [ 121.000510521956571, 14.659343827966493 ] } },
{ "type": "Feature", "properties": { "name": "Baesa Station", "category": "transport", "amenity": null, "building": null, "shop": null, "landuse": null }, "geometry": { "type": "Point", "coordinates": [ 121.007151704831571, 14.666524701826134 ] } },
{ "type": "Feature", "properties": { "name": "Talipapa", "category": "transport", "amenity": null, "building": null, "shop": null, "landuse": null }, "geometry": { "type": "Point", "coordinates": [ 121.021773105221897, 14.683745922878634 ] } },
{ "type": "Feature", "properties": { "name": "Mindanao Avenue", "category": "transport", "amenity": null, "building": null, "shop": null, "landuse": null }, "geometry": { "type": "Point", "coordinates": [ 121.028416092617064, 14.691218291860922 ] } },
{ "type": "Feature", "properties": { "name": "Eaglestar Transit", "category": "transport", "amenity": null, "building": null, "shop": null, "landuse": null }, "geometry": { "type": "Point", "coordinates": [ 121.062479834579662, 14.621623919592448 ] } },
{ "type": "Feature", "properties": { "name": "Genesis Transport Service Incorporated", "category": "transport", "amenity": "bus_station", "building": null, "shop": null, "landuse": null }, "geometry": { "type": "Point", "coordinates": [ 121.04870320953674, 14.625617625155439 ] } },
{ "type": "Feature", "properties": { "name": "Solid North Transit Inc.", "category": "transport", "amenity": "bus_station", "building": null, "shop": null, "landuse": null }, "geometry": { "type": "Point", "coordinates": [ 121.048603077506357, 14.6236705836877 ] } },
{ "type": "Feature", "properties": { "name": "SM Fairview - Public Transport Terminal A", "category": "transport", "amenity": null, "building": "retail", "shop": null, "landuse": null }, "geometry": { "type": "Point", "coordinates": [ 121.060922000011715, 14.734232549942968 ] } },
{ "type": "Feature", "properties": { "name": null, "category": "transport", "amenity": "bus_station", "building": null, "shop": null, "landuse": null }, "geometry": { "type": "Point", "coordinates": [ 121.039817531403486, 14.719419841343411 ] } },
{ "type": "Feature", "properties": { "name": "Araneta City Busport", "category": "transport", "amenity": "bus_station", "building": null, "shop": null, "landuse": null }, "geometry": { "type": "Point", "coordinates": [ 121.05746039698117, 14.620075692606704 ] } },
{ "type": "Feature", "properties": { "name": "Quirino Station", "category": "transport", "amenity": null, "building": null, "shop": null, "landuse": null }, "geometry": { "type": "Point", "coordinates": [ 121.066690367059593, 14.735464455872741 ] } },
{ "type": "Feature", "properties": { "name": "Sacred Heart", "category": "transport", "amenity": null, "building": null, "shop": null, "landuse": null }, "geometry": { "type": "Point", "coordinates": [ 121.083870493127463, 14.750342018347064 ] } },
{ "type": "Feature", "properties": { "name": null, "category": "transport", "amenity": "bus_station", "building": null, "shop": null, "landuse": null }, "geometry": { "type": "Point", "coordinates": [ 121.0418183, 14.7237525 ] } },
{ "type": "Feature", "properties": { "name": "Santrans Terminal", "category": "transport", "amenity": "bus_station", "building": null, "shop": null, "landuse": null }, "geometry": { "type": "Point", "coordinates": [ 121.06508620000001, 14.7353017 ] } },
{ "type": "Feature", "properties": { "name": "A. Roces Transport Terminal", "category": "transport", "amenity": "jeepney_station", "building": null, "shop": null, "landuse": null }, "geometry": { "type": "Point", "coordinates": [ 121.0512904, 14.6228148 ] } },
{ "type": "Feature", "properties": { "name": "Farmers Plaza UV Express Station", "category": "transport", "amenity": "bus_station", "building": null, "shop": null, "landuse": null }, "geometry": { "type": "Point", "coordinates": [ 121.0512384, 14.6205053 ] } },
{ "type": "Feature", "properties": { "name": "Farmers Market UV Express Station", "category": "transport", "amenity": "bus_station", "building": null, "shop": null, "landuse": null }, "geometry": { "type": "Point", "coordinates": [ 121.0517369, 14.6197191 ] } },
{ "type": "Feature", "properties": { "name": "Tandang Sora - Quezon City Hall Jeepney Terminal", "category": "transport", "amenity": "bus_station", "building": null, "shop": null, "landuse": null }, "geometry": { "type": "Point", "coordinates": [ 121.043367100000012, 14.6745841 ] } },
{ "type": "Feature", "properties": { "name": "FX Terminal", "category": "transport", "amenity": null, "building": null, "shop": null, "landuse": null }, "geometry": { "type": "Point", "coordinates": [ 121.0373741, 14.7211865 ] } },
{ "type": "Feature", "properties": { "name": "Isarog Lines", "category": "transport", "amenity": "bus_station", "building": null, "shop": null, "landuse": null }, "geometry": { "type": "Point", "coordinates": [ 121.0513203, 14.618337 ] } },
{ "type": "Feature", "properties": { "name": "Petron", "category": "transport", "amenity": "bus_station", "building": null, "shop": null, "landuse": null }, "geometry": { "type": "Point", "coordinates": [ 121.0541632, 14.6139016 ] } },
{ "type": "Feature", "properties": { "name": "SM Fairview - Public Transport Terminal A", "category": "transport", "amenity": null, "building": null, "shop": null, "landuse": null }, "geometry": { "type": "Point", "coordinates": [ 121.060914600000018, 14.7342397 ] } },
{ "type": "Feature", "properties": { "name": "Barney Autolines", "category": "transport", "amenity": "bus_station", "building": null, "shop": null, "landuse": null }, "geometry": { "type": "Point", "coordinates": [ 121.0487132, 14.6234629 ] } },
{ "type": "Feature", "properties": { "name": "Jeepney Terminal: Litex-Montalban", "category": "transport", "amenity": "bus_station", "building": null, "shop": null, "landuse": null }, "geometry": { "type": "Point", "coordinates": [ 121.08688290000002, 14.7013906 ] } },
{ "type": "Feature", "properties": { "name": null, "category": "transport", "amenity": "bus_station", "building": null, "shop": null, "landuse": null }, "geometry": { "type": "Point", "coordinates": [ 121.053801, 14.6126726 ] } },
{ "type": "Feature", "properties": { "name": "Tricycle Station", "category": "transport", "amenity": null, "building": null, "shop": null, "landuse": null }, "geometry": { "type": "Point", "coordinates": [ 121.0736535, 14.641824 ] } },
{ "type": "Feature", "properties": { "name": "Ever Jeepney Terminal", "category": "transport", "amenity": "bus_station", "building": null, "shop": null, "landuse": null }, "geometry": { "type": "Point", "coordinates": [ 121.084180300000014, 14.6778956 ] } },
{ "type": "Feature", "properties": { "name": "North EDSA - Katipunan/LRTA", "category": "transport", "amenity": "shelter", "building": null, "shop": null, "landuse": null }, "geometry": { "type": "Point", "coordinates": [ 121.0317703, 14.655698 ] } },
{ "type": "Feature", "properties": { "name": "Cubao - Divisoria Jeepney Terminal", "category": "transport", "amenity": "bus_station", "building": null, "shop": null, "landuse": null }, "geometry": { "type": "Point", "coordinates": [ 121.0493197, 14.6213958 ] } },
{ "type": "Feature", "properties": { "name": "Sta. Lucia-Quirino Hwy Jeepney Terminal", "category": "transport", "amenity": "bus_station", "building": null, "shop": null, "landuse": null }, "geometry": { "type": "Point", "coordinates": [ 121.050751300000016, 14.7044202 ] } },
{ "type": "Feature", "properties": { "name": "Homeland-Baluyot Tricycle Station", "category": "transport", "amenity": "bus_station", "building": null, "shop": null, "landuse": null }, "geometry": { "type": "Point", "coordinates": [ 121.0530916, 14.7042184 ] } },
{ "type": "Feature", "properties": { "name": "Quirino Highway - Sta. Lucia Jeepney Terminal", "category": "transport", "amenity": "bus_station", "building": null, "shop": null, "landuse": null }, "geometry": { "type": "Point", "coordinates": [ 121.0393311, 14.7085558 ] } },
{ "type": "Feature", "properties": { "name": "Santa Quiteria Tricycle Operators & Drivers Association", "category": "transport", "amenity": "taxi", "building": null, "shop": null, "landuse": null }, "geometry": { "type": "Point", "coordinates": [ 121.017907, 14.6802516 ] } },
{ "type": "Feature", "properties": { "name": "Tumana-Balara Jeepney Terminal", "category": "transport", "amenity": "bus_station", "building": null, "shop": null, "landuse": null }, "geometry": { "type": "Point", "coordinates": [ 121.075069, 14.6534749 ] } },
{ "type": "Feature", "properties": { "name": "Blue Residences COMET terminal", "category": "transport", "amenity": null, "building": null, "shop": null, "landuse": null }, "geometry": { "type": "Point", "coordinates": [ 121.0744293, 14.6325171 ] } },
{ "type": "Feature", "properties": { "name": "Bart house", "category": "transport", "amenity": "bus_station", "building": null, "shop": null, "landuse": null }, "geometry": { "type": "Point", "coordinates": [ 121.056965100000014, 14.7066304 ] } },
{ "type": "Feature", "properties": { "name": null, "category": "transport", "amenity": "bus_station", "building": null, "shop": null, "landuse": null }, "geometry": { "type": "Point", "coordinates": [ 121.08643170000002, 14.695788 ] } },
{ "type": "Feature", "properties": { "name": "UV Express Terminal", "category": "transport", "amenity": "bus_station", "building": null, "shop": null, "landuse": null }, "geometry": { "type": "Point", "coordinates": [ 121.056731400000018, 14.7351318 ] } },
{ "type": "Feature", "properties": { "name": "Katipunan", "category": "transport", "amenity": null, "building": null, "shop": null, "landuse": null }, "geometry": { "type": "Point", "coordinates": [ 121.0727741, 14.6310644 ] } },
{ "type": "Feature", "properties": { "name": "Riverside Terminal", "category": "transport", "amenity": "bus_station", "building": null, "shop": null, "landuse": null }, "geometry": { "type": "Point", "coordinates": [ 121.08703, 14.692856 ] } },
{ "type": "Feature", "properties": { "name": "Bagumbayan Jeepney Terminal", "category": "transport", "amenity": "bus_station", "building": null, "shop": null, "landuse": null }, "geometry": { "type": "Point", "coordinates": [ 121.0820578, 14.6063389 ] } },
{ "type": "Feature", "properties": { "name": "Tricycle Terminal", "category": "transport", "amenity": "bus_station", "building": null, "shop": null, "landuse": null }, "geometry": { "type": "Point", "coordinates": [ 121.094206200000016, 14.6966808 ] } },
{ "type": "Feature", "properties": { "name": "Bagumbayan-Santolan Ferry", "category": "transport", "amenity": "ferry_terminal", "building": null, "shop": null, "landuse": null }, "geometry": { "type": "Point", "coordinates": [ 121.085411300000018, 14.6081256 ] } },
{ "type": "Feature", "properties": { "name": "Viron Transit", "category": "transport", "amenity": "bus_station", "building": null, "shop": null, "landuse": null }, "geometry": { "type": "Point", "coordinates": [ 120.995423400000021, 14.6216926 ] } },
{ "type": "Feature", "properties": { "name": "Santa Monica Shop & Ride", "category": "transport", "amenity": null, "building": null, "shop": null, "landuse": null }, "geometry": { "type": "Point", "coordinates": [ 121.041589800000011, 14.7232558 ] } },
{ "type": "Feature", "properties": { "name": "Coda Lines Terminal", "category": "transport", "amenity": "bus_station", "building": null, "shop": null, "landuse": null }, "geometry": { "type": "Point", "coordinates": [ 121.0487404, 14.6233319 ] } },
{ "type": "Feature", "properties": { "name": null, "category": "transport", "amenity": "bus_station", "building": null, "shop": null, "landuse": null }, "geometry": { "type": "Point", "coordinates": [ 121.038688, 14.6444137 ] } },
{ "type": "Feature", "properties": { "name": "First North Luzon transit, Cubao terminal", "category": "transport", "amenity": "bus_station", "building": null, "shop": null, "landuse": null }, "geometry": { "type": "Point", "coordinates": [ 121.0498021, 14.6240156 ] } },
{ "type": "Feature", "properties": { "name": "JAC Liner", "category": "transport", "amenity": "bus_station", "building": null, "shop": null, "landuse": null }, "geometry": { "type": "Point", "coordinates": [ 121.045837500000019, 14.6316842 ] } },
{ "type": "Feature", "properties": { "name": "PHILCOA Jeepney", "category": "transport", "amenity": "bus_station", "building": null, "shop": null, "landuse": null }, "geometry": { "type": "Point", "coordinates": [ 121.0419939, 14.7230371 ] } },
{ "type": "Feature", "properties": { "name": null, "category": "transport", "amenity": "bus_station", "building": null, "shop": null, "landuse": null }, "geometry": { "type": "Point", "coordinates": [ 121.039275100000012, 14.7214896 ] } },
{ "type": "Feature", "properties": { "name": "Cubao", "category": "transport", "amenity": null, "building": null, "shop": null, "landuse": null }, "geometry": { "type": "Point", "coordinates": [ 121.0510726, 14.6194837 ] } },
{ "type": "Feature", "properties": { "name": "Barcads UVE Terminal", "category": "transport", "amenity": null, "building": null, "shop": null, "landuse": null }, "geometry": { "type": "Point", "coordinates": [ 121.03620260000001, 14.7219922 ] } },
{ "type": "Feature", "properties": { "name": "Ayala Malls TriNoma", "category": "commercial", "amenity": null, "building": null, "shop": "mall", "landuse": "retail" }, "geometry": { "type": "Point", "coordinates": [ 121.033709795001101, 14.653067462177448 ] } },
{ "type": "Feature", "properties": { "name": "Fairview Terraces", "category": "commercial", "amenity": null, "building": null, "shop": "mall", "landuse": "retail" }, "geometry": { "type": "Point", "coordinates": [ 121.060020178659016, 14.736781743528226 ] } },
{ "type": "Feature", "properties": { "name": "Farmers' Plaza", "category": "commercial", "amenity": null, "building": "yes", "shop": "mall", "landuse": null }, "geometry": { "type": "Point", "coordinates": [ 121.051712590030931, 14.620207913300623 ] } },
{ "type": "Feature", "properties": { "name": "City Center", "category": "commercial", "amenity": null, "building": "commercial", "shop": "mall", "landuse": null }, "geometry": { "type": "Point", "coordinates": [ 121.030345756702829, 14.65684356796249 ] } },
{ "type": "Feature", "properties": { "name": "Ever Gotesco Commonwealth", "category": "commercial", "amenity": null, "building": "yes", "shop": "mall", "landuse": null }, "geometry": { "type": "Point", "coordinates": [ 121.085556840165182, 14.678164688370682 ] } },
{ "type": "Feature", "properties": { "name": "Ali Mall", "category": "commercial", "amenity": null, "building": "retail", "shop": "mall", "landuse": null }, "geometry": { "type": "Point", "coordinates": [ 121.056643383414453, 14.619726551231119 ] } },
{ "type": "Feature", "properties": { "name": "Fairview Center Mall", "category": "commercial", "amenity": null, "building": "retail", "shop": "mall", "landuse": null }, "geometry": { "type": "Point", "coordinates": [ 121.069003852770194, 14.706066087314102 ] } },
{ "type": "Feature", "properties": { "name": "Gateway Mall", "category": "commercial", "amenity": null, "building": "commercial", "shop": "mall", "landuse": null }, "geometry": { "type": "Point", "coordinates": [ 121.052845387045906, 14.621609654794158 ] } },
{ "type": "Feature", "properties": { "name": "Robinsons Galleria", "category": "commercial", "amenity": null, "building": "retail", "shop": "mall", "landuse": null }, "geometry": { "type": "Point", "coordinates": [ 121.059643133838648, 14.591111701999813 ] } },
{ "type": "Feature", "properties": { "name": "Fisher Mall Quezon Avenue", "category": "commercial", "amenity": null, "building": "retail", "shop": "mall", "landuse": null }, "geometry": { "type": "Point", "coordinates": [ 121.019234977822023, 14.633662996990727 ] } },
{ "type": "Feature", "properties": { "name": "SM City Santa Mesa", "category": "commercial", "amenity": null, "building": null, "shop": "mall", "landuse": "retail" }, "geometry": { "type": "Point", "coordinates": [ 121.018844236082487, 14.604262533774341 ] } },
{ "type": "Feature", "properties": { "name": "Gateway Mall", "category": "commercial", "amenity": null, "building": "commercial", "shop": "mall", "landuse": null }, "geometry": { "type": "Point", "coordinates": [ 121.053212790894804, 14.619795111915135 ] } },
{ "type": "Feature", "properties": { "name": "SM City Fairview", "category": "commercial", "amenity": null, "building": null, "shop": "mall", "landuse": "retail" }, "geometry": { "type": "Point", "coordinates": [ 121.058434442211336, 14.733469784127983 ] } },
{ "type": "Feature", "properties": { "name": "Citimall", "category": "commercial", "amenity": null, "building": "yes", "shop": "mall", "landuse": null }, "geometry": { "type": "Point", "coordinates": [ 121.053361266211539, 14.653429167287312 ] } },
{ "type": "Feature", "properties": { "name": "SM City Novaliches", "category": "commercial", "amenity": null, "building": "retail", "shop": "mall", "landuse": null }, "geometry": { "type": "Point", "coordinates": [ 121.037372836080621, 14.70809225058613 ] } },
{ "type": "Feature", "properties": { "name": "Berkeley Square", "category": "commercial", "amenity": null, "building": null, "shop": "mall", "landuse": "retail" }, "geometry": { "type": "Point", "coordinates": [ 121.068550995901731, 14.663026434073576 ] } },
{ "type": "Feature", "properties": { "name": "AVESCO", "category": "commercial", "amenity": null, "building": null, "shop": "mall", "landuse": null }, "geometry": { "type": "Point", "coordinates": [ 121.01795012277536, 14.648020893559714 ] } },
{ "type": "Feature", "properties": { "name": "Soldier's Mall", "category": "commercial", "amenity": null, "building": "yes", "shop": "mall", "landuse": null }, "geometry": { "type": "Point", "coordinates": [ 121.063929449464553, 14.604401098715117 ] } },
{ "type": "Feature", "properties": { "name": "Royal Place", "category": "commercial", "amenity": null, "building": "yes", "shop": "mall", "landuse": null }, "geometry": { "type": "Point", "coordinates": [ 121.085395921284871, 14.677100625484456 ] } },
{ "type": "Feature", "properties": { "name": "Robinsons Novaliches", "category": "commercial", "amenity": null, "building": null, "shop": "mall", "landuse": "retail" }, "geometry": { "type": "Point", "coordinates": [ 121.056359558814407, 14.735975183804216 ] } },
{ "type": "Feature", "properties": { "name": "Baesa Town Center", "category": "commercial", "amenity": null, "building": null, "shop": "mall", "landuse": "retail" }, "geometry": { "type": "Point", "coordinates": [ 121.013208792221889, 14.672426050237883 ] } },
{ "type": "Feature", "properties": { "name": "Wilcon City Center", "category": "commercial", "amenity": null, "building": "retail", "shop": "mall", "landuse": null }, "geometry": { "type": "Point", "coordinates": [ 121.042448644369557, 14.666356167662348 ] } },
{ "type": "Feature", "properties": { "name": "Dapitan Arcade", "category": "commercial", "amenity": null, "building": "yes", "shop": "mall", "landuse": null }, "geometry": { "type": "Point", "coordinates": [ 121.000441249975538, 14.622600700030917 ] } },
{ "type": "Feature", "properties": { "name": "Robinsons Magnolia", "category": "commercial", "amenity": null, "building": "retail", "shop": "mall", "landuse": null }, "geometry": { "type": "Point", "coordinates": [ 121.038065738931252, 14.614975882568016 ] } },
{ "type": "Feature", "properties": { "name": "Scout Center", "category": "commercial", "amenity": null, "building": "yes", "shop": "mall", "landuse": null }, "geometry": { "type": "Point", "coordinates": [ 121.030556984733735, 14.634130137737944 ] } },
{ "type": "Feature", "properties": { "name": "The Rock", "category": "commercial", "amenity": null, "building": null, "shop": "mall", "landuse": null }, "geometry": { "type": "Point", "coordinates": [ 121.076957661500856, 14.684617665323223 ] } },
{ "type": "Feature", "properties": { "name": "UP Town Center Mall (second home)", "category": "commercial", "amenity": null, "building": "retail", "shop": "mall", "landuse": null }, "geometry": { "type": "Point", "coordinates": [ 121.07490473610811, 14.651426977775126 ] } },
{ "type": "Feature", "properties": { "name": "Ayala Malls Cloverleaf", "category": "commercial", "amenity": null, "building": "retail", "shop": "mall", "landuse": null }, "geometry": { "type": "Point", "coordinates": [ 121.000692710374111, 14.655169340887291 ] } },
{ "type": "Feature", "properties": { "name": "ShopKing by Xentro Mall", "category": "commercial", "amenity": null, "building": "retail", "shop": "mall", "landuse": null }, "geometry": { "type": "Point", "coordinates": [ 121.082551169277508, 14.705374769829927 ] } },
{ "type": "Feature", "properties": { "name": "Ayala Malls Vertis North", "category": "commercial", "amenity": null, "building": null, "shop": "mall", "landuse": "commercial" }, "geometry": { "type": "Point", "coordinates": [ 121.035825625136653, 14.651949249368032 ] } },
{ "type": "Feature", "properties": { "name": "Robinsons Townville", "category": "commercial", "amenity": null, "building": "retail", "shop": "mall", "landuse": null }, "geometry": { "type": "Point", "coordinates": [ 121.066819570698186, 14.695702996125357 ] } },
{ "type": "Feature", "properties": { "name": "Hemady Square", "category": "commercial", "amenity": null, "building": "yes", "shop": "mall", "landuse": null }, "geometry": { "type": "Point", "coordinates": [ 121.03167628556335, 14.624153929973687 ] } },
{ "type": "Feature", "properties": { "name": "Opus Mall", "category": "commercial", "amenity": null, "building": "commercial", "shop": "mall", "landuse": null }, "geometry": { "type": "Point", "coordinates": [ 121.080827906379824, 14.592927229959212 ] } },
{ "type": "Feature", "properties": { "name": "Qsquare Lifestyle Center", "category": "commercial", "amenity": null, "building": null, "shop": "mall", "landuse": "retail" }, "geometry": { "type": "Point", "coordinates": [ 121.018997387663106, 14.680779753326878 ] } },
{ "type": "Feature", "properties": { "name": "UP Shopping Center", "category": "commercial", "amenity": null, "building": null, "shop": "mall", "landuse": null }, "geometry": { "type": "Point", "coordinates": [ 121.069504811886929, 14.659708702113662 ] } },
{ "type": "Feature", "properties": { "name": "Isetann", "category": "commercial", "amenity": null, "building": null, "shop": "mall", "landuse": null }, "geometry": { "type": "Point", "coordinates": [ 121.05362820000002, 14.6228453 ] } },
{ "type": "Feature", "properties": { "name": "Farmers Market Bargain Center", "category": "commercial", "amenity": null, "building": null, "shop": "mall", "landuse": null }, "geometry": { "type": "Point", "coordinates": [ 121.053176, 14.618551 ] } },
{ "type": "Feature", "properties": { "name": "Mightee Mart", "category": "commercial", "amenity": null, "building": null, "shop": "mall", "landuse": null }, "geometry": { "type": "Point", "coordinates": [ 120.996492800000013, 14.6372805 ] } },
{ "type": "Feature", "properties": { "name": "Eastwood City Walk 1", "category": "commercial", "amenity": null, "building": null, "shop": "mall", "landuse": null }, "geometry": { "type": "Point", "coordinates": [ 121.080911200000017, 14.6090325 ] } },
{ "type": "Feature", "properties": { "name": "Eastwood City Walk 2", "category": "commercial", "amenity": null, "building": null, "shop": "mall", "landuse": null }, "geometry": { "type": "Point", "coordinates": [ 121.0811298, 14.6100315 ] } },
{ "type": "Feature", "properties": { "name": "Eastwood Mall", "category": "commercial", "amenity": null, "building": null, "shop": "mall", "landuse": null }, "geometry": { "type": "Point", "coordinates": [ 121.07981620000001, 14.6102364 ] } },
{ "type": "Feature", "properties": { "name": "Cyber and Fashion Mall", "category": "commercial", "amenity": null, "building": null, "shop": "mall", "landuse": null }, "geometry": { "type": "Point", "coordinates": [ 121.0803518, 14.6077646 ] } },
{ "type": "Feature", "properties": { "name": "Z Square", "category": "commercial", "amenity": null, "building": null, "shop": "mall", "landuse": null }, "geometry": { "type": "Point", "coordinates": [ 121.0004833, 14.6386308 ] } },
{ "type": "Feature", "properties": { "name": "Calle Industria Mall", "category": "commercial", "amenity": null, "building": null, "shop": "mall", "landuse": null }, "geometry": { "type": "Point", "coordinates": [ 121.087787800000015, 14.6010295 ] } },
{ "type": "Feature", "properties": { "name": "Pwesto Community Mall", "category": "commercial", "amenity": null, "building": null, "shop": "mall", "landuse": null }, "geometry": { "type": "Point", "coordinates": [ 121.0797657, 14.6820665 ] } },
{ "type": "Feature", "properties": { "name": "WalterMart", "category": "commercial", "amenity": null, "building": null, "shop": "mall", "landuse": null }, "geometry": { "type": "Point", "coordinates": [ 121.0208469, 14.6568478 ] } },
{ "type": "Feature", "properties": { "name": null, "category": "commercial", "amenity": null, "building": null, "shop": "mall", "landuse": null }, "geometry": { "type": "Point", "coordinates": [ 121.0827139, 14.7052224 ] } },
{ "type": "Feature", "properties": { "name": "WalterMart", "category": "commercial", "amenity": null, "building": null, "shop": "mall", "landuse": null }, "geometry": { "type": "Point", "coordinates": [ 121.0328996, 14.6409625 ] } },
{ "type": "Feature", "properties": { "name": "Circle C", "category": "commercial", "amenity": null, "building": null, "shop": "mall", "landuse": null }, "geometry": { "type": "Point", "coordinates": [ 121.0374368, 14.6707755 ] } },
{ "type": "Feature", "properties": { "name": "TriNoma Mindanao Lobby", "category": "commercial", "amenity": null, "building": null, "shop": "mall", "landuse": null }, "geometry": { "type": "Point", "coordinates": [ 121.034323199999989, 14.6525865 ] } },
{ "type": "Feature", "properties": { "name": "Zing! Mall Entrance", "category": "commercial", "amenity": null, "building": null, "shop": "mall", "landuse": null }, "geometry": { "type": "Point", "coordinates": [ 121.0331955, 14.6538962 ] } },
{ "type": "Feature", "properties": { "name": "Met Lab", "category": "government", "amenity": null, "building": "yes", "shop": null, "landuse": null }, "geometry": { "type": "Point", "coordinates": [ 121.044187716278415, 14.653865500330237 ] } },
{ "type": "Feature", "properties": { "name": "J. C. Fernandez", "category": "government", "amenity": null, "building": null, "shop": null, "landuse": null }, "geometry": { "type": "Point", "coordinates": [ 121.044526110202085, 14.653790194130581 ] } },
{ "type": "Feature", "properties": { "name": "Department Of Public Works And Highways Quezon City 1 District Engineering Office", "category": "government", "amenity": null, "building": null, "shop": null, "landuse": "institutional" }, "geometry": { "type": "Point", "coordinates": [ 121.079890008041943, 14.690591445353503 ] } },
{ "type": "Feature", "properties": { "name": "Department of Education National Capital Region", "category": "government", "amenity": null, "building": null, "shop": null, "landuse": null }, "geometry": { "type": "Point", "coordinates": [ 121.028691326723745, 14.658092423927961 ] } },
{ "type": "Feature", "properties": { "name": "Department of Education Schools Division Office of Quezon City", "category": "government", "amenity": null, "building": null, "shop": null, "landuse": null }, "geometry": { "type": "Point", "coordinates": [ 121.026885159208703, 14.658763407675943 ] } },
{ "type": "Feature", "properties": { "name": "Department of Social Welfare and Development", "category": "government", "amenity": null, "building": null, "shop": null, "landuse": "commercial" }, "geometry": { "type": "Point", "coordinates": [ 121.096812714858629, 14.696527340393372 ] } },
{ "type": "Feature", "properties": { "name": "Civil Service Commission", "category": "government", "amenity": null, "building": null, "shop": null, "landuse": "commercial" }, "geometry": { "type": "Point", "coordinates": [ 121.098106321665739, 14.69227281133645 ] } },
{ "type": "Feature", "properties": { "name": "DENR-NCR National Ecology Center", "category": "government", "amenity": null, "building": null, "shop": null, "landuse": "commercial" }, "geometry": { "type": "Point", "coordinates": [ 121.046716605671449, 14.644765776042023 ] } },
{ "type": "Feature", "properties": { "name": "Bangko Sentral ng Pilipinas Security Plant Complex", "category": "government", "amenity": null, "building": null, "shop": null, "landuse": "commercial" }, "geometry": { "type": "Point", "coordinates": [ 121.046137644883359, 14.64300526644778 ] } },
{ "type": "Feature", "properties": { "name": "QMMC Compound", "category": "government", "amenity": null, "building": null, "shop": null, "landuse": null }, "geometry": { "type": "Point", "coordinates": [ 121.07320818505822, 14.623092343054036 ] } },
{ "type": "Feature", "properties": { "name": "Senate Electoral Tribunal", "category": "government", "amenity": null, "building": "office", "shop": null, "landuse": null }, "geometry": { "type": "Point", "coordinates": [ 121.088691823156324, 14.687777295964809 ] } },
{ "type": "Feature", "properties": { "name": "Department of Human Settlements and Urban Development/Human Settlements Adjudication Commission", "category": "government", "amenity": null, "building": "public", "shop": null, "landuse": null }, "geometry": { "type": "Point", "coordinates": [ 121.052034569154102, 14.647800870001557 ] } },
{ "type": "Feature", "properties": { "name": "Sandiganbayan Centennial Building", "category": "government", "amenity": null, "building": "public", "shop": null, "landuse": null }, "geometry": { "type": "Point", "coordinates": [ 121.087738620554163, 14.687495955221864 ] } },
{ "type": "Feature", "properties": { "name": "Main Building", "category": "government", "amenity": null, "building": "office", "shop": null, "landuse": null }, "geometry": { "type": "Point", "coordinates": [ 121.09678917202514, 14.696551900018157 ] } },
{ "type": "Feature", "properties": { "name": "Philippine Information Agency", "category": "government", "amenity": null, "building": "public", "shop": null, "landuse": null }, "geometry": { "type": "Point", "coordinates": [ 121.045908556865925, 14.655127839312383 ] } },
{ "type": "Feature", "properties": { "name": "General Headquarters Building", "category": "government", "amenity": null, "building": "office", "shop": null, "landuse": null }, "geometry": { "type": "Point", "coordinates": [ 121.06383950583897, 14.608239932249431 ] } },
{ "type": "Feature", "properties": { "name": "Department of National Defense", "category": "government", "amenity": null, "building": "yes", "shop": null, "landuse": null }, "geometry": { "type": "Point", "coordinates": [ 121.064876501878217, 14.610723470102547 ] } },
{ "type": "Feature", "properties": { "name": "National Irrigation Administration", "category": "government", "amenity": null, "building": "office", "shop": null, "landuse": null }, "geometry": { "type": "Point", "coordinates": [ 121.042909027868475, 14.638258882526497 ] } },
{ "type": "Feature", "properties": { "name": null, "category": "government", "amenity": null, "building": "yes", "shop": null, "landuse": null }, "geometry": { "type": "Point", "coordinates": [ 121.041668136734629, 14.63920845754078 ] } },
{ "type": "Feature", "properties": { "name": "National Housing Authority", "category": "government", "amenity": null, "building": "yes", "shop": null, "landuse": null }, "geometry": { "type": "Point", "coordinates": [ 121.052613830741237, 14.649390505030629 ] } },
{ "type": "Feature", "properties": { "name": "Dangerous Drugs Board", "category": "government", "amenity": null, "building": "office", "shop": null, "landuse": null }, "geometry": { "type": "Point", "coordinates": [ 121.042604136055317, 14.639589003852503 ] } },
{ "type": "Feature", "properties": { "name": "Department of Agriculture (Central Office)", "category": "government", "amenity": null, "building": "yes", "shop": null, "landuse": null }, "geometry": { "type": "Point", "coordinates": [ 121.046067199387167, 14.653547766014897 ] } },
{ "type": "Feature", "properties": { "name": null, "category": "government", "amenity": null, "building": "yes", "shop": null, "landuse": null }, "geometry": { "type": "Point", "coordinates": [ 121.045331709419273, 14.636647839840858 ] } },
{ "type": "Feature", "properties": { "name": null, "category": "government", "amenity": null, "building": "office", "shop": null, "landuse": null }, "geometry": { "type": "Point", "coordinates": [ 121.088823943507535, 14.688182864629381 ] } },
{ "type": "Feature", "properties": { "name": "Commission on Audit", "category": "government", "amenity": null, "building": "office", "shop": null, "landuse": null }, "geometry": { "type": "Point", "coordinates": [ 121.088289937049197, 14.68971743877489 ] } },
{ "type": "Feature", "properties": { "name": "Commission on Audit Region IV-A", "category": "government", "amenity": null, "building": "office", "shop": null, "landuse": null }, "geometry": { "type": "Point", "coordinates": [ 121.087840697829662, 14.690586774688464 ] } },
{ "type": "Feature", "properties": { "name": "Batasang Pambansa Complex", "category": "government", "amenity": null, "building": null, "shop": null, "landuse": "institutional" }, "geometry": { "type": "Point", "coordinates": [ 121.094537824743426, 14.693382009734234 ] } },
{ "type": "Feature", "properties": { "name": "Philippine Drug Enforcement Agency", "category": "government", "amenity": null, "building": null, "shop": null, "landuse": "commercial" }, "geometry": { "type": "Point", "coordinates": [ 121.042554077239672, 14.639740684710164 ] } },
{ "type": "Feature", "properties": { "name": "DA-ICTS", "category": "government", "amenity": null, "building": "yes", "shop": null, "landuse": null }, "geometry": { "type": "Point", "coordinates": [ 121.045910617598167, 14.654190897941902 ] } },
{ "type": "Feature", "properties": { "name": "Department of Environment and Natural Resources", "category": "government", "amenity": null, "building": null, "shop": null, "landuse": "commercial" }, "geometry": { "type": "Point", "coordinates": [ 121.044741744215287, 14.655918419391158 ] } },
{ "type": "Feature", "properties": { "name": "Philippine Atmospheric, Geophysical, and Astronomical Services Administration", "category": "government", "amenity": null, "building": null, "shop": null, "landuse": null }, "geometry": { "type": "Point", "coordinates": [ 121.044209660538854, 14.64420958972496 ] } },
{ "type": "Feature", "properties": { "name": "PETROLAB", "category": "government", "amenity": null, "building": "office", "shop": null, "landuse": null }, "geometry": { "type": "Point", "coordinates": [ 121.04425717486518, 14.653380831079293 ] } },
{ "type": "Feature", "properties": { "name": "Council for the Welfare of Children", "category": "government", "amenity": null, "building": null, "shop": null, "landuse": "commercial" }, "geometry": { "type": "Point", "coordinates": [ 121.002538860561188, 14.620008182096466 ] } },
{ "type": "Feature", "properties": { "name": "PCA Building", "category": "government", "amenity": null, "building": "yes", "shop": null, "landuse": null }, "geometry": { "type": "Point", "coordinates": [ 121.052310368297697, 14.653805763659072 ] } },
{ "type": "Feature", "properties": { "name": "Social Security System", "category": "government", "amenity": null, "building": null, "shop": null, "landuse": "commercial" }, "geometry": { "type": "Point", "coordinates": [ 121.047426910920223, 14.639717328094532 ] } },
{ "type": "Feature", "properties": { "name": "SSS Cubao", "category": "government", "amenity": null, "building": "commercial", "shop": null, "landuse": null }, "geometry": { "type": "Point", "coordinates": [ 121.051733834679339, 14.618808111957879 ] } },
{ "type": "Feature", "properties": { "name": "GSIS Quezon City", "category": "government", "amenity": null, "building": null, "shop": null, "landuse": "commercial" }, "geometry": { "type": "Point", "coordinates": [ 121.052820588332452, 14.651605718752363 ] } },
{ "type": "Feature", "properties": { "name": "PAGASA Weather Center", "category": "government", "amenity": null, "building": null, "shop": null, "landuse": "commercial" }, "geometry": { "type": "Point", "coordinates": [ 121.044293685793448, 14.641556274786948 ] } },
{ "type": "Feature", "properties": { "name": "Bureau of Internal Revenue", "category": "government", "amenity": null, "building": null, "shop": null, "landuse": "commercial" }, "geometry": { "type": "Point", "coordinates": [ 121.042908318028907, 14.642400217542276 ] } },
{ "type": "Feature", "properties": { "name": "Land Transportation Office", "category": "government", "amenity": null, "building": null, "shop": null, "landuse": "commercial" }, "geometry": { "type": "Point", "coordinates": [ 121.046458474366773, 14.635284819832993 ] } },
{ "type": "Feature", "properties": { "name": "Commission on Higher Education", "category": "government", "amenity": null, "building": null, "shop": null, "landuse": "commercial" }, "geometry": { "type": "Point", "coordinates": [ 121.058121004332349, 14.653632388644539 ] } },
{ "type": "Feature", "properties": { "name": "West Triangle Barangay Hall", "category": "government", "amenity": "townhall", "building": "public", "shop": null, "landuse": null }, "geometry": { "type": "Point", "coordinates": [ 121.030381704337373, 14.64358096314416 ] } },
{ "type": "Feature", "properties": { "name": "Department of Agrarian Reform", "category": "government", "amenity": null, "building": "yes", "shop": null, "landuse": null }, "geometry": { "type": "Point", "coordinates": [ 121.050065111705379, 14.654788133892245 ] } },
{ "type": "Feature", "properties": { "name": "Department of Agriculture", "category": "government", "amenity": null, "building": null, "shop": null, "landuse": "commercial" }, "geometry": { "type": "Point", "coordinates": [ 121.046051125352591, 14.653500257772563 ] } },
{ "type": "Feature", "properties": { "name": "Sugar Regulatory Administration", "category": "government", "amenity": null, "building": "yes", "shop": null, "landuse": null }, "geometry": { "type": "Point", "coordinates": [ 121.043530349905055, 14.653399065106925 ] } },
{ "type": "Feature", "properties": { "name": "Philippine Statistics Authority", "category": "government", "amenity": null, "building": null, "shop": null, "landuse": "commercial" }, "geometry": { "type": "Point", "coordinates": [ 121.045384120408343, 14.639069937748907 ] } },
{ "type": "Feature", "properties": { "name": "Bangko Sentral ng Pilipinas (Printing Machinery)", "category": "government", "amenity": null, "building": "yes", "shop": null, "landuse": null }, "geometry": { "type": "Point", "coordinates": [ 121.046116585567361, 14.643035438706479 ] } },
{ "type": "Feature", "properties": { "name": "Office of the Ombudsman", "category": "government", "amenity": null, "building": null, "shop": null, "landuse": "commercial" }, "geometry": { "type": "Point", "coordinates": [ 121.040822539705744, 14.648942512231676 ] } },
{ "type": "Feature", "properties": { "name": "LARES", "category": "government", "amenity": null, "building": "yes", "shop": null, "landuse": null }, "geometry": { "type": "Point", "coordinates": [ 121.044999182596911, 14.638460031928581 ] } },
{ "type": "Feature", "properties": { "name": "Justice Hall", "category": "government", "amenity": null, "building": "yes", "shop": null, "landuse": null }, "geometry": { "type": "Point", "coordinates": [ 121.050942667556654, 14.646322964224959 ] } },
{ "type": "Feature", "properties": { "name": "Professional Development Center", "category": "government", "amenity": null, "building": "office", "shop": null, "landuse": null }, "geometry": { "type": "Point", "coordinates": [ 121.089357862948731, 14.687180830992379 ] } },
{ "type": "Feature", "properties": { "name": "Philippine Coconut Authority R & D Building", "category": "government", "amenity": null, "building": "yes", "shop": null, "landuse": null }, "geometry": { "type": "Point", "coordinates": [ 121.051317029464172, 14.653655711462234 ] } },
{ "type": "Feature", "properties": { "name": "Commision on Human Rights Central Office", "category": "government", "amenity": null, "building": null, "shop": null, "landuse": null }, "geometry": { "type": "Point", "coordinates": [ 121.06019750501892, 14.657331217493025 ] } },
{ "type": "Feature", "properties": { "name": "National Anti-Poverty Commission", "category": "government", "amenity": null, "building": "office", "shop": null, "landuse": null }, "geometry": { "type": "Point", "coordinates": [ 121.076258290026658, 14.654801177029448 ] } },
{ "type": "Feature", "properties": { "name": "Department of Information and Communications Technology", "category": "government", "amenity": null, "building": null, "shop": null, "landuse": "commercial" }, "geometry": { "type": "Point", "coordinates": [ 121.058359639075007, 14.652703435719168 ] } },
{ "type": "Feature", "properties": { "name": "Philippine Institute of Volcanology and Seismology", "category": "government", "amenity": null, "building": null, "shop": null, "landuse": "commercial" }, "geometry": { "type": "Point", "coordinates": [ 121.058596388636559, 14.651929824368587 ] } },
{ "type": "Feature", "properties": { "name": "BIR Training Office", "category": "government", "amenity": null, "building": "yes", "shop": null, "landuse": null }, "geometry": { "type": "Point", "coordinates": [ 121.04252430001857, 14.643647750040602 ] } },
{ "type": "Feature", "properties": { "name": "Philippine Charity Sweepstakes Office", "category": "government", "amenity": null, "building": "yes", "shop": null, "landuse": null }, "geometry": { "type": "Point", "coordinates": [ 121.011792429299177, 14.617238035741204 ] } },
{ "type": "Feature", "properties": { "name": "Philippine Charity Sweepstakes Office", "category": "government", "amenity": null, "building": "yes", "shop": null, "landuse": null }, "geometry": { "type": "Point", "coordinates": [ 121.011652998539191, 14.617392115876617 ] } },
{ "type": "Feature", "properties": { "name": "Philippine Charity Sweepstakes Office", "category": "government", "amenity": null, "building": "yes", "shop": null, "landuse": null }, "geometry": { "type": "Point", "coordinates": [ 121.011314108829424, 14.617417167508972 ] } },
{ "type": "Feature", "properties": { "name": "National Intelligence Coordinating Agency", "category": "government", "amenity": null, "building": null, "shop": null, "landuse": "commercial" }, "geometry": { "type": "Point", "coordinates": [ 121.04754582463957, 14.63829018613251 ] } },
{ "type": "Feature", "properties": { "name": "DPWH Office of Regional Director", "category": "government", "amenity": null, "building": "yes", "shop": null, "landuse": null }, "geometry": { "type": "Point", "coordinates": [ 121.043099180035142, 14.637567112729077 ] } },
{ "type": "Feature", "properties": { "name": "National Irrigation Administration", "category": "government", "amenity": null, "building": "office", "shop": null, "landuse": null }, "geometry": { "type": "Point", "coordinates": [ 121.042823199861644, 14.638876900082195 ] } },
{ "type": "Feature", "properties": { "name": "PDEA Annex Building", "category": "government", "amenity": null, "building": "yes", "shop": null, "landuse": null }, "geometry": { "type": "Point", "coordinates": [ 121.042104265579113, 14.639874148522674 ] } },
{ "type": "Feature", "properties": { "name": "Bureau of Fisheries and Aquatic Resources", "category": "government", "amenity": null, "building": "yes", "shop": null, "landuse": null }, "geometry": { "type": "Point", "coordinates": [ 121.043436866405415, 14.638957008196293 ] } },
{ "type": "Feature", "properties": { "name": "National Telecommunications Commission", "category": "government", "amenity": null, "building": null, "shop": null, "landuse": "commercial" }, "geometry": { "type": "Point", "coordinates": [ 121.044819185339136, 14.641434586113604 ] } },
{ "type": "Feature", "properties": { "name": "LTO Novaliches", "category": "government", "amenity": null, "building": "commercial", "shop": null, "landuse": null }, "geometry": { "type": "Point", "coordinates": [ 121.047335261197702, 14.731716238717556 ] } },
{ "type": "Feature", "properties": { "name": "National Labor Relations Commission", "category": "government", "amenity": null, "building": "yes", "shop": null, "landuse": null }, "geometry": { "type": "Point", "coordinates": [ 121.007437450096276, 14.62431845006558 ] } },
{ "type": "Feature", "properties": { "name": "Career Executive Service Board", "category": "government", "amenity": null, "building": "yes", "shop": null, "landuse": null }, "geometry": { "type": "Point", "coordinates": [ 121.076449255105729, 14.684548491984653 ] } },
{ "type": "Feature", "properties": { "name": "Biodiversity Management Bureau", "category": "government", "amenity": null, "building": "office", "shop": null, "landuse": null }, "geometry": { "type": "Point", "coordinates": [ 121.045161812059831, 14.650830408438589 ] } },
{ "type": "Feature", "properties": { "name": "Mariana Barangay Hall", "category": "government", "amenity": "townhall", "building": "public", "shop": null, "landuse": null }, "geometry": { "type": "Point", "coordinates": [ 121.037174002959034, 14.617125882264082 ] } },
{ "type": "Feature", "properties": { "name": "Bureau of Agricultural Research", "category": "government", "amenity": null, "building": "yes", "shop": null, "landuse": null }, "geometry": { "type": "Point", "coordinates": [ 121.047712224341453, 14.654714263648266 ] } },
{ "type": "Feature", "properties": { "name": "National Disaster Risk Reduction and Management Council", "category": "government", "amenity": null, "building": "office", "shop": null, "landuse": null }, "geometry": { "type": "Point", "coordinates": [ 121.065360500008239, 14.610470350001171 ] } },
{ "type": "Feature", "properties": { "name": "Department of Information and Communications Technology Cybersecurity Bureau", "category": "government", "amenity": null, "building": null, "shop": null, "landuse": null }, "geometry": { "type": "Point", "coordinates": [ 121.024823956146207, 14.630096715973146 ] } },
{ "type": "Feature", "properties": { "name": "Land Transportation Office - San Juan District Office", "category": "government", "amenity": null, "building": "office", "shop": null, "landuse": null }, "geometry": { "type": "Point", "coordinates": [ 121.021814324836257, 14.608187705726495 ] } },
{ "type": "Feature", "properties": { "name": "Disaster Risk Reduction and Management Building", "category": "government", "amenity": null, "building": "public", "shop": null, "landuse": null }, "geometry": { "type": "Point", "coordinates": [ 121.051726002949422, 14.646896293831809 ] } },
{ "type": "Feature", "properties": { "name": "National Ecology Center", "category": "government", "amenity": null, "building": "office", "shop": null, "landuse": null }, "geometry": { "type": "Point", "coordinates": [ 121.046444679686502, 14.644936109023806 ] } },
{ "type": "Feature", "properties": { "name": "Central Diliman Barangay Hall", "category": "government", "amenity": "townhall", "building": "office", "shop": null, "landuse": null }, "geometry": { "type": "Point", "coordinates": [ 121.050035699999285, 14.642569750002702 ] } },
{ "type": "Feature", "properties": { "name": "Bulwagang Pambarangay ng Paltok", "category": "government", "amenity": "townhall", "building": "civic", "shop": null, "landuse": null }, "geometry": { "type": "Point", "coordinates": [ 121.022223110540878, 14.643241280026626 ] } },
{ "type": "Feature", "properties": { "name": "Civil Service Commission", "category": "government", "amenity": null, "building": "yes", "shop": null, "landuse": null }, "geometry": { "type": "Point", "coordinates": [ 121.035013902208078, 14.641608732686532 ] } },
{ "type": "Feature", "properties": { "name": "DILG Napolcom Center", "category": "government", "amenity": null, "building": "office", "shop": null, "landuse": null }, "geometry": { "type": "Point", "coordinates": [ 121.036662019871684, 14.644612762278058 ] } },
{ "type": "Feature", "properties": { "name": "Bureau of Jail Management & Penology National Headquarters", "category": "government", "amenity": null, "building": "commercial", "shop": null, "landuse": null }, "geometry": { "type": "Point", "coordinates": [ 121.032442763364315, 14.669372669921506 ] } },
{ "type": "Feature", "properties": { "name": "Bureau of Fire Protection National Capital Region", "category": "government", "amenity": null, "building": "civic", "shop": null, "landuse": null }, "geometry": { "type": "Point", "coordinates": [ 121.046231100153264, 14.627923317995412 ] } },
{ "type": "Feature", "properties": { "name": "Department of Health 4A Calabarzon", "category": "government", "amenity": null, "building": "office", "shop": null, "landuse": null }, "geometry": { "type": "Point", "coordinates": [ 121.073438250014931, 14.622862000038959 ] } },
{ "type": "Feature", "properties": { "name": "Center for Health Development - IV B", "category": "government", "amenity": null, "building": "office", "shop": null, "landuse": null }, "geometry": { "type": "Point", "coordinates": [ 121.072758719979078, 14.622938754311825 ] } },
{ "type": "Feature", "properties": { "name": "Department of Health 4B Mimaropa", "category": "government", "amenity": null, "building": "office", "shop": null, "landuse": null }, "geometry": { "type": "Point", "coordinates": [ 121.073074524534192, 14.623220847795389 ] } },
{ "type": "Feature", "properties": { "name": "Land Transportation Office", "category": "government", "amenity": null, "building": "office", "shop": null, "landuse": null }, "geometry": { "type": "Point", "coordinates": [ 121.008979454029415, 14.625750865626442 ] } },
{ "type": "Feature", "properties": { "name": "Administration and Finance", "category": "government", "amenity": null, "building": "office", "shop": null, "landuse": null }, "geometry": { "type": "Point", "coordinates": [ 121.045043660050581, 14.651408669038535 ] } },
{ "type": "Feature", "properties": { "name": null, "category": "government", "amenity": null, "building": null, "shop": null, "landuse": null }, "geometry": { "type": "Point", "coordinates": [ 121.067947879245253, 14.717022431885669 ] } },
{ "type": "Feature", "properties": { "name": "National Council on Disability Affairs", "category": "government", "amenity": null, "building": "yes", "shop": null, "landuse": null }, "geometry": { "type": "Point", "coordinates": [ 121.076940199996471, 14.682699450021758 ] } },
{ "type": "Feature", "properties": { "name": "National Dairy Authority", "category": "government", "amenity": null, "building": "yes", "shop": null, "landuse": null }, "geometry": { "type": "Point", "coordinates": [ 121.048448761395051, 14.657187495188072 ] } },
{ "type": "Feature", "properties": { "name": "Civil Service Commission - Metro Manila", "category": "government", "amenity": null, "building": "public", "shop": null, "landuse": null }, "geometry": { "type": "Point", "coordinates": [ 121.007944800025882, 14.620856100017997 ] } },
{ "type": "Feature", "properties": { "name": "Century Hall", "category": "government", "amenity": null, "building": "yes", "shop": null, "landuse": null }, "geometry": { "type": "Point", "coordinates": [ 121.050967165415742, 14.649687069851201 ] } },
{ "type": "Feature", "properties": { "name": "Land Transportation Franchising and Regulatory Board", "category": "government", "amenity": null, "building": null, "shop": null, "landuse": "commercial" }, "geometry": { "type": "Point", "coordinates": [ 121.045888052807484, 14.63502345675839 ] } },
{ "type": "Feature", "properties": { "name": "Agricultural Training Institute", "category": "government", "amenity": null, "building": "yes", "shop": null, "landuse": null }, "geometry": { "type": "Point", "coordinates": [ 121.048594350838073, 14.655102834416311 ] } },
{ "type": "Feature", "properties": { "name": "National Headquarters", "category": "government", "amenity": null, "building": "commercial", "shop": null, "landuse": null }, "geometry": { "type": "Point", "coordinates": [ 121.0378217958542, 14.652038653661203 ] } },
{ "type": "Feature", "properties": { "name": "DPWH Quezon City 2nd District Engineering Office", "category": "government", "amenity": null, "building": null, "shop": null, "landuse": "commercial" }, "geometry": { "type": "Point", "coordinates": [ 121.044275230598259, 14.63505639552238 ] } },
{ "type": "Feature", "properties": { "name": "Barangay Greenhills Multi-Purpose Hall", "category": "government", "amenity": null, "building": "commercial", "shop": null, "landuse": null }, "geometry": { "type": "Point", "coordinates": [ 121.04023573579417, 14.608639528084343 ] } },
{ "type": "Feature", "properties": { "name": "DA Region IV-A Field Office", "category": "government", "amenity": null, "building": "office", "shop": null, "landuse": null }, "geometry": { "type": "Point", "coordinates": [ 121.047175049943846, 14.655924800038099 ] } },
{ "type": "Feature", "properties": { "name": "Bureau of Soils and Water Management (BSWM)", "category": "government", "amenity": null, "building": "yes", "shop": null, "landuse": null }, "geometry": { "type": "Point", "coordinates": [ 121.046579673499181, 14.65442915625357 ] } },
{ "type": "Feature", "properties": { "name": "Bureau of Animal Industry", "category": "government", "amenity": null, "building": "yes", "shop": null, "landuse": null }, "geometry": { "type": "Point", "coordinates": [ 121.046896744772894, 14.656285667387547 ] } },
{ "type": "Feature", "properties": { "name": "National Bureau Of Plants And Industry", "category": "government", "amenity": null, "building": "public", "shop": null, "landuse": null }, "geometry": { "type": "Point", "coordinates": [ 121.047375283374322, 14.655407190303039 ] } },
{ "type": "Feature", "properties": { "name": "PCA Regions I-III and CAR Building", "category": "government", "amenity": null, "building": "yes", "shop": null, "landuse": null }, "geometry": { "type": "Point", "coordinates": [ 121.052262771297777, 14.654242702742803 ] } },
{ "type": "Feature", "properties": { "name": "Commision on Elections", "category": "government", "amenity": null, "building": "commercial", "shop": null, "landuse": null }, "geometry": { "type": "Point", "coordinates": [ 121.029508449997948, 14.659175800021673 ] } },
{ "type": "Feature", "properties": { "name": null, "category": "government", "amenity": null, "building": "office", "shop": null, "landuse": null }, "geometry": { "type": "Point", "coordinates": [ 121.048565095383211, 14.656531846786367 ] } },
{ "type": "Feature", "properties": { "name": null, "category": "government", "amenity": null, "building": "office", "shop": null, "landuse": null }, "geometry": { "type": "Point", "coordinates": [ 121.048854580578421, 14.656233958783853 ] } },
{ "type": "Feature", "properties": { "name": "LTO Cubao", "category": "government", "amenity": null, "building": null, "shop": null, "landuse": "commercial" }, "geometry": { "type": "Point", "coordinates": [ 121.060868373151067, 14.623199736206088 ] } },
{ "type": "Feature", "properties": { "name": "Court of Tax Appeals", "category": "government", "amenity": "courthouse", "building": null, "shop": null, "landuse": "commercial" }, "geometry": { "type": "Point", "coordinates": [ 121.041182825756565, 14.64851940394653 ] } },
{ "type": "Feature", "properties": { "name": "Registry of Deeds - Quezon City", "category": "government", "amenity": null, "building": "yes", "shop": null, "landuse": null }, "geometry": { "type": "Point", "coordinates": [ 121.045316618719255, 14.63852334692243 ] } },
{ "type": "Feature", "properties": { "name": "Inter-Country Adoption Board", "category": "government", "amenity": null, "building": null, "shop": null, "landuse": "commercial" }, "geometry": { "type": "Point", "coordinates": [ 121.043697818160808, 14.627127274051777 ] } },
{ "type": "Feature", "properties": { "name": "National Food Authority", "category": "government", "amenity": null, "building": "commercial", "shop": null, "landuse": null }, "geometry": { "type": "Point", "coordinates": [ 121.04612615001588, 14.657234550041192 ] } },
{ "type": "Feature", "properties": { "name": "National Government Offices Building", "category": "government", "amenity": null, "building": "public", "shop": null, "landuse": null }, "geometry": { "type": "Point", "coordinates": [ 121.052056794118926, 14.646602296113642 ] } },
{ "type": "Feature", "properties": { "name": "J2 CID", "category": "government", "amenity": null, "building": "yes", "shop": null, "landuse": null }, "geometry": { "type": "Point", "coordinates": [ 121.064925449993666, 14.608354250011223 ] } },
{ "type": "Feature", "properties": { "name": "Holy Spiriti Barangay Disaster Risk Reduction Management Office", "category": "government", "amenity": "rescue_station", "building": "civic", "shop": null, "landuse": null }, "geometry": { "type": "Point", "coordinates": [ 121.076625149994257, 14.684257150025314 ] } },
{ "type": "Feature", "properties": { "name": "NDRRM Operation Center", "category": "government", "amenity": null, "building": "yes", "shop": null, "landuse": null }, "geometry": { "type": "Point", "coordinates": [ 121.065119327009199, 14.609460734822346 ] } },
{ "type": "Feature", "properties": { "name": "LTFRB", "category": "government", "amenity": null, "building": "yes", "shop": null, "landuse": null }, "geometry": { "type": "Point", "coordinates": [ 121.061425533193088, 14.721721791294499 ] } },
{ "type": "Feature", "properties": { "name": "DPWH Regional Office IV-B", "category": "government", "amenity": null, "building": "yes", "shop": null, "landuse": null }, "geometry": { "type": "Point", "coordinates": [ 121.043162664438213, 14.636970396431066 ] } },
{ "type": "Feature", "properties": { "name": "Bagong Lipunan ng Crame Barangay Hall", "category": "government", "amenity": "townhall", "building": "public", "shop": null, "landuse": null }, "geometry": { "type": "Point", "coordinates": [ 121.050570000013394, 14.613818350001139 ] } },
{ "type": "Feature", "properties": { "name": "Bahay Pamahalaan ng Barangay Valencia", "category": "government", "amenity": "townhall", "building": "civic", "shop": null, "landuse": null }, "geometry": { "type": "Point", "coordinates": [ 121.039522200382294, 14.608051616851537 ] } },
{ "type": "Feature", "properties": { "name": "Land Transportation Office Quezon City Extension Office", "category": "government", "amenity": null, "building": null, "shop": null, "landuse": null }, "geometry": { "type": "Point", "coordinates": [ 121.061212443836411, 14.624169280533444 ] } },
{ "type": "Feature", "properties": { "name": "Department of Human Settlements and Urban Development", "category": "government", "amenity": null, "building": "yes", "shop": null, "landuse": null }, "geometry": { "type": "Point", "coordinates": [ 121.052150407427661, 14.647888044815151 ] } },
{ "type": "Feature", "properties": { "name": "Bulwagang Pambarangay ng Libis", "category": "government", "amenity": "townhall", "building": "civic", "shop": null, "landuse": null }, "geometry": { "type": "Point", "coordinates": [ 121.074955357223772, 14.615486826092567 ] } },
{ "type": "Feature", "properties": { "name": "Barangay Krus na Ligtas Multipurpose Hall", "category": "government", "amenity": null, "building": "commercial", "shop": null, "landuse": null }, "geometry": { "type": "Point", "coordinates": [ 121.061219099868211, 14.646960191152676 ] } },
{ "type": "Feature", "properties": { "name": "Department of Public Order and Safety Building", "category": "government", "amenity": null, "building": "public", "shop": null, "landuse": null }, "geometry": { "type": "Point", "coordinates": [ 121.051598266118347, 14.647304231376454 ] } },
{ "type": "Feature", "properties": { "name": "Quezon City Community Center", "category": "government", "amenity": null, "building": "yes", "shop": null, "landuse": null }, "geometry": { "type": "Point", "coordinates": [ 121.051149873592792, 14.647819777696613 ] } },
{ "type": "Feature", "properties": { "name": "Department of Information and Communications Technology Judge Juan Luna Field Office", "category": "government", "amenity": null, "building": null, "shop": null, "landuse": null }, "geometry": { "type": "Point", "coordinates": [ 121.020405171801912, 14.649967015751841 ] } },
{ "type": "Feature", "properties": { "name": null, "category": "government", "amenity": null, "building": "yes", "shop": null, "landuse": null }, "geometry": { "type": "Point", "coordinates": [ 121.029487296517061, 14.659183650794004 ] } },
{ "type": "Feature", "properties": { "name": "PCA Laboratory Building", "category": "government", "amenity": null, "building": "yes", "shop": null, "landuse": null }, "geometry": { "type": "Point", "coordinates": [ 121.052038229222575, 14.654244783966933 ] } },
{ "type": "Feature", "properties": { "name": "National Food Authority Center District Office", "category": "government", "amenity": null, "building": null, "shop": null, "landuse": null }, "geometry": { "type": "Point", "coordinates": [ 121.019677800000011, 14.6409715 ] } },
{ "type": "Feature", "properties": { "name": "Sugar Regulatory Administration", "category": "government", "amenity": null, "building": null, "shop": null, "landuse": null }, "geometry": { "type": "Point", "coordinates": [ 121.0437178, 14.6543115 ] } },
{ "type": "Feature", "properties": { "name": "National Conciliation and Mediation Board", "category": "government", "amenity": null, "building": null, "shop": null, "landuse": null }, "geometry": { "type": "Point", "coordinates": [ 121.0167894, 14.6308268 ] } },
{ "type": "Feature", "properties": { "name": "National Food Authority", "category": "government", "amenity": null, "building": null, "shop": null, "landuse": null }, "geometry": { "type": "Point", "coordinates": [ 121.012016, 14.61897 ] } },
{ "type": "Feature", "properties": { "name": "Office of the City Tresurer", "category": "government", "amenity": null, "building": null, "shop": null, "landuse": null }, "geometry": { "type": "Point", "coordinates": [ 120.9948003, 14.6321827 ] } },
{ "type": "Feature", "properties": { "name": "National Economic Development Administration", "category": "government", "amenity": null, "building": null, "shop": null, "landuse": null }, "geometry": { "type": "Point", "coordinates": [ 121.043439100000015, 14.6360243 ] } },
{ "type": "Feature", "properties": { "name": "Sangguniang Pambarangay ng Doña Aurora", "category": "government", "amenity": null, "building": null, "shop": null, "landuse": null }, "geometry": { "type": "Point", "coordinates": [ 121.008648800000017, 14.6156731 ] } },
{ "type": "Feature", "properties": { "name": "Metro Manila Commission", "category": "government", "amenity": null, "building": null, "shop": null, "landuse": null }, "geometry": { "type": "Point", "coordinates": [ 121.051164199999988, 14.6469669 ] } },
{ "type": "Feature", "properties": { "name": "Bureau of Forest Development Region IV", "category": "government", "amenity": null, "building": null, "shop": null, "landuse": null }, "geometry": { "type": "Point", "coordinates": [ 121.045478, 14.644491 ] } },
{ "type": "Feature", "properties": { "name": "Civil Service Commission", "category": "government", "amenity": null, "building": null, "shop": null, "landuse": null }, "geometry": { "type": "Point", "coordinates": [ 121.043862799999985, 14.6551515 ] } },
{ "type": "Feature", "properties": { "name": "Department Of Justice", "category": "government", "amenity": null, "building": null, "shop": null, "landuse": null }, "geometry": { "type": "Point", "coordinates": [ 121.012306, 14.62706 ] } },
{ "type": "Feature", "properties": { "name": "Bureau of Agricultural Extension", "category": "government", "amenity": null, "building": null, "shop": null, "landuse": null }, "geometry": { "type": "Point", "coordinates": [ 121.048242800000011, 14.6554815 ] } },
{ "type": "Feature", "properties": { "name": "Local Water Utilities Administration", "category": "government", "amenity": null, "building": null, "shop": null, "landuse": null }, "geometry": { "type": "Point", "coordinates": [ 121.0752635, 14.6552322 ] } },
{ "type": "Feature", "properties": { "name": "Forest Development and Nursery Program Service", "category": "government", "amenity": null, "building": "yes", "shop": null, "landuse": null }, "geometry": { "type": "Point", "coordinates": [ 121.0400574, 14.6531824 ] } },
{ "type": "Feature", "properties": { "name": "Bureau Of Forest And Aquatic Resources", "category": "government", "amenity": null, "building": null, "shop": null, "landuse": null }, "geometry": { "type": "Point", "coordinates": [ 121.024108, 14.635451 ] } },
{ "type": "Feature", "properties": { "name": "Weather Instrument Research & Development", "category": "government", "amenity": null, "building": null, "shop": null, "landuse": null }, "geometry": { "type": "Point", "coordinates": [ 121.04425, 14.64335 ] } },
{ "type": "Feature", "properties": { "name": "Social Welfare Service Division", "category": "government", "amenity": null, "building": null, "shop": null, "landuse": null }, "geometry": { "type": "Point", "coordinates": [ 121.0155198, 14.6487005 ] } },
{ "type": "Feature", "properties": { "name": "Bureau of Forestry", "category": "government", "amenity": null, "building": null, "shop": null, "landuse": null }, "geometry": { "type": "Point", "coordinates": [ 121.018037800000016, 14.6325805 ] } },
{ "type": "Feature", "properties": { "name": "Bureau Of Lands", "category": "government", "amenity": null, "building": null, "shop": null, "landuse": null }, "geometry": { "type": "Point", "coordinates": [ 121.010581, 14.618881 ] } },
{ "type": "Feature", "properties": { "name": "Bureau of Fire Protection", "category": "government", "amenity": null, "building": null, "shop": null, "landuse": null }, "geometry": { "type": "Point", "coordinates": [ 121.0581681, 14.6224734 ] } },
{ "type": "Feature", "properties": { "name": "NSRC", "category": "government", "amenity": null, "building": null, "shop": null, "landuse": null }, "geometry": { "type": "Point", "coordinates": [ 121.0443218, 14.6440115 ] } },
{ "type": "Feature", "properties": { "name": "Instrumentation Development and Research Unit", "category": "government", "amenity": null, "building": null, "shop": null, "landuse": null }, "geometry": { "type": "Point", "coordinates": [ 121.04511, 14.6442 ] } },
{ "type": "Feature", "properties": { "name": "SSS", "category": "government", "amenity": null, "building": null, "shop": null, "landuse": null }, "geometry": { "type": "Point", "coordinates": [ 121.0165867, 14.6399414 ] } },
{ "type": "Feature", "properties": { "name": "Sangguniang Barangay ng Pasong Tamo", "category": "government", "amenity": null, "building": null, "shop": null, "landuse": null }, "geometry": { "type": "Point", "coordinates": [ 121.048211, 14.6747574 ] } },
{ "type": "Feature", "properties": { "name": "National Center for Pulmonary Research", "category": "government", "amenity": null, "building": null, "shop": null, "landuse": null }, "geometry": { "type": "Point", "coordinates": [ 121.04726770000002, 14.6490166 ] } },
{ "type": "Feature", "properties": { "name": "Land Management Bureau", "category": "government", "amenity": null, "building": null, "shop": null, "landuse": null }, "geometry": { "type": "Point", "coordinates": [ 121.017097800000016, 14.6309706 ] } },
{ "type": "Feature", "properties": { "name": "DSWD Knowledge Exchange Center (KEC)", "category": "government", "amenity": null, "building": null, "shop": null, "landuse": null }, "geometry": { "type": "Point", "coordinates": [ 121.0967318, 14.6964394 ] } },
{ "type": "Feature", "properties": { "name": "Social Security System", "category": "government", "amenity": null, "building": null, "shop": null, "landuse": null }, "geometry": { "type": "Point", "coordinates": [ 121.052660100000011, 14.7338325 ] } },
{ "type": "Feature", "properties": { "name": "SSS Batasan", "category": "government", "amenity": null, "building": null, "shop": null, "landuse": null }, "geometry": { "type": "Point", "coordinates": [ 121.0855068, 14.681855 ] } },
{ "type": "Feature", "properties": { "name": "Pagibig Batasan", "category": "government", "amenity": null, "building": null, "shop": null, "landuse": null }, "geometry": { "type": "Point", "coordinates": [ 121.0855505, 14.6819228 ] } },
{ "type": "Feature", "properties": { "name": "MWSS Regulatory Office", "category": "government", "amenity": null, "building": null, "shop": null, "landuse": null }, "geometry": { "type": "Point", "coordinates": [ 121.075525, 14.6564906 ] } },
{ "type": "Feature", "properties": { "name": "DFA NCR-Northeast", "category": "government", "amenity": null, "building": null, "shop": null, "landuse": null }, "geometry": { "type": "Point", "coordinates": [ 121.056572100000011, 14.6202724 ] } },
{ "type": "Feature", "properties": { "name": "Ali Mall Government Center", "category": "government", "amenity": null, "building": null, "shop": null, "landuse": null }, "geometry": { "type": "Point", "coordinates": [ 121.0565963, 14.6201844 ] } },
{ "type": "Feature", "properties": { "name": "Senior Citizens Office", "category": "government", "amenity": null, "building": null, "shop": null, "landuse": null }, "geometry": { "type": "Point", "coordinates": [ 121.0512943, 14.6477576 ] } },
{ "type": "Feature", "properties": { "name": "NBI Quezon City", "category": "government", "amenity": null, "building": null, "shop": null, "landuse": null }, "geometry": { "type": "Point", "coordinates": [ 121.0519501, 14.6462846 ] } },
{ "type": "Feature", "properties": { "name": "Public Attorney's Office", "category": "government", "amenity": null, "building": null, "shop": null, "landuse": null }, "geometry": { "type": "Point", "coordinates": [ 121.0449631, 14.637976 ] } },
{ "type": "Feature", "properties": { "name": "DSWD NCR", "category": "government", "amenity": null, "building": null, "shop": null, "landuse": null }, "geometry": { "type": "Point", "coordinates": [ 121.07298560000001, 14.6263043 ] } },
{ "type": "Feature", "properties": { "name": "RDO NO.38 Bir West Avenue", "category": "government", "amenity": null, "building": null, "shop": null, "landuse": null }, "geometry": { "type": "Point", "coordinates": [ 121.028927200000012, 14.6495234 ] } },
{ "type": "Feature", "properties": { "name": "DAR-FAPSO", "category": "government", "amenity": null, "building": null, "shop": null, "landuse": null }, "geometry": { "type": "Point", "coordinates": [ 121.0494023, 14.6550218 ] } },
{ "type": "Feature", "properties": { "name": "Phillippine Academy Of Periatric Pulmonologists", "category": "government", "amenity": null, "building": null, "shop": null, "landuse": null }, "geometry": { "type": "Point", "coordinates": [ 121.055117, 14.6383798 ] } },
{ "type": "Feature", "properties": { "name": "DPWH Bureau of Research and Standards New Building", "category": "government", "amenity": null, "building": null, "shop": null, "landuse": null }, "geometry": { "type": "Point", "coordinates": [ 121.04377150000002, 14.6374931 ] } },
{ "type": "Feature", "properties": { "name": "Presidential Commission for the Urban Poor", "category": "government", "amenity": null, "building": null, "shop": null, "landuse": null }, "geometry": { "type": "Point", "coordinates": [ 121.0275527, 14.6558648 ] } },
{ "type": "Feature", "properties": { "name": "Laguna Lake Development Authority", "category": "government", "amenity": null, "building": null, "shop": null, "landuse": null }, "geometry": { "type": "Point", "coordinates": [ 121.0459424, 14.6446946 ] } },
{ "type": "Feature", "properties": { "name": "Sangguniang Pambarangay ng Commonwealth", "category": "government", "amenity": null, "building": null, "shop": null, "landuse": null }, "geometry": { "type": "Point", "coordinates": [ 121.0880406, 14.6969666 ] } },
{ "type": "Feature", "properties": { "name": "South Triangle - Barangay Hall", "category": "government", "amenity": "townhall", "building": null, "shop": null, "landuse": null }, "geometry": { "type": "Point", "coordinates": [ 121.037380400000018, 14.6378259 ] } },
{ "type": "Feature", "properties": { "name": "National Electrification Administration", "category": "government", "amenity": null, "building": null, "shop": null, "landuse": null }, "geometry": { "type": "Point", "coordinates": [ 121.044267800000014, 14.6378631 ] } },
{ "type": "Feature", "properties": { "name": "Servicio Filipino Inc.", "category": "government", "amenity": null, "building": null, "shop": null, "landuse": null }, "geometry": { "type": "Point", "coordinates": [ 121.0287048, 14.6502613 ] } },
{ "type": "Feature", "properties": { "name": "Barangay 156 Multi-purpose Hall", "category": "government", "amenity": "community_centre", "building": null, "shop": null, "landuse": null }, "geometry": { "type": "Point", "coordinates": [ 121.000601, 14.664832 ] } },
{ "type": "Feature", "properties": { "name": "BAI-Veterinary Laboratory Division", "category": "government", "amenity": null, "building": null, "shop": null, "landuse": null }, "geometry": { "type": "Point", "coordinates": [ 121.0470092, 14.6562575 ] } },
{ "type": "Feature", "properties": { "name": "PDEA Laboratory Service", "category": "government", "amenity": null, "building": null, "shop": null, "landuse": null }, "geometry": { "type": "Point", "coordinates": [ 121.0421277, 14.6396092 ] } },
{ "type": "Feature", "properties": { "name": "PDEA RO-NCR", "category": "government", "amenity": null, "building": null, "shop": null, "landuse": null }, "geometry": { "type": "Point", "coordinates": [ 121.0422756, 14.6398494 ] } },
{ "type": "Feature", "properties": { "name": "Optical Media Board", "category": "government", "amenity": null, "building": null, "shop": null, "landuse": null }, "geometry": { "type": "Point", "coordinates": [ 121.0303591, 14.6344177 ] } },
{ "type": "Feature", "properties": { "name": "Sangguniang Pambarangay ng Libis", "category": "government", "amenity": null, "building": null, "shop": null, "landuse": null }, "geometry": { "type": "Point", "coordinates": [ 121.0749174, 14.6155346 ] } },
{ "type": "Feature", "properties": { "name": "Philippine Competition Commission", "category": "government", "amenity": null, "building": null, "shop": null, "landuse": null }, "geometry": { "type": "Point", "coordinates": [ 121.035328299999989, 14.651173 ] } },
{ "type": "Feature", "properties": { "name": "PhilHealth NCR Central", "category": "government", "amenity": null, "building": null, "shop": null, "landuse": null }, "geometry": { "type": "Point", "coordinates": [ 121.0356608, 14.6406585 ] } },
{ "type": "Feature", "properties": { "name": "Commission on Human Rights Region IV-A", "category": "government", "amenity": null, "building": null, "shop": null, "landuse": null }, "geometry": { "type": "Point", "coordinates": [ 121.06034649999998, 14.6573399 ] } },
{ "type": "Feature", "properties": { "name": "National Commission on Muslim Filipinos", "category": "government", "amenity": null, "building": null, "shop": null, "landuse": null }, "geometry": { "type": "Point", "coordinates": [ 121.078581899999989, 14.672976 ] } },
{ "type": "Feature", "properties": { "name": "Sangguniang Pambarangay ng Immaculate Concepcion", "category": "government", "amenity": null, "building": null, "shop": null, "landuse": null }, "geometry": { "type": "Point", "coordinates": [ 121.0435358, 14.6227947 ] } },
{ "type": "Feature", "properties": { "name": "PNP Firearms & Explosives Office", "category": "government", "amenity": null, "building": null, "shop": null, "landuse": null }, "geometry": { "type": "Point", "coordinates": [ 121.054316, 14.6061085 ] } },
{ "type": "Feature", "properties": { "name": "Pansol Barangay Hall", "category": "government", "amenity": "townhall", "building": null, "shop": null, "landuse": null }, "geometry": { "type": "Point", "coordinates": [ 121.076980400000011, 14.6510712 ] } },
{ "type": "Feature", "properties": { "name": "NIA CO", "category": "government", "amenity": null, "building": null, "shop": null, "landuse": null }, "geometry": { "type": "Point", "coordinates": [ 121.04287170000002, 14.6381849 ] } },
{ "type": "Feature", "properties": { "name": "Laboratory", "category": "government", "amenity": null, "building": null, "shop": null, "landuse": null }, "geometry": { "type": "Point", "coordinates": [ 121.0501832, 14.6476335 ] } },
{ "type": "Feature", "properties": { "name": "Health", "category": "government", "amenity": null, "building": null, "shop": null, "landuse": null }, "geometry": { "type": "Point", "coordinates": [ 121.0511337, 14.6478708 ] } },
{ "type": "Feature", "properties": { "name": "Publication Department", "category": "government", "amenity": null, "building": null, "shop": null, "landuse": null }, "geometry": { "type": "Point", "coordinates": [ 121.0944396, 14.6927242 ] } },
{ "type": "Feature", "properties": { "name": "Human Settlements Adjudication Commission", "category": "government", "amenity": null, "building": null, "shop": null, "landuse": null }, "geometry": { "type": "Point", "coordinates": [ 121.0519112, 14.6478153 ] } },
{ "type": "Feature", "properties": { "name": "Department of Transportation-Land Transportation Office", "category": "government", "amenity": null, "building": null, "shop": null, "landuse": null }, "geometry": { "type": "Point", "coordinates": [ 121.0467192, 14.6356691 ] } },
{ "type": "Feature", "properties": { "name": "Land Transportation Office", "category": "government", "amenity": null, "building": null, "shop": null, "landuse": null }, "geometry": { "type": "Point", "coordinates": [ 121.047, 14.6357 ] } },
{ "type": "Feature", "properties": { "name": "BIR Revenue District Office 39", "category": "government", "amenity": null, "building": null, "shop": null, "landuse": null }, "geometry": { "type": "Point", "coordinates": [ 121.029773399999982, 14.6390226 ] } },
{ "type": "Feature", "properties": { "name": "Presidential Commission for the Urban Poor", "category": "government", "amenity": null, "building": null, "shop": null, "landuse": null }, "geometry": { "type": "Point", "coordinates": [ 121.0345051, 14.6419115 ] } },
{ "type": "Feature", "properties": { "name": "National Commission on Indigenous Peoples", "category": "government", "amenity": null, "building": null, "shop": null, "landuse": null }, "geometry": { "type": "Point", "coordinates": [ 121.0344754, 14.6419538 ] } },
{ "type": "Feature", "properties": { "name": "Land Transportation Office", "category": "government", "amenity": null, "building": null, "shop": null, "landuse": null }, "geometry": { "type": "Point", "coordinates": [ 121.0494889, 14.6152589 ] } },
{ "type": "Feature", "properties": { "name": "Sangguniang Pambarangay ng Malaya", "category": "government", "amenity": null, "building": null, "shop": null, "landuse": null }, "geometry": { "type": "Point", "coordinates": [ 121.055058499999987, 14.6344214 ] } },
{ "type": "Feature", "properties": { "name": "DENR-PRCMO", "category": "government", "amenity": null, "building": null, "shop": null, "landuse": null }, "geometry": { "type": "Point", "coordinates": [ 121.0416869, 14.652323 ] } },
{ "type": "Feature", "properties": { "name": "Pag-IBIG Fund", "category": "government", "amenity": null, "building": null, "shop": null, "landuse": null }, "geometry": { "type": "Point", "coordinates": [ 121.0582736, 14.6222661 ] } },
{ "type": "Feature", "properties": { "name": "District Office", "category": "government", "amenity": null, "building": null, "shop": null, "landuse": null }, "geometry": { "type": "Point", "coordinates": [ 121.0178201, 14.6348405 ] } },
{ "type": "Feature", "properties": { "name": "Housing and Land Use Regulatory Board", "category": "government", "amenity": null, "building": null, "shop": null, "landuse": null }, "geometry": { "type": "Point", "coordinates": [ 121.0345327, 14.6419762 ] } },
{ "type": "Feature", "properties": { "name": "Sangguniang Pambarangay ng Santol", "category": "government", "amenity": null, "building": null, "shop": null, "landuse": null }, "geometry": { "type": "Point", "coordinates": [ 121.01454050000001, 14.6122372 ] } },
{ "type": "Feature", "properties": { "name": "DSWD - National Capital Region Reception and Study Center for Children", "category": "government", "amenity": null, "building": null, "shop": null, "landuse": null }, "geometry": { "type": "Point", "coordinates": [ 121.029547400000013, 14.6597529 ] } },
{ "type": "Feature", "properties": { "name": "Sangguniang Pambarangay ng Masambong", "category": "government", "amenity": null, "building": null, "shop": null, "landuse": null }, "geometry": { "type": "Point", "coordinates": [ 121.0109335, 14.6412518 ] } },
{ "type": "Feature", "properties": { "name": "National Youth Commission (Pambansang Komisyon sa Kabataan)", "category": "government", "amenity": null, "building": null, "shop": null, "landuse": null }, "geometry": { "type": "Point", "coordinates": [ 121.02962669999998, 14.6546295 ] } },
{ "type": "Feature", "properties": { "name": "Tariff Commission", "category": "government", "amenity": null, "building": null, "shop": null, "landuse": null }, "geometry": { "type": "Point", "coordinates": [ 121.0295964, 14.6546385 ] } },
{ "type": "Feature", "properties": { "name": "Sangguniang Pambarangay ng Quirino 3-B", "category": "government", "amenity": null, "building": null, "shop": null, "landuse": null }, "geometry": { "type": "Point", "coordinates": [ 121.0649364, 14.6326378 ] } },
{ "type": "Feature", "properties": { "name": "Sangguniang Pambarangay ng Amihan", "category": "government", "amenity": null, "building": null, "shop": null, "landuse": null }, "geometry": { "type": "Point", "coordinates": [ 121.06657460000001, 14.6337958 ] } },
{ "type": "Feature", "properties": { "name": "Sangguniang Pambarangay ng Roxas", "category": "government", "amenity": null, "building": null, "shop": null, "landuse": null }, "geometry": { "type": "Point", "coordinates": [ 121.0216496, 14.627956 ] } },
{ "type": "Feature", "properties": { "name": "Sangguniang Pambarangay ng Katipunan", "category": "government", "amenity": null, "building": null, "shop": null, "landuse": null }, "geometry": { "type": "Point", "coordinates": [ 121.01767390000002, 14.655721 ] } },
{ "type": "Feature", "properties": { "name": "Sangguniang Pambarangay ng Manresa", "category": "government", "amenity": null, "building": null, "shop": null, "landuse": null }, "geometry": { "type": "Point", "coordinates": [ 121.0031545, 14.6414597 ] } },
{ "type": "Feature", "properties": { "name": "Sangguniang Pambarangay ng San Jose", "category": "government", "amenity": null, "building": null, "shop": null, "landuse": null }, "geometry": { "type": "Point", "coordinates": [ 120.9933677, 14.6391562 ] } },
{ "type": "Feature", "properties": { "name": "Sangguniang Pambarangay ng Pag-ibig sa Nayon", "category": "government", "amenity": null, "building": null, "shop": null, "landuse": null }, "geometry": { "type": "Point", "coordinates": [ 120.9969331, 14.6462447 ] } },
{ "type": "Feature", "properties": { "name": "Sangguniang Pambarangay ng Balingasa", "category": "government", "amenity": null, "building": null, "shop": null, "landuse": null }, "geometry": { "type": "Point", "coordinates": [ 121.0016021, 14.650786 ] } },
{ "type": "Feature", "properties": { "name": "Sangguniang Pambarangay ng Sangandaan", "category": "government", "amenity": null, "building": null, "shop": null, "landuse": null }, "geometry": { "type": "Point", "coordinates": [ 121.020582100000013, 14.6741086 ] } },
{ "type": "Feature", "properties": { "name": "Sangguniang Pambarangay ng Bahay Toro", "category": "government", "amenity": null, "building": null, "shop": null, "landuse": null }, "geometry": { "type": "Point", "coordinates": [ 121.0214652, 14.6643497 ] } },
{ "type": "Feature", "properties": { "name": "Sangguniang Pambarangay ng Baesa", "category": "government", "amenity": null, "building": null, "shop": null, "landuse": null }, "geometry": { "type": "Point", "coordinates": [ 121.013383, 14.6746159 ] } },
{ "type": "Feature", "properties": { "name": "Pamahalaang Barangay ng Talipapa", "category": "government", "amenity": null, "building": null, "shop": null, "landuse": null }, "geometry": { "type": "Point", "coordinates": [ 121.0253187, 14.6875168 ] } },
{ "type": "Feature", "properties": { "name": "Sangguniang Pambarangay ng Talipapa", "category": "government", "amenity": null, "building": null, "shop": null, "landuse": null }, "geometry": { "type": "Point", "coordinates": [ 121.025331, 14.6875455 ] } },
{ "type": "Feature", "properties": { "name": "Sangguniang Pambarangay ng Bagbag", "category": "government", "amenity": null, "building": null, "shop": null, "landuse": null }, "geometry": { "type": "Point", "coordinates": [ 121.0307781, 14.6965998 ] } },
{ "type": "Feature", "properties": { "name": "Sangguniang Pambarangay ng San Bartolome", "category": "government", "amenity": null, "building": null, "shop": null, "landuse": null }, "geometry": { "type": "Point", "coordinates": [ 121.0347207, 14.7007866 ] } },
{ "type": "Feature", "properties": { "name": "Sangguniang Pambarangay ng Sauyo", "category": "government", "amenity": null, "building": null, "shop": null, "landuse": null }, "geometry": { "type": "Point", "coordinates": [ 121.033625, 14.6895311 ] } },
{ "type": "Feature", "properties": { "name": "Sangguniang Pambarangay ng Tandang Sora", "category": "government", "amenity": null, "building": null, "shop": null, "landuse": null }, "geometry": { "type": "Point", "coordinates": [ 121.032251, 14.681844 ] } },
{ "type": "Feature", "properties": { "name": "Department of Human Settlements and Urban Development", "category": "government", "amenity": null, "building": null, "shop": null, "landuse": null }, "geometry": { "type": "Point", "coordinates": [ 121.052060900000015, 14.6478468 ] } },
{ "type": "Feature", "properties": { "name": "Sangguniang Pambarangay ng Culiat", "category": "government", "amenity": null, "building": null, "shop": null, "landuse": null }, "geometry": { "type": "Point", "coordinates": [ 121.0566323, 14.6679866 ] } },
{ "type": "Feature", "properties": { "name": "Sangguniang Pambarangay ng Holy Spirit", "category": "government", "amenity": null, "building": null, "shop": null, "landuse": null }, "geometry": { "type": "Point", "coordinates": [ 121.0762433, 14.6838224 ] } },
{ "type": "Feature", "properties": { "name": "Sangguniang Pambarangay ng North Fairview", "category": "government", "amenity": null, "building": null, "shop": null, "landuse": null }, "geometry": { "type": "Point", "coordinates": [ 121.063255400000017, 14.7230461 ] } },
{ "type": "Feature", "properties": { "name": "Sangguniang Pambarangay ng Santa Lucia", "category": "government", "amenity": null, "building": null, "shop": null, "landuse": null }, "geometry": { "type": "Point", "coordinates": [ 121.0534821, 14.7074106 ] } },
{ "type": "Feature", "properties": { "name": "Sangguniang Pambarangay ng Gulod", "category": "government", "amenity": null, "building": null, "shop": null, "landuse": null }, "geometry": { "type": "Point", "coordinates": [ 121.0404418, 14.7167383 ] } },
{ "type": "Feature", "properties": { "name": "Sangguniang Pambarangay ng Kaligayan", "category": "government", "amenity": null, "building": null, "shop": null, "landuse": null }, "geometry": { "type": "Point", "coordinates": [ 121.050883900000017, 14.73817 ] } },
{ "type": "Feature", "properties": { "name": "Sangguniang Pambarangay ng Pasong Putik", "category": "government", "amenity": null, "building": null, "shop": null, "landuse": null }, "geometry": { "type": "Point", "coordinates": [ 121.0559766, 14.728639 ] } },
{ "type": "Feature", "properties": { "name": "Sangguniang Pambarangay ng Commonwealth", "category": "government", "amenity": null, "building": null, "shop": null, "landuse": null }, "geometry": { "type": "Point", "coordinates": [ 121.0895182, 14.702027 ] } },
{ "type": "Feature", "properties": { "name": "Sangguniang Pambarangay ng Batasan Hills", "category": "government", "amenity": null, "building": null, "shop": null, "landuse": null }, "geometry": { "type": "Point", "coordinates": [ 121.0960588, 14.6906571 ] } },
{ "type": "Feature", "properties": { "name": "Sangguniang Pambarangay ng Santo Niño", "category": "government", "amenity": null, "building": null, "shop": null, "landuse": null }, "geometry": { "type": "Point", "coordinates": [ 121.011504800000012, 14.6124305 ] } },
{ "type": "Feature", "properties": { "name": "Sangguniang Pambarangay ng Milagrosa", "category": "government", "amenity": null, "building": null, "shop": null, "landuse": null }, "geometry": { "type": "Point", "coordinates": [ 121.0709402, 14.6217571 ] } },
{ "type": "Feature", "properties": { "name": "Sangguniang Pambarangay ng Villa Maria Clara", "category": "government", "amenity": null, "building": null, "shop": null, "landuse": null }, "geometry": { "type": "Point", "coordinates": [ 121.067553600000011, 14.6157572 ] } },
{ "type": "Feature", "properties": { "name": "Sangguniang Pambarangay ng Bayanihan", "category": "government", "amenity": null, "building": null, "shop": null, "landuse": null }, "geometry": { "type": "Point", "coordinates": [ 121.0690872, 14.6147866 ] } },
{ "type": "Feature", "properties": { "name": "Sangguniang Pambarangay ng White Plains", "category": "government", "amenity": null, "building": null, "shop": null, "landuse": null }, "geometry": { "type": "Point", "coordinates": [ 121.0712408, 14.6032898 ] } },
{ "type": "Feature", "properties": { "name": "Sangguniang Pambarangay ng Bagumbuhay", "category": "government", "amenity": null, "building": null, "shop": null, "landuse": null }, "geometry": { "type": "Point", "coordinates": [ 121.065250300000017, 14.6243051 ] } },
{ "type": "Feature", "properties": { "name": "Sangguniang Pambarangay ng Marilag", "category": "government", "amenity": null, "building": null, "shop": null, "landuse": null }, "geometry": { "type": "Point", "coordinates": [ 121.0689846, 14.62563 ] } },
{ "type": "Feature", "properties": { "name": "DSWD Rehabilitation Sheltered Workshop", "category": "government", "amenity": null, "building": null, "shop": null, "landuse": null }, "geometry": { "type": "Point", "coordinates": [ 121.072723600000018, 14.626345 ] } },
{ "type": "Feature", "properties": { "name": "Sangguniang Pambarangay ng Escopa Ⅲ", "category": "government", "amenity": null, "building": null, "shop": null, "landuse": null }, "geometry": { "type": "Point", "coordinates": [ 121.072342699999979, 14.6277643 ] } },
{ "type": "Feature", "properties": { "name": "Sangguniang Pambarangay ng Quirino 2-A", "category": "government", "amenity": null, "building": null, "shop": null, "landuse": null }, "geometry": { "type": "Point", "coordinates": [ 121.059058400000012, 14.6313694 ] } },
{ "type": "Feature", "properties": { "name": "Sangguniang Pambarangay ng Quirino 2-B", "category": "government", "amenity": null, "building": null, "shop": null, "landuse": null }, "geometry": { "type": "Point", "coordinates": [ 121.0633003, 14.6326423 ] } },
{ "type": "Feature", "properties": { "name": "Sangguniang Pambarangay ng Duyan-duyan", "category": "government", "amenity": null, "building": null, "shop": null, "landuse": null }, "geometry": { "type": "Point", "coordinates": [ 121.0669394, 14.6304056 ] } },
{ "type": "Feature", "properties": { "name": "Sangguniang Pambarangay ng Loyola Heights", "category": "government", "amenity": null, "building": null, "shop": null, "landuse": null }, "geometry": { "type": "Point", "coordinates": [ 121.0736878, 14.6410857 ] } },
{ "type": "Feature", "properties": { "name": "Sangguniang Pambarangay ng Botocan", "category": "government", "amenity": null, "building": null, "shop": null, "landuse": null }, "geometry": { "type": "Point", "coordinates": [ 121.062871, 14.6368376 ] } },
{ "type": "Feature", "properties": { "name": "Sangguniang Pambarangay ng San Vicente", "category": "government", "amenity": null, "building": null, "shop": null, "landuse": null }, "geometry": { "type": "Point", "coordinates": [ 121.0568278, 14.6532386 ] } },
{ "type": "Feature", "properties": { "name": "Sangguniang Pambarangay ng Teachers Village West", "category": "government", "amenity": null, "building": null, "shop": null, "landuse": null }, "geometry": { "type": "Point", "coordinates": [ 121.0608449, 14.6457947 ] } },
{ "type": "Feature", "properties": { "name": "Sangguniang Pambarangay ng Matandang Balara", "category": "government", "amenity": null, "building": null, "shop": null, "landuse": null }, "geometry": { "type": "Point", "coordinates": [ 121.074556499999986, 14.671824 ] } },
{ "type": "Feature", "properties": { "name": "Sangguniang Pambarangay ng Batasan Hills", "category": "government", "amenity": null, "building": null, "shop": null, "landuse": null }, "geometry": { "type": "Point", "coordinates": [ 121.0993834, 14.686223 ] } },
{ "type": "Feature", "properties": { "name": "Sangguniang Pambarangay ng Damayan", "category": "government", "amenity": null, "building": null, "shop": null, "landuse": null }, "geometry": { "type": "Point", "coordinates": [ 121.015005800000012, 14.6395935 ] } },
{ "type": "Feature", "properties": { "name": "Sangguniang Pambarangay ng Mariblo", "category": "government", "amenity": null, "building": null, "shop": null, "landuse": null }, "geometry": { "type": "Point", "coordinates": [ 121.0176062, 14.6353154 ] } },
{ "type": "Feature", "properties": { "name": "Sangguniang Pambarangay ng Paltok", "category": "government", "amenity": null, "building": null, "shop": null, "landuse": null }, "geometry": { "type": "Point", "coordinates": [ 121.0221753, 14.6431871 ] } },
{ "type": "Feature", "properties": { "name": "Quezon City Civil Registrar", "category": "government", "amenity": null, "building": null, "shop": null, "landuse": null }, "geometry": { "type": "Point", "coordinates": [ 121.0485059, 14.6456803 ] } },
{ "type": "Feature", "properties": { "name": "Philippine Space Agency", "category": "government", "amenity": null, "building": null, "shop": null, "landuse": null }, "geometry": { "type": "Point", "coordinates": [ 121.0802842, 14.6078521 ] } },
{ "type": "Feature", "properties": { "name": "AFP Interfaith Building", "category": "government", "amenity": null, "building": null, "shop": null, "landuse": null }, "geometry": { "type": "Point", "coordinates": [ 121.06028280000001, 14.6113679 ] } },
{ "type": "Feature", "properties": { "name": "Sangguniang Pambarangay ng Socorro", "category": "government", "amenity": null, "building": null, "shop": null, "landuse": null }, "geometry": { "type": "Point", "coordinates": [ 121.0623837, 14.6127478 ] } },
{ "type": "Feature", "properties": { "name": "LTO East Avenue Main Gate", "category": "government", "amenity": null, "building": null, "shop": null, "landuse": null }, "geometry": { "type": "Point", "coordinates": [ 121.0458173, 14.6355531 ] } },
{ "type": "Feature", "properties": { "name": "LTO", "category": "government", "amenity": null, "building": null, "shop": null, "landuse": null }, "geometry": { "type": "Point", "coordinates": [ 121.008002, 14.6353106 ] } },
{ "type": "Feature", "properties": { "name": "Sangguniang Pambarangay ng Krus na Ligas", "category": "government", "amenity": null, "building": null, "shop": null, "landuse": null }, "geometry": { "type": "Point", "coordinates": [ 121.0635115, 14.6442887 ] } },
{ "type": "Feature", "properties": { "name": "Quezon City Central Depository & Archival Center", "category": "government", "amenity": null, "building": null, "shop": null, "landuse": null }, "geometry": { "type": "Point", "coordinates": [ 121.0248924, 14.6292951 ] } },
{ "type": "Feature", "properties": { "name": "Sangguniang Pambarangay ng Valencia", "category": "government", "amenity": null, "building": null, "shop": null, "landuse": null }, "geometry": { "type": "Point", "coordinates": [ 121.039521199999982, 14.6079877 ] } },
{ "type": "Feature", "properties": { "name": "Social Security System", "category": "government", "amenity": null, "building": null, "shop": null, "landuse": null }, "geometry": { "type": "Point", "coordinates": [ 121.061048199999988, 14.7153484 ] } },
{ "type": "Feature", "properties": { "name": "Barangay Hall Quirino 3A", "category": "government", "amenity": null, "building": null, "shop": null, "landuse": null }, "geometry": { "type": "Point", "coordinates": [ 121.062233800000016, 14.6292257 ] } },
{ "type": "Feature", "properties": { "name": "Sangguniang Pambarangay ng Marilag", "category": "government", "amenity": null, "building": null, "shop": null, "landuse": null }, "geometry": { "type": "Point", "coordinates": [ 121.0681189, 14.6227025 ] } },
{ "type": "Feature", "properties": { "name": "Sangguniang Kabataan ng San Antonio", "category": "government", "amenity": null, "building": null, "shop": null, "landuse": null }, "geometry": { "type": "Point", "coordinates": [ 121.018735400000011, 14.6545753 ] } },
{ "type": "Feature", "properties": { "name": "Sangguniang Pambarangay ng San Antonio", "category": "government", "amenity": null, "building": null, "shop": null, "landuse": null }, "geometry": { "type": "Point", "coordinates": [ 121.0187367, 14.6545929 ] } },
{ "type": "Feature", "properties": { "name": "BIR Revenue District Office № 28", "category": "government", "amenity": null, "building": null, "shop": null, "landuse": null }, "geometry": { "type": "Point", "coordinates": [ 121.0555534, 14.7176171 ] } },
{ "type": "Feature", "properties": { "name": "Sangguniang Kabataan ng Alicia", "category": "government", "amenity": null, "building": null, "shop": null, "landuse": null }, "geometry": { "type": "Point", "coordinates": [ 121.0257093, 14.6600891 ] } },
{ "type": "Feature", "properties": { "name": "Sangguniang Pambarangay ng Alicia", "category": "government", "amenity": null, "building": null, "shop": null, "landuse": null }, "geometry": { "type": "Point", "coordinates": [ 121.0257081, 14.6600968 ] } },
{ "type": "Feature", "properties": { "name": "Sangguniang Pambarangay ng Santa Teresita", "category": "government", "amenity": null, "building": null, "shop": null, "landuse": null }, "geometry": { "type": "Point", "coordinates": [ 120.999606499999985, 14.6223407 ] } },
{ "type": "Feature", "properties": { "name": "Sangguniang Kabataan ng Santa Teresita", "category": "government", "amenity": null, "building": null, "shop": null, "landuse": null }, "geometry": { "type": "Point", "coordinates": [ 120.999613399999987, 14.6223278 ] } },
{ "type": "Feature", "properties": { "name": "Sangguniang Kabataan ng Loyola Heights", "category": "government", "amenity": null, "building": null, "shop": null, "landuse": null }, "geometry": { "type": "Point", "coordinates": [ 121.0736784, 14.6410987 ] } },
{ "type": "Feature", "properties": { "name": "Sangguniang Kabataan ng Maligaya", "category": "government", "amenity": null, "building": null, "shop": null, "landuse": null }, "geometry": { "type": "Point", "coordinates": [ 121.055081300000012, 14.6344265 ] } },
{ "type": "Feature", "properties": { "name": "Sangguniang Kabataan ng Quirino 2-A", "category": "government", "amenity": null, "building": null, "shop": null, "landuse": null }, "geometry": { "type": "Point", "coordinates": [ 121.0590631, 14.6313538 ] } },
{ "type": "Feature", "properties": { "name": "Sangguniang Kabataan ng E. Rodriguez, Sr.", "category": "government", "amenity": null, "building": null, "shop": null, "landuse": null }, "geometry": { "type": "Point", "coordinates": [ 121.05515339999998, 14.6282674 ] } },
{ "type": "Feature", "properties": { "name": "Sangguniang Pambarangay ng E. Rodriguez, Sr.", "category": "government", "amenity": null, "building": null, "shop": null, "landuse": null }, "geometry": { "type": "Point", "coordinates": [ 121.0551682, 14.628272 ] } },
{ "type": "Feature", "properties": { "name": "Sangguniang Kabataan ng East Kamias", "category": "government", "amenity": null, "building": null, "shop": null, "landuse": null }, "geometry": { "type": "Point", "coordinates": [ 121.0559008, 14.6294697 ] } },
{ "type": "Feature", "properties": { "name": "Sangguniang Pambarangay ng East Kamias", "category": "government", "amenity": null, "building": null, "shop": null, "landuse": null }, "geometry": { "type": "Point", "coordinates": [ 121.0558873, 14.6294625 ] } },
{ "type": "Feature", "properties": { "name": "Sangguniang Kabataan ng Kalusugan", "category": "government", "amenity": null, "building": null, "shop": null, "landuse": null }, "geometry": { "type": "Point", "coordinates": [ 121.022459, 14.6256793 ] } },
{ "type": "Feature", "properties": { "name": "Sangguniang Pambarangay ng Kalusugan", "category": "government", "amenity": null, "building": null, "shop": null, "landuse": null }, "geometry": { "type": "Point", "coordinates": [ 121.022453900000016, 14.6256916 ] } },
{ "type": "Feature", "properties": { "name": "District 6 Action Center", "category": "government", "amenity": null, "building": null, "shop": null, "landuse": null }, "geometry": { "type": "Point", "coordinates": [ 121.0361795, 14.6724022 ] } },
{ "type": "Feature", "properties": { "name": "Department of Budget and Management - MIMAROPA Regional Office", "category": "government", "amenity": null, "building": null, "shop": null, "landuse": null }, "geometry": { "type": "Point", "coordinates": [ 121.015641500000015, 14.6308821 ] } },
{ "type": "Feature", "properties": { "name": "Garden Lake Townhomes", "category": "residential", "amenity": null, "building": null, "shop": null, "landuse": "residential" }, "geometry": { "type": "Point", "coordinates": [ 121.037206828410987, 14.611729854964807 ] } },
{ "type": "Feature", "properties": { "name": null, "category": "residential", "amenity": null, "building": null, "shop": null, "landuse": "residential" }, "geometry": { "type": "Point", "coordinates": [ 121.017227825012682, 14.625956111456548 ] } },
{ "type": "Feature", "properties": { "name": null, "category": "residential", "amenity": null, "building": null, "shop": null, "landuse": "residential" }, "geometry": { "type": "Point", "coordinates": [ 121.057794462396473, 14.644746382208998 ] } },
{ "type": "Feature", "properties": { "name": "Blue Ridge A", "category": "residential", "amenity": null, "building": null, "shop": null, "landuse": "residential" }, "geometry": { "type": "Point", "coordinates": [ 121.073973344429575, 14.619520969681666 ] } },
{ "type": "Feature", "properties": { "name": "Tierra Pura Phase 6", "category": "residential", "amenity": null, "building": null, "shop": null, "landuse": "residential" }, "geometry": { "type": "Point", "coordinates": [ 121.063814495864676, 14.674101694088881 ] } },
{ "type": "Feature", "properties": { "name": "Escalades at 20th Avenue", "category": "residential", "amenity": null, "building": null, "shop": null, "landuse": "residential" }, "geometry": { "type": "Point", "coordinates": [ 121.060126946769699, 14.624941089492017 ] } },
{ "type": "Feature", "properties": { "name": "Infina Towers", "category": "residential", "amenity": null, "building": null, "shop": null, "landuse": "residential" }, "geometry": { "type": "Point", "coordinates": [ 121.067560014947432, 14.627638539705041 ] } },
{ "type": "Feature", "properties": { "name": "Manhattan Townhomes", "category": "residential", "amenity": null, "building": null, "shop": null, "landuse": "residential" }, "geometry": { "type": "Point", "coordinates": [ 121.066890682295352, 14.627665258071339 ] } },
{ "type": "Feature", "properties": { "name": "Greenfield 1", "category": "residential", "amenity": null, "building": null, "shop": null, "landuse": "residential" }, "geometry": { "type": "Point", "coordinates": [ 121.040488368530262, 14.730024381475189 ] } },
{ "type": "Feature", "properties": { "name": "Araneta Compound", "category": "residential", "amenity": null, "building": null, "shop": null, "landuse": "residential" }, "geometry": { "type": "Point", "coordinates": [ 121.053575381859503, 14.617372945302691 ] } },
{ "type": "Feature", "properties": { "name": null, "category": "residential", "amenity": null, "building": null, "shop": null, "landuse": "residential" }, "geometry": { "type": "Point", "coordinates": [ 121.013030574620075, 14.63022680906167 ] } },
{ "type": "Feature", "properties": { "name": "Citiplaza 3 Complex", "category": "residential", "amenity": null, "building": null, "shop": null, "landuse": "residential" }, "geometry": { "type": "Point", "coordinates": [ 121.022804246073505, 14.680558658285438 ] } },
{ "type": "Feature", "properties": { "name": "Magnolia Place", "category": "residential", "amenity": null, "building": null, "shop": null, "landuse": "residential" }, "geometry": { "type": "Point", "coordinates": [ 121.023816186005632, 14.68123871057816 ] } },
{ "type": "Feature", "properties": { "name": "Sitio San Roque", "category": "residential", "amenity": null, "building": null, "shop": null, "landuse": "residential" }, "geometry": { "type": "Point", "coordinates": [ 121.037429226040715, 14.650635643292626 ] } },
{ "type": "Feature", "properties": { "name": null, "category": "residential", "amenity": null, "building": null, "shop": null, "landuse": "residential" }, "geometry": { "type": "Point", "coordinates": [ 121.082311882062371, 14.662041143678703 ] } },
{ "type": "Feature", "properties": { "name": "Milton Hills", "category": "residential", "amenity": null, "building": null, "shop": null, "landuse": "residential" }, "geometry": { "type": "Point", "coordinates": [ 121.060129130302187, 14.663882203331106 ] } },
{ "type": "Feature", "properties": { "name": null, "category": "residential", "amenity": null, "building": null, "shop": null, "landuse": "residential" }, "geometry": { "type": "Point", "coordinates": [ 121.012035589045254, 14.608149546422972 ] } },
{ "type": "Feature", "properties": { "name": null, "category": "residential", "amenity": null, "building": null, "shop": null, "landuse": "residential" }, "geometry": { "type": "Point", "coordinates": [ 121.023679198762068, 14.618850138689595 ] } },
{ "type": "Feature", "properties": { "name": "Champaign Grove", "category": "residential", "amenity": null, "building": null, "shop": null, "landuse": "residential" }, "geometry": { "type": "Point", "coordinates": [ 121.023863291851882, 14.618558667920098 ] } },
{ "type": "Feature", "properties": { "name": null, "category": "residential", "amenity": null, "building": null, "shop": null, "landuse": "residential" }, "geometry": { "type": "Point", "coordinates": [ 121.025237650455594, 14.618378768057369 ] } },
{ "type": "Feature", "properties": { "name": "Chateau Victoria", "category": "residential", "amenity": null, "building": null, "shop": null, "landuse": "residential" }, "geometry": { "type": "Point", "coordinates": [ 121.025602038243008, 14.618586832950475 ] } },
{ "type": "Feature", "properties": { "name": "Trans-american Townhouses", "category": "residential", "amenity": null, "building": null, "shop": null, "landuse": "residential" }, "geometry": { "type": "Point", "coordinates": [ 121.020688753994946, 14.619987722066142 ] } },
{ "type": "Feature", "properties": { "name": null, "category": "residential", "amenity": null, "building": null, "shop": null, "landuse": "residential" }, "geometry": { "type": "Point", "coordinates": [ 121.024403724467092, 14.626183519590452 ] } },
{ "type": "Feature", "properties": { "name": "Talayan Riverside", "category": "residential", "amenity": null, "building": null, "shop": null, "landuse": "residential" }, "geometry": { "type": "Point", "coordinates": [ 121.014849816841291, 14.631560604531343 ] } },
{ "type": "Feature", "properties": { "name": "Talayan Village", "category": "residential", "amenity": null, "building": null, "shop": null, "landuse": "residential" }, "geometry": { "type": "Point", "coordinates": [ 121.011415417739954, 14.63470798962387 ] } },
{ "type": "Feature", "properties": { "name": "Kaingin Bukid", "category": "residential", "amenity": null, "building": null, "shop": null, "landuse": "residential" }, "geometry": { "type": "Point", "coordinates": [ 121.011089652945628, 14.645935974526136 ] } },
{ "type": "Feature", "properties": { "name": "Cypress Village", "category": "residential", "amenity": null, "building": null, "shop": null, "landuse": "residential" }, "geometry": { "type": "Point", "coordinates": [ 121.009719492865557, 14.645874076749173 ] } },
{ "type": "Feature", "properties": { "name": "The Bellevue", "category": "residential", "amenity": null, "building": null, "shop": null, "landuse": "residential" }, "geometry": { "type": "Point", "coordinates": [ 121.006753924602606, 14.653340281311365 ] } },
{ "type": "Feature", "properties": { "name": "Santos C Baetiong Compound", "category": "residential", "amenity": null, "building": null, "shop": null, "landuse": "residential" }, "geometry": { "type": "Point", "coordinates": [ 121.008681395962526, 14.654307682764562 ] } },
{ "type": "Feature", "properties": { "name": "Ancieta Compound", "category": "residential", "amenity": null, "building": null, "shop": null, "landuse": "residential" }, "geometry": { "type": "Point", "coordinates": [ 121.007950911333126, 14.651786196787956 ] } },
{ "type": "Feature", "properties": { "name": "Nuvera Residences", "category": "residential", "amenity": null, "building": null, "shop": null, "landuse": "residential" }, "geometry": { "type": "Point", "coordinates": [ 121.006255506996936, 14.620671782913181 ] } },
{ "type": "Feature", "properties": { "name": null, "category": "residential", "amenity": null, "building": null, "shop": null, "landuse": "residential" }, "geometry": { "type": "Point", "coordinates": [ 121.006086716117508, 14.6205224388082 ] } },
{ "type": "Feature", "properties": { "name": "One Agno Residences", "category": "residential", "amenity": null, "building": null, "shop": null, "landuse": "residential" }, "geometry": { "type": "Point", "coordinates": [ 121.005908187315598, 14.620357783760019 ] } },
{ "type": "Feature", "properties": { "name": "Macon Classic", "category": "residential", "amenity": null, "building": null, "shop": null, "landuse": "residential" }, "geometry": { "type": "Point", "coordinates": [ 121.003546918304949, 14.62621738869503 ] } },
{ "type": "Feature", "properties": { "name": "Laon Laan Executive Homes", "category": "residential", "amenity": null, "building": null, "shop": null, "landuse": "residential" }, "geometry": { "type": "Point", "coordinates": [ 121.003322614286674, 14.626016010775201 ] } },
{ "type": "Feature", "properties": { "name": "The Serenade Dapitan", "category": "residential", "amenity": null, "building": null, "shop": null, "landuse": "residential" }, "geometry": { "type": "Point", "coordinates": [ 121.003829448158044, 14.624872563838705 ] } },
{ "type": "Feature", "properties": { "name": "S. H. Residences", "category": "residential", "amenity": null, "building": null, "shop": null, "landuse": "residential" }, "geometry": { "type": "Point", "coordinates": [ 121.00401893347501, 14.625043549470401 ] } },
{ "type": "Feature", "properties": { "name": null, "category": "residential", "amenity": null, "building": null, "shop": null, "landuse": "residential" }, "geometry": { "type": "Point", "coordinates": [ 121.003649716249896, 14.625424751161468 ] } },
{ "type": "Feature", "properties": { "name": null, "category": "residential", "amenity": null, "building": null, "shop": null, "landuse": "residential" }, "geometry": { "type": "Point", "coordinates": [ 121.004778278747295, 14.625731600335067 ] } },
{ "type": "Feature", "properties": { "name": "Angelica Heights", "category": "residential", "amenity": null, "building": null, "shop": null, "landuse": "residential" }, "geometry": { "type": "Point", "coordinates": [ 121.005215746879983, 14.625220524281634 ] } },
{ "type": "Feature", "properties": { "name": "Banawe Executive Homes", "category": "residential", "amenity": null, "building": null, "shop": null, "landuse": "residential" }, "geometry": { "type": "Point", "coordinates": [ 121.005471401602776, 14.625453187618978 ] } },
{ "type": "Feature", "properties": { "name": "Dapitan Gardens", "category": "residential", "amenity": null, "building": null, "shop": null, "landuse": "residential" }, "geometry": { "type": "Point", "coordinates": [ 121.006060781253922, 14.626894410914494 ] } },
{ "type": "Feature", "properties": { "name": "8 Residence", "category": "residential", "amenity": null, "building": null, "shop": null, "landuse": "residential" }, "geometry": { "type": "Point", "coordinates": [ 121.005685878179506, 14.626556077398265 ] } },
{ "type": "Feature", "properties": { "name": "Manresa Gardens", "category": "residential", "amenity": null, "building": null, "shop": null, "landuse": "residential" }, "geometry": { "type": "Point", "coordinates": [ 121.002098019095826, 14.640250025132014 ] } },
{ "type": "Feature", "properties": { "name": "Marvex Legacy Homes", "category": "residential", "amenity": null, "building": null, "shop": null, "landuse": "residential" }, "geometry": { "type": "Point", "coordinates": [ 120.999649705610224, 14.64938339073406 ] } },
{ "type": "Feature", "properties": { "name": "Montville Place", "category": "residential", "amenity": null, "building": null, "shop": null, "landuse": "residential" }, "geometry": { "type": "Point", "coordinates": [ 120.999111826087884, 14.648912485618803 ] } },
{ "type": "Feature", "properties": { "name": "Sitio Militar", "category": "residential", "amenity": null, "building": null, "shop": null, "landuse": "residential" }, "geometry": { "type": "Point", "coordinates": [ 121.016323509595793, 14.662554944472623 ] } },
{ "type": "Feature", "properties": { "name": "Pugad Lawin Villas", "category": "residential", "amenity": null, "building": null, "shop": null, "landuse": "residential" }, "geometry": { "type": "Point", "coordinates": [ 121.017821521230104, 14.662984660545376 ] } },
{ "type": "Feature", "properties": { "name": "Northpoint Townhomes", "category": "residential", "amenity": null, "building": null, "shop": null, "landuse": "residential" }, "geometry": { "type": "Point", "coordinates": [ 121.016415544792537, 14.661041091286233 ] } },
{ "type": "Feature", "properties": { "name": "Diosa Village", "category": "residential", "amenity": null, "building": null, "shop": null, "landuse": "residential" }, "geometry": { "type": "Point", "coordinates": [ 121.027864405742903, 14.673799675296397 ] } },
{ "type": "Feature", "properties": { "name": "Victoria Village", "category": "residential", "amenity": null, "building": null, "shop": null, "landuse": "residential" }, "geometry": { "type": "Point", "coordinates": [ 121.02698399743943, 14.673833030209641 ] } },
{ "type": "Feature", "properties": { "name": "GSIS Village Area B", "category": "residential", "amenity": null, "building": null, "shop": null, "landuse": "residential" }, "geometry": { "type": "Point", "coordinates": [ 121.027536418026216, 14.672096597250999 ] } },
{ "type": "Feature", "properties": { "name": "Churchill Mansions", "category": "residential", "amenity": null, "building": null, "shop": null, "landuse": "residential" }, "geometry": { "type": "Point", "coordinates": [ 121.029855899397674, 14.667220132682081 ] } },
{ "type": "Feature", "properties": { "name": "Town & Country Gardenville", "category": "residential", "amenity": null, "building": null, "shop": null, "landuse": "residential" }, "geometry": { "type": "Point", "coordinates": [ 121.031943334244389, 14.667905562272535 ] } },
{ "type": "Feature", "properties": { "name": "Elegant Homes", "category": "residential", "amenity": null, "building": null, "shop": null, "landuse": "residential" }, "geometry": { "type": "Point", "coordinates": [ 121.031813776738147, 14.669456343830912 ] } },
{ "type": "Feature", "properties": { "name": "Ofelia Village", "category": "residential", "amenity": null, "building": null, "shop": null, "landuse": "residential" }, "geometry": { "type": "Point", "coordinates": [ 121.031101626967583, 14.67104976315836 ] } },
{ "type": "Feature", "properties": { "name": "Verde Royale", "category": "residential", "amenity": null, "building": null, "shop": null, "landuse": "residential" }, "geometry": { "type": "Point", "coordinates": [ 121.034502948811138, 14.671852313666282 ] } },
{ "type": "Feature", "properties": { "name": "Goldkey Mansions", "category": "residential", "amenity": null, "building": null, "shop": null, "landuse": "residential" }, "geometry": { "type": "Point", "coordinates": [ 121.033469990747548, 14.672125740979203 ] } },
{ "type": "Feature", "properties": { "name": "Happy Homes Village", "category": "residential", "amenity": null, "building": null, "shop": null, "landuse": "residential" }, "geometry": { "type": "Point", "coordinates": [ 121.033878595973903, 14.672703700396545 ] } },
{ "type": "Feature", "properties": { "name": "Mely Subdivision", "category": "residential", "amenity": null, "building": null, "shop": null, "landuse": "residential" }, "geometry": { "type": "Point", "coordinates": [ 121.033464662710102, 14.670225962285597 ] } },
{ "type": "Feature", "properties": { "name": "Troy Compound 2", "category": "residential", "amenity": null, "building": null, "shop": null, "landuse": "residential" }, "geometry": { "type": "Point", "coordinates": [ 121.033618293637616, 14.669666299541255 ] } },
{ "type": "Feature", "properties": { "name": "Saint Dominic", "category": "residential", "amenity": null, "building": null, "shop": null, "landuse": "residential" }, "geometry": { "type": "Point", "coordinates": [ 121.035032734893065, 14.670552421178689 ] } },
{ "type": "Feature", "properties": { "name": "Saint Dominic Subdivision 1", "category": "residential", "amenity": null, "building": null, "shop": null, "landuse": "residential" }, "geometry": { "type": "Point", "coordinates": [ 121.034325459300774, 14.669028852208704 ] } },
{ "type": "Feature", "properties": { "name": "Krause Ignacio Town & Country Village Ⅱ", "category": "residential", "amenity": null, "building": null, "shop": null, "landuse": "residential" }, "geometry": { "type": "Point", "coordinates": [ 121.031101213865867, 14.664651566249484 ] } },
{ "type": "Feature", "properties": { "name": "Citiville Executive Village", "category": "residential", "amenity": null, "building": null, "shop": null, "landuse": "residential" }, "geometry": { "type": "Point", "coordinates": [ 121.030532973840877, 14.664794097122479 ] } },
{ "type": "Feature", "properties": { "name": null, "category": "residential", "amenity": null, "building": null, "shop": null, "landuse": "residential" }, "geometry": { "type": "Point", "coordinates": [ 121.029614169548424, 14.663519018922411 ] } },
{ "type": "Feature", "properties": { "name": "Congressional Village Ⅲ", "category": "residential", "amenity": null, "building": null, "shop": null, "landuse": "residential" }, "geometry": { "type": "Point", "coordinates": [ 121.028724921161384, 14.664180873655372 ] } },
{ "type": "Feature", "properties": { "name": "Toro Hills", "category": "residential", "amenity": null, "building": null, "shop": null, "landuse": "residential" }, "geometry": { "type": "Point", "coordinates": [ 121.025359427976326, 14.663473856128133 ] } },
{ "type": "Feature", "properties": { "name": "Bagong Lipunan Pagasa Condominium", "category": "residential", "amenity": null, "building": null, "shop": null, "landuse": "residential" }, "geometry": { "type": "Point", "coordinates": [ 121.032211039505455, 14.658775099688706 ] } },
{ "type": "Feature", "properties": { "name": "Fern at Grass Residences", "category": "residential", "amenity": null, "building": null, "shop": null, "landuse": "residential" }, "geometry": { "type": "Point", "coordinates": [ 121.027884272629848, 14.658992095754483 ] } },
{ "type": "Feature", "properties": { "name": "Grass Residences", "category": "residential", "amenity": null, "building": null, "shop": null, "landuse": "residential" }, "geometry": { "type": "Point", "coordinates": [ 121.028079128575186, 14.659809719805521 ] } },
{ "type": "Feature", "properties": { "name": null, "category": "residential", "amenity": null, "building": null, "shop": null, "landuse": "residential" }, "geometry": { "type": "Point", "coordinates": [ 121.012836676506979, 14.668296590628387 ] } },
{ "type": "Feature", "properties": { "name": null, "category": "residential", "amenity": null, "building": null, "shop": null, "landuse": "residential" }, "geometry": { "type": "Point", "coordinates": [ 121.013072385604076, 14.667730214442303 ] } },
{ "type": "Feature", "properties": { "name": "Remerville", "category": "residential", "amenity": null, "building": null, "shop": null, "landuse": "residential" }, "geometry": { "type": "Point", "coordinates": [ 121.016216249773919, 14.667616091440232 ] } },
{ "type": "Feature", "properties": { "name": "Dominga Village", "category": "residential", "amenity": null, "building": null, "shop": null, "landuse": "residential" }, "geometry": { "type": "Point", "coordinates": [ 121.014656074089004, 14.668069968622842 ] } },
{ "type": "Feature", "properties": { "name": "Rising Sun Village Ⅱ", "category": "residential", "amenity": null, "building": null, "shop": null, "landuse": "residential" }, "geometry": { "type": "Point", "coordinates": [ 121.013794259669439, 14.66727287594647 ] } },
{ "type": "Feature", "properties": { "name": null, "category": "residential", "amenity": null, "building": null, "shop": null, "landuse": "residential" }, "geometry": { "type": "Point", "coordinates": [ 121.01300196876845, 14.667312738882373 ] } },
{ "type": "Feature", "properties": { "name": "Ohanna Homes", "category": "residential", "amenity": null, "building": null, "shop": null, "landuse": "residential" }, "geometry": { "type": "Point", "coordinates": [ 121.013205966868114, 14.674336011567123 ] } },
{ "type": "Feature", "properties": { "name": "T.S. Cruz Subdivision", "category": "residential", "amenity": null, "building": null, "shop": null, "landuse": "residential" }, "geometry": { "type": "Point", "coordinates": [ 121.012780366212866, 14.675136977501788 ] } },
{ "type": "Feature", "properties": { "name": "Saint Dominic Compound", "category": "residential", "amenity": null, "building": null, "shop": null, "landuse": "residential" }, "geometry": { "type": "Point", "coordinates": [ 121.012197185523775, 14.673681427337462 ] } },
{ "type": "Feature", "properties": { "name": "Pascual Subdivision", "category": "residential", "amenity": null, "building": null, "shop": null, "landuse": "residential" }, "geometry": { "type": "Point", "coordinates": [ 121.00932483509483, 14.667680337531461 ] } },
{ "type": "Feature", "properties": { "name": "Saint Louis Compound", "category": "residential", "amenity": null, "building": null, "shop": null, "landuse": "residential" }, "geometry": { "type": "Point", "coordinates": [ 121.007891193276436, 14.671633928231984 ] } },
{ "type": "Feature", "properties": { "name": "Monaco Grand Villas", "category": "residential", "amenity": null, "building": null, "shop": null, "landuse": "residential" }, "geometry": { "type": "Point", "coordinates": [ 121.008358030963663, 14.67036600365711 ] } },
{ "type": "Feature", "properties": { "name": "Everwealth Compound", "category": "residential", "amenity": null, "building": null, "shop": null, "landuse": "residential" }, "geometry": { "type": "Point", "coordinates": [ 121.007815850235744, 14.670354205438853 ] } },
{ "type": "Feature", "properties": { "name": "Interior Rivera Compound", "category": "residential", "amenity": null, "building": null, "shop": null, "landuse": "residential" }, "geometry": { "type": "Point", "coordinates": [ 121.007355134911322, 14.671224301888394 ] } },
{ "type": "Feature", "properties": { "name": "Jordanville Homes", "category": "residential", "amenity": null, "building": null, "shop": null, "landuse": "residential" }, "geometry": { "type": "Point", "coordinates": [ 121.006985433951769, 14.670339685098945 ] } },
{ "type": "Feature", "properties": { "name": "Daropa", "category": "residential", "amenity": null, "building": null, "shop": null, "landuse": "residential" }, "geometry": { "type": "Point", "coordinates": [ 121.005481119554148, 14.668557962339184 ] } },
{ "type": "Feature", "properties": { "name": "College View Compound", "category": "residential", "amenity": null, "building": null, "shop": null, "landuse": "residential" }, "geometry": { "type": "Point", "coordinates": [ 121.00360410948241, 14.6672966533554 ] } },
{ "type": "Feature", "properties": { "name": "Vic-Mari Compound", "category": "residential", "amenity": null, "building": null, "shop": null, "landuse": "residential" }, "geometry": { "type": "Point", "coordinates": [ 121.00582845401, 14.667138087232836 ] } },
{ "type": "Feature", "properties": { "name": "Jem 5 Subdivision", "category": "residential", "amenity": null, "building": null, "shop": null, "landuse": "residential" }, "geometry": { "type": "Point", "coordinates": [ 121.01647559075937, 14.678442741984092 ] } },
{ "type": "Feature", "properties": { "name": "Galera Compound", "category": "residential", "amenity": null, "building": null, "shop": null, "landuse": "residential" }, "geometry": { "type": "Point", "coordinates": [ 121.0147325938471, 14.676845585388145 ] } },
{ "type": "Feature", "properties": { "name": "Rodriguez Subdivision", "category": "residential", "amenity": null, "building": null, "shop": null, "landuse": "residential" }, "geometry": { "type": "Point", "coordinates": [ 121.01403743923548, 14.678430500655919 ] } },
{ "type": "Feature", "properties": { "name": "The Avenue Residences", "category": "residential", "amenity": null, "building": null, "shop": null, "landuse": "residential" }, "geometry": { "type": "Point", "coordinates": [ 121.017805382300963, 14.681211081551332 ] } },
{ "type": "Feature", "properties": { "name": "Suntrust Shanata", "category": "residential", "amenity": null, "building": null, "shop": null, "landuse": "residential" }, "geometry": { "type": "Point", "coordinates": [ 121.018022343225482, 14.682277667200221 ] } },
{ "type": "Feature", "properties": { "name": "West Wing Villas", "category": "residential", "amenity": null, "building": null, "shop": null, "landuse": "residential" }, "geometry": { "type": "Point", "coordinates": [ 121.017612502541937, 14.683658655447683 ] } },
{ "type": "Feature", "properties": { "name": null, "category": "residential", "amenity": null, "building": null, "shop": null, "landuse": "residential" }, "geometry": { "type": "Point", "coordinates": [ 121.016619410569092, 14.679792010583945 ] } },
{ "type": "Feature", "properties": { "name": "Villa Grande Subdivision", "category": "residential", "amenity": null, "building": null, "shop": null, "landuse": "residential" }, "geometry": { "type": "Point", "coordinates": [ 121.015964420560721, 14.679548784836189 ] } },
{ "type": "Feature", "properties": { "name": "The Manors", "category": "residential", "amenity": null, "building": null, "shop": null, "landuse": "residential" }, "geometry": { "type": "Point", "coordinates": [ 121.017978651883098, 14.685072570888295 ] } },
{ "type": "Feature", "properties": { "name": "North Belton Communities", "category": "residential", "amenity": null, "building": null, "shop": null, "landuse": "residential" }, "geometry": { "type": "Point", "coordinates": [ 121.017852182271596, 14.68399254605565 ] } },
{ "type": "Feature", "properties": { "name": "Villilia Villa", "category": "residential", "amenity": null, "building": null, "shop": null, "landuse": "residential" }, "geometry": { "type": "Point", "coordinates": [ 121.021126184090207, 14.685655785386512 ] } },
{ "type": "Feature", "properties": { "name": "La Trinidad Village", "category": "residential", "amenity": null, "building": null, "shop": null, "landuse": "residential" }, "geometry": { "type": "Point", "coordinates": [ 121.019763953052347, 14.684705868131065 ] } },
{ "type": "Feature", "properties": { "name": "Solville", "category": "residential", "amenity": null, "building": null, "shop": null, "landuse": "residential" }, "geometry": { "type": "Point", "coordinates": [ 121.025584985931587, 14.686234579975281 ] } },
{ "type": "Feature", "properties": { "name": "Martin Village", "category": "residential", "amenity": null, "building": null, "shop": null, "landuse": "residential" }, "geometry": { "type": "Point", "coordinates": [ 121.025097600779304, 14.683297111804062 ] } },
{ "type": "Feature", "properties": { "name": "Silvina Village", "category": "residential", "amenity": null, "building": null, "shop": null, "landuse": "residential" }, "geometry": { "type": "Point", "coordinates": [ 121.027487889981117, 14.685360402600665 ] } },
{ "type": "Feature", "properties": { "name": "Cithomes Ⅴ", "category": "residential", "amenity": null, "building": null, "shop": null, "landuse": "residential" }, "geometry": { "type": "Point", "coordinates": [ 121.030031448743742, 14.68810907335803 ] } },
{ "type": "Feature", "properties": { "name": "Jemar Compound", "category": "residential", "amenity": null, "building": null, "shop": null, "landuse": "residential" }, "geometry": { "type": "Point", "coordinates": [ 121.029401716428012, 14.688207350752075 ] } },
{ "type": "Feature", "properties": { "name": "Sierra Homes", "category": "residential", "amenity": null, "building": null, "shop": null, "landuse": "residential" }, "geometry": { "type": "Point", "coordinates": [ 121.043171863183915, 14.68158626118055 ] } },
{ "type": "Feature", "properties": { "name": "Teresa ville", "category": "residential", "amenity": null, "building": null, "shop": null, "landuse": "residential" }, "geometry": { "type": "Point", "coordinates": [ 121.042727470881658, 14.681903235255769 ] } },
{ "type": "Feature", "properties": { "name": "Corazon Ville", "category": "residential", "amenity": null, "building": null, "shop": null, "landuse": "residential" }, "geometry": { "type": "Point", "coordinates": [ 121.041932187153691, 14.681706413123536 ] } },
{ "type": "Feature", "properties": { "name": "La Chesa Heights", "category": "residential", "amenity": null, "building": null, "shop": null, "landuse": "residential" }, "geometry": { "type": "Point", "coordinates": [ 121.042343936290138, 14.686042710551657 ] } },
{ "type": "Feature", "properties": { "name": "Mount Crest Executive Village", "category": "residential", "amenity": null, "building": null, "shop": null, "landuse": "residential" }, "geometry": { "type": "Point", "coordinates": [ 121.043373333261016, 14.686423048695533 ] } },
{ "type": "Feature", "properties": { "name": null, "category": "residential", "amenity": null, "building": null, "shop": null, "landuse": "residential" }, "geometry": { "type": "Point", "coordinates": [ 121.041798544286124, 14.685981743250951 ] } },
{ "type": "Feature", "properties": { "name": "Maria Luisa Homes", "category": "residential", "amenity": null, "building": null, "shop": null, "landuse": "residential" }, "geometry": { "type": "Point", "coordinates": [ 121.041416666095017, 14.685687006207422 ] } },
{ "type": "Feature", "properties": { "name": "Mat Ville", "category": "residential", "amenity": null, "building": null, "shop": null, "landuse": "residential" }, "geometry": { "type": "Point", "coordinates": [ 121.040281746052074, 14.684093123576025 ] } },
{ "type": "Feature", "properties": { "name": null, "category": "residential", "amenity": null, "building": null, "shop": null, "landuse": "residential" }, "geometry": { "type": "Point", "coordinates": [ 121.041328658497221, 14.684982859061785 ] } },
{ "type": "Feature", "properties": { "name": "San Pedro Compound", "category": "residential", "amenity": null, "building": null, "shop": null, "landuse": "residential" }, "geometry": { "type": "Point", "coordinates": [ 121.041161292317241, 14.684008949354933 ] } },
{ "type": "Feature", "properties": { "name": "Antonia Compound", "category": "residential", "amenity": null, "building": null, "shop": null, "landuse": "residential" }, "geometry": { "type": "Point", "coordinates": [ 121.040784231620833, 14.684889096395162 ] } },
{ "type": "Feature", "properties": { "name": "Santa Barbara Place", "category": "residential", "amenity": null, "building": null, "shop": null, "landuse": "residential" }, "geometry": { "type": "Point", "coordinates": [ 121.040816978554062, 14.687109958942393 ] } },
{ "type": "Feature", "properties": { "name": "Santa Barbara Royale", "category": "residential", "amenity": null, "building": null, "shop": null, "landuse": "residential" }, "geometry": { "type": "Point", "coordinates": [ 121.039157962958271, 14.688781659024308 ] } },
{ "type": "Feature", "properties": { "name": "Dionisio Royale Executive Homes", "category": "residential", "amenity": null, "building": null, "shop": null, "landuse": "residential" }, "geometry": { "type": "Point", "coordinates": [ 121.038822935472169, 14.689574385148198 ] } },
{ "type": "Feature", "properties": { "name": "Bistekville № 15 - Almanova", "category": "residential", "amenity": null, "building": null, "shop": null, "landuse": "residential" }, "geometry": { "type": "Point", "coordinates": [ 121.039615097082262, 14.689914228810439 ] } },
{ "type": "Feature", "properties": { "name": "Montville Place 1", "category": "residential", "amenity": null, "building": null, "shop": null, "landuse": "residential" }, "geometry": { "type": "Point", "coordinates": [ 121.03837948877829, 14.689938561975339 ] } },
{ "type": "Feature", "properties": { "name": "Goldkey Mansions", "category": "residential", "amenity": null, "building": null, "shop": null, "landuse": "residential" }, "geometry": { "type": "Point", "coordinates": [ 121.034862031790354, 14.688163252132776 ] } },
{ "type": "Feature", "properties": { "name": null, "category": "residential", "amenity": null, "building": null, "shop": null, "landuse": "residential" }, "geometry": { "type": "Point", "coordinates": [ 121.03523295722249, 14.688067194160379 ] } },
{ "type": "Feature", "properties": { "name": "Richland 2", "category": "residential", "amenity": null, "building": null, "shop": null, "landuse": "residential" }, "geometry": { "type": "Point", "coordinates": [ 121.035556640324373, 14.687616538127225 ] } },
{ "type": "Feature", "properties": { "name": null, "category": "residential", "amenity": null, "building": null, "shop": null, "landuse": "residential" }, "geometry": { "type": "Point", "coordinates": [ 121.035007080380538, 14.687293295432147 ] } },
{ "type": "Feature", "properties": { "name": "Apo Compound", "category": "residential", "amenity": null, "building": null, "shop": null, "landuse": "residential" }, "geometry": { "type": "Point", "coordinates": [ 121.043390671862738, 14.680783601274996 ] } },
{ "type": "Feature", "properties": { "name": "Pleasantville", "category": "residential", "amenity": null, "building": null, "shop": null, "landuse": "residential" }, "geometry": { "type": "Point", "coordinates": [ 121.026673749867442, 14.687374719174981 ] } },
{ "type": "Feature", "properties": { "name": "Arty", "category": "residential", "amenity": null, "building": null, "shop": null, "landuse": "residential" }, "geometry": { "type": "Point", "coordinates": [ 121.028715470074516, 14.688298773922803 ] } },
{ "type": "Feature", "properties": { "name": null, "category": "residential", "amenity": null, "building": null, "shop": null, "landuse": "residential" }, "geometry": { "type": "Point", "coordinates": [ 121.026278723773856, 14.691148351441891 ] } },
{ "type": "Feature", "properties": { "name": "Saint Dominic 9", "category": "residential", "amenity": null, "building": null, "shop": null, "landuse": "residential" }, "geometry": { "type": "Point", "coordinates": [ 121.025784685913919, 14.690233435924698 ] } },
{ "type": "Feature", "properties": { "name": null, "category": "residential", "amenity": null, "building": null, "shop": null, "landuse": "residential" }, "geometry": { "type": "Point", "coordinates": [ 121.022050078881691, 14.6899273846988 ] } },
{ "type": "Feature", "properties": { "name": null, "category": "residential", "amenity": null, "building": null, "shop": null, "landuse": "residential" }, "geometry": { "type": "Point", "coordinates": [ 121.022452262506675, 14.689092503459904 ] } },
{ "type": "Feature", "properties": { "name": "Del-nacia Ville 3", "category": "residential", "amenity": null, "building": null, "shop": null, "landuse": "residential" }, "geometry": { "type": "Point", "coordinates": [ 121.024186190560584, 14.690491702276706 ] } },
{ "type": "Feature", "properties": { "name": "Kingspoint Grand Villas", "category": "residential", "amenity": null, "building": null, "shop": null, "landuse": "residential" }, "geometry": { "type": "Point", "coordinates": [ 121.024736677279677, 14.694869902485685 ] } },
{ "type": "Feature", "properties": { "name": "Goodwill Homes 2", "category": "residential", "amenity": null, "building": null, "shop": null, "landuse": "residential" }, "geometry": { "type": "Point", "coordinates": [ 121.029675214835038, 14.695245501922615 ] } },
{ "type": "Feature", "properties": { "name": "GoldHills Villas", "category": "residential", "amenity": null, "building": null, "shop": null, "landuse": "residential" }, "geometry": { "type": "Point", "coordinates": [ 121.030182139366289, 14.694687168045107 ] } },
{ "type": "Feature", "properties": { "name": "Goldhill Homes", "category": "residential", "amenity": null, "building": null, "shop": null, "landuse": "residential" }, "geometry": { "type": "Point", "coordinates": [ 121.030485230575451, 14.694819841775635 ] } },
{ "type": "Feature", "properties": { "name": "Blas Roque Subdivision", "category": "residential", "amenity": null, "building": null, "shop": null, "landuse": "residential" }, "geometry": { "type": "Point", "coordinates": [ 121.029795748862469, 14.694446955407262 ] } },
{ "type": "Feature", "properties": { "name": null, "category": "residential", "amenity": null, "building": null, "shop": null, "landuse": "residential" }, "geometry": { "type": "Point", "coordinates": [ 121.029037266930146, 14.694390474341469 ] } },
{ "type": "Feature", "properties": { "name": "Abalos Compound", "category": "residential", "amenity": null, "building": null, "shop": null, "landuse": "residential" }, "geometry": { "type": "Point", "coordinates": [ 121.034718959265319, 14.69529575986931 ] } },
{ "type": "Feature", "properties": { "name": "Saint Michael Homes", "category": "residential", "amenity": null, "building": null, "shop": null, "landuse": "residential" }, "geometry": { "type": "Point", "coordinates": [ 121.035167858497516, 14.695438551789744 ] } },
{ "type": "Feature", "properties": { "name": "Princess Homes Subdivision", "category": "residential", "amenity": null, "building": null, "shop": null, "landuse": "residential" }, "geometry": { "type": "Point", "coordinates": [ 121.038271487555093, 14.694695149450469 ] } },
{ "type": "Feature", "properties": { "name": "Remarville", "category": "residential", "amenity": null, "building": null, "shop": null, "landuse": "residential" }, "geometry": { "type": "Point", "coordinates": [ 121.039438636209582, 14.696203582883108 ] } },
{ "type": "Feature", "properties": { "name": "CFC International Restoration Village", "category": "residential", "amenity": null, "building": null, "shop": null, "landuse": "residential" }, "geometry": { "type": "Point", "coordinates": [ 121.041496792261327, 14.696378499678154 ] } },
{ "type": "Feature", "properties": { "name": null, "category": "residential", "amenity": null, "building": null, "shop": null, "landuse": "residential" }, "geometry": { "type": "Point", "coordinates": [ 121.041023989850444, 14.696624045927958 ] } },
{ "type": "Feature", "properties": { "name": null, "category": "residential", "amenity": null, "building": null, "shop": null, "landuse": "residential" }, "geometry": { "type": "Point", "coordinates": [ 121.037403171102, 14.697218225620384 ] } },
{ "type": "Feature", "properties": { "name": null, "category": "residential", "amenity": null, "building": null, "shop": null, "landuse": "residential" }, "geometry": { "type": "Point", "coordinates": [ 121.04259239000595, 14.698203840387581 ] } },
{ "type": "Feature", "properties": { "name": "Rockville 2", "category": "residential", "amenity": null, "building": null, "shop": null, "landuse": "residential" }, "geometry": { "type": "Point", "coordinates": [ 121.042845868631517, 14.699464839410465 ] } },
{ "type": "Feature", "properties": { "name": "Ibayo 2", "category": "residential", "amenity": null, "building": null, "shop": null, "landuse": "residential" }, "geometry": { "type": "Point", "coordinates": [ 121.032410643396943, 14.693154755281594 ] } },
{ "type": "Feature", "properties": { "name": null, "category": "residential", "amenity": null, "building": null, "shop": null, "landuse": "residential" }, "geometry": { "type": "Point", "coordinates": [ 121.036651634396563, 14.693386717406522 ] } },
{ "type": "Feature", "properties": { "name": "Bernarty Subdivision", "category": "residential", "amenity": null, "building": null, "shop": null, "landuse": "residential" }, "geometry": { "type": "Point", "coordinates": [ 121.035042853370371, 14.694395948871762 ] } },
{ "type": "Feature", "properties": { "name": "Summerville", "category": "residential", "amenity": null, "building": null, "shop": null, "landuse": "residential" }, "geometry": { "type": "Point", "coordinates": [ 121.041468065583686, 14.694311454239752 ] } },
{ "type": "Feature", "properties": { "name": "San Angelo Subdivision", "category": "residential", "amenity": null, "building": null, "shop": null, "landuse": "residential" }, "geometry": { "type": "Point", "coordinates": [ 121.036840265886582, 14.692706401442127 ] } },
{ "type": "Feature", "properties": { "name": "Spazio Bernardo", "category": "residential", "amenity": null, "building": null, "shop": null, "landuse": "residential" }, "geometry": { "type": "Point", "coordinates": [ 121.032097355296358, 14.690398845546138 ] } },
{ "type": "Feature", "properties": { "name": null, "category": "residential", "amenity": null, "building": null, "shop": null, "landuse": "residential" }, "geometry": { "type": "Point", "coordinates": [ 121.031889728414626, 14.689762412680793 ] } },
{ "type": "Feature", "properties": { "name": "Santo Niño Village", "category": "residential", "amenity": null, "building": null, "shop": null, "landuse": "residential" }, "geometry": { "type": "Point", "coordinates": [ 121.030594794878823, 14.690244391681041 ] } },
{ "type": "Feature", "properties": { "name": "Goodwill Townhomes Ⅰ", "category": "residential", "amenity": null, "building": null, "shop": null, "landuse": "residential" }, "geometry": { "type": "Point", "coordinates": [ 121.028985057161293, 14.696231964964152 ] } },
{ "type": "Feature", "properties": { "name": "Alipio Compound", "category": "residential", "amenity": null, "building": null, "shop": null, "landuse": "residential" }, "geometry": { "type": "Point", "coordinates": [ 121.027474455572232, 14.700081911499137 ] } },
{ "type": "Feature", "properties": { "name": "Goodwill Townhomes Ⅱ", "category": "residential", "amenity": null, "building": null, "shop": null, "landuse": "residential" }, "geometry": { "type": "Point", "coordinates": [ 121.027007384399653, 14.697764515713089 ] } },
{ "type": "Feature", "properties": { "name": null, "category": "residential", "amenity": null, "building": null, "shop": null, "landuse": "residential" }, "geometry": { "type": "Point", "coordinates": [ 121.023941747744203, 14.697611529641422 ] } },
{ "type": "Feature", "properties": { "name": "16 Residences", "category": "residential", "amenity": null, "building": null, "shop": null, "landuse": "residential" }, "geometry": { "type": "Point", "coordinates": [ 121.023257093772528, 14.697743207378805 ] } },
{ "type": "Feature", "properties": { "name": null, "category": "residential", "amenity": null, "building": null, "shop": null, "landuse": "residential" }, "geometry": { "type": "Point", "coordinates": [ 121.023446832579822, 14.695881822097391 ] } },
{ "type": "Feature", "properties": { "name": "El Pueblo", "category": "residential", "amenity": null, "building": null, "shop": null, "landuse": "residential" }, "geometry": { "type": "Point", "coordinates": [ 121.022463216150754, 14.699406200467916 ] } },
{ "type": "Feature", "properties": { "name": null, "category": "residential", "amenity": null, "building": null, "shop": null, "landuse": "residential" }, "geometry": { "type": "Point", "coordinates": [ 121.021902632530484, 14.698506320753422 ] } },
{ "type": "Feature", "properties": { "name": null, "category": "residential", "amenity": null, "building": null, "shop": null, "landuse": "residential" }, "geometry": { "type": "Point", "coordinates": [ 121.021134123678706, 14.698544387469555 ] } },
{ "type": "Feature", "properties": { "name": "Bistekville 8", "category": "residential", "amenity": null, "building": null, "shop": null, "landuse": "residential" }, "geometry": { "type": "Point", "coordinates": [ 121.02132735164092, 14.699195366690445 ] } },
{ "type": "Feature", "properties": { "name": "Grand Monaco Homes 2", "category": "residential", "amenity": null, "building": null, "shop": null, "landuse": "residential" }, "geometry": { "type": "Point", "coordinates": [ 121.019761832808342, 14.701221513559172 ] } },
{ "type": "Feature", "properties": { "name": "Enclave at Kingspoint", "category": "residential", "amenity": null, "building": null, "shop": null, "landuse": "residential" }, "geometry": { "type": "Point", "coordinates": [ 121.020220284071527, 14.701047480080389 ] } },
{ "type": "Feature", "properties": { "name": "Oro Compound", "category": "residential", "amenity": null, "building": null, "shop": null, "landuse": "residential" }, "geometry": { "type": "Point", "coordinates": [ 121.019738874458383, 14.699587996465095 ] } },
{ "type": "Feature", "properties": { "name": "San Pedro Ⅸ", "category": "residential", "amenity": null, "building": null, "shop": null, "landuse": "residential" }, "geometry": { "type": "Point", "coordinates": [ 121.018767416263231, 14.70191584919605 ] } },
{ "type": "Feature", "properties": { "name": null, "category": "residential", "amenity": null, "building": null, "shop": null, "landuse": "residential" }, "geometry": { "type": "Point", "coordinates": [ 121.018057124815783, 14.709402604133308 ] } },
{ "type": "Feature", "properties": { "name": "Dream Home", "category": "residential", "amenity": null, "building": null, "shop": null, "landuse": "residential" }, "geometry": { "type": "Point", "coordinates": [ 121.018403833815839, 14.709482896414546 ] } },
{ "type": "Feature", "properties": { "name": null, "category": "residential", "amenity": null, "building": null, "shop": null, "landuse": "residential" }, "geometry": { "type": "Point", "coordinates": [ 121.019783227826522, 14.708519110346549 ] } },
{ "type": "Feature", "properties": { "name": "Goodwill Homes I", "category": "residential", "amenity": null, "building": null, "shop": null, "landuse": "residential" }, "geometry": { "type": "Point", "coordinates": [ 121.019758635757228, 14.705811377725325 ] } },
{ "type": "Feature", "properties": { "name": "Angela-Blas Ramirez", "category": "residential", "amenity": null, "building": null, "shop": null, "landuse": "residential" }, "geometry": { "type": "Point", "coordinates": [ 121.023830317047597, 14.706683231484986 ] } },
{ "type": "Feature", "properties": { "name": "CitiHomes 1", "category": "residential", "amenity": null, "building": null, "shop": null, "landuse": "residential" }, "geometry": { "type": "Point", "coordinates": [ 121.025504147467771, 14.70581499988354 ] } },
{ "type": "Feature", "properties": { "name": "North Point", "category": "residential", "amenity": null, "building": null, "shop": null, "landuse": "residential" }, "geometry": { "type": "Point", "coordinates": [ 121.030536866561832, 14.707500022738007 ] } },
{ "type": "Feature", "properties": { "name": "Ramos Compound", "category": "residential", "amenity": null, "building": null, "shop": null, "landuse": "residential" }, "geometry": { "type": "Point", "coordinates": [ 121.02881722735512, 14.706216233178626 ] } },
{ "type": "Feature", "properties": { "name": "Green Heights", "category": "residential", "amenity": null, "building": null, "shop": null, "landuse": "residential" }, "geometry": { "type": "Point", "coordinates": [ 121.031849398882358, 14.705186994473532 ] } },
{ "type": "Feature", "properties": { "name": null, "category": "residential", "amenity": null, "building": null, "shop": null, "landuse": "residential" }, "geometry": { "type": "Point", "coordinates": [ 121.041301673511214, 14.699603945732349 ] } },
{ "type": "Feature", "properties": { "name": "Nomar 2", "category": "residential", "amenity": null, "building": null, "shop": null, "landuse": "residential" }, "geometry": { "type": "Point", "coordinates": [ 121.041836943901245, 14.700903891528313 ] } },
{ "type": "Feature", "properties": { "name": "Montville Place", "category": "residential", "amenity": null, "building": null, "shop": null, "landuse": "residential" }, "geometry": { "type": "Point", "coordinates": [ 121.041999557675851, 14.691605915824995 ] } },
{ "type": "Feature", "properties": { "name": "Del Nacia Ville Ⅳ", "category": "residential", "amenity": null, "building": null, "shop": null, "landuse": "residential" }, "geometry": { "type": "Point", "coordinates": [ 121.043306079631591, 14.690546620587398 ] } },
{ "type": "Feature", "properties": { "name": "Central Sauyo", "category": "residential", "amenity": null, "building": null, "shop": null, "landuse": "residential" }, "geometry": { "type": "Point", "coordinates": [ 121.042865461062348, 14.693360549864012 ] } },
{ "type": "Feature", "properties": { "name": "Mabuhay", "category": "residential", "amenity": null, "building": null, "shop": null, "landuse": "residential" }, "geometry": { "type": "Point", "coordinates": [ 121.045053421104654, 14.693363978755523 ] } },
{ "type": "Feature", "properties": { "name": "Upper Banlat", "category": "residential", "amenity": null, "building": null, "shop": null, "landuse": "residential" }, "geometry": { "type": "Point", "coordinates": [ 121.043837041094122, 14.687054487886387 ] } },
{ "type": "Feature", "properties": { "name": null, "category": "residential", "amenity": null, "building": null, "shop": null, "landuse": "residential" }, "geometry": { "type": "Point", "coordinates": [ 121.043796613947151, 14.687773590304849 ] } },
{ "type": "Feature", "properties": { "name": "Neil", "category": "residential", "amenity": null, "building": null, "shop": null, "landuse": "residential" }, "geometry": { "type": "Point", "coordinates": [ 121.042726753486576, 14.688136417244209 ] } },
{ "type": "Feature", "properties": { "name": "San Pedro 6 Compound", "category": "residential", "amenity": null, "building": null, "shop": null, "landuse": "residential" }, "geometry": { "type": "Point", "coordinates": [ 121.045117507384305, 14.688020555596385 ] } },
{ "type": "Feature", "properties": { "name": null, "category": "residential", "amenity": null, "building": null, "shop": null, "landuse": "residential" }, "geometry": { "type": "Point", "coordinates": [ 121.041140351626183, 14.689075790111055 ] } },
{ "type": "Feature", "properties": { "name": "Napocor Village", "category": "residential", "amenity": null, "building": null, "shop": null, "landuse": "residential" }, "geometry": { "type": "Point", "coordinates": [ 121.04787828956043, 14.687789628253071 ] } },
{ "type": "Feature", "properties": { "name": null, "category": "residential", "amenity": null, "building": null, "shop": null, "landuse": "residential" }, "geometry": { "type": "Point", "coordinates": [ 121.043024203579847, 14.687291573267784 ] } },
{ "type": "Feature", "properties": { "name": "G. K. Tabora", "category": "residential", "amenity": null, "building": null, "shop": null, "landuse": "residential" }, "geometry": { "type": "Point", "coordinates": [ 121.044382207090848, 14.683954899644251 ] } },
{ "type": "Feature", "properties": { "name": "Shrine Village", "category": "residential", "amenity": null, "building": null, "shop": null, "landuse": "residential" }, "geometry": { "type": "Point", "coordinates": [ 121.044260494290668, 14.683704489416403 ] } },
{ "type": "Feature", "properties": { "name": "San Pedro 10", "category": "residential", "amenity": null, "building": null, "shop": null, "landuse": "residential" }, "geometry": { "type": "Point", "coordinates": [ 121.046763796290207, 14.682911511146491 ] } },
{ "type": "Feature", "properties": { "name": "San Pedro Compound 5", "category": "residential", "amenity": null, "building": null, "shop": null, "landuse": "residential" }, "geometry": { "type": "Point", "coordinates": [ 121.048362796618179, 14.684623948293456 ] } },
{ "type": "Feature", "properties": { "name": "Sherwood Heights", "category": "residential", "amenity": null, "building": null, "shop": null, "landuse": "residential" }, "geometry": { "type": "Point", "coordinates": [ 121.048510947297871, 14.682548037226521 ] } },
{ "type": "Feature", "properties": { "name": "Marcel Village", "category": "residential", "amenity": null, "building": null, "shop": null, "landuse": "residential" }, "geometry": { "type": "Point", "coordinates": [ 121.048267386546371, 14.681360279949594 ] } },
{ "type": "Feature", "properties": { "name": null, "category": "residential", "amenity": null, "building": null, "shop": null, "landuse": "residential" }, "geometry": { "type": "Point", "coordinates": [ 121.049255244532191, 14.683002108678329 ] } },
{ "type": "Feature", "properties": { "name": null, "category": "residential", "amenity": null, "building": null, "shop": null, "landuse": "residential" }, "geometry": { "type": "Point", "coordinates": [ 121.05062890503001, 14.683538444029626 ] } },
{ "type": "Feature", "properties": { "name": "Pantranco Compound", "category": "residential", "amenity": null, "building": null, "shop": null, "landuse": "residential" }, "geometry": { "type": "Point", "coordinates": [ 121.050054121315583, 14.683936244712635 ] } },
{ "type": "Feature", "properties": { "name": "Roque Compound 2", "category": "residential", "amenity": null, "building": null, "shop": null, "landuse": "residential" }, "geometry": { "type": "Point", "coordinates": [ 121.049486270518187, 14.685553920273641 ] } },
{ "type": "Feature", "properties": { "name": "NIA Village", "category": "residential", "amenity": null, "building": null, "shop": null, "landuse": "residential" }, "geometry": { "type": "Point", "coordinates": [ 121.048924452739328, 14.691468945207678 ] } },
{ "type": "Feature", "properties": { "name": "Zytek Riosa", "category": "residential", "amenity": null, "building": null, "shop": null, "landuse": "residential" }, "geometry": { "type": "Point", "coordinates": [ 121.051608250651427, 14.687337448859294 ] } },
{ "type": "Feature", "properties": { "name": "Ramos Compound", "category": "residential", "amenity": null, "building": null, "shop": null, "landuse": "residential" }, "geometry": { "type": "Point", "coordinates": [ 121.053146745459244, 14.690121277313766 ] } },
{ "type": "Feature", "properties": { "name": "Dela Cruz Compound", "category": "residential", "amenity": null, "building": null, "shop": null, "landuse": "residential" }, "geometry": { "type": "Point", "coordinates": [ 121.051899019207113, 14.689847788983949 ] } },
{ "type": "Feature", "properties": { "name": "Greenview Subdivision Phase III", "category": "residential", "amenity": null, "building": null, "shop": null, "landuse": "residential" }, "geometry": { "type": "Point", "coordinates": [ 121.054183927736815, 14.691656986274538 ] } },
{ "type": "Feature", "properties": { "name": "Fern Village", "category": "residential", "amenity": null, "building": null, "shop": null, "landuse": "residential" }, "geometry": { "type": "Point", "coordinates": [ 121.059164894864566, 14.68520221939186 ] } },
{ "type": "Feature", "properties": { "name": "SRCC Magic Circle Housing", "category": "residential", "amenity": null, "building": null, "shop": null, "landuse": "residential" }, "geometry": { "type": "Point", "coordinates": [ 121.05646904046921, 14.684531865006493 ] } },
{ "type": "Feature", "properties": { "name": "Espiritu Compound", "category": "residential", "amenity": null, "building": null, "shop": null, "landuse": "residential" }, "geometry": { "type": "Point", "coordinates": [ 121.057472803603332, 14.686445825274598 ] } },
{ "type": "Feature", "properties": { "name": "Marcos Compound", "category": "residential", "amenity": null, "building": null, "shop": null, "landuse": "residential" }, "geometry": { "type": "Point", "coordinates": [ 121.05798035188846, 14.683564053367656 ] } },
{ "type": "Feature", "properties": { "name": null, "category": "residential", "amenity": null, "building": null, "shop": null, "landuse": "residential" }, "geometry": { "type": "Point", "coordinates": [ 121.054835800338026, 14.690036270711657 ] } },
{ "type": "Feature", "properties": { "name": "Valeriana Compound", "category": "residential", "amenity": null, "building": null, "shop": null, "landuse": "residential" }, "geometry": { "type": "Point", "coordinates": [ 121.052619286517441, 14.696536963461522 ] } },
{ "type": "Feature", "properties": { "name": "Greenview Executive Village", "category": "residential", "amenity": null, "building": null, "shop": null, "landuse": "residential" }, "geometry": { "type": "Point", "coordinates": [ 121.055515139614627, 14.696899135807222 ] } },
{ "type": "Feature", "properties": { "name": "Saturnina Compound", "category": "residential", "amenity": null, "building": null, "shop": null, "landuse": "residential" }, "geometry": { "type": "Point", "coordinates": [ 121.051712163864877, 14.696069000679355 ] } },
{ "type": "Feature", "properties": { "name": "Rolling Meadows 2", "category": "residential", "amenity": null, "building": null, "shop": null, "landuse": "residential" }, "geometry": { "type": "Point", "coordinates": [ 121.048730887906288, 14.698112844944648 ] } },
{ "type": "Feature", "properties": { "name": null, "category": "residential", "amenity": null, "building": null, "shop": null, "landuse": "residential" }, "geometry": { "type": "Point", "coordinates": [ 121.051958969318875, 14.700551681808342 ] } },
{ "type": "Feature", "properties": { "name": "Pascualier Ville", "category": "residential", "amenity": null, "building": null, "shop": null, "landuse": "residential" }, "geometry": { "type": "Point", "coordinates": [ 121.050377267074367, 14.699446175523674 ] } },
{ "type": "Feature", "properties": { "name": "Victorian Heights", "category": "residential", "amenity": null, "building": null, "shop": null, "landuse": "residential" }, "geometry": { "type": "Point", "coordinates": [ 121.055521520579504, 14.702078549697985 ] } },
{ "type": "Feature", "properties": { "name": "Saint Francis Village", "category": "residential", "amenity": null, "building": null, "shop": null, "landuse": "residential" }, "geometry": { "type": "Point", "coordinates": [ 121.048686842224726, 14.701352754199366 ] } },
{ "type": "Feature", "properties": { "name": "Kathleen Place 4", "category": "residential", "amenity": null, "building": null, "shop": null, "landuse": "residential" }, "geometry": { "type": "Point", "coordinates": [ 121.044764722022236, 14.703761125399412 ] } },
{ "type": "Feature", "properties": { "name": "Villa Hermano 4", "category": "residential", "amenity": null, "building": null, "shop": null, "landuse": "residential" }, "geometry": { "type": "Point", "coordinates": [ 121.047580367037256, 14.703047060036997 ] } },
{ "type": "Feature", "properties": { "name": "San Pedro 7", "category": "residential", "amenity": null, "building": null, "shop": null, "landuse": "residential" }, "geometry": { "type": "Point", "coordinates": [ 121.046017065766492, 14.701185059276343 ] } },
{ "type": "Feature", "properties": { "name": "Villa Gloria 2", "category": "residential", "amenity": null, "building": null, "shop": null, "landuse": "residential" }, "geometry": { "type": "Point", "coordinates": [ 121.038106610829445, 14.673313544588483 ] } },
{ "type": "Feature", "properties": { "name": "Villa Gloria", "category": "residential", "amenity": null, "building": null, "shop": null, "landuse": "residential" }, "geometry": { "type": "Point", "coordinates": [ 121.037948609848698, 14.673375635775594 ] } },
{ "type": "Feature", "properties": { "name": "Cherry Orchard Suites", "category": "residential", "amenity": null, "building": null, "shop": null, "landuse": "residential" }, "geometry": { "type": "Point", "coordinates": [ 121.038099325838331, 14.672999594349202 ] } },
{ "type": "Feature", "properties": { "name": "Villa Eufrociña", "category": "residential", "amenity": null, "building": null, "shop": null, "landuse": "residential" }, "geometry": { "type": "Point", "coordinates": [ 121.038365782263384, 14.672497338239125 ] } },
{ "type": "Feature", "properties": { "name": "Gold Krist", "category": "residential", "amenity": null, "building": null, "shop": null, "landuse": "residential" }, "geometry": { "type": "Point", "coordinates": [ 121.036761043158208, 14.679791163411064 ] } },
{ "type": "Feature", "properties": { "name": "Ejap Townhomes", "category": "residential", "amenity": null, "building": null, "shop": null, "landuse": "residential" }, "geometry": { "type": "Point", "coordinates": [ 121.036747541560061, 14.68006247653134 ] } },
{ "type": "Feature", "properties": { "name": "Saint Jude Luxury Homes", "category": "residential", "amenity": null, "building": null, "shop": null, "landuse": "residential" }, "geometry": { "type": "Point", "coordinates": [ 121.038933176763919, 14.679960284127493 ] } },
{ "type": "Feature", "properties": { "name": "Sarmiento Village", "category": "residential", "amenity": null, "building": null, "shop": null, "landuse": "residential" }, "geometry": { "type": "Point", "coordinates": [ 121.040274682406647, 14.679367983954815 ] } },
{ "type": "Feature", "properties": { "name": "Happy Homes", "category": "residential", "amenity": null, "building": null, "shop": null, "landuse": "residential" }, "geometry": { "type": "Point", "coordinates": [ 121.040169092366952, 14.680472077902365 ] } },
{ "type": "Feature", "properties": { "name": "Gloria Ⅱ", "category": "residential", "amenity": null, "building": null, "shop": null, "landuse": "residential" }, "geometry": { "type": "Point", "coordinates": [ 121.044221210302837, 14.679436333830179 ] } },
{ "type": "Feature", "properties": { "name": "Capitol Green Village", "category": "residential", "amenity": null, "building": null, "shop": null, "landuse": "residential" }, "geometry": { "type": "Point", "coordinates": [ 121.043140310308402, 14.678638937744745 ] } },
{ "type": "Feature", "properties": { "name": "Gloria 4", "category": "residential", "amenity": null, "building": null, "shop": null, "landuse": "residential" }, "geometry": { "type": "Point", "coordinates": [ 121.047371594205288, 14.677857225579594 ] } },
{ "type": "Feature", "properties": { "name": "Maplewood Estate", "category": "residential", "amenity": null, "building": null, "shop": null, "landuse": "residential" }, "geometry": { "type": "Point", "coordinates": [ 121.049017814650256, 14.678454385221766 ] } },
{ "type": "Feature", "properties": { "name": "Apo Compound", "category": "residential", "amenity": null, "building": null, "shop": null, "landuse": "residential" }, "geometry": { "type": "Point", "coordinates": [ 121.049862024441921, 14.678414324373161 ] } },
{ "type": "Feature", "properties": { "name": "Embassy Terrace Homes, Phase 2", "category": "residential", "amenity": null, "building": null, "shop": null, "landuse": "residential" }, "geometry": { "type": "Point", "coordinates": [ 121.059166049265073, 14.679605114113775 ] } },
{ "type": "Feature", "properties": { "name": "Troy Compound", "category": "residential", "amenity": null, "building": null, "shop": null, "landuse": "residential" }, "geometry": { "type": "Point", "coordinates": [ 121.044229381647128, 14.678093492026241 ] } },
{ "type": "Feature", "properties": { "name": "Violago Homes Phase 3", "category": "residential", "amenity": null, "building": null, "shop": null, "landuse": "residential" }, "geometry": { "type": "Point", "coordinates": [ 121.04457828491033, 14.674056447711742 ] } },
{ "type": "Feature", "properties": { "name": "Far East Asia Village", "category": "residential", "amenity": null, "building": null, "shop": null, "landuse": "residential" }, "geometry": { "type": "Point", "coordinates": [ 121.044174207888915, 14.673097155569202 ] } },
{ "type": "Feature", "properties": { "name": "Caras de Andalucia", "category": "residential", "amenity": null, "building": null, "shop": null, "landuse": "residential" }, "geometry": { "type": "Point", "coordinates": [ 121.044400350053095, 14.671108508928972 ] } },
{ "type": "Feature", "properties": { "name": null, "category": "residential", "amenity": null, "building": null, "shop": null, "landuse": "residential" }, "geometry": { "type": "Point", "coordinates": [ 121.046600454816996, 14.669495130290581 ] } },
{ "type": "Feature", "properties": { "name": "Viologo Homes Phase 2", "category": "residential", "amenity": null, "building": null, "shop": null, "landuse": "residential" }, "geometry": { "type": "Point", "coordinates": [ 121.045834335515153, 14.669008206383852 ] } },
{ "type": "Feature", "properties": { "name": "Imelda Compound", "category": "residential", "amenity": null, "building": null, "shop": null, "landuse": "residential" }, "geometry": { "type": "Point", "coordinates": [ 121.044488026491337, 14.666095790227988 ] } },
{ "type": "Feature", "properties": { "name": "Metro Heights", "category": "residential", "amenity": null, "building": null, "shop": null, "landuse": "residential" }, "geometry": { "type": "Point", "coordinates": [ 121.045828302739508, 14.665600530060722 ] } },
{ "type": "Feature", "properties": { "name": "K-Square Townhomes", "category": "residential", "amenity": null, "building": null, "shop": null, "landuse": "residential" }, "geometry": { "type": "Point", "coordinates": [ 121.047207940344251, 14.664681312603907 ] } },
{ "type": "Feature", "properties": { "name": "Arfel Homes", "category": "residential", "amenity": null, "building": null, "shop": null, "landuse": "residential" }, "geometry": { "type": "Point", "coordinates": [ 121.047717504547734, 14.665961736126853 ] } },
{ "type": "Feature", "properties": { "name": null, "category": "residential", "amenity": null, "building": null, "shop": null, "landuse": "residential" }, "geometry": { "type": "Point", "coordinates": [ 121.04830366378151, 14.665377891564418 ] } },
{ "type": "Feature", "properties": { "name": "Ancop Canada Homes", "category": "residential", "amenity": null, "building": null, "shop": null, "landuse": "residential" }, "geometry": { "type": "Point", "coordinates": [ 121.044025102439988, 14.665777087066582 ] } },
{ "type": "Feature", "properties": { "name": "Violago Homes Phase 1", "category": "residential", "amenity": null, "building": null, "shop": null, "landuse": "residential" }, "geometry": { "type": "Point", "coordinates": [ 121.045500177582014, 14.671812897522416 ] } },
{ "type": "Feature", "properties": { "name": null, "category": "residential", "amenity": null, "building": null, "shop": null, "landuse": "residential" }, "geometry": { "type": "Point", "coordinates": [ 121.045669029736843, 14.660378524453821 ] } },
{ "type": "Feature", "properties": { "name": "Hura Homes", "category": "residential", "amenity": null, "building": null, "shop": null, "landuse": "residential" }, "geometry": { "type": "Point", "coordinates": [ 121.04585871598276, 14.660735994844483 ] } },
{ "type": "Feature", "properties": { "name": null, "category": "residential", "amenity": null, "building": null, "shop": null, "landuse": "residential" }, "geometry": { "type": "Point", "coordinates": [ 121.049558812461484, 14.662541881759175 ] } },
{ "type": "Feature", "properties": { "name": "LIG Condo", "category": "residential", "amenity": null, "building": null, "shop": null, "landuse": "residential" }, "geometry": { "type": "Point", "coordinates": [ 121.049578252561759, 14.663369992797163 ] } },
{ "type": "Feature", "properties": { "name": "Las Villas Del Cielo", "category": "residential", "amenity": null, "building": null, "shop": null, "landuse": "residential" }, "geometry": { "type": "Point", "coordinates": [ 121.049346975870492, 14.665640705164041 ] } },
{ "type": "Feature", "properties": { "name": "Wilsonville", "category": "residential", "amenity": null, "building": null, "shop": null, "landuse": "residential" }, "geometry": { "type": "Point", "coordinates": [ 121.050652995177074, 14.664050289879281 ] } },
{ "type": "Feature", "properties": { "name": "Torres Compound", "category": "residential", "amenity": null, "building": null, "shop": null, "landuse": "residential" }, "geometry": { "type": "Point", "coordinates": [ 121.050317643417827, 14.664702425074482 ] } },
{ "type": "Feature", "properties": { "name": "Sanville", "category": "residential", "amenity": null, "building": null, "shop": null, "landuse": "residential" }, "geometry": { "type": "Point", "coordinates": [ 121.046953674197937, 14.66386436897384 ] } },
{ "type": "Feature", "properties": { "name": null, "category": "residential", "amenity": null, "building": null, "shop": null, "landuse": "residential" }, "geometry": { "type": "Point", "coordinates": [ 121.045476177618667, 14.662054665550636 ] } },
{ "type": "Feature", "properties": { "name": null, "category": "residential", "amenity": null, "building": null, "shop": null, "landuse": "residential" }, "geometry": { "type": "Point", "coordinates": [ 121.052723455555963, 14.662476659265016 ] } },
{ "type": "Feature", "properties": { "name": "Sagana Homes", "category": "residential", "amenity": null, "building": null, "shop": null, "landuse": "residential" }, "geometry": { "type": "Point", "coordinates": [ 121.052748305645508, 14.663683974982641 ] } },
{ "type": "Feature", "properties": { "name": null, "category": "residential", "amenity": null, "building": null, "shop": null, "landuse": "residential" }, "geometry": { "type": "Point", "coordinates": [ 121.051273909923083, 14.663251595342029 ] } },
{ "type": "Feature", "properties": { "name": "Q.C. Ville", "category": "residential", "amenity": null, "building": null, "shop": null, "landuse": "residential" }, "geometry": { "type": "Point", "coordinates": [ 121.051752364129939, 14.662872351092576 ] } },
{ "type": "Feature", "properties": { "name": null, "category": "residential", "amenity": null, "building": null, "shop": null, "landuse": "residential" }, "geometry": { "type": "Point", "coordinates": [ 121.05102882104535, 14.662353089941291 ] } },
{ "type": "Feature", "properties": { "name": "Sagana Condo 1", "category": "residential", "amenity": null, "building": null, "shop": null, "landuse": "residential" }, "geometry": { "type": "Point", "coordinates": [ 121.052618185264208, 14.66450089421012 ] } },
{ "type": "Feature", "properties": { "name": null, "category": "residential", "amenity": null, "building": null, "shop": null, "landuse": "residential" }, "geometry": { "type": "Point", "coordinates": [ 121.053702752887204, 14.665834730670822 ] } },
{ "type": "Feature", "properties": { "name": null, "category": "residential", "amenity": null, "building": null, "shop": null, "landuse": "residential" }, "geometry": { "type": "Point", "coordinates": [ 121.053239773718914, 14.666807793951145 ] } },
{ "type": "Feature", "properties": { "name": null, "category": "residential", "amenity": null, "building": null, "shop": null, "landuse": "residential" }, "geometry": { "type": "Point", "coordinates": [ 121.057384468576231, 14.662244017212062 ] } },
{ "type": "Feature", "properties": { "name": "Salam Mosque Compound", "category": "residential", "amenity": null, "building": null, "shop": null, "landuse": "residential" }, "geometry": { "type": "Point", "coordinates": [ 121.058510881820965, 14.665540954691417 ] } },
{ "type": "Feature", "properties": { "name": "Quarry Condo", "category": "residential", "amenity": null, "building": null, "shop": null, "landuse": "residential" }, "geometry": { "type": "Point", "coordinates": [ 121.05746676712792, 14.665883022241117 ] } },
{ "type": "Feature", "properties": { "name": "Tierra Evelina", "category": "residential", "amenity": null, "building": null, "shop": null, "landuse": "residential" }, "geometry": { "type": "Point", "coordinates": [ 121.056829733212055, 14.672203610268951 ] } },
{ "type": "Feature", "properties": { "name": "UP Professors Subdivision", "category": "residential", "amenity": null, "building": null, "shop": null, "landuse": "residential" }, "geometry": { "type": "Point", "coordinates": [ 121.053566704203106, 14.672167781578219 ] } },
{ "type": "Feature", "properties": { "name": "Tandang Sora Park Subdivision", "category": "residential", "amenity": null, "building": null, "shop": null, "landuse": "residential" }, "geometry": { "type": "Point", "coordinates": [ 121.05206044255948, 14.672942501427933 ] } },
{ "type": "Feature", "properties": { "name": null, "category": "residential", "amenity": null, "building": null, "shop": null, "landuse": "residential" }, "geometry": { "type": "Point", "coordinates": [ 121.055861075834642, 14.671918983061802 ] } },
{ "type": "Feature", "properties": { "name": "Saint Dominic Subdivision 4", "category": "residential", "amenity": null, "building": null, "shop": null, "landuse": "residential" }, "geometry": { "type": "Point", "coordinates": [ 121.055210396389015, 14.672435379629434 ] } },
{ "type": "Feature", "properties": { "name": "Saling Lahi Homes Phase 1", "category": "residential", "amenity": null, "building": null, "shop": null, "landuse": "residential" }, "geometry": { "type": "Point", "coordinates": [ 121.066335772319988, 14.671547852471219 ] } },
{ "type": "Feature", "properties": { "name": "Villa Firenze", "category": "residential", "amenity": null, "building": null, "shop": null, "landuse": "residential" }, "geometry": { "type": "Point", "coordinates": [ 121.065784233473224, 14.670116367506683 ] } },
{ "type": "Feature", "properties": { "name": "Tierra Bella Homes", "category": "residential", "amenity": null, "building": null, "shop": null, "landuse": "residential" }, "geometry": { "type": "Point", "coordinates": [ 121.065493599492996, 14.667207007212321 ] } },
{ "type": "Feature", "properties": { "name": "Tierra Pura Homes", "category": "residential", "amenity": null, "building": null, "shop": null, "landuse": "residential" }, "geometry": { "type": "Point", "coordinates": [ 121.060797222190544, 14.669705652037511 ] } },
{ "type": "Feature", "properties": { "name": null, "category": "residential", "amenity": null, "building": null, "shop": null, "landuse": "residential" }, "geometry": { "type": "Point", "coordinates": [ 121.067468430740803, 14.67060194112219 ] } },
{ "type": "Feature", "properties": { "name": "Singian Ville Phase 2", "category": "residential", "amenity": null, "building": null, "shop": null, "landuse": "residential" }, "geometry": { "type": "Point", "coordinates": [ 121.067632214085762, 14.668945872797401 ] } },
{ "type": "Feature", "properties": { "name": "Certeza compound", "category": "residential", "amenity": null, "building": null, "shop": null, "landuse": "residential" }, "geometry": { "type": "Point", "coordinates": [ 121.068325914734615, 14.668325150360236 ] } },
{ "type": "Feature", "properties": { "name": "Area 8", "category": "residential", "amenity": null, "building": null, "shop": null, "landuse": "residential" }, "geometry": { "type": "Point", "coordinates": [ 121.065430760963196, 14.675521263851895 ] } },
{ "type": "Feature", "properties": { "name": "Wiltor Heights", "category": "residential", "amenity": null, "building": null, "shop": null, "landuse": "residential" }, "geometry": { "type": "Point", "coordinates": [ 121.063608934750505, 14.676286246353355 ] } },
{ "type": "Feature", "properties": { "name": "Samadores", "category": "residential", "amenity": null, "building": null, "shop": null, "landuse": "residential" }, "geometry": { "type": "Point", "coordinates": [ 121.06914545999966, 14.670111762225886 ] } },
{ "type": "Feature", "properties": { "name": null, "category": "residential", "amenity": null, "building": null, "shop": null, "landuse": "residential" }, "geometry": { "type": "Point", "coordinates": [ 121.069204041102196, 14.670942986991362 ] } },
{ "type": "Feature", "properties": { "name": "SAMMAR Area 1", "category": "residential", "amenity": null, "building": null, "shop": null, "landuse": "residential" }, "geometry": { "type": "Point", "coordinates": [ 121.069192713912003, 14.669056371823501 ] } },
{ "type": "Feature", "properties": { "name": null, "category": "residential", "amenity": null, "building": null, "shop": null, "landuse": "residential" }, "geometry": { "type": "Point", "coordinates": [ 121.076000792287601, 14.672785489289838 ] } },
{ "type": "Feature", "properties": { "name": "Terrazen Place", "category": "residential", "amenity": null, "building": null, "shop": null, "landuse": "residential" }, "geometry": { "type": "Point", "coordinates": [ 121.078579511976926, 14.676437673222903 ] } },
{ "type": "Feature", "properties": { "name": "Maine City Homes", "category": "residential", "amenity": null, "building": null, "shop": null, "landuse": "residential" }, "geometry": { "type": "Point", "coordinates": [ 121.078589792184431, 14.676850539220515 ] } },
{ "type": "Feature", "properties": { "name": "Southville Homes", "category": "residential", "amenity": null, "building": null, "shop": null, "landuse": "residential" }, "geometry": { "type": "Point", "coordinates": [ 121.073186286474424, 14.679862968266828 ] } },
{ "type": "Feature", "properties": { "name": "Don Antonio Heights", "category": "residential", "amenity": null, "building": null, "shop": null, "landuse": "residential" }, "geometry": { "type": "Point", "coordinates": [ 121.077885590226501, 14.678117789958746 ] } },
{ "type": "Feature", "properties": { "name": "Montville Place", "category": "residential", "amenity": null, "building": null, "shop": null, "landuse": "residential" }, "geometry": { "type": "Point", "coordinates": [ 121.073575218434044, 14.678701217408104 ] } },
{ "type": "Feature", "properties": { "name": "Metroville 3", "category": "residential", "amenity": null, "building": null, "shop": null, "landuse": "residential" }, "geometry": { "type": "Point", "coordinates": [ 121.072786033934761, 14.678706060435463 ] } },
{ "type": "Feature", "properties": { "name": "Bernardo Compound", "category": "residential", "amenity": null, "building": null, "shop": null, "landuse": "residential" }, "geometry": { "type": "Point", "coordinates": [ 121.064089586587571, 14.680650289705365 ] } },
{ "type": "Feature", "properties": { "name": "Ferndale Villas", "category": "residential", "amenity": null, "building": null, "shop": null, "landuse": "residential" }, "geometry": { "type": "Point", "coordinates": [ 121.063567360577352, 14.682343899626449 ] } },
{ "type": "Feature", "properties": { "name": "Central Bank Executives Townhomes", "category": "residential", "amenity": null, "building": null, "shop": null, "landuse": "residential" }, "geometry": { "type": "Point", "coordinates": [ 121.062579251884657, 14.688816583326654 ] } },
{ "type": "Feature", "properties": { "name": "Pingkian Village", "category": "residential", "amenity": null, "building": null, "shop": null, "landuse": "residential" }, "geometry": { "type": "Point", "coordinates": [ 121.059765752559656, 14.689310546910155 ] } },
{ "type": "Feature", "properties": { "name": "Silverland Village", "category": "residential", "amenity": null, "building": null, "shop": null, "landuse": "residential" }, "geometry": { "type": "Point", "coordinates": [ 121.061122794046753, 14.689517462607116 ] } },
{ "type": "Feature", "properties": { "name": "Mapayapa Village 3", "category": "residential", "amenity": null, "building": null, "shop": null, "landuse": "residential" }, "geometry": { "type": "Point", "coordinates": [ 121.063463864795366, 14.690091592604141 ] } },
{ "type": "Feature", "properties": { "name": null, "category": "residential", "amenity": null, "building": null, "shop": null, "landuse": "residential" }, "geometry": { "type": "Point", "coordinates": [ 121.06088816460543, 14.694162475728064 ] } },
{ "type": "Feature", "properties": { "name": null, "category": "residential", "amenity": null, "building": null, "shop": null, "landuse": "residential" }, "geometry": { "type": "Point", "coordinates": [ 121.061304192291388, 14.693862439331385 ] } },
{ "type": "Feature", "properties": { "name": "Tulip", "category": "residential", "amenity": null, "building": null, "shop": null, "landuse": "residential" }, "geometry": { "type": "Point", "coordinates": [ 121.061680210625411, 14.694291254315951 ] } },
{ "type": "Feature", "properties": { "name": null, "category": "residential", "amenity": null, "building": null, "shop": null, "landuse": "residential" }, "geometry": { "type": "Point", "coordinates": [ 121.060516503515146, 14.697870871877937 ] } },
{ "type": "Feature", "properties": { "name": "Brescia Homes", "category": "residential", "amenity": null, "building": null, "shop": null, "landuse": "residential" }, "geometry": { "type": "Point", "coordinates": [ 121.061458754359876, 14.698449708072463 ] } },
{ "type": "Feature", "properties": { "name": "Metro Gate Villas", "category": "residential", "amenity": null, "building": null, "shop": null, "landuse": "residential" }, "geometry": { "type": "Point", "coordinates": [ 121.065441563879233, 14.690167326493917 ] } },
{ "type": "Feature", "properties": { "name": "Doña Petrona", "category": "residential", "amenity": null, "building": null, "shop": null, "landuse": "residential" }, "geometry": { "type": "Point", "coordinates": [ 121.066110392717377, 14.691665181730857 ] } },
{ "type": "Feature", "properties": { "name": "Mapayapa Village 1", "category": "residential", "amenity": null, "building": null, "shop": null, "landuse": "residential" }, "geometry": { "type": "Point", "coordinates": [ 121.067693396382651, 14.687743401582699 ] } },
{ "type": "Feature", "properties": { "name": "Hobart Subdivision", "category": "residential", "amenity": null, "building": null, "shop": null, "landuse": "residential" }, "geometry": { "type": "Point", "coordinates": [ 121.068232113266944, 14.691692006407823 ] } },
{ "type": "Feature", "properties": { "name": "Grandwoods Villa", "category": "residential", "amenity": null, "building": null, "shop": null, "landuse": "residential" }, "geometry": { "type": "Point", "coordinates": [ 121.071486951527135, 14.6910818590422 ] } },
{ "type": "Feature", "properties": { "name": null, "category": "residential", "amenity": null, "building": null, "shop": null, "landuse": "residential" }, "geometry": { "type": "Point", "coordinates": [ 121.074330800004006, 14.692803699975899 ] } },
{ "type": "Feature", "properties": { "name": "GK Bulaklakan Village", "category": "residential", "amenity": null, "building": null, "shop": null, "landuse": "residential" }, "geometry": { "type": "Point", "coordinates": [ 121.074680600001315, 14.692802299989056 ] } },
{ "type": "Feature", "properties": { "name": "Tess Tan Moreno GK Village", "category": "residential", "amenity": null, "building": null, "shop": null, "landuse": "residential" }, "geometry": { "type": "Point", "coordinates": [ 121.074489704156605, 14.6928030748909 ] } },
{ "type": "Feature", "properties": { "name": null, "category": "residential", "amenity": null, "building": null, "shop": null, "landuse": "residential" }, "geometry": { "type": "Point", "coordinates": [ 121.077418016472066, 14.695631188537748 ] } },
{ "type": "Feature", "properties": { "name": null, "category": "residential", "amenity": null, "building": null, "shop": null, "landuse": "residential" }, "geometry": { "type": "Point", "coordinates": [ 121.075235644817127, 14.685198626111218 ] } },
{ "type": "Feature", "properties": { "name": "Florence Homes", "category": "residential", "amenity": null, "building": null, "shop": null, "landuse": "residential" }, "geometry": { "type": "Point", "coordinates": [ 121.074868108010023, 14.685194750686659 ] } },
{ "type": "Feature", "properties": { "name": "Alps Homes", "category": "residential", "amenity": null, "building": null, "shop": null, "landuse": "residential" }, "geometry": { "type": "Point", "coordinates": [ 121.075052395333941, 14.685197424781126 ] } },
{ "type": "Feature", "properties": { "name": "Flora Vista", "category": "residential", "amenity": null, "building": null, "shop": null, "landuse": "residential" }, "geometry": { "type": "Point", "coordinates": [ 121.075615068011729, 14.703801023794455 ] } },
{ "type": "Feature", "properties": { "name": null, "category": "residential", "amenity": null, "building": null, "shop": null, "landuse": "residential" }, "geometry": { "type": "Point", "coordinates": [ 121.074164581165235, 14.702401471295509 ] } },
{ "type": "Feature", "properties": { "name": null, "category": "residential", "amenity": null, "building": null, "shop": null, "landuse": "residential" }, "geometry": { "type": "Point", "coordinates": [ 121.063159396508652, 14.697736861493253 ] } },
{ "type": "Feature", "properties": { "name": null, "category": "residential", "amenity": null, "building": null, "shop": null, "landuse": "residential" }, "geometry": { "type": "Point", "coordinates": [ 121.062482322630672, 14.703513746032829 ] } },
{ "type": "Feature", "properties": { "name": null, "category": "residential", "amenity": null, "building": null, "shop": null, "landuse": "residential" }, "geometry": { "type": "Point", "coordinates": [ 121.063056567791421, 14.702927401246964 ] } },
{ "type": "Feature", "properties": { "name": "SSS North Fairview Homes", "category": "residential", "amenity": null, "building": null, "shop": null, "landuse": "residential" }, "geometry": { "type": "Point", "coordinates": [ 121.061939774724095, 14.706194433786763 ] } },
{ "type": "Feature", "properties": { "name": "Santo Niño Village", "category": "residential", "amenity": null, "building": null, "shop": null, "landuse": "residential" }, "geometry": { "type": "Point", "coordinates": [ 121.058953137710319, 14.704912029737624 ] } },
{ "type": "Feature", "properties": { "name": "Bistekville 6", "category": "residential", "amenity": null, "building": null, "shop": null, "landuse": "residential" }, "geometry": { "type": "Point", "coordinates": [ 121.05946600014002, 14.704960414055046 ] } },
{ "type": "Feature", "properties": { "name": "Namasape Compound", "category": "residential", "amenity": null, "building": null, "shop": null, "landuse": "residential" }, "geometry": { "type": "Point", "coordinates": [ 121.065446158715815, 14.7060113315381 ] } },
{ "type": "Feature", "properties": { "name": "North Fairview Park", "category": "residential", "amenity": null, "building": null, "shop": null, "landuse": "residential" }, "geometry": { "type": "Point", "coordinates": [ 121.06445449245669, 14.711785233919693 ] } },
{ "type": "Feature", "properties": { "name": "Namapa", "category": "residential", "amenity": null, "building": null, "shop": null, "landuse": "residential" }, "geometry": { "type": "Point", "coordinates": [ 121.064237710242352, 14.706258718286499 ] } },
{ "type": "Feature", "properties": { "name": "North Fairview Phase 8", "category": "residential", "amenity": null, "building": null, "shop": null, "landuse": "residential" }, "geometry": { "type": "Point", "coordinates": [ 121.057372928409166, 14.70973418835872 ] } },
{ "type": "Feature", "properties": { "name": "Ruby", "category": "residential", "amenity": null, "building": null, "shop": null, "landuse": "residential" }, "geometry": { "type": "Point", "coordinates": [ 121.071093002077205, 14.710405595492514 ] } },
{ "type": "Feature", "properties": { "name": null, "category": "residential", "amenity": null, "building": null, "shop": null, "landuse": "residential" }, "geometry": { "type": "Point", "coordinates": [ 121.077861303215983, 14.708006180411543 ] } },
{ "type": "Feature", "properties": { "name": "Sunny Villas Condominium", "category": "residential", "amenity": null, "building": null, "shop": null, "landuse": "residential" }, "geometry": { "type": "Point", "coordinates": [ 121.072113716374687, 14.709727223487997 ] } },
{ "type": "Feature", "properties": { "name": "Homeland Park Homes", "category": "residential", "amenity": null, "building": null, "shop": null, "landuse": "residential" }, "geometry": { "type": "Point", "coordinates": [ 121.053896513674403, 14.703894089541471 ] } },
{ "type": "Feature", "properties": { "name": "Baluyot 2-A", "category": "residential", "amenity": null, "building": null, "shop": null, "landuse": "residential" }, "geometry": { "type": "Point", "coordinates": [ 121.051802104538467, 14.702809014599636 ] } },
{ "type": "Feature", "properties": { "name": null, "category": "residential", "amenity": null, "building": null, "shop": null, "landuse": "residential" }, "geometry": { "type": "Point", "coordinates": [ 121.052424433798549, 14.702156744847438 ] } },
{ "type": "Feature", "properties": { "name": "Rolling Meadows 3", "category": "residential", "amenity": null, "building": null, "shop": null, "landuse": "residential" }, "geometry": { "type": "Point", "coordinates": [ 121.050380595905878, 14.701758778799197 ] } },
{ "type": "Feature", "properties": { "name": null, "category": "residential", "amenity": null, "building": null, "shop": null, "landuse": "residential" }, "geometry": { "type": "Point", "coordinates": [ 121.053374533634468, 14.703000423825721 ] } },
{ "type": "Feature", "properties": { "name": "Villa Hermano Ⅰ", "category": "residential", "amenity": null, "building": null, "shop": null, "landuse": "residential" }, "geometry": { "type": "Point", "coordinates": [ 121.053042615601854, 14.703332388404785 ] } },
{ "type": "Feature", "properties": { "name": null, "category": "residential", "amenity": null, "building": null, "shop": null, "landuse": "residential" }, "geometry": { "type": "Point", "coordinates": [ 121.056955840299622, 14.703331489326619 ] } },
{ "type": "Feature", "properties": { "name": null, "category": "residential", "amenity": null, "building": null, "shop": null, "landuse": "residential" }, "geometry": { "type": "Point", "coordinates": [ 121.055881521635598, 14.703347698202958 ] } },
{ "type": "Feature", "properties": { "name": "BIR Village", "category": "residential", "amenity": null, "building": null, "shop": null, "landuse": "residential" }, "geometry": { "type": "Point", "coordinates": [ 121.055347837281687, 14.700359594515644 ] } },
{ "type": "Feature", "properties": { "name": "Villa Veronica Carmen Court", "category": "residential", "amenity": null, "building": null, "shop": null, "landuse": "residential" }, "geometry": { "type": "Point", "coordinates": [ 121.049226830095606, 14.708795364738853 ] } },
{ "type": "Feature", "properties": { "name": "Carmen Court", "category": "residential", "amenity": null, "building": null, "shop": null, "landuse": "residential" }, "geometry": { "type": "Point", "coordinates": [ 121.047567471134698, 14.708927927977308 ] } },
{ "type": "Feature", "properties": { "name": "Tarrhaville", "category": "residential", "amenity": null, "building": null, "shop": null, "landuse": "residential" }, "geometry": { "type": "Point", "coordinates": [ 121.047381816267048, 14.708428976968488 ] } },
{ "type": "Feature", "properties": { "name": "Good Haven Compound 1", "category": "residential", "amenity": null, "building": null, "shop": null, "landuse": "residential" }, "geometry": { "type": "Point", "coordinates": [ 121.041211754784086, 14.705778260083878 ] } },
{ "type": "Feature", "properties": { "name": "Rainbow Homes 2", "category": "residential", "amenity": null, "building": null, "shop": null, "landuse": "residential" }, "geometry": { "type": "Point", "coordinates": [ 121.040222081301408, 14.706754811586762 ] } },
{ "type": "Feature", "properties": { "name": "Villaflor Village", "category": "residential", "amenity": null, "building": null, "shop": null, "landuse": "residential" }, "geometry": { "type": "Point", "coordinates": [ 121.03855982820761, 14.712175718145476 ] } },
{ "type": "Feature", "properties": { "name": null, "category": "residential", "amenity": null, "building": null, "shop": null, "landuse": "residential" }, "geometry": { "type": "Point", "coordinates": [ 121.030275003662538, 14.710692181497375 ] } },
{ "type": "Feature", "properties": { "name": null, "category": "residential", "amenity": null, "building": null, "shop": null, "landuse": "residential" }, "geometry": { "type": "Point", "coordinates": [ 121.032452566702133, 14.71044161777421 ] } },
{ "type": "Feature", "properties": { "name": "Odelco Subdivision", "category": "residential", "amenity": null, "building": null, "shop": null, "landuse": "residential" }, "geometry": { "type": "Point", "coordinates": [ 121.031933806491253, 14.709242487582429 ] } },
{ "type": "Feature", "properties": { "name": "Vine Residences", "category": "residential", "amenity": null, "building": null, "shop": null, "landuse": "residential" }, "geometry": { "type": "Point", "coordinates": [ 121.034758338213535, 14.709031412938108 ] } },
{ "type": "Feature", "properties": { "name": "Doña Tomasa Subdivision", "category": "residential", "amenity": null, "building": null, "shop": null, "landuse": "residential" }, "geometry": { "type": "Point", "coordinates": [ 121.023472098083715, 14.714441895342365 ] } },
{ "type": "Feature", "properties": { "name": "Maries 1 Village", "category": "residential", "amenity": null, "building": null, "shop": null, "landuse": "residential" }, "geometry": { "type": "Point", "coordinates": [ 121.023864069246642, 14.715492803446232 ] } },
{ "type": "Feature", "properties": { "name": "Sierra Vista", "category": "residential", "amenity": null, "building": null, "shop": null, "landuse": "residential" }, "geometry": { "type": "Point", "coordinates": [ 121.019719862254419, 14.714133211182467 ] } },
{ "type": "Feature", "properties": { "name": "Torres Village", "category": "residential", "amenity": null, "building": null, "shop": null, "landuse": "residential" }, "geometry": { "type": "Point", "coordinates": [ 121.019253871905335, 14.718949950340109 ] } },
{ "type": "Feature", "properties": { "name": "Sierra Vista Phase 3", "category": "residential", "amenity": null, "building": null, "shop": null, "landuse": "residential" }, "geometry": { "type": "Point", "coordinates": [ 121.018093889550983, 14.717101576281873 ] } },
{ "type": "Feature", "properties": { "name": null, "category": "residential", "amenity": null, "building": null, "shop": null, "landuse": "residential" }, "geometry": { "type": "Point", "coordinates": [ 121.019773457084511, 14.717467226007175 ] } },
{ "type": "Feature", "properties": { "name": "Sierra Vista Phase 1", "category": "residential", "amenity": null, "building": null, "shop": null, "landuse": "residential" }, "geometry": { "type": "Point", "coordinates": [ 121.021273194733894, 14.714995491468292 ] } },
{ "type": "Feature", "properties": { "name": "Hill Residences", "category": "residential", "amenity": null, "building": null, "shop": null, "landuse": "residential" }, "geometry": { "type": "Point", "coordinates": [ 121.020668993884385, 14.723815670583193 ] } },
{ "type": "Feature", "properties": { "name": "Jordan Heights", "category": "residential", "amenity": null, "building": null, "shop": null, "landuse": "residential" }, "geometry": { "type": "Point", "coordinates": [ 121.022034164826024, 14.72563706420385 ] } },
{ "type": "Feature", "properties": { "name": "Rockville Compound", "category": "residential", "amenity": null, "building": null, "shop": null, "landuse": "residential" }, "geometry": { "type": "Point", "coordinates": [ 121.022345307945898, 14.720043443725798 ] } },
{ "type": "Feature", "properties": { "name": "Villa Nova Subdivision", "category": "residential", "amenity": null, "building": null, "shop": null, "landuse": "residential" }, "geometry": { "type": "Point", "coordinates": [ 121.027603981901464, 14.722660275807788 ] } },
{ "type": "Feature", "properties": { "name": "Lazaro Subdivision", "category": "residential", "amenity": null, "building": null, "shop": null, "landuse": "residential" }, "geometry": { "type": "Point", "coordinates": [ 121.030104555536127, 14.723099317051004 ] } },
{ "type": "Feature", "properties": { "name": "Bistekville № 22", "category": "residential", "amenity": null, "building": null, "shop": null, "landuse": "residential" }, "geometry": { "type": "Point", "coordinates": [ 121.029596165735512, 14.722746094565498 ] } },
{ "type": "Feature", "properties": { "name": "Galang Compound", "category": "residential", "amenity": null, "building": null, "shop": null, "landuse": "residential" }, "geometry": { "type": "Point", "coordinates": [ 121.029263674945327, 14.723655671886082 ] } },
{ "type": "Feature", "properties": { "name": "Gregorio Compound", "category": "residential", "amenity": null, "building": null, "shop": null, "landuse": "residential" }, "geometry": { "type": "Point", "coordinates": [ 121.030691495729329, 14.728369508047484 ] } },
{ "type": "Feature", "properties": { "name": null, "category": "residential", "amenity": null, "building": null, "shop": null, "landuse": "residential" }, "geometry": { "type": "Point", "coordinates": [ 121.03012975662061, 14.726866143104106 ] } },
{ "type": "Feature", "properties": { "name": "Jonaville-Urbien Subdivision", "category": "residential", "amenity": null, "building": null, "shop": null, "landuse": "residential" }, "geometry": { "type": "Point", "coordinates": [ 121.028714079839176, 14.727532546510977 ] } },
{ "type": "Feature", "properties": { "name": "T.S. Cruz Subdivision", "category": "residential", "amenity": null, "building": null, "shop": null, "landuse": "residential" }, "geometry": { "type": "Point", "coordinates": [ 121.032989345972894, 14.726495439591467 ] } },
{ "type": "Feature", "properties": { "name": "Interville Ⅲ", "category": "residential", "amenity": null, "building": null, "shop": null, "landuse": "residential" }, "geometry": { "type": "Point", "coordinates": [ 121.029302046263965, 14.730078132076557 ] } },
{ "type": "Feature", "properties": { "name": "Dolmar", "category": "residential", "amenity": null, "building": null, "shop": null, "landuse": "residential" }, "geometry": { "type": "Point", "coordinates": [ 121.02560444691747, 14.72943805209826 ] } },
{ "type": "Feature", "properties": { "name": "Queensland Village", "category": "residential", "amenity": null, "building": null, "shop": null, "landuse": "residential" }, "geometry": { "type": "Point", "coordinates": [ 121.025296793442237, 14.728166998382045 ] } },
{ "type": "Feature", "properties": { "name": null, "category": "residential", "amenity": null, "building": null, "shop": null, "landuse": "residential" }, "geometry": { "type": "Point", "coordinates": [ 121.025541772599055, 14.7230567622788 ] } },
{ "type": "Feature", "properties": { "name": "San Antonio Subdivision", "category": "residential", "amenity": null, "building": null, "shop": null, "landuse": "residential" }, "geometry": { "type": "Point", "coordinates": [ 121.024946323296334, 14.723864323387676 ] } },
{ "type": "Feature", "properties": { "name": "Don Enrique Village", "category": "residential", "amenity": null, "building": null, "shop": null, "landuse": "residential" }, "geometry": { "type": "Point", "coordinates": [ 121.02970235322563, 14.719680629490702 ] } },
{ "type": "Feature", "properties": { "name": "Coral Ville", "category": "residential", "amenity": null, "building": null, "shop": null, "landuse": "residential" }, "geometry": { "type": "Point", "coordinates": [ 121.032056986538919, 14.718121334126984 ] } },
{ "type": "Feature", "properties": { "name": null, "category": "residential", "amenity": null, "building": null, "shop": null, "landuse": "residential" }, "geometry": { "type": "Point", "coordinates": [ 121.031486495070411, 14.718798105248771 ] } },
{ "type": "Feature", "properties": { "name": "Goldmine", "category": "residential", "amenity": null, "building": null, "shop": null, "landuse": "residential" }, "geometry": { "type": "Point", "coordinates": [ 121.034252142964959, 14.712888722353872 ] } },
{ "type": "Feature", "properties": { "name": null, "category": "residential", "amenity": null, "building": null, "shop": null, "landuse": "residential" }, "geometry": { "type": "Point", "coordinates": [ 121.033928236909233, 14.712995488043777 ] } },
{ "type": "Feature", "properties": { "name": "Saint James", "category": "residential", "amenity": null, "building": null, "shop": null, "landuse": "residential" }, "geometry": { "type": "Point", "coordinates": [ 121.032662690928376, 14.711283771391695 ] } },
{ "type": "Feature", "properties": { "name": "Nabigla Po", "category": "residential", "amenity": null, "building": null, "shop": null, "landuse": "residential" }, "geometry": { "type": "Point", "coordinates": [ 121.0317562838014, 14.71223757343348 ] } },
{ "type": "Feature", "properties": { "name": "Northwind", "category": "residential", "amenity": null, "building": null, "shop": null, "landuse": "residential" }, "geometry": { "type": "Point", "coordinates": [ 121.031989208713398, 14.714485130645812 ] } },
{ "type": "Feature", "properties": { "name": "Bistekville 12", "category": "residential", "amenity": null, "building": null, "shop": null, "landuse": "residential" }, "geometry": { "type": "Point", "coordinates": [ 121.031284801047448, 14.715922296991305 ] } },
{ "type": "Feature", "properties": { "name": "Bistekville 16", "category": "residential", "amenity": null, "building": null, "shop": null, "landuse": "residential" }, "geometry": { "type": "Point", "coordinates": [ 121.032348008502055, 14.716252060535096 ] } },
{ "type": "Feature", "properties": { "name": "Area D", "category": "residential", "amenity": null, "building": null, "shop": null, "landuse": "residential" }, "geometry": { "type": "Point", "coordinates": [ 121.031007048052857, 14.716705130774198 ] } },
{ "type": "Feature", "properties": { "name": null, "category": "residential", "amenity": null, "building": null, "shop": null, "landuse": "residential" }, "geometry": { "type": "Point", "coordinates": [ 121.028490187404472, 14.716892303939224 ] } },
{ "type": "Feature", "properties": { "name": "Green Acres Village", "category": "residential", "amenity": null, "building": null, "shop": null, "landuse": "residential" }, "geometry": { "type": "Point", "coordinates": [ 121.028517290094058, 14.712720762762689 ] } },
{ "type": "Feature", "properties": { "name": "Santa Clara Villas", "category": "residential", "amenity": null, "building": null, "shop": null, "landuse": "residential" }, "geometry": { "type": "Point", "coordinates": [ 121.032629676672826, 14.7127056099665 ] } },
{ "type": "Feature", "properties": { "name": "Kingdom 1", "category": "residential", "amenity": null, "building": null, "shop": null, "landuse": "residential" }, "geometry": { "type": "Point", "coordinates": [ 121.033600834395685, 14.715167647195713 ] } },
{ "type": "Feature", "properties": { "name": "Doña Isaura", "category": "residential", "amenity": null, "building": null, "shop": null, "landuse": "residential" }, "geometry": { "type": "Point", "coordinates": [ 121.036690853889993, 14.72036409863043 ] } },
{ "type": "Feature", "properties": { "name": "Ramirez Subdivision", "category": "residential", "amenity": null, "building": null, "shop": null, "landuse": "residential" }, "geometry": { "type": "Point", "coordinates": [ 121.037381156717814, 14.719073168166691 ] } },
{ "type": "Feature", "properties": { "name": "Ramirez Compound", "category": "residential", "amenity": null, "building": null, "shop": null, "landuse": "residential" }, "geometry": { "type": "Point", "coordinates": [ 121.036531635100303, 14.719538562388665 ] } },
{ "type": "Feature", "properties": { "name": "Villa Severa", "category": "residential", "amenity": null, "building": null, "shop": null, "landuse": "residential" }, "geometry": { "type": "Point", "coordinates": [ 121.036643078504213, 14.719224907649938 ] } },
{ "type": "Feature", "properties": { "name": "Bistekville 10", "category": "residential", "amenity": null, "building": null, "shop": null, "landuse": "residential" }, "geometry": { "type": "Point", "coordinates": [ 121.038815226008211, 14.717545212218447 ] } },
{ "type": "Feature", "properties": { "name": "Santiago", "category": "residential", "amenity": null, "building": null, "shop": null, "landuse": "residential" }, "geometry": { "type": "Point", "coordinates": [ 121.0452199774831, 14.718492161252531 ] } },
{ "type": "Feature", "properties": { "name": "Forest Hills Subdivision", "category": "residential", "amenity": null, "building": null, "shop": null, "landuse": "residential" }, "geometry": { "type": "Point", "coordinates": [ 121.043187304148717, 14.716793061752234 ] } },
{ "type": "Feature", "properties": { "name": "Santa Barbara", "category": "residential", "amenity": null, "building": null, "shop": null, "landuse": "residential" }, "geometry": { "type": "Point", "coordinates": [ 121.041807333205156, 14.718246215512034 ] } },
{ "type": "Feature", "properties": { "name": "Aguardiente", "category": "residential", "amenity": null, "building": null, "shop": null, "landuse": "residential" }, "geometry": { "type": "Point", "coordinates": [ 121.047311820035929, 14.715394197267342 ] } },
{ "type": "Feature", "properties": { "name": "Cresta Verde", "category": "residential", "amenity": null, "building": null, "shop": null, "landuse": "residential" }, "geometry": { "type": "Point", "coordinates": [ 121.047174643429997, 14.719531729043895 ] } },
{ "type": "Feature", "properties": { "name": "Geneva Gardens", "category": "residential", "amenity": null, "building": null, "shop": null, "landuse": "residential" }, "geometry": { "type": "Point", "coordinates": [ 121.052561647145041, 14.71645294850201 ] } },
{ "type": "Feature", "properties": { "name": "Palmera Homes Fairview", "category": "residential", "amenity": null, "building": null, "shop": null, "landuse": "residential" }, "geometry": { "type": "Point", "coordinates": [ 121.049557834508292, 14.712810898059001 ] } },
{ "type": "Feature", "properties": { "name": "Bistekville 11", "category": "residential", "amenity": null, "building": null, "shop": null, "landuse": "residential" }, "geometry": { "type": "Point", "coordinates": [ 121.043412653639393, 14.720251041892972 ] } },
{ "type": "Feature", "properties": { "name": null, "category": "residential", "amenity": null, "building": null, "shop": null, "landuse": "residential" }, "geometry": { "type": "Point", "coordinates": [ 121.043016370336687, 14.72038899939793 ] } },
{ "type": "Feature", "properties": { "name": null, "category": "residential", "amenity": null, "building": null, "shop": null, "landuse": "residential" }, "geometry": { "type": "Point", "coordinates": [ 121.049771714045661, 14.720967918110041 ] } },
{ "type": "Feature", "properties": { "name": "Villa Verde Homes", "category": "residential", "amenity": null, "building": null, "shop": null, "landuse": "residential" }, "geometry": { "type": "Point", "coordinates": [ 121.046204340394056, 14.722634282251514 ] } },
{ "type": "Feature", "properties": { "name": "Jordan Plaines Phase Ⅳ", "category": "residential", "amenity": null, "building": null, "shop": null, "landuse": "residential" }, "geometry": { "type": "Point", "coordinates": [ 121.049447912962862, 14.723170200359579 ] } },
{ "type": "Feature", "properties": { "name": "Magno Subdivision", "category": "residential", "amenity": null, "building": null, "shop": null, "landuse": "residential" }, "geometry": { "type": "Point", "coordinates": [ 121.039983909716128, 14.725445257480043 ] } },
{ "type": "Feature", "properties": { "name": null, "category": "residential", "amenity": null, "building": null, "shop": null, "landuse": "residential" }, "geometry": { "type": "Point", "coordinates": [ 121.040574387568128, 14.723550601718722 ] } },
{ "type": "Feature", "properties": { "name": "Jordan Plaines 1 & 2", "category": "residential", "amenity": null, "building": null, "shop": null, "landuse": "residential" }, "geometry": { "type": "Point", "coordinates": [ 121.045278643137479, 14.72498354999216 ] } },
{ "type": "Feature", "properties": { "name": "Millionaires Village", "category": "residential", "amenity": null, "building": null, "shop": null, "landuse": "residential" }, "geometry": { "type": "Point", "coordinates": [ 121.036808956985823, 14.724351664727154 ] } },
{ "type": "Feature", "properties": { "name": "Mendoza Compound", "category": "residential", "amenity": null, "building": null, "shop": null, "landuse": "residential" }, "geometry": { "type": "Point", "coordinates": [ 121.037454175871304, 14.722484492759246 ] } },
{ "type": "Feature", "properties": { "name": "Pulong Gubat", "category": "residential", "amenity": null, "building": null, "shop": null, "landuse": "residential" }, "geometry": { "type": "Point", "coordinates": [ 121.033241261933384, 14.724237879534449 ] } },
{ "type": "Feature", "properties": { "name": "Dantes 2 Subdivision", "category": "residential", "amenity": null, "building": null, "shop": null, "landuse": "residential" }, "geometry": { "type": "Point", "coordinates": [ 121.031614837288146, 14.72440231100772 ] } },
{ "type": "Feature", "properties": { "name": "Dantes 1 Subdivision", "category": "residential", "amenity": null, "building": null, "shop": null, "landuse": "residential" }, "geometry": { "type": "Point", "coordinates": [ 121.032384070842369, 14.723460191962918 ] } },
{ "type": "Feature", "properties": { "name": "MCB 1 Subdivision", "category": "residential", "amenity": null, "building": null, "shop": null, "landuse": "residential" }, "geometry": { "type": "Point", "coordinates": [ 121.034511771568631, 14.728160839169723 ] } },
{ "type": "Feature", "properties": { "name": "Heavenly-Arsen", "category": "residential", "amenity": null, "building": null, "shop": null, "landuse": "residential" }, "geometry": { "type": "Point", "coordinates": [ 121.036794305498049, 14.728486690909005 ] } },
{ "type": "Feature", "properties": { "name": null, "category": "residential", "amenity": null, "building": null, "shop": null, "landuse": "residential" }, "geometry": { "type": "Point", "coordinates": [ 121.035922048543412, 14.727222967267616 ] } },
{ "type": "Feature", "properties": { "name": null, "category": "residential", "amenity": null, "building": null, "shop": null, "landuse": "residential" }, "geometry": { "type": "Point", "coordinates": [ 121.034900395976152, 14.72811684428191 ] } },
{ "type": "Feature", "properties": { "name": "Pleasant Ville", "category": "residential", "amenity": null, "building": null, "shop": null, "landuse": "residential" }, "geometry": { "type": "Point", "coordinates": [ 121.034606439049412, 14.727217704816296 ] } },
{ "type": "Feature", "properties": { "name": "De Jesus Compound", "category": "residential", "amenity": null, "building": null, "shop": null, "landuse": "residential" }, "geometry": { "type": "Point", "coordinates": [ 121.035492882884384, 14.726091106828443 ] } },
{ "type": "Feature", "properties": { "name": "Ordinaryo Compound", "category": "residential", "amenity": null, "building": null, "shop": null, "landuse": "residential" }, "geometry": { "type": "Point", "coordinates": [ 121.03932213841081, 14.729614803187417 ] } },
{ "type": "Feature", "properties": { "name": "Saint Francis Village", "category": "residential", "amenity": null, "building": null, "shop": null, "landuse": "residential" }, "geometry": { "type": "Point", "coordinates": [ 121.038122499876664, 14.729214371660969 ] } },
{ "type": "Feature", "properties": { "name": "Tawid Sapa", "category": "residential", "amenity": null, "building": null, "shop": null, "landuse": "residential" }, "geometry": { "type": "Point", "coordinates": [ 121.041122651288049, 14.735390346462832 ] } },
{ "type": "Feature", "properties": { "name": "Villa San Agustin", "category": "residential", "amenity": null, "building": null, "shop": null, "landuse": "residential" }, "geometry": { "type": "Point", "coordinates": [ 121.038644951020231, 14.734820090733505 ] } },
{ "type": "Feature", "properties": { "name": "Bistekville № 2", "category": "residential", "amenity": null, "building": null, "shop": null, "landuse": "residential" }, "geometry": { "type": "Point", "coordinates": [ 121.041727160011348, 14.734169458056313 ] } },
{ "type": "Feature", "properties": { "name": "Sitio Looban", "category": "residential", "amenity": null, "building": null, "shop": null, "landuse": "residential" }, "geometry": { "type": "Point", "coordinates": [ 121.041655231259583, 14.733564309581837 ] } },
{ "type": "Feature", "properties": { "name": "Ysobelle Residences", "category": "residential", "amenity": null, "building": null, "shop": null, "landuse": "residential" }, "geometry": { "type": "Point", "coordinates": [ 121.042763490700139, 14.732720713630508 ] } },
{ "type": "Feature", "properties": { "name": "Nova Homes", "category": "residential", "amenity": null, "building": null, "shop": null, "landuse": "residential" }, "geometry": { "type": "Point", "coordinates": [ 121.037380242898124, 14.735137755597611 ] } },
{ "type": "Feature", "properties": { "name": "Amaia Steps Novaliches", "category": "residential", "amenity": null, "building": null, "shop": null, "landuse": "residential" }, "geometry": { "type": "Point", "coordinates": [ 121.036156395558891, 14.736703118541715 ] } },
{ "type": "Feature", "properties": { "name": "Amaia Series Novaliches", "category": "residential", "amenity": null, "building": null, "shop": null, "landuse": "residential" }, "geometry": { "type": "Point", "coordinates": [ 121.037952218102788, 14.738943061223575 ] } },
{ "type": "Feature", "properties": { "name": "Hillcrest Townhomes", "category": "residential", "amenity": null, "building": null, "shop": null, "landuse": "residential" }, "geometry": { "type": "Point", "coordinates": [ 121.039097220403065, 14.740769021879267 ] } },
{ "type": "Feature", "properties": { "name": "Urduja Village", "category": "residential", "amenity": null, "building": null, "shop": null, "landuse": "residential" }, "geometry": { "type": "Point", "coordinates": [ 121.037322487864699, 14.742375537039859 ] } },
{ "type": "Feature", "properties": { "name": "Luisa Subdivision", "category": "residential", "amenity": null, "building": null, "shop": null, "landuse": "residential" }, "geometry": { "type": "Point", "coordinates": [ 121.047605765876142, 14.741668678082018 ] } },
{ "type": "Feature", "properties": { "name": null, "category": "residential", "amenity": null, "building": null, "shop": null, "landuse": "residential" }, "geometry": { "type": "Point", "coordinates": [ 121.04845548016506, 14.74004764455427 ] } },
{ "type": "Feature", "properties": { "name": "Diamond Village", "category": "residential", "amenity": null, "building": null, "shop": null, "landuse": "residential" }, "geometry": { "type": "Point", "coordinates": [ 121.04912364164538, 14.738400443103123 ] } },
{ "type": "Feature", "properties": { "name": "Franville Ⅲ", "category": "residential", "amenity": null, "building": null, "shop": null, "landuse": "residential" }, "geometry": { "type": "Point", "coordinates": [ 121.047868505099487, 14.74067952221054 ] } },
{ "type": "Feature", "properties": { "name": "Zabarte", "category": "residential", "amenity": null, "building": null, "shop": null, "landuse": "residential" }, "geometry": { "type": "Point", "coordinates": [ 121.051514192196706, 14.736570137627673 ] } },
{ "type": "Feature", "properties": { "name": "Smile Citihomes Condominium", "category": "residential", "amenity": null, "building": null, "shop": null, "landuse": "residential" }, "geometry": { "type": "Point", "coordinates": [ 121.050831984074748, 14.74002672300656 ] } },
{ "type": "Feature", "properties": { "name": "Kalap Subdivision", "category": "residential", "amenity": null, "building": null, "shop": null, "landuse": "residential" }, "geometry": { "type": "Point", "coordinates": [ 121.052513222894106, 14.741444135851824 ] } },
{ "type": "Feature", "properties": { "name": "Smile Citihomes Annex", "category": "residential", "amenity": null, "building": null, "shop": null, "landuse": "residential" }, "geometry": { "type": "Point", "coordinates": [ 121.051490773130979, 14.741334563284781 ] } },
{ "type": "Feature", "properties": { "name": "Sushila Village 1", "category": "residential", "amenity": null, "building": null, "shop": null, "landuse": "residential" }, "geometry": { "type": "Point", "coordinates": [ 121.049768672913132, 14.741095016162037 ] } },
{ "type": "Feature", "properties": { "name": "Hacienda Balai", "category": "residential", "amenity": null, "building": null, "shop": null, "landuse": "residential" }, "geometry": { "type": "Point", "coordinates": [ 121.048971879001456, 14.742519583287057 ] } },
{ "type": "Feature", "properties": { "name": "Hobart II", "category": "residential", "amenity": null, "building": null, "shop": null, "landuse": "residential" }, "geometry": { "type": "Point", "coordinates": [ 121.050979560044539, 14.735169810032193 ] } },
{ "type": "Feature", "properties": { "name": null, "category": "residential", "amenity": null, "building": null, "shop": null, "landuse": "residential" }, "geometry": { "type": "Point", "coordinates": [ 121.048434080852957, 14.736847848152344 ] } },
{ "type": "Feature", "properties": { "name": "Diamond Villas", "category": "residential", "amenity": null, "building": null, "shop": null, "landuse": "residential" }, "geometry": { "type": "Point", "coordinates": [ 121.048394057023089, 14.736657569684507 ] } },
{ "type": "Feature", "properties": { "name": "New Haven Village", "category": "residential", "amenity": null, "building": null, "shop": null, "landuse": "residential" }, "geometry": { "type": "Point", "coordinates": [ 121.050795626670606, 14.730185988369463 ] } },
{ "type": "Feature", "properties": { "name": "Rolling Hills", "category": "residential", "amenity": null, "building": null, "shop": null, "landuse": "residential" }, "geometry": { "type": "Point", "coordinates": [ 121.049887698111846, 14.731355219238278 ] } },
{ "type": "Feature", "properties": { "name": "Lagro", "category": "residential", "amenity": null, "building": null, "shop": null, "landuse": "residential" }, "geometry": { "type": "Point", "coordinates": [ 121.066792274952476, 14.726079587899244 ] } },
{ "type": "Feature", "properties": { "name": "Hilltop Mansion Heights", "category": "residential", "amenity": null, "building": null, "shop": null, "landuse": "residential" }, "geometry": { "type": "Point", "coordinates": [ 121.069624526243246, 14.733865389670765 ] } },
{ "type": "Feature", "properties": { "name": "T. S. Cruzville", "category": "residential", "amenity": null, "building": null, "shop": null, "landuse": "residential" }, "geometry": { "type": "Point", "coordinates": [ 121.045356676469467, 14.733905739538308 ] } },
{ "type": "Feature", "properties": { "name": "Rivera Compound", "category": "residential", "amenity": null, "building": null, "shop": null, "landuse": "residential" }, "geometry": { "type": "Point", "coordinates": [ 121.045323672595899, 14.728872684983982 ] } },
{ "type": "Feature", "properties": { "name": "Calalang Compound", "category": "residential", "amenity": null, "building": null, "shop": null, "landuse": "residential" }, "geometry": { "type": "Point", "coordinates": [ 121.046078600887427, 14.729830310877304 ] } },
{ "type": "Feature", "properties": { "name": "Joyville Subdivision", "category": "residential", "amenity": null, "building": null, "shop": null, "landuse": "residential" }, "geometry": { "type": "Point", "coordinates": [ 121.035093271273439, 14.735431071233654 ] } },
{ "type": "Feature", "properties": { "name": "Cefels Park 2", "category": "residential", "amenity": null, "building": null, "shop": null, "landuse": "residential" }, "geometry": { "type": "Point", "coordinates": [ 121.032238447042502, 14.734916793968759 ] } },
{ "type": "Feature", "properties": { "name": "Pilar Ville Ⅱ", "category": "residential", "amenity": null, "building": null, "shop": null, "landuse": "residential" }, "geometry": { "type": "Point", "coordinates": [ 121.030831288343848, 14.735108437035384 ] } },
{ "type": "Feature", "properties": { "name": "Kawayan", "category": "residential", "amenity": null, "building": null, "shop": null, "landuse": "residential" }, "geometry": { "type": "Point", "coordinates": [ 121.030328569943265, 14.73226510369429 ] } },
{ "type": "Feature", "properties": { "name": "Amparo Novaville", "category": "residential", "amenity": null, "building": null, "shop": null, "landuse": "residential" }, "geometry": { "type": "Point", "coordinates": [ 121.034477367913553, 14.738676171865992 ] } },
{ "type": "Feature", "properties": { "name": "Pamahay Homes", "category": "residential", "amenity": null, "building": null, "shop": null, "landuse": "residential" }, "geometry": { "type": "Point", "coordinates": [ 121.055415327919377, 14.739173316543113 ] } },
{ "type": "Feature", "properties": { "name": "Bloomfields Subdivision", "category": "residential", "amenity": null, "building": null, "shop": null, "landuse": "residential" }, "geometry": { "type": "Point", "coordinates": [ 121.055304835622081, 14.73695166437658 ] } },
{ "type": "Feature", "properties": { "name": "Trees Residences", "category": "residential", "amenity": null, "building": null, "shop": null, "landuse": "residential" }, "geometry": { "type": "Point", "coordinates": [ 121.065556175430146, 14.737033530637312 ] } },
{ "type": "Feature", "properties": { "name": "Sacred Heart Village", "category": "residential", "amenity": null, "building": null, "shop": null, "landuse": "residential" }, "geometry": { "type": "Point", "coordinates": [ 121.068130025919544, 14.740027841769935 ] } },
{ "type": "Feature", "properties": { "name": null, "category": "residential", "amenity": null, "building": null, "shop": null, "landuse": "residential" }, "geometry": { "type": "Point", "coordinates": [ 121.075438534694371, 14.743918458443055 ] } },
{ "type": "Feature", "properties": { "name": "Sacred Heart Village Ⅱ", "category": "residential", "amenity": null, "building": null, "shop": null, "landuse": "residential" }, "geometry": { "type": "Point", "coordinates": [ 121.070577549439292, 14.738728625571431 ] } },
{ "type": "Feature", "properties": { "name": "The Redwoods", "category": "residential", "amenity": null, "building": null, "shop": null, "landuse": "residential" }, "geometry": { "type": "Point", "coordinates": [ 121.061281974494932, 14.736792399105436 ] } },
{ "type": "Feature", "properties": { "name": "Avida Towers Astrea", "category": "residential", "amenity": null, "building": null, "shop": null, "landuse": "residential" }, "geometry": { "type": "Point", "coordinates": [ 121.063593560053278, 14.736170113575421 ] } },
{ "type": "Feature", "properties": { "name": null, "category": "residential", "amenity": null, "building": null, "shop": null, "landuse": "residential" }, "geometry": { "type": "Point", "coordinates": [ 121.083923256856195, 14.70761313354968 ] } },
{ "type": "Feature", "properties": { "name": "Manotoc Subdivision", "category": "residential", "amenity": null, "building": null, "shop": null, "landuse": "residential" }, "geometry": { "type": "Point", "coordinates": [ 121.085582528736694, 14.709450228250979 ] } },
{ "type": "Feature", "properties": { "name": "Jordan Park Homes", "category": "residential", "amenity": null, "building": null, "shop": null, "landuse": "residential" }, "geometry": { "type": "Point", "coordinates": [ 121.086011887699513, 14.710476483916709 ] } },
{ "type": "Feature", "properties": { "name": "Doña Nicasia Puyat Subdivision", "category": "residential", "amenity": null, "building": null, "shop": null, "landuse": "residential" }, "geometry": { "type": "Point", "coordinates": [ 121.08928735251628, 14.71025369858965 ] } },
{ "type": "Feature", "properties": { "name": "La Brea", "category": "residential", "amenity": null, "building": null, "shop": null, "landuse": "residential" }, "geometry": { "type": "Point", "coordinates": [ 121.087624029180787, 14.709868062018138 ] } },
{ "type": "Feature", "properties": { "name": null, "category": "residential", "amenity": null, "building": null, "shop": null, "landuse": "residential" }, "geometry": { "type": "Point", "coordinates": [ 121.089900837286478, 14.706594045 ] } },
{ "type": "Feature", "properties": { "name": null, "category": "residential", "amenity": null, "building": null, "shop": null, "landuse": "residential" }, "geometry": { "type": "Point", "coordinates": [ 121.091742115953807, 14.705290661193601 ] } },
{ "type": "Feature", "properties": { "name": null, "category": "residential", "amenity": null, "building": null, "shop": null, "landuse": "residential" }, "geometry": { "type": "Point", "coordinates": [ 121.08741857556943, 14.706699769687976 ] } },
{ "type": "Feature", "properties": { "name": "Commonwealth Heights Subdivision", "category": "residential", "amenity": null, "building": null, "shop": null, "landuse": "residential" }, "geometry": { "type": "Point", "coordinates": [ 121.086973962734859, 14.704496694198856 ] } },
{ "type": "Feature", "properties": { "name": null, "category": "residential", "amenity": null, "building": null, "shop": null, "landuse": "residential" }, "geometry": { "type": "Point", "coordinates": [ 121.096366981678898, 14.710732673814951 ] } },
{ "type": "Feature", "properties": { "name": "Bistekville 1", "category": "residential", "amenity": null, "building": null, "shop": null, "landuse": "residential" }, "geometry": { "type": "Point", "coordinates": [ 121.095186061340485, 14.712640757812656 ] } },
{ "type": "Feature", "properties": { "name": "Veterans Area 6", "category": "residential", "amenity": null, "building": null, "shop": null, "landuse": "residential" }, "geometry": { "type": "Point", "coordinates": [ 121.105133272940861, 14.712136707935999 ] } },
{ "type": "Feature", "properties": { "name": "Mountain View", "category": "residential", "amenity": null, "building": null, "shop": null, "landuse": "residential" }, "geometry": { "type": "Point", "coordinates": [ 121.100065906012787, 14.708274462227365 ] } },
{ "type": "Feature", "properties": { "name": "Veterans Area 2", "category": "residential", "amenity": null, "building": null, "shop": null, "landuse": "residential" }, "geometry": { "type": "Point", "coordinates": [ 121.10315515787795, 14.707365892755531 ] } },
{ "type": "Feature", "properties": { "name": "Veterans Area 3", "category": "residential", "amenity": null, "building": null, "shop": null, "landuse": "residential" }, "geometry": { "type": "Point", "coordinates": [ 121.105650663557569, 14.70895906942277 ] } },
{ "type": "Feature", "properties": { "name": null, "category": "residential", "amenity": null, "building": null, "shop": null, "landuse": "residential" }, "geometry": { "type": "Point", "coordinates": [ 121.109417586110766, 14.696938033162915 ] } },
{ "type": "Feature", "properties": { "name": "Spring Country", "category": "residential", "amenity": null, "building": null, "shop": null, "landuse": "residential" }, "geometry": { "type": "Point", "coordinates": [ 121.110013585620806, 14.710185701700311 ] } },
{ "type": "Feature", "properties": { "name": "Area 5 Sitio Veterans", "category": "residential", "amenity": null, "building": null, "shop": null, "landuse": "residential" }, "geometry": { "type": "Point", "coordinates": [ 121.112852444612059, 14.706311207119773 ] } },
{ "type": "Feature", "properties": { "name": "Spring Heights II", "category": "residential", "amenity": null, "building": null, "shop": null, "landuse": "residential" }, "geometry": { "type": "Point", "coordinates": [ 121.107465549272789, 14.709762545897973 ] } },
{ "type": "Feature", "properties": { "name": "Winn Residences", "category": "residential", "amenity": null, "building": null, "shop": null, "landuse": "residential" }, "geometry": { "type": "Point", "coordinates": [ 121.109192073967705, 14.70500987193785 ] } },
{ "type": "Feature", "properties": { "name": "Area 4 Sitio Veterans", "category": "residential", "amenity": null, "building": null, "shop": null, "landuse": "residential" }, "geometry": { "type": "Point", "coordinates": [ 121.108702439192825, 14.705377057490047 ] } },
{ "type": "Feature", "properties": { "name": "Filinvest Homes II", "category": "residential", "amenity": null, "building": null, "shop": null, "landuse": "residential" }, "geometry": { "type": "Point", "coordinates": [ 121.104312974263038, 14.695299743894996 ] } },
{ "type": "Feature", "properties": { "name": "Filinvest Heights", "category": "residential", "amenity": null, "building": null, "shop": null, "landuse": "residential" }, "geometry": { "type": "Point", "coordinates": [ 121.108539824414478, 14.70281354118252 ] } },
{ "type": "Feature", "properties": { "name": "Villa Gracia", "category": "residential", "amenity": null, "building": null, "shop": null, "landuse": "residential" }, "geometry": { "type": "Point", "coordinates": [ 121.096601293488675, 14.71395203163998 ] } },
{ "type": "Feature", "properties": { "name": "Bistekville 5", "category": "residential", "amenity": null, "building": null, "shop": null, "landuse": "residential" }, "geometry": { "type": "Point", "coordinates": [ 121.097466581911291, 14.714081275745935 ] } },
{ "type": "Feature", "properties": { "name": "Amlac Ville", "category": "residential", "amenity": null, "building": null, "shop": null, "landuse": "residential" }, "geometry": { "type": "Point", "coordinates": [ 121.102554451629274, 14.720247050293063 ] } },
{ "type": "Feature", "properties": { "name": null, "category": "residential", "amenity": null, "building": null, "shop": null, "landuse": "residential" }, "geometry": { "type": "Point", "coordinates": [ 121.103432418603447, 14.719518380474423 ] } },
{ "type": "Feature", "properties": { "name": "Empire View Park", "category": "residential", "amenity": null, "building": null, "shop": null, "landuse": "residential" }, "geometry": { "type": "Point", "coordinates": [ 121.108988416264367, 14.718651535024284 ] } },
{ "type": "Feature", "properties": { "name": null, "category": "residential", "amenity": null, "building": null, "shop": null, "landuse": "residential" }, "geometry": { "type": "Point", "coordinates": [ 121.110128487403387, 14.713560460073319 ] } },
{ "type": "Feature", "properties": { "name": null, "category": "residential", "amenity": null, "building": null, "shop": null, "landuse": "residential" }, "geometry": { "type": "Point", "coordinates": [ 121.110965765146034, 14.713747969697151 ] } },
{ "type": "Feature", "properties": { "name": "Countryside Village", "category": "residential", "amenity": null, "building": null, "shop": null, "landuse": "residential" }, "geometry": { "type": "Point", "coordinates": [ 121.111263945562115, 14.712167580840028 ] } },
{ "type": "Feature", "properties": { "name": "Brookside", "category": "residential", "amenity": null, "building": null, "shop": null, "landuse": "residential" }, "geometry": { "type": "Point", "coordinates": [ 121.113975150553429, 14.70146891760252 ] } },
{ "type": "Feature", "properties": { "name": "Country Homes", "category": "residential", "amenity": null, "building": null, "shop": null, "landuse": "residential" }, "geometry": { "type": "Point", "coordinates": [ 121.111799512266415, 14.70111804184627 ] } },
{ "type": "Feature", "properties": { "name": "Bistekville 17", "category": "residential", "amenity": null, "building": null, "shop": null, "landuse": "residential" }, "geometry": { "type": "Point", "coordinates": [ 121.101111077414842, 14.704901218345745 ] } },
{ "type": "Feature", "properties": { "name": null, "category": "residential", "amenity": null, "building": null, "shop": null, "landuse": "residential" }, "geometry": { "type": "Point", "coordinates": [ 121.107389742119182, 14.719319684046489 ] } },
{ "type": "Feature", "properties": { "name": null, "category": "residential", "amenity": null, "building": null, "shop": null, "landuse": "residential" }, "geometry": { "type": "Point", "coordinates": [ 121.106163342609364, 14.718638216711664 ] } },
{ "type": "Feature", "properties": { "name": null, "category": "residential", "amenity": null, "building": null, "shop": null, "landuse": "residential" }, "geometry": { "type": "Point", "coordinates": [ 121.105994320816919, 14.719633383859453 ] } },
{ "type": "Feature", "properties": { "name": "Kawayan Housing Project", "category": "residential", "amenity": null, "building": null, "shop": null, "landuse": "residential" }, "geometry": { "type": "Point", "coordinates": [ 121.109759391365003, 14.698919600210274 ] } },
{ "type": "Feature", "properties": { "name": "D&A Vicente Village", "category": "residential", "amenity": null, "building": null, "shop": null, "landuse": "residential" }, "geometry": { "type": "Point", "coordinates": [ 121.110395782501755, 14.699183337117187 ] } },
{ "type": "Feature", "properties": { "name": "Sulyap ng Pag-asa Housing", "category": "residential", "amenity": null, "building": null, "shop": null, "landuse": "residential" }, "geometry": { "type": "Point", "coordinates": [ 121.110661283523925, 14.699955068333665 ] } },
{ "type": "Feature", "properties": { "name": null, "category": "residential", "amenity": null, "building": null, "shop": null, "landuse": "residential" }, "geometry": { "type": "Point", "coordinates": [ 121.110662474234545, 14.700989896177273 ] } },
{ "type": "Feature", "properties": { "name": "Pocalari Compound", "category": "residential", "amenity": null, "building": null, "shop": null, "landuse": "residential" }, "geometry": { "type": "Point", "coordinates": [ 121.111025457954412, 14.70011774353746 ] } },
{ "type": "Feature", "properties": { "name": "Tagumpay Homes", "category": "residential", "amenity": null, "building": null, "shop": null, "landuse": "residential" }, "geometry": { "type": "Point", "coordinates": [ 121.111475300143866, 14.698433850268962 ] } },
{ "type": "Feature", "properties": { "name": "Bona Village", "category": "residential", "amenity": null, "building": null, "shop": null, "landuse": "residential" }, "geometry": { "type": "Point", "coordinates": [ 121.112008197194996, 14.699162247202223 ] } },
{ "type": "Feature", "properties": { "name": "Humanity Village", "category": "residential", "amenity": null, "building": null, "shop": null, "landuse": "residential" }, "geometry": { "type": "Point", "coordinates": [ 121.111196788179768, 14.697946573923517 ] } },
{ "type": "Feature", "properties": { "name": null, "category": "residential", "amenity": null, "building": null, "shop": null, "landuse": "residential" }, "geometry": { "type": "Point", "coordinates": [ 121.108717799716956, 14.69650109778674 ] } },
{ "type": "Feature", "properties": { "name": "Meadow Heights Residences", "category": "residential", "amenity": null, "building": null, "shop": null, "landuse": "residential" }, "geometry": { "type": "Point", "coordinates": [ 121.104648523541769, 14.698913879239925 ] } },
{ "type": "Feature", "properties": { "name": "Covenant Village", "category": "residential", "amenity": null, "building": null, "shop": null, "landuse": "residential" }, "geometry": { "type": "Point", "coordinates": [ 121.10784697093294, 14.695599813553084 ] } },
{ "type": "Feature", "properties": { "name": "Sumamaka", "category": "residential", "amenity": null, "building": null, "shop": null, "landuse": "residential" }, "geometry": { "type": "Point", "coordinates": [ 121.110299507353105, 14.693541778578437 ] } },
{ "type": "Feature", "properties": { "name": "Sipna", "category": "residential", "amenity": null, "building": null, "shop": null, "landuse": "residential" }, "geometry": { "type": "Point", "coordinates": [ 121.11011999222977, 14.693179719516465 ] } },
{ "type": "Feature", "properties": { "name": "Aldea Verde", "category": "residential", "amenity": null, "building": null, "shop": null, "landuse": "residential" }, "geometry": { "type": "Point", "coordinates": [ 121.110201184109357, 14.691537092968238 ] } },
{ "type": "Feature", "properties": { "name": "Purok Singko", "category": "residential", "amenity": null, "building": null, "shop": null, "landuse": "residential" }, "geometry": { "type": "Point", "coordinates": [ 121.107482857449028, 14.696555918649551 ] } },
{ "type": "Feature", "properties": { "name": null, "category": "residential", "amenity": null, "building": null, "shop": null, "landuse": "residential" }, "geometry": { "type": "Point", "coordinates": [ 121.10080843478795, 14.694629526141611 ] } },
{ "type": "Feature", "properties": { "name": "Pook Pag-asa", "category": "residential", "amenity": null, "building": null, "shop": null, "landuse": "residential" }, "geometry": { "type": "Point", "coordinates": [ 121.097631180426418, 14.694027450225928 ] } },
{ "type": "Feature", "properties": { "name": "Sugartowne", "category": "residential", "amenity": null, "building": null, "shop": null, "landuse": "residential" }, "geometry": { "type": "Point", "coordinates": [ 121.100617299414253, 14.692464915151183 ] } },
{ "type": "Feature", "properties": { "name": "Violago Homes", "category": "residential", "amenity": null, "building": null, "shop": null, "landuse": "residential" }, "geometry": { "type": "Point", "coordinates": [ 121.100738943614431, 14.699636312431663 ] } },
{ "type": "Feature", "properties": { "name": null, "category": "residential", "amenity": null, "building": null, "shop": null, "landuse": "residential" }, "geometry": { "type": "Point", "coordinates": [ 121.098033246832699, 14.696190373799695 ] } },
{ "type": "Feature", "properties": { "name": "Capitol Ridge Executive Subdivision", "category": "residential", "amenity": null, "building": null, "shop": null, "landuse": "residential" }, "geometry": { "type": "Point", "coordinates": [ 121.100240610352273, 14.690561225819433 ] } },
{ "type": "Feature", "properties": { "name": "Sunnyside Heights", "category": "residential", "amenity": null, "building": null, "shop": null, "landuse": "residential" }, "geometry": { "type": "Point", "coordinates": [ 121.102161716182238, 14.688301753932251 ] } },
{ "type": "Feature", "properties": { "name": "Shelter Homes", "category": "residential", "amenity": null, "building": null, "shop": null, "landuse": "residential" }, "geometry": { "type": "Point", "coordinates": [ 121.099856939170735, 14.689765142141553 ] } },
{ "type": "Feature", "properties": { "name": "Star HOA", "category": "residential", "amenity": null, "building": null, "shop": null, "landuse": "residential" }, "geometry": { "type": "Point", "coordinates": [ 121.097762605887965, 14.697497629626127 ] } },
{ "type": "Feature", "properties": { "name": null, "category": "residential", "amenity": null, "building": null, "shop": null, "landuse": "residential" }, "geometry": { "type": "Point", "coordinates": [ 121.104101648603859, 14.685962223182763 ] } },
{ "type": "Feature", "properties": { "name": "Villa Amor Uno", "category": "residential", "amenity": null, "building": null, "shop": null, "landuse": "residential" }, "geometry": { "type": "Point", "coordinates": [ 121.104400299549695, 14.686975805663925 ] } },
{ "type": "Feature", "properties": { "name": null, "category": "residential", "amenity": null, "building": null, "shop": null, "landuse": "residential" }, "geometry": { "type": "Point", "coordinates": [ 121.111246538981746, 14.684482988153414 ] } },
{ "type": "Feature", "properties": { "name": "Chatelaine Villas", "category": "residential", "amenity": null, "building": null, "shop": null, "landuse": "residential" }, "geometry": { "type": "Point", "coordinates": [ 121.111154673647206, 14.685747186775808 ] } },
{ "type": "Feature", "properties": { "name": "Northview 2", "category": "residential", "amenity": null, "building": null, "shop": null, "landuse": "residential" }, "geometry": { "type": "Point", "coordinates": [ 121.10831035829041, 14.684230136332983 ] } },
{ "type": "Feature", "properties": { "name": "Serra Monte Villas", "category": "residential", "amenity": null, "building": null, "shop": null, "landuse": "residential" }, "geometry": { "type": "Point", "coordinates": [ 121.110479273134871, 14.687877865346865 ] } },
{ "type": "Feature", "properties": { "name": null, "category": "residential", "amenity": null, "building": null, "shop": null, "landuse": "residential" }, "geometry": { "type": "Point", "coordinates": [ 121.102624602296871, 14.678862598536039 ] } },
{ "type": "Feature", "properties": { "name": "Garland Homes", "category": "residential", "amenity": null, "building": null, "shop": null, "landuse": "residential" }, "geometry": { "type": "Point", "coordinates": [ 121.102732377072812, 14.680033872883369 ] } },
{ "type": "Feature", "properties": { "name": "Garland Woodcrest", "category": "residential", "amenity": null, "building": null, "shop": null, "landuse": "residential" }, "geometry": { "type": "Point", "coordinates": [ 121.103452614313454, 14.679860304145802 ] } },
{ "type": "Feature", "properties": { "name": "Vista Real Classica", "category": "residential", "amenity": null, "building": null, "shop": null, "landuse": "residential" }, "geometry": { "type": "Point", "coordinates": [ 121.103191835649241, 14.676005318643606 ] } },
{ "type": "Feature", "properties": { "name": "Northview 1", "category": "residential", "amenity": null, "building": null, "shop": null, "landuse": "residential" }, "geometry": { "type": "Point", "coordinates": [ 121.105062736851181, 14.679695416340433 ] } },
{ "type": "Feature", "properties": { "name": null, "category": "residential", "amenity": null, "building": null, "shop": null, "landuse": "residential" }, "geometry": { "type": "Point", "coordinates": [ 121.100840822268353, 14.688130914261851 ] } },
{ "type": "Feature", "properties": { "name": "Nelson Ville", "category": "residential", "amenity": null, "building": null, "shop": null, "landuse": "residential" }, "geometry": { "type": "Point", "coordinates": [ 121.100094373271105, 14.688303657439574 ] } },
{ "type": "Feature", "properties": { "name": "Ohana Homes 2", "category": "residential", "amenity": null, "building": null, "shop": null, "landuse": "residential" }, "geometry": { "type": "Point", "coordinates": [ 121.100554657277584, 14.688954503211161 ] } },
{ "type": "Feature", "properties": { "name": "Sitio Uno Kaliwa", "category": "residential", "amenity": null, "building": null, "shop": null, "landuse": "residential" }, "geometry": { "type": "Point", "coordinates": [ 121.098504166971296, 14.690386089872169 ] } },
{ "type": "Feature", "properties": { "name": "Soldiers Homes", "category": "residential", "amenity": null, "building": null, "shop": null, "landuse": "residential" }, "geometry": { "type": "Point", "coordinates": [ 121.09747378989664, 14.690920345823296 ] } },
{ "type": "Feature", "properties": { "name": null, "category": "residential", "amenity": null, "building": null, "shop": null, "landuse": "residential" }, "geometry": { "type": "Point", "coordinates": [ 121.101222860101672, 14.700835655291568 ] } },
{ "type": "Feature", "properties": { "name": "Pugot", "category": "residential", "amenity": null, "building": null, "shop": null, "landuse": "residential" }, "geometry": { "type": "Point", "coordinates": [ 121.102533224843953, 14.700649337457104 ] } },
{ "type": "Feature", "properties": { "name": "Batasan Hills Subdivision", "category": "residential", "amenity": null, "building": null, "shop": null, "landuse": "residential" }, "geometry": { "type": "Point", "coordinates": [ 121.097045242394444, 14.687476817263436 ] } },
{ "type": "Feature", "properties": { "name": null, "category": "residential", "amenity": null, "building": null, "shop": null, "landuse": "residential" }, "geometry": { "type": "Point", "coordinates": [ 121.118760830498914, 14.727507162858874 ] } },
{ "type": "Feature", "properties": { "name": "Violago Parkwood Hills", "category": "residential", "amenity": null, "building": null, "shop": null, "landuse": "residential" }, "geometry": { "type": "Point", "coordinates": [ 121.116600745870116, 14.724062240800672 ] } },
{ "type": "Feature", "properties": { "name": null, "category": "residential", "amenity": null, "building": null, "shop": null, "landuse": "residential" }, "geometry": { "type": "Point", "coordinates": [ 121.090773328311457, 14.693702551433601 ] } },
{ "type": "Feature", "properties": { "name": "Alta Vista Village", "category": "residential", "amenity": null, "building": null, "shop": null, "landuse": "residential" }, "geometry": { "type": "Point", "coordinates": [ 121.07592858393852, 14.630607413371099 ] } },
{ "type": "Feature", "properties": { "name": "Bistek Ville Ⅲ", "category": "residential", "amenity": null, "building": null, "shop": null, "landuse": "residential" }, "geometry": { "type": "Point", "coordinates": [ 121.074952932478681, 14.62433886934666 ] } },
{ "type": "Feature", "properties": { "name": null, "category": "residential", "amenity": null, "building": null, "shop": null, "landuse": "residential" }, "geometry": { "type": "Point", "coordinates": [ 121.074740667104038, 14.625450510398279 ] } },
{ "type": "Feature", "properties": { "name": null, "category": "residential", "amenity": null, "building": null, "shop": null, "landuse": "residential" }, "geometry": { "type": "Point", "coordinates": [ 121.074657247209274, 14.62394011337482 ] } },
{ "type": "Feature", "properties": { "name": "Industrial Valley Complex", "category": "residential", "amenity": null, "building": null, "shop": null, "landuse": "residential" }, "geometry": { "type": "Point", "coordinates": [ 121.078008907052052, 14.625479099569846 ] } },
{ "type": "Feature", "properties": { "name": "Villa Ortigas I", "category": "residential", "amenity": null, "building": null, "shop": null, "landuse": "residential" }, "geometry": { "type": "Point", "coordinates": [ 121.038237812609722, 14.607640363592898 ] } },
{ "type": "Feature", "properties": { "name": "Green Haven Park Homes", "category": "residential", "amenity": null, "building": null, "shop": null, "landuse": "residential" }, "geometry": { "type": "Point", "coordinates": [ 121.037582512254829, 14.607492115386254 ] } },
{ "type": "Feature", "properties": { "name": "Centennial Place", "category": "residential", "amenity": null, "building": null, "shop": null, "landuse": "residential" }, "geometry": { "type": "Point", "coordinates": [ 121.043668949852758, 14.611337576232378 ] } },
{ "type": "Feature", "properties": { "name": "Interstate Townhomes", "category": "residential", "amenity": null, "building": null, "shop": null, "landuse": "residential" }, "geometry": { "type": "Point", "coordinates": [ 121.044369673536622, 14.611645258612562 ] } },
{ "type": "Feature", "properties": { "name": null, "category": "residential", "amenity": null, "building": null, "shop": null, "landuse": "residential" }, "geometry": { "type": "Point", "coordinates": [ 121.052213691221169, 14.612516244997339 ] } },
{ "type": "Feature", "properties": { "name": "Planas Site", "category": "residential", "amenity": null, "building": null, "shop": null, "landuse": "residential" }, "geometry": { "type": "Point", "coordinates": [ 121.050801438807639, 14.61510773071706 ] } },
{ "type": "Feature", "properties": { "name": null, "category": "residential", "amenity": null, "building": null, "shop": null, "landuse": "residential" }, "geometry": { "type": "Point", "coordinates": [ 121.05168837356527, 14.614510743829495 ] } },
{ "type": "Feature", "properties": { "name": null, "category": "residential", "amenity": null, "building": null, "shop": null, "landuse": "residential" }, "geometry": { "type": "Point", "coordinates": [ 121.050783845641803, 14.612843526331771 ] } },
{ "type": "Feature", "properties": { "name": "Park Avenue Townhouses", "category": "residential", "amenity": null, "building": null, "shop": null, "landuse": "residential" }, "geometry": { "type": "Point", "coordinates": [ 121.06443356234314, 14.620432348328873 ] } },
{ "type": "Feature", "properties": { "name": null, "category": "residential", "amenity": null, "building": null, "shop": null, "landuse": "residential" }, "geometry": { "type": "Point", "coordinates": [ 121.067568610589106, 14.615239662453147 ] } },
{ "type": "Feature", "properties": { "name": null, "category": "residential", "amenity": null, "building": null, "shop": null, "landuse": "residential" }, "geometry": { "type": "Point", "coordinates": [ 121.064727026810743, 14.614315546765955 ] } },
{ "type": "Feature", "properties": { "name": "Villa Marie Executive Townhomes", "category": "residential", "amenity": null, "building": null, "shop": null, "landuse": "residential" }, "geometry": { "type": "Point", "coordinates": [ 121.064386745252733, 14.61412959470289 ] } },
{ "type": "Feature", "properties": { "name": "Saint Ignatius Village", "category": "residential", "amenity": null, "building": null, "shop": null, "landuse": "residential" }, "geometry": { "type": "Point", "coordinates": [ 121.073094403030694, 14.612720030707704 ] } },
{ "type": "Feature", "properties": { "name": "Acropolis", "category": "residential", "amenity": null, "building": null, "shop": null, "landuse": "residential" }, "geometry": { "type": "Point", "coordinates": [ 121.076789006237576, 14.604787644093769 ] } },
{ "type": "Feature", "properties": { "name": "White Plains", "category": "residential", "amenity": null, "building": null, "shop": null, "landuse": "residential" }, "geometry": { "type": "Point", "coordinates": [ 121.072869596487152, 14.606250536407622 ] } },
{ "type": "Feature", "properties": { "name": "White Plains Terraces", "category": "residential", "amenity": null, "building": null, "shop": null, "landuse": "residential" }, "geometry": { "type": "Point", "coordinates": [ 121.07072822107655, 14.605552395821412 ] } },
{ "type": "Feature", "properties": { "name": "Greenwich", "category": "residential", "amenity": null, "building": null, "shop": null, "landuse": "residential" }, "geometry": { "type": "Point", "coordinates": [ 121.066994078870152, 14.597747369971611 ] } },
{ "type": "Feature", "properties": { "name": "Corinthian Gardens", "category": "residential", "amenity": null, "building": null, "shop": null, "landuse": "residential" }, "geometry": { "type": "Point", "coordinates": [ 121.064227971607068, 14.595781172535402 ] } },
{ "type": "Feature", "properties": { "name": "Corinthian Hills", "category": "residential", "amenity": null, "building": null, "shop": null, "landuse": "residential" }, "geometry": { "type": "Point", "coordinates": [ 121.069281038605908, 14.596669566683731 ] } },
{ "type": "Feature", "properties": { "name": "Arcadia", "category": "residential", "amenity": null, "building": null, "shop": null, "landuse": "residential" }, "geometry": { "type": "Point", "coordinates": [ 121.061612305159272, 14.592865470160838 ] } },
{ "type": "Feature", "properties": { "name": "Blue Ridge B", "category": "residential", "amenity": null, "building": null, "shop": null, "landuse": "residential" }, "geometry": { "type": "Point", "coordinates": [ 121.075377414617478, 14.617937578250897 ] } },
{ "type": "Feature", "properties": { "name": null, "category": "residential", "amenity": null, "building": null, "shop": null, "landuse": "residential" }, "geometry": { "type": "Point", "coordinates": [ 121.071609925656219, 14.629096473349263 ] } },
{ "type": "Feature", "properties": { "name": "Villa Soledad Townhomes", "category": "residential", "amenity": null, "building": null, "shop": null, "landuse": "residential" }, "geometry": { "type": "Point", "coordinates": [ 121.071431840131979, 14.629456209794467 ] } },
{ "type": "Feature", "properties": { "name": null, "category": "residential", "amenity": null, "building": null, "shop": null, "landuse": "residential" }, "geometry": { "type": "Point", "coordinates": [ 121.072865876480321, 14.627770643569692 ] } },
{ "type": "Feature", "properties": { "name": "Potential Townhouse", "category": "residential", "amenity": null, "building": null, "shop": null, "landuse": "residential" }, "geometry": { "type": "Point", "coordinates": [ 121.059290251182674, 14.621791452065361 ] } },
{ "type": "Feature", "properties": { "name": "Dalaya Executive Townhomes", "category": "residential", "amenity": null, "building": null, "shop": null, "landuse": "residential" }, "geometry": { "type": "Point", "coordinates": [ 121.059547903526692, 14.621466298956493 ] } },
{ "type": "Feature", "properties": { "name": "Symfoni", "category": "residential", "amenity": null, "building": null, "shop": null, "landuse": "residential" }, "geometry": { "type": "Point", "coordinates": [ 121.055509106500978, 14.630675089391389 ] } },
{ "type": "Feature", "properties": { "name": "Dorothy Townhomes", "category": "residential", "amenity": null, "building": null, "shop": null, "landuse": "residential" }, "geometry": { "type": "Point", "coordinates": [ 121.055593352765555, 14.630470600975855 ] } },
{ "type": "Feature", "properties": { "name": "Tierra Vista Executive Homes", "category": "residential", "amenity": null, "building": null, "shop": null, "landuse": "residential" }, "geometry": { "type": "Point", "coordinates": [ 121.055970764135608, 14.630664320242994 ] } },
{ "type": "Feature", "properties": { "name": "Xavierville Ⅰ", "category": "residential", "amenity": null, "building": null, "shop": null, "landuse": "residential" }, "geometry": { "type": "Point", "coordinates": [ 121.071587477184124, 14.633633530943671 ] } },
{ "type": "Feature", "properties": { "name": "Diamond Court", "category": "residential", "amenity": null, "building": null, "shop": null, "landuse": "residential" }, "geometry": { "type": "Point", "coordinates": [ 121.070256106505227, 14.633211896828623 ] } },
{ "type": "Feature", "properties": { "name": "Regina Mezzanine", "category": "residential", "amenity": null, "building": null, "shop": null, "landuse": "residential" }, "geometry": { "type": "Point", "coordinates": [ 121.072191555676909, 14.63411534611717 ] } },
{ "type": "Feature", "properties": { "name": null, "category": "residential", "amenity": null, "building": null, "shop": null, "landuse": "residential" }, "geometry": { "type": "Point", "coordinates": [ 121.070594681026634, 14.63939673626278 ] } },
{ "type": "Feature", "properties": { "name": "Ronas Garden", "category": "residential", "amenity": null, "building": null, "shop": null, "landuse": "residential" }, "geometry": { "type": "Point", "coordinates": [ 121.072091664025848, 14.635099147333044 ] } },
{ "type": "Feature", "properties": { "name": "Varsity Hills", "category": "residential", "amenity": null, "building": null, "shop": null, "landuse": "residential" }, "geometry": { "type": "Point", "coordinates": [ 121.071603279021943, 14.638710315682387 ] } },
{ "type": "Feature", "properties": { "name": "Park 7 Urban Poor Community", "category": "residential", "amenity": null, "building": null, "shop": null, "landuse": "residential" }, "geometry": { "type": "Point", "coordinates": [ 121.071258706982974, 14.639596021179287 ] } },
{ "type": "Feature", "properties": { "name": "Hardin ng Rosas", "category": "residential", "amenity": null, "building": null, "shop": null, "landuse": "residential" }, "geometry": { "type": "Point", "coordinates": [ 121.069393915770519, 14.643150268223655 ] } },
{ "type": "Feature", "properties": { "name": null, "category": "residential", "amenity": null, "building": null, "shop": null, "landuse": "residential" }, "geometry": { "type": "Point", "coordinates": [ 121.071657095784587, 14.645373223919666 ] } },
{ "type": "Feature", "properties": { "name": null, "category": "residential", "amenity": null, "building": null, "shop": null, "landuse": "residential" }, "geometry": { "type": "Point", "coordinates": [ 121.064864245428154, 14.636809151138564 ] } },
{ "type": "Feature", "properties": { "name": "Sikatuna Bliss Ⅰ", "category": "residential", "amenity": null, "building": null, "shop": null, "landuse": "residential" }, "geometry": { "type": "Point", "coordinates": [ 121.065140238575466, 14.640047061844308 ] } },
{ "type": "Feature", "properties": { "name": null, "category": "residential", "amenity": null, "building": null, "shop": null, "landuse": "residential" }, "geometry": { "type": "Point", "coordinates": [ 121.079588771147897, 14.668492047335555 ] } },
{ "type": "Feature", "properties": { "name": null, "category": "residential", "amenity": null, "building": null, "shop": null, "landuse": "residential" }, "geometry": { "type": "Point", "coordinates": [ 121.079104785630847, 14.668330882534582 ] } },
{ "type": "Feature", "properties": { "name": null, "category": "residential", "amenity": null, "building": null, "shop": null, "landuse": "residential" }, "geometry": { "type": "Point", "coordinates": [ 121.079461793158572, 14.667985993138231 ] } },
{ "type": "Feature", "properties": { "name": null, "category": "residential", "amenity": null, "building": null, "shop": null, "landuse": "residential" }, "geometry": { "type": "Point", "coordinates": [ 121.078568127857238, 14.668107141788084 ] } },
{ "type": "Feature", "properties": { "name": "Alpha Village", "category": "residential", "amenity": null, "building": null, "shop": null, "landuse": "residential" }, "geometry": { "type": "Point", "coordinates": [ 121.080595703317982, 14.666913674477813 ] } },
{ "type": "Feature", "properties": { "name": "Pentagon Homes", "category": "residential", "amenity": null, "building": null, "shop": null, "landuse": "residential" }, "geometry": { "type": "Point", "coordinates": [ 121.081710379650687, 14.669369288893419 ] } },
{ "type": "Feature", "properties": { "name": "M Residences at Capitol Hills", "category": "residential", "amenity": null, "building": null, "shop": null, "landuse": "residential" }, "geometry": { "type": "Point", "coordinates": [ 121.080516748381058, 14.668935059204989 ] } },
{ "type": "Feature", "properties": { "name": "Hobart Homes", "category": "residential", "amenity": null, "building": null, "shop": null, "landuse": "residential" }, "geometry": { "type": "Point", "coordinates": [ 121.07958658045456, 14.66964658870773 ] } },
{ "type": "Feature", "properties": { "name": null, "category": "residential", "amenity": null, "building": null, "shop": null, "landuse": "residential" }, "geometry": { "type": "Point", "coordinates": [ 121.081822951675193, 14.671374598144494 ] } },
{ "type": "Feature", "properties": { "name": "Golfhill Terraces & Gardens", "category": "residential", "amenity": null, "building": null, "shop": null, "landuse": "residential" }, "geometry": { "type": "Point", "coordinates": [ 121.082854614900725, 14.667011008932242 ] } },
{ "type": "Feature", "properties": { "name": "Primehomes Capitol Hills", "category": "residential", "amenity": null, "building": null, "shop": null, "landuse": "residential" }, "geometry": { "type": "Point", "coordinates": [ 121.077982321942272, 14.665220565415316 ] } },
{ "type": "Feature", "properties": { "name": null, "category": "residential", "amenity": null, "building": null, "shop": null, "landuse": "residential" }, "geometry": { "type": "Point", "coordinates": [ 121.079059001792785, 14.667458204060365 ] } },
{ "type": "Feature", "properties": { "name": "Premiere Court", "category": "residential", "amenity": null, "building": null, "shop": null, "landuse": "residential" }, "geometry": { "type": "Point", "coordinates": [ 121.078422739851518, 14.66734718851076 ] } },
{ "type": "Feature", "properties": { "name": "The Manors", "category": "residential", "amenity": null, "building": null, "shop": null, "landuse": "residential" }, "geometry": { "type": "Point", "coordinates": [ 121.078626825177324, 14.66675320882244 ] } },
{ "type": "Feature", "properties": { "name": "Country Villas", "category": "residential", "amenity": null, "building": null, "shop": null, "landuse": "residential" }, "geometry": { "type": "Point", "coordinates": [ 121.083034803113378, 14.669342589186877 ] } },
{ "type": "Feature", "properties": { "name": "Don Antonio Royale", "category": "residential", "amenity": null, "building": null, "shop": null, "landuse": "residential" }, "geometry": { "type": "Point", "coordinates": [ 121.085985436993909, 14.673656156772859 ] } },
{ "type": "Feature", "properties": { "name": "Commonwealth Townhomes", "category": "residential", "amenity": null, "building": null, "shop": null, "landuse": "residential" }, "geometry": { "type": "Point", "coordinates": [ 121.082580375954379, 14.672289544776543 ] } },
{ "type": "Feature", "properties": { "name": "Liwanag", "category": "residential", "amenity": null, "building": null, "shop": null, "landuse": "residential" }, "geometry": { "type": "Point", "coordinates": [ 121.082906700565076, 14.673453825943639 ] } },
{ "type": "Feature", "properties": { "name": "Loyola Grand Villas", "category": "residential", "amenity": null, "building": null, "shop": null, "landuse": "residential" }, "geometry": { "type": "Point", "coordinates": [ 121.087386568843371, 14.647211295181151 ] } },
{ "type": "Feature", "properties": { "name": "Loyola Grand Villas", "category": "residential", "amenity": null, "building": null, "shop": null, "landuse": "residential" }, "geometry": { "type": "Point", "coordinates": [ 121.087583806973242, 14.650194075871973 ] } },
{ "type": "Feature", "properties": { "name": "Buenavista Ville", "category": "residential", "amenity": null, "building": null, "shop": null, "landuse": "residential" }, "geometry": { "type": "Point", "coordinates": [ 121.099143518680933, 14.672834575882517 ] } },
{ "type": "Feature", "properties": { "name": "Vista Real Classica 2", "category": "residential", "amenity": null, "building": null, "shop": null, "landuse": "residential" }, "geometry": { "type": "Point", "coordinates": [ 121.097423099107388, 14.67842813016947 ] } },
{ "type": "Feature", "properties": { "name": "Filinvest Homes 1", "category": "residential", "amenity": null, "building": null, "shop": null, "landuse": "residential" }, "geometry": { "type": "Point", "coordinates": [ 121.092846590144319, 14.681079963115067 ] } },
{ "type": "Feature", "properties": { "name": "Luzviminda Village", "category": "residential", "amenity": null, "building": null, "shop": null, "landuse": "residential" }, "geometry": { "type": "Point", "coordinates": [ 121.092966614553291, 14.685500185002619 ] } },
{ "type": "Feature", "properties": { "name": "Ciudad Regina", "category": "residential", "amenity": null, "building": null, "shop": null, "landuse": "residential" }, "geometry": { "type": "Point", "coordinates": [ 121.094177063871342, 14.68473885078093 ] } },
{ "type": "Feature", "properties": { "name": "Doña Pilar Compound", "category": "residential", "amenity": null, "building": null, "shop": null, "landuse": "residential" }, "geometry": { "type": "Point", "coordinates": [ 121.091161923704277, 14.682729366085491 ] } },
{ "type": "Feature", "properties": { "name": "Villa Arca", "category": "residential", "amenity": null, "building": null, "shop": null, "landuse": "residential" }, "geometry": { "type": "Point", "coordinates": [ 121.015797909364125, 14.666266722794353 ] } },
{ "type": "Feature", "properties": { "name": "Asamba Compound", "category": "residential", "amenity": null, "building": null, "shop": null, "landuse": "residential" }, "geometry": { "type": "Point", "coordinates": [ 121.015474934770793, 14.665401099567877 ] } },
{ "type": "Feature", "properties": { "name": null, "category": "residential", "amenity": null, "building": null, "shop": null, "landuse": "residential" }, "geometry": { "type": "Point", "coordinates": [ 121.043364311508483, 14.645583440338932 ] } },
{ "type": "Feature", "properties": { "name": "68 Roces Luxury Residences", "category": "residential", "amenity": null, "building": null, "shop": null, "landuse": "residential" }, "geometry": { "type": "Point", "coordinates": [ 121.026387565518036, 14.629406890196622 ] } },
{ "type": "Feature", "properties": { "name": "Geronimo Subdivision", "category": "residential", "amenity": null, "building": null, "shop": null, "landuse": "residential" }, "geometry": { "type": "Point", "coordinates": [ 121.030153190204828, 14.67329012320598 ] } },
{ "type": "Feature", "properties": { "name": "Banlat Residences", "category": "residential", "amenity": null, "building": null, "shop": null, "landuse": "residential" }, "geometry": { "type": "Point", "coordinates": [ 121.035874406561348, 14.677333376198286 ] } },
{ "type": "Feature", "properties": { "name": "Reyes Compound", "category": "residential", "amenity": null, "building": null, "shop": null, "landuse": "residential" }, "geometry": { "type": "Point", "coordinates": [ 121.035199755139658, 14.680067284420511 ] } },
{ "type": "Feature", "properties": { "name": "Galler Heights", "category": "residential", "amenity": null, "building": null, "shop": null, "landuse": "residential" }, "geometry": { "type": "Point", "coordinates": [ 121.035799809766118, 14.679363685119171 ] } },
{ "type": "Feature", "properties": { "name": "Gremville", "category": "residential", "amenity": null, "building": null, "shop": null, "landuse": "residential" }, "geometry": { "type": "Point", "coordinates": [ 121.037116232709181, 14.677637616171792 ] } },
{ "type": "Feature", "properties": { "name": "Saint Dominic 5", "category": "residential", "amenity": null, "building": null, "shop": null, "landuse": "residential" }, "geometry": { "type": "Point", "coordinates": [ 121.035294202506847, 14.675015234727574 ] } },
{ "type": "Feature", "properties": { "name": "Verbena Park Residences", "category": "residential", "amenity": null, "building": null, "shop": null, "landuse": "residential" }, "geometry": { "type": "Point", "coordinates": [ 121.036094769334753, 14.673531391287529 ] } },
{ "type": "Feature", "properties": { "name": "Lourdes Herrera", "category": "residential", "amenity": null, "building": null, "shop": null, "landuse": "residential" }, "geometry": { "type": "Point", "coordinates": [ 121.035582197977234, 14.673735420341984 ] } },
{ "type": "Feature", "properties": { "name": "Jubilee Villas", "category": "residential", "amenity": null, "building": null, "shop": null, "landuse": "residential" }, "geometry": { "type": "Point", "coordinates": [ 121.036404937485798, 14.682443927040682 ] } },
{ "type": "Feature", "properties": { "name": "Torres", "category": "residential", "amenity": null, "building": null, "shop": null, "landuse": "residential" }, "geometry": { "type": "Point", "coordinates": [ 121.036601736186654, 14.681416124589312 ] } },
{ "type": "Feature", "properties": { "name": "Villa Rebecca Homes 3", "category": "residential", "amenity": null, "building": null, "shop": null, "landuse": "residential" }, "geometry": { "type": "Point", "coordinates": [ 121.035554292029531, 14.681728812979772 ] } },
{ "type": "Feature", "properties": { "name": "Stellar Place", "category": "residential", "amenity": null, "building": null, "shop": null, "landuse": "residential" }, "geometry": { "type": "Point", "coordinates": [ 121.042364555502871, 14.66812427415047 ] } },
{ "type": "Feature", "properties": { "name": "Gem 5 Subdivision", "category": "residential", "amenity": null, "building": null, "shop": null, "landuse": "residential" }, "geometry": { "type": "Point", "coordinates": [ 121.042590851854357, 14.669021805045523 ] } },
{ "type": "Feature", "properties": { "name": "Servants of Charity Homeowners' Association", "category": "residential", "amenity": null, "building": null, "shop": null, "landuse": "residential" }, "geometry": { "type": "Point", "coordinates": [ 121.053971779120772, 14.678874778634805 ] } },
{ "type": "Feature", "properties": { "name": "Centerville Subdivision", "category": "residential", "amenity": null, "building": null, "shop": null, "landuse": "residential" }, "geometry": { "type": "Point", "coordinates": [ 121.054747686579049, 14.67659714293867 ] } },
{ "type": "Feature", "properties": { "name": "Tierra Verde Ⅱ", "category": "residential", "amenity": null, "building": null, "shop": null, "landuse": "residential" }, "geometry": { "type": "Point", "coordinates": [ 121.053243712625843, 14.674868133641059 ] } },
{ "type": "Feature", "properties": { "name": "Maries Village", "category": "residential", "amenity": null, "building": null, "shop": null, "landuse": "residential" }, "geometry": { "type": "Point", "coordinates": [ 121.056506017971486, 14.678155173782082 ] } },
{ "type": "Feature", "properties": { "name": "Mira-Nila Homes", "category": "residential", "amenity": null, "building": null, "shop": null, "landuse": "residential" }, "geometry": { "type": "Point", "coordinates": [ 121.059351658319457, 14.675072712072431 ] } },
{ "type": "Feature", "properties": { "name": "Bonifacio Village", "category": "residential", "amenity": null, "building": null, "shop": null, "landuse": "residential" }, "geometry": { "type": "Point", "coordinates": [ 121.065392698255764, 14.678149812366252 ] } },
{ "type": "Feature", "properties": { "name": null, "category": "residential", "amenity": null, "building": null, "shop": null, "landuse": "residential" }, "geometry": { "type": "Point", "coordinates": [ 121.058263298558572, 14.67790864816493 ] } },
{ "type": "Feature", "properties": { "name": "Embassy Terrace Homes", "category": "residential", "amenity": null, "building": null, "shop": null, "landuse": "residential" }, "geometry": { "type": "Point", "coordinates": [ 121.059559144576497, 14.678090038075693 ] } },
{ "type": "Feature", "properties": { "name": "Gonzales Compound", "category": "residential", "amenity": null, "building": null, "shop": null, "landuse": "residential" }, "geometry": { "type": "Point", "coordinates": [ 121.024730551499275, 14.725963647958379 ] } },
{ "type": "Feature", "properties": { "name": "Gerry Ville", "category": "residential", "amenity": null, "building": null, "shop": null, "landuse": "residential" }, "geometry": { "type": "Point", "coordinates": [ 121.031336900048984, 14.725093028345357 ] } },
{ "type": "Feature", "properties": { "name": "Clemente Subdivision", "category": "residential", "amenity": null, "building": null, "shop": null, "landuse": "residential" }, "geometry": { "type": "Point", "coordinates": [ 121.037322508652338, 14.732318919749277 ] } },
{ "type": "Feature", "properties": { "name": "GreenFields 3 Subdivision", "category": "residential", "amenity": null, "building": null, "shop": null, "landuse": "residential" }, "geometry": { "type": "Point", "coordinates": [ 121.032884197628221, 14.731392261379145 ] } },
{ "type": "Feature", "properties": { "name": "Interville Ⅱ", "category": "residential", "amenity": null, "building": null, "shop": null, "landuse": "residential" }, "geometry": { "type": "Point", "coordinates": [ 121.047389268988809, 14.66984906709399 ] } },
{ "type": "Feature", "properties": { "name": null, "category": "residential", "amenity": null, "building": null, "shop": null, "landuse": "residential" }, "geometry": { "type": "Point", "coordinates": [ 121.04781016299691, 14.669830090678552 ] } },
{ "type": "Feature", "properties": { "name": "Desire Compound", "category": "residential", "amenity": null, "building": null, "shop": null, "landuse": "residential" }, "geometry": { "type": "Point", "coordinates": [ 121.047302332983207, 14.669012246521561 ] } },
{ "type": "Feature", "properties": { "name": "Villa Angelica", "category": "residential", "amenity": null, "building": null, "shop": null, "landuse": "residential" }, "geometry": { "type": "Point", "coordinates": [ 121.013258786511997, 14.714023103743946 ] } },
{ "type": "Feature", "properties": { "name": "Santiago Compound", "category": "residential", "amenity": null, "building": null, "shop": null, "landuse": "residential" }, "geometry": { "type": "Point", "coordinates": [ 121.01507285609722, 14.712284864875194 ] } },
{ "type": "Feature", "properties": { "name": "Dela Cruz Compound", "category": "residential", "amenity": null, "building": null, "shop": null, "landuse": "residential" }, "geometry": { "type": "Point", "coordinates": [ 121.015163353042297, 14.712579726091171 ] } },
{ "type": "Feature", "properties": { "name": "Miranda Subdivision", "category": "residential", "amenity": null, "building": null, "shop": null, "landuse": "residential" }, "geometry": { "type": "Point", "coordinates": [ 121.02334356757234, 14.726304149538604 ] } },
{ "type": "Feature", "properties": { "name": "Santa Monica Village", "category": "residential", "amenity": null, "building": null, "shop": null, "landuse": "residential" }, "geometry": { "type": "Point", "coordinates": [ 121.036747042902292, 14.709785708202352 ] } },
{ "type": "Feature", "properties": { "name": "Menrey Village", "category": "residential", "amenity": null, "building": null, "shop": null, "landuse": "residential" }, "geometry": { "type": "Point", "coordinates": [ 121.037941094656134, 14.709654259538055 ] } },
{ "type": "Feature", "properties": { "name": "La Vista Subdivision", "category": "residential", "amenity": null, "building": null, "shop": null, "landuse": "residential" }, "geometry": { "type": "Point", "coordinates": [ 121.081591284686084, 14.648393604823955 ] } },
{ "type": "Feature", "properties": { "name": "Santa Elena", "category": "residential", "amenity": null, "building": null, "shop": null, "landuse": "residential" }, "geometry": { "type": "Point", "coordinates": [ 121.097925110015481, 14.669613834681838 ] } },
{ "type": "Feature", "properties": { "name": "Capitol Park Homes", "category": "residential", "amenity": null, "building": null, "shop": null, "landuse": "residential" }, "geometry": { "type": "Point", "coordinates": [ 121.093557956619804, 14.671417958361133 ] } },
{ "type": "Feature", "properties": { "name": null, "category": "residential", "amenity": null, "building": null, "shop": null, "landuse": "residential" }, "geometry": { "type": "Point", "coordinates": [ 121.077017302996694, 14.67377216173116 ] } },
{ "type": "Feature", "properties": { "name": "Capitol Compound", "category": "residential", "amenity": null, "building": null, "shop": null, "landuse": "residential" }, "geometry": { "type": "Point", "coordinates": [ 121.077725971154905, 14.674167637045706 ] } },
{ "type": "Feature", "properties": { "name": null, "category": "residential", "amenity": null, "building": null, "shop": null, "landuse": "residential" }, "geometry": { "type": "Point", "coordinates": [ 121.076304701356491, 14.673449801039705 ] } },
{ "type": "Feature", "properties": { "name": "H & S Citihomes 2", "category": "residential", "amenity": null, "building": null, "shop": null, "landuse": "residential" }, "geometry": { "type": "Point", "coordinates": [ 121.077117104647428, 14.676768462087225 ] } },
{ "type": "Feature", "properties": { "name": "Montville Place Quirino", "category": "residential", "amenity": null, "building": null, "shop": null, "landuse": "residential" }, "geometry": { "type": "Point", "coordinates": [ 121.043780716427634, 14.70237233729112 ] } },
{ "type": "Feature", "properties": { "name": "Saint Joseprh Townhomes", "category": "residential", "amenity": null, "building": null, "shop": null, "landuse": "residential" }, "geometry": { "type": "Point", "coordinates": [ 121.041996838454594, 14.675334191991737 ] } },
{ "type": "Feature", "properties": { "name": "Victorville Townhomes", "category": "residential", "amenity": null, "building": null, "shop": null, "landuse": "residential" }, "geometry": { "type": "Point", "coordinates": [ 121.041568598376344, 14.675182929246416 ] } },
{ "type": "Feature", "properties": { "name": "Our Lady's Court Subdivision", "category": "residential", "amenity": null, "building": null, "shop": null, "landuse": "residential" }, "geometry": { "type": "Point", "coordinates": [ 121.065183074163272, 14.671571860958064 ] } },
{ "type": "Feature", "properties": { "name": "Congressional Village", "category": "residential", "amenity": null, "building": null, "shop": null, "landuse": "residential" }, "geometry": { "type": "Point", "coordinates": [ 121.026119065509192, 14.666973955715125 ] } },
{ "type": "Feature", "properties": { "name": "Francesco Townhomes", "category": "residential", "amenity": null, "building": null, "shop": null, "landuse": "residential" }, "geometry": { "type": "Point", "coordinates": [ 121.029245918867716, 14.668656549802684 ] } },
{ "type": "Feature", "properties": { "name": "Maligaya", "category": "residential", "amenity": null, "building": null, "shop": null, "landuse": "residential" }, "geometry": { "type": "Point", "coordinates": [ 121.024553336772797, 14.668619085092647 ] } },
{ "type": "Feature", "properties": { "name": "Kaingin 1", "category": "residential", "amenity": null, "building": null, "shop": null, "landuse": "residential" }, "geometry": { "type": "Point", "coordinates": [ 121.084987149588883, 14.655933463686859 ] } },
{ "type": "Feature", "properties": { "name": "Acropolis Loyola", "category": "residential", "amenity": null, "building": null, "shop": null, "landuse": "residential" }, "geometry": { "type": "Point", "coordinates": [ 121.094008093609901, 14.66278054621081 ] } },
{ "type": "Feature", "properties": { "name": "Ayala Heights", "category": "residential", "amenity": null, "building": null, "shop": null, "landuse": "residential" }, "geometry": { "type": "Point", "coordinates": [ 121.087438278362072, 14.664023075902708 ] } },
{ "type": "Feature", "properties": { "name": "Kaingin 2", "category": "residential", "amenity": null, "building": null, "shop": null, "landuse": "residential" }, "geometry": { "type": "Point", "coordinates": [ 121.083009329625625, 14.652621999252423 ] } },
{ "type": "Feature", "properties": { "name": "MWSS Balara Homesite", "category": "residential", "amenity": null, "building": null, "shop": null, "landuse": "residential" }, "geometry": { "type": "Point", "coordinates": [ 121.078824392813019, 14.653684790527201 ] } },
{ "type": "Feature", "properties": { "name": "Doña Ana Village", "category": "residential", "amenity": null, "building": null, "shop": null, "landuse": "residential" }, "geometry": { "type": "Point", "coordinates": [ 121.105487925669763, 14.684290696946032 ] } },
{ "type": "Feature", "properties": { "name": "Northview Villas", "category": "residential", "amenity": null, "building": null, "shop": null, "landuse": "residential" }, "geometry": { "type": "Point", "coordinates": [ 121.103516102928936, 14.682323864535748 ] } },
{ "type": "Feature", "properties": { "name": "New Intramuros Village Park", "category": "residential", "amenity": null, "building": null, "shop": null, "landuse": "residential" }, "geometry": { "type": "Point", "coordinates": [ 121.07283899852375, 14.67042390393194 ] } },
{ "type": "Feature", "properties": { "name": null, "category": "residential", "amenity": null, "building": null, "shop": null, "landuse": "residential" }, "geometry": { "type": "Point", "coordinates": [ 121.070503543304724, 14.669126987215048 ] } },
{ "type": "Feature", "properties": { "name": null, "category": "residential", "amenity": null, "building": null, "shop": null, "landuse": "residential" }, "geometry": { "type": "Point", "coordinates": [ 121.071041826112719, 14.669743398712248 ] } },
{ "type": "Feature", "properties": { "name": "San Lorenzo Ruiz Square", "category": "residential", "amenity": null, "building": null, "shop": null, "landuse": "residential" }, "geometry": { "type": "Point", "coordinates": [ 121.071283404738622, 14.66858416417527 ] } },
{ "type": "Feature", "properties": { "name": "North Susana Executive Village Phase 2", "category": "residential", "amenity": null, "building": null, "shop": null, "landuse": "residential" }, "geometry": { "type": "Point", "coordinates": [ 121.071225383401014, 14.671371118975054 ] } },
{ "type": "Feature", "properties": { "name": "North Susana Executive Village", "category": "residential", "amenity": null, "building": null, "shop": null, "landuse": "residential" }, "geometry": { "type": "Point", "coordinates": [ 121.071910154069812, 14.674801823774619 ] } },
{ "type": "Feature", "properties": { "name": "Villa Beatriz", "category": "residential", "amenity": null, "building": null, "shop": null, "landuse": "residential" }, "geometry": { "type": "Point", "coordinates": [ 121.074977423922604, 14.67151303510007 ] } },
{ "type": "Feature", "properties": { "name": null, "category": "residential", "amenity": null, "building": null, "shop": null, "landuse": "residential" }, "geometry": { "type": "Point", "coordinates": [ 121.069339784724221, 14.673521942214586 ] } },
{ "type": "Feature", "properties": { "name": "North Olympus 1", "category": "residential", "amenity": null, "building": null, "shop": null, "landuse": "residential" }, "geometry": { "type": "Point", "coordinates": [ 121.041607599556258, 14.74230163297999 ] } },
{ "type": "Feature", "properties": { "name": "North Olympus 4", "category": "residential", "amenity": null, "building": null, "shop": null, "landuse": "residential" }, "geometry": { "type": "Point", "coordinates": [ 121.04539209798908, 14.738372031759354 ] } },
{ "type": "Feature", "properties": { "name": "Saint Jude", "category": "residential", "amenity": null, "building": null, "shop": null, "landuse": "residential" }, "geometry": { "type": "Point", "coordinates": [ 121.045307396663503, 14.741539290161812 ] } },
{ "type": "Feature", "properties": { "name": "Teacher's Village", "category": "residential", "amenity": null, "building": null, "shop": null, "landuse": "residential" }, "geometry": { "type": "Point", "coordinates": [ 121.051867305802475, 14.735430662297684 ] } },
{ "type": "Feature", "properties": { "name": null, "category": "residential", "amenity": null, "building": null, "shop": null, "landuse": "residential" }, "geometry": { "type": "Point", "coordinates": [ 121.08867032100072, 14.684788049476575 ] } },
{ "type": "Feature", "properties": { "name": "New Capitol Estates Ⅰ", "category": "residential", "amenity": null, "building": null, "shop": null, "landuse": "residential" }, "geometry": { "type": "Point", "coordinates": [ 121.086662342217181, 14.680048085721435 ] } },
{ "type": "Feature", "properties": { "name": "New Capitol Estates Ⅱ", "category": "residential", "amenity": null, "building": null, "shop": null, "landuse": "residential" }, "geometry": { "type": "Point", "coordinates": [ 121.087102859492177, 14.682674982037122 ] } },
{ "type": "Feature", "properties": { "name": null, "category": "residential", "amenity": null, "building": null, "shop": null, "landuse": "residential" }, "geometry": { "type": "Point", "coordinates": [ 121.099283609223107, 14.676613346554221 ] } },
{ "type": "Feature", "properties": { "name": "Taniman", "category": "residential", "amenity": null, "building": null, "shop": null, "landuse": "residential" }, "geometry": { "type": "Point", "coordinates": [ 121.099870965379125, 14.67809967268772 ] } },
{ "type": "Feature", "properties": { "name": "Vista Real Classica 2", "category": "residential", "amenity": null, "building": null, "shop": null, "landuse": "residential" }, "geometry": { "type": "Point", "coordinates": [ 121.096467858947719, 14.674589708488536 ] } },
{ "type": "Feature", "properties": { "name": "Vista Real Executive Village", "category": "residential", "amenity": null, "building": null, "shop": null, "landuse": "residential" }, "geometry": { "type": "Point", "coordinates": [ 121.091954959575062, 14.674659128417231 ] } },
{ "type": "Feature", "properties": { "name": "Tivoli Royale", "category": "residential", "amenity": null, "building": null, "shop": null, "landuse": "residential" }, "geometry": { "type": "Point", "coordinates": [ 121.094621596906705, 14.677069163067854 ] } },
{ "type": "Feature", "properties": { "name": null, "category": "residential", "amenity": null, "building": null, "shop": null, "landuse": "residential" }, "geometry": { "type": "Point", "coordinates": [ 121.063552770402254, 14.680880328573352 ] } },
{ "type": "Feature", "properties": { "name": "Lower Veterans Village", "category": "residential", "amenity": null, "building": null, "shop": null, "landuse": "residential" }, "geometry": { "type": "Point", "coordinates": [ 121.063805190387228, 14.679617271648846 ] } },
{ "type": "Feature", "properties": { "name": "Forestside Villas", "category": "residential", "amenity": null, "building": null, "shop": null, "landuse": "residential" }, "geometry": { "type": "Point", "coordinates": [ 121.053489272580165, 14.66264239221675 ] } },
{ "type": "Feature", "properties": { "name": null, "category": "residential", "amenity": null, "building": null, "shop": null, "landuse": "residential" }, "geometry": { "type": "Point", "coordinates": [ 121.053185762594339, 14.662426428906114 ] } },
{ "type": "Feature", "properties": { "name": null, "category": "residential", "amenity": null, "building": null, "shop": null, "landuse": "residential" }, "geometry": { "type": "Point", "coordinates": [ 121.054058210230224, 14.66284184275443 ] } },
{ "type": "Feature", "properties": { "name": "Sarmiento Sunriser Townhomes", "category": "residential", "amenity": null, "building": null, "shop": null, "landuse": "residential" }, "geometry": { "type": "Point", "coordinates": [ 121.049040554057356, 14.664866683619207 ] } },
{ "type": "Feature", "properties": { "name": "Mary the Queen Villas", "category": "residential", "amenity": null, "building": null, "shop": null, "landuse": "residential" }, "geometry": { "type": "Point", "coordinates": [ 121.049333146122933, 14.664496450207912 ] } },
{ "type": "Feature", "properties": { "name": "Citiplaza 2 Residencia", "category": "residential", "amenity": null, "building": null, "shop": null, "landuse": "residential" }, "geometry": { "type": "Point", "coordinates": [ 121.04473242530004, 14.67677910532041 ] } },
{ "type": "Feature", "properties": { "name": "San Miguel", "category": "residential", "amenity": null, "building": null, "shop": null, "landuse": "residential" }, "geometry": { "type": "Point", "coordinates": [ 121.0442021229387, 14.680903177426533 ] } },
{ "type": "Feature", "properties": { "name": "Pleasant View", "category": "residential", "amenity": null, "building": null, "shop": null, "landuse": "residential" }, "geometry": { "type": "Point", "coordinates": [ 121.041714110033894, 14.679398909306057 ] } },
{ "type": "Feature", "properties": { "name": "San Pedro Compound 4", "category": "residential", "amenity": null, "building": null, "shop": null, "landuse": "residential" }, "geometry": { "type": "Point", "coordinates": [ 121.04230019245523, 14.679012265224726 ] } },
{ "type": "Feature", "properties": { "name": "Apo Ville", "category": "residential", "amenity": null, "building": null, "shop": null, "landuse": "residential" }, "geometry": { "type": "Point", "coordinates": [ 121.039156136856363, 14.687286168779057 ] } },
{ "type": "Feature", "properties": { "name": "Coco Hills", "category": "residential", "amenity": null, "building": null, "shop": null, "landuse": "residential" }, "geometry": { "type": "Point", "coordinates": [ 121.042770732062891, 14.68370062740812 ] } },
{ "type": "Feature", "properties": { "name": "Andromeda Classic Townhomes", "category": "residential", "amenity": null, "building": null, "shop": null, "landuse": "residential" }, "geometry": { "type": "Point", "coordinates": [ 121.042983483841539, 14.683263459864362 ] } },
{ "type": "Feature", "properties": { "name": "Villa Sabina", "category": "residential", "amenity": null, "building": null, "shop": null, "landuse": "residential" }, "geometry": { "type": "Point", "coordinates": [ 121.023593376659676, 14.68798747342157 ] } },
{ "type": "Feature", "properties": { "name": "Saint Charbel Executive Village", "category": "residential", "amenity": null, "building": null, "shop": null, "landuse": "residential" }, "geometry": { "type": "Point", "coordinates": [ 121.029850905402824, 14.681494977240487 ] } },
{ "type": "Feature", "properties": { "name": "New Era Dormitory", "category": "residential", "amenity": null, "building": null, "shop": null, "landuse": "residential" }, "geometry": { "type": "Point", "coordinates": [ 121.059353631369476, 14.662361793205909 ] } },
{ "type": "Feature", "properties": { "name": null, "category": "residential", "amenity": null, "building": null, "shop": null, "landuse": "residential" }, "geometry": { "type": "Point", "coordinates": [ 121.048488719495012, 14.678098722335507 ] } },
{ "type": "Feature", "properties": { "name": "Varcity Center", "category": "residential", "amenity": null, "building": null, "shop": null, "landuse": "residential" }, "geometry": { "type": "Point", "coordinates": [ 121.049573480373283, 14.676975519609563 ] } },
{ "type": "Feature", "properties": { "name": "Satori Villas", "category": "residential", "amenity": null, "building": null, "shop": null, "landuse": "residential" }, "geometry": { "type": "Point", "coordinates": [ 121.044044334097364, 14.610102645929356 ] } },
{ "type": "Feature", "properties": { "name": "Horseshoe Crest", "category": "residential", "amenity": null, "building": null, "shop": null, "landuse": "residential" }, "geometry": { "type": "Point", "coordinates": [ 121.044706197620314, 14.614696497607584 ] } },
{ "type": "Feature", "properties": { "name": "Accolade Place", "category": "residential", "amenity": null, "building": null, "shop": null, "landuse": "residential" }, "geometry": { "type": "Point", "coordinates": [ 121.045061394499101, 14.615211920527495 ] } },
{ "type": "Feature", "properties": { "name": null, "category": "residential", "amenity": null, "building": null, "shop": null, "landuse": "residential" }, "geometry": { "type": "Point", "coordinates": [ 121.045408492885073, 14.615160560381735 ] } },
{ "type": "Feature", "properties": { "name": "The Madison Courtyard", "category": "residential", "amenity": null, "building": null, "shop": null, "landuse": "residential" }, "geometry": { "type": "Point", "coordinates": [ 121.030795360031377, 14.613712930855446 ] } },
{ "type": "Feature", "properties": { "name": null, "category": "residential", "amenity": null, "building": null, "shop": null, "landuse": "residential" }, "geometry": { "type": "Point", "coordinates": [ 121.031851575024177, 14.618905702021179 ] } },
{ "type": "Feature", "properties": { "name": null, "category": "residential", "amenity": null, "building": null, "shop": null, "landuse": "residential" }, "geometry": { "type": "Point", "coordinates": [ 121.033151613102802, 14.620728177886839 ] } },
{ "type": "Feature", "properties": { "name": "Felisa Executive Homes Ⅱ", "category": "residential", "amenity": null, "building": null, "shop": null, "landuse": "residential" }, "geometry": { "type": "Point", "coordinates": [ 121.032716938650594, 14.620859487371625 ] } },
{ "type": "Feature", "properties": { "name": "Felisa Executive Homes", "category": "residential", "amenity": null, "building": null, "shop": null, "landuse": "residential" }, "geometry": { "type": "Point", "coordinates": [ 121.032997013517459, 14.621018028885365 ] } },
{ "type": "Feature", "properties": { "name": "Victoria Manor Town Homes", "category": "residential", "amenity": null, "building": null, "shop": null, "landuse": "residential" }, "geometry": { "type": "Point", "coordinates": [ 121.025439498388138, 14.619880883594062 ] } },
{ "type": "Feature", "properties": { "name": null, "category": "residential", "amenity": null, "building": null, "shop": null, "landuse": "residential" }, "geometry": { "type": "Point", "coordinates": [ 121.041477844626826, 14.620043292306908 ] } },
{ "type": "Feature", "properties": { "name": "8 Rosal Residences", "category": "residential", "amenity": null, "building": null, "shop": null, "landuse": "residential" }, "geometry": { "type": "Point", "coordinates": [ 121.041270541466901, 14.619660950085484 ] } },
{ "type": "Feature", "properties": { "name": "Wedgewood Estates", "category": "residential", "amenity": null, "building": null, "shop": null, "landuse": "residential" }, "geometry": { "type": "Point", "coordinates": [ 121.026811093932835, 14.624794823409214 ] } },
{ "type": "Feature", "properties": { "name": "Ayala Woodside Homes", "category": "residential", "amenity": null, "building": null, "shop": null, "landuse": "residential" }, "geometry": { "type": "Point", "coordinates": [ 121.028584026785012, 14.625787330546093 ] } },
{ "type": "Feature", "properties": { "name": "Victoria Subdivision", "category": "residential", "amenity": null, "building": null, "shop": null, "landuse": "residential" }, "geometry": { "type": "Point", "coordinates": [ 121.033100490805637, 14.686526219230554 ] } },
{ "type": "Feature", "properties": { "name": "Kimco Village", "category": "residential", "amenity": null, "building": null, "shop": null, "landuse": "residential" }, "geometry": { "type": "Point", "coordinates": [ 121.033158974571847, 14.684916725757835 ] } },
{ "type": "Feature", "properties": { "name": "Santo Niño Compound", "category": "residential", "amenity": null, "building": null, "shop": null, "landuse": "residential" }, "geometry": { "type": "Point", "coordinates": [ 121.035721217653531, 14.68029532416883 ] } },
{ "type": "Feature", "properties": { "name": "BF Homes Quezon City", "category": "residential", "amenity": null, "building": null, "shop": null, "landuse": "residential" }, "geometry": { "type": "Point", "coordinates": [ 121.077111279463381, 14.689066748386862 ] } },
{ "type": "Feature", "properties": { "name": "Magreville Subdivision", "category": "residential", "amenity": null, "building": null, "shop": null, "landuse": "residential" }, "geometry": { "type": "Point", "coordinates": [ 121.072300970578056, 14.688705237043346 ] } },
{ "type": "Feature", "properties": { "name": "Mapayapa Village 2", "category": "residential", "amenity": null, "building": null, "shop": null, "landuse": "residential" }, "geometry": { "type": "Point", "coordinates": [ 121.072194648020357, 14.687191226704851 ] } },
{ "type": "Feature", "properties": { "name": null, "category": "residential", "amenity": null, "building": null, "shop": null, "landuse": "residential" }, "geometry": { "type": "Point", "coordinates": [ 121.082665879335025, 14.603411436111738 ] } },
{ "type": "Feature", "properties": { "name": null, "category": "residential", "amenity": null, "building": null, "shop": null, "landuse": "residential" }, "geometry": { "type": "Point", "coordinates": [ 121.088741274481904, 14.602234570190246 ] } },
{ "type": "Feature", "properties": { "name": "Garden Homes", "category": "residential", "amenity": null, "building": null, "shop": null, "landuse": "residential" }, "geometry": { "type": "Point", "coordinates": [ 121.087274228175446, 14.602434168151579 ] } },
{ "type": "Feature", "properties": { "name": "Lotus Townhouses", "category": "residential", "amenity": null, "building": null, "shop": null, "landuse": "residential" }, "geometry": { "type": "Point", "coordinates": [ 121.067832120754417, 14.622120926828032 ] } },
{ "type": "Feature", "properties": { "name": "East Fairview Park", "category": "residential", "amenity": null, "building": null, "shop": null, "landuse": "residential" }, "geometry": { "type": "Point", "coordinates": [ 121.069309420062638, 14.708283462915968 ] } },
{ "type": "Feature", "properties": { "name": "Casa Milan", "category": "residential", "amenity": null, "building": null, "shop": null, "landuse": "residential" }, "geometry": { "type": "Point", "coordinates": [ 121.057621143874641, 14.722291798855712 ] } },
{ "type": "Feature", "properties": { "name": "Jordan Plaines Phase Ⅲ", "category": "residential", "amenity": null, "building": null, "shop": null, "landuse": "residential" }, "geometry": { "type": "Point", "coordinates": [ 121.049496256556992, 14.725750433131822 ] } },
{ "type": "Feature", "properties": { "name": "Britanny", "category": "residential", "amenity": null, "building": null, "shop": null, "landuse": "residential" }, "geometry": { "type": "Point", "coordinates": [ 121.052858424935039, 14.726011456500455 ] } },
{ "type": "Feature", "properties": { "name": "One Tandang Sora Place", "category": "residential", "amenity": null, "building": null, "shop": null, "landuse": "residential" }, "geometry": { "type": "Point", "coordinates": [ 121.050415060876745, 14.672687151208075 ] } },
{ "type": "Feature", "properties": { "name": "Luxurie Ville Town Homes", "category": "residential", "amenity": null, "building": null, "shop": null, "landuse": "residential" }, "geometry": { "type": "Point", "coordinates": [ 121.050670062027464, 14.672478266549673 ] } },
{ "type": "Feature", "properties": { "name": "Pangilinan Compound", "category": "residential", "amenity": null, "building": null, "shop": null, "landuse": "residential" }, "geometry": { "type": "Point", "coordinates": [ 121.039666084394341, 14.672719455949499 ] } },
{ "type": "Feature", "properties": { "name": null, "category": "residential", "amenity": null, "building": null, "shop": null, "landuse": "residential" }, "geometry": { "type": "Point", "coordinates": [ 121.000101277765566, 14.654346094313212 ] } },
{ "type": "Feature", "properties": { "name": "Teresa Heights", "category": "residential", "amenity": null, "building": null, "shop": null, "landuse": "residential" }, "geometry": { "type": "Point", "coordinates": [ 121.054116490880745, 14.730500845065411 ] } },
{ "type": "Feature", "properties": { "name": "Phil-Am Life Homes", "category": "residential", "amenity": null, "building": null, "shop": null, "landuse": "residential" }, "geometry": { "type": "Point", "coordinates": [ 121.030971561740301, 14.648941376734637 ] } },
{ "type": "Feature", "properties": { "name": null, "category": "residential", "amenity": null, "building": null, "shop": null, "landuse": "residential" }, "geometry": { "type": "Point", "coordinates": [ 121.025393311997846, 14.660754062541354 ] } },
{ "type": "Feature", "properties": { "name": null, "category": "residential", "amenity": null, "building": null, "shop": null, "landuse": "residential" }, "geometry": { "type": "Point", "coordinates": [ 121.066471541079366, 14.646396156788557 ] } },
{ "type": "Feature", "properties": { "name": null, "category": "residential", "amenity": null, "building": null, "shop": null, "landuse": "residential" }, "geometry": { "type": "Point", "coordinates": [ 121.054114199575565, 14.641829120827543 ] } },
{ "type": "Feature", "properties": { "name": null, "category": "residential", "amenity": null, "building": null, "shop": null, "landuse": "residential" }, "geometry": { "type": "Point", "coordinates": [ 121.055039621463976, 14.635210341792549 ] } },
{ "type": "Feature", "properties": { "name": null, "category": "residential", "amenity": null, "building": null, "shop": null, "landuse": "residential" }, "geometry": { "type": "Point", "coordinates": [ 121.055612815473367, 14.629448226352954 ] } },
{ "type": "Feature", "properties": { "name": null, "category": "residential", "amenity": null, "building": null, "shop": null, "landuse": "residential" }, "geometry": { "type": "Point", "coordinates": [ 121.049877969072668, 14.62923577446063 ] } },
{ "type": "Feature", "properties": { "name": null, "category": "residential", "amenity": null, "building": null, "shop": null, "landuse": "residential" }, "geometry": { "type": "Point", "coordinates": [ 121.050850720694427, 14.629642258373815 ] } },
{ "type": "Feature", "properties": { "name": null, "category": "residential", "amenity": null, "building": null, "shop": null, "landuse": "residential" }, "geometry": { "type": "Point", "coordinates": [ 121.044225245920714, 14.639532024847437 ] } },
{ "type": "Feature", "properties": { "name": "Pearl Mansion", "category": "residential", "amenity": null, "building": null, "shop": null, "landuse": "residential" }, "geometry": { "type": "Point", "coordinates": [ 121.038973180875132, 14.634832144082141 ] } },
{ "type": "Feature", "properties": { "name": null, "category": "residential", "amenity": null, "building": null, "shop": null, "landuse": "residential" }, "geometry": { "type": "Point", "coordinates": [ 121.038706487554194, 14.634891140295833 ] } },
{ "type": "Feature", "properties": { "name": "Area 3", "category": "residential", "amenity": null, "building": null, "shop": null, "landuse": "residential" }, "geometry": { "type": "Point", "coordinates": [ 121.016011572204206, 14.618584138071167 ] } },
{ "type": "Feature", "properties": { "name": "The Garden Heights Condominium", "category": "residential", "amenity": null, "building": null, "shop": null, "landuse": "residential" }, "geometry": { "type": "Point", "coordinates": [ 121.022150549408309, 14.620675592740245 ] } },
{ "type": "Feature", "properties": { "name": "Suntrust Asmara", "category": "residential", "amenity": null, "building": null, "shop": null, "landuse": "residential" }, "geometry": { "type": "Point", "coordinates": [ 121.022575246636904, 14.620450951603074 ] } },
{ "type": "Feature", "properties": { "name": "Galleria Townhomes", "category": "residential", "amenity": null, "building": null, "shop": null, "landuse": "residential" }, "geometry": { "type": "Point", "coordinates": [ 121.023273854081296, 14.620349778089428 ] } },
{ "type": "Feature", "properties": { "name": null, "category": "residential", "amenity": null, "building": null, "shop": null, "landuse": "residential" }, "geometry": { "type": "Point", "coordinates": [ 121.079298918021209, 14.691352226758484 ] } },
{ "type": "Feature", "properties": { "name": null, "category": "residential", "amenity": null, "building": null, "shop": null, "landuse": "residential" }, "geometry": { "type": "Point", "coordinates": [ 121.031301952387338, 14.694176092253713 ] } },
{ "type": "Feature", "properties": { "name": null, "category": "residential", "amenity": null, "building": null, "shop": null, "landuse": "residential" }, "geometry": { "type": "Point", "coordinates": [ 121.013495506788033, 14.675534959118696 ] } },
{ "type": "Feature", "properties": { "name": "Rodriguez Subdivision 2", "category": "residential", "amenity": null, "building": null, "shop": null, "landuse": "residential" }, "geometry": { "type": "Point", "coordinates": [ 121.013466196139433, 14.676376880699207 ] } },
{ "type": "Feature", "properties": { "name": "Ramos Compound", "category": "residential", "amenity": null, "building": null, "shop": null, "landuse": "residential" }, "geometry": { "type": "Point", "coordinates": [ 121.014274620933648, 14.675066469315029 ] } },
{ "type": "Feature", "properties": { "name": null, "category": "residential", "amenity": null, "building": null, "shop": null, "landuse": "residential" }, "geometry": { "type": "Point", "coordinates": [ 121.011742603172905, 14.67273679420869 ] } },
{ "type": "Feature", "properties": { "name": "Manotok Subdivision", "category": "residential", "amenity": null, "building": null, "shop": null, "landuse": "residential" }, "geometry": { "type": "Point", "coordinates": [ 121.010572901102009, 14.672394740488976 ] } },
{ "type": "Feature", "properties": { "name": "The Kingsville Classic", "category": "residential", "amenity": null, "building": null, "shop": null, "landuse": "residential" }, "geometry": { "type": "Point", "coordinates": [ 121.02624023134841, 14.69848042186514 ] } },
{ "type": "Feature", "properties": { "name": "Rosalia Compound", "category": "residential", "amenity": null, "building": null, "shop": null, "landuse": "residential" }, "geometry": { "type": "Point", "coordinates": [ 121.05529321375154, 14.667192105464096 ] } },
{ "type": "Feature", "properties": { "name": "Union Village", "category": "residential", "amenity": null, "building": null, "shop": null, "landuse": "residential" }, "geometry": { "type": "Point", "coordinates": [ 121.054128611382524, 14.667948399750834 ] } },
{ "type": "Feature", "properties": { "name": "The Signature", "category": "residential", "amenity": null, "building": null, "shop": null, "landuse": "residential" }, "geometry": { "type": "Point", "coordinates": [ 120.995273640990177, 14.64549438262455 ] } },
{ "type": "Feature", "properties": { "name": "San Benissa Garden Villas", "category": "residential", "amenity": null, "building": null, "shop": null, "landuse": "residential" }, "geometry": { "type": "Point", "coordinates": [ 121.046625523882383, 14.727383692092383 ] } },
{ "type": "Feature", "properties": { "name": "Olympic Heights", "category": "residential", "amenity": null, "building": null, "shop": null, "landuse": "residential" }, "geometry": { "type": "Point", "coordinates": [ 121.07937073270098, 14.611414205021202 ] } },
{ "type": "Feature", "properties": { "name": "Green Meadows", "category": "residential", "amenity": null, "building": null, "shop": null, "landuse": "residential" }, "geometry": { "type": "Point", "coordinates": [ 121.075851575056731, 14.596973390045312 ] } },
{ "type": "Feature", "properties": { "name": null, "category": "residential", "amenity": null, "building": null, "shop": null, "landuse": "residential" }, "geometry": { "type": "Point", "coordinates": [ 121.065424947334847, 14.709075356339682 ] } },
{ "type": "Feature", "properties": { "name": "Ivory Court", "category": "residential", "amenity": null, "building": null, "shop": null, "landuse": "residential" }, "geometry": { "type": "Point", "coordinates": [ 121.073680239505379, 14.601727535515101 ] } },
{ "type": "Feature", "properties": { "name": null, "category": "residential", "amenity": null, "building": null, "shop": null, "landuse": "residential" }, "geometry": { "type": "Point", "coordinates": [ 121.050030235156314, 14.606745508810073 ] } },
{ "type": "Feature", "properties": { "name": "Gilmore Townhomes", "category": "residential", "amenity": null, "building": null, "shop": null, "landuse": "residential" }, "geometry": { "type": "Point", "coordinates": [ 121.038954490661951, 14.609182262584655 ] } },
{ "type": "Feature", "properties": { "name": "Valencia Hills", "category": "residential", "amenity": null, "building": null, "shop": null, "landuse": "residential" }, "geometry": { "type": "Point", "coordinates": [ 121.033714025478943, 14.610207404087047 ] } },
{ "type": "Feature", "properties": { "name": "Nuvo City", "category": "residential", "amenity": null, "building": null, "shop": null, "landuse": "residential" }, "geometry": { "type": "Point", "coordinates": [ 121.080624561662773, 14.605030764298084 ] } },
{ "type": "Feature", "properties": { "name": "Sun Residences", "category": "residential", "amenity": null, "building": null, "shop": null, "landuse": "residential" }, "geometry": { "type": "Point", "coordinates": [ 121.000687907444487, 14.618190860810722 ] } },
{ "type": "Feature", "properties": { "name": null, "category": "residential", "amenity": null, "building": null, "shop": null, "landuse": "residential" }, "geometry": { "type": "Point", "coordinates": [ 121.075917685187392, 14.615441443898314 ] } },
{ "type": "Feature", "properties": { "name": "Villa España", "category": "residential", "amenity": null, "building": null, "shop": null, "landuse": "residential" }, "geometry": { "type": "Point", "coordinates": [ 121.016836575856587, 14.621990344992641 ] } },
{ "type": "Feature", "properties": { "name": "J. M. Basa Compound", "category": "residential", "amenity": null, "building": null, "shop": null, "landuse": "residential" }, "geometry": { "type": "Point", "coordinates": [ 121.075870805256983, 14.614368170785193 ] } },
{ "type": "Feature", "properties": { "name": "Xavierville Subdivision Phase I", "category": "residential", "amenity": null, "building": null, "shop": null, "landuse": "residential" }, "geometry": { "type": "Point", "coordinates": [ 121.067063442075138, 14.634730635864193 ] } },
{ "type": "Feature", "properties": { "name": null, "category": "residential", "amenity": null, "building": null, "shop": null, "landuse": "residential" }, "geometry": { "type": "Point", "coordinates": [ 121.032057528356276, 14.619044097501623 ] } },
{ "type": "Feature", "properties": { "name": "Hardin ng Bougainvillea", "category": "residential", "amenity": null, "building": null, "shop": null, "landuse": "residential" }, "geometry": { "type": "Point", "coordinates": [ 121.069964812268537, 14.64502541381939 ] } },
{ "type": "Feature", "properties": { "name": "Embassy Garden Homes", "category": "residential", "amenity": null, "building": null, "shop": null, "landuse": "residential" }, "geometry": { "type": "Point", "coordinates": [ 121.033214338329969, 14.646496334212859 ] } },
{ "type": "Feature", "properties": { "name": null, "category": "residential", "amenity": null, "building": null, "shop": null, "landuse": "residential" }, "geometry": { "type": "Point", "coordinates": [ 121.053497730572246, 14.615880084073638 ] } },
{ "type": "Feature", "properties": { "name": "Ramer Village", "category": "residential", "amenity": null, "building": null, "shop": null, "landuse": "residential" }, "geometry": { "type": "Point", "coordinates": [ 121.030977576896689, 14.678631394508169 ] } },
{ "type": "Feature", "properties": { "name": "Capitol Homesite Subdivision", "category": "residential", "amenity": null, "building": null, "shop": null, "landuse": "residential" }, "geometry": { "type": "Point", "coordinates": [ 121.029710894938347, 14.679126630412831 ] } },
{ "type": "Feature", "properties": { "name": "Rainbow Homes", "category": "residential", "amenity": null, "building": null, "shop": null, "landuse": "residential" }, "geometry": { "type": "Point", "coordinates": [ 121.038377126966168, 14.702084465782542 ] } },
{ "type": "Feature", "properties": { "name": "Metrogreen Village", "category": "residential", "amenity": null, "building": null, "shop": null, "landuse": "residential" }, "geometry": { "type": "Point", "coordinates": [ 121.03975466903519, 14.70149300731932 ] } },
{ "type": "Feature", "properties": { "name": "Nomar 1", "category": "residential", "amenity": null, "building": null, "shop": null, "landuse": "residential" }, "geometry": { "type": "Point", "coordinates": [ 121.040740667616134, 14.702930193438664 ] } },
{ "type": "Feature", "properties": { "name": "Francesca Royale Condominium", "category": "residential", "amenity": null, "building": null, "shop": null, "landuse": "residential" }, "geometry": { "type": "Point", "coordinates": [ 121.031722201231901, 14.688495578389759 ] } },
{ "type": "Feature", "properties": { "name": "Jem-6 Subdivision", "category": "residential", "amenity": null, "building": null, "shop": null, "landuse": "residential" }, "geometry": { "type": "Point", "coordinates": [ 121.033156892195834, 14.688777874477219 ] } },
{ "type": "Feature", "properties": { "name": "Dalawantan Subdivision", "category": "residential", "amenity": null, "building": null, "shop": null, "landuse": "residential" }, "geometry": { "type": "Point", "coordinates": [ 121.030531368633561, 14.689144472837793 ] } },
{ "type": "Feature", "properties": { "name": "Landcom Village Ⅱ", "category": "residential", "amenity": null, "building": null, "shop": null, "landuse": "residential" }, "geometry": { "type": "Point", "coordinates": [ 121.032931471416205, 14.679332214676895 ] } },
{ "type": "Feature", "properties": { "name": "Ivory Executive Homes", "category": "residential", "amenity": null, "building": null, "shop": null, "landuse": "residential" }, "geometry": { "type": "Point", "coordinates": [ 121.058140074423761, 14.704527663748387 ] } },
{ "type": "Feature", "properties": { "name": null, "category": "residential", "amenity": null, "building": null, "shop": null, "landuse": "residential" }, "geometry": { "type": "Point", "coordinates": [ 121.055099033203405, 14.625389453063642 ] } },
{ "type": "Feature", "properties": { "name": null, "category": "residential", "amenity": null, "building": null, "shop": null, "landuse": "residential" }, "geometry": { "type": "Point", "coordinates": [ 121.053433855291928, 14.628829473915054 ] } },
{ "type": "Feature", "properties": { "name": null, "category": "residential", "amenity": null, "building": null, "shop": null, "landuse": "residential" }, "geometry": { "type": "Point", "coordinates": [ 121.054066220213102, 14.629002765670638 ] } },
{ "type": "Feature", "properties": { "name": null, "category": "residential", "amenity": null, "building": null, "shop": null, "landuse": "residential" }, "geometry": { "type": "Point", "coordinates": [ 121.0548511231937, 14.627420354987635 ] } },
{ "type": "Feature", "properties": { "name": null, "category": "residential", "amenity": null, "building": null, "shop": null, "landuse": "residential" }, "geometry": { "type": "Point", "coordinates": [ 121.055729495327157, 14.625610001927143 ] } },
{ "type": "Feature", "properties": { "name": null, "category": "residential", "amenity": null, "building": null, "shop": null, "landuse": "residential" }, "geometry": { "type": "Point", "coordinates": [ 121.052278356039693, 14.628486785366631 ] } },
{ "type": "Feature", "properties": { "name": null, "category": "residential", "amenity": null, "building": null, "shop": null, "landuse": "residential" }, "geometry": { "type": "Point", "coordinates": [ 121.052825527335997, 14.62864075056433 ] } },
{ "type": "Feature", "properties": { "name": null, "category": "residential", "amenity": null, "building": null, "shop": null, "landuse": "residential" }, "geometry": { "type": "Point", "coordinates": [ 121.053669307143878, 14.626899761118532 ] } },
{ "type": "Feature", "properties": { "name": null, "category": "residential", "amenity": null, "building": null, "shop": null, "landuse": "residential" }, "geometry": { "type": "Point", "coordinates": [ 121.054248587230987, 14.627155210085547 ] } },
{ "type": "Feature", "properties": { "name": null, "category": "residential", "amenity": null, "building": null, "shop": null, "landuse": "residential" }, "geometry": { "type": "Point", "coordinates": [ 121.054487650072716, 14.625202600133028 ] } },
{ "type": "Feature", "properties": { "name": null, "category": "residential", "amenity": null, "building": null, "shop": null, "landuse": "residential" }, "geometry": { "type": "Point", "coordinates": [ 121.052859878772352, 14.624791034765749 ] } },
{ "type": "Feature", "properties": { "name": null, "category": "residential", "amenity": null, "building": null, "shop": null, "landuse": "residential" }, "geometry": { "type": "Point", "coordinates": [ 121.052275685399422, 14.624372029552138 ] } },
{ "type": "Feature", "properties": { "name": null, "category": "residential", "amenity": null, "building": null, "shop": null, "landuse": "residential" }, "geometry": { "type": "Point", "coordinates": [ 121.052705075540857, 14.626387591158901 ] } },
{ "type": "Feature", "properties": { "name": null, "category": "residential", "amenity": null, "building": null, "shop": null, "landuse": "residential" }, "geometry": { "type": "Point", "coordinates": [ 121.053194236593782, 14.626547867571196 ] } },
{ "type": "Feature", "properties": { "name": null, "category": "residential", "amenity": null, "building": null, "shop": null, "landuse": "residential" }, "geometry": { "type": "Point", "coordinates": [ 121.051772317502824, 14.628322672817918 ] } },
{ "type": "Feature", "properties": { "name": null, "category": "residential", "amenity": null, "building": null, "shop": null, "landuse": "residential" }, "geometry": { "type": "Point", "coordinates": [ 121.051664676219886, 14.624279092716234 ] } },
{ "type": "Feature", "properties": { "name": null, "category": "residential", "amenity": null, "building": null, "shop": null, "landuse": "residential" }, "geometry": { "type": "Point", "coordinates": [ 121.051606295087936, 14.625793187756962 ] } },
{ "type": "Feature", "properties": { "name": null, "category": "residential", "amenity": null, "building": null, "shop": null, "landuse": "residential" }, "geometry": { "type": "Point", "coordinates": [ 121.050583789157059, 14.627918626614374 ] } },
{ "type": "Feature", "properties": { "name": null, "category": "residential", "amenity": null, "building": null, "shop": null, "landuse": "residential" }, "geometry": { "type": "Point", "coordinates": [ 121.052126817414674, 14.626195298166488 ] } },
{ "type": "Feature", "properties": { "name": null, "category": "residential", "amenity": null, "building": null, "shop": null, "landuse": "residential" }, "geometry": { "type": "Point", "coordinates": [ 121.049075472769204, 14.626834488857476 ] } },
{ "type": "Feature", "properties": { "name": null, "category": "residential", "amenity": null, "building": null, "shop": null, "landuse": "residential" }, "geometry": { "type": "Point", "coordinates": [ 121.050802552645592, 14.624742364336365 ] } },
{ "type": "Feature", "properties": { "name": null, "category": "residential", "amenity": null, "building": null, "shop": null, "landuse": "residential" }, "geometry": { "type": "Point", "coordinates": [ 121.049551385534272, 14.627369764784051 ] } },
{ "type": "Feature", "properties": { "name": null, "category": "residential", "amenity": null, "building": null, "shop": null, "landuse": "residential" }, "geometry": { "type": "Point", "coordinates": [ 121.050987268887695, 14.625715149634685 ] } },
{ "type": "Feature", "properties": { "name": null, "category": "residential", "amenity": null, "building": null, "shop": null, "landuse": "residential" }, "geometry": { "type": "Point", "coordinates": [ 121.050063897306146, 14.62763633407355 ] } },
{ "type": "Feature", "properties": { "name": null, "category": "residential", "amenity": null, "building": null, "shop": null, "landuse": "residential" }, "geometry": { "type": "Point", "coordinates": [ 121.050133378284329, 14.624634284311863 ] } },
{ "type": "Feature", "properties": { "name": "Mirasol Cubao Townhouses", "category": "residential", "amenity": null, "building": null, "shop": null, "landuse": "residential" }, "geometry": { "type": "Point", "coordinates": [ 121.059233051208835, 14.62350572732411 ] } },
{ "type": "Feature", "properties": { "name": null, "category": "residential", "amenity": null, "building": null, "shop": null, "landuse": "residential" }, "geometry": { "type": "Point", "coordinates": [ 121.060930846677053, 14.621833846227844 ] } },
{ "type": "Feature", "properties": { "name": "West Triangle Homes", "category": "residential", "amenity": null, "building": null, "shop": null, "landuse": "residential" }, "geometry": { "type": "Point", "coordinates": [ 121.0309926487583, 14.643307757541791 ] } },
{ "type": "Feature", "properties": { "name": "Capitol Hills", "category": "residential", "amenity": null, "building": null, "shop": null, "landuse": "residential" }, "geometry": { "type": "Point", "coordinates": [ 121.090574923521004, 14.6704491671137 ] } },
{ "type": "Feature", "properties": { "name": null, "category": "residential", "amenity": null, "building": null, "shop": null, "landuse": "residential" }, "geometry": { "type": "Point", "coordinates": [ 121.083253108588934, 14.60744881820354 ] } },
{ "type": "Feature", "properties": { "name": "Villa Vienna", "category": "residential", "amenity": null, "building": null, "shop": null, "landuse": "residential" }, "geometry": { "type": "Point", "coordinates": [ 121.062540934792423, 14.726762012246152 ] } },
{ "type": "Feature", "properties": { "name": "Villa Vienna", "category": "residential", "amenity": null, "building": null, "shop": null, "landuse": "residential" }, "geometry": { "type": "Point", "coordinates": [ 121.063546075116278, 14.733554317236152 ] } },
{ "type": "Feature", "properties": { "name": "Saint Charbel Executive Village", "category": "residential", "amenity": null, "building": null, "shop": null, "landuse": "residential" }, "geometry": { "type": "Point", "coordinates": [ 121.032785492226552, 14.680630876744971 ] } },
{ "type": "Feature", "properties": { "name": "The Enclave", "category": "residential", "amenity": null, "building": null, "shop": null, "landuse": "residential" }, "geometry": { "type": "Point", "coordinates": [ 121.073093773818158, 14.601698624038423 ] } },
{ "type": "Feature", "properties": { "name": "Romarosa Gem Village", "category": "residential", "amenity": null, "building": null, "shop": null, "landuse": "residential" }, "geometry": { "type": "Point", "coordinates": [ 121.070319823193287, 14.667318987779797 ] } },
{ "type": "Feature", "properties": { "name": "Commonwealth Village", "category": "residential", "amenity": null, "building": null, "shop": null, "landuse": "residential" }, "geometry": { "type": "Point", "coordinates": [ 121.072500946804013, 14.66547601357364 ] } },
{ "type": "Feature", "properties": { "name": null, "category": "residential", "amenity": null, "building": null, "shop": null, "landuse": "residential" }, "geometry": { "type": "Point", "coordinates": [ 121.049656740485361, 14.656110944268624 ] } },
{ "type": "Feature", "properties": { "name": "Montgomery Place", "category": "residential", "amenity": null, "building": null, "shop": null, "landuse": "residential" }, "geometry": { "type": "Point", "coordinates": [ 121.019531319049179, 14.623138770898564 ] } },
{ "type": "Feature", "properties": { "name": "Metropoli Residenza", "category": "residential", "amenity": null, "building": null, "shop": null, "landuse": "residential" }, "geometry": { "type": "Point", "coordinates": [ 121.080919894383982, 14.602213320188586 ] } },
{ "type": "Feature", "properties": { "name": "Cathedral Heights", "category": "residential", "amenity": null, "building": null, "shop": null, "landuse": "residential" }, "geometry": { "type": "Point", "coordinates": [ 121.022606156387795, 14.624547836860385 ] } },
{ "type": "Feature", "properties": { "name": "Real Village 2", "category": "residential", "amenity": null, "building": null, "shop": null, "landuse": "residential" }, "geometry": { "type": "Point", "coordinates": [ 121.030630974085994, 14.675029172140853 ] } },
{ "type": "Feature", "properties": { "name": "Andrea North Towers", "category": "residential", "amenity": null, "building": null, "shop": null, "landuse": "residential" }, "geometry": { "type": "Point", "coordinates": [ 121.039701417056179, 14.615357989467512 ] } },
{ "type": "Feature", "properties": { "name": "Mariposa Villas", "category": "residential", "amenity": null, "building": null, "shop": null, "landuse": "residential" }, "geometry": { "type": "Point", "coordinates": [ 121.048621068461486, 14.610772050180596 ] } },
{ "type": "Feature", "properties": { "name": "Richmonde Townhomes", "category": "residential", "amenity": null, "building": null, "shop": null, "landuse": "residential" }, "geometry": { "type": "Point", "coordinates": [ 121.048784520435817, 14.611392501541012 ] } },
{ "type": "Feature", "properties": { "name": "Marilena Garden", "category": "residential", "amenity": null, "building": null, "shop": null, "landuse": "residential" }, "geometry": { "type": "Point", "coordinates": [ 121.049482128988458, 14.610809279461119 ] } },
{ "type": "Feature", "properties": { "name": "Tatalon Estate", "category": "residential", "amenity": null, "building": null, "shop": null, "landuse": "residential" }, "geometry": { "type": "Point", "coordinates": [ 121.01282817178874, 14.622669050831952 ] } },
{ "type": "Feature", "properties": { "name": null, "category": "residential", "amenity": null, "building": null, "shop": null, "landuse": "residential" }, "geometry": { "type": "Point", "coordinates": [ 121.027513444494232, 14.636125643235177 ] } },
{ "type": "Feature", "properties": { "name": "Amaia Skies Cubao", "category": "residential", "amenity": null, "building": null, "shop": null, "landuse": "residential" }, "geometry": { "type": "Point", "coordinates": [ 121.053779250731324, 14.615372834243452 ] } },
{ "type": "Feature", "properties": { "name": "Greenhills Garden Square", "category": "residential", "amenity": null, "building": null, "shop": null, "landuse": "residential" }, "geometry": { "type": "Point", "coordinates": [ 121.048119569623822, 14.609781261648823 ] } },
{ "type": "Feature", "properties": { "name": "Project 6", "category": "residential", "amenity": null, "building": null, "shop": null, "landuse": "residential" }, "geometry": { "type": "Point", "coordinates": [ 121.040634488234645, 14.662291036203333 ] } },
{ "type": "Feature", "properties": { "name": "Tivoli Greens", "category": "residential", "amenity": null, "building": null, "shop": null, "landuse": "residential" }, "geometry": { "type": "Point", "coordinates": [ 121.090579200319837, 14.676603375625547 ] } },
{ "type": "Feature", "properties": { "name": "Don Enrique Heights", "category": "residential", "amenity": null, "building": null, "shop": null, "landuse": "residential" }, "geometry": { "type": "Point", "coordinates": [ 121.081600475599942, 14.683836045851823 ] } },
{ "type": "Feature", "properties": { "name": "Villa Orion", "category": "residential", "amenity": null, "building": null, "shop": null, "landuse": "residential" }, "geometry": { "type": "Point", "coordinates": [ 121.063830424253382, 14.696103393264295 ] } },
{ "type": "Feature", "properties": { "name": "Omega Townhomes", "category": "residential", "amenity": null, "building": null, "shop": null, "landuse": "residential" }, "geometry": { "type": "Point", "coordinates": [ 121.063493932615529, 14.697378255739258 ] } },
{ "type": "Feature", "properties": { "name": "Vivida North", "category": "residential", "amenity": null, "building": null, "shop": null, "landuse": "residential" }, "geometry": { "type": "Point", "coordinates": [ 121.065569365814085, 14.697351435830763 ] } },
{ "type": "Feature", "properties": { "name": "Lilac Villas", "category": "residential", "amenity": null, "building": null, "shop": null, "landuse": "residential" }, "geometry": { "type": "Point", "coordinates": [ 121.062968349074026, 14.698714425476947 ] } },
{ "type": "Feature", "properties": { "name": "Iris Manor", "category": "residential", "amenity": null, "building": null, "shop": null, "landuse": "residential" }, "geometry": { "type": "Point", "coordinates": [ 121.063504808421854, 14.700286612406424 ] } },
{ "type": "Feature", "properties": { "name": "Sitio Seville", "category": "residential", "amenity": null, "building": null, "shop": null, "landuse": "residential" }, "geometry": { "type": "Point", "coordinates": [ 121.059459168499146, 14.716352652805655 ] } },
{ "type": "Feature", "properties": { "name": "Ferndale Homes", "category": "residential", "amenity": null, "building": null, "shop": null, "landuse": "residential" }, "geometry": { "type": "Point", "coordinates": [ 121.060527487667272, 14.683658048351964 ] } },
{ "type": "Feature", "properties": { "name": "Isadora Hills", "category": "residential", "amenity": null, "building": null, "shop": null, "landuse": "residential" }, "geometry": { "type": "Point", "coordinates": [ 121.075807677212154, 14.6853366273 ] } },
{ "type": "Feature", "properties": { "name": "Kapalaran", "category": "residential", "amenity": null, "building": null, "shop": null, "landuse": "residential" }, "geometry": { "type": "Point", "coordinates": [ 121.076862928909065, 14.681249773623387 ] } },
{ "type": "Feature", "properties": { "name": "Residencia Royale", "category": "residential", "amenity": null, "building": null, "shop": null, "landuse": "residential" }, "geometry": { "type": "Point", "coordinates": [ 121.068071924797522, 14.699359932170836 ] } },
{ "type": "Feature", "properties": { "name": "Ciudad Verde", "category": "residential", "amenity": null, "building": null, "shop": null, "landuse": "residential" }, "geometry": { "type": "Point", "coordinates": [ 121.065111812568986, 14.694876370255662 ] } },
{ "type": "Feature", "properties": { "name": "San Antonio Homes", "category": "residential", "amenity": null, "building": null, "shop": null, "landuse": "residential" }, "geometry": { "type": "Point", "coordinates": [ 121.05658260355834, 14.666819692852059 ] } },
{ "type": "Feature", "properties": { "name": "Doña Faustina Village I", "category": "residential", "amenity": null, "building": null, "shop": null, "landuse": "residential" }, "geometry": { "type": "Point", "coordinates": [ 121.05526489522704, 14.670044711223593 ] } },
{ "type": "Feature", "properties": { "name": "Ideal Subdivision", "category": "residential", "amenity": null, "building": null, "shop": null, "landuse": "residential" }, "geometry": { "type": "Point", "coordinates": [ 121.074782125327957, 14.698502899751457 ] } },
{ "type": "Feature", "properties": { "name": "Don Jose Subdivision", "category": "residential", "amenity": null, "building": null, "shop": null, "landuse": "residential" }, "geometry": { "type": "Point", "coordinates": [ 121.078683784126426, 14.701547465200878 ] } },
{ "type": "Feature", "properties": { "name": "Fairview Park Homes", "category": "residential", "amenity": null, "building": null, "shop": null, "landuse": "residential" }, "geometry": { "type": "Point", "coordinates": [ 121.068208684349173, 14.700444672561638 ] } },
{ "type": "Feature", "properties": { "name": "Llamar Homes", "category": "residential", "amenity": null, "building": null, "shop": null, "landuse": "residential" }, "geometry": { "type": "Point", "coordinates": [ 121.063040449998297, 14.700499900005168 ] } },
{ "type": "Feature", "properties": { "name": "Fairview Parkhomes Dahlia", "category": "residential", "amenity": null, "building": null, "shop": null, "landuse": "residential" }, "geometry": { "type": "Point", "coordinates": [ 121.062601563111812, 14.699758164192493 ] } },
{ "type": "Feature", "properties": { "name": "Iris Grande Town Homes", "category": "residential", "amenity": null, "building": null, "shop": null, "landuse": "residential" }, "geometry": { "type": "Point", "coordinates": [ 121.063482011519739, 14.70079229664886 ] } },
{ "type": "Feature", "properties": { "name": null, "category": "residential", "amenity": null, "building": null, "shop": null, "landuse": "residential" }, "geometry": { "type": "Point", "coordinates": [ 121.060152025285987, 14.698483604276877 ] } },
{ "type": "Feature", "properties": { "name": "F. B. De Jesus", "category": "residential", "amenity": null, "building": null, "shop": null, "landuse": "residential" }, "geometry": { "type": "Point", "coordinates": [ 121.02745382116241, 14.725642009030658 ] } },
{ "type": "Feature", "properties": { "name": "Carreon - Aguirre Village", "category": "residential", "amenity": null, "building": null, "shop": null, "landuse": "residential" }, "geometry": { "type": "Point", "coordinates": [ 121.03186068487274, 14.702558253306018 ] } },
{ "type": "Feature", "properties": { "name": "Rockville", "category": "residential", "amenity": null, "building": null, "shop": null, "landuse": "residential" }, "geometry": { "type": "Point", "coordinates": [ 121.037029897090619, 14.700177382008206 ] } },
{ "type": "Feature", "properties": { "name": "Carmel Subdivision 2", "category": "residential", "amenity": null, "building": null, "shop": null, "landuse": "residential" }, "geometry": { "type": "Point", "coordinates": [ 121.040811059210426, 14.670022989989617 ] } },
{ "type": "Feature", "properties": { "name": "Carmel Subdivision 1", "category": "residential", "amenity": null, "building": null, "shop": null, "landuse": "residential" }, "geometry": { "type": "Point", "coordinates": [ 121.039770700241277, 14.668261052629756 ] } },
{ "type": "Feature", "properties": { "name": "Teresa Village", "category": "residential", "amenity": null, "building": null, "shop": null, "landuse": "residential" }, "geometry": { "type": "Point", "coordinates": [ 121.038378050973833, 14.666271983113591 ] } },
{ "type": "Feature", "properties": { "name": null, "category": "residential", "amenity": null, "building": null, "shop": null, "landuse": "residential" }, "geometry": { "type": "Point", "coordinates": [ 121.074783658143048, 14.632689940399793 ] } },
{ "type": "Feature", "properties": { "name": "Hayaville Subdivision", "category": "residential", "amenity": null, "building": null, "shop": null, "landuse": "residential" }, "geometry": { "type": "Point", "coordinates": [ 121.037484624340038, 14.66827786745354 ] } },
{ "type": "Feature", "properties": { "name": "Villa Concepcion Townhomes", "category": "residential", "amenity": null, "building": null, "shop": null, "landuse": "residential" }, "geometry": { "type": "Point", "coordinates": [ 121.034861667604247, 14.668092344077422 ] } },
{ "type": "Feature", "properties": { "name": "Parkway Village", "category": "residential", "amenity": null, "building": null, "shop": null, "landuse": "residential" }, "geometry": { "type": "Point", "coordinates": [ 121.012930556765298, 14.652197452668776 ] } },
{ "type": "Feature", "properties": { "name": "Victoneta Townhomes", "category": "residential", "amenity": null, "building": null, "shop": null, "landuse": "residential" }, "geometry": { "type": "Point", "coordinates": [ 121.015488788227046, 14.658218921314992 ] } },
{ "type": "Feature", "properties": { "name": "Symphony Towers", "category": "residential", "amenity": null, "building": null, "shop": null, "landuse": "residential" }, "geometry": { "type": "Point", "coordinates": [ 121.041646575259335, 14.634269567514368 ] } },
{ "type": "Feature", "properties": { "name": "Sitio Palanas", "category": "residential", "amenity": null, "building": null, "shop": null, "landuse": "residential" }, "geometry": { "type": "Point", "coordinates": [ 121.045100785526742, 14.653753185052709 ] } },
{ "type": "Feature", "properties": { "name": null, "category": "residential", "amenity": null, "building": null, "shop": null, "landuse": "residential" }, "geometry": { "type": "Point", "coordinates": [ 121.037512092172634, 14.637069508696023 ] } },
{ "type": "Feature", "properties": { "name": "Xavier Hills Condominium", "category": "residential", "amenity": null, "building": null, "shop": null, "landuse": "residential" }, "geometry": { "type": "Point", "coordinates": [ 121.036461703954103, 14.611489647894263 ] } },
{ "type": "Feature", "properties": { "name": "Sofia Bellevue", "category": "residential", "amenity": null, "building": null, "shop": null, "landuse": "residential" }, "geometry": { "type": "Point", "coordinates": [ 121.075499459187512, 14.664914000341046 ] } },
{ "type": "Feature", "properties": { "name": null, "category": "residential", "amenity": null, "building": null, "shop": null, "landuse": "residential" }, "geometry": { "type": "Point", "coordinates": [ 121.04328888289794, 14.633586736360551 ] } },
{ "type": "Feature", "properties": { "name": null, "category": "residential", "amenity": null, "building": null, "shop": null, "landuse": "residential" }, "geometry": { "type": "Point", "coordinates": [ 121.033838322206265, 14.661377278142243 ] } },
{ "type": "Feature", "properties": { "name": "La Maison Townhomes", "category": "residential", "amenity": null, "building": null, "shop": null, "landuse": "residential" }, "geometry": { "type": "Point", "coordinates": [ 121.070229870672762, 14.613939243025822 ] } },
{ "type": "Feature", "properties": { "name": null, "category": "residential", "amenity": null, "building": null, "shop": null, "landuse": "residential" }, "geometry": { "type": "Point", "coordinates": [ 121.070849319042665, 14.598842971599472 ] } },
{ "type": "Feature", "properties": { "name": null, "category": "residential", "amenity": null, "building": null, "shop": null, "landuse": "residential" }, "geometry": { "type": "Point", "coordinates": [ 121.068890657214467, 14.658439334324182 ] } },
{ "type": "Feature", "properties": { "name": "Tara Residence", "category": "residential", "amenity": null, "building": null, "shop": null, "landuse": "residential" }, "geometry": { "type": "Point", "coordinates": [ 121.052584134385526, 14.669741545078548 ] } },
{ "type": "Feature", "properties": { "name": null, "category": "residential", "amenity": null, "building": null, "shop": null, "landuse": "residential" }, "geometry": { "type": "Point", "coordinates": [ 121.025764174952542, 14.622981863564746 ] } },
{ "type": "Feature", "properties": { "name": "Hemady Heights", "category": "residential", "amenity": null, "building": null, "shop": null, "landuse": "residential" }, "geometry": { "type": "Point", "coordinates": [ 121.032408336234866, 14.622946121800545 ] } },
{ "type": "Feature", "properties": { "name": "Hemady Heights Building 2", "category": "residential", "amenity": null, "building": null, "shop": null, "landuse": "residential" }, "geometry": { "type": "Point", "coordinates": [ 121.031685154998655, 14.623043032333252 ] } },
{ "type": "Feature", "properties": { "name": null, "category": "residential", "amenity": null, "building": null, "shop": null, "landuse": "residential" }, "geometry": { "type": "Point", "coordinates": [ 121.041457072389406, 14.609703527671327 ] } },
{ "type": "Feature", "properties": { "name": "Avida Towers New Manila", "category": "residential", "amenity": null, "building": null, "shop": null, "landuse": "residential" }, "geometry": { "type": "Point", "coordinates": [ 121.046775711011904, 14.609833519330225 ] } },
{ "type": "Feature", "properties": { "name": "205 Santolan", "category": "residential", "amenity": null, "building": null, "shop": null, "landuse": "residential" }, "geometry": { "type": "Point", "coordinates": [ 121.040411538279997, 14.609586559830847 ] } },
{ "type": "Feature", "properties": { "name": "Honey's West Apartelle", "category": "residential", "amenity": null, "building": null, "shop": null, "landuse": "residential" }, "geometry": { "type": "Point", "coordinates": [ 121.026933345078675, 14.643725149332196 ] } },
{ "type": "Feature", "properties": { "name": null, "category": "residential", "amenity": null, "building": null, "shop": null, "landuse": "residential" }, "geometry": { "type": "Point", "coordinates": [ 121.072915560245903, 14.613498728305359 ] } },
{ "type": "Feature", "properties": { "name": null, "category": "residential", "amenity": null, "building": null, "shop": null, "landuse": "residential" }, "geometry": { "type": "Point", "coordinates": [ 121.073093658892731, 14.613684927759353 ] } },
{ "type": "Feature", "properties": { "name": null, "category": "residential", "amenity": null, "building": null, "shop": null, "landuse": "residential" }, "geometry": { "type": "Point", "coordinates": [ 121.072694600000077, 14.611170599998596 ] } },
{ "type": "Feature", "properties": { "name": "Richland 1", "category": "residential", "amenity": null, "building": null, "shop": null, "landuse": "residential" }, "geometry": { "type": "Point", "coordinates": [ 121.037523191680151, 14.691615772711277 ] } },
{ "type": "Feature", "properties": { "name": null, "category": "residential", "amenity": null, "building": null, "shop": null, "landuse": "residential" }, "geometry": { "type": "Point", "coordinates": [ 121.047682810491835, 14.668341730538254 ] } },
{ "type": "Feature", "properties": { "name": "Santa Mesa Gardenville Condominium", "category": "residential", "amenity": null, "building": null, "shop": null, "landuse": "residential" }, "geometry": { "type": "Point", "coordinates": [ 121.01882012646027, 14.602372378534673 ] } },
{ "type": "Feature", "properties": { "name": "K-Ville Townhomes", "category": "residential", "amenity": null, "building": null, "shop": null, "landuse": "residential" }, "geometry": { "type": "Point", "coordinates": [ 121.046848069902396, 14.667827282921415 ] } },
{ "type": "Feature", "properties": { "name": "Windgate Villas", "category": "residential", "amenity": null, "building": null, "shop": null, "landuse": "residential" }, "geometry": { "type": "Point", "coordinates": [ 121.044783644562116, 14.668743234116862 ] } },
{ "type": "Feature", "properties": { "name": "Sikatuna BLISS II", "category": "residential", "amenity": null, "building": null, "shop": null, "landuse": "residential" }, "geometry": { "type": "Point", "coordinates": [ 121.062904615078367, 14.639962150251977 ] } },
{ "type": "Feature", "properties": { "name": null, "category": "residential", "amenity": null, "building": null, "shop": null, "landuse": "residential" }, "geometry": { "type": "Point", "coordinates": [ 121.017448131200368, 14.602834692691081 ] } },
{ "type": "Feature", "properties": { "name": "The Amaryllis Residences", "category": "residential", "amenity": null, "building": null, "shop": null, "landuse": "residential" }, "geometry": { "type": "Point", "coordinates": [ 121.032946566239218, 14.623842200824136 ] } },
{ "type": "Feature", "properties": { "name": "Roseville", "category": "residential", "amenity": null, "building": null, "shop": null, "landuse": "residential" }, "geometry": { "type": "Point", "coordinates": [ 121.040017331419236, 14.637366755487529 ] } },
{ "type": "Feature", "properties": { "name": "Samarville Townhomes", "category": "residential", "amenity": null, "building": null, "shop": null, "landuse": "residential" }, "geometry": { "type": "Point", "coordinates": [ 121.040439702951502, 14.637931916964806 ] } },
{ "type": "Feature", "properties": { "name": "Villa Ortigas 2", "category": "residential", "amenity": null, "building": null, "shop": null, "landuse": "residential" }, "geometry": { "type": "Point", "coordinates": [ 121.038946984878081, 14.608279999040306 ] } },
{ "type": "Feature", "properties": { "name": null, "category": "residential", "amenity": null, "building": null, "shop": null, "landuse": "residential" }, "geometry": { "type": "Point", "coordinates": [ 121.022472650091061, 14.632504800036825 ] } },
{ "type": "Feature", "properties": { "name": "Onaham Residence 2", "category": "residential", "amenity": null, "building": null, "shop": null, "landuse": "residential" }, "geometry": { "type": "Point", "coordinates": [ 121.038192612863199, 14.640207887538949 ] } },
{ "type": "Feature", "properties": { "name": null, "category": "residential", "amenity": null, "building": null, "shop": null, "landuse": "residential" }, "geometry": { "type": "Point", "coordinates": [ 121.031414215592065, 14.625626232204919 ] } },
{ "type": "Feature", "properties": { "name": null, "category": "residential", "amenity": null, "building": null, "shop": null, "landuse": "residential" }, "geometry": { "type": "Point", "coordinates": [ 121.038641807878946, 14.639502583305449 ] } },
{ "type": "Feature", "properties": { "name": "Carrington Place", "category": "residential", "amenity": null, "building": null, "shop": null, "landuse": "residential" }, "geometry": { "type": "Point", "coordinates": [ 121.038495049932095, 14.639727600056442 ] } },
{ "type": "Feature", "properties": { "name": "Maria Luisa Townhomes", "category": "residential", "amenity": null, "building": null, "shop": null, "landuse": "residential" }, "geometry": { "type": "Point", "coordinates": [ 121.055019318191796, 14.682050814760125 ] } },
{ "type": "Feature", "properties": { "name": null, "category": "residential", "amenity": null, "building": null, "shop": null, "landuse": "residential" }, "geometry": { "type": "Point", "coordinates": [ 121.040145927057154, 14.608633845383565 ] } },
{ "type": "Feature", "properties": { "name": null, "category": "residential", "amenity": null, "building": null, "shop": null, "landuse": "residential" }, "geometry": { "type": "Point", "coordinates": [ 121.063495077358809, 14.649700747506456 ] } },
{ "type": "Feature", "properties": { "name": "Arka Subdivision", "category": "residential", "amenity": null, "building": null, "shop": null, "landuse": "residential" }, "geometry": { "type": "Point", "coordinates": [ 121.057569297888818, 14.687814636446685 ] } },
{ "type": "Feature", "properties": { "name": "MCP Home Owners Association", "category": "residential", "amenity": null, "building": null, "shop": null, "landuse": "residential" }, "geometry": { "type": "Point", "coordinates": [ 121.055470932788424, 14.681440020813708 ] } },
{ "type": "Feature", "properties": { "name": "The Crestmont", "category": "residential", "amenity": null, "building": null, "shop": null, "landuse": "residential" }, "geometry": { "type": "Point", "coordinates": [ 121.037303757988894, 14.642954709475315 ] } },
{ "type": "Feature", "properties": { "name": "Kalaw Hill Subdivision", "category": "residential", "amenity": null, "building": null, "shop": null, "landuse": "residential" }, "geometry": { "type": "Point", "coordinates": [ 121.065536531972256, 14.664539454950035 ] } },
{ "type": "Feature", "properties": { "name": "53 Benitez", "category": "residential", "amenity": null, "building": null, "shop": null, "landuse": "residential" }, "geometry": { "type": "Point", "coordinates": [ 121.046271074398831, 14.614693355867914 ] } },
{ "type": "Feature", "properties": { "name": "Camella Glenmont", "category": "residential", "amenity": null, "building": null, "shop": null, "landuse": "residential" }, "geometry": { "type": "Point", "coordinates": [ 121.052118693672625, 14.694354420784521 ] } },
{ "type": "Feature", "properties": { "name": "Blueridge Subdivision", "category": "residential", "amenity": null, "building": null, "shop": null, "landuse": "residential" }, "geometry": { "type": "Point", "coordinates": [ 121.046692273896497, 14.694830222162079 ] } },
{ "type": "Feature", "properties": { "name": null, "category": "residential", "amenity": null, "building": null, "shop": null, "landuse": "residential" }, "geometry": { "type": "Point", "coordinates": [ 121.018416241281912, 14.619404331681471 ] } },
{ "type": "Feature", "properties": { "name": null, "category": "residential", "amenity": null, "building": null, "shop": null, "landuse": "residential" }, "geometry": { "type": "Point", "coordinates": [ 121.074205488144273, 14.641801956281421 ] } },
{ "type": "Feature", "properties": { "name": null, "category": "residential", "amenity": null, "building": null, "shop": null, "landuse": "residential" }, "geometry": { "type": "Point", "coordinates": [ 121.073783401185011, 14.641568487611892 ] } },
{ "type": "Feature", "properties": { "name": null, "category": "residential", "amenity": null, "building": null, "shop": null, "landuse": "residential" }, "geometry": { "type": "Point", "coordinates": [ 121.082191404627807, 14.680528062936995 ] } },
{ "type": "Feature", "properties": { "name": null, "category": "residential", "amenity": null, "building": null, "shop": null, "landuse": "residential" }, "geometry": { "type": "Point", "coordinates": [ 121.068834061809781, 14.695922075319784 ] } },
{ "type": "Feature", "properties": { "name": "Le Mariche Village", "category": "residential", "amenity": null, "building": null, "shop": null, "landuse": "residential" }, "geometry": { "type": "Point", "coordinates": [ 121.018279541607384, 14.620957689960443 ] } },
{ "type": "Feature", "properties": { "name": "Windsor Villas", "category": "residential", "amenity": null, "building": null, "shop": null, "landuse": "residential" }, "geometry": { "type": "Point", "coordinates": [ 121.049006288150025, 14.672761773932891 ] } },
{ "type": "Feature", "properties": { "name": "Villa Aurora Town Homes", "category": "residential", "amenity": null, "building": null, "shop": null, "landuse": "residential" }, "geometry": { "type": "Point", "coordinates": [ 121.072651551892747, 14.628809914250189 ] } },
{ "type": "Feature", "properties": { "name": "Philam Townhomes", "category": "residential", "amenity": null, "building": null, "shop": null, "landuse": "residential" }, "geometry": { "type": "Point", "coordinates": [ 121.034500137796044, 14.648073220691822 ] } },
{ "type": "Feature", "properties": { "name": "Magnolia Residences", "category": "residential", "amenity": null, "building": null, "shop": null, "landuse": "residential" }, "geometry": { "type": "Point", "coordinates": [ 121.039053095690363, 14.614168553012682 ] } },
{ "type": "Feature", "properties": { "name": null, "category": "residential", "amenity": null, "building": null, "shop": null, "landuse": "residential" }, "geometry": { "type": "Point", "coordinates": [ 121.037491865360153, 14.610730089461782 ] } },
{ "type": "Feature", "properties": { "name": "Power Villas 1", "category": "residential", "amenity": null, "building": null, "shop": null, "landuse": "residential" }, "geometry": { "type": "Point", "coordinates": [ 121.046326044340631, 14.680507069956901 ] } },
{ "type": "Feature", "properties": { "name": "Hardin ng Doña Aurora", "category": "residential", "amenity": null, "building": null, "shop": null, "landuse": "residential" }, "geometry": { "type": "Point", "coordinates": [ 121.061797139832663, 14.649649977691823 ] } },
{ "type": "Feature", "properties": { "name": "Palmera Homes 4", "category": "residential", "amenity": null, "building": null, "shop": null, "landuse": "residential" }, "geometry": { "type": "Point", "coordinates": [ 121.052363407516594, 14.710354743505251 ] } },
{ "type": "Feature", "properties": { "name": "Theobroma Estates", "category": "residential", "amenity": null, "building": null, "shop": null, "landuse": "residential" }, "geometry": { "type": "Point", "coordinates": [ 121.047462898994155, 14.615206071217855 ] } },
{ "type": "Feature", "properties": { "name": "Le Marquis Townhomes", "category": "residential", "amenity": null, "building": null, "shop": null, "landuse": "residential" }, "geometry": { "type": "Point", "coordinates": [ 121.047921769031916, 14.61518677913886 ] } },
{ "type": "Feature", "properties": { "name": null, "category": "residential", "amenity": null, "building": null, "shop": null, "landuse": "residential" }, "geometry": { "type": "Point", "coordinates": [ 121.051554554722571, 14.610545362798204 ] } },
{ "type": "Feature", "properties": { "name": null, "category": "residential", "amenity": null, "building": null, "shop": null, "landuse": "residential" }, "geometry": { "type": "Point", "coordinates": [ 121.047936051437574, 14.614880407389876 ] } },
{ "type": "Feature", "properties": { "name": "Regina Village", "category": "residential", "amenity": null, "building": null, "shop": null, "landuse": "residential" }, "geometry": { "type": "Point", "coordinates": [ 121.050839991131866, 14.675195253456671 ] } },
{ "type": "Feature", "properties": { "name": "GK Telus", "category": "residential", "amenity": null, "building": null, "shop": null, "landuse": "residential" }, "geometry": { "type": "Point", "coordinates": [ 121.033136374899854, 14.674284955072114 ] } },
{ "type": "Feature", "properties": { "name": "U. P. Bliss", "category": "residential", "amenity": null, "building": null, "shop": null, "landuse": "residential" }, "geometry": { "type": "Point", "coordinates": [ 121.055184960222149, 14.65321420646182 ] } },
{ "type": "Feature", "properties": { "name": "Cabuyao", "category": "residential", "amenity": null, "building": null, "shop": null, "landuse": "residential" }, "geometry": { "type": "Point", "coordinates": [ 121.05322971548226, 14.693401684023524 ] } },
{ "type": "Feature", "properties": { "name": "Marian Subdivision", "category": "residential", "amenity": null, "building": null, "shop": null, "landuse": "residential" }, "geometry": { "type": "Point", "coordinates": [ 121.036685000532856, 14.690588937579998 ] } },
{ "type": "Feature", "properties": { "name": null, "category": "residential", "amenity": null, "building": null, "shop": null, "landuse": "residential" }, "geometry": { "type": "Point", "coordinates": [ 121.034335497545072, 14.686704992588766 ] } },
{ "type": "Feature", "properties": { "name": "Area 6", "category": "residential", "amenity": null, "building": null, "shop": null, "landuse": "residential" }, "geometry": { "type": "Point", "coordinates": [ 121.050532603722274, 14.69338267011825 ] } },
{ "type": "Feature", "properties": { "name": "Area 5", "category": "residential", "amenity": null, "building": null, "shop": null, "landuse": "residential" }, "geometry": { "type": "Point", "coordinates": [ 121.04849489611243, 14.693465557324444 ] } },
{ "type": "Feature", "properties": { "name": "Hammer", "category": "residential", "amenity": null, "building": null, "shop": null, "landuse": "residential" }, "geometry": { "type": "Point", "coordinates": [ 121.046607400434624, 14.693412413956938 ] } },
{ "type": "Feature", "properties": { "name": "Camella Glenmont Trails", "category": "residential", "amenity": null, "building": null, "shop": null, "landuse": "residential" }, "geometry": { "type": "Point", "coordinates": [ 121.050190245724067, 14.694475536555212 ] } },
{ "type": "Feature", "properties": { "name": "Teachers' Village Balong Bato", "category": "residential", "amenity": null, "building": null, "shop": null, "landuse": "residential" }, "geometry": { "type": "Point", "coordinates": [ 121.001690122056459, 14.664880554095179 ] } },
{ "type": "Feature", "properties": { "name": null, "category": "residential", "amenity": null, "building": null, "shop": null, "landuse": "residential" }, "geometry": { "type": "Point", "coordinates": [ 121.052262741995719, 14.665772411114846 ] } },
{ "type": "Feature", "properties": { "name": null, "category": "residential", "amenity": null, "building": null, "shop": null, "landuse": "residential" }, "geometry": { "type": "Point", "coordinates": [ 121.053770620558282, 14.66428406810004 ] } },
{ "type": "Feature", "properties": { "name": null, "category": "residential", "amenity": null, "building": null, "shop": null, "landuse": "residential" }, "geometry": { "type": "Point", "coordinates": [ 121.03428816100643, 14.671342799642254 ] } },
{ "type": "Feature", "properties": { "name": "Daan Tubo Community", "category": "residential", "amenity": null, "building": null, "shop": null, "landuse": "residential" }, "geometry": { "type": "Point", "coordinates": [ 121.07340494466392, 14.646845882959354 ] } },
{ "type": "Feature", "properties": { "name": null, "category": "residential", "amenity": null, "building": null, "shop": null, "landuse": "residential" }, "geometry": { "type": "Point", "coordinates": [ 121.079639175233297, 14.644874877145714 ] } },
{ "type": "Feature", "properties": { "name": null, "category": "residential", "amenity": null, "building": null, "shop": null, "landuse": "residential" }, "geometry": { "type": "Point", "coordinates": [ 121.073120143928875, 14.645389403041184 ] } },
{ "type": "Feature", "properties": { "name": null, "category": "residential", "amenity": null, "building": null, "shop": null, "landuse": "residential" }, "geometry": { "type": "Point", "coordinates": [ 121.07351348990926, 14.645573584723373 ] } },
{ "type": "Feature", "properties": { "name": null, "category": "residential", "amenity": null, "building": null, "shop": null, "landuse": "residential" }, "geometry": { "type": "Point", "coordinates": [ 121.071242126116402, 14.641592854998038 ] } },
{ "type": "Feature", "properties": { "name": null, "category": "residential", "amenity": null, "building": null, "shop": null, "landuse": "residential" }, "geometry": { "type": "Point", "coordinates": [ 121.070606184824996, 14.638053039150886 ] } },
{ "type": "Feature", "properties": { "name": null, "category": "residential", "amenity": null, "building": null, "shop": null, "landuse": "residential" }, "geometry": { "type": "Point", "coordinates": [ 121.072146118561776, 14.641514546289038 ] } },
{ "type": "Feature", "properties": { "name": "Belicia Homes", "category": "residential", "amenity": null, "building": null, "shop": null, "landuse": "residential" }, "geometry": { "type": "Point", "coordinates": [ 121.060441726796881, 14.644751412952314 ] } },
{ "type": "Feature", "properties": { "name": "The Celandine", "category": "residential", "amenity": null, "building": null, "shop": null, "landuse": "residential" }, "geometry": { "type": "Point", "coordinates": [ 120.997711794790476, 14.654463624293136 ] } },
{ "type": "Feature", "properties": { "name": "Kathleen Place III", "category": "residential", "amenity": null, "building": null, "shop": null, "landuse": "residential" }, "geometry": { "type": "Point", "coordinates": [ 121.040242250373439, 14.626126663943804 ] } },
{ "type": "Feature", "properties": { "name": "Lantana Garden", "category": "residential", "amenity": null, "building": null, "shop": null, "landuse": "residential" }, "geometry": { "type": "Point", "coordinates": [ 121.041694185276498, 14.621935035978989 ] } },
{ "type": "Feature", "properties": { "name": null, "category": "residential", "amenity": null, "building": null, "shop": null, "landuse": "residential" }, "geometry": { "type": "Point", "coordinates": [ 121.035141674352928, 14.665980541606961 ] } },
{ "type": "Feature", "properties": { "name": "Towerville Subdivision", "category": "residential", "amenity": null, "building": null, "shop": null, "landuse": "residential" }, "geometry": { "type": "Point", "coordinates": [ 121.04758841420346, 14.669347063296954 ] } },
{ "type": "Feature", "properties": { "name": null, "category": "residential", "amenity": null, "building": null, "shop": null, "landuse": "residential" }, "geometry": { "type": "Point", "coordinates": [ 121.039045545312689, 14.640064465316073 ] } },
{ "type": "Feature", "properties": { "name": null, "category": "residential", "amenity": null, "building": null, "shop": null, "landuse": "residential" }, "geometry": { "type": "Point", "coordinates": [ 121.110999825342446, 14.715336211646983 ] } },
{ "type": "Feature", "properties": { "name": null, "category": "residential", "amenity": null, "building": null, "shop": null, "landuse": "residential" }, "geometry": { "type": "Point", "coordinates": [ 121.109540323122943, 14.715378702525946 ] } },
{ "type": "Feature", "properties": { "name": null, "category": "residential", "amenity": null, "building": null, "shop": null, "landuse": "residential" }, "geometry": { "type": "Point", "coordinates": [ 121.111631321839681, 14.717584679655808 ] } },
{ "type": "Feature", "properties": { "name": null, "category": "residential", "amenity": null, "building": null, "shop": null, "landuse": "residential" }, "geometry": { "type": "Point", "coordinates": [ 121.110510410536264, 14.714010214642771 ] } },
{ "type": "Feature", "properties": { "name": null, "category": "residential", "amenity": null, "building": null, "shop": null, "landuse": "residential" }, "geometry": { "type": "Point", "coordinates": [ 121.11102561959359, 14.714556916982486 ] } },
{ "type": "Feature", "properties": { "name": null, "category": "residential", "amenity": null, "building": null, "shop": null, "landuse": "residential" }, "geometry": { "type": "Point", "coordinates": [ 121.110213283444651, 14.714916741580902 ] } },
{ "type": "Feature", "properties": { "name": null, "category": "residential", "amenity": null, "building": null, "shop": null, "landuse": "residential" }, "geometry": { "type": "Point", "coordinates": [ 121.110665258706248, 14.717078144774586 ] } },
{ "type": "Feature", "properties": { "name": null, "category": "residential", "amenity": null, "building": null, "shop": null, "landuse": "residential" }, "geometry": { "type": "Point", "coordinates": [ 121.10980012109799, 14.716056569798651 ] } },
{ "type": "Feature", "properties": { "name": null, "category": "residential", "amenity": null, "building": null, "shop": null, "landuse": "residential" }, "geometry": { "type": "Point", "coordinates": [ 121.110543715311437, 14.719335662053886 ] } },
{ "type": "Feature", "properties": { "name": null, "category": "residential", "amenity": null, "building": null, "shop": null, "landuse": "residential" }, "geometry": { "type": "Point", "coordinates": [ 121.111116754942017, 14.719359080510669 ] } },
{ "type": "Feature", "properties": { "name": null, "category": "residential", "amenity": null, "building": null, "shop": null, "landuse": "residential" }, "geometry": { "type": "Point", "coordinates": [ 121.107362941282361, 14.717526338522518 ] } },
{ "type": "Feature", "properties": { "name": null, "category": "residential", "amenity": null, "building": null, "shop": null, "landuse": "residential" }, "geometry": { "type": "Point", "coordinates": [ 121.109559703013588, 14.72086510583495 ] } },
{ "type": "Feature", "properties": { "name": null, "category": "residential", "amenity": null, "building": null, "shop": null, "landuse": "residential" }, "geometry": { "type": "Point", "coordinates": [ 121.106221979291888, 14.720118383710217 ] } },
{ "type": "Feature", "properties": { "name": null, "category": "residential", "amenity": null, "building": null, "shop": null, "landuse": "residential" }, "geometry": { "type": "Point", "coordinates": [ 121.106875045848881, 14.719974219277718 ] } },
{ "type": "Feature", "properties": { "name": null, "category": "residential", "amenity": null, "building": null, "shop": null, "landuse": "residential" }, "geometry": { "type": "Point", "coordinates": [ 121.105184394899112, 14.719460558851697 ] } },
{ "type": "Feature", "properties": { "name": "Hi-Rise Condo", "category": "residential", "amenity": null, "building": null, "shop": null, "landuse": "residential" }, "geometry": { "type": "Point", "coordinates": [ 121.057192453166394, 14.667379063673334 ] } },
{ "type": "Feature", "properties": { "name": null, "category": "residential", "amenity": null, "building": null, "shop": null, "landuse": "residential" }, "geometry": { "type": "Point", "coordinates": [ 121.000894665752185, 14.662293871021886 ] } },
{ "type": "Feature", "properties": { "name": "R.T. Gonzales Village", "category": "residential", "amenity": null, "building": null, "shop": null, "landuse": "residential" }, "geometry": { "type": "Point", "coordinates": [ 121.033045551315169, 14.703190122977563 ] } },
{ "type": "Feature", "properties": { "name": "Village C", "category": "residential", "amenity": null, "building": null, "shop": null, "landuse": "residential" }, "geometry": { "type": "Point", "coordinates": [ 121.06142346266013, 14.650597702679109 ] } },
{ "type": "Feature", "properties": { "name": null, "category": "residential", "amenity": null, "building": null, "shop": null, "landuse": "residential" }, "geometry": { "type": "Point", "coordinates": [ 121.060142280410219, 14.650948516675081 ] } },
{ "type": "Feature", "properties": { "name": "CP Garcia Lower Area", "category": "residential", "amenity": null, "building": null, "shop": null, "landuse": "residential" }, "geometry": { "type": "Point", "coordinates": [ 121.060232693056861, 14.650010620282846 ] } },
{ "type": "Feature", "properties": { "name": null, "category": "residential", "amenity": null, "building": null, "shop": null, "landuse": "residential" }, "geometry": { "type": "Point", "coordinates": [ 121.063371978025671, 14.650441598312069 ] } },
{ "type": "Feature", "properties": { "name": "Commonwealth by Century", "category": "residential", "amenity": null, "building": null, "shop": null, "landuse": "residential" }, "geometry": { "type": "Point", "coordinates": [ 121.087988989732239, 14.675942201546537 ] } },
{ "type": "Feature", "properties": { "name": "Jocson-Meralco Compound", "category": "residential", "amenity": null, "building": null, "shop": null, "landuse": "residential" }, "geometry": { "type": "Point", "coordinates": [ 121.069135946693947, 14.635983639101577 ] } },
{ "type": "Feature", "properties": { "name": null, "category": "residential", "amenity": null, "building": null, "shop": null, "landuse": "residential" }, "geometry": { "type": "Point", "coordinates": [ 121.070831224943106, 14.635487935251488 ] } },
{ "type": "Feature", "properties": { "name": "Pine Crest", "category": "residential", "amenity": null, "building": null, "shop": null, "landuse": "residential" }, "geometry": { "type": "Point", "coordinates": [ 121.03924750424801, 14.616109167139022 ] } },
{ "type": "Feature", "properties": { "name": "Saling Lahi Homes Phase 2", "category": "residential", "amenity": null, "building": null, "shop": null, "landuse": "residential" }, "geometry": { "type": "Point", "coordinates": [ 121.066443827100329, 14.672333770433038 ] } },
{ "type": "Feature", "properties": { "name": null, "category": "residential", "amenity": null, "building": null, "shop": null, "landuse": "residential" }, "geometry": { "type": "Point", "coordinates": [ 121.085538897643744, 14.689186058283855 ] } },
{ "type": "Feature", "properties": { "name": null, "category": "residential", "amenity": null, "building": null, "shop": null, "landuse": "residential" }, "geometry": { "type": "Point", "coordinates": [ 121.083411908053023, 14.685949598325367 ] } },
{ "type": "Feature", "properties": { "name": null, "category": "residential", "amenity": null, "building": null, "shop": null, "landuse": "residential" }, "geometry": { "type": "Point", "coordinates": [ 121.084099376710981, 14.685745472186948 ] } },
{ "type": "Feature", "properties": { "name": null, "category": "residential", "amenity": null, "building": null, "shop": null, "landuse": "residential" }, "geometry": { "type": "Point", "coordinates": [ 121.084999206593963, 14.685511764741861 ] } },
{ "type": "Feature", "properties": { "name": null, "category": "residential", "amenity": null, "building": null, "shop": null, "landuse": "residential" }, "geometry": { "type": "Point", "coordinates": [ 121.029588325724603, 14.636906140186591 ] } },
{ "type": "Feature", "properties": { "name": "Acacia Residence Halls", "category": "residential", "amenity": null, "building": null, "shop": null, "landuse": "residential" }, "geometry": { "type": "Point", "coordinates": [ 121.070161415892287, 14.658922265351435 ] } },
{ "type": "Feature", "properties": { "name": null, "category": "residential", "amenity": null, "building": null, "shop": null, "landuse": "residential" }, "geometry": { "type": "Point", "coordinates": [ 121.086269459971035, 14.688459157953696 ] } },
{ "type": "Feature", "properties": { "name": null, "category": "residential", "amenity": null, "building": null, "shop": null, "landuse": "residential" }, "geometry": { "type": "Point", "coordinates": [ 121.083898839126064, 14.68770614211523 ] } },
{ "type": "Feature", "properties": { "name": null, "category": "residential", "amenity": null, "building": null, "shop": null, "landuse": "residential" }, "geometry": { "type": "Point", "coordinates": [ 121.084453006615931, 14.691932894343054 ] } },
{ "type": "Feature", "properties": { "name": null, "category": "residential", "amenity": null, "building": null, "shop": null, "landuse": "residential" }, "geometry": { "type": "Point", "coordinates": [ 121.082687884420167, 14.687096194080164 ] } },
{ "type": "Feature", "properties": { "name": "San Beda Village", "category": "residential", "amenity": null, "building": null, "shop": null, "landuse": "residential" }, "geometry": { "type": "Point", "coordinates": [ 121.041948188193743, 14.672482237956855 ] } },
{ "type": "Feature", "properties": { "name": null, "category": "residential", "amenity": null, "building": null, "shop": null, "landuse": "residential" }, "geometry": { "type": "Point", "coordinates": [ 121.058457596307221, 14.648707768528173 ] } },
{ "type": "Feature", "properties": { "name": null, "category": "residential", "amenity": null, "building": null, "shop": null, "landuse": "residential" }, "geometry": { "type": "Point", "coordinates": [ 121.069987041678317, 14.700702709592001 ] } },
{ "type": "Feature", "properties": { "name": "Woodland Grove", "category": "residential", "amenity": null, "building": null, "shop": null, "landuse": "residential" }, "geometry": { "type": "Point", "coordinates": [ 121.081296000441242, 14.652222830161067 ] } },
{ "type": "Feature", "properties": { "name": "Del Rey Ville I", "category": "residential", "amenity": null, "building": null, "shop": null, "landuse": "residential" }, "geometry": { "type": "Point", "coordinates": [ 121.012214628214153, 14.678366238474357 ] } },
{ "type": "Feature", "properties": { "name": "GK Espiritu Santo", "category": "residential", "amenity": null, "building": null, "shop": null, "landuse": "residential" }, "geometry": { "type": "Point", "coordinates": [ 121.014882209381767, 14.662097805506045 ] } },
{ "type": "Feature", "properties": { "name": null, "category": "residential", "amenity": null, "building": null, "shop": null, "landuse": "residential" }, "geometry": { "type": "Point", "coordinates": [ 121.049839728378828, 14.668335093276198 ] } },
{ "type": "Feature", "properties": { "name": "Area 6B", "category": "residential", "amenity": null, "building": null, "shop": null, "landuse": "residential" }, "geometry": { "type": "Point", "coordinates": [ 121.05506156895764, 14.693311111689399 ] } },
{ "type": "Feature", "properties": { "name": "Old Cabuyao", "category": "residential", "amenity": null, "building": null, "shop": null, "landuse": "residential" }, "geometry": { "type": "Point", "coordinates": [ 121.057435185039012, 14.693264258981042 ] } },
{ "type": "Feature", "properties": { "name": null, "category": "residential", "amenity": null, "building": null, "shop": null, "landuse": "residential" }, "geometry": { "type": "Point", "coordinates": [ 121.040632082161139, 14.621386381073986 ] } },
{ "type": "Feature", "properties": { "name": "Amare Homes", "category": "residential", "amenity": null, "building": null, "shop": null, "landuse": "residential" }, "geometry": { "type": "Point", "coordinates": [ 121.074958408974382, 14.67826414220349 ] } },
{ "type": "Feature", "properties": { "name": null, "category": "residential", "amenity": null, "building": null, "shop": null, "landuse": "residential" }, "geometry": { "type": "Point", "coordinates": [ 121.04975879329595, 14.687598840678655 ] } },
{ "type": "Feature", "properties": { "name": "Tablason Compound", "category": "residential", "amenity": null, "building": null, "shop": null, "landuse": "residential" }, "geometry": { "type": "Point", "coordinates": [ 121.084363185504202, 14.685016614761491 ] } },
{ "type": "Feature", "properties": { "name": "Princeton Residences", "category": "residential", "amenity": null, "building": null, "shop": null, "landuse": "residential" }, "geometry": { "type": "Point", "coordinates": [ 121.034083571882604, 14.613207209021818 ] } },
{ "type": "Feature", "properties": { "name": null, "category": "residential", "amenity": null, "building": null, "shop": null, "landuse": "residential" }, "geometry": { "type": "Point", "coordinates": [ 121.034069325346053, 14.612807921836342 ] } },
{ "type": "Feature", "properties": { "name": null, "category": "residential", "amenity": null, "building": null, "shop": null, "landuse": "residential" }, "geometry": { "type": "Point", "coordinates": [ 121.034270726540413, 14.612925929768636 ] } },
{ "type": "Feature", "properties": { "name": "Vinia Residences", "category": "residential", "amenity": null, "building": null, "shop": null, "landuse": "residential" }, "geometry": { "type": "Point", "coordinates": [ 121.032532756024509, 14.651093929236703 ] } },
{ "type": "Feature", "properties": { "name": "UO3 Lazaro Escuro", "category": "residential", "amenity": null, "building": null, "shop": null, "landuse": "residential" }, "geometry": { "type": "Point", "coordinates": [ 121.047693199991429, 14.630580450016593 ] } },
{ "type": "Feature", "properties": { "name": "Villa Fortuna", "category": "residential", "amenity": null, "building": null, "shop": null, "landuse": "residential" }, "geometry": { "type": "Point", "coordinates": [ 121.02144562922075, 14.629556266763553 ] } },
{ "type": "Feature", "properties": { "name": "New World Townhomes", "category": "residential", "amenity": null, "building": null, "shop": null, "landuse": "residential" }, "geometry": { "type": "Point", "coordinates": [ 121.031050747959952, 14.637646517269394 ] } },
{ "type": "Feature", "properties": { "name": "S&F Condominium", "category": "residential", "amenity": null, "building": null, "shop": null, "landuse": "residential" }, "geometry": { "type": "Point", "coordinates": [ 121.03669366682405, 14.642571717252512 ] } },
{ "type": "Feature", "properties": { "name": "Hobart Village", "category": "residential", "amenity": null, "building": null, "shop": null, "landuse": "residential" }, "geometry": { "type": "Point", "coordinates": [ 121.046420437768049, 14.73558834070313 ] } },
{ "type": "Feature", "properties": { "name": "Doña Faustina Village II", "category": "residential", "amenity": null, "building": null, "shop": null, "landuse": "residential" }, "geometry": { "type": "Point", "coordinates": [ 121.052274585497301, 14.668917606083353 ] } },
{ "type": "Feature", "properties": { "name": "Gloria 3", "category": "residential", "amenity": null, "building": null, "shop": null, "landuse": "residential" }, "geometry": { "type": "Point", "coordinates": [ 121.051381187027118, 14.666915525930129 ] } },
{ "type": "Feature", "properties": { "name": "Intervest North Residences", "category": "residential", "amenity": null, "building": null, "shop": null, "landuse": "residential" }, "geometry": { "type": "Point", "coordinates": [ 121.012688882797661, 14.674107868757909 ] } },
{ "type": "Feature", "properties": { "name": "High Park Vertis", "category": "residential", "amenity": null, "building": null, "shop": null, "landuse": "residential" }, "geometry": { "type": "Point", "coordinates": [ 121.038312848694375, 14.647996514517876 ] } },
{ "type": "Feature", "properties": { "name": "Orean Place Vertis", "category": "residential", "amenity": null, "building": null, "shop": null, "landuse": "residential" }, "geometry": { "type": "Point", "coordinates": [ 121.03918821362943, 14.648223137511321 ] } },
{ "type": "Feature", "properties": { "name": "La Mesa Heights", "category": "residential", "amenity": null, "building": null, "shop": null, "landuse": "residential" }, "geometry": { "type": "Point", "coordinates": [ 121.070387809192297, 14.726455895976867 ] } },
{ "type": "Feature", "properties": { "name": "SB Residences", "category": "residential", "amenity": null, "building": null, "shop": null, "landuse": "residential" }, "geometry": { "type": "Point", "coordinates": [ 121.034209842011023, 14.703588563438153 ] } },
{ "type": "Feature", "properties": { "name": "Zinnia Towers", "category": "residential", "amenity": null, "building": null, "shop": null, "landuse": "residential" }, "geometry": { "type": "Point", "coordinates": [ 121.015585765189726, 14.655705643019282 ] } },
{ "type": "Feature", "properties": { "name": null, "category": "residential", "amenity": null, "building": null, "shop": null, "landuse": "residential" }, "geometry": { "type": "Point", "coordinates": [ 121.058226522956659, 14.620803229509526 ] } },
{ "type": "Feature", "properties": { "name": null, "category": "residential", "amenity": null, "building": null, "shop": null, "landuse": "residential" }, "geometry": { "type": "Point", "coordinates": [ 121.045109177591797, 14.612307168328263 ] } },
{ "type": "Feature", "properties": { "name": "Meiling Village", "category": "residential", "amenity": null, "building": null, "shop": null, "landuse": "residential" }, "geometry": { "type": "Point", "coordinates": [ 120.996579498887542, 14.645525495816129 ] } },
{ "type": "Feature", "properties": { "name": null, "category": "residential", "amenity": null, "building": null, "shop": null, "landuse": "residential" }, "geometry": { "type": "Point", "coordinates": [ 121.07592603368316, 14.666283661181852 ] } },
{ "type": "Feature", "properties": { "name": "Calderon Compound 2", "category": "residential", "amenity": null, "building": null, "shop": null, "landuse": "residential" }, "geometry": { "type": "Point", "coordinates": [ 121.077129112401465, 14.6671809064496 ] } },
{ "type": "Feature", "properties": { "name": "Saint Joseph Compound", "category": "residential", "amenity": null, "building": null, "shop": null, "landuse": "residential" }, "geometry": { "type": "Point", "coordinates": [ 121.077021943987944, 14.66666072922745 ] } },
{ "type": "Feature", "properties": { "name": null, "category": "residential", "amenity": null, "building": null, "shop": null, "landuse": "residential" }, "geometry": { "type": "Point", "coordinates": [ 121.003366434114952, 14.661856688398974 ] } },
{ "type": "Feature", "properties": { "name": null, "category": "residential", "amenity": null, "building": null, "shop": null, "landuse": "residential" }, "geometry": { "type": "Point", "coordinates": [ 121.009067188644124, 14.665801532757422 ] } },
{ "type": "Feature", "properties": { "name": null, "category": "residential", "amenity": null, "building": null, "shop": null, "landuse": "residential" }, "geometry": { "type": "Point", "coordinates": [ 121.005667699974993, 14.659800350077168 ] } },
{ "type": "Feature", "properties": { "name": "Dancel Compound", "category": "residential", "amenity": null, "building": null, "shop": null, "landuse": "residential" }, "geometry": { "type": "Point", "coordinates": [ 121.009935174284877, 14.653374671907315 ] } },
{ "type": "Feature", "properties": { "name": null, "category": "residential", "amenity": null, "building": null, "shop": null, "landuse": "residential" }, "geometry": { "type": "Point", "coordinates": [ 121.04235414209262, 14.609696709836141 ] } },
{ "type": "Feature", "properties": { "name": null, "category": "residential", "amenity": null, "building": null, "shop": null, "landuse": "residential" }, "geometry": { "type": "Point", "coordinates": [ 121.076485480035231, 14.6704619921848 ] } },
{ "type": "Feature", "properties": { "name": null, "category": "residential", "amenity": null, "building": null, "shop": null, "landuse": "residential" }, "geometry": { "type": "Point", "coordinates": [ 121.076637480314474, 14.671639195096269 ] } },
{ "type": "Feature", "properties": { "name": null, "category": "residential", "amenity": null, "building": null, "shop": null, "landuse": "residential" }, "geometry": { "type": "Point", "coordinates": [ 121.069181671369719, 14.666073140709836 ] } },
{ "type": "Feature", "properties": { "name": "MRB Compound", "category": "residential", "amenity": null, "building": null, "shop": null, "landuse": "residential" }, "geometry": { "type": "Point", "coordinates": [ 121.078541294068032, 14.696752764695676 ] } },
{ "type": "Feature", "properties": { "name": "Fairmont Park", "category": "residential", "amenity": null, "building": null, "shop": null, "landuse": "residential" }, "geometry": { "type": "Point", "coordinates": [ 121.063510005406172, 14.717737574065715 ] } },
{ "type": "Feature", "properties": { "name": "Fairville Homes", "category": "residential", "amenity": null, "building": null, "shop": null, "landuse": "residential" }, "geometry": { "type": "Point", "coordinates": [ 121.063557722906893, 14.721748851166282 ] } },
{ "type": "Feature", "properties": { "name": "Villa Hermano 3", "category": "residential", "amenity": null, "building": null, "shop": null, "landuse": "residential" }, "geometry": { "type": "Point", "coordinates": [ 121.040807163527134, 14.701863498435918 ] } },
{ "type": "Feature", "properties": { "name": null, "category": "residential", "amenity": null, "building": null, "shop": null, "landuse": "residential" }, "geometry": { "type": "Point", "coordinates": [ 121.043780716615217, 14.700435755667037 ] } },
{ "type": "Feature", "properties": { "name": null, "category": "residential", "amenity": null, "building": null, "shop": null, "landuse": "residential" }, "geometry": { "type": "Point", "coordinates": [ 121.044217595293105, 14.699875115653203 ] } },
{ "type": "Feature", "properties": { "name": null, "category": "residential", "amenity": null, "building": null, "shop": null, "landuse": "residential" }, "geometry": { "type": "Point", "coordinates": [ 121.041468615778982, 14.704684257505912 ] } },
{ "type": "Feature", "properties": { "name": "Paguio Compound", "category": "residential", "amenity": null, "building": null, "shop": null, "landuse": "residential" }, "geometry": { "type": "Point", "coordinates": [ 121.047576932971864, 14.704947559837814 ] } },
{ "type": "Feature", "properties": { "name": null, "category": "residential", "amenity": null, "building": null, "shop": null, "landuse": "residential" }, "geometry": { "type": "Point", "coordinates": [ 121.040251329182368, 14.700065510460284 ] } },
{ "type": "Feature", "properties": { "name": "Rockville", "category": "residential", "amenity": null, "building": null, "shop": null, "landuse": "residential" }, "geometry": { "type": "Point", "coordinates": [ 121.037749936551279, 14.701264583774158 ] } },
{ "type": "Feature", "properties": { "name": "Villa Rosario", "category": "residential", "amenity": null, "building": null, "shop": null, "landuse": "residential" }, "geometry": { "type": "Point", "coordinates": [ 121.049177374046238, 14.69444627362539 ] } },
{ "type": "Feature", "properties": { "name": null, "category": "residential", "amenity": null, "building": null, "shop": null, "landuse": "residential" }, "geometry": { "type": "Point", "coordinates": [ 121.046613870131821, 14.694167074334951 ] } },
{ "type": "Feature", "properties": { "name": null, "category": "residential", "amenity": null, "building": null, "shop": null, "landuse": "residential" }, "geometry": { "type": "Point", "coordinates": [ 121.048182426713083, 14.697110511526954 ] } },
{ "type": "Feature", "properties": { "name": "ACF Homes", "category": "residential", "amenity": null, "building": null, "shop": null, "landuse": "residential" }, "geometry": { "type": "Point", "coordinates": [ 121.032095730679245, 14.706902978066873 ] } },
{ "type": "Feature", "properties": { "name": null, "category": "residential", "amenity": null, "building": null, "shop": null, "landuse": "residential" }, "geometry": { "type": "Point", "coordinates": [ 121.041838813195085, 14.719720009784949 ] } },
{ "type": "Feature", "properties": { "name": "Northridge Park", "category": "residential", "amenity": null, "building": null, "shop": null, "landuse": "residential" }, "geometry": { "type": "Point", "coordinates": [ 121.052954817046796, 14.71204722070847 ] } },
{ "type": "Feature", "properties": { "name": "Northridge Park", "category": "residential", "amenity": null, "building": null, "shop": null, "landuse": "residential" }, "geometry": { "type": "Point", "coordinates": [ 121.052121000928082, 14.712895553679875 ] } },
{ "type": "Feature", "properties": { "name": "Open Court", "category": "residential", "amenity": null, "building": null, "shop": null, "landuse": "residential" }, "geometry": { "type": "Point", "coordinates": [ 121.044478391034488, 14.713791059501446 ] } },
{ "type": "Feature", "properties": { "name": "Republic Residences", "category": "residential", "amenity": null, "building": null, "shop": null, "landuse": "residential" }, "geometry": { "type": "Point", "coordinates": [ 121.073761433216248, 14.694401550245445 ] } },
{ "type": "Feature", "properties": { "name": null, "category": "residential", "amenity": null, "building": null, "shop": null, "landuse": "residential" }, "geometry": { "type": "Point", "coordinates": [ 121.061745474569989, 14.699153011187571 ] } },
{ "type": "Feature", "properties": { "name": "The Residences at Fairview", "category": "residential", "amenity": null, "building": null, "shop": null, "landuse": "residential" }, "geometry": { "type": "Point", "coordinates": [ 121.064783101021291, 14.697457069268907 ] } },
{ "type": "Feature", "properties": { "name": null, "category": "residential", "amenity": null, "building": null, "shop": null, "landuse": "residential" }, "geometry": { "type": "Point", "coordinates": [ 121.069649500022336, 14.636255900063825 ] } },
{ "type": "Feature", "properties": { "name": "NIA Village Zone 6", "category": "residential", "amenity": null, "building": null, "shop": null, "landuse": "residential" }, "geometry": { "type": "Point", "coordinates": [ 121.046199063717367, 14.692023086875677 ] } },
{ "type": "Feature", "properties": { "name": "Lantana Lane", "category": "residential", "amenity": null, "building": null, "shop": null, "landuse": "residential" }, "geometry": { "type": "Point", "coordinates": [ 121.040232133188297, 14.621241034437475 ] } },
{ "type": "Feature", "properties": { "name": "Casa Nueva Manila", "category": "residential", "amenity": null, "building": null, "shop": null, "landuse": "residential" }, "geometry": { "type": "Point", "coordinates": [ 121.040773435685878, 14.618599710135886 ] } },
{ "type": "Feature", "properties": { "name": null, "category": "residential", "amenity": null, "building": null, "shop": null, "landuse": "residential" }, "geometry": { "type": "Point", "coordinates": [ 121.096619712173379, 14.711249411907305 ] } },
{ "type": "Feature", "properties": { "name": null, "category": "residential", "amenity": null, "building": null, "shop": null, "landuse": "residential" }, "geometry": { "type": "Point", "coordinates": [ 121.059918670587095, 14.672693185618316 ] } },
{ "type": "Feature", "properties": { "name": "Levana Ville", "category": "residential", "amenity": null, "building": null, "shop": null, "landuse": "residential" }, "geometry": { "type": "Point", "coordinates": [ 121.044069348981495, 14.631691126615971 ] } },
{ "type": "Feature", "properties": { "name": "Victoria Sports Towers", "category": "residential", "amenity": null, "building": null, "shop": null, "landuse": "residential" }, "geometry": { "type": "Point", "coordinates": [ 121.042130800842628, 14.635795052633028 ] } },
{ "type": "Feature", "properties": { "name": "South J Residences", "category": "residential", "amenity": null, "building": null, "shop": null, "landuse": "residential" }, "geometry": { "type": "Point", "coordinates": [ 121.041712941913872, 14.631026959884347 ] } },
{ "type": "Feature", "properties": { "name": null, "category": "residential", "amenity": null, "building": null, "shop": null, "landuse": "residential" }, "geometry": { "type": "Point", "coordinates": [ 121.084862464285024, 14.688032306994451 ] } },
{ "type": "Feature", "properties": { "name": null, "category": "residential", "amenity": null, "building": null, "shop": null, "landuse": "residential" }, "geometry": { "type": "Point", "coordinates": [ 121.084017643356418, 14.690014269705618 ] } },
{ "type": "Feature", "properties": { "name": null, "category": "residential", "amenity": null, "building": null, "shop": null, "landuse": "residential" }, "geometry": { "type": "Point", "coordinates": [ 121.083471867981572, 14.68933702601025 ] } },
{ "type": "Feature", "properties": { "name": null, "category": "residential", "amenity": null, "building": null, "shop": null, "landuse": "residential" }, "geometry": { "type": "Point", "coordinates": [ 121.082964840099976, 14.688492648710993 ] } },
{ "type": "Feature", "properties": { "name": "Gloria Compound", "category": "residential", "amenity": null, "building": null, "shop": null, "landuse": "residential" }, "geometry": { "type": "Point", "coordinates": [ 121.028524338491877, 14.692650767430864 ] } },
{ "type": "Feature", "properties": { "name": "Bonifacio Compound", "category": "residential", "amenity": null, "building": null, "shop": null, "landuse": "residential" }, "geometry": { "type": "Point", "coordinates": [ 121.028235976490109, 14.692667024931573 ] } },
{ "type": "Feature", "properties": { "name": "Bito-on Circle", "category": "residential", "amenity": null, "building": null, "shop": null, "landuse": "residential" }, "geometry": { "type": "Point", "coordinates": [ 121.083234680606353, 14.702967235689451 ] } },
{ "type": "Feature", "properties": { "name": "Novaliches Apartment Residences", "category": "residential", "amenity": null, "building": null, "shop": null, "landuse": "residential" }, "geometry": { "type": "Point", "coordinates": [ 121.026288936347569, 14.707619796002444 ] } },
{ "type": "Feature", "properties": { "name": null, "category": "residential", "amenity": null, "building": null, "shop": null, "landuse": "residential" }, "geometry": { "type": "Point", "coordinates": [ 121.062309716319845, 14.636066981077059 ] } },
{ "type": "Feature", "properties": { "name": null, "category": "residential", "amenity": null, "building": null, "shop": null, "landuse": "residential" }, "geometry": { "type": "Point", "coordinates": [ 121.012626304394587, 14.614275213460459 ] } },
{ "type": "Feature", "properties": { "name": null, "category": "residential", "amenity": null, "building": null, "shop": null, "landuse": "residential" }, "geometry": { "type": "Point", "coordinates": [ 121.066176042393309, 14.741109725841763 ] } },
{ "type": "Feature", "properties": { "name": null, "category": "residential", "amenity": null, "building": null, "shop": null, "landuse": "residential" }, "geometry": { "type": "Point", "coordinates": [ 121.063689712774575, 14.615622298345709 ] } },
{ "type": "Feature", "properties": { "name": null, "category": "residential", "amenity": null, "building": null, "shop": null, "landuse": "residential" }, "geometry": { "type": "Point", "coordinates": [ 121.043623171903718, 14.624494579713582 ] } },
{ "type": "Feature", "properties": { "name": null, "category": "residential", "amenity": null, "building": null, "shop": null, "landuse": "residential" }, "geometry": { "type": "Point", "coordinates": [ 121.061404662332322, 14.711484325265653 ] } },
{ "type": "Feature", "properties": { "name": null, "category": "residential", "amenity": null, "building": null, "shop": null, "landuse": "residential" }, "geometry": { "type": "Point", "coordinates": [ 121.012055881725317, 14.667073543593965 ] } },
{ "type": "Feature", "properties": { "name": null, "category": "residential", "amenity": null, "building": null, "shop": null, "landuse": "residential" }, "geometry": { "type": "Point", "coordinates": [ 121.016079297369842, 14.669530198726106 ] } },
{ "type": "Feature", "properties": { "name": null, "category": "residential", "amenity": null, "building": null, "shop": null, "landuse": "residential" }, "geometry": { "type": "Point", "coordinates": [ 121.022135202753518, 14.662627791006663 ] } },
{ "type": "Feature", "properties": { "name": null, "category": "residential", "amenity": null, "building": null, "shop": null, "landuse": "residential" }, "geometry": { "type": "Point", "coordinates": [ 121.022340647543189, 14.662130860908189 ] } },
{ "type": "Feature", "properties": { "name": null, "category": "residential", "amenity": null, "building": null, "shop": null, "landuse": "residential" }, "geometry": { "type": "Point", "coordinates": [ 121.021529080473343, 14.661324207273896 ] } },
{ "type": "Feature", "properties": { "name": null, "category": "residential", "amenity": null, "building": null, "shop": null, "landuse": "residential" }, "geometry": { "type": "Point", "coordinates": [ 121.022334380794675, 14.659938144266274 ] } },
{ "type": "Feature", "properties": { "name": null, "category": "residential", "amenity": null, "building": null, "shop": null, "landuse": "residential" }, "geometry": { "type": "Point", "coordinates": [ 121.022098849635924, 14.659503473103397 ] } },
{ "type": "Feature", "properties": { "name": null, "category": "residential", "amenity": null, "building": null, "shop": null, "landuse": "residential" }, "geometry": { "type": "Point", "coordinates": [ 121.023889963061237, 14.65934957264861 ] } },
{ "type": "Feature", "properties": { "name": null, "category": "residential", "amenity": null, "building": null, "shop": null, "landuse": "residential" }, "geometry": { "type": "Point", "coordinates": [ 121.025239471139102, 14.659269110018753 ] } },
{ "type": "Feature", "properties": { "name": null, "category": "residential", "amenity": null, "building": null, "shop": null, "landuse": "residential" }, "geometry": { "type": "Point", "coordinates": [ 121.023790277292036, 14.658904175273104 ] } },
{ "type": "Feature", "properties": { "name": null, "category": "residential", "amenity": null, "building": null, "shop": null, "landuse": "residential" }, "geometry": { "type": "Point", "coordinates": [ 121.022004434688938, 14.658823283218188 ] } },
{ "type": "Feature", "properties": { "name": null, "category": "residential", "amenity": null, "building": null, "shop": null, "landuse": "residential" }, "geometry": { "type": "Point", "coordinates": [ 121.021509370874242, 14.659409368925077 ] } },
{ "type": "Feature", "properties": { "name": null, "category": "residential", "amenity": null, "building": null, "shop": null, "landuse": "residential" }, "geometry": { "type": "Point", "coordinates": [ 121.021580240491375, 14.660780639547927 ] } },
{ "type": "Feature", "properties": { "name": null, "category": "residential", "amenity": null, "building": null, "shop": null, "landuse": "residential" }, "geometry": { "type": "Point", "coordinates": [ 121.023420433075287, 14.661604319106255 ] } },
{ "type": "Feature", "properties": { "name": null, "category": "residential", "amenity": null, "building": null, "shop": null, "landuse": "residential" }, "geometry": { "type": "Point", "coordinates": [ 121.023740778087088, 14.66130580168419 ] } },
{ "type": "Feature", "properties": { "name": null, "category": "residential", "amenity": null, "building": null, "shop": null, "landuse": "residential" }, "geometry": { "type": "Point", "coordinates": [ 121.024566799752549, 14.661138470031203 ] } },
{ "type": "Feature", "properties": { "name": null, "category": "residential", "amenity": null, "building": null, "shop": null, "landuse": "residential" }, "geometry": { "type": "Point", "coordinates": [ 121.024099200408969, 14.660581853634111 ] } },
{ "type": "Feature", "properties": { "name": null, "category": "residential", "amenity": null, "building": null, "shop": null, "landuse": "residential" }, "geometry": { "type": "Point", "coordinates": [ 121.024876632721472, 14.660009921179563 ] } },
{ "type": "Feature", "properties": { "name": null, "category": "residential", "amenity": null, "building": null, "shop": null, "landuse": "residential" }, "geometry": { "type": "Point", "coordinates": [ 121.024143420611949, 14.659878740349884 ] } },
{ "type": "Feature", "properties": { "name": null, "category": "residential", "amenity": null, "building": null, "shop": null, "landuse": "residential" }, "geometry": { "type": "Point", "coordinates": [ 121.025121207156346, 14.660380266225323 ] } },
{ "type": "Feature", "properties": { "name": null, "category": "residential", "amenity": null, "building": null, "shop": null, "landuse": "residential" }, "geometry": { "type": "Point", "coordinates": [ 121.025906967555855, 14.661326933117321 ] } },
{ "type": "Feature", "properties": { "name": null, "category": "residential", "amenity": null, "building": null, "shop": null, "landuse": "residential" }, "geometry": { "type": "Point", "coordinates": [ 121.024748332459481, 14.661688665436538 ] } },
{ "type": "Feature", "properties": { "name": null, "category": "residential", "amenity": null, "building": null, "shop": null, "landuse": "residential" }, "geometry": { "type": "Point", "coordinates": [ 121.024519472265339, 14.662114528572264 ] } },
{ "type": "Feature", "properties": { "name": null, "category": "residential", "amenity": null, "building": null, "shop": null, "landuse": "residential" }, "geometry": { "type": "Point", "coordinates": [ 121.024193779401969, 14.662625137911004 ] } },
{ "type": "Feature", "properties": { "name": null, "category": "residential", "amenity": null, "building": null, "shop": null, "landuse": "residential" }, "geometry": { "type": "Point", "coordinates": [ 121.022193440891442, 14.660745016343752 ] } },
{ "type": "Feature", "properties": { "name": null, "category": "residential", "amenity": null, "building": null, "shop": null, "landuse": "residential" }, "geometry": { "type": "Point", "coordinates": [ 121.021546083842864, 14.662907954264595 ] } },
{ "type": "Feature", "properties": { "name": null, "category": "residential", "amenity": null, "building": null, "shop": null, "landuse": "residential" }, "geometry": { "type": "Point", "coordinates": [ 121.025283469836552, 14.66221843860715 ] } },
{ "type": "Feature", "properties": { "name": null, "category": "residential", "amenity": null, "building": null, "shop": null, "landuse": "residential" }, "geometry": { "type": "Point", "coordinates": [ 121.025756486274815, 14.661753499424954 ] } },
{ "type": "Feature", "properties": { "name": null, "category": "residential", "amenity": null, "building": null, "shop": null, "landuse": "residential" }, "geometry": { "type": "Point", "coordinates": [ 121.093213813872097, 14.707337377259609 ] } },
{ "type": "Feature", "properties": { "name": null, "category": "residential", "amenity": null, "building": null, "shop": null, "landuse": "residential" }, "geometry": { "type": "Point", "coordinates": [ 121.081796542183682, 14.67362045157836 ] } },
{ "type": "Feature", "properties": { "name": null, "category": "residential", "amenity": null, "building": null, "shop": null, "landuse": "residential" }, "geometry": { "type": "Point", "coordinates": [ 121.034834462936615, 14.692645886922456 ] } },
{ "type": "Feature", "properties": { "name": null, "category": "residential", "amenity": null, "building": null, "shop": null, "landuse": "residential" }, "geometry": { "type": "Point", "coordinates": [ 121.035122718040114, 14.692074913850238 ] } },
{ "type": "Feature", "properties": { "name": "Richland 2 Subdivision", "category": "residential", "amenity": null, "building": null, "shop": null, "landuse": "residential" }, "geometry": { "type": "Point", "coordinates": [ 121.034914548650306, 14.691156296428202 ] } },
{ "type": "Feature", "properties": { "name": null, "category": "residential", "amenity": null, "building": null, "shop": null, "landuse": "residential" }, "geometry": { "type": "Point", "coordinates": [ 121.035574159517822, 14.691212029677645 ] } },
{ "type": "Feature", "properties": { "name": null, "category": "residential", "amenity": null, "building": null, "shop": null, "landuse": "residential" }, "geometry": { "type": "Point", "coordinates": [ 121.036066698791956, 14.691011529102626 ] } },
{ "type": "Feature", "properties": { "name": null, "category": "residential", "amenity": null, "building": null, "shop": null, "landuse": "residential" }, "geometry": { "type": "Point", "coordinates": [ 121.03504796757619, 14.690363306326542 ] } },
{ "type": "Feature", "properties": { "name": null, "category": "residential", "amenity": null, "building": null, "shop": null, "landuse": "residential" }, "geometry": { "type": "Point", "coordinates": [ 121.020777988342857, 14.631486198328526 ] } },
{ "type": "Feature", "properties": { "name": null, "category": "residential", "amenity": null, "building": null, "shop": null, "landuse": "residential" }, "geometry": { "type": "Point", "coordinates": [ 121.021033471050217, 14.628249501637534 ] } },
{ "type": "Feature", "properties": { "name": null, "category": "residential", "amenity": null, "building": null, "shop": null, "landuse": "residential" }, "geometry": { "type": "Point", "coordinates": [ 121.055537538488537, 14.627563787171388 ] } },
{ "type": "Feature", "properties": { "name": null, "category": "residential", "amenity": null, "building": null, "shop": null, "landuse": "residential" }, "geometry": { "type": "Point", "coordinates": [ 121.05615590414817, 14.627802574555812 ] } },
{ "type": "Feature", "properties": { "name": null, "category": "residential", "amenity": null, "building": null, "shop": null, "landuse": "residential" }, "geometry": { "type": "Point", "coordinates": [ 121.056743451597015, 14.62807244741556 ] } },
{ "type": "Feature", "properties": { "name": null, "category": "residential", "amenity": null, "building": null, "shop": null, "landuse": "residential" }, "geometry": { "type": "Point", "coordinates": [ 121.079745875323468, 14.64382070097845 ] } },
{ "type": "Feature", "properties": { "name": null, "category": "residential", "amenity": null, "building": null, "shop": null, "landuse": "residential" }, "geometry": { "type": "Point", "coordinates": [ 121.027705397561149, 14.678322873149128 ] } },
{ "type": "Feature", "properties": { "name": null, "category": "residential", "amenity": null, "building": null, "shop": null, "landuse": "residential" }, "geometry": { "type": "Point", "coordinates": [ 121.026699211827079, 14.677409321316388 ] } },
{ "type": "Feature", "properties": { "name": null, "category": "residential", "amenity": null, "building": null, "shop": null, "landuse": "residential" }, "geometry": { "type": "Point", "coordinates": [ 121.026353991277588, 14.67798059502563 ] } },
{ "type": "Feature", "properties": { "name": null, "category": "residential", "amenity": null, "building": null, "shop": null, "landuse": "residential" }, "geometry": { "type": "Point", "coordinates": [ 121.100925914488755, 14.680566723278861 ] } },
{ "type": "Feature", "properties": { "name": null, "category": "residential", "amenity": null, "building": null, "shop": null, "landuse": "residential" }, "geometry": { "type": "Point", "coordinates": [ 121.100176612250777, 14.681018445357157 ] } },
{ "type": "Feature", "properties": { "name": null, "category": "residential", "amenity": null, "building": null, "shop": null, "landuse": "residential" }, "geometry": { "type": "Point", "coordinates": [ 121.10147477239579, 14.681423629279461 ] } },
{ "type": "Feature", "properties": { "name": null, "category": "residential", "amenity": null, "building": null, "shop": null, "landuse": "residential" }, "geometry": { "type": "Point", "coordinates": [ 121.102305729252009, 14.680726774758437 ] } },
{ "type": "Feature", "properties": { "name": null, "category": "residential", "amenity": null, "building": null, "shop": null, "landuse": "residential" }, "geometry": { "type": "Point", "coordinates": [ 121.100066179316627, 14.679931874810347 ] } },
{ "type": "Feature", "properties": { "name": null, "category": "residential", "amenity": null, "building": null, "shop": null, "landuse": "residential" }, "geometry": { "type": "Point", "coordinates": [ 121.03919135462354, 14.629647857968855 ] } },
{ "type": "Feature", "properties": { "name": null, "category": "residential", "amenity": null, "building": null, "shop": null, "landuse": "residential" }, "geometry": { "type": "Point", "coordinates": [ 121.046529691523958, 14.613376282780827 ] } },
{ "type": "Feature", "properties": { "name": null, "category": "residential", "amenity": null, "building": null, "shop": null, "landuse": "residential" }, "geometry": { "type": "Point", "coordinates": [ 121.028876893579806, 14.628716747868769 ] } },
{ "type": "Feature", "properties": { "name": null, "category": "residential", "amenity": null, "building": null, "shop": null, "landuse": "residential" }, "geometry": { "type": "Point", "coordinates": [ 121.030254557612523, 14.627273083546696 ] } },
{ "type": "Feature", "properties": { "name": null, "category": "residential", "amenity": null, "building": null, "shop": null, "landuse": "residential" }, "geometry": { "type": "Point", "coordinates": [ 121.07829811630674, 14.695410209906521 ] } },
{ "type": "Feature", "properties": { "name": null, "category": "residential", "amenity": null, "building": null, "shop": null, "landuse": "residential" }, "geometry": { "type": "Point", "coordinates": [ 121.079628261849493, 14.697801459762751 ] } },
{ "type": "Feature", "properties": { "name": "Cluster Village", "category": "residential", "amenity": null, "building": null, "shop": null, "landuse": "residential" }, "geometry": { "type": "Point", "coordinates": [ 121.025374744817825, 14.658050097324415 ] } },
{ "type": "Feature", "properties": { "name": "LCCF", "category": "residential", "amenity": null, "building": null, "shop": null, "landuse": "residential" }, "geometry": { "type": "Point", "coordinates": [ 121.023765967734548, 14.709225552021218 ] } },
{ "type": "Feature", "properties": { "name": null, "category": "residential", "amenity": null, "building": null, "shop": null, "landuse": "residential" }, "geometry": { "type": "Point", "coordinates": [ 121.060004549999348, 14.698912750002888 ] } },
{ "type": "Feature", "properties": { "name": null, "category": "residential", "amenity": null, "building": null, "shop": null, "landuse": "residential" }, "geometry": { "type": "Point", "coordinates": [ 121.031871045529684, 14.627450859770603 ] } },
{ "type": "Feature", "properties": { "name": null, "category": "residential", "amenity": null, "building": null, "shop": null, "landuse": "residential" }, "geometry": { "type": "Point", "coordinates": [ 121.03845011183175, 14.685830197986652 ] } },
{ "type": "Feature", "properties": { "name": null, "category": "residential", "amenity": null, "building": null, "shop": null, "landuse": "residential" }, "geometry": { "type": "Point", "coordinates": [ 121.032151420811331, 14.62465080857179 ] } },
{ "type": "Feature", "properties": { "name": null, "category": "residential", "amenity": null, "building": null, "shop": null, "landuse": "residential" }, "geometry": { "type": "Point", "coordinates": [ 121.030782091986651, 14.663330225387194 ] } },
{ "type": "Feature", "properties": { "name": null, "category": "residential", "amenity": null, "building": null, "shop": null, "landuse": "residential" }, "geometry": { "type": "Point", "coordinates": [ 121.030346892867982, 14.663500387655191 ] } },
{ "type": "Feature", "properties": { "name": null, "category": "residential", "amenity": null, "building": null, "shop": null, "landuse": "residential" }, "geometry": { "type": "Point", "coordinates": [ 121.031705285781314, 14.664389056713752 ] } },
{ "type": "Feature", "properties": { "name": null, "category": "residential", "amenity": null, "building": null, "shop": null, "landuse": "residential" }, "geometry": { "type": "Point", "coordinates": [ 121.031252751596611, 14.663168733022605 ] } },
{ "type": "Feature", "properties": { "name": null, "category": "residential", "amenity": null, "building": null, "shop": null, "landuse": "residential" }, "geometry": { "type": "Point", "coordinates": [ 121.032462161151628, 14.663276564694405 ] } },
{ "type": "Feature", "properties": { "name": null, "category": "residential", "amenity": null, "building": null, "shop": null, "landuse": "residential" }, "geometry": { "type": "Point", "coordinates": [ 121.07081511952363, 14.692124458926925 ] } },
{ "type": "Feature", "properties": { "name": null, "category": "residential", "amenity": null, "building": null, "shop": null, "landuse": "residential" }, "geometry": { "type": "Point", "coordinates": [ 121.013106822625303, 14.622998785017071 ] } },
{ "type": "Feature", "properties": { "name": null, "category": "residential", "amenity": null, "building": null, "shop": null, "landuse": "residential" }, "geometry": { "type": "Point", "coordinates": [ 121.013762178491902, 14.622617762134952 ] } },
{ "type": "Feature", "properties": { "name": null, "category": "residential", "amenity": null, "building": null, "shop": null, "landuse": "residential" }, "geometry": { "type": "Point", "coordinates": [ 121.03912837649672, 14.652935673200021 ] } },
{ "type": "Feature", "properties": { "name": null, "category": "residential", "amenity": null, "building": null, "shop": null, "landuse": "residential" }, "geometry": { "type": "Point", "coordinates": [ 121.042829213022102, 14.721708066197198 ] } },
{ "type": "Feature", "properties": { "name": null, "category": "residential", "amenity": null, "building": null, "shop": null, "landuse": "residential" }, "geometry": { "type": "Point", "coordinates": [ 121.097778635328581, 14.680788504389184 ] } },
{ "type": "Feature", "properties": { "name": null, "category": "residential", "amenity": null, "building": null, "shop": null, "landuse": "residential" }, "geometry": { "type": "Point", "coordinates": [ 121.09771668554049, 14.68159630087672 ] } },
{ "type": "Feature", "properties": { "name": null, "category": "residential", "amenity": null, "building": null, "shop": null, "landuse": "residential" }, "geometry": { "type": "Point", "coordinates": [ 121.098671670432978, 14.681338268692981 ] } },
{ "type": "Feature", "properties": { "name": null, "category": "residential", "amenity": null, "building": null, "shop": null, "landuse": "residential" }, "geometry": { "type": "Point", "coordinates": [ 121.099581380898542, 14.681844517928267 ] } },
{ "type": "Feature", "properties": { "name": null, "category": "residential", "amenity": null, "building": null, "shop": null, "landuse": "residential" }, "geometry": { "type": "Point", "coordinates": [ 121.099051990849148, 14.679751391397648 ] } },
{ "type": "Feature", "properties": { "name": null, "category": "residential", "amenity": null, "building": null, "shop": null, "landuse": "residential" }, "geometry": { "type": "Point", "coordinates": [ 121.098028977803835, 14.679987378723867 ] } },
{ "type": "Feature", "properties": { "name": null, "category": "residential", "amenity": null, "building": null, "shop": null, "landuse": "residential" }, "geometry": { "type": "Point", "coordinates": [ 121.098873520289629, 14.680414806623748 ] } },
{ "type": "Feature", "properties": { "name": null, "category": "residential", "amenity": null, "building": null, "shop": null, "landuse": "residential" }, "geometry": { "type": "Point", "coordinates": [ 121.013053963844385, 14.636293196993304 ] } },
{ "type": "Feature", "properties": { "name": null, "category": "residential", "amenity": null, "building": null, "shop": null, "landuse": "residential" }, "geometry": { "type": "Point", "coordinates": [ 121.013388680516044, 14.637212756872055 ] } },
{ "type": "Feature", "properties": { "name": null, "category": "residential", "amenity": null, "building": null, "shop": null, "landuse": "residential" }, "geometry": { "type": "Point", "coordinates": [ 121.013954722700888, 14.637299837287479 ] } },
{ "type": "Feature", "properties": { "name": null, "category": "residential", "amenity": null, "building": null, "shop": null, "landuse": "residential" }, "geometry": { "type": "Point", "coordinates": [ 121.026772965130505, 14.631026307918015 ] } },
{ "type": "Feature", "properties": { "name": null, "category": "residential", "amenity": null, "building": null, "shop": null, "landuse": "residential" }, "geometry": { "type": "Point", "coordinates": [ 121.028876778003664, 14.630575161264083 ] } },
{ "type": "Feature", "properties": { "name": null, "category": "residential", "amenity": null, "building": null, "shop": null, "landuse": "residential" }, "geometry": { "type": "Point", "coordinates": [ 121.021562418643839, 14.649481931474041 ] } },
{ "type": "Feature", "properties": { "name": null, "category": "residential", "amenity": null, "building": null, "shop": null, "landuse": "residential" }, "geometry": { "type": "Point", "coordinates": [ 121.021383712516737, 14.649207789280284 ] } },
{ "type": "Feature", "properties": { "name": null, "category": "residential", "amenity": null, "building": null, "shop": null, "landuse": "residential" }, "geometry": { "type": "Point", "coordinates": [ 121.022062805185797, 14.647785933905205 ] } },
{ "type": "Feature", "properties": { "name": null, "category": "residential", "amenity": null, "building": null, "shop": null, "landuse": "residential" }, "geometry": { "type": "Point", "coordinates": [ 121.021450432742057, 14.645851578410451 ] } },
{ "type": "Feature", "properties": { "name": null, "category": "residential", "amenity": null, "building": null, "shop": null, "landuse": "residential" }, "geometry": { "type": "Point", "coordinates": [ 121.022495245607033, 14.645401916609531 ] } },
{ "type": "Feature", "properties": { "name": null, "category": "residential", "amenity": null, "building": null, "shop": null, "landuse": "residential" }, "geometry": { "type": "Point", "coordinates": [ 121.02225531583187, 14.646169652656425 ] } },
{ "type": "Feature", "properties": { "name": null, "category": "residential", "amenity": null, "building": null, "shop": null, "landuse": "residential" }, "geometry": { "type": "Point", "coordinates": [ 121.023856273867494, 14.646686472753903 ] } },
{ "type": "Feature", "properties": { "name": null, "category": "residential", "amenity": null, "building": null, "shop": null, "landuse": "residential" }, "geometry": { "type": "Point", "coordinates": [ 121.0247326261578, 14.646655553723948 ] } },
{ "type": "Feature", "properties": { "name": null, "category": "residential", "amenity": null, "building": null, "shop": null, "landuse": "residential" }, "geometry": { "type": "Point", "coordinates": [ 121.024277117875428, 14.645903834056828 ] } },
{ "type": "Feature", "properties": { "name": null, "category": "residential", "amenity": null, "building": null, "shop": null, "landuse": "residential" }, "geometry": { "type": "Point", "coordinates": [ 121.02348009231595, 14.64515466609752 ] } },
{ "type": "Feature", "properties": { "name": null, "category": "residential", "amenity": null, "building": null, "shop": null, "landuse": "residential" }, "geometry": { "type": "Point", "coordinates": [ 121.0254867014594, 14.646503427956445 ] } },
{ "type": "Feature", "properties": { "name": null, "category": "residential", "amenity": null, "building": null, "shop": null, "landuse": "residential" }, "geometry": { "type": "Point", "coordinates": [ 121.02550757913481, 14.64688091965647 ] } },
{ "type": "Feature", "properties": { "name": null, "category": "residential", "amenity": null, "building": null, "shop": null, "landuse": "residential" }, "geometry": { "type": "Point", "coordinates": [ 121.025429759396275, 14.647285618042154 ] } },
{ "type": "Feature", "properties": { "name": null, "category": "residential", "amenity": null, "building": null, "shop": null, "landuse": "residential" }, "geometry": { "type": "Point", "coordinates": [ 121.016504641037713, 14.649793754566234 ] } },
{ "type": "Feature", "properties": { "name": null, "category": "residential", "amenity": null, "building": null, "shop": null, "landuse": "residential" }, "geometry": { "type": "Point", "coordinates": [ 121.016525550381715, 14.647959857518366 ] } },
{ "type": "Feature", "properties": { "name": null, "category": "residential", "amenity": null, "building": null, "shop": null, "landuse": "residential" }, "geometry": { "type": "Point", "coordinates": [ 121.017402478634054, 14.649555068723849 ] } },
{ "type": "Feature", "properties": { "name": null, "category": "residential", "amenity": null, "building": null, "shop": null, "landuse": "residential" }, "geometry": { "type": "Point", "coordinates": [ 121.025015043801261, 14.695532729114715 ] } },
{ "type": "Feature", "properties": { "name": null, "category": "residential", "amenity": null, "building": null, "shop": null, "landuse": "residential" }, "geometry": { "type": "Point", "coordinates": [ 121.01345631248806, 14.626006640341942 ] } },
{ "type": "Feature", "properties": { "name": null, "category": "residential", "amenity": null, "building": null, "shop": null, "landuse": "residential" }, "geometry": { "type": "Point", "coordinates": [ 121.010656032226038, 14.628437048687104 ] } },
{ "type": "Feature", "properties": { "name": null, "category": "residential", "amenity": null, "building": null, "shop": null, "landuse": "residential" }, "geometry": { "type": "Point", "coordinates": [ 121.08823821533791, 14.69275094898846 ] } },
{ "type": "Feature", "properties": { "name": null, "category": "residential", "amenity": null, "building": null, "shop": null, "landuse": "residential" }, "geometry": { "type": "Point", "coordinates": [ 121.070203915565301, 14.670308333398374 ] } },
{ "type": "Feature", "properties": { "name": null, "category": "residential", "amenity": null, "building": null, "shop": null, "landuse": "residential" }, "geometry": { "type": "Point", "coordinates": [ 121.092429750001529, 14.707373950003305 ] } },
{ "type": "Feature", "properties": { "name": null, "category": "residential", "amenity": null, "building": null, "shop": null, "landuse": "residential" }, "geometry": { "type": "Point", "coordinates": [ 121.011010569306947, 14.624093585951606 ] } },
{ "type": "Feature", "properties": { "name": null, "category": "residential", "amenity": null, "building": null, "shop": null, "landuse": "residential" }, "geometry": { "type": "Point", "coordinates": [ 121.102662004568316, 14.714481307370992 ] } },
{ "type": "Feature", "properties": { "name": null, "category": "residential", "amenity": null, "building": null, "shop": null, "landuse": "residential" }, "geometry": { "type": "Point", "coordinates": [ 121.103001339708712, 14.713882915381628 ] } },
{ "type": "Feature", "properties": { "name": null, "category": "residential", "amenity": null, "building": null, "shop": null, "landuse": "residential" }, "geometry": { "type": "Point", "coordinates": [ 121.016172199650754, 14.637241349917923 ] } },
{ "type": "Feature", "properties": { "name": null, "category": "residential", "amenity": null, "building": null, "shop": null, "landuse": "residential" }, "geometry": { "type": "Point", "coordinates": [ 121.058031299257735, 14.650299548562979 ] } },
{ "type": "Feature", "properties": { "name": null, "category": "residential", "amenity": null, "building": null, "shop": null, "landuse": "residential" }, "geometry": { "type": "Point", "coordinates": [ 121.057994234291399, 14.651842951309114 ] } },
{ "type": "Feature", "properties": { "name": null, "category": "residential", "amenity": null, "building": null, "shop": null, "landuse": "residential" }, "geometry": { "type": "Point", "coordinates": [ 121.058159131440803, 14.648249601805107 ] } },
{ "type": "Feature", "properties": { "name": null, "category": "residential", "amenity": null, "building": null, "shop": null, "landuse": "residential" }, "geometry": { "type": "Point", "coordinates": [ 121.058845498741221, 14.648245358661168 ] } },
{ "type": "Feature", "properties": { "name": null, "category": "residential", "amenity": null, "building": null, "shop": null, "landuse": "residential" }, "geometry": { "type": "Point", "coordinates": [ 121.058009902013666, 14.646461495281226 ] } },
{ "type": "Feature", "properties": { "name": null, "category": "residential", "amenity": null, "building": null, "shop": null, "landuse": "residential" }, "geometry": { "type": "Point", "coordinates": [ 121.060123885090235, 14.645463530859681 ] } },
{ "type": "Feature", "properties": { "name": null, "category": "residential", "amenity": null, "building": null, "shop": null, "landuse": "residential" }, "geometry": { "type": "Point", "coordinates": [ 121.061652437350773, 14.646448438999213 ] } },
{ "type": "Feature", "properties": { "name": null, "category": "residential", "amenity": null, "building": null, "shop": null, "landuse": "residential" }, "geometry": { "type": "Point", "coordinates": [ 121.062689296132433, 14.645691785190744 ] } },
{ "type": "Feature", "properties": { "name": null, "category": "residential", "amenity": null, "building": null, "shop": null, "landuse": "residential" }, "geometry": { "type": "Point", "coordinates": [ 121.063250360638364, 14.647304195140336 ] } },
{ "type": "Feature", "properties": { "name": null, "category": "residential", "amenity": null, "building": null, "shop": null, "landuse": "residential" }, "geometry": { "type": "Point", "coordinates": [ 121.063363142742702, 14.646411313936518 ] } },
{ "type": "Feature", "properties": { "name": null, "category": "residential", "amenity": null, "building": null, "shop": null, "landuse": "residential" }, "geometry": { "type": "Point", "coordinates": [ 121.06425796048957, 14.646430151023923 ] } },
{ "type": "Feature", "properties": { "name": null, "category": "residential", "amenity": null, "building": null, "shop": null, "landuse": "residential" }, "geometry": { "type": "Point", "coordinates": [ 121.064784368974387, 14.646108556302076 ] } },
{ "type": "Feature", "properties": { "name": null, "category": "residential", "amenity": null, "building": null, "shop": null, "landuse": "residential" }, "geometry": { "type": "Point", "coordinates": [ 121.065135073034668, 14.646075695411541 ] } },
{ "type": "Feature", "properties": { "name": null, "category": "residential", "amenity": null, "building": null, "shop": null, "landuse": "residential" }, "geometry": { "type": "Point", "coordinates": [ 121.063625023402281, 14.645067673875291 ] } },
{ "type": "Feature", "properties": { "name": null, "category": "residential", "amenity": null, "building": null, "shop": null, "landuse": "residential" }, "geometry": { "type": "Point", "coordinates": [ 121.063700108023269, 14.643836091529543 ] } },
{ "type": "Feature", "properties": { "name": null, "category": "residential", "amenity": null, "building": null, "shop": null, "landuse": "residential" }, "geometry": { "type": "Point", "coordinates": [ 121.062775813924205, 14.643972668068779 ] } },
{ "type": "Feature", "properties": { "name": null, "category": "residential", "amenity": null, "building": null, "shop": null, "landuse": "residential" }, "geometry": { "type": "Point", "coordinates": [ 121.061841869335296, 14.645506814277256 ] } },
{ "type": "Feature", "properties": { "name": null, "category": "residential", "amenity": null, "building": null, "shop": null, "landuse": "residential" }, "geometry": { "type": "Point", "coordinates": [ 121.057277497953208, 14.641685370527997 ] } },
{ "type": "Feature", "properties": { "name": "Metrocom Housing", "category": "residential", "amenity": null, "building": null, "shop": null, "landuse": "residential" }, "geometry": { "type": "Point", "coordinates": [ 121.062779673887221, 14.641032346336171 ] } },
{ "type": "Feature", "properties": { "name": null, "category": "residential", "amenity": null, "building": null, "shop": null, "landuse": "residential" }, "geometry": { "type": "Point", "coordinates": [ 121.062246706128022, 14.641980371235933 ] } },
{ "type": "Feature", "properties": { "name": null, "category": "residential", "amenity": null, "building": null, "shop": null, "landuse": "residential" }, "geometry": { "type": "Point", "coordinates": [ 121.063247800811723, 14.642519842223393 ] } },
{ "type": "Feature", "properties": { "name": null, "category": "residential", "amenity": null, "building": null, "shop": null, "landuse": "residential" }, "geometry": { "type": "Point", "coordinates": [ 121.063440875987851, 14.642210437766266 ] } },
{ "type": "Feature", "properties": { "name": null, "category": "residential", "amenity": null, "building": null, "shop": null, "landuse": "residential" }, "geometry": { "type": "Point", "coordinates": [ 121.064439856329969, 14.643591448829953 ] } },
{ "type": "Feature", "properties": { "name": null, "category": "residential", "amenity": null, "building": null, "shop": null, "landuse": "residential" }, "geometry": { "type": "Point", "coordinates": [ 121.064661075002547, 14.643162260742626 ] } },
{ "type": "Feature", "properties": { "name": null, "category": "residential", "amenity": null, "building": null, "shop": null, "landuse": "residential" }, "geometry": { "type": "Point", "coordinates": [ 121.060494846641461, 14.63793609524795 ] } },
{ "type": "Feature", "properties": { "name": null, "category": "residential", "amenity": null, "building": null, "shop": null, "landuse": "residential" }, "geometry": { "type": "Point", "coordinates": [ 121.060616856084536, 14.637135175809956 ] } },
{ "type": "Feature", "properties": { "name": null, "category": "residential", "amenity": null, "building": null, "shop": null, "landuse": "residential" }, "geometry": { "type": "Point", "coordinates": [ 121.062128223341134, 14.636849502310307 ] } },
{ "type": "Feature", "properties": { "name": "25B", "category": "residential", "amenity": null, "building": null, "shop": null, "landuse": "residential" }, "geometry": { "type": "Point", "coordinates": [ 121.101610364510577, 14.685129890775871 ] } },
{ "type": "Feature", "properties": { "name": null, "category": "residential", "amenity": null, "building": null, "shop": null, "landuse": "residential" }, "geometry": { "type": "Point", "coordinates": [ 121.099728561316184, 14.683959463582106 ] } },
{ "type": "Feature", "properties": { "name": null, "category": "residential", "amenity": null, "building": null, "shop": null, "landuse": "residential" }, "geometry": { "type": "Point", "coordinates": [ 121.100548616107744, 14.685949193491444 ] } },
{ "type": "Feature", "properties": { "name": null, "category": "residential", "amenity": null, "building": null, "shop": null, "landuse": "residential" }, "geometry": { "type": "Point", "coordinates": [ 121.077477351175929, 14.651893718771936 ] } },
{ "type": "Feature", "properties": { "name": null, "category": "residential", "amenity": null, "building": null, "shop": null, "landuse": "residential" }, "geometry": { "type": "Point", "coordinates": [ 121.07695678897494, 14.652137494643634 ] } },
{ "type": "Feature", "properties": { "name": null, "category": "residential", "amenity": null, "building": null, "shop": null, "landuse": "residential" }, "geometry": { "type": "Point", "coordinates": [ 121.077436404202771, 14.651630397186985 ] } },
{ "type": "Feature", "properties": { "name": null, "category": "residential", "amenity": null, "building": null, "shop": null, "landuse": "residential" }, "geometry": { "type": "Point", "coordinates": [ 121.077841495072434, 14.651923617804224 ] } },
{ "type": "Feature", "properties": { "name": null, "category": "residential", "amenity": null, "building": null, "shop": null, "landuse": "residential" }, "geometry": { "type": "Point", "coordinates": [ 121.077624282821404, 14.65120611441305 ] } },
{ "type": "Feature", "properties": { "name": null, "category": "residential", "amenity": null, "building": null, "shop": null, "landuse": "residential" }, "geometry": { "type": "Point", "coordinates": [ 121.077282718654061, 14.650722083342457 ] } },
{ "type": "Feature", "properties": { "name": null, "category": "residential", "amenity": null, "building": null, "shop": null, "landuse": "residential" }, "geometry": { "type": "Point", "coordinates": [ 121.076814318232096, 14.651320223386056 ] } },
{ "type": "Feature", "properties": { "name": "2A Fema Street, Milan Residence", "category": "residential", "amenity": null, "building": null, "shop": null, "landuse": "residential" }, "geometry": { "type": "Point", "coordinates": [ 121.016685947050235, 14.658728255776632 ] } },
{ "type": "Feature", "properties": { "name": null, "category": "residential", "amenity": null, "building": null, "shop": null, "landuse": "residential" }, "geometry": { "type": "Point", "coordinates": [ 121.021313846546462, 14.651389062566404 ] } },
{ "type": "Feature", "properties": { "name": null, "category": "residential", "amenity": null, "building": null, "shop": null, "landuse": "residential" }, "geometry": { "type": "Point", "coordinates": [ 121.036362395018401, 14.665488082826426 ] } },
{ "type": "Feature", "properties": { "name": null, "category": "residential", "amenity": null, "building": null, "shop": null, "landuse": "residential" }, "geometry": { "type": "Point", "coordinates": [ 121.01324236080869, 14.663148266177059 ] } },
{ "type": "Feature", "properties": { "name": "Homeland Subdivision", "category": "residential", "amenity": null, "building": null, "shop": null, "landuse": "residential" }, "geometry": { "type": "Point", "coordinates": [ 121.025566744932163, 14.679552919566454 ] } },
{ "type": "Feature", "properties": { "name": "Don Primitivo Townhomes", "category": "residential", "amenity": null, "building": null, "shop": null, "landuse": "residential" }, "geometry": { "type": "Point", "coordinates": [ 121.076469604925478, 14.676761309820606 ] } },
{ "type": "Feature", "properties": { "name": "Palad Compound", "category": "residential", "amenity": null, "building": null, "shop": null, "landuse": "residential" }, "geometry": { "type": "Point", "coordinates": [ 121.078579813777992, 14.673569207630244 ] } },
{ "type": "Feature", "properties": { "name": "Castullo Compound", "category": "residential", "amenity": null, "building": null, "shop": null, "landuse": "residential" }, "geometry": { "type": "Point", "coordinates": [ 121.078580640240801, 14.673841252967497 ] } },
{ "type": "Feature", "properties": { "name": "Bistekville 4", "category": "residential", "amenity": null, "building": null, "shop": null, "landuse": "residential" }, "geometry": { "type": "Point", "coordinates": [ 121.045368245211918, 14.667115578390121 ] } },
{ "type": "Feature", "properties": { "name": "Union Square", "category": "residential", "amenity": null, "building": null, "shop": null, "landuse": "residential" }, "geometry": { "type": "Point", "coordinates": [ 121.057883654350434, 14.622233083751254 ] } },
{ "type": "Feature", "properties": { "name": null, "category": "residential", "amenity": null, "building": null, "shop": null, "landuse": "residential" }, "geometry": { "type": "Point", "coordinates": [ 121.043716203366742, 14.631850507039898 ] } },
{ "type": "Feature", "properties": { "name": "Cabalquinto Compound", "category": "residential", "amenity": null, "building": null, "shop": null, "landuse": "residential" }, "geometry": { "type": "Point", "coordinates": [ 121.00231555196325, 14.654051509558359 ] } },
{ "type": "Feature", "properties": { "name": "Midland Suites", "category": "residential", "amenity": null, "building": null, "shop": null, "landuse": "residential" }, "geometry": { "type": "Point", "coordinates": [ 121.036954893121688, 14.642737029575832 ] } },
{ "type": "Feature", "properties": { "name": null, "category": "residential", "amenity": null, "building": null, "shop": null, "landuse": "residential" }, "geometry": { "type": "Point", "coordinates": [ 121.055872288538083, 14.702849100628272 ] } },
{ "type": "Feature", "properties": { "name": null, "category": "residential", "amenity": null, "building": null, "shop": null, "landuse": "residential" }, "geometry": { "type": "Point", "coordinates": [ 121.056899928865377, 14.703004823026964 ] } },
{ "type": "Feature", "properties": { "name": null, "category": "residential", "amenity": null, "building": null, "shop": null, "landuse": "residential" }, "geometry": { "type": "Point", "coordinates": [ 121.056883179379028, 14.702838147963016 ] } },
{ "type": "Feature", "properties": { "name": null, "category": "residential", "amenity": null, "building": null, "shop": null, "landuse": "residential" }, "geometry": { "type": "Point", "coordinates": [ 121.055869247798597, 14.702584437600992 ] } },
{ "type": "Feature", "properties": { "name": null, "category": "residential", "amenity": null, "building": null, "shop": null, "landuse": "residential" }, "geometry": { "type": "Point", "coordinates": [ 121.055872263399309, 14.702267829787719 ] } },
{ "type": "Feature", "properties": { "name": null, "category": "residential", "amenity": null, "building": null, "shop": null, "landuse": "residential" }, "geometry": { "type": "Point", "coordinates": [ 121.055872252408903, 14.701943082301188 ] } },
{ "type": "Feature", "properties": { "name": null, "category": "residential", "amenity": null, "building": null, "shop": null, "landuse": "residential" }, "geometry": { "type": "Point", "coordinates": [ 121.05523007372031, 14.701614616755931 ] } },
{ "type": "Feature", "properties": { "name": null, "category": "residential", "amenity": null, "building": null, "shop": null, "landuse": "residential" }, "geometry": { "type": "Point", "coordinates": [ 121.057027466367529, 14.701625346692046 ] } },
{ "type": "Feature", "properties": { "name": null, "category": "residential", "amenity": null, "building": null, "shop": null, "landuse": "residential" }, "geometry": { "type": "Point", "coordinates": [ 121.053770040215156, 14.701607068504664 ] } },
{ "type": "Feature", "properties": { "name": "MWSS Housing", "category": "residential", "amenity": null, "building": null, "shop": null, "landuse": "residential" }, "geometry": { "type": "Point", "coordinates": [ 121.07004136220003, 14.718651005522368 ] } },
{ "type": "Feature", "properties": { "name": null, "category": "residential", "amenity": null, "building": null, "shop": null, "landuse": "residential" }, "geometry": { "type": "Point", "coordinates": [ 121.076084449999087, 14.602186500004251 ] } },
{ "type": "Feature", "properties": { "name": null, "category": "residential", "amenity": null, "building": null, "shop": null, "landuse": "residential" }, "geometry": { "type": "Point", "coordinates": [ 121.021266600000871, 14.615700750000414 ] } },
{ "type": "Feature", "properties": { "name": null, "category": "residential", "amenity": null, "building": null, "shop": null, "landuse": "residential" }, "geometry": { "type": "Point", "coordinates": [ 121.021309020671964, 14.61573768568679 ] } },
{ "type": "Feature", "properties": { "name": null, "category": "residential", "amenity": null, "building": null, "shop": null, "landuse": "residential" }, "geometry": { "type": "Point", "coordinates": [ 121.015504130851497, 14.622459428280427 ] } },
{ "type": "Feature", "properties": { "name": null, "category": "residential", "amenity": null, "building": null, "shop": null, "landuse": "residential" }, "geometry": { "type": "Point", "coordinates": [ 121.031611556035401, 14.626743977383875 ] } },
{ "type": "Feature", "properties": { "name": "8 Narcissus St.", "category": "residential", "amenity": null, "building": null, "shop": null, "landuse": "residential" }, "geometry": { "type": "Point", "coordinates": [ 121.021660718305043, 14.626771192515649 ] } },
{ "type": "Feature", "properties": { "name": "Nagomi Residences", "category": "residential", "amenity": null, "building": null, "shop": null, "landuse": "residential" }, "geometry": { "type": "Point", "coordinates": [ 121.030221969818996, 14.621676542100488 ] } },
{ "type": "Feature", "properties": { "name": "Leighton Place", "category": "residential", "amenity": null, "building": null, "shop": null, "landuse": "residential" }, "geometry": { "type": "Point", "coordinates": [ 121.030783882746206, 14.62098143207197 ] } },
{ "type": "Feature", "properties": { "name": "Ilustrata Residences", "category": "residential", "amenity": null, "building": null, "shop": null, "landuse": "residential" }, "geometry": { "type": "Point", "coordinates": [ 121.046141036880456, 14.610173428133207 ] } },
{ "type": "Feature", "properties": { "name": null, "category": "residential", "amenity": null, "building": null, "shop": null, "landuse": "residential" }, "geometry": { "type": "Point", "coordinates": [ 121.040787236821615, 14.623915075008048 ] } },
{ "type": "Feature", "properties": { "name": "Mellowville Townhomes", "category": "residential", "amenity": null, "building": null, "shop": null, "landuse": "residential" }, "geometry": { "type": "Point", "coordinates": [ 121.041062386061938, 14.622895439530016 ] } },
{ "type": "Feature", "properties": { "name": "Mowelfund Plaza", "category": "residential", "amenity": null, "building": null, "shop": null, "landuse": "residential" }, "geometry": { "type": "Point", "coordinates": [ 121.040467212806277, 14.623291718017924 ] } },
{ "type": "Feature", "properties": { "name": "Memphis Place", "category": "residential", "amenity": null, "building": null, "shop": null, "landuse": "residential" }, "geometry": { "type": "Point", "coordinates": [ 121.019335220162603, 14.635715802980986 ] } },
{ "type": "Feature", "properties": { "name": null, "category": "residential", "amenity": null, "building": null, "shop": null, "landuse": "residential" }, "geometry": { "type": "Point", "coordinates": [ 121.050217227068828, 14.61074423873252 ] } },
{ "type": "Feature", "properties": { "name": "The Pinnacle", "category": "residential", "amenity": null, "building": null, "shop": null, "landuse": "residential" }, "geometry": { "type": "Point", "coordinates": [ 121.076566453036875, 14.661528660073644 ] } },
{ "type": "Feature", "properties": { "name": "One Katipunan Residences", "category": "residential", "amenity": null, "building": null, "shop": null, "landuse": "residential" }, "geometry": { "type": "Point", "coordinates": [ 121.073888343452609, 14.632049009526201 ] } },
{ "type": "Feature", "properties": { "name": null, "category": "residential", "amenity": null, "building": null, "shop": null, "landuse": "residential" }, "geometry": { "type": "Point", "coordinates": [ 121.060993158970263, 14.723970393396078 ] } },
{ "type": "Feature", "properties": { "name": "Victoria Executive Mansions", "category": "residential", "amenity": null, "building": null, "shop": null, "landuse": "residential" }, "geometry": { "type": "Point", "coordinates": [ 121.028933980090713, 14.614523844557516 ] } },
{ "type": "Feature", "properties": { "name": "Classica Victoria", "category": "residential", "amenity": null, "building": null, "shop": null, "landuse": "residential" }, "geometry": { "type": "Point", "coordinates": [ 121.025987350263335, 14.61900556671671 ] } },
{ "type": "Feature", "properties": { "name": null, "category": "residential", "amenity": null, "building": null, "shop": null, "landuse": "residential" }, "geometry": { "type": "Point", "coordinates": [ 121.020897183069479, 14.637463150661564 ] } },
{ "type": "Feature", "properties": { "name": null, "category": "residential", "amenity": null, "building": null, "shop": null, "landuse": "residential" }, "geometry": { "type": "Point", "coordinates": [ 121.021484921253005, 14.638820579754919 ] } },
{ "type": "Feature", "properties": { "name": "Plaza Real Townhomes", "category": "residential", "amenity": null, "building": null, "shop": null, "landuse": "residential" }, "geometry": { "type": "Point", "coordinates": [ 121.013504925274745, 14.640431218302977 ] } },
{ "type": "Feature", "properties": { "name": "Lindenwood Place", "category": "residential", "amenity": null, "building": null, "shop": null, "landuse": "residential" }, "geometry": { "type": "Point", "coordinates": [ 121.007687371250242, 14.647699365498021 ] } },
{ "type": "Feature", "properties": { "name": null, "category": "residential", "amenity": null, "building": null, "shop": null, "landuse": "residential" }, "geometry": { "type": "Point", "coordinates": [ 121.010605155656805, 14.649131896228296 ] } },
{ "type": "Feature", "properties": { "name": "West Field", "category": "residential", "amenity": null, "building": null, "shop": null, "landuse": "residential" }, "geometry": { "type": "Point", "coordinates": [ 121.009113117632779, 14.648727997103975 ] } },
{ "type": "Feature", "properties": { "name": "Grace Court", "category": "residential", "amenity": null, "building": null, "shop": null, "landuse": "residential" }, "geometry": { "type": "Point", "coordinates": [ 121.048348836988339, 14.611466030819273 ] } },
{ "type": "Feature", "properties": { "name": "Sentosa Heights", "category": "residential", "amenity": null, "building": null, "shop": null, "landuse": "residential" }, "geometry": { "type": "Point", "coordinates": [ 121.03504474124972, 14.637778324650851 ] } },
{ "type": "Feature", "properties": { "name": "Tatalon Bliss Housing", "category": "residential", "amenity": null, "building": null, "shop": null, "landuse": "residential" }, "geometry": { "type": "Point", "coordinates": [ 121.013713718229937, 14.621503815333019 ] } },
{ "type": "Feature", "properties": { "name": "Speaker Perez Residences", "category": "residential", "amenity": null, "building": null, "shop": null, "landuse": "residential" }, "geometry": { "type": "Point", "coordinates": [ 120.997457899260993, 14.632881701510222 ] } },
{ "type": "Feature", "properties": { "name": "San Jose Bouhaus", "category": "residential", "amenity": null, "building": null, "shop": null, "landuse": "residential" }, "geometry": { "type": "Point", "coordinates": [ 120.99465480985252, 14.639058121684506 ] } },
{ "type": "Feature", "properties": { "name": "M.Y. Homes", "category": "residential", "amenity": null, "building": null, "shop": null, "landuse": "residential" }, "geometry": { "type": "Point", "coordinates": [ 121.000330533810882, 14.650494394934805 ] } },
{ "type": "Feature", "properties": { "name": "Graceview Residences", "category": "residential", "amenity": null, "building": null, "shop": null, "landuse": "residential" }, "geometry": { "type": "Point", "coordinates": [ 121.003987571924696, 14.649400472461826 ] } },
{ "type": "Feature", "properties": { "name": "Casa Bonita Homes", "category": "residential", "amenity": null, "building": null, "shop": null, "landuse": "residential" }, "geometry": { "type": "Point", "coordinates": [ 121.015683767994673, 14.664563830528374 ] } },
{ "type": "Feature", "properties": { "name": "Heroes Homes Condominium", "category": "residential", "amenity": null, "building": null, "shop": null, "landuse": "residential" }, "geometry": { "type": "Point", "coordinates": [ 121.018899899974002, 14.662007350053818 ] } },
{ "type": "Feature", "properties": { "name": "Royal Parthenon Square", "category": "residential", "amenity": null, "building": null, "shop": null, "landuse": "residential" }, "geometry": { "type": "Point", "coordinates": [ 121.027906252447153, 14.67936438235942 ] } },
{ "type": "Feature", "properties": { "name": "The Regina Lane", "category": "residential", "amenity": null, "building": null, "shop": null, "landuse": "residential" }, "geometry": { "type": "Point", "coordinates": [ 121.033199792077255, 14.678198981241005 ] } },
{ "type": "Feature", "properties": { "name": "Palad Compound", "category": "residential", "amenity": null, "building": null, "shop": null, "landuse": "residential" }, "geometry": { "type": "Point", "coordinates": [ 121.024696769767331, 14.671895656554842 ] } },
{ "type": "Feature", "properties": { "name": "Fatima Village", "category": "residential", "amenity": null, "building": null, "shop": null, "landuse": "residential" }, "geometry": { "type": "Point", "coordinates": [ 121.018072140870117, 14.664552906159857 ] } },
{ "type": "Feature", "properties": { "name": "Saludes Townhouse", "category": "residential", "amenity": null, "building": null, "shop": null, "landuse": "residential" }, "geometry": { "type": "Point", "coordinates": [ 121.013160527329106, 14.673910379776308 ] } },
{ "type": "Feature", "properties": { "name": "Anita Townhomes", "category": "residential", "amenity": null, "building": null, "shop": null, "landuse": "residential" }, "geometry": { "type": "Point", "coordinates": [ 121.012804868733923, 14.673537709459623 ] } },
{ "type": "Feature", "properties": { "name": "Jordan Valley Village", "category": "residential", "amenity": null, "building": null, "shop": null, "landuse": "residential" }, "geometry": { "type": "Point", "coordinates": [ 121.013566488671657, 14.677561470778642 ] } },
{ "type": "Feature", "properties": { "name": "Rivera Compound", "category": "residential", "amenity": null, "building": null, "shop": null, "landuse": "residential" }, "geometry": { "type": "Point", "coordinates": [ 121.011852254247813, 14.67718842800844 ] } },
{ "type": "Feature", "properties": { "name": "Le Lagore Mansions", "category": "residential", "amenity": null, "building": null, "shop": null, "landuse": "residential" }, "geometry": { "type": "Point", "coordinates": [ 121.076779394893123, 14.665621705723419 ] } },
{ "type": "Feature", "properties": { "name": "Carreon", "category": "residential", "amenity": null, "building": null, "shop": null, "landuse": "residential" }, "geometry": { "type": "Point", "coordinates": [ 121.027333136449499, 14.688262440594738 ] } },
{ "type": "Feature", "properties": { "name": null, "category": "residential", "amenity": null, "building": null, "shop": null, "landuse": "residential" }, "geometry": { "type": "Point", "coordinates": [ 121.02626700000036, 14.694249649995498 ] } },
{ "type": "Feature", "properties": { "name": "Coronel Compound", "category": "residential", "amenity": null, "building": null, "shop": null, "landuse": "residential" }, "geometry": { "type": "Point", "coordinates": [ 121.0287467255, 14.693173349045532 ] } },
{ "type": "Feature", "properties": { "name": null, "category": "residential", "amenity": null, "building": null, "shop": null, "landuse": "residential" }, "geometry": { "type": "Point", "coordinates": [ 121.030965741233032, 14.697349540914594 ] } },
{ "type": "Feature", "properties": { "name": "Good Haven 2 Compound", "category": "residential", "amenity": null, "building": null, "shop": null, "landuse": "residential" }, "geometry": { "type": "Point", "coordinates": [ 121.031598155868281, 14.698859781111818 ] } },
{ "type": "Feature", "properties": { "name": "Citihomes VI", "category": "residential", "amenity": null, "building": null, "shop": null, "landuse": "residential" }, "geometry": { "type": "Point", "coordinates": [ 121.022544312816109, 14.69659476294386 ] } },
{ "type": "Feature", "properties": { "name": "Sikatuna Village 2", "category": "residential", "amenity": null, "building": null, "shop": null, "landuse": "residential" }, "geometry": { "type": "Point", "coordinates": [ 121.026650876646727, 14.708562267832145 ] } },
{ "type": "Feature", "properties": { "name": "Doña Manuela Compound", "category": "residential", "amenity": null, "building": null, "shop": null, "landuse": "residential" }, "geometry": { "type": "Point", "coordinates": [ 121.050625386846448, 14.677551302611548 ] } },
{ "type": "Feature", "properties": { "name": "San Pedro 8 Compound", "category": "residential", "amenity": null, "building": null, "shop": null, "landuse": "residential" }, "geometry": { "type": "Point", "coordinates": [ 121.047400427731631, 14.675649243047873 ] } },
{ "type": "Feature", "properties": { "name": "Pael Subdivision", "category": "residential", "amenity": null, "building": null, "shop": null, "landuse": "residential" }, "geometry": { "type": "Point", "coordinates": [ 121.048187561716347, 14.65974855000051 ] } },
{ "type": "Feature", "properties": { "name": "Tawid Sapa Dos", "category": "residential", "amenity": null, "building": null, "shop": null, "landuse": "residential" }, "geometry": { "type": "Point", "coordinates": [ 121.054088927223191, 14.667267576449587 ] } },
{ "type": "Feature", "properties": { "name": "Bistekville № 19", "category": "residential", "amenity": null, "building": null, "shop": null, "landuse": "residential" }, "geometry": { "type": "Point", "coordinates": [ 121.069259966432739, 14.672279348714635 ] } },
{ "type": "Feature", "properties": { "name": "Samarpa", "category": "residential", "amenity": null, "building": null, "shop": null, "landuse": "residential" }, "geometry": { "type": "Point", "coordinates": [ 121.075222599918987, 14.674153200379545 ] } },
{ "type": "Feature", "properties": { "name": null, "category": "residential", "amenity": null, "building": null, "shop": null, "landuse": "residential" }, "geometry": { "type": "Point", "coordinates": [ 121.076229220276716, 14.674612025370982 ] } },
{ "type": "Feature", "properties": { "name": "Diamond Homes", "category": "residential", "amenity": null, "building": null, "shop": null, "landuse": "residential" }, "geometry": { "type": "Point", "coordinates": [ 121.075939670610694, 14.675516041119911 ] } },
{ "type": "Feature", "properties": { "name": "B&S City Homes", "category": "residential", "amenity": null, "building": null, "shop": null, "landuse": "residential" }, "geometry": { "type": "Point", "coordinates": [ 121.077234525335399, 14.677339341352079 ] } },
{ "type": "Feature", "properties": { "name": null, "category": "residential", "amenity": null, "building": null, "shop": null, "landuse": "residential" }, "geometry": { "type": "Point", "coordinates": [ 121.062275699990479, 14.697064050038536 ] } },
{ "type": "Feature", "properties": { "name": "Orchid Villas", "category": "residential", "amenity": null, "building": null, "shop": null, "landuse": "residential" }, "geometry": { "type": "Point", "coordinates": [ 121.061290574994985, 14.697069396566356 ] } },
{ "type": "Feature", "properties": { "name": "Rosal Primavera Executive Homes", "category": "residential", "amenity": null, "building": null, "shop": null, "landuse": "residential" }, "geometry": { "type": "Point", "coordinates": [ 121.06163013159744, 14.702903768264965 ] } },
{ "type": "Feature", "properties": { "name": "West Fairview Country Homes", "category": "residential", "amenity": null, "building": null, "shop": null, "landuse": "residential" }, "geometry": { "type": "Point", "coordinates": [ 121.060742530890053, 14.703069340853942 ] } },
{ "type": "Feature", "properties": { "name": "GK Pag-asa", "category": "residential", "amenity": null, "building": null, "shop": null, "landuse": "residential" }, "geometry": { "type": "Point", "coordinates": [ 121.049382811492748, 14.707532837173881 ] } },
{ "type": "Feature", "properties": { "name": "Ernestville", "category": "residential", "amenity": null, "building": null, "shop": null, "landuse": "residential" }, "geometry": { "type": "Point", "coordinates": [ 121.046404674186732, 14.708126856645494 ] } },
{ "type": "Feature", "properties": { "name": "Bistekville 9", "category": "residential", "amenity": null, "building": null, "shop": null, "landuse": "residential" }, "geometry": { "type": "Point", "coordinates": [ 121.044996385279205, 14.708087245791507 ] } },
{ "type": "Feature", "properties": { "name": "Good Haven 3", "category": "residential", "amenity": null, "building": null, "shop": null, "landuse": "residential" }, "geometry": { "type": "Point", "coordinates": [ 121.043582110634958, 14.708199025558125 ] } },
{ "type": "Feature", "properties": { "name": "Mendoza Compound", "category": "residential", "amenity": null, "building": null, "shop": null, "landuse": "residential" }, "geometry": { "type": "Point", "coordinates": [ 121.019568971995781, 14.720844253222394 ] } },
{ "type": "Feature", "properties": { "name": "Dellamas", "category": "residential", "amenity": null, "building": null, "shop": null, "landuse": "residential" }, "geometry": { "type": "Point", "coordinates": [ 121.034085510515212, 14.718485686697599 ] } },
{ "type": "Feature", "properties": { "name": "San Paolo Subdivision", "category": "residential", "amenity": null, "building": null, "shop": null, "landuse": "residential" }, "geometry": { "type": "Point", "coordinates": [ 121.034281406575857, 14.719613123234655 ] } },
{ "type": "Feature", "properties": { "name": null, "category": "residential", "amenity": null, "building": null, "shop": null, "landuse": "residential" }, "geometry": { "type": "Point", "coordinates": [ 121.044938397732977, 14.710768998774975 ] } },
{ "type": "Feature", "properties": { "name": null, "category": "residential", "amenity": null, "building": null, "shop": null, "landuse": "residential" }, "geometry": { "type": "Point", "coordinates": [ 121.048127046193613, 14.737976600916701 ] } },
{ "type": "Feature", "properties": { "name": "Villa Angelina", "category": "residential", "amenity": null, "building": null, "shop": null, "landuse": "residential" }, "geometry": { "type": "Point", "coordinates": [ 121.062148430148667, 14.739007836996905 ] } },
{ "type": "Feature", "properties": { "name": "Blessed Land Homes", "category": "residential", "amenity": null, "building": null, "shop": null, "landuse": "residential" }, "geometry": { "type": "Point", "coordinates": [ 121.088744308446167, 14.702898332466466 ] } },
{ "type": "Feature", "properties": { "name": "Zamora Homes", "category": "residential", "amenity": null, "building": null, "shop": null, "landuse": "residential" }, "geometry": { "type": "Point", "coordinates": [ 121.100127196676709, 14.71981355182062 ] } },
{ "type": "Feature", "properties": { "name": "Isla Pulang Bato", "category": "residential", "amenity": null, "building": null, "shop": null, "landuse": "residential" }, "geometry": { "type": "Point", "coordinates": [ 121.114504216310664, 14.703811633257086 ] } },
{ "type": "Feature", "properties": { "name": null, "category": "residential", "amenity": null, "building": null, "shop": null, "landuse": "residential" }, "geometry": { "type": "Point", "coordinates": [ 121.101788836389957, 14.704185180382993 ] } },
{ "type": "Feature", "properties": { "name": "Accibal Compound", "category": "residential", "amenity": null, "building": null, "shop": null, "landuse": "residential" }, "geometry": { "type": "Point", "coordinates": [ 121.098332854933901, 14.695122283047368 ] } },
{ "type": "Feature", "properties": { "name": "South Green Park Village", "category": "residential", "amenity": null, "building": null, "shop": null, "landuse": "residential" }, "geometry": { "type": "Point", "coordinates": [ 121.036298410403177, 14.667569661369679 ] } },
{ "type": "Feature", "properties": { "name": null, "category": "residential", "amenity": null, "building": null, "shop": null, "landuse": "residential" }, "geometry": { "type": "Point", "coordinates": [ 121.0645690604252, 14.614623932852023 ] } },
{ "type": "Feature", "properties": { "name": "Villa Felicidad", "category": "residential", "amenity": null, "building": null, "shop": null, "landuse": "residential" }, "geometry": { "type": "Point", "coordinates": [ 121.058947539500423, 14.618547817998115 ] } },
{ "type": "Feature", "properties": { "name": "Ivory Villa", "category": "residential", "amenity": null, "building": null, "shop": null, "landuse": "residential" }, "geometry": { "type": "Point", "coordinates": [ 121.072627499951807, 14.63451769996473 ] } },
{ "type": "Feature", "properties": { "name": "University Place", "category": "residential", "amenity": null, "building": null, "shop": null, "landuse": "residential" }, "geometry": { "type": "Point", "coordinates": [ 121.060655937376353, 14.646747325168676 ] } },
{ "type": "Feature", "properties": { "name": null, "category": "residential", "amenity": null, "building": null, "shop": null, "landuse": "residential" }, "geometry": { "type": "Point", "coordinates": [ 121.054081219761855, 14.652371851958691 ] } },
{ "type": "Feature", "properties": { "name": "New Jersey Village", "category": "residential", "amenity": null, "building": null, "shop": null, "landuse": "residential" }, "geometry": { "type": "Point", "coordinates": [ 121.028466097406081, 14.711016139666222 ] } },
{ "type": "Feature", "properties": { "name": "PUDC Townhomes", "category": "residential", "amenity": null, "building": null, "shop": null, "landuse": "residential" }, "geometry": { "type": "Point", "coordinates": [ 121.046682714345081, 14.70534458335632 ] } },
{ "type": "Feature", "properties": { "name": "Prima Residences", "category": "residential", "amenity": null, "building": null, "shop": null, "landuse": "residential" }, "geometry": { "type": "Point", "coordinates": [ 121.011090046199683, 14.625497784658835 ] } },
{ "type": "Feature", "properties": { "name": "Blaza Compound", "category": "residential", "amenity": null, "building": null, "shop": null, "landuse": "residential" }, "geometry": { "type": "Point", "coordinates": [ 121.043991295570052, 14.681177489630592 ] } },
{ "type": "Feature", "properties": { "name": "Paragon Residences", "category": "residential", "amenity": null, "building": null, "shop": null, "landuse": "residential" }, "geometry": { "type": "Point", "coordinates": [ 121.02797598429143, 14.640195162277607 ] } },
{ "type": "Feature", "properties": { "name": null, "category": "residential", "amenity": null, "building": null, "shop": null, "landuse": "residential" }, "geometry": { "type": "Point", "coordinates": [ 121.019932475099083, 14.620965181873364 ] } },
{ "type": "Feature", "properties": { "name": "Laura Subdivision", "category": "residential", "amenity": null, "building": null, "shop": null, "landuse": "residential" }, "geometry": { "type": "Point", "coordinates": [ 121.077330119001118, 14.671991975592155 ] } },
{ "type": "Feature", "properties": { "name": "Ramos Compound", "category": "residential", "amenity": null, "building": null, "shop": null, "landuse": "residential" }, "geometry": { "type": "Point", "coordinates": [ 121.029157131088368, 14.677958037083211 ] } },
{ "type": "Feature", "properties": { "name": "Apartment 23B", "category": "residential", "amenity": null, "building": null, "shop": null, "landuse": "residential" }, "geometry": { "type": "Point", "coordinates": [ 121.027045049999444, 14.678808350003132 ] } },
{ "type": "Feature", "properties": { "name": null, "category": "residential", "amenity": null, "building": null, "shop": null, "landuse": "residential" }, "geometry": { "type": "Point", "coordinates": [ 121.060151188409463, 14.697656082938032 ] } },
{ "type": "Feature", "properties": { "name": null, "category": "residential", "amenity": null, "building": null, "shop": null, "landuse": "residential" }, "geometry": { "type": "Point", "coordinates": [ 121.061391810328018, 14.677608731338868 ] } },
{ "type": "Feature", "properties": { "name": null, "category": "residential", "amenity": null, "building": null, "shop": null, "landuse": "residential" }, "geometry": { "type": "Point", "coordinates": [ 121.0591404200933, 14.680365710211262 ] } },
{ "type": "Feature", "properties": { "name": null, "category": "residential", "amenity": null, "building": null, "shop": null, "landuse": "residential" }, "geometry": { "type": "Point", "coordinates": [ 121.052611634103599, 14.677813266622334 ] } },
{ "type": "Feature", "properties": { "name": null, "category": "residential", "amenity": null, "building": null, "shop": null, "landuse": "residential" }, "geometry": { "type": "Point", "coordinates": [ 121.053958648520904, 14.673634969246759 ] } },
{ "type": "Feature", "properties": { "name": "University Dorms", "category": "residential", "amenity": null, "building": null, "shop": null, "landuse": "residential" }, "geometry": { "type": "Point", "coordinates": [ 121.081127208655786, 14.639400287872045 ] } },
{ "type": "Feature", "properties": { "name": null, "category": "residential", "amenity": null, "building": null, "shop": null, "landuse": "residential" }, "geometry": { "type": "Point", "coordinates": [ 121.039653180864562, 14.624383949307878 ] } },
{ "type": "Feature", "properties": { "name": null, "category": "residential", "amenity": null, "building": null, "shop": null, "landuse": "residential" }, "geometry": { "type": "Point", "coordinates": [ 121.039097728673795, 14.624050251620204 ] } },
{ "type": "Feature", "properties": { "name": null, "category": "residential", "amenity": null, "building": null, "shop": null, "landuse": "residential" }, "geometry": { "type": "Point", "coordinates": [ 121.039245701606319, 14.622627922161838 ] } },
{ "type": "Feature", "properties": { "name": null, "category": "residential", "amenity": null, "building": null, "shop": null, "landuse": "residential" }, "geometry": { "type": "Point", "coordinates": [ 121.040769965506144, 14.622607558616048 ] } },
{ "type": "Feature", "properties": { "name": null, "category": "residential", "amenity": null, "building": null, "shop": null, "landuse": "residential" }, "geometry": { "type": "Point", "coordinates": [ 121.040444371600671, 14.622271754950441 ] } },
{ "type": "Feature", "properties": { "name": null, "category": "residential", "amenity": null, "building": null, "shop": null, "landuse": "residential" }, "geometry": { "type": "Point", "coordinates": [ 121.039470657524845, 14.622026423481762 ] } },
{ "type": "Feature", "properties": { "name": null, "category": "residential", "amenity": null, "building": null, "shop": null, "landuse": "residential" }, "geometry": { "type": "Point", "coordinates": [ 121.039781520284876, 14.622195207356592 ] } },
{ "type": "Feature", "properties": { "name": null, "category": "residential", "amenity": null, "building": null, "shop": null, "landuse": "residential" }, "geometry": { "type": "Point", "coordinates": [ 121.040071361880408, 14.622241782765091 ] } },
{ "type": "Feature", "properties": { "name": null, "category": "residential", "amenity": null, "building": null, "shop": null, "landuse": "residential" }, "geometry": { "type": "Point", "coordinates": [ 121.040959283025828, 14.62231150590517 ] } },
{ "type": "Feature", "properties": { "name": null, "category": "residential", "amenity": null, "building": null, "shop": null, "landuse": "residential" }, "geometry": { "type": "Point", "coordinates": [ 121.038748837754611, 14.622543073801319 ] } },
{ "type": "Feature", "properties": { "name": null, "category": "residential", "amenity": null, "building": null, "shop": null, "landuse": "residential" }, "geometry": { "type": "Point", "coordinates": [ 121.038881849254238, 14.623919584782012 ] } },
{ "type": "Feature", "properties": { "name": null, "category": "residential", "amenity": null, "building": null, "shop": null, "landuse": "residential" }, "geometry": { "type": "Point", "coordinates": [ 121.038644910195345, 14.623761399091723 ] } },
{ "type": "Feature", "properties": { "name": null, "category": "residential", "amenity": null, "building": null, "shop": null, "landuse": "residential" }, "geometry": { "type": "Point", "coordinates": [ 121.039489918267449, 14.620742045617845 ] } },
{ "type": "Feature", "properties": { "name": "Green Grove Villa", "category": "residential", "amenity": null, "building": null, "shop": null, "landuse": "residential" }, "geometry": { "type": "Point", "coordinates": [ 121.039880324426235, 14.620991633637416 ] } },
{ "type": "Feature", "properties": { "name": "Paramount Executive", "category": "residential", "amenity": null, "building": null, "shop": null, "landuse": "residential" }, "geometry": { "type": "Point", "coordinates": [ 121.043488634932856, 14.610476719113262 ] } },
{ "type": "Feature", "properties": { "name": "Corinthian Place", "category": "residential", "amenity": null, "building": null, "shop": null, "landuse": "residential" }, "geometry": { "type": "Point", "coordinates": [ 121.035227516987419, 14.609319936708484 ] } },
{ "type": "Feature", "properties": { "name": "Villa Europa", "category": "residential", "amenity": null, "building": null, "shop": null, "landuse": "residential" }, "geometry": { "type": "Point", "coordinates": [ 121.032965200098033, 14.640255250032428 ] } },
{ "type": "Feature", "properties": { "name": "Neopolitan Condominiums", "category": "residential", "amenity": null, "building": null, "shop": null, "landuse": "residential" }, "geometry": { "type": "Point", "coordinates": [ 121.058791618467481, 14.730104274639586 ] } },
{ "type": "Feature", "properties": { "name": "Lexux Victoria", "category": "residential", "amenity": null, "building": null, "shop": null, "landuse": "residential" }, "geometry": { "type": "Point", "coordinates": [ 121.025889597462907, 14.61814803089357 ] } },
{ "type": "Feature", "properties": { "name": "Mahogany Place", "category": "residential", "amenity": null, "building": null, "shop": null, "landuse": "residential" }, "geometry": { "type": "Point", "coordinates": [ 121.02855900681682, 14.618495422848499 ] } },
{ "type": "Feature", "properties": { "name": null, "category": "residential", "amenity": null, "building": null, "shop": null, "landuse": "residential" }, "geometry": { "type": "Point", "coordinates": [ 121.086599916088872, 14.702265401085512 ] } },
{ "type": "Feature", "properties": { "name": null, "category": "residential", "amenity": null, "building": null, "shop": null, "landuse": "residential" }, "geometry": { "type": "Point", "coordinates": [ 121.087204991691394, 14.701263259735331 ] } },
{ "type": "Feature", "properties": { "name": null, "category": "residential", "amenity": null, "building": null, "shop": null, "landuse": "residential" }, "geometry": { "type": "Point", "coordinates": [ 121.087651033360274, 14.701548346178406 ] } },
{ "type": "Feature", "properties": { "name": null, "category": "residential", "amenity": null, "building": null, "shop": null, "landuse": "residential" }, "geometry": { "type": "Point", "coordinates": [ 121.087433180268121, 14.700769736226597 ] } },
{ "type": "Feature", "properties": { "name": null, "category": "residential", "amenity": null, "building": null, "shop": null, "landuse": "residential" }, "geometry": { "type": "Point", "coordinates": [ 121.085530108540894, 14.700911847160889 ] } },
{ "type": "Feature", "properties": { "name": null, "category": "residential", "amenity": null, "building": null, "shop": null, "landuse": "residential" }, "geometry": { "type": "Point", "coordinates": [ 121.086352167063623, 14.700578818081967 ] } },
{ "type": "Feature", "properties": { "name": null, "category": "residential", "amenity": null, "building": null, "shop": null, "landuse": "residential" }, "geometry": { "type": "Point", "coordinates": [ 121.084511089417688, 14.70203598365719 ] } },
{ "type": "Feature", "properties": { "name": null, "category": "residential", "amenity": null, "building": null, "shop": null, "landuse": "residential" }, "geometry": { "type": "Point", "coordinates": [ 121.084960672997141, 14.702413853792059 ] } },
{ "type": "Feature", "properties": { "name": "Golden Shower Executive Homes", "category": "residential", "amenity": null, "building": null, "shop": null, "landuse": "residential" }, "geometry": { "type": "Point", "coordinates": [ 121.049038182339515, 14.733492953612609 ] } },
{ "type": "Feature", "properties": { "name": "Corinthian Court", "category": "residential", "amenity": null, "building": null, "shop": null, "landuse": "residential" }, "geometry": { "type": "Point", "coordinates": [ 121.037065352125239, 14.62196386552672 ] } },
{ "type": "Feature", "properties": { "name": null, "category": "residential", "amenity": null, "building": null, "shop": null, "landuse": "residential" }, "geometry": { "type": "Point", "coordinates": [ 121.048042577822585, 14.710722895615032 ] } },
{ "type": "Feature", "properties": { "name": "Paradise Village", "category": "residential", "amenity": null, "building": null, "shop": null, "landuse": "residential" }, "geometry": { "type": "Point", "coordinates": [ 121.021553151176406, 14.671288273264961 ] } },
{ "type": "Feature", "properties": { "name": "Lazaro Soriano", "category": "residential", "amenity": null, "building": null, "shop": null, "landuse": "residential" }, "geometry": { "type": "Point", "coordinates": [ 121.024727729302001, 14.675482063740814 ] } },
{ "type": "Feature", "properties": { "name": "Polaris Compound", "category": "residential", "amenity": null, "building": null, "shop": null, "landuse": "residential" }, "geometry": { "type": "Point", "coordinates": [ 121.041688202117442, 14.673302660675203 ] } },
{ "type": "Feature", "properties": { "name": "Visayas Avenue Subdivision", "category": "residential", "amenity": null, "building": null, "shop": null, "landuse": "residential" }, "geometry": { "type": "Point", "coordinates": [ 121.042592049924323, 14.674433026058276 ] } },
{ "type": "Feature", "properties": { "name": "Luna Homes", "category": "residential", "amenity": null, "building": null, "shop": null, "landuse": "residential" }, "geometry": { "type": "Point", "coordinates": [ 121.088969806452482, 14.70251307950449 ] } },
{ "type": "Feature", "properties": { "name": "Samaka", "category": "residential", "amenity": null, "building": null, "shop": null, "landuse": "residential" }, "geometry": { "type": "Point", "coordinates": [ 121.072403453902027, 14.702961855213637 ] } },
{ "type": "Feature", "properties": { "name": "Atherton Residences", "category": "residential", "amenity": null, "building": null, "shop": null, "landuse": "residential" }, "geometry": { "type": "Point", "coordinates": [ 121.054197804066774, 14.702256029503694 ] } },
{ "type": "Feature", "properties": { "name": "Secured Compound", "category": "residential", "amenity": null, "building": null, "shop": null, "landuse": "residential" }, "geometry": { "type": "Point", "coordinates": [ 121.045303171890026, 14.684298001164144 ] } },
{ "type": "Feature", "properties": { "name": "Catalino Natividad Apartments", "category": "residential", "amenity": null, "building": null, "shop": null, "landuse": "residential" }, "geometry": { "type": "Point", "coordinates": [ 121.016093992047246, 14.643958371359171 ] } },
{ "type": "Feature", "properties": { "name": "Masaya Townhomes", "category": "residential", "amenity": null, "building": null, "shop": null, "landuse": "residential" }, "geometry": { "type": "Point", "coordinates": [ 121.053824942067095, 14.651149429191634 ] } },
{ "type": "Feature", "properties": { "name": "BAI Compound", "category": "residential", "amenity": null, "building": null, "shop": null, "landuse": "residential" }, "geometry": { "type": "Point", "coordinates": [ 121.047482154480377, 14.658721239946201 ] } },
{ "type": "Feature", "properties": { "name": null, "category": "residential", "amenity": null, "building": null, "shop": null, "landuse": "residential" }, "geometry": { "type": "Point", "coordinates": [ 121.056052246790728, 14.634555789343944 ] } },
{ "type": "Feature", "properties": { "name": "Molave Manor", "category": "residential", "amenity": null, "building": null, "shop": null, "landuse": "residential" }, "geometry": { "type": "Point", "coordinates": [ 121.068178023413282, 14.62958508002975 ] } },
{ "type": "Feature", "properties": { "name": null, "category": "residential", "amenity": null, "building": null, "shop": null, "landuse": "residential" }, "geometry": { "type": "Point", "coordinates": [ 121.033538599955179, 14.637665449984253 ] } },
{ "type": "Feature", "properties": { "name": null, "category": "residential", "amenity": null, "building": null, "shop": null, "landuse": "residential" }, "geometry": { "type": "Point", "coordinates": [ 121.034135996528121, 14.636926554346875 ] } },
{ "type": "Feature", "properties": { "name": null, "category": "residential", "amenity": null, "building": null, "shop": null, "landuse": "residential" }, "geometry": { "type": "Point", "coordinates": [ 121.03947414996253, 14.635764999983897 ] } },
{ "type": "Feature", "properties": { "name": null, "category": "residential", "amenity": null, "building": null, "shop": null, "landuse": "residential" }, "geometry": { "type": "Point", "coordinates": [ 121.043184284861695, 14.630556619405862 ] } },
{ "type": "Feature", "properties": { "name": "QCitizen Homes - Bagbag Community 2", "category": "residential", "amenity": null, "building": null, "shop": null, "landuse": "residential" }, "geometry": { "type": "Point", "coordinates": [ 121.021427457237507, 14.697891523296912 ] } },
{ "type": "Feature", "properties": { "name": "Area 2", "category": "residential", "amenity": null, "building": null, "shop": null, "landuse": "residential" }, "geometry": { "type": "Point", "coordinates": [ 121.06775858794316, 14.660936758163539 ] } },
{ "type": "Feature", "properties": { "name": "Area 3", "category": "residential", "amenity": null, "building": null, "shop": null, "landuse": "residential" }, "geometry": { "type": "Point", "coordinates": [ 121.06942962963366, 14.66137682350236 ] } },
{ "type": "Feature", "properties": { "name": "Area 1", "category": "residential", "amenity": null, "building": null, "shop": null, "landuse": "residential" }, "geometry": { "type": "Point", "coordinates": [ 121.071679524455604, 14.66161997298776 ] } },
{ "type": "Feature", "properties": { "name": null, "category": "residential", "amenity": null, "building": null, "shop": null, "landuse": "residential" }, "geometry": { "type": "Point", "coordinates": [ 121.084294898759438, 14.704805179200157 ] } },
{ "type": "Feature", "properties": { "name": null, "category": "residential", "amenity": null, "building": null, "shop": null, "landuse": "residential" }, "geometry": { "type": "Point", "coordinates": [ 121.005804805243784, 14.633611791094042 ] } },
{ "type": "Feature", "properties": { "name": null, "category": "residential", "amenity": null, "building": null, "shop": null, "landuse": "residential" }, "geometry": { "type": "Point", "coordinates": [ 121.068806285432174, 14.6448266650387 ] } },
{ "type": "Feature", "properties": { "name": "Regina Hills Townhouse", "category": "residential", "amenity": null, "building": null, "shop": null, "landuse": "residential" }, "geometry": { "type": "Point", "coordinates": [ 121.020466451346834, 14.635354731296045 ] } },
{ "type": "Feature", "properties": { "name": "City Homes Ⅳ", "category": "residential", "amenity": null, "building": null, "shop": null, "landuse": "residential" }, "geometry": { "type": "Point", "coordinates": [ 121.069770339884585, 14.663218071243795 ] } },
{ "type": "Feature", "properties": { "name": "Villa Lourdes Townhomes", "category": "residential", "amenity": null, "building": null, "shop": null, "landuse": "residential" }, "geometry": { "type": "Point", "coordinates": [ 121.034177583888976, 14.669206901492498 ] } },
{ "type": "Feature", "properties": { "name": null, "category": "residential", "amenity": null, "building": null, "shop": null, "landuse": "residential" }, "geometry": { "type": "Point", "coordinates": [ 121.076773552395593, 14.663269545167973 ] } },
{ "type": "Feature", "properties": { "name": "1-A Marymount", "category": "residential", "amenity": null, "building": null, "shop": null, "landuse": "residential" }, "geometry": { "type": "Point", "coordinates": [ 121.079743900000011, 14.6438387 ] } },
{ "type": "Feature", "properties": { "name": "Blue Apartments by Lady Allen", "category": "residential", "amenity": null, "building": null, "shop": null, "landuse": "residential" }, "geometry": { "type": "Point", "coordinates": [ 121.0511116, 14.7047528 ] } },
{ "type": "Feature", "properties": { "name": "Ivan's Residence", "category": "residential", "amenity": null, "building": null, "shop": null, "landuse": "residential" }, "geometry": { "type": "Point", "coordinates": [ 121.062897899999982, 14.6460093 ] } },
{ "type": "Feature", "properties": { "name": "Azul Residence", "category": "residential", "amenity": null, "building": null, "shop": null, "landuse": "residential" }, "geometry": { "type": "Point", "coordinates": [ 121.062989, 14.646211 ] } },
{ "type": "Feature", "properties": { "name": "8 apollo street", "category": "residential", "amenity": null, "building": null, "shop": null, "landuse": "residential" }, "geometry": { "type": "Point", "coordinates": [ 121.0894792, 14.6757724 ] } },
{ "type": "Feature", "properties": { "name": "2A Fema Street, Milan Residence", "category": "residential", "amenity": null, "building": null, "shop": null, "landuse": "residential" }, "geometry": { "type": "Point", "coordinates": [ 121.016676, 14.6587906 ] } },
{ "type": "Feature", "properties": { "name": "One Katipunan Residences", "category": "residential", "amenity": null, "building": null, "shop": null, "landuse": "residential" }, "geometry": { "type": "Point", "coordinates": [ 121.0739441, 14.632969 ] } },
{ "type": "Feature", "properties": { "name": "La Mesa Watershed Reservation", "category": "recreation", "amenity": null, "building": null, "shop": null, "landuse": "reservoir_watershed" }, "geometry": { "type": "Point", "coordinates": [ 121.098222807663021, 14.740540069814188 ] } },
{ "type": "Feature", "properties": { "name": null, "category": "recreation", "amenity": null, "building": null, "shop": null, "landuse": null }, "geometry": { "type": "Point", "coordinates": [ 121.061571277056032, 14.6511467578816 ] } },
{ "type": "Feature", "properties": { "name": "Central Circle - Fountain", "category": "recreation", "amenity": null, "building": null, "shop": null, "landuse": "recreation_ground" }, "geometry": { "type": "Point", "coordinates": [ 121.049287755451488, 14.651453980336454 ] } },
{ "type": "Feature", "properties": { "name": "The Sky Garden", "category": "recreation", "amenity": null, "building": null, "shop": null, "landuse": null }, "geometry": { "type": "Point", "coordinates": [ 121.030765210598773, 14.655888003746748 ] } },
{ "type": "Feature", "properties": { "name": "Quezon Memorial Circle", "category": "recreation", "amenity": null, "building": null, "shop": null, "landuse": null }, "geometry": { "type": "Point", "coordinates": [ 121.049285437231049, 14.651462540074631 ] } },
{ "type": "Feature", "properties": { "name": null, "category": "recreation", "amenity": null, "building": null, "shop": null, "landuse": "recreation_ground" }, "geometry": { "type": "Point", "coordinates": [ 121.015973375469244, 14.655936819428819 ] } },
{ "type": "Feature", "properties": { "name": "Manresa Park", "category": "recreation", "amenity": null, "building": null, "shop": null, "landuse": null }, "geometry": { "type": "Point", "coordinates": [ 121.003413560958407, 14.641683478736388 ] } },
{ "type": "Feature", "properties": { "name": "Toro Hills Park", "category": "recreation", "amenity": null, "building": null, "shop": null, "landuse": null }, "geometry": { "type": "Point", "coordinates": [ 121.020558069588091, 14.664091269344816 ] } },
{ "type": "Feature", "properties": { "name": "Sanggumay Park", "category": "recreation", "amenity": null, "building": null, "shop": null, "landuse": null }, "geometry": { "type": "Point", "coordinates": [ 121.034227475632747, 14.666029776419581 ] } },
{ "type": "Feature", "properties": { "name": null, "category": "recreation", "amenity": null, "building": null, "shop": null, "landuse": "recreation_ground" }, "geometry": { "type": "Point", "coordinates": [ 121.028367528233957, 14.69647674778709 ] } },
{ "type": "Feature", "properties": { "name": "La Mesa Eco Park", "category": "recreation", "amenity": null, "building": null, "shop": null, "landuse": "recreation_ground" }, "geometry": { "type": "Point", "coordinates": [ 121.075404577011014, 14.711871320328898 ] } },
{ "type": "Feature", "properties": { "name": "PCDF Bike Park", "category": "recreation", "amenity": null, "building": null, "shop": null, "landuse": "recreation_ground" }, "geometry": { "type": "Point", "coordinates": [ 121.106087736297795, 14.715877989198434 ] } },
{ "type": "Feature", "properties": { "name": "Serbisyong Bayan Park", "category": "recreation", "amenity": null, "building": null, "shop": null, "landuse": null }, "geometry": { "type": "Point", "coordinates": [ 121.095455624789906, 14.690005879403158 ] } },
{ "type": "Feature", "properties": { "name": null, "category": "recreation", "amenity": null, "building": null, "shop": null, "landuse": null }, "geometry": { "type": "Point", "coordinates": [ 121.067434810022434, 14.621025749855738 ] } },
{ "type": "Feature", "properties": { "name": "Plaza Bugallon Oval", "category": "recreation", "amenity": null, "building": null, "shop": null, "landuse": null }, "geometry": { "type": "Point", "coordinates": [ 121.066014950650427, 14.624667746971307 ] } },
{ "type": "Feature", "properties": { "name": "Bagumbuhay Barangay Wildlife Center", "category": "recreation", "amenity": null, "building": null, "shop": null, "landuse": "recreation_ground" }, "geometry": { "type": "Point", "coordinates": [ 121.065129703407564, 14.624289472676884 ] } },
{ "type": "Feature", "properties": { "name": null, "category": "recreation", "amenity": null, "building": null, "shop": null, "landuse": null }, "geometry": { "type": "Point", "coordinates": [ 121.040095207481528, 14.642351705119879 ] } },
{ "type": "Feature", "properties": { "name": null, "category": "recreation", "amenity": null, "building": null, "shop": null, "landuse": null }, "geometry": { "type": "Point", "coordinates": [ 121.025168418293376, 14.667485391744005 ] } },
{ "type": "Feature", "properties": { "name": "Balara Filters Parks", "category": "recreation", "amenity": null, "building": null, "shop": null, "landuse": "recreation_ground" }, "geometry": { "type": "Point", "coordinates": [ 121.080591334892731, 14.655165509483826 ] } },
{ "type": "Feature", "properties": { "name": "Carillon Plaza", "category": "recreation", "amenity": null, "building": null, "shop": null, "landuse": null }, "geometry": { "type": "Point", "coordinates": [ 121.0665579579086, 14.656416994608794 ] } },
{ "type": "Feature", "properties": { "name": "Science Education Complex Field", "category": "recreation", "amenity": null, "building": null, "shop": null, "landuse": null }, "geometry": { "type": "Point", "coordinates": [ 121.077178804797725, 14.638577365737666 ] } },
{ "type": "Feature", "properties": { "name": null, "category": "recreation", "amenity": null, "building": null, "shop": null, "landuse": "recreation_ground" }, "geometry": { "type": "Point", "coordinates": [ 121.095766794225469, 14.670612719571448 ] } },
{ "type": "Feature", "properties": { "name": "Bellarmine Field", "category": "recreation", "amenity": null, "building": null, "shop": null, "landuse": "recreation_ground" }, "geometry": { "type": "Point", "coordinates": [ 121.07907860438543, 14.640592315812553 ] } },
{ "type": "Feature", "properties": { "name": "Sunken Garden", "category": "recreation", "amenity": null, "building": null, "shop": null, "landuse": null }, "geometry": { "type": "Point", "coordinates": [ 121.072248478942711, 14.655038868133333 ] } },
{ "type": "Feature", "properties": { "name": null, "category": "recreation", "amenity": null, "building": null, "shop": null, "landuse": null }, "geometry": { "type": "Point", "coordinates": [ 121.06045244556725, 14.646982876278352 ] } },
{ "type": "Feature", "properties": { "name": "Academic Oval", "category": "recreation", "amenity": null, "building": null, "shop": null, "landuse": "recreation_ground" }, "geometry": { "type": "Point", "coordinates": [ 121.068813262535414, 14.654989425737748 ] } },
{ "type": "Feature", "properties": { "name": "Pinoy Big Brother House", "category": "recreation", "amenity": null, "building": null, "shop": null, "landuse": null }, "geometry": { "type": "Point", "coordinates": [ 121.034728716690054, 14.638915042058615 ] } },
{ "type": "Feature", "properties": { "name": "Ninoy Aquino Parks & Wildlife Center", "category": "recreation", "amenity": null, "building": null, "shop": null, "landuse": null }, "geometry": { "type": "Point", "coordinates": [ 121.043736214418388, 14.65072938503174 ] } },
{ "type": "Feature", "properties": { "name": "Cubao Expo", "category": "recreation", "amenity": null, "building": "retail", "shop": null, "landuse": null }, "geometry": { "type": "Point", "coordinates": [ 121.056600500250539, 14.622221625809022 ] } },
{ "type": "Feature", "properties": { "name": "Norberto S. Amoranto Park", "category": "recreation", "amenity": null, "building": null, "shop": null, "landuse": null }, "geometry": { "type": "Point", "coordinates": [ 120.995551034571179, 14.630117477494512 ] } },
{ "type": "Feature", "properties": { "name": null, "category": "recreation", "amenity": null, "building": null, "shop": null, "landuse": null }, "geometry": { "type": "Point", "coordinates": [ 121.066736145632021, 14.634936344495316 ] } },
{ "type": "Feature", "properties": { "name": "Camerino Park", "category": "recreation", "amenity": null, "building": null, "shop": null, "landuse": null }, "geometry": { "type": "Point", "coordinates": [ 121.069010587804598, 14.625391177676905 ] } },
{ "type": "Feature", "properties": { "name": "Katipunan Park", "category": "recreation", "amenity": null, "building": null, "shop": null, "landuse": "recreation_ground" }, "geometry": { "type": "Point", "coordinates": [ 121.017489624944062, 14.65543754537514 ] } },
{ "type": "Feature", "properties": { "name": "Barangay Mariana Park", "category": "recreation", "amenity": null, "building": null, "shop": null, "landuse": null }, "geometry": { "type": "Point", "coordinates": [ 121.028806795906192, 14.623061227327529 ] } },
{ "type": "Feature", "properties": { "name": null, "category": "recreation", "amenity": null, "building": null, "shop": null, "landuse": null }, "geometry": { "type": "Point", "coordinates": [ 121.074388319613888, 14.618072424245904 ] } },
{ "type": "Feature", "properties": { "name": "People's Park", "category": "recreation", "amenity": null, "building": null, "shop": null, "landuse": null }, "geometry": { "type": "Point", "coordinates": [ 121.015128022417386, 14.629225719311096 ] } },
{ "type": "Feature", "properties": { "name": "Remedios C. Samala Park", "category": "recreation", "amenity": null, "building": null, "shop": null, "landuse": null }, "geometry": { "type": "Point", "coordinates": [ 121.030735055464405, 14.643098032713061 ] } },
{ "type": "Feature", "properties": { "name": null, "category": "recreation", "amenity": null, "building": null, "shop": null, "landuse": null }, "geometry": { "type": "Point", "coordinates": [ 121.029594205534295, 14.643994601615464 ] } },
{ "type": "Feature", "properties": { "name": null, "category": "recreation", "amenity": null, "building": null, "shop": null, "landuse": null }, "geometry": { "type": "Point", "coordinates": [ 121.046718525784499, 14.667996843578795 ] } },
{ "type": "Feature", "properties": { "name": "Green Meadows Clubhouse", "category": "recreation", "amenity": null, "building": null, "shop": null, "landuse": "recreation_ground" }, "geometry": { "type": "Point", "coordinates": [ 121.075810864729533, 14.596789991860254 ] } },
{ "type": "Feature", "properties": { "name": null, "category": "recreation", "amenity": null, "building": null, "shop": null, "landuse": null }, "geometry": { "type": "Point", "coordinates": [ 121.074662276860934, 14.669220355560627 ] } },
{ "type": "Feature", "properties": { "name": "UP Carillon Tower", "category": "recreation", "amenity": null, "building": "yes", "shop": null, "landuse": null }, "geometry": { "type": "Point", "coordinates": [ 121.066551564741346, 14.656593336768852 ] } },
{ "type": "Feature", "properties": { "name": "Tandang Sora National Shrine", "category": "recreation", "amenity": null, "building": null, "shop": null, "landuse": null }, "geometry": { "type": "Point", "coordinates": [ 121.045425224503376, 14.683102945137151 ] } },
{ "type": "Feature", "properties": { "name": null, "category": "recreation", "amenity": null, "building": null, "shop": null, "landuse": null }, "geometry": { "type": "Point", "coordinates": [ 121.047163236714624, 14.711027140989367 ] } },
{ "type": "Feature", "properties": { "name": null, "category": "recreation", "amenity": null, "building": null, "shop": null, "landuse": null }, "geometry": { "type": "Point", "coordinates": [ 121.049723706649743, 14.713893971122625 ] } },
{ "type": "Feature", "properties": { "name": "National Science Complex Amphitheater", "category": "recreation", "amenity": null, "building": null, "shop": null, "landuse": null }, "geometry": { "type": "Point", "coordinates": [ 121.071934700665039, 14.64982463982305 ] } },
{ "type": "Feature", "properties": { "name": "Bernardo Park", "category": "recreation", "amenity": null, "building": null, "shop": null, "landuse": null }, "geometry": { "type": "Point", "coordinates": [ 121.046007960550781, 14.62874210627616 ] } },
{ "type": "Feature", "properties": { "name": "New Haven Park", "category": "recreation", "amenity": null, "building": null, "shop": null, "landuse": null }, "geometry": { "type": "Point", "coordinates": [ 121.052015765621775, 14.731600113200578 ] } },
{ "type": "Feature", "properties": { "name": "Eastwood Mall Open Park", "category": "recreation", "amenity": null, "building": null, "shop": null, "landuse": null }, "geometry": { "type": "Point", "coordinates": [ 121.07971157473267, 14.610024539893891 ] } },
{ "type": "Feature", "properties": { "name": null, "category": "recreation", "amenity": null, "building": null, "shop": null, "landuse": null }, "geometry": { "type": "Point", "coordinates": [ 121.075455761595293, 14.63042123825873 ] } },
{ "type": "Feature", "properties": { "name": "Geronimo Park", "category": "recreation", "amenity": null, "building": null, "shop": null, "landuse": null }, "geometry": { "type": "Point", "coordinates": [ 121.110367421291258, 14.697451684060784 ] } },
{ "type": "Feature", "properties": { "name": "Kiddie Park", "category": "recreation", "amenity": null, "building": null, "shop": null, "landuse": null }, "geometry": { "type": "Point", "coordinates": [ 121.074743249993134, 14.613112300011752 ] } },
{ "type": "Feature", "properties": { "name": "Saint Ignatius Park", "category": "recreation", "amenity": null, "building": null, "shop": null, "landuse": null }, "geometry": { "type": "Point", "coordinates": [ 121.073040549998197, 14.613038850008779 ] } },
{ "type": "Feature", "properties": { "name": "Teachers' Park", "category": "recreation", "amenity": null, "building": null, "shop": null, "landuse": null }, "geometry": { "type": "Point", "coordinates": [ 121.001969469684553, 14.664763114014109 ] } },
{ "type": "Feature", "properties": { "name": null, "category": "recreation", "amenity": null, "building": null, "shop": null, "landuse": "recreation_ground" }, "geometry": { "type": "Point", "coordinates": [ 121.090473163985067, 14.67667813825625 ] } },
{ "type": "Feature", "properties": { "name": "Loyola Heights Park", "category": "recreation", "amenity": null, "building": null, "shop": null, "landuse": null }, "geometry": { "type": "Point", "coordinates": [ 121.072872561449159, 14.640740962344376 ] } },
{ "type": "Feature", "properties": { "name": null, "category": "recreation", "amenity": null, "building": null, "shop": null, "landuse": null }, "geometry": { "type": "Point", "coordinates": [ 121.000907333321194, 14.663689700004989 ] } },
{ "type": "Feature", "properties": { "name": "New Swimming Pool Complex", "category": "recreation", "amenity": null, "building": null, "shop": null, "landuse": null }, "geometry": { "type": "Point", "coordinates": [ 121.07542454084016, 14.710621543331635 ] } },
{ "type": "Feature", "properties": { "name": null, "category": "recreation", "amenity": null, "building": null, "shop": null, "landuse": null }, "geometry": { "type": "Point", "coordinates": [ 121.065141844155107, 14.594367700402108 ] } },
{ "type": "Feature", "properties": { "name": null, "category": "recreation", "amenity": null, "building": null, "shop": null, "landuse": null }, "geometry": { "type": "Point", "coordinates": [ 121.063062497614368, 14.595598809288109 ] } },
{ "type": "Feature", "properties": { "name": null, "category": "recreation", "amenity": null, "building": null, "shop": null, "landuse": null }, "geometry": { "type": "Point", "coordinates": [ 121.063271312873894, 14.594163221098219 ] } },
{ "type": "Feature", "properties": { "name": "playground", "category": "recreation", "amenity": null, "building": null, "shop": null, "landuse": null }, "geometry": { "type": "Point", "coordinates": [ 121.071205633334273, 14.63972493333555 ] } },
{ "type": "Feature", "properties": { "name": "Eastwood Central Plaza", "category": "recreation", "amenity": null, "building": null, "shop": null, "landuse": null }, "geometry": { "type": "Point", "coordinates": [ 121.080626606675807, 14.609058024622538 ] } },
{ "type": "Feature", "properties": { "name": null, "category": "recreation", "amenity": null, "building": null, "shop": null, "landuse": null }, "geometry": { "type": "Point", "coordinates": [ 121.066323518389538, 14.596372087506614 ] } },
{ "type": "Feature", "properties": { "name": "Lagro Centennial Park", "category": "recreation", "amenity": null, "building": null, "shop": null, "landuse": null }, "geometry": { "type": "Point", "coordinates": [ 121.066437567118996, 14.718405116369809 ] } },
{ "type": "Feature", "properties": { "name": "Acropolis Greens Clubhouse", "category": "recreation", "amenity": null, "building": null, "shop": null, "landuse": null }, "geometry": { "type": "Point", "coordinates": [ 121.076482944683292, 14.603599236091039 ] } },
{ "type": "Feature", "properties": { "name": "Acropolis Park", "category": "recreation", "amenity": null, "building": null, "shop": null, "landuse": null }, "geometry": { "type": "Point", "coordinates": [ 121.0762643073992, 14.606387659972173 ] } },
{ "type": "Feature", "properties": { "name": "Poseidon Park", "category": "recreation", "amenity": null, "building": null, "shop": null, "landuse": null }, "geometry": { "type": "Point", "coordinates": [ 121.076226929776681, 14.607186748230584 ] } },
{ "type": "Feature", "properties": { "name": null, "category": "recreation", "amenity": null, "building": null, "shop": null, "landuse": null }, "geometry": { "type": "Point", "coordinates": [ 121.061567277593355, 14.591036868530201 ] } },
{ "type": "Feature", "properties": { "name": null, "category": "recreation", "amenity": null, "building": null, "shop": null, "landuse": null }, "geometry": { "type": "Point", "coordinates": [ 121.061955849428642, 14.611032613040663 ] } },
{ "type": "Feature", "properties": { "name": "New Intramuros Village Park", "category": "recreation", "amenity": null, "building": null, "shop": null, "landuse": null }, "geometry": { "type": "Point", "coordinates": [ 121.073271110089792, 14.670831468208791 ] } },
{ "type": "Feature", "properties": { "name": "Pedal N Paddle", "category": "recreation", "amenity": null, "building": null, "shop": null, "landuse": "recreation_ground" }, "geometry": { "type": "Point", "coordinates": [ 121.049236442371523, 14.652693626156644 ] } },
{ "type": "Feature", "properties": { "name": "Tierra Bella Park", "category": "recreation", "amenity": null, "building": null, "shop": null, "landuse": null }, "geometry": { "type": "Point", "coordinates": [ 121.064019427281835, 14.668502581477403 ] } },
{ "type": "Feature", "properties": { "name": "Robinsons Magnolia Park", "category": "recreation", "amenity": null, "building": null, "shop": null, "landuse": null }, "geometry": { "type": "Point", "coordinates": [ 121.038391396393649, 14.614339315114309 ] } },
{ "type": "Feature", "properties": { "name": "Science Complex Park", "category": "recreation", "amenity": null, "building": null, "shop": null, "landuse": null }, "geometry": { "type": "Point", "coordinates": [ 121.070342620490123, 14.64892384064048 ] } },
{ "type": "Feature", "properties": { "name": "Don Jose Recreational Park", "category": "recreation", "amenity": null, "building": null, "shop": null, "landuse": null }, "geometry": { "type": "Point", "coordinates": [ 121.080113043682871, 14.701056553592061 ] } },
{ "type": "Feature", "properties": { "name": "Don Jose Soccer Field", "category": "recreation", "amenity": null, "building": null, "shop": null, "landuse": null }, "geometry": { "type": "Point", "coordinates": [ 121.080027749903167, 14.701281849971997 ] } },
{ "type": "Feature", "properties": { "name": null, "category": "recreation", "amenity": null, "building": null, "shop": null, "landuse": null }, "geometry": { "type": "Point", "coordinates": [ 121.074166011410796, 14.61561706154043 ] } },
{ "type": "Feature", "properties": { "name": null, "category": "recreation", "amenity": null, "building": null, "shop": null, "landuse": null }, "geometry": { "type": "Point", "coordinates": [ 121.032212648238513, 14.690312562468181 ] } },
{ "type": "Feature", "properties": { "name": "Engineering Unity Path Park", "category": "recreation", "amenity": null, "building": null, "shop": null, "landuse": null }, "geometry": { "type": "Point", "coordinates": [ 121.067762095550634, 14.649022106386766 ] } },
{ "type": "Feature", "properties": { "name": "Masambong Park", "category": "recreation", "amenity": null, "building": null, "shop": null, "landuse": null }, "geometry": { "type": "Point", "coordinates": [ 121.011284313762374, 14.640929341105092 ] } },
{ "type": "Feature", "properties": { "name": null, "category": "recreation", "amenity": null, "building": null, "shop": null, "landuse": null }, "geometry": { "type": "Point", "coordinates": [ 121.046624678104195, 14.733938888293386 ] } },
{ "type": "Feature", "properties": { "name": "Daza Park", "category": "recreation", "amenity": null, "building": null, "shop": null, "landuse": null }, "geometry": { "type": "Point", "coordinates": [ 121.065784356543716, 14.602020509805426 ] } },
{ "type": "Feature", "properties": { "name": null, "category": "recreation", "amenity": null, "building": null, "shop": null, "landuse": null }, "geometry": { "type": "Point", "coordinates": [ 121.0695492715206, 14.650453807651433 ] } },
{ "type": "Feature", "properties": { "name": null, "category": "recreation", "amenity": null, "building": null, "shop": null, "landuse": "recreation_ground" }, "geometry": { "type": "Point", "coordinates": [ 121.07282165857653, 14.647353351930041 ] } },
{ "type": "Feature", "properties": { "name": null, "category": "recreation", "amenity": null, "building": null, "shop": null, "landuse": null }, "geometry": { "type": "Point", "coordinates": [ 121.088313468221102, 14.687046297663766 ] } },
{ "type": "Feature", "properties": { "name": null, "category": "recreation", "amenity": null, "building": null, "shop": null, "landuse": "recreation_ground" }, "geometry": { "type": "Point", "coordinates": [ 121.063535595882172, 14.682331472157642 ] } },
{ "type": "Feature", "properties": { "name": null, "category": "recreation", "amenity": null, "building": null, "shop": null, "landuse": null }, "geometry": { "type": "Point", "coordinates": [ 121.065219519844163, 14.656276284699324 ] } },
{ "type": "Feature", "properties": { "name": null, "category": "recreation", "amenity": null, "building": null, "shop": null, "landuse": null }, "geometry": { "type": "Point", "coordinates": [ 121.066015505658854, 14.656213476776912 ] } },
{ "type": "Feature", "properties": { "name": null, "category": "recreation", "amenity": null, "building": null, "shop": null, "landuse": null }, "geometry": { "type": "Point", "coordinates": [ 121.063366042633405, 14.612217071359504 ] } },
{ "type": "Feature", "properties": { "name": null, "category": "recreation", "amenity": null, "building": null, "shop": null, "landuse": null }, "geometry": { "type": "Point", "coordinates": [ 121.021730383541083, 14.631487622238945 ] } },
{ "type": "Feature", "properties": { "name": null, "category": "recreation", "amenity": null, "building": null, "shop": null, "landuse": null }, "geometry": { "type": "Point", "coordinates": [ 121.021643403526724, 14.631656928660263 ] } },
{ "type": "Feature", "properties": { "name": null, "category": "recreation", "amenity": null, "building": null, "shop": null, "landuse": null }, "geometry": { "type": "Point", "coordinates": [ 121.021192132530004, 14.631778907359156 ] } },
{ "type": "Feature", "properties": { "name": "The Oval", "category": "recreation", "amenity": null, "building": null, "shop": null, "landuse": "recreation_ground" }, "geometry": { "type": "Point", "coordinates": [ 121.039959339569222, 14.650839192126741 ] } },
{ "type": "Feature", "properties": { "name": null, "category": "recreation", "amenity": null, "building": null, "shop": null, "landuse": null }, "geometry": { "type": "Point", "coordinates": [ 121.020951397333874, 14.631203282584906 ] } },
{ "type": "Feature", "properties": { "name": null, "category": "recreation", "amenity": null, "building": null, "shop": null, "landuse": null }, "geometry": { "type": "Point", "coordinates": [ 121.021223093493447, 14.630979038996822 ] } },
{ "type": "Feature", "properties": { "name": null, "category": "recreation", "amenity": null, "building": null, "shop": null, "landuse": null }, "geometry": { "type": "Point", "coordinates": [ 121.02128136099212, 14.63144049772796 ] } },
{ "type": "Feature", "properties": { "name": "Quezon City Hall Park and Lagoon", "category": "recreation", "amenity": null, "building": null, "shop": null, "landuse": null }, "geometry": { "type": "Point", "coordinates": [ 121.049151968967763, 14.647822742780338 ] } },
{ "type": "Feature", "properties": { "name": "Children's Park", "category": "recreation", "amenity": null, "building": null, "shop": null, "landuse": null }, "geometry": { "type": "Point", "coordinates": [ 121.050752019711823, 14.647927224591374 ] } },
{ "type": "Feature", "properties": { "name": null, "category": "recreation", "amenity": null, "building": null, "shop": null, "landuse": null }, "geometry": { "type": "Point", "coordinates": [ 121.050638109043078, 14.647225472517782 ] } },
{ "type": "Feature", "properties": { "name": null, "category": "recreation", "amenity": null, "building": null, "shop": null, "landuse": null }, "geometry": { "type": "Point", "coordinates": [ 121.050845222062748, 14.646942986357121 ] } },
{ "type": "Feature", "properties": { "name": null, "category": "recreation", "amenity": null, "building": null, "shop": null, "landuse": null }, "geometry": { "type": "Point", "coordinates": [ 121.031341390230637, 14.649019329188834 ] } },
{ "type": "Feature", "properties": { "name": null, "category": "recreation", "amenity": null, "building": null, "shop": null, "landuse": null }, "geometry": { "type": "Point", "coordinates": [ 121.041833733332837, 14.660040866756846 ] } },
{ "type": "Feature", "properties": { "name": null, "category": "recreation", "amenity": null, "building": null, "shop": null, "landuse": null }, "geometry": { "type": "Point", "coordinates": [ 121.043367233343261, 14.661537666674731 ] } },
{ "type": "Feature", "properties": { "name": "Hailey Park", "category": "recreation", "amenity": null, "building": null, "shop": null, "landuse": null }, "geometry": { "type": "Point", "coordinates": [ 121.104408382310837, 14.695434140589906 ] } },
{ "type": "Feature", "properties": { "name": "Filinvest Park", "category": "recreation", "amenity": null, "building": null, "shop": null, "landuse": null }, "geometry": { "type": "Point", "coordinates": [ 121.103430255409535, 14.694643614474582 ] } },
{ "type": "Feature", "properties": { "name": "Filinvest Homes 2 Clubhouse Park", "category": "recreation", "amenity": null, "building": null, "shop": null, "landuse": null }, "geometry": { "type": "Point", "coordinates": [ 121.104282023807045, 14.692629681665462 ] } },
{ "type": "Feature", "properties": { "name": "Doña Juliana Park", "category": "recreation", "amenity": null, "building": null, "shop": null, "landuse": null }, "geometry": { "type": "Point", "coordinates": [ 121.104694872335571, 14.694906811432416 ] } },
{ "type": "Feature", "properties": { "name": null, "category": "recreation", "amenity": null, "building": null, "shop": null, "landuse": null }, "geometry": { "type": "Point", "coordinates": [ 121.086649535305369, 14.665215301765118 ] } },
{ "type": "Feature", "properties": { "name": null, "category": "recreation", "amenity": null, "building": null, "shop": null, "landuse": null }, "geometry": { "type": "Point", "coordinates": [ 121.070797348587291, 14.66504299416628 ] } },
{ "type": "Feature", "properties": { "name": null, "category": "recreation", "amenity": null, "building": null, "shop": null, "landuse": null }, "geometry": { "type": "Point", "coordinates": [ 121.052615194375946, 14.694132976091614 ] } },
{ "type": "Feature", "properties": { "name": null, "category": "recreation", "amenity": null, "building": null, "shop": null, "landuse": null }, "geometry": { "type": "Point", "coordinates": [ 121.050110715006184, 14.698339366425092 ] } },
{ "type": "Feature", "properties": { "name": null, "category": "recreation", "amenity": null, "building": null, "shop": null, "landuse": null }, "geometry": { "type": "Point", "coordinates": [ 121.076635162659414, 14.640577152603541 ] } },
{ "type": "Feature", "properties": { "name": null, "category": "recreation", "amenity": null, "building": null, "shop": null, "landuse": null }, "geometry": { "type": "Point", "coordinates": [ 121.063400636202857, 14.662563171268502 ] } },
{ "type": "Feature", "properties": { "name": "Rotary Park", "category": "recreation", "amenity": null, "building": null, "shop": null, "landuse": null }, "geometry": { "type": "Point", "coordinates": [ 121.051614131036686, 14.737396218316249 ] } },
{ "type": "Feature", "properties": { "name": "North Olympus Park", "category": "recreation", "amenity": null, "building": null, "shop": null, "landuse": null }, "geometry": { "type": "Point", "coordinates": [ 121.043254197623, 14.738899521889358 ] } },
{ "type": "Feature", "properties": { "name": null, "category": "recreation", "amenity": null, "building": null, "shop": null, "landuse": null }, "geometry": { "type": "Point", "coordinates": [ 121.034001430421227, 14.65308740242949 ] } },
{ "type": "Feature", "properties": { "name": null, "category": "recreation", "amenity": null, "building": null, "shop": null, "landuse": null }, "geometry": { "type": "Point", "coordinates": [ 121.034363014082558, 14.653947253427908 ] } },
{ "type": "Feature", "properties": { "name": null, "category": "recreation", "amenity": null, "building": null, "shop": null, "landuse": null }, "geometry": { "type": "Point", "coordinates": [ 121.0345701792792, 14.654126353591449 ] } },
{ "type": "Feature", "properties": { "name": null, "category": "recreation", "amenity": null, "building": null, "shop": null, "landuse": "recreation_ground" }, "geometry": { "type": "Point", "coordinates": [ 121.066183857920322, 14.734378007146015 ] } },
{ "type": "Feature", "properties": { "name": null, "category": "recreation", "amenity": null, "building": null, "shop": null, "landuse": null }, "geometry": { "type": "Point", "coordinates": [ 121.060261236048362, 14.727252670482182 ] } },
{ "type": "Feature", "properties": { "name": null, "category": "recreation", "amenity": null, "building": null, "shop": null, "landuse": "recreation_ground" }, "geometry": { "type": "Point", "coordinates": [ 121.058378321956283, 14.729704662654902 ] } },
{ "type": "Feature", "properties": { "name": null, "category": "recreation", "amenity": null, "building": null, "shop": null, "landuse": null }, "geometry": { "type": "Point", "coordinates": [ 121.05505485427885, 14.728769364017557 ] } },
{ "type": "Feature", "properties": { "name": "Brittany Neopolitan", "category": "recreation", "amenity": null, "building": null, "shop": null, "landuse": "recreation_ground" }, "geometry": { "type": "Point", "coordinates": [ 121.055057681800676, 14.725946025245275 ] } },
{ "type": "Feature", "properties": { "name": "San Pedro Subdivision 7 Park", "category": "recreation", "amenity": null, "building": null, "shop": null, "landuse": null }, "geometry": { "type": "Point", "coordinates": [ 121.046811353007485, 14.701284739066534 ] } },
{ "type": "Feature", "properties": { "name": null, "category": "recreation", "amenity": null, "building": null, "shop": null, "landuse": null }, "geometry": { "type": "Point", "coordinates": [ 121.045040149927004, 14.70050910261044 ] } },
{ "type": "Feature", "properties": { "name": "Rockville II", "category": "recreation", "amenity": null, "building": null, "shop": null, "landuse": null }, "geometry": { "type": "Point", "coordinates": [ 121.042679253616086, 14.699026408763071 ] } },
{ "type": "Feature", "properties": { "name": null, "category": "recreation", "amenity": null, "building": null, "shop": null, "landuse": null }, "geometry": { "type": "Point", "coordinates": [ 121.036584588976297, 14.700317128583791 ] } },
{ "type": "Feature", "properties": { "name": null, "category": "recreation", "amenity": null, "building": null, "shop": null, "landuse": null }, "geometry": { "type": "Point", "coordinates": [ 121.03074576832735, 14.705131056177891 ] } },
{ "type": "Feature", "properties": { "name": null, "category": "recreation", "amenity": null, "building": null, "shop": null, "landuse": "recreation_ground" }, "geometry": { "type": "Point", "coordinates": [ 121.032752203822994, 14.711179417230557 ] } },
{ "type": "Feature", "properties": { "name": "Casa Milan", "category": "recreation", "amenity": null, "building": null, "shop": null, "landuse": null }, "geometry": { "type": "Point", "coordinates": [ 121.057394867264108, 14.721030880053162 ] } },
{ "type": "Feature", "properties": { "name": null, "category": "recreation", "amenity": null, "building": null, "shop": null, "landuse": "recreation_ground" }, "geometry": { "type": "Point", "coordinates": [ 121.061302635604093, 14.69862052941656 ] } },
{ "type": "Feature", "properties": { "name": "Spring Country Clubhouse Park", "category": "recreation", "amenity": null, "building": null, "shop": null, "landuse": null }, "geometry": { "type": "Point", "coordinates": [ 121.109944374256784, 14.709261697653433 ] } },
{ "type": "Feature", "properties": { "name": "Filheights Park", "category": "recreation", "amenity": null, "building": null, "shop": null, "landuse": null }, "geometry": { "type": "Point", "coordinates": [ 121.106137884463109, 14.70167720321748 ] } },
{ "type": "Feature", "properties": { "name": null, "category": "recreation", "amenity": null, "building": null, "shop": null, "landuse": null }, "geometry": { "type": "Point", "coordinates": [ 121.056960807510961, 14.696766251277655 ] } },
{ "type": "Feature", "properties": { "name": "Serra Monte Park", "category": "recreation", "amenity": null, "building": null, "shop": null, "landuse": null }, "geometry": { "type": "Point", "coordinates": [ 121.111370491205122, 14.685249577011188 ] } },
{ "type": "Feature", "properties": { "name": null, "category": "recreation", "amenity": null, "building": null, "shop": null, "landuse": "recreation_ground" }, "geometry": { "type": "Point", "coordinates": [ 121.078030400000287, 14.637976250007338 ] } },
{ "type": "Feature", "properties": { "name": null, "category": "recreation", "amenity": null, "building": null, "shop": null, "landuse": "recreation_ground" }, "geometry": { "type": "Point", "coordinates": [ 121.074952748037106, 14.650425184476738 ] } },
{ "type": "Feature", "properties": { "name": null, "category": "recreation", "amenity": null, "building": null, "shop": null, "landuse": "recreation_ground" }, "geometry": { "type": "Point", "coordinates": [ 121.075136944297753, 14.649822054859563 ] } },
{ "type": "Feature", "properties": { "name": "Matteo Field", "category": "recreation", "amenity": null, "building": null, "shop": null, "landuse": null }, "geometry": { "type": "Point", "coordinates": [ 121.077017761323489, 14.637843845093407 ] } },
{ "type": "Feature", "properties": { "name": "SB Kingspoint Park", "category": "recreation", "amenity": null, "building": null, "shop": null, "landuse": null }, "geometry": { "type": "Point", "coordinates": [ 121.024681626835289, 14.700245596927751 ] } },
{ "type": "Feature", "properties": { "name": "Talayan Park", "category": "recreation", "amenity": null, "building": null, "shop": null, "landuse": null }, "geometry": { "type": "Point", "coordinates": [ 121.010929329961314, 14.633033679932703 ] } },
{ "type": "Feature", "properties": { "name": null, "category": "recreation", "amenity": null, "building": null, "shop": null, "landuse": null }, "geometry": { "type": "Point", "coordinates": [ 121.10703822630272, 14.709232927946402 ] } },
{ "type": "Feature", "properties": { "name": null, "category": "recreation", "amenity": null, "building": null, "shop": null, "landuse": "recreation_ground" }, "geometry": { "type": "Point", "coordinates": [ 121.020418017529948, 14.714236092157218 ] } },
{ "type": "Feature", "properties": { "name": "Villa Nova Playground", "category": "recreation", "amenity": null, "building": null, "shop": null, "landuse": "recreation_ground" }, "geometry": { "type": "Point", "coordinates": [ 121.027464911555725, 14.723057097680956 ] } },
{ "type": "Feature", "properties": { "name": "Villa Nova Phase 1 Park with Half Court", "category": "recreation", "amenity": null, "building": null, "shop": null, "landuse": null }, "geometry": { "type": "Point", "coordinates": [ 121.028873525984565, 14.723693280325852 ] } },
{ "type": "Feature", "properties": { "name": "Del Nacia 4 Park", "category": "recreation", "amenity": null, "building": null, "shop": null, "landuse": null }, "geometry": { "type": "Point", "coordinates": [ 121.043476029018265, 14.690097058555324 ] } },
{ "type": "Feature", "properties": { "name": "Teacher's Village Park", "category": "recreation", "amenity": null, "building": null, "shop": null, "landuse": null }, "geometry": { "type": "Point", "coordinates": [ 121.051863096270623, 14.735355989558098 ] } },
{ "type": "Feature", "properties": { "name": "Damar Village Park", "category": "recreation", "amenity": null, "building": null, "shop": null, "landuse": null }, "geometry": { "type": "Point", "coordinates": [ 121.000991004384815, 14.645376002973052 ] } },
{ "type": "Feature", "properties": { "name": null, "category": "recreation", "amenity": null, "building": null, "shop": null, "landuse": "recreation_ground" }, "geometry": { "type": "Point", "coordinates": [ 121.075751667466875, 14.641686259218567 ] } },
{ "type": "Feature", "properties": { "name": "Project 6 Park", "category": "recreation", "amenity": null, "building": null, "shop": null, "landuse": null }, "geometry": { "type": "Point", "coordinates": [ 121.040658771303015, 14.662984199488232 ] } },
{ "type": "Feature", "properties": { "name": "Upsilon Sigma Phi Promenade", "category": "recreation", "amenity": null, "building": null, "shop": null, "landuse": null }, "geometry": { "type": "Point", "coordinates": [ 121.070185940647164, 14.655130421527209 ] } },
{ "type": "Feature", "properties": { "name": "Isadora Hills Park", "category": "recreation", "amenity": null, "building": null, "shop": null, "landuse": null }, "geometry": { "type": "Point", "coordinates": [ 121.077044134719358, 14.684183708709913 ] } },
{ "type": "Feature", "properties": { "name": null, "category": "recreation", "amenity": null, "building": null, "shop": null, "landuse": null }, "geometry": { "type": "Point", "coordinates": [ 121.00566557167663, 14.629938188483136 ] } },
{ "type": "Feature", "properties": { "name": "SB Park", "category": "recreation", "amenity": null, "building": null, "shop": null, "landuse": null }, "geometry": { "type": "Point", "coordinates": [ 121.047968165150721, 14.621887823205656 ] } },
{ "type": "Feature", "properties": { "name": null, "category": "recreation", "amenity": null, "building": null, "shop": null, "landuse": null }, "geometry": { "type": "Point", "coordinates": [ 121.045922607116836, 14.741035450696568 ] } },
{ "type": "Feature", "properties": { "name": null, "category": "recreation", "amenity": null, "building": null, "shop": null, "landuse": null }, "geometry": { "type": "Point", "coordinates": [ 121.079554954147753, 14.698794269647051 ] } },
{ "type": "Feature", "properties": { "name": null, "category": "recreation", "amenity": null, "building": null, "shop": null, "landuse": null }, "geometry": { "type": "Point", "coordinates": [ 121.030517300059316, 14.63801005002329 ] } },
{ "type": "Feature", "properties": { "name": null, "category": "recreation", "amenity": null, "building": null, "shop": null, "landuse": null }, "geometry": { "type": "Point", "coordinates": [ 121.001961179691264, 14.649521749813157 ] } },
{ "type": "Feature", "properties": { "name": null, "category": "recreation", "amenity": null, "building": null, "shop": null, "landuse": "recreation_ground" }, "geometry": { "type": "Point", "coordinates": [ 121.071861498906898, 14.604465670070333 ] } },
{ "type": "Feature", "properties": { "name": null, "category": "recreation", "amenity": null, "building": null, "shop": null, "landuse": "recreation_ground" }, "geometry": { "type": "Point", "coordinates": [ 121.064537499997371, 14.625824299992772 ] } },
{ "type": "Feature", "properties": { "name": null, "category": "recreation", "amenity": null, "building": null, "shop": null, "landuse": null }, "geometry": { "type": "Point", "coordinates": [ 121.079667662708317, 14.669617275122853 ] } },
{ "type": "Feature", "properties": { "name": "Jonaville Subdivision Park", "category": "recreation", "amenity": null, "building": null, "shop": null, "landuse": null }, "geometry": { "type": "Point", "coordinates": [ 121.027760650021591, 14.726869405225502 ] } },
{ "type": "Feature", "properties": { "name": "Parkway Joggging Park", "category": "recreation", "amenity": null, "building": null, "shop": null, "landuse": null }, "geometry": { "type": "Point", "coordinates": [ 121.01299704740299, 14.651439176798741 ] } },
{ "type": "Feature", "properties": { "name": "Sugartowne Park", "category": "recreation", "amenity": null, "building": null, "shop": null, "landuse": null }, "geometry": { "type": "Point", "coordinates": [ 121.10157738176305, 14.691715223649165 ] } },
{ "type": "Feature", "properties": { "name": null, "category": "recreation", "amenity": null, "building": null, "shop": null, "landuse": null }, "geometry": { "type": "Point", "coordinates": [ 121.038731244873219, 14.73843216629688 ] } },
{ "type": "Feature", "properties": { "name": "Pugad Lawin Shrine and Leisure Park", "category": "recreation", "amenity": null, "building": null, "shop": null, "landuse": null }, "geometry": { "type": "Point", "coordinates": [ 121.017352488664841, 14.664452101556368 ] } },
{ "type": "Feature", "properties": { "name": "Parkside 1", "category": "recreation", "amenity": null, "building": null, "shop": null, "landuse": null }, "geometry": { "type": "Point", "coordinates": [ 121.000935019220108, 14.664769641802771 ] } },
{ "type": "Feature", "properties": { "name": "Doña Carmen Park", "category": "recreation", "amenity": null, "building": null, "shop": null, "landuse": null }, "geometry": { "type": "Point", "coordinates": [ 121.082719658415215, 14.706076301138692 ] } },
{ "type": "Feature", "properties": { "name": null, "category": "recreation", "amenity": null, "building": null, "shop": null, "landuse": null }, "geometry": { "type": "Point", "coordinates": [ 121.058609652735186, 14.705604810255654 ] } },
{ "type": "Feature", "properties": { "name": "North Parkview Park", "category": "recreation", "amenity": null, "building": null, "shop": null, "landuse": null }, "geometry": { "type": "Point", "coordinates": [ 121.060375888864257, 14.707971941677114 ] } },
{ "type": "Feature", "properties": { "name": null, "category": "recreation", "amenity": null, "building": null, "shop": null, "landuse": "recreation_ground" }, "geometry": { "type": "Point", "coordinates": [ 121.037351431005902, 14.739630099301035 ] } },
{ "type": "Feature", "properties": { "name": null, "category": "recreation", "amenity": null, "building": null, "shop": null, "landuse": "recreation_ground" }, "geometry": { "type": "Point", "coordinates": [ 121.021973818137923, 14.670911397328249 ] } },
{ "type": "Feature", "properties": { "name": "GSIS Village Park", "category": "recreation", "amenity": null, "building": null, "shop": null, "landuse": null }, "geometry": { "type": "Point", "coordinates": [ 121.028788506607555, 14.672448605425391 ] } },
{ "type": "Feature", "properties": { "name": "Tatalon Peoples Park", "category": "recreation", "amenity": null, "building": null, "shop": null, "landuse": null }, "geometry": { "type": "Point", "coordinates": [ 121.013617899998408, 14.622287699974455 ] } },
{ "type": "Feature", "properties": { "name": null, "category": "recreation", "amenity": null, "building": null, "shop": null, "landuse": null }, "geometry": { "type": "Point", "coordinates": [ 121.048789330851733, 14.701537624994485 ] } },
{ "type": "Feature", "properties": { "name": "Liwasang Diokno", "category": "recreation", "amenity": null, "building": null, "shop": null, "landuse": null }, "geometry": { "type": "Point", "coordinates": [ 121.060004116791973, 14.657689254856868 ] } },
{ "type": "Feature", "properties": { "name": "Plaza Novaliches", "category": "recreation", "amenity": null, "building": null, "shop": null, "landuse": null }, "geometry": { "type": "Point", "coordinates": [ 121.039193069099781, 14.721092841019255 ] } },
{ "type": "Feature", "properties": { "name": null, "category": "recreation", "amenity": null, "building": null, "shop": null, "landuse": null }, "geometry": { "type": "Point", "coordinates": [ 121.066144373262176, 14.668735836008157 ] } },
{ "type": "Feature", "properties": { "name": "Pedal N Paddle", "category": "recreation", "amenity": null, "building": null, "shop": null, "landuse": null }, "geometry": { "type": "Point", "coordinates": [ 121.04939684379012, 14.652358616480349 ] } },
{ "type": "Feature", "properties": { "name": null, "category": "recreation", "amenity": null, "building": null, "shop": null, "landuse": null }, "geometry": { "type": "Point", "coordinates": [ 121.058682073210193, 14.674358217311287 ] } },
{ "type": "Feature", "properties": { "name": "Magdalena Rolling Hills Park", "category": "recreation", "amenity": null, "building": null, "shop": null, "landuse": null }, "geometry": { "type": "Point", "coordinates": [ 121.024147969982295, 14.615431619361059 ] } },
{ "type": "Feature", "properties": { "name": null, "category": "recreation", "amenity": null, "building": null, "shop": null, "landuse": "recreation_ground" }, "geometry": { "type": "Point", "coordinates": [ 121.072205119591061, 14.675231632216089 ] } },
{ "type": "Feature", "properties": { "name": "Alley 44 Park", "category": "recreation", "amenity": null, "building": null, "shop": null, "landuse": null }, "geometry": { "type": "Point", "coordinates": [ 121.056523399784822, 14.649293348308948 ] } },
{ "type": "Feature", "properties": { "name": "Grace Christian Park", "category": "recreation", "amenity": null, "building": null, "shop": null, "landuse": null }, "geometry": { "type": "Point", "coordinates": [ 121.002647125539099, 14.645759984192994 ] } },
{ "type": "Feature", "properties": { "name": "Rosalia Village Park", "category": "recreation", "amenity": null, "building": null, "shop": null, "landuse": null }, "geometry": { "type": "Point", "coordinates": [ 121.037656675015242, 14.67926739997924 ] } },
{ "type": "Feature", "properties": { "name": null, "category": "recreation", "amenity": null, "building": null, "shop": null, "landuse": null }, "geometry": { "type": "Point", "coordinates": [ 121.00468390911459, 14.650969181342203 ] } },
{ "type": "Feature", "properties": { "name": "Claret Park", "category": "recreation", "amenity": null, "building": null, "shop": null, "landuse": null }, "geometry": { "type": "Point", "coordinates": [ 121.04943067852642, 14.666803786931419 ] } },
{ "type": "Feature", "properties": { "name": "A Luna Baba Court", "category": "recreation", "amenity": null, "building": null, "shop": null, "landuse": null }, "geometry": { "type": "Point", "coordinates": [ 121.063436443273403, 14.626572428923705 ] } },
{ "type": "Feature", "properties": { "name": null, "category": "recreation", "amenity": null, "building": null, "shop": null, "landuse": null }, "geometry": { "type": "Point", "coordinates": [ 121.041332744817012, 14.633693992982481 ] } },
{ "type": "Feature", "properties": { "name": "Cloverleaf Linear Park", "category": "recreation", "amenity": null, "building": null, "shop": null, "landuse": null }, "geometry": { "type": "Point", "coordinates": [ 121.002293001665961, 14.65524551634733 ] } },
{ "type": "Feature", "properties": { "name": null, "category": "recreation", "amenity": null, "building": null, "shop": null, "landuse": null }, "geometry": { "type": "Point", "coordinates": [ 121.006232600615476, 14.653369086374402 ] } },
{ "type": "Feature", "properties": { "name": null, "category": "recreation", "amenity": null, "building": null, "shop": null, "landuse": null }, "geometry": { "type": "Point", "coordinates": [ 121.006619627813038, 14.652312973186225 ] } },
{ "type": "Feature", "properties": { "name": "Rock Garden", "category": "recreation", "amenity": null, "building": null, "shop": null, "landuse": null }, "geometry": { "type": "Point", "coordinates": [ 121.078022099999984, 14.6345308 ] } },
{ "type": "Feature", "properties": { "name": "Peace Bell", "category": "recreation", "amenity": null, "building": null, "shop": null, "landuse": null }, "geometry": { "type": "Point", "coordinates": [ 121.049196600000016, 14.6500597 ] } },
{ "type": "Feature", "properties": { "name": "Fishing village", "category": "recreation", "amenity": null, "building": null, "shop": null, "landuse": null }, "geometry": { "type": "Point", "coordinates": [ 121.042110500000021, 14.6505033 ] } },
{ "type": "Feature", "properties": { "name": "Manila Chemical Center Inc", "category": "recreation", "amenity": null, "building": null, "shop": null, "landuse": null }, "geometry": { "type": "Point", "coordinates": [ 120.996047299999987, 14.6340669 ] } },
{ "type": "Feature", "properties": { "name": "Elixer Multi-Purpose Cooperation", "category": "recreation", "amenity": null, "building": null, "shop": null, "landuse": null }, "geometry": { "type": "Point", "coordinates": [ 121.0334782, 14.660667 ] } },
{ "type": "Feature", "properties": { "name": "SM City North EDSA", "category": "recreation", "amenity": null, "building": null, "shop": null, "landuse": null }, "geometry": { "type": "Point", "coordinates": [ 121.0297867, 14.6565311 ] } },
{ "type": "Feature", "properties": { "name": null, "category": "recreation", "amenity": null, "building": null, "shop": null, "landuse": null }, "geometry": { "type": "Point", "coordinates": [ 121.01729760000002, 14.6124339 ] } },
{ "type": "Feature", "properties": { "name": "Mustang Vapers", "category": "recreation", "amenity": null, "building": null, "shop": "e-cigarette", "landuse": null }, "geometry": { "type": "Point", "coordinates": [ 121.0673896, 14.7042246 ] } },
{ "type": "Feature", "properties": { "name": "224 d", "category": "recreation", "amenity": null, "building": null, "shop": null, "landuse": null }, "geometry": { "type": "Point", "coordinates": [ 121.0070851, 14.6459407 ] } },
{ "type": "Feature", "properties": { "name": "Ex-raid poke gym silent companion", "category": "recreation", "amenity": null, "building": null, "shop": null, "landuse": null }, "geometry": { "type": "Point", "coordinates": [ 121.0795159, 14.6103201 ] } },
{ "type": "Feature", "properties": { "name": "Greenview Park", "category": "recreation", "amenity": null, "building": null, "shop": null, "landuse": null }, "geometry": { "type": "Point", "coordinates": [ 121.055519600000011, 14.6985195 ] } },
{ "type": "Feature", "properties": { "name": "Greenview Park", "category": "recreation", "amenity": null, "building": null, "shop": null, "landuse": null }, "geometry": { "type": "Point", "coordinates": [ 121.0569774, 14.6965656 ] } },
{ "type": "Feature", "properties": { "name": "Finish", "category": "recreation", "amenity": null, "building": null, "shop": null, "landuse": null }, "geometry": { "type": "Point", "coordinates": [ 121.078394, 14.6978276 ] } },
{ "type": "Feature", "properties": { "name": null, "category": "recreation", "amenity": null, "building": null, "shop": null, "landuse": null }, "geometry": { "type": "Point", "coordinates": [ 121.006127, 14.649837 ] } },
{ "type": "Feature", "properties": { "name": null, "category": "recreation", "amenity": null, "building": null, "shop": null, "landuse": null }, "geometry": { "type": "Point", "coordinates": [ 121.0746684, 14.6692417 ] } }
]
}
