{
"type": "FeatureCollection",
"name": "qc_pois_clean_points",
"crs": { "type": "name", "properties": { "name": "urn:ogc:def:crs:OGC:1.3:CRS84" } },
"features": [
{ "type": "Feature", "properties": { "name": "Lung Center of the Philippines", "category": "mixed", "amenity": "hospital", "building": "hospital", "shop": null, "landuse": null }, "geometry": { "type": "Point", "coordinates": [ 121.04576623526971, 14.647498275152596 ] } },
{ "type": "Feature", "properties": { "name": "Met Lab", "category": "mixed", "amenity": null, "building": "yes", "shop": null, "landuse": null }, "geometry": { "type": "Point", "coordinates": [ 121.044187716278415, 14.653865500330237 ] } },
{ "type": "Feature", "properties": { "name": "J. C. Fernandez", "category": "mixed", "amenity": null, "building": null, "shop": null, "landuse": null }, "geometry": { "type": "Point", "coordinates": [ 121.044526110202085, 14.653790194130581 ] } },
{ "type": "Feature", "properties": { "name": "Immaculate Conception Cathedral School", "category": "mixed", "amenity": "school", "building": null, "shop": null, "landuse": null }, "geometry": { "type": "Point", "coordinates": [ 121.042531317958989, 14.622084801017715 ] } },
{ "type": "Feature", "properties": { "name": "Cervini Hall", "category": "mixed", "amenity": "university", "building": "yes", "shop": null, "landuse": null }, "geometry": { "type": "Point", "coordinates": [ 121.080394347780938, 14.639184763574633 ] } },
{ "type": "Feature", "properties": { "name": null, "category": "mixed", "amenity": null, "building": null, "shop": null, "landuse": null }, "geometry": { "type": "Point", "coordinates": [ 121.061571277056032, 14.6511467578816 ] } },
{ "type": "Feature", "properties": { "name": "UP Health Service", "category": "mixed", "amenity": "hospital", "building": "hospital", "shop": null, "landuse": null }, "geometry": { "type": "Point", "coordinates": [ 121.07104793630549, 14.659875277252056 ] } },
{ "type": "Feature", "properties": { "name": null, "category": "mixed", "amenity": null, "building": "yes", "shop": null, "landuse": null }, "geometry": { "type": "Point", "coordinates": [ 121.051220740760087, 14.6519465463051 ] } },
{ "type": "Feature", "properties": { "name": "Institute of Chemistry Teaching Building", "category": "mixed", "amenity": "college", "building": "yes", "shop": null, "landuse": null }, "geometry": { "type": "Point", "coordinates": [ 121.073160456346471, 14.650228155129602 ] } },
{ "type": "Feature", "properties": { "name": "TriNoma P2P Bus Terminal", "category": "mixed", "amenity": "bus_station", "building": null, "shop": null, "landuse": null }, "geometry": { "type": "Point", "coordinates": [ 121.035302831103195, 14.653713329287907 ] } },
{ "type": "Feature", "properties": { "name": "The Sky Garden", "category": "mixed", "amenity": null, "building": null, "shop": null, "landuse": null }, "geometry": { "type": "Point", "coordinates": [ 121.030765210598773, 14.655888003746748 ] } },
{ "type": "Feature", "properties": { "name": "Arlington Memorial Chapels", "category": "mixed", "amenity": null, "building": null, "shop": "funeral_directors", "landuse": null }, "geometry": { "type": "Point", "coordinates": [ 121.017861663032065, 14.607656075238872 ] } },
{ "type": "Feature", "properties": { "name": "Lagro Elementary School", "category": "mixed", "amenity": "school", "building": null, "shop": null, "landuse": null }, "geometry": { "type": "Point", "coordinates": [ 121.06732117402575, 14.729043470518524 ] } },
{ "type": "Feature", "properties": { "name": "Lagro High School", "category": "mixed", "amenity": "school", "building": null, "shop": null, "landuse": null }, "geometry": { "type": "Point", "coordinates": [ 121.066850544303449, 14.727441158343787 ] } },
{ "type": "Feature", "properties": { "name": "Camp Crame High School", "category": "mixed", "amenity": "school", "building": null, "shop": null, "landuse": null }, "geometry": { "type": "Point", "coordinates": [ 121.05184280481113, 14.606263937205426 ] } },
{ "type": "Feature", "properties": { "name": "Camp Crame Elementary School", "category": "mixed", "amenity": "school", "building": null, "shop": null, "landuse": null }, "geometry": { "type": "Point", "coordinates": [ 121.052065640337389, 14.605754011808555 ] } },
{ "type": "Feature", "properties": { "name": "Balara High School", "category": "mixed", "amenity": "school", "building": null, "shop": null, "landuse": null }, "geometry": { "type": "Point", "coordinates": [ 121.078238274299792, 14.652002217743265 ] } },
{ "type": "Feature", "properties": { "name": "Balara Elementary School", "category": "mixed", "amenity": "school", "building": null, "shop": null, "landuse": null }, "geometry": { "type": "Point", "coordinates": [ 121.077777618116897, 14.652506387022761 ] } },
{ "type": "Feature", "properties": { "name": "Batasan Hills National High School", "category": "mixed", "amenity": "school", "building": null, "shop": null, "landuse": null }, "geometry": { "type": "Point", "coordinates": [ 121.094939918799867, 14.689236903671034 ] } },
{ "type": "Feature", "properties": { "name": "Quezon City Polytechnic University", "category": "mixed", "amenity": "university", "building": null, "shop": null, "landuse": null }, "geometry": { "type": "Point", "coordinates": [ 121.094317945823192, 14.689056855640718 ] } },
{ "type": "Feature", "properties": { "name": "Paaralang Sekondaryang Don Quintin Paredes", "category": "mixed", "amenity": "school", "building": null, "shop": null, "landuse": null }, "geometry": { "type": "Point", "coordinates": [ 121.061241730415603, 14.631886974354575 ] } },
{ "type": "Feature", "properties": { "name": "Quirino Elementary School", "category": "mixed", "amenity": "school", "building": null, "shop": null, "landuse": null }, "geometry": { "type": "Point", "coordinates": [ 121.061098063353668, 14.632313958241403 ] } },
{ "type": "Feature", "properties": { "name": "Justice Cecilia Muñoz-Palma High School", "category": "mixed", "amenity": "school", "building": null, "shop": null, "landuse": null }, "geometry": { "type": "Point", "coordinates": [ 121.095017575984826, 14.71369862531771 ] } },
{ "type": "Feature", "properties": { "name": "Quezon Avenue", "category": "mixed", "amenity": null, "building": "yes", "shop": null, "landuse": null }, "geometry": { "type": "Point", "coordinates": [ 121.038592972938986, 14.642583161646249 ] } },
{ "type": "Feature", "properties": { "name": "Samson College of Science and Technology", "category": "mixed", "amenity": "college", "building": "yes", "shop": null, "landuse": null }, "geometry": { "type": "Point", "coordinates": [ 121.051604039446573, 14.616898657193456 ] } },
{ "type": "Feature", "properties": { "name": "Camp Panopio Hospital", "category": "mixed", "amenity": "hospital", "building": null, "shop": null, "landuse": null }, "geometry": { "type": "Point", "coordinates": [ 121.051826996726732, 14.615630534178333 ] } },
{ "type": "Feature", "properties": { "name": "Ponciano Bernardo High School", "category": "mixed", "amenity": "school", "building": null, "shop": null, "landuse": null }, "geometry": { "type": "Point", "coordinates": [ 121.049465247309598, 14.613628128827635 ] } },
{ "type": "Feature", "properties": { "name": "Pedro Tuazon Elementary School", "category": "mixed", "amenity": "school", "building": null, "shop": null, "landuse": null }, "geometry": { "type": "Point", "coordinates": [ 121.048735244705938, 14.614101571816855 ] } },
{ "type": "Feature", "properties": { "name": "Ponciano Bernardo Elementary School", "category": "mixed", "amenity": "school", "building": null, "shop": null, "landuse": null }, "geometry": { "type": "Point", "coordinates": [ 121.04933827343784, 14.614333010048963 ] } },
{ "type": "Feature", "properties": { "name": "Eulogio Rodriguez, Sr. Elementary School", "category": "mixed", "amenity": "school", "building": null, "shop": null, "landuse": null }, "geometry": { "type": "Point", "coordinates": [ 121.054119789684478, 14.63012555995051 ] } },
{ "type": "Feature", "properties": { "name": "Carlos P. Garcia High School", "category": "mixed", "amenity": "school", "building": null, "shop": null, "landuse": null }, "geometry": { "type": "Point", "coordinates": [ 121.054600522273361, 14.629821139710844 ] } },
{ "type": "Feature", "properties": { "name": "Savemore Market", "category": "mixed", "amenity": null, "building": null, "shop": "supermarket", "landuse": null }, "geometry": { "type": "Point", "coordinates": [ 121.058743333222026, 14.636007113369777 ] } },
{ "type": "Feature", "properties": { "name": "Pinyahan Senior High School", "category": "mixed", "amenity": "school", "building": null, "shop": null, "landuse": null }, "geometry": { "type": "Point", "coordinates": [ 121.050592856046606, 14.638772568012545 ] } },
{ "type": "Feature", "properties": { "name": "Pinyahan Elementary School", "category": "mixed", "amenity": "school", "building": null, "shop": null, "landuse": null }, "geometry": { "type": "Point", "coordinates": [ 121.050414252295809, 14.63836794996797 ] } },
{ "type": "Feature", "properties": { "name": "Fernando C. Amorsolo Senior High School", "category": "mixed", "amenity": "school", "building": null, "shop": null, "landuse": null }, "geometry": { "type": "Point", "coordinates": [ 121.044245830120133, 14.628695487821281 ] } },
{ "type": "Feature", "properties": { "name": "Marcelo H. del Pilar Elementary School", "category": "mixed", "amenity": "school", "building": null, "shop": null, "landuse": null }, "geometry": { "type": "Point", "coordinates": [ 121.044785134758541, 14.628887248681055 ] } },
{ "type": "Feature", "properties": { "name": "Quezon Memorial Circle", "category": "mixed", "amenity": null, "building": null, "shop": null, "landuse": null }, "geometry": { "type": "Point", "coordinates": [ 121.049285437231049, 14.651462540074631 ] } },
{ "type": "Feature", "properties": { "name": "UP Diliman Varsity Training Center", "category": "mixed", "amenity": null, "building": "yes", "shop": null, "landuse": null }, "geometry": { "type": "Point", "coordinates": [ 121.061661645739647, 14.658075709778547 ] } },
{ "type": "Feature", "properties": { "name": "Polytechnic University of the Philippines - Quezon City", "category": "mixed", "amenity": "university", "building": null, "shop": null, "landuse": null }, "geometry": { "type": "Point", "coordinates": [ 121.081967289785794, 14.699863779962079 ] } },
{ "type": "Feature", "properties": { "name": "Commonwealth High School", "category": "mixed", "amenity": "school", "building": null, "shop": null, "landuse": null }, "geometry": { "type": "Point", "coordinates": [ 121.081656634793788, 14.699023792564736 ] } },
{ "type": "Feature", "properties": { "name": "Far Eastern University", "category": "mixed", "amenity": "university", "building": null, "shop": null, "landuse": null }, "geometry": { "type": "Point", "coordinates": [ 121.063656647066779, 14.684293689016451 ] } },
{ "type": "Feature", "properties": { "name": "National College of Business and Arts", "category": "mixed", "amenity": "college", "building": null, "shop": null, "landuse": null }, "geometry": { "type": "Point", "coordinates": [ 121.068130724841012, 14.627801626635415 ] } },
{ "type": "Feature", "properties": { "name": "Star Market", "category": "mixed", "amenity": "marketplace", "building": null, "shop": null, "landuse": null }, "geometry": { "type": "Point", "coordinates": [ 121.04107396005061, 14.724698654023326 ] } },
{ "type": "Feature", "properties": { "name": "C.I. Market", "category": "mixed", "amenity": "marketplace", "building": null, "shop": null, "landuse": null }, "geometry": { "type": "Point", "coordinates": [ 121.0410449000195, 14.725032699985226 ] } },
{ "type": "Feature", "properties": { "name": "Manuel L. Quezon Elementary School", "category": "mixed", "amenity": "school", "building": null, "shop": null, "landuse": null }, "geometry": { "type": "Point", "coordinates": [ 121.079311184571807, 14.695604199940378 ] } },
{ "type": "Feature", "properties": { "name": "Holy Spirit National High School", "category": "mixed", "amenity": "school", "building": null, "shop": null, "landuse": null }, "geometry": { "type": "Point", "coordinates": [ 121.080468376791572, 14.689791144716636 ] } },
{ "type": "Feature", "properties": { "name": "Department Of Public Works And Highways Quezon City 1 District Engineering Office", "category": "mixed", "amenity": null, "building": null, "shop": null, "landuse": "institutional" }, "geometry": { "type": "Point", "coordinates": [ 121.079890008041943, 14.690591445353503 ] } },
{ "type": "Feature", "properties": { "name": "Pedro Tuazon High School", "category": "mixed", "amenity": "school", "building": null, "shop": null, "landuse": null }, "geometry": { "type": "Point", "coordinates": [ 121.048394930250069, 14.614125813658443 ] } },
{ "type": "Feature", "properties": { "name": "Ramon Magsaysay Elementary School", "category": "mixed", "amenity": "school", "building": null, "shop": null, "landuse": null }, "geometry": { "type": "Point", "coordinates": [ 120.998605427010745, 14.629039900638025 ] } },
{ "type": "Feature", "properties": { "name": "National Orthopedic Hospital School for Crippled Children", "category": "mixed", "amenity": "school", "building": null, "shop": null, "landuse": null }, "geometry": { "type": "Point", "coordinates": [ 120.999531677727887, 14.628984922291918 ] } },
{ "type": "Feature", "properties": { "name": "Demetrio Tuazon Elementary School", "category": "mixed", "amenity": "school", "building": null, "shop": null, "landuse": null }, "geometry": { "type": "Point", "coordinates": [ 120.999260122927453, 14.629602863909232 ] } },
{ "type": "Feature", "properties": { "name": "Ayala Malls TriNoma", "category": "mixed", "amenity": null, "building": null, "shop": "mall", "landuse": "retail" }, "geometry": { "type": "Point", "coordinates": [ 121.033709795066656, 14.653067462192721 ] } },
{ "type": "Feature", "properties": { "name": "National Children's Hospital", "category": "mixed", "amenity": "hospital", "building": null, "shop": null, "landuse": null }, "geometry": { "type": "Point", "coordinates": [ 121.021061284937645, 14.620354300318501 ] } },
{ "type": "Feature", "properties": { "name": "Trinity University of Asia - Basic Education", "category": "mixed", "amenity": "school", "building": null, "shop": null, "landuse": null }, "geometry": { "type": "Point", "coordinates": [ 121.020236307439362, 14.619840882415053 ] } },
{ "type": "Feature", "properties": { "name": "Manresa Park", "category": "mixed", "amenity": null, "building": null, "shop": null, "landuse": null }, "geometry": { "type": "Point", "coordinates": [ 121.003413560958407, 14.641683478736388 ] } },
{ "type": "Feature", "properties": { "name": "Quezon City General Hospital", "category": "mixed", "amenity": "hospital", "building": null, "shop": null, "landuse": null }, "geometry": { "type": "Point", "coordinates": [ 121.017928341785591, 14.661727455746796 ] } },
{ "type": "Feature", "properties": { "name": "Puregold", "category": "mixed", "amenity": null, "building": null, "shop": "supermarket", "landuse": "retail" }, "geometry": { "type": "Point", "coordinates": [ 121.034401968647984, 14.666540393153223 ] } },
{ "type": "Feature", "properties": { "name": "Quezon City Science High School", "category": "mixed", "amenity": "school", "building": null, "shop": null, "landuse": null }, "geometry": { "type": "Point", "coordinates": [ 121.030006422517147, 14.658638392149667 ] } },
{ "type": "Feature", "properties": { "name": "Department of Education National Capital Region", "category": "mixed", "amenity": null, "building": null, "shop": null, "landuse": null }, "geometry": { "type": "Point", "coordinates": [ 121.028691326723745, 14.658092423927961 ] } },
{ "type": "Feature", "properties": { "name": "San Francisco High School", "category": "mixed", "amenity": "school", "building": null, "shop": null, "landuse": null }, "geometry": { "type": "Point", "coordinates": [ 121.027814259755118, 14.657853546818384 ] } },
{ "type": "Feature", "properties": { "name": "Department of Education Schools Division Office of Quezon City", "category": "mixed", "amenity": null, "building": null, "shop": null, "landuse": null }, "geometry": { "type": "Point", "coordinates": [ 121.026885159208703, 14.658763407675943 ] } },
{ "type": "Feature", "properties": { "name": "Quezon City Polytechnic University", "category": "mixed", "amenity": "university", "building": null, "shop": null, "landuse": null }, "geometry": { "type": "Point", "coordinates": [ 121.026744245229551, 14.658185705406954 ] } },
{ "type": "Feature", "properties": { "name": "Pascual General Hospital", "category": "mixed", "amenity": "hospital", "building": null, "shop": null, "landuse": null }, "geometry": { "type": "Point", "coordinates": [ 121.009101305321764, 14.66703429398363 ] } },
{ "type": "Feature", "properties": { "name": "Placido del Mundo Elementary School", "category": "mixed", "amenity": "school", "building": null, "shop": null, "landuse": null }, "geometry": { "type": "Point", "coordinates": [ 121.025811258963969, 14.68693127180064 ] } },
{ "type": "Feature", "properties": { "name": "Pacific Global Medical Center", "category": "mixed", "amenity": "hospital", "building": null, "shop": null, "landuse": null }, "geometry": { "type": "Point", "coordinates": [ 121.029915580777271, 14.688460326479076 ] } },
{ "type": "Feature", "properties": { "name": "Holy Child Academy, Inc. - Kingspoint", "category": "mixed", "amenity": "school", "building": null, "shop": null, "landuse": null }, "geometry": { "type": "Point", "coordinates": [ 121.023382855762094, 14.69871009568045 ] } },
{ "type": "Feature", "properties": { "name": "Bagbag Elementary School", "category": "mixed", "amenity": "school", "building": null, "shop": null, "landuse": null }, "geometry": { "type": "Point", "coordinates": [ 121.03147848736306, 14.690976208102363 ] } },
{ "type": "Feature", "properties": { "name": "Melchora Aquino High School", "category": "mixed", "amenity": "school", "building": null, "shop": null, "landuse": null }, "geometry": { "type": "Point", "coordinates": [ 121.046046276796929, 14.686977016223882 ] } },
{ "type": "Feature", "properties": { "name": "Maria Montessori School of Quezon City", "category": "mixed", "amenity": "school", "building": null, "shop": null, "landuse": null }, "geometry": { "type": "Point", "coordinates": [ 121.043642886803028, 14.666291735049475 ] } },
{ "type": "Feature", "properties": { "name": "New Era University", "category": "mixed", "amenity": "university", "building": null, "shop": null, "landuse": null }, "geometry": { "type": "Point", "coordinates": [ 121.056477713744528, 14.664010349333179 ] } },
{ "type": "Feature", "properties": { "name": "New Era High School", "category": "mixed", "amenity": "school", "building": null, "shop": null, "landuse": null }, "geometry": { "type": "Point", "coordinates": [ 121.057960059215944, 14.666453413862635 ] } },
{ "type": "Feature", "properties": { "name": null, "category": "mixed", "amenity": "marketplace", "building": null, "shop": null, "landuse": null }, "geometry": { "type": "Point", "coordinates": [ 121.075985092242021, 14.673105471338447 ] } },
{ "type": "Feature", "properties": { "name": "Old Balara Elementary School", "category": "mixed", "amenity": "school", "building": null, "shop": null, "landuse": null }, "geometry": { "type": "Point", "coordinates": [ 121.076403690629135, 14.672495570103097 ] } },
{ "type": "Feature", "properties": { "name": "Holy Spirit Elementary School", "category": "mixed", "amenity": "school", "building": null, "shop": null, "landuse": null }, "geometry": { "type": "Point", "coordinates": [ 121.072207981003771, 14.678372353257775 ] } },
{ "type": "Feature", "properties": { "name": "Judge Feliciano Belmonte, Sr. High School", "category": "mixed", "amenity": "school", "building": null, "shop": null, "landuse": null }, "geometry": { "type": "Point", "coordinates": [ 121.071100438719938, 14.678426545109193 ] } },
{ "type": "Feature", "properties": { "name": "School of the Holy Spirit", "category": "mixed", "amenity": "school", "building": null, "shop": null, "landuse": null }, "geometry": { "type": "Point", "coordinates": [ 121.072212722776413, 14.689852670827923 ] } },
{ "type": "Feature", "properties": { "name": "Mother of Perpetual Help School", "category": "mixed", "amenity": "school", "building": null, "shop": null, "landuse": null }, "geometry": { "type": "Point", "coordinates": [ 121.063030289098165, 14.702465271206018 ] } },
{ "type": "Feature", "properties": { "name": "San Gabriel Elementary School", "category": "mixed", "amenity": "school", "building": null, "shop": null, "landuse": null }, "geometry": { "type": "Point", "coordinates": [ 121.052771109561476, 14.707615101504675 ] } },
{ "type": "Feature", "properties": { "name": "Doña Rosario Elementary School", "category": "mixed", "amenity": "school", "building": null, "shop": null, "landuse": null }, "geometry": { "type": "Point", "coordinates": [ 121.03635165426293, 14.7172424474476 ] } },
{ "type": "Feature", "properties": { "name": "Doña Rosario High School", "category": "mixed", "amenity": "school", "building": null, "shop": null, "landuse": null }, "geometry": { "type": "Point", "coordinates": [ 121.036581830671111, 14.716777396518461 ] } },
{ "type": "Feature", "properties": { "name": "Maranatha Christian Academy of Novaliches", "category": "mixed", "amenity": "school", "building": null, "shop": null, "landuse": null }, "geometry": { "type": "Point", "coordinates": [ 121.042204442776409, 14.72135133624942 ] } },
{ "type": "Feature", "properties": { "name": "San Agustin Elementary School", "category": "mixed", "amenity": "school", "building": null, "shop": null, "landuse": null }, "geometry": { "type": "Point", "coordinates": [ 121.036528337567063, 14.727980538917619 ] } },
{ "type": "Feature", "properties": { "name": "Metro Manila College", "category": "mixed", "amenity": "college", "building": null, "shop": null, "landuse": null }, "geometry": { "type": "Point", "coordinates": [ 121.043760123057709, 14.726524012862782 ] } },
{ "type": "Feature", "properties": { "name": "Kaligayahan Elementary School", "category": "mixed", "amenity": "school", "building": null, "shop": null, "landuse": null }, "geometry": { "type": "Point", "coordinates": [ 121.045886444744383, 14.72866779387132 ] } },
{ "type": "Feature", "properties": { "name": "S&R Membership Shopping", "category": "mixed", "amenity": null, "building": null, "shop": "wholesale", "landuse": null }, "geometry": { "type": "Point", "coordinates": [ 121.046774577394501, 14.729928935360018 ] } },
{ "type": "Feature", "properties": { "name": "Fairview Terraces", "category": "mixed", "amenity": null, "building": null, "shop": "mall", "landuse": "retail" }, "geometry": { "type": "Point", "coordinates": [ 121.060020178659016, 14.736781743528226 ] } },
{ "type": "Feature", "properties": { "name": "Immaculate Mother School", "category": "mixed", "amenity": "school", "building": null, "shop": null, "landuse": null }, "geometry": { "type": "Point", "coordinates": [ 121.084697621344944, 14.704428945230122 ] } },
{ "type": "Feature", "properties": { "name": "La Mesa Eco Park", "category": "mixed", "amenity": null, "building": null, "shop": null, "landuse": "recreation_ground" }, "geometry": { "type": "Point", "coordinates": [ 121.075404577011014, 14.711871320328898 ] } },
{ "type": "Feature", "properties": { "name": "Payatas C Elementary School", "category": "mixed", "amenity": "school", "building": null, "shop": null, "landuse": null }, "geometry": { "type": "Point", "coordinates": [ 121.097430587920869, 14.714544213422764 ] } },
{ "type": "Feature", "properties": { "name": "Department of Social Welfare and Development", "category": "mixed", "amenity": null, "building": null, "shop": null, "landuse": "commercial" }, "geometry": { "type": "Point", "coordinates": [ 121.096812714858629, 14.696527340393372 ] } },
{ "type": "Feature", "properties": { "name": "Civil Service Commission", "category": "mixed", "amenity": null, "building": null, "shop": null, "landuse": "commercial" }, "geometry": { "type": "Point", "coordinates": [ 121.098106321665739, 14.69227281133645 ] } },
{ "type": "Feature", "properties": { "name": "Serbisyong Bayan Park", "category": "mixed", "amenity": null, "building": null, "shop": null, "landuse": null }, "geometry": { "type": "Point", "coordinates": [ 121.095455624789906, 14.690005879403158 ] } },
{ "type": "Feature", "properties": { "name": "Commonwealth Elementary School", "category": "mixed", "amenity": "school", "building": null, "shop": null, "landuse": null }, "geometry": { "type": "Point", "coordinates": [ 121.088211313545088, 14.697697126393752 ] } },
{ "type": "Feature", "properties": { "name": "Benigno S. Aquino Jr. Elementary School", "category": "mixed", "amenity": "school", "building": null, "shop": null, "landuse": null }, "geometry": { "type": "Point", "coordinates": [ 121.088364520909579, 14.697179374041502 ] } },
{ "type": "Feature", "properties": { "name": null, "category": "mixed", "amenity": null, "building": null, "shop": null, "landuse": null }, "geometry": { "type": "Point", "coordinates": [ 121.067434810022434, 14.621025749855738 ] } },
{ "type": "Feature", "properties": { "name": "Pura V. Kalaw Elementary School", "category": "mixed", "amenity": "school", "building": null, "shop": null, "landuse": null }, "geometry": { "type": "Point", "coordinates": [ 121.067964633322575, 14.62134336516263 ] } },
{ "type": "Feature", "properties": { "name": "Plaza Bugallon Oval", "category": "mixed", "amenity": null, "building": null, "shop": null, "landuse": null }, "geometry": { "type": "Point", "coordinates": [ 121.066014950650427, 14.624667746971307 ] } },
{ "type": "Feature", "properties": { "name": "Kalantiyaw Elementary School", "category": "mixed", "amenity": "school", "building": null, "shop": null, "landuse": null }, "geometry": { "type": "Point", "coordinates": [ 121.065212143637893, 14.623756596478447 ] } },
{ "type": "Feature", "properties": { "name": "Aurora Market", "category": "mixed", "amenity": "marketplace", "building": null, "shop": null, "landuse": "retail" }, "geometry": { "type": "Point", "coordinates": [ 121.07105880089442, 14.629777887082602 ] } },
{ "type": "Feature", "properties": { "name": "Project 3 Elementary School", "category": "mixed", "amenity": "school", "building": null, "shop": null, "landuse": null }, "geometry": { "type": "Point", "coordinates": [ 121.067568610205981, 14.630133907272107 ] } },
{ "type": "Feature", "properties": { "name": "Quirino High School", "category": "mixed", "amenity": "school", "building": null, "shop": null, "landuse": null }, "geometry": { "type": "Point", "coordinates": [ 121.067382030745975, 14.630836545213521 ] } },
{ "type": "Feature", "properties": { "name": "Jesus Christ Saves Global Outreach Christian Academy", "category": "mixed", "amenity": "school", "building": null, "shop": null, "landuse": null }, "geometry": { "type": "Point", "coordinates": [ 121.059042397190467, 14.622424764036712 ] } },
{ "type": "Feature", "properties": { "name": "Saint Bridget School", "category": "mixed", "amenity": "school", "building": null, "shop": null, "landuse": null }, "geometry": { "type": "Point", "coordinates": [ 121.072592832673919, 14.631955281824085 ] } },
{ "type": "Feature", "properties": { "name": "Batino Elementary School & Special Education Center", "category": "mixed", "amenity": "school", "building": null, "shop": null, "landuse": null }, "geometry": { "type": "Point", "coordinates": [ 121.070608026542757, 14.632728540099043 ] } },
{ "type": "Feature", "properties": { "name": "San Vicente Elementary School", "category": "mixed", "amenity": "school", "building": null, "shop": null, "landuse": null }, "geometry": { "type": "Point", "coordinates": [ 121.057380676784859, 14.653608323974273 ] } },
{ "type": "Feature", "properties": { "name": "Aurora A. Quezon Elementary School", "category": "mixed", "amenity": "school", "building": null, "shop": null, "landuse": null }, "geometry": { "type": "Point", "coordinates": [ 121.008398074979212, 14.616267619785065 ] } },
{ "type": "Feature", "properties": { "name": "Celebrity Sports Plaza", "category": "mixed", "amenity": null, "building": null, "shop": null, "landuse": null }, "geometry": { "type": "Point", "coordinates": [ 121.079828759156939, 14.666028411948433 ] } },
{ "type": "Feature", "properties": { "name": "Diliman Preparatory School", "category": "mixed", "amenity": "school", "building": null, "shop": null, "landuse": null }, "geometry": { "type": "Point", "coordinates": [ 121.08240503203227, 14.674157576357887 ] } },
{ "type": "Feature", "properties": { "name": "Congressman Calalay Public Market", "category": "mixed", "amenity": "marketplace", "building": "retail", "shop": null, "landuse": null }, "geometry": { "type": "Point", "coordinates": [ 121.015181301948516, 14.63936316203905 ] } },
{ "type": "Feature", "properties": { "name": "DENR-NCR National Ecology Center", "category": "mixed", "amenity": null, "building": null, "shop": null, "landuse": "commercial" }, "geometry": { "type": "Point", "coordinates": [ 121.046716605671449, 14.644765776042023 ] } },
{ "type": "Feature", "properties": { "name": "Bangko Sentral ng Pilipinas Security Plant Complex", "category": "mixed", "amenity": null, "building": null, "shop": null, "landuse": "commercial" }, "geometry": { "type": "Point", "coordinates": [ 121.046137644883359, 14.64300526644778 ] } },
{ "type": "Feature", "properties": { "name": "National Kidney and Transplant Institute", "category": "mixed", "amenity": "hospital", "building": null, "shop": null, "landuse": null }, "geometry": { "type": "Point", "coordinates": [ 121.047165971211598, 14.646794338084627 ] } },
{ "type": "Feature", "properties": { "name": "Saint Francis Xavier Catholic School", "category": "mixed", "amenity": "school", "building": null, "shop": null, "landuse": null }, "geometry": { "type": "Point", "coordinates": [ 121.059159661561793, 14.742042118292629 ] } },
{ "type": "Feature", "properties": { "name": null, "category": "mixed", "amenity": null, "building": null, "shop": null, "landuse": null }, "geometry": { "type": "Point", "coordinates": [ 121.040095207481528, 14.642351705119879 ] } },
{ "type": "Feature", "properties": { "name": "Apolonio Samson Elementary School", "category": "mixed", "amenity": "school", "building": null, "shop": null, "landuse": null }, "geometry": { "type": "Point", "coordinates": [ 121.008907580175745, 14.654834853265257 ] } },
{ "type": "Feature", "properties": { "name": "Doña Josefa E. Marcos Elementary School", "category": "mixed", "amenity": "school", "building": null, "shop": null, "landuse": null }, "geometry": { "type": "Point", "coordinates": [ 121.063024491752145, 14.615875631979545 ] } },
{ "type": "Feature", "properties": { "name": null, "category": "mixed", "amenity": null, "building": null, "shop": null, "landuse": null }, "geometry": { "type": "Point", "coordinates": [ 121.025168418293376, 14.667485391744005 ] } },
{ "type": "Feature", "properties": { "name": "Mindanao Avenue", "category": "mixed", "amenity": null, "building": "construction", "shop": null, "landuse": null }, "geometry": { "type": "Point", "coordinates": [ 121.061209954392126, 14.733058746664204 ] } },
{ "type": "Feature", "properties": { "name": "Institute for Small-Scale Industries", "category": "mixed", "amenity": "college", "building": null, "shop": null, "landuse": null }, "geometry": { "type": "Point", "coordinates": [ 121.061845195885141, 14.656554018082087 ] } },
{ "type": "Feature", "properties": { "name": "National College of Public Administration and Governance", "category": "mixed", "amenity": "college", "building": null, "shop": null, "landuse": null }, "geometry": { "type": "Point", "coordinates": [ 121.060275308417701, 14.656361121269647 ] } },
{ "type": "Feature", "properties": { "name": "Diliman Preparatory School Annex", "category": "mixed", "amenity": "school", "building": null, "shop": null, "landuse": null }, "geometry": { "type": "Point", "coordinates": [ 121.027747388097893, 14.682874392446303 ] } },
{ "type": "Feature", "properties": { "name": "Holy Family School of Quezon City", "category": "mixed", "amenity": "school", "building": null, "shop": null, "landuse": null }, "geometry": { "type": "Point", "coordinates": [ 121.056673175857952, 14.647357515974939 ] } },
{ "type": "Feature", "properties": { "name": "Claret School of Quezon City", "category": "mixed", "amenity": "school", "building": null, "shop": null, "landuse": null }, "geometry": { "type": "Point", "coordinates": [ 121.055770981065493, 14.646968582931436 ] } },
{ "type": "Feature", "properties": { "name": "Lucrecia R. Kasilag Senior High School", "category": "mixed", "amenity": "school", "building": null, "shop": null, "landuse": null }, "geometry": { "type": "Point", "coordinates": [ 121.023663405075581, 14.654177769251083 ] } },
{ "type": "Feature", "properties": { "name": "Esteban Abada Elementary School", "category": "mixed", "amenity": "school", "building": null, "shop": null, "landuse": null }, "geometry": { "type": "Point", "coordinates": [ 121.024471447945174, 14.654308864759839 ] } },
{ "type": "Feature", "properties": { "name": "The Project 4 Market", "category": "mixed", "amenity": "marketplace", "building": null, "shop": null, "landuse": "retail" }, "geometry": { "type": "Point", "coordinates": [ 121.067567979548585, 14.62223456707156 ] } },
{ "type": "Feature", "properties": { "name": "Jose P. Laurel, Sr. High School", "category": "mixed", "amenity": "school", "building": null, "shop": null, "landuse": null }, "geometry": { "type": "Point", "coordinates": [ 121.068284741495219, 14.622231351413932 ] } },
{ "type": "Feature", "properties": { "name": "Quirino Memorial Medical Center", "category": "mixed", "amenity": "hospital", "building": null, "shop": null, "landuse": null }, "geometry": { "type": "Point", "coordinates": [ 121.072506266133644, 14.622194001782487 ] } },
{ "type": "Feature", "properties": { "name": "QMMC Compound", "category": "mixed", "amenity": null, "building": null, "shop": null, "landuse": null }, "geometry": { "type": "Point", "coordinates": [ 121.07320818505822, 14.623092343054036 ] } },
{ "type": "Feature", "properties": { "name": "Thames International School of Asia", "category": "mixed", "amenity": "school", "building": null, "shop": null, "landuse": null }, "geometry": { "type": "Point", "coordinates": [ 121.08455202866098, 14.605429352812553 ] } },
{ "type": "Feature", "properties": { "name": "Circulo Verde", "category": "mixed", "amenity": null, "building": null, "shop": null, "landuse": "commercial" }, "geometry": { "type": "Point", "coordinates": [ 121.088648144940009, 14.601405346220279 ] } },
{ "type": "Feature", "properties": { "name": "The Bike Playground Outdoor", "category": "mixed", "amenity": null, "building": null, "shop": null, "landuse": null }, "geometry": { "type": "Point", "coordinates": [ 121.08914607047069, 14.599974779625162 ] } },
{ "type": "Feature", "properties": { "name": "RSA Motors", "category": "mixed", "amenity": null, "building": "retail", "shop": "car", "landuse": null }, "geometry": { "type": "Point", "coordinates": [ 121.078037203274775, 14.609000685289631 ] } },
{ "type": "Feature", "properties": { "name": "Lourdes School of Quezon City", "category": "mixed", "amenity": "school", "building": null, "shop": null, "landuse": null }, "geometry": { "type": "Point", "coordinates": [ 120.997413346770287, 14.629800778738401 ] } },
{ "type": "Feature", "properties": { "name": "SM Hypermarket", "category": "mixed", "amenity": null, "building": null, "shop": "supermarket", "landuse": "retail" }, "geometry": { "type": "Point", "coordinates": [ 121.021148379822364, 14.680981288067784 ] } },
{ "type": "Feature", "properties": { "name": "Landers Fairview", "category": "mixed", "amenity": null, "building": null, "shop": "wholesale", "landuse": null }, "geometry": { "type": "Point", "coordinates": [ 121.055058810606909, 14.733672152677906 ] } },
{ "type": "Feature", "properties": { "name": "Maligaya Elementary School", "category": "mixed", "amenity": "school", "building": null, "shop": null, "landuse": null }, "geometry": { "type": "Point", "coordinates": [ 121.065315433535829, 14.741823107360959 ] } },
{ "type": "Feature", "properties": { "name": "Maligaya High School", "category": "mixed", "amenity": "school", "building": null, "shop": null, "landuse": null }, "geometry": { "type": "Point", "coordinates": [ 121.065339870876173, 14.741183231287259 ] } },
{ "type": "Feature", "properties": { "name": "Bagong Pag-asa Elementary School", "category": "mixed", "amenity": "school", "building": null, "shop": null, "landuse": null }, "geometry": { "type": "Point", "coordinates": [ 121.033689046809911, 14.663276602036296 ] } },
{ "type": "Feature", "properties": { "name": "Santo Niño Parochial School", "category": "mixed", "amenity": "school", "building": null, "shop": null, "landuse": null }, "geometry": { "type": "Point", "coordinates": [ 121.026036362191164, 14.660531858982887 ] } },
{ "type": "Feature", "properties": { "name": null, "category": "mixed", "amenity": "marketplace", "building": null, "shop": null, "landuse": null }, "geometry": { "type": "Point", "coordinates": [ 120.999897824990498, 14.622662342432058 ] } },
{ "type": "Feature", "properties": { "name": null, "category": "mixed", "amenity": null, "building": null, "shop": null, "landuse": null }, "geometry": { "type": "Point", "coordinates": [ 121.065980325899389, 14.660872486796157 ] } },
{ "type": "Feature", "properties": { "name": "Carillon Plaza", "category": "mixed", "amenity": null, "building": null, "shop": null, "landuse": null }, "geometry": { "type": "Point", "coordinates": [ 121.0665579579086, 14.656416994608794 ] } },
{ "type": "Feature", "properties": { "name": "Malaya Elementary School", "category": "mixed", "amenity": "school", "building": null, "shop": null, "landuse": null }, "geometry": { "type": "Point", "coordinates": [ 121.054994147524539, 14.634934126748936 ] } },
{ "type": "Feature", "properties": { "name": null, "category": "mixed", "amenity": "marketplace", "building": null, "shop": null, "landuse": null }, "geometry": { "type": "Point", "coordinates": [ 121.048523218147977, 14.628371397329651 ] } },
{ "type": "Feature", "properties": { "name": "AISAT", "category": "mixed", "amenity": "college", "building": null, "shop": null, "landuse": null }, "geometry": { "type": "Point", "coordinates": [ 121.060343028712609, 14.73162142615638 ] } },
{ "type": "Feature", "properties": { "name": "Commonwealth Hospital and Medical Center", "category": "mixed", "amenity": "hospital", "building": null, "shop": null, "landuse": null }, "geometry": { "type": "Point", "coordinates": [ 121.060695709282399, 14.7313604207749 ] } },
{ "type": "Feature", "properties": { "name": "Bestlink College of the Philippines - Criminology Department", "category": "mixed", "amenity": "college", "building": null, "shop": null, "landuse": null }, "geometry": { "type": "Point", "coordinates": [ 121.036739426535576, 14.729148999061698 ] } },
{ "type": "Feature", "properties": { "name": "Goodwill Elementary School", "category": "mixed", "amenity": "school", "building": null, "shop": null, "landuse": null }, "geometry": { "type": "Point", "coordinates": [ 121.028007531392333, 14.696897511008689 ] } },
{ "type": "Feature", "properties": { "name": "Leopoldo B. Santos Elementary School", "category": "mixed", "amenity": "school", "building": null, "shop": null, "landuse": null }, "geometry": { "type": "Point", "coordinates": [ 121.013046182421064, 14.67542764363108 ] } },
{ "type": "Feature", "properties": { "name": "Puregold", "category": "mixed", "amenity": null, "building": null, "shop": "supermarket", "landuse": "retail" }, "geometry": { "type": "Point", "coordinates": [ 121.004684505167987, 14.656944608727223 ] } },
{ "type": "Feature", "properties": { "name": "Colegio de San Bartolome De Novaliches", "category": "mixed", "amenity": "school", "building": null, "shop": null, "landuse": null }, "geometry": { "type": "Point", "coordinates": [ 121.033791570397966, 14.701300246143788 ] } },
{ "type": "Feature", "properties": { "name": "San Bartolome High School", "category": "mixed", "amenity": "school", "building": null, "shop": null, "landuse": null }, "geometry": { "type": "Point", "coordinates": [ 121.030788833958979, 14.700054158877986 ] } },
{ "type": "Feature", "properties": { "name": "Novaliches District Hospital", "category": "mixed", "amenity": "hospital", "building": null, "shop": null, "landuse": null }, "geometry": { "type": "Point", "coordinates": [ 121.034385066848458, 14.700539217256587 ] } },
{ "type": "Feature", "properties": { "name": "Quezon City Polytechnic University Main Campus", "category": "mixed", "amenity": "university", "building": null, "shop": null, "landuse": "education" }, "geometry": { "type": "Point", "coordinates": [ 121.032610211334244, 14.700361573465775 ] } },
{ "type": "Feature", "properties": { "name": "UP College of Media and Communication", "category": "mixed", "amenity": "college", "building": null, "shop": null, "landuse": null }, "geometry": { "type": "Point", "coordinates": [ 121.064015142470225, 14.656510104170779 ] } },
{ "type": "Feature", "properties": { "name": "St. Theresa's College Quezon City", "category": "mixed", "amenity": "school", "building": null, "shop": null, "landuse": null }, "geometry": { "type": "Point", "coordinates": [ 121.001901929589351, 14.62825226679513 ] } },
{ "type": "Feature", "properties": { "name": "Leandro Locsin Integrated School", "category": "mixed", "amenity": "school", "building": null, "shop": null, "landuse": null }, "geometry": { "type": "Point", "coordinates": [ 121.046357440797095, 14.727862992724491 ] } },
{ "type": "Feature", "properties": { "name": "Carlos P. Romulo Senior High School", "category": "mixed", "amenity": "school", "building": null, "shop": null, "landuse": null }, "geometry": { "type": "Point", "coordinates": [ 121.033759989552223, 14.662777815093886 ] } },
{ "type": "Feature", "properties": { "name": "Nick M. Joaquin Senior High School", "category": "mixed", "amenity": "school", "building": null, "shop": null, "landuse": null }, "geometry": { "type": "Point", "coordinates": [ 121.020264782983844, 14.664881735230344 ] } },
{ "type": "Feature", "properties": { "name": "Toro Hills Elementary School", "category": "mixed", "amenity": "school", "building": null, "shop": null, "landuse": null }, "geometry": { "type": "Point", "coordinates": [ 121.020761043479439, 14.66513733644295 ] } },
{ "type": "Feature", "properties": { "name": "Vito L. Belarmino Senior High School", "category": "mixed", "amenity": "school", "building": null, "shop": null, "landuse": null }, "geometry": { "type": "Point", "coordinates": [ 121.068603632410628, 14.621112536630424 ] } },
{ "type": "Feature", "properties": { "name": "Eugenio M. Lopez Jr. Center for Media Arts Senior High School", "category": "mixed", "amenity": "school", "building": null, "shop": null, "landuse": null }, "geometry": { "type": "Point", "coordinates": [ 121.036501007345265, 14.629036472294938 ] } },
{ "type": "Feature", "properties": { "name": "Kamuning Elementary School", "category": "mixed", "amenity": "school", "building": null, "shop": null, "landuse": null }, "geometry": { "type": "Point", "coordinates": [ 121.037126770276842, 14.629405587554681 ] } },
{ "type": "Feature", "properties": { "name": "Quezon City High School", "category": "mixed", "amenity": "school", "building": null, "shop": null, "landuse": null }, "geometry": { "type": "Point", "coordinates": [ 121.037599125260542, 14.63002360038411 ] } },
{ "type": "Feature", "properties": { "name": "SM North EDSA", "category": "mixed", "amenity": "bus_station", "building": "yes", "shop": null, "landuse": null }, "geometry": { "type": "Point", "coordinates": [ 121.029077012874495, 14.655830862765511 ] } },
{ "type": "Feature", "properties": { "name": "UP College of Music", "category": "mixed", "amenity": "college", "building": null, "shop": null, "landuse": null }, "geometry": { "type": "Point", "coordinates": [ 121.065296396200424, 14.656737215868446 ] } },
{ "type": "Feature", "properties": { "name": "Smart Araneta Coliseum", "category": "mixed", "amenity": null, "building": "yes", "shop": null, "landuse": null }, "geometry": { "type": "Point", "coordinates": [ 121.053346936034188, 14.620705304045229 ] } },
{ "type": "Feature", "properties": { "name": "Farmers' Plaza", "category": "mixed", "amenity": null, "building": "yes", "shop": "mall", "landuse": null }, "geometry": { "type": "Point", "coordinates": [ 121.051712590030931, 14.620207913300623 ] } },
{ "type": "Feature", "properties": { "name": "City Center", "category": "mixed", "amenity": null, "building": "commercial", "shop": "mall", "landuse": null }, "geometry": { "type": "Point", "coordinates": [ 121.030345756702829, 14.65684356796249 ] } },
{ "type": "Feature", "properties": { "name": "Hi-Top Supermarket", "category": "mixed", "amenity": null, "building": "yes", "shop": "supermarket", "landuse": null }, "geometry": { "type": "Point", "coordinates": [ 121.065860323744332, 14.627711701552965 ] } },
{ "type": "Feature", "properties": { "name": "Ever Gotesco Commonwealth", "category": "mixed", "amenity": null, "building": "yes", "shop": "mall", "landuse": null }, "geometry": { "type": "Point", "coordinates": [ 121.085556840165182, 14.678164688370682 ] } },
{ "type": "Feature", "properties": { "name": "Balara High School", "category": "mixed", "amenity": "school", "building": "yes", "shop": null, "landuse": null }, "geometry": { "type": "Point", "coordinates": [ 121.079064075579836, 14.644569269329555 ] } },
{ "type": "Feature", "properties": { "name": "SM Araneta City", "category": "mixed", "amenity": null, "building": "yes", "shop": "supermarket", "landuse": null }, "geometry": { "type": "Point", "coordinates": [ 121.055636542977595, 14.619183506111716 ] } },
{ "type": "Feature", "properties": { "name": "Ali Mall", "category": "mixed", "amenity": null, "building": "retail", "shop": "mall", "landuse": null }, "geometry": { "type": "Point", "coordinates": [ 121.056643383414453, 14.619726551231119 ] } },
{ "type": "Feature", "properties": { "name": "Senate Electoral Tribunal", "category": "mixed", "amenity": null, "building": "office", "shop": null, "landuse": null }, "geometry": { "type": "Point", "coordinates": [ 121.088691823156324, 14.687777295964809 ] } },
{ "type": "Feature", "properties": { "name": "Department of Human Settlements and Urban Development/Human Settlements Adjudication Commission", "category": "mixed", "amenity": null, "building": "public", "shop": null, "landuse": null }, "geometry": { "type": "Point", "coordinates": [ 121.052034569154102, 14.647800870001557 ] } },
{ "type": "Feature", "properties": { "name": "Fairview Center Mall", "category": "mixed", "amenity": null, "building": "retail", "shop": "mall", "landuse": null }, "geometry": { "type": "Point", "coordinates": [ 121.069003852770194, 14.706066087314102 ] } },
{ "type": "Feature", "properties": { "name": "Commonwealth Wet Market", "category": "mixed", "amenity": null, "building": "yes", "shop": "wet_market", "landuse": null }, "geometry": { "type": "Point", "coordinates": [ 121.086527083409237, 14.695237040519075 ] } },
{ "type": "Feature", "properties": { "name": "Sandiganbayan Centennial Building", "category": "mixed", "amenity": null, "building": "public", "shop": null, "landuse": null }, "geometry": { "type": "Point", "coordinates": [ 121.087738620554163, 14.687495955221864 ] } },
{ "type": "Feature", "properties": { "name": "Loyola Schools", "category": "mixed", "amenity": "college", "building": null, "shop": null, "landuse": null }, "geometry": { "type": "Point", "coordinates": [ 121.076707149495192, 14.639381304898029 ] } },
{ "type": "Feature", "properties": { "name": "Moro Lorenzo Wellness and Sports Center", "category": "mixed", "amenity": null, "building": "yes", "shop": null, "landuse": null }, "geometry": { "type": "Point", "coordinates": [ 121.080468546684997, 14.645509724998462 ] } },
{ "type": "Feature", "properties": { "name": "Ateneo Grade School", "category": "mixed", "amenity": "school", "building": null, "shop": null, "landuse": null }, "geometry": { "type": "Point", "coordinates": [ 121.077874424608751, 14.634053577422627 ] } },
{ "type": "Feature", "properties": { "name": "Quezon City Hall", "category": "mixed", "amenity": "townhall", "building": "public", "shop": null, "landuse": null }, "geometry": { "type": "Point", "coordinates": [ 121.050006914585339, 14.64638024492071 ] } },
{ "type": "Feature", "properties": { "name": "National Kidney and Transplant Institute", "category": "mixed", "amenity": "hospital", "building": "hospital", "shop": null, "landuse": null }, "geometry": { "type": "Point", "coordinates": [ 121.047288931463115, 14.647269212057804 ] } },
{ "type": "Feature", "properties": { "name": "National College of Business and Arts", "category": "mixed", "amenity": "college", "building": null, "shop": null, "landuse": null }, "geometry": { "type": "Point", "coordinates": [ 121.068226895658199, 14.705827129130503 ] } },
{ "type": "Feature", "properties": { "name": "Science Education Complex Field", "category": "mixed", "amenity": null, "building": null, "shop": null, "landuse": null }, "geometry": { "type": "Point", "coordinates": [ 121.077178804797725, 14.638577365737666 ] } },
{ "type": "Feature", "properties": { "name": "Fairview General Hospital", "category": "mixed", "amenity": "hospital", "building": "yes", "shop": null, "landuse": null }, "geometry": { "type": "Point", "coordinates": [ 121.072025230971335, 14.705672786795601 ] } },
{ "type": "Feature", "properties": { "name": "Main Building", "category": "mixed", "amenity": null, "building": "office", "shop": null, "landuse": null }, "geometry": { "type": "Point", "coordinates": [ 121.09678917202514, 14.696551900018157 ] } },
{ "type": "Feature", "properties": { "name": "Philippine Information Agency", "category": "mixed", "amenity": null, "building": "public", "shop": null, "landuse": null }, "geometry": { "type": "Point", "coordinates": [ 121.045908556865925, 14.655127839312383 ] } },
{ "type": "Feature", "properties": { "name": "National Defense College of the Philippines", "category": "mixed", "amenity": "college", "building": "yes", "shop": null, "landuse": null }, "geometry": { "type": "Point", "coordinates": [ 121.067937511514828, 14.609345595220153 ] } },
{ "type": "Feature", "properties": { "name": "General Headquarters Building", "category": "mixed", "amenity": null, "building": "office", "shop": null, "landuse": null }, "geometry": { "type": "Point", "coordinates": [ 121.06383950583897, 14.608239932249431 ] } },
{ "type": "Feature", "properties": { "name": "Department of National Defense", "category": "mixed", "amenity": null, "building": "yes", "shop": null, "landuse": null }, "geometry": { "type": "Point", "coordinates": [ 121.064876501878217, 14.610723470102547 ] } },
{ "type": "Feature", "properties": { "name": "National Irrigation Administration", "category": "mixed", "amenity": null, "building": "office", "shop": null, "landuse": null }, "geometry": { "type": "Point", "coordinates": [ 121.042909027868475, 14.638258882526497 ] } },
{ "type": "Feature", "properties": { "name": null, "category": "mixed", "amenity": null, "building": "yes", "shop": null, "landuse": null }, "geometry": { "type": "Point", "coordinates": [ 121.041668136734629, 14.63920845754078 ] } },
{ "type": "Feature", "properties": { "name": "Ateneo de Manila High School", "category": "mixed", "amenity": "school", "building": null, "shop": null, "landuse": null }, "geometry": { "type": "Point", "coordinates": [ 121.081485832614405, 14.644371922651786 ] } },
{ "type": "Feature", "properties": { "name": "Ford Libis", "category": "mixed", "amenity": null, "building": "yes", "shop": "car", "landuse": null }, "geometry": { "type": "Point", "coordinates": [ 121.078298904608005, 14.608437188811457 ] } },
{ "type": "Feature", "properties": { "name": "National Housing Authority", "category": "mixed", "amenity": null, "building": "yes", "shop": null, "landuse": null }, "geometry": { "type": "Point", "coordinates": [ 121.052613830741237, 14.649390505030629 ] } },
{ "type": "Feature", "properties": { "name": "Saint Pedro Poveda College", "category": "mixed", "amenity": "college", "building": null, "shop": null, "landuse": null }, "geometry": { "type": "Point", "coordinates": [ 121.058611244421101, 14.590130562702212 ] } },
{ "type": "Feature", "properties": { "name": "Sunken Garden", "category": "mixed", "amenity": null, "building": null, "shop": null, "landuse": null }, "geometry": { "type": "Point", "coordinates": [ 121.072245579831502, 14.655038831225021 ] } },
{ "type": "Feature", "properties": { "name": null, "category": "mixed", "amenity": null, "building": null, "shop": null, "landuse": null }, "geometry": { "type": "Point", "coordinates": [ 121.06045244556725, 14.646982876278352 ] } },
{ "type": "Feature", "properties": { "name": "UP Tennis Club", "category": "mixed", "amenity": null, "building": null, "shop": null, "landuse": null }, "geometry": { "type": "Point", "coordinates": [ 121.067859099841897, 14.656409850671393 ] } },
{ "type": "Feature", "properties": { "name": "Vargas Museum", "category": "mixed", "amenity": null, "building": "yes", "shop": null, "landuse": null }, "geometry": { "type": "Point", "coordinates": [ 121.066811299997454, 14.653318250009441 ] } },
{ "type": "Feature", "properties": { "name": "College of Arts and Letters", "category": "mixed", "amenity": "college", "building": "yes", "shop": null, "landuse": null }, "geometry": { "type": "Point", "coordinates": [ 121.067430408022304, 14.652642823701264 ] } },
{ "type": "Feature", "properties": { "name": "National Book Store Superstore", "category": "mixed", "amenity": null, "building": "yes", "shop": "books", "landuse": null }, "geometry": { "type": "Point", "coordinates": [ 121.052600053440273, 14.621619895198751 ] } },
{ "type": "Feature", "properties": { "name": "Gateway Mall", "category": "mixed", "amenity": null, "building": "commercial", "shop": "mall", "landuse": null }, "geometry": { "type": "Point", "coordinates": [ 121.052845387045906, 14.621609654794158 ] } },
{ "type": "Feature", "properties": { "name": "Robinsons Galleria", "category": "mixed", "amenity": null, "building": "retail", "shop": "mall", "landuse": null }, "geometry": { "type": "Point", "coordinates": [ 121.059643133838648, 14.591111701999813 ] } },
{ "type": "Feature", "properties": { "name": "GMA Kamuning", "category": "mixed", "amenity": null, "building": "transportation", "shop": null, "landuse": null }, "geometry": { "type": "Point", "coordinates": [ 121.043315448357276, 14.635311296374658 ] } },
{ "type": "Feature", "properties": { "name": "Muñoz Market", "category": "mixed", "amenity": "marketplace", "building": "retail", "shop": null, "landuse": null }, "geometry": { "type": "Point", "coordinates": [ 121.019995374554497, 14.657016110948989 ] } },
{ "type": "Feature", "properties": { "name": "Fisher Mall Quezon Avenue", "category": "mixed", "amenity": null, "building": "retail", "shop": "mall", "landuse": null }, "geometry": { "type": "Point", "coordinates": [ 121.019234977822023, 14.633662996990727 ] } },
{ "type": "Feature", "properties": { "name": "Benitez Hall", "category": "mixed", "amenity": "college", "building": "yes", "shop": null, "landuse": null }, "geometry": { "type": "Point", "coordinates": [ 121.072144284471946, 14.653486730247888 ] } },
{ "type": "Feature", "properties": { "name": "Dangerous Drugs Board", "category": "mixed", "amenity": null, "building": "office", "shop": null, "landuse": null }, "geometry": { "type": "Point", "coordinates": [ 121.042604136055317, 14.639589003852503 ] } },
{ "type": "Feature", "properties": { "name": "Department of Agriculture (Central Office)", "category": "mixed", "amenity": null, "building": "yes", "shop": null, "landuse": null }, "geometry": { "type": "Point", "coordinates": [ 121.046067199387167, 14.653547766014897 ] } },
{ "type": "Feature", "properties": { "name": "Santo Cristo Elementary School", "category": "mixed", "amenity": "school", "building": null, "shop": null, "landuse": null }, "geometry": { "type": "Point", "coordinates": [ 121.028668663641952, 14.661220738731783 ] } },
{ "type": "Feature", "properties": { "name": "Quezon Institute", "category": "mixed", "amenity": "hospital", "building": "yes", "shop": null, "landuse": null }, "geometry": { "type": "Point", "coordinates": [ 121.013134270820188, 14.617696779108535 ] } },
{ "type": "Feature", "properties": { "name": "University of Santo Tomas - Angelicum College", "category": "mixed", "amenity": "college", "building": null, "shop": null, "landuse": null }, "geometry": { "type": "Point", "coordinates": [ 121.009726926826218, 14.626674973466391 ] } },
{ "type": "Feature", "properties": { "name": "Galas Public Market", "category": "mixed", "amenity": "marketplace", "building": null, "shop": null, "landuse": "retail" }, "geometry": { "type": "Point", "coordinates": [ 121.009644951486081, 14.612645830001235 ] } },
{ "type": "Feature", "properties": { "name": "Social Security System", "category": "mixed", "amenity": null, "building": "yes", "shop": null, "landuse": null }, "geometry": { "type": "Point", "coordinates": [ 121.045331709419273, 14.636647839840858 ] } },
{ "type": "Feature", "properties": { "name": "SM City Santa Mesa", "category": "mixed", "amenity": null, "building": null, "shop": "mall", "landuse": "retail" }, "geometry": { "type": "Point", "coordinates": [ 121.018844236082487, 14.604262533774341 ] } },
{ "type": "Feature", "properties": { "name": "University of the East - Ramon Magsaysay Memorial Medical Center", "category": "mixed", "amenity": "hospital", "building": "yes", "shop": null, "landuse": null }, "geometry": { "type": "Point", "coordinates": [ 121.020609307836494, 14.606657129659858 ] } },
{ "type": "Feature", "properties": { "name": null, "category": "mixed", "amenity": null, "building": "office", "shop": null, "landuse": null }, "geometry": { "type": "Point", "coordinates": [ 121.088823943507535, 14.688182864629381 ] } },
{ "type": "Feature", "properties": { "name": "Commission on Audit", "category": "mixed", "amenity": null, "building": "office", "shop": null, "landuse": null }, "geometry": { "type": "Point", "coordinates": [ 121.088289937049197, 14.68971743877489 ] } },
{ "type": "Feature", "properties": { "name": "Commission on Audit Region IV-A", "category": "mixed", "amenity": null, "building": "office", "shop": null, "landuse": null }, "geometry": { "type": "Point", "coordinates": [ 121.087840697829662, 14.690586774688464 ] } },
{ "type": "Feature", "properties": { "name": "Batasang Pambansa Complex", "category": "mixed", "amenity": null, "building": null, "shop": null, "landuse": "institutional" }, "geometry": { "type": "Point", "coordinates": [ 121.094537824743426, 14.693382009734234 ] } },
{ "type": "Feature", "properties": { "name": "Marine Science Institute", "category": "mixed", "amenity": "university", "building": null, "shop": null, "landuse": null }, "geometry": { "type": "Point", "coordinates": [ 121.069112822491448, 14.65067084178496 ] } },
{ "type": "Feature", "properties": { "name": "St. Luke's College of Medicine William H. Quasha Memorial", "category": "mixed", "amenity": "college", "building": "college", "shop": null, "landuse": null }, "geometry": { "type": "Point", "coordinates": [ 121.023040596479106, 14.623928317822216 ] } },
{ "type": "Feature", "properties": { "name": "Ninoy Aquino Parks & Wildlife Center", "category": "mixed", "amenity": null, "building": null, "shop": null, "landuse": null }, "geometry": { "type": "Point", "coordinates": [ 121.043736213645815, 14.650729386873806 ] } },
{ "type": "Feature", "properties": { "name": "Norberto S. Amoranto Park", "category": "mixed", "amenity": null, "building": null, "shop": null, "landuse": null }, "geometry": { "type": "Point", "coordinates": [ 120.995551034571179, 14.630117477494512 ] } },
{ "type": "Feature", "properties": { "name": "Doña Josefa Barangay Hall", "category": "mixed", "amenity": "townhall", "building": "yes", "shop": null, "landuse": null }, "geometry": { "type": "Point", "coordinates": [ 121.005041615359588, 14.618992217494178 ] } },
{ "type": "Feature", "properties": { "name": "UP School of Urban and Regional Planning", "category": "mixed", "amenity": "college", "building": null, "shop": null, "landuse": null }, "geometry": { "type": "Point", "coordinates": [ 121.062903851939566, 14.657161757775524 ] } },
{ "type": "Feature", "properties": { "name": "Robinson's Supermarket", "category": "mixed", "amenity": null, "building": null, "shop": "supermarket", "landuse": "retail" }, "geometry": { "type": "Point", "coordinates": [ 121.037866547472021, 14.671008716549398 ] } },
{ "type": "Feature", "properties": { "name": "Sisters of Mount Carmel Catholic School inc. Quezon City", "category": "mixed", "amenity": "school", "building": null, "shop": null, "landuse": null }, "geometry": { "type": "Point", "coordinates": [ 121.070497319726513, 14.696021647386539 ] } },
{ "type": "Feature", "properties": { "name": "Cubao Elementary School", "category": "mixed", "amenity": "school", "building": null, "shop": null, "landuse": null }, "geometry": { "type": "Point", "coordinates": [ 121.050939799481966, 14.62258855256732 ] } },
{ "type": "Feature", "properties": { "name": "Stella Maris College", "category": "mixed", "amenity": "college", "building": null, "shop": null, "landuse": null }, "geometry": { "type": "Point", "coordinates": [ 121.053805680069416, 14.624703222577649 ] } },
{ "type": "Feature", "properties": { "name": "Gateway Mall", "category": "mixed", "amenity": null, "building": "commercial", "shop": "mall", "landuse": null }, "geometry": { "type": "Point", "coordinates": [ 121.053212790894804, 14.619795111915135 ] } },
{ "type": "Feature", "properties": { "name": "St. John of Beverly", "category": "mixed", "amenity": "school", "building": null, "shop": null, "landuse": null }, "geometry": { "type": "Point", "coordinates": [ 121.037340113992528, 14.705908308037625 ] } },
{ "type": "Feature", "properties": { "name": "Novaliches General Hospital", "category": "mixed", "amenity": "hospital", "building": null, "shop": null, "landuse": null }, "geometry": { "type": "Point", "coordinates": [ 121.038834558777879, 14.709509730624731 ] } },
{ "type": "Feature", "properties": { "name": "Philippine School of Business Administration", "category": "mixed", "amenity": "college", "building": null, "shop": null, "landuse": null }, "geometry": { "type": "Point", "coordinates": [ 121.073032581023455, 14.629570625347034 ] } },
{ "type": "Feature", "properties": { "name": null, "category": "mixed", "amenity": null, "building": null, "shop": null, "landuse": null }, "geometry": { "type": "Point", "coordinates": [ 121.066736145632021, 14.634936344495316 ] } },
{ "type": "Feature", "properties": { "name": "A & S Home Builders", "category": "mixed", "amenity": null, "building": "yes", "shop": "furniture", "landuse": null }, "geometry": { "type": "Point", "coordinates": [ 121.061991633140494, 14.626852050105489 ] } },
{ "type": "Feature", "properties": { "name": "Juan Sumulong High School", "category": "mixed", "amenity": "school", "building": null, "shop": null, "landuse": null }, "geometry": { "type": "Point", "coordinates": [ 121.061336452040365, 14.62197977586986 ] } },
{ "type": "Feature", "properties": { "name": "Teodora Alonzo Elementary School", "category": "mixed", "amenity": "school", "building": null, "shop": null, "landuse": null }, "geometry": { "type": "Point", "coordinates": [ 121.069585230485913, 14.625503447280169 ] } },
{ "type": "Feature", "properties": { "name": "Camerino Park", "category": "mixed", "amenity": null, "building": null, "shop": null, "landuse": null }, "geometry": { "type": "Point", "coordinates": [ 121.069010587804598, 14.625391177676905 ] } },
{ "type": "Feature", "properties": { "name": "Miriam College", "category": "mixed", "amenity": "college", "building": null, "shop": null, "landuse": null }, "geometry": { "type": "Point", "coordinates": [ 121.076995187588381, 14.643841681821366 ] } },
{ "type": "Feature", "properties": { "name": "Bulwagang Pambarangay ng Marilag", "category": "mixed", "amenity": "townhall", "building": "civic", "shop": null, "landuse": null }, "geometry": { "type": "Point", "coordinates": [ 121.068916099995633, 14.625651300008492 ] } },
{ "type": "Feature", "properties": { "name": "Save More Market", "category": "mixed", "amenity": null, "building": "yes", "shop": "supermarket", "landuse": null }, "geometry": { "type": "Point", "coordinates": [ 121.069146196088582, 14.62287306153199 ] } },
{ "type": "Feature", "properties": { "name": "Bulwagang Pambarangay ng Bagumbuhay", "category": "mixed", "amenity": "townhall", "building": "civic", "shop": null, "landuse": null }, "geometry": { "type": "Point", "coordinates": [ 121.065199264002885, 14.624230645760335 ] } },
{ "type": "Feature", "properties": { "name": "Holy Angels Montessori School", "category": "mixed", "amenity": "school", "building": "yes", "shop": null, "landuse": null }, "geometry": { "type": "Point", "coordinates": [ 121.069257748993877, 14.624042866015134 ] } },
{ "type": "Feature", "properties": { "name": "MTD Ko-op Mart", "category": "mixed", "amenity": "marketplace", "building": "yes", "shop": "supermarket", "landuse": null }, "geometry": { "type": "Point", "coordinates": [ 121.068220750000449, 14.622768849997426 ] } },
{ "type": "Feature", "properties": { "name": "Technological Institute of the Philippines", "category": "mixed", "amenity": "college", "building": null, "shop": null, "landuse": null }, "geometry": { "type": "Point", "coordinates": [ 121.062030940818474, 14.625653025480304 ] } },
{ "type": "Feature", "properties": { "name": "15th Avenue Elementary School", "category": "mixed", "amenity": "school", "building": null, "shop": null, "landuse": null }, "geometry": { "type": "Point", "coordinates": [ 121.057925564767032, 14.621369200176844 ] } },
{ "type": "Feature", "properties": { "name": "Novaliches Plaza Mall", "category": "mixed", "amenity": null, "building": "yes", "shop": "department_store", "landuse": null }, "geometry": { "type": "Point", "coordinates": [ 121.040248010675839, 14.721434752851808 ] } },
{ "type": "Feature", "properties": { "name": "Hi-Top Supermarket", "category": "mixed", "amenity": null, "building": "yes", "shop": "supermarket", "landuse": "retail" }, "geometry": { "type": "Point", "coordinates": [ 121.035412462540464, 14.64230352859771 ] } },
{ "type": "Feature", "properties": { "name": "Philippine Drug Enforcement Agency", "category": "mixed", "amenity": null, "building": null, "shop": null, "landuse": "commercial" }, "geometry": { "type": "Point", "coordinates": [ 121.042554077239672, 14.639740684710164 ] } },
{ "type": "Feature", "properties": { "name": "Wilcon Depot", "category": "mixed", "amenity": null, "building": "retail", "shop": "doityourself", "landuse": null }, "geometry": { "type": "Point", "coordinates": [ 121.080770375755804, 14.596966874120522 ] } },
{ "type": "Feature", "properties": { "name": "SM City Fairview", "category": "mixed", "amenity": null, "building": null, "shop": "mall", "landuse": "retail" }, "geometry": { "type": "Point", "coordinates": [ 121.058434442211336, 14.733469784127983 ] } },
{ "type": "Feature", "properties": { "name": "Saint Anthony", "category": "mixed", "amenity": "school", "building": null, "shop": null, "landuse": null }, "geometry": { "type": "Point", "coordinates": [ 121.066945830187379, 14.734304322821934 ] } },
{ "type": "Feature", "properties": { "name": "Savemore Market", "category": "mixed", "amenity": null, "building": "yes", "shop": "supermarket", "landuse": null }, "geometry": { "type": "Point", "coordinates": [ 121.044168421356318, 14.675733246223459 ] } },
{ "type": "Feature", "properties": { "name": "Tandang Sora Market", "category": "mixed", "amenity": "marketplace", "building": "yes", "shop": null, "landuse": null }, "geometry": { "type": "Point", "coordinates": [ 121.043322772023046, 14.675890626195059 ] } },
{ "type": "Feature", "properties": { "name": "Puregold", "category": "mixed", "amenity": null, "building": "yes", "shop": "supermarket", "landuse": null }, "geometry": { "type": "Point", "coordinates": [ 121.04400231736949, 14.67547321090316 ] } },
{ "type": "Feature", "properties": { "name": "Acelina Montessori School", "category": "mixed", "amenity": "school", "building": null, "shop": null, "landuse": null }, "geometry": { "type": "Point", "coordinates": [ 121.046394799998481, 14.685097300011003 ] } },
{ "type": "Feature", "properties": { "name": "DA-ICTS", "category": "mixed", "amenity": null, "building": "yes", "shop": null, "landuse": null }, "geometry": { "type": "Point", "coordinates": [ 121.045910617598167, 14.654190897941902 ] } },
{ "type": "Feature", "properties": { "name": "Department of Environment and Natural Resources", "category": "mixed", "amenity": null, "building": null, "shop": null, "landuse": "commercial" }, "geometry": { "type": "Point", "coordinates": [ 121.044741744215287, 14.655918419391158 ] } },
{ "type": "Feature", "properties": { "name": "Katipunan Basketball Court", "category": "mixed", "amenity": null, "building": null, "shop": null, "landuse": null }, "geometry": { "type": "Point", "coordinates": [ 121.017450169419931, 14.655733987897003 ] } },
{ "type": "Feature", "properties": { "name": "Philippine Atmospheric, Geophysical, and Astronomical Services Administration", "category": "mixed", "amenity": null, "building": null, "shop": null, "landuse": null }, "geometry": { "type": "Point", "coordinates": [ 121.044209660538854, 14.64420958972496 ] } },
{ "type": "Feature", "properties": { "name": "PETROLAB", "category": "mixed", "amenity": null, "building": "office", "shop": null, "landuse": null }, "geometry": { "type": "Point", "coordinates": [ 121.04425717486518, 14.653380831079293 ] } },
{ "type": "Feature", "properties": { "name": "Barangay Mariana Park", "category": "mixed", "amenity": null, "building": null, "shop": null, "landuse": null }, "geometry": { "type": "Point", "coordinates": [ 121.028806795906192, 14.623061227327529 ] } },
{ "type": "Feature", "properties": { "name": "Philippine Science High School Main Campus", "category": "mixed", "amenity": "school", "building": null, "shop": null, "landuse": null }, "geometry": { "type": "Point", "coordinates": [ 121.040355794395424, 14.650767649052346 ] } },
{ "type": "Feature", "properties": { "name": "Puregold", "category": "mixed", "amenity": null, "building": "retail", "shop": "supermarket", "landuse": null }, "geometry": { "type": "Point", "coordinates": [ 121.051518823828644, 14.621339047934043 ] } },
{ "type": "Feature", "properties": { "name": "Camp General E. Aguinaldo High School", "category": "mixed", "amenity": "school", "building": null, "shop": null, "landuse": null }, "geometry": { "type": "Point", "coordinates": [ 121.064812439159837, 14.612640865720497 ] } },
{ "type": "Feature", "properties": { "name": "Council for the Welfare of Children", "category": "mixed", "amenity": null, "building": null, "shop": null, "landuse": "commercial" }, "geometry": { "type": "Point", "coordinates": [ 121.002538860561188, 14.620008182096466 ] } },
{ "type": "Feature", "properties": { "name": "Suki Market", "category": "mixed", "amenity": "marketplace", "building": null, "shop": null, "landuse": null }, "geometry": { "type": "Point", "coordinates": [ 120.999515738395658, 14.623105222866911 ] } },
{ "type": "Feature", "properties": { "name": "New Collosal Auto Parts Sales", "category": "mixed", "amenity": null, "building": null, "shop": "car", "landuse": null }, "geometry": { "type": "Point", "coordinates": [ 120.995940330124256, 14.649732530749912 ] } },
{ "type": "Feature", "properties": { "name": "Diosdado P. Macapagal Elementary School", "category": "mixed", "amenity": "school", "building": null, "shop": null, "landuse": null }, "geometry": { "type": "Point", "coordinates": [ 121.012450371643084, 14.622494120523928 ] } },
{ "type": "Feature", "properties": { "name": "Dr. Josefa Jara Martinez High School", "category": "mixed", "amenity": "school", "building": null, "shop": null, "landuse": null }, "geometry": { "type": "Point", "coordinates": [ 121.012999611905244, 14.621845647848881 ] } },
{ "type": "Feature", "properties": { "name": "Eulogio Rodriguez Jr. High School", "category": "mixed", "amenity": "school", "building": null, "shop": null, "landuse": null }, "geometry": { "type": "Point", "coordinates": [ 120.994560439197443, 14.632701692856944 ] } },
{ "type": "Feature", "properties": { "name": "PCA Building", "category": "mixed", "amenity": null, "building": "yes", "shop": null, "landuse": null }, "geometry": { "type": "Point", "coordinates": [ 121.052310368297697, 14.653805763659072 ] } },
{ "type": "Feature", "properties": { "name": "Social Security System", "category": "mixed", "amenity": null, "building": null, "shop": null, "landuse": "commercial" }, "geometry": { "type": "Point", "coordinates": [ 121.047426910920223, 14.639717328094532 ] } },
{ "type": "Feature", "properties": { "name": "Manuel L. Quezon University Diliman Campus", "category": "mixed", "amenity": "university", "building": null, "shop": null, "landuse": "commercial" }, "geometry": { "type": "Point", "coordinates": [ 121.044107422767226, 14.635807810293237 ] } },
{ "type": "Feature", "properties": { "name": "Halili-Cruz School of Ballet", "category": "mixed", "amenity": "school", "building": null, "shop": null, "landuse": null }, "geometry": { "type": "Point", "coordinates": [ 121.024203400118054, 14.636525700040071 ] } },
{ "type": "Feature", "properties": { "name": "People's Park", "category": "mixed", "amenity": null, "building": null, "shop": null, "landuse": null }, "geometry": { "type": "Point", "coordinates": [ 121.015128022417386, 14.629225719311096 ] } },
{ "type": "Feature", "properties": { "name": "Savemore Market", "category": "mixed", "amenity": null, "building": "retail", "shop": "supermarket", "landuse": null }, "geometry": { "type": "Point", "coordinates": [ 121.047125499955541, 14.629220350055471 ] } },
{ "type": "Feature", "properties": { "name": "Baliwag Transit Cubao", "category": "mixed", "amenity": "bus_station", "building": null, "shop": null, "landuse": null }, "geometry": { "type": "Point", "coordinates": [ 121.049374252041289, 14.624533357184516 ] } },
{ "type": "Feature", "properties": { "name": "SSS Cubao", "category": "mixed", "amenity": null, "building": "commercial", "shop": null, "landuse": null }, "geometry": { "type": "Point", "coordinates": [ 121.051733834679339, 14.618808111957879 ] } },
{ "type": "Feature", "properties": { "name": "Saint Jude Transit", "category": "mixed", "amenity": "bus_station", "building": null, "shop": null, "landuse": null }, "geometry": { "type": "Point", "coordinates": [ 121.05411973469208, 14.611873316761685 ] } },
{ "type": "Feature", "properties": { "name": "GSIS Quezon City", "category": "mixed", "amenity": null, "building": null, "shop": null, "landuse": "commercial" }, "geometry": { "type": "Point", "coordinates": [ 121.052820588332452, 14.651605718752363 ] } },
{ "type": "Feature", "properties": { "name": "PAGASA Weather Center", "category": "mixed", "amenity": null, "building": null, "shop": null, "landuse": "commercial" }, "geometry": { "type": "Point", "coordinates": [ 121.044293685793448, 14.641556274786948 ] } },
{ "type": "Feature", "properties": { "name": "Bureau of Internal Revenue", "category": "mixed", "amenity": null, "building": null, "shop": null, "landuse": "commercial" }, "geometry": { "type": "Point", "coordinates": [ 121.042908318028907, 14.642400217542276 ] } },
{ "type": "Feature", "properties": { "name": "Land Transportation Office", "category": "mixed", "amenity": null, "building": null, "shop": null, "landuse": "commercial" }, "geometry": { "type": "Point", "coordinates": [ 121.046458474366773, 14.635284819832993 ] } },
{ "type": "Feature", "properties": { "name": "UP Wet & Dry Market", "category": "mixed", "amenity": "marketplace", "building": "yes", "shop": null, "landuse": null }, "geometry": { "type": "Point", "coordinates": [ 121.052834749894245, 14.654260700041515 ] } },
{ "type": "Feature", "properties": { "name": "Commission on Higher Education", "category": "mixed", "amenity": null, "building": null, "shop": null, "landuse": "commercial" }, "geometry": { "type": "Point", "coordinates": [ 121.058121004332349, 14.653632388644539 ] } },
{ "type": "Feature", "properties": { "name": "Armed Forces of the Philippines Medical Center", "category": "mixed", "amenity": "hospital", "building": null, "shop": null, "landuse": null }, "geometry": { "type": "Point", "coordinates": [ 121.051882409530251, 14.634885203515298 ] } },
{ "type": "Feature", "properties": { "name": "Gilmore IT Center", "category": "mixed", "amenity": null, "building": "commercial", "shop": "computer", "landuse": null }, "geometry": { "type": "Point", "coordinates": [ 121.035265366273094, 14.613524499820569 ] } },
{ "type": "Feature", "properties": { "name": "Remedios C. Samala Park", "category": "mixed", "amenity": null, "building": null, "shop": null, "landuse": null }, "geometry": { "type": "Point", "coordinates": [ 121.030735055464405, 14.643098032713061 ] } },
{ "type": "Feature", "properties": { "name": null, "category": "mixed", "amenity": null, "building": "yes", "shop": null, "landuse": null }, "geometry": { "type": "Point", "coordinates": [ 121.030649350697473, 14.643046981634564 ] } },
{ "type": "Feature", "properties": { "name": "West Triangle Barangay Hall", "category": "mixed", "amenity": "townhall", "building": "public", "shop": null, "landuse": null }, "geometry": { "type": "Point", "coordinates": [ 121.030381704337373, 14.64358096314416 ] } },
{ "type": "Feature", "properties": { "name": null, "category": "mixed", "amenity": null, "building": null, "shop": null, "landuse": null }, "geometry": { "type": "Point", "coordinates": [ 121.029594205534295, 14.643994601615464 ] } },
{ "type": "Feature", "properties": { "name": "SM City Novaliches", "category": "mixed", "amenity": null, "building": "retail", "shop": "mall", "landuse": null }, "geometry": { "type": "Point", "coordinates": [ 121.037372836080621, 14.70809225058613 ] } },
{ "type": "Feature", "properties": { "name": "St. Mary's College of Quezon City", "category": "mixed", "amenity": "college", "building": null, "shop": null, "landuse": null }, "geometry": { "type": "Point", "coordinates": [ 121.025236818354202, 14.634484284612254 ] } },
{ "type": "Feature", "properties": { "name": "Department of Agrarian Reform", "category": "mixed", "amenity": null, "building": "yes", "shop": null, "landuse": null }, "geometry": { "type": "Point", "coordinates": [ 121.050065111705379, 14.654788133892245 ] } },
{ "type": "Feature", "properties": { "name": "East Avenue Medical Center", "category": "mixed", "amenity": "hospital", "building": null, "shop": null, "landuse": null }, "geometry": { "type": "Point", "coordinates": [ 121.047928526847329, 14.641903262967913 ] } },
{ "type": "Feature", "properties": { "name": "Philippine Heart Center", "category": "mixed", "amenity": "hospital", "building": null, "shop": null, "landuse": null }, "geometry": { "type": "Point", "coordinates": [ 121.048407524360044, 14.643932040546598 ] } },
{ "type": "Feature", "properties": { "name": "Fairview Baptist Academy", "category": "mixed", "amenity": "school", "building": null, "shop": null, "landuse": null }, "geometry": { "type": "Point", "coordinates": [ 121.075105870570297, 14.704595943825495 ] } },
{ "type": "Feature", "properties": { "name": "Shopwise", "category": "mixed", "amenity": null, "building": "commercial", "shop": "supermarket", "landuse": null }, "geometry": { "type": "Point", "coordinates": [ 121.081702557034831, 14.677015883962241 ] } },
{ "type": "Feature", "properties": { "name": "Falcon Learning Center", "category": "mixed", "amenity": "school", "building": null, "shop": null, "landuse": null }, "geometry": { "type": "Point", "coordinates": [ 121.061257350014174, 14.699943149934695 ] } },
{ "type": "Feature", "properties": { "name": "Hope Christian Academy", "category": "mixed", "amenity": "school", "building": null, "shop": null, "landuse": null }, "geometry": { "type": "Point", "coordinates": [ 121.063506049991446, 14.699932250035921 ] } },
{ "type": "Feature", "properties": { "name": "North Fairview Elementary School", "category": "mixed", "amenity": "school", "building": null, "shop": null, "landuse": null }, "geometry": { "type": "Point", "coordinates": [ 121.06597582901783, 14.708515876835763 ] } },
{ "type": "Feature", "properties": { "name": "North Fairview High School", "category": "mixed", "amenity": "school", "building": null, "shop": null, "landuse": null }, "geometry": { "type": "Point", "coordinates": [ 121.066143288205112, 14.70926634767299 ] } },
{ "type": "Feature", "properties": { "name": "Fairview Elementary School", "category": "mixed", "amenity": "school", "building": null, "shop": null, "landuse": null }, "geometry": { "type": "Point", "coordinates": [ 121.066694287818905, 14.70890592617023 ] } },
{ "type": "Feature", "properties": { "name": "Berkeley Square", "category": "mixed", "amenity": null, "building": null, "shop": "mall", "landuse": "retail" }, "geometry": { "type": "Point", "coordinates": [ 121.068550995901731, 14.663026434073576 ] } },
{ "type": "Feature", "properties": { "name": "Puregold Commonwealth", "category": "mixed", "amenity": null, "building": "yes", "shop": "supermarket", "landuse": null }, "geometry": { "type": "Point", "coordinates": [ 121.071259705248636, 14.667030247872686 ] } },
{ "type": "Feature", "properties": { "name": "General Malvar Hospital", "category": "mixed", "amenity": "hospital", "building": "hospital", "shop": null, "landuse": null }, "geometry": { "type": "Point", "coordinates": [ 121.072639104439261, 14.667616682800487 ] } },
{ "type": "Feature", "properties": { "name": "Good Shepherd Cathedral School", "category": "mixed", "amenity": "school", "building": null, "shop": null, "landuse": null }, "geometry": { "type": "Point", "coordinates": [ 121.066725846555158, 14.697599818389449 ] } },
{ "type": "Feature", "properties": { "name": "Blessed Scalabrian Institute", "category": "mixed", "amenity": "school", "building": null, "shop": null, "landuse": null }, "geometry": { "type": "Point", "coordinates": [ 121.065128000017552, 14.697507049899503 ] } },
{ "type": "Feature", "properties": { "name": "Achievers Academy of QC", "category": "mixed", "amenity": "school", "building": null, "shop": null, "landuse": null }, "geometry": { "type": "Point", "coordinates": [ 121.05951202439563, 14.699735358658755 ] } },
{ "type": "Feature", "properties": { "name": "Active Thinkers Child Development Center", "category": "mixed", "amenity": "school", "building": null, "shop": null, "landuse": null }, "geometry": { "type": "Point", "coordinates": [ 121.059707913774133, 14.698627525298464 ] } },
{ "type": "Feature", "properties": { "name": "St. Augustine School of Nursing", "category": "mixed", "amenity": "school", "building": null, "shop": null, "landuse": null }, "geometry": { "type": "Point", "coordinates": [ 121.033073199977494, 14.650246200027576 ] } },
{ "type": "Feature", "properties": { "name": "Philippine Institute of Quezon City", "category": "mixed", "amenity": "school", "building": null, "shop": null, "landuse": null }, "geometry": { "type": "Point", "coordinates": [ 121.008869650076207, 14.618822399867637 ] } },
{ "type": "Feature", "properties": { "name": "Veterans Memorial Medical Center", "category": "mixed", "amenity": "hospital", "building": null, "shop": null, "landuse": null }, "geometry": { "type": "Point", "coordinates": [ 121.04009839637213, 14.65628851702407 ] } },
{ "type": "Feature", "properties": { "name": "Bago Bantay Elementary School", "category": "mixed", "amenity": "school", "building": null, "shop": null, "landuse": null }, "geometry": { "type": "Point", "coordinates": [ 121.022977645158846, 14.66036991059908 ] } },
{ "type": "Feature", "properties": { "name": "Asian Institute of Tourism", "category": "mixed", "amenity": "college", "building": null, "shop": null, "landuse": null }, "geometry": { "type": "Point", "coordinates": [ 121.061269184596881, 14.660496264200837 ] } },
{ "type": "Feature", "properties": { "name": "Philippine Social Science Institute", "category": "mixed", "amenity": "college", "building": null, "shop": null, "landuse": null }, "geometry": { "type": "Point", "coordinates": [ 121.062364697004085, 14.660950022340344 ] } },
{ "type": "Feature", "properties": { "name": "Department of Agriculture", "category": "mixed", "amenity": null, "building": null, "shop": null, "landuse": "commercial" }, "geometry": { "type": "Point", "coordinates": [ 121.046051125352591, 14.653500257772563 ] } },
{ "type": "Feature", "properties": { "name": "Sugar Regulatory Administration", "category": "mixed", "amenity": null, "building": "yes", "shop": null, "landuse": null }, "geometry": { "type": "Point", "coordinates": [ 121.043580749905061, 14.653427965106934 ] } },
{ "type": "Feature", "properties": { "name": "Santolan-Annapolis", "category": "mixed", "amenity": null, "building": "yes", "shop": null, "landuse": null }, "geometry": { "type": "Point", "coordinates": [ 121.056496974481846, 14.607752156554684 ] } },
{ "type": "Feature", "properties": { "name": "New Era General Hospital", "category": "mixed", "amenity": "hospital", "building": null, "shop": null, "landuse": null }, "geometry": { "type": "Point", "coordinates": [ 121.066687324075929, 14.664240144079679 ] } },
{ "type": "Feature", "properties": { "name": "Philippine Statistics Authority", "category": "mixed", "amenity": null, "building": null, "shop": null, "landuse": "commercial" }, "geometry": { "type": "Point", "coordinates": [ 121.045384120408343, 14.639069937748907 ] } },
{ "type": "Feature", "properties": { "name": "Jose Fabella Memorial Hospital Annex", "category": "mixed", "amenity": "hospital", "building": null, "shop": null, "landuse": null }, "geometry": { "type": "Point", "coordinates": [ 121.043541451394688, 14.646913667055884 ] } },
{ "type": "Feature", "properties": { "name": "Bangko Sentral ng Pilipinas (Printing Machinery)", "category": "mixed", "amenity": null, "building": "yes", "shop": null, "landuse": null }, "geometry": { "type": "Point", "coordinates": [ 121.046116585567361, 14.643035438706479 ] } },
{ "type": "Feature", "properties": { "name": "Office of the Ombudsman", "category": "mixed", "amenity": null, "building": null, "shop": null, "landuse": "commercial" }, "geometry": { "type": "Point", "coordinates": [ 121.040822534668237, 14.648942510681648 ] } },
{ "type": "Feature", "properties": { "name": "LARES", "category": "mixed", "amenity": null, "building": "yes", "shop": null, "landuse": null }, "geometry": { "type": "Point", "coordinates": [ 121.044999182596911, 14.638460031928581 ] } },
{ "type": "Feature", "properties": { "name": "Wilcon Depot", "category": "mixed", "amenity": null, "building": "yes", "shop": "hardware", "landuse": null }, "geometry": { "type": "Point", "coordinates": [ 121.083439986796819, 14.705404772162218 ] } },
{ "type": "Feature", "properties": { "name": "Batasan Transportation Terminal", "category": "mixed", "amenity": "bus_station", "building": null, "shop": null, "landuse": null }, "geometry": { "type": "Point", "coordinates": [ 121.087713495995104, 14.686454563144949 ] } },
{ "type": "Feature", "properties": { "name": "Doña Juana Elementary School", "category": "mixed", "amenity": "school", "building": null, "shop": null, "landuse": null }, "geometry": { "type": "Point", "coordinates": [ 121.081754771534136, 14.689435354278263 ] } },
{ "type": "Feature", "properties": { "name": "Justice Hall", "category": "mixed", "amenity": null, "building": "yes", "shop": null, "landuse": null }, "geometry": { "type": "Point", "coordinates": [ 121.050942667556654, 14.646322964224959 ] } },
{ "type": "Feature", "properties": { "name": "Philippine Orthopedic Hospital", "category": "mixed", "amenity": "hospital", "building": null, "shop": null, "landuse": null }, "geometry": { "type": "Point", "coordinates": [ 121.003355073148555, 14.627739708768193 ] } },
{ "type": "Feature", "properties": { "name": "Professional Development Center", "category": "mixed", "amenity": null, "building": "office", "shop": null, "landuse": null }, "geometry": { "type": "Point", "coordinates": [ 121.089357862948731, 14.687180830992379 ] } },
{ "type": "Feature", "properties": { "name": "Philippine Coconut Authority R & D Building", "category": "mixed", "amenity": null, "building": "yes", "shop": null, "landuse": null }, "geometry": { "type": "Point", "coordinates": [ 121.051317029464172, 14.653655711462234 ] } },
{ "type": "Feature", "properties": { "name": "UP Integrated School 3-6", "category": "mixed", "amenity": "school", "building": "yes", "shop": null, "landuse": null }, "geometry": { "type": "Point", "coordinates": [ 121.072167546217742, 14.652995844507828 ] } },
{ "type": "Feature", "properties": { "name": "College of Evangelical Ministry", "category": "mixed", "amenity": "university", "building": "college", "shop": null, "landuse": null }, "geometry": { "type": "Point", "coordinates": [ 121.064833517284299, 14.662650579568835 ] } },
{ "type": "Feature", "properties": { "name": "San Antonio Elementary School", "category": "mixed", "amenity": "school", "building": null, "shop": null, "landuse": null }, "geometry": { "type": "Point", "coordinates": [ 121.017536392503402, 14.65641387003121 ] } },
{ "type": "Feature", "properties": { "name": "UP School of Labor and Industrial Relations", "category": "mixed", "amenity": "college", "building": null, "shop": null, "landuse": null }, "geometry": { "type": "Point", "coordinates": [ 121.061707273134573, 14.657283187650718 ] } },
{ "type": "Feature", "properties": { "name": "Commision on Human Rights Central Office", "category": "mixed", "amenity": null, "building": null, "shop": null, "landuse": null }, "geometry": { "type": "Point", "coordinates": [ 121.06019750501892, 14.657331217493025 ] } },
{ "type": "Feature", "properties": { "name": "MAN Truck and Bus Center", "category": "mixed", "amenity": null, "building": "yes", "shop": "car", "landuse": null }, "geometry": { "type": "Point", "coordinates": [ 121.017071239847226, 14.658208448067006 ] } },
{ "type": "Feature", "properties": { "name": "Wilcon Home Essentials", "category": "mixed", "amenity": null, "building": null, "shop": "doityourself", "landuse": null }, "geometry": { "type": "Point", "coordinates": [ 121.016651868367347, 14.658164695350203 ] } },
{ "type": "Feature", "properties": { "name": "Nissan Balintawak", "category": "mixed", "amenity": null, "building": null, "shop": "car", "landuse": "retail" }, "geometry": { "type": "Point", "coordinates": [ 121.004020266546334, 14.658539811977223 ] } },
{ "type": "Feature", "properties": { "name": "Floor Center", "category": "mixed", "amenity": null, "building": "yes", "shop": "trade", "landuse": null }, "geometry": { "type": "Point", "coordinates": [ 121.017134800002822, 14.657149049987407 ] } },
{ "type": "Feature", "properties": { "name": "Wilcon Depot", "category": "mixed", "amenity": null, "building": null, "shop": "doityourself", "landuse": "retail" }, "geometry": { "type": "Point", "coordinates": [ 121.009519803510287, 14.659052863211379 ] } },
{ "type": "Feature", "properties": { "name": "Pasong Tamo Elementary School", "category": "mixed", "amenity": "school", "building": null, "shop": null, "landuse": null }, "geometry": { "type": "Point", "coordinates": [ 121.046747423549974, 14.673990046457384 ] } },
{ "type": "Feature", "properties": { "name": "Culiat High School", "category": "mixed", "amenity": "school", "building": null, "shop": null, "landuse": null }, "geometry": { "type": "Point", "coordinates": [ 121.05632329312138, 14.668261479168308 ] } },
{ "type": "Feature", "properties": { "name": "Visayas Avenue Wet & Dry Market", "category": "mixed", "amenity": "marketplace", "building": "retail", "shop": null, "landuse": null }, "geometry": { "type": "Point", "coordinates": [ 121.043120861277387, 14.675607374110275 ] } },
{ "type": "Feature", "properties": { "name": null, "category": "mixed", "amenity": "marketplace", "building": "yes", "shop": null, "landuse": null }, "geometry": { "type": "Point", "coordinates": [ 121.043265429710715, 14.675424703617612 ] } },
{ "type": "Feature", "properties": { "name": "680 Home Appliances", "category": "mixed", "amenity": null, "building": "yes", "shop": "electronics", "landuse": null }, "geometry": { "type": "Point", "coordinates": [ 121.039227000027637, 14.640694300083851 ] } },
{ "type": "Feature", "properties": { "name": "Don Alejandro Roces, Sr. Science and Technology High School", "category": "mixed", "amenity": "school", "building": null, "shop": null, "landuse": null }, "geometry": { "type": "Point", "coordinates": [ 121.031154481759671, 14.628712948428483 ] } },
{ "type": "Feature", "properties": { "name": "New Arayat Market", "category": "mixed", "amenity": "marketplace", "building": null, "shop": null, "landuse": "retail" }, "geometry": { "type": "Point", "coordinates": [ 121.050078380284546, 14.618797831161535 ] } },
{ "type": "Feature", "properties": { "name": "Partas Cubao Depot", "category": "mixed", "amenity": null, "building": null, "shop": null, "landuse": "industrial" }, "geometry": { "type": "Point", "coordinates": [ 121.046843117407619, 14.619923394739006 ] } },
{ "type": "Feature", "properties": { "name": "National Anti-Poverty Commission", "category": "mixed", "amenity": null, "building": "office", "shop": null, "landuse": null }, "geometry": { "type": "Point", "coordinates": [ 121.076258290026658, 14.654801177029448 ] } },
{ "type": "Feature", "properties": { "name": "Libis Elementary School", "category": "mixed", "amenity": "school", "building": null, "shop": null, "landuse": null }, "geometry": { "type": "Point", "coordinates": [ 121.072686311931051, 14.615352209019896 ] } },
{ "type": "Feature", "properties": { "name": null, "category": "mixed", "amenity": null, "building": null, "shop": null, "landuse": null }, "geometry": { "type": "Point", "coordinates": [ 121.07949485493728, 14.666287295937019 ] } },
{ "type": "Feature", "properties": { "name": "AVESCO", "category": "mixed", "amenity": null, "building": null, "shop": "mall", "landuse": null }, "geometry": { "type": "Point", "coordinates": [ 121.01795012277536, 14.648020893559714 ] } },
{ "type": "Feature", "properties": { "name": "Fe Del Mundo Medical Center", "category": "mixed", "amenity": "hospital", "building": null, "shop": null, "landuse": null }, "geometry": { "type": "Point", "coordinates": [ 121.009202713544312, 14.620576141367657 ] } },
{ "type": "Feature", "properties": { "name": "St. Josephs College", "category": "mixed", "amenity": "college", "building": null, "shop": null, "landuse": null }, "geometry": { "type": "Point", "coordinates": [ 121.024959658516536, 14.62306824682493 ] } },
{ "type": "Feature", "properties": { "name": "Circle of Fun", "category": "mixed", "amenity": null, "building": null, "shop": null, "landuse": null }, "geometry": { "type": "Point", "coordinates": [ 121.048108898925776, 14.653578845090538 ] } },
{ "type": "Feature", "properties": { "name": "David's Saloon", "category": "mixed", "amenity": null, "building": "yes", "shop": "hairdresser", "landuse": null }, "geometry": { "type": "Point", "coordinates": [ 121.066658099167554, 14.6635353992536 ] } },
{ "type": "Feature", "properties": { "name": "Department of Information and Communications Technology", "category": "mixed", "amenity": null, "building": null, "shop": null, "landuse": "commercial" }, "geometry": { "type": "Point", "coordinates": [ 121.058359639075007, 14.652703435719168 ] } },
{ "type": "Feature", "properties": { "name": "Philippine Institute of Volcanology and Seismology", "category": "mixed", "amenity": null, "building": null, "shop": null, "landuse": "commercial" }, "geometry": { "type": "Point", "coordinates": [ 121.058596388636559, 14.651929824368587 ] } },
{ "type": "Feature", "properties": { "name": "Honda Cars Pasig", "category": "mixed", "amenity": null, "building": null, "shop": "car", "landuse": "commercial" }, "geometry": { "type": "Point", "coordinates": [ 121.079756752765363, 14.605820052062645 ] } },
{ "type": "Feature", "properties": { "name": "Garden of Life School", "category": "mixed", "amenity": "school", "building": null, "shop": null, "landuse": null }, "geometry": { "type": "Point", "coordinates": [ 121.080495830459952, 14.69141856182916 ] } },
{ "type": "Feature", "properties": { "name": "Commonwealth Market Extension", "category": "mixed", "amenity": "marketplace", "building": null, "shop": null, "landuse": null }, "geometry": { "type": "Point", "coordinates": [ 121.086511683031233, 14.693039282640331 ] } },
{ "type": "Feature", "properties": { "name": "St. Peter Chapels", "category": "mixed", "amenity": null, "building": null, "shop": "funeral_directors", "landuse": "commercial" }, "geometry": { "type": "Point", "coordinates": [ 121.067623896004818, 14.662694188995118 ] } },
{ "type": "Feature", "properties": { "name": "Masambong Elementary School", "category": "mixed", "amenity": "school", "building": null, "shop": null, "landuse": null }, "geometry": { "type": "Point", "coordinates": [ 121.007476875919565, 14.639641150475395 ] } },
{ "type": "Feature", "properties": { "name": null, "category": "mixed", "amenity": "college", "building": "yes", "shop": null, "landuse": null }, "geometry": { "type": "Point", "coordinates": [ 121.029597449408342, 14.624612573119528 ] } },
{ "type": "Feature", "properties": { "name": "BIR Training Office", "category": "mixed", "amenity": null, "building": "yes", "shop": null, "landuse": null }, "geometry": { "type": "Point", "coordinates": [ 121.04252430001857, 14.643647750040602 ] } },
{ "type": "Feature", "properties": { "name": "St. Vincent School", "category": "mixed", "amenity": "school", "building": null, "shop": null, "landuse": null }, "geometry": { "type": "Point", "coordinates": [ 121.028295888460889, 14.6495974433642 ] } },
{ "type": "Feature", "properties": { "name": "Puregold Jr.", "category": "mixed", "amenity": null, "building": "yes", "shop": "supermarket", "landuse": null }, "geometry": { "type": "Point", "coordinates": [ 121.02545240804902, 14.637464260951138 ] } },
{ "type": "Feature", "properties": { "name": "Guzent Inc.", "category": "mixed", "amenity": null, "building": "industrial", "shop": "car", "landuse": null }, "geometry": { "type": "Point", "coordinates": [ 121.013923337976678, 14.6567961445154 ] } },
{ "type": "Feature", "properties": { "name": "Our Lady of the Sacred Heart School", "category": "mixed", "amenity": "school", "building": null, "shop": null, "landuse": null }, "geometry": { "type": "Point", "coordinates": [ 121.010234264536436, 14.614468605942553 ] } },
{ "type": "Feature", "properties": { "name": "Betty Go-Belmonte", "category": "mixed", "amenity": null, "building": "yes", "shop": null, "landuse": null }, "geometry": { "type": "Point", "coordinates": [ 121.042706381366784, 14.618595752247241 ] } },
{ "type": "Feature", "properties": { "name": null, "category": "mixed", "amenity": "hospital", "building": "yes", "shop": null, "landuse": null }, "geometry": { "type": "Point", "coordinates": [ 121.045897438618397, 14.674874154847426 ] } },
{ "type": "Feature", "properties": { "name": "Siena College", "category": "mixed", "amenity": "college", "building": null, "shop": null, "landuse": null }, "geometry": { "type": "Point", "coordinates": [ 121.004513738982737, 14.638093464684719 ] } },
{ "type": "Feature", "properties": { "name": null, "category": "mixed", "amenity": "school", "building": "yes", "shop": null, "landuse": null }, "geometry": { "type": "Point", "coordinates": [ 121.055195316564436, 14.646474378876716 ] } },
{ "type": "Feature", "properties": { "name": null, "category": "mixed", "amenity": "school", "building": "yes", "shop": null, "landuse": null }, "geometry": { "type": "Point", "coordinates": [ 121.056349100014089, 14.646657949995376 ] } },
{ "type": "Feature", "properties": { "name": "EAMC OPD", "category": "mixed", "amenity": null, "building": "hospital", "shop": null, "landuse": null }, "geometry": { "type": "Point", "coordinates": [ 121.04779357851254, 14.642723606777599 ] } },
{ "type": "Feature", "properties": { "name": "Dr. Jesus C. Delgado Memorial Hospital", "category": "mixed", "amenity": "hospital", "building": "yes", "shop": null, "landuse": null }, "geometry": { "type": "Point", "coordinates": [ 121.034755984528687, 14.627791682875856 ] } },
{ "type": "Feature", "properties": { "name": null, "category": "mixed", "amenity": null, "building": "yes", "shop": null, "landuse": null }, "geometry": { "type": "Point", "coordinates": [ 121.049088600030714, 14.669410000014976 ] } },
{ "type": "Feature", "properties": { "name": "Saint Theresa's School of Novaliches", "category": "mixed", "amenity": "school", "building": null, "shop": null, "landuse": null }, "geometry": { "type": "Point", "coordinates": [ 121.049945071255735, 14.733901505091756 ] } },
{ "type": "Feature", "properties": { "name": "Santa Teresa de Avila College", "category": "mixed", "amenity": "college", "building": null, "shop": null, "landuse": null }, "geometry": { "type": "Point", "coordinates": [ 121.050488750035456, 14.733626850001539 ] } },
{ "type": "Feature", "properties": { "name": "Metro North Medical Center and Hospital", "category": "mixed", "amenity": "hospital", "building": null, "shop": null, "landuse": null }, "geometry": { "type": "Point", "coordinates": [ 121.033676470275495, 14.668898009334988 ] } },
{ "type": "Feature", "properties": { "name": "Divine Word Mission Seminary", "category": "mixed", "amenity": "college", "building": "yes", "shop": null, "landuse": null }, "geometry": { "type": "Point", "coordinates": [ 121.030262595580723, 14.624800257049516 ] } },
{ "type": "Feature", "properties": { "name": "Tandang Sora National Shrine", "category": "mixed", "amenity": null, "building": null, "shop": null, "landuse": null }, "geometry": { "type": "Point", "coordinates": [ 121.045425224503376, 14.683102945137151 ] } },
{ "type": "Feature", "properties": { "name": "Sacred Heart Academy of La Loma", "category": "mixed", "amenity": "school", "building": null, "shop": null, "landuse": null }, "geometry": { "type": "Point", "coordinates": [ 120.991620481883899, 14.626596709753871 ] } },
{ "type": "Feature", "properties": { "name": "World Citi Colleges", "category": "mixed", "amenity": "college", "building": null, "shop": null, "landuse": null }, "geometry": { "type": "Point", "coordinates": [ 121.063315092408175, 14.627217169039252 ] } },
{ "type": "Feature", "properties": { "name": "Covered Court", "category": "mixed", "amenity": null, "building": "roof", "shop": null, "landuse": null }, "geometry": { "type": "Point", "coordinates": [ 121.039727954022155, 14.662525878903413 ] } },
{ "type": "Feature", "properties": { "name": "Philippine Charity Sweepstakes Office", "category": "mixed", "amenity": null, "building": "yes", "shop": null, "landuse": null }, "geometry": { "type": "Point", "coordinates": [ 121.011846629299157, 14.617288635741206 ] } },
{ "type": "Feature", "properties": { "name": "Philippine Charity Sweepstakes Office", "category": "mixed", "amenity": null, "building": "yes", "shop": null, "landuse": null }, "geometry": { "type": "Point", "coordinates": [ 121.011707198539185, 14.617442715876621 ] } },
{ "type": "Feature", "properties": { "name": "Philippine Charity Sweepstakes Office", "category": "mixed", "amenity": null, "building": "yes", "shop": null, "landuse": null }, "geometry": { "type": "Point", "coordinates": [ 121.011368308829432, 14.617467767508982 ] } },
{ "type": "Feature", "properties": { "name": "Savemore", "category": "mixed", "amenity": null, "building": "yes", "shop": "supermarket", "landuse": null }, "geometry": { "type": "Point", "coordinates": [ 121.007536859503816, 14.63888329451602 ] } },
{ "type": "Feature", "properties": { "name": "Sojen", "category": "mixed", "amenity": null, "building": "yes", "shop": "truck", "landuse": null }, "geometry": { "type": "Point", "coordinates": [ 121.022740599971812, 14.656752599984031 ] } },
{ "type": "Feature", "properties": { "name": "Balintawak Cloverleaf Jeepney Station", "category": "mixed", "amenity": null, "building": "yes", "shop": null, "landuse": null }, "geometry": { "type": "Point", "coordinates": [ 121.004765343704165, 14.656261724584835 ] } },
{ "type": "Feature", "properties": { "name": "Maranatha Christian Academy", "category": "mixed", "amenity": "school", "building": null, "shop": null, "landuse": null }, "geometry": { "type": "Point", "coordinates": [ 121.023357229156517, 14.656189065422103 ] } },
{ "type": "Feature", "properties": { "name": "Seino Motor Corporation", "category": "mixed", "amenity": null, "building": "yes", "shop": "truck", "landuse": null }, "geometry": { "type": "Point", "coordinates": [ 121.030522049976113, 14.654208550023307 ] } },
{ "type": "Feature", "properties": { "name": null, "category": "mixed", "amenity": null, "building": "yes", "shop": "wholesale", "landuse": null }, "geometry": { "type": "Point", "coordinates": [ 121.01940530753177, 14.659930625127362 ] } },
{ "type": "Feature", "properties": { "name": "UP Integrated School K-2", "category": "mixed", "amenity": "school", "building": "yes", "shop": null, "landuse": null }, "geometry": { "type": "Point", "coordinates": [ 121.072557274333974, 14.652342206937794 ] } },
{ "type": "Feature", "properties": { "name": null, "category": "mixed", "amenity": "school", "building": "yes", "shop": null, "landuse": null }, "geometry": { "type": "Point", "coordinates": [ 121.072155221038827, 14.65234587766048 ] } },
{ "type": "Feature", "properties": { "name": "Soldier's Mall", "category": "mixed", "amenity": null, "building": "yes", "shop": "mall", "landuse": null }, "geometry": { "type": "Point", "coordinates": [ 121.063929449464553, 14.604401098715117 ] } },
{ "type": "Feature", "properties": { "name": "EDSA Garden Center", "category": "mixed", "amenity": null, "building": "yes", "shop": "garden_centre", "landuse": null }, "geometry": { "type": "Point", "coordinates": [ 121.036295204353095, 14.64514749139806 ] } },
{ "type": "Feature", "properties": { "name": "Olympian Preparatory and English School", "category": "mixed", "amenity": "school", "building": null, "shop": null, "landuse": null }, "geometry": { "type": "Point", "coordinates": [ 121.051611937482832, 14.720510805505015 ] } },
{ "type": "Feature", "properties": { "name": "National Science Complex Amphitheater", "category": "mixed", "amenity": null, "building": null, "shop": null, "landuse": null }, "geometry": { "type": "Point", "coordinates": [ 121.071934700665039, 14.64982463982305 ] } },
{ "type": "Feature", "properties": { "name": "Royal Place", "category": "mixed", "amenity": null, "building": "yes", "shop": "mall", "landuse": null }, "geometry": { "type": "Point", "coordinates": [ 121.085395921284871, 14.677100625484456 ] } },
{ "type": "Feature", "properties": { "name": "Robinsons Novaliches", "category": "mixed", "amenity": null, "building": null, "shop": "mall", "landuse": "retail" }, "geometry": { "type": "Point", "coordinates": [ 121.056359558814407, 14.735975183804216 ] } },
{ "type": "Feature", "properties": { "name": "Marian School of Quezon City", "category": "mixed", "amenity": "school", "building": null, "shop": null, "landuse": null }, "geometry": { "type": "Point", "coordinates": [ 121.04427296545407, 14.694088909255481 ] } },
{ "type": "Feature", "properties": { "name": "Flora A. Ylagan High School", "category": "mixed", "amenity": "school", "building": null, "shop": null, "landuse": null }, "geometry": { "type": "Point", "coordinates": [ 121.04726059657456, 14.636508917445223 ] } },
{ "type": "Feature", "properties": { "name": "National Intelligence Coordinating Agency", "category": "mixed", "amenity": null, "building": null, "shop": null, "landuse": "commercial" }, "geometry": { "type": "Point", "coordinates": [ 121.04754582463957, 14.63829018613251 ] } },
{ "type": "Feature", "properties": { "name": "DPWH Office of Regional Director", "category": "mixed", "amenity": null, "building": "yes", "shop": null, "landuse": null }, "geometry": { "type": "Point", "coordinates": [ 121.043099180035142, 14.637567112729077 ] } },
{ "type": "Feature", "properties": { "name": "General Dionisio R Santiago Gymnasium", "category": "mixed", "amenity": null, "building": "yes", "shop": null, "landuse": null }, "geometry": { "type": "Point", "coordinates": [ 121.042383074325457, 14.639753416866652 ] } },
{ "type": "Feature", "properties": { "name": "National Irrigation Administration", "category": "mixed", "amenity": null, "building": "office", "shop": null, "landuse": null }, "geometry": { "type": "Point", "coordinates": [ 121.042823199861644, 14.638876900082195 ] } },
{ "type": "Feature", "properties": { "name": "PDEA Annex Building", "category": "mixed", "amenity": null, "building": "yes", "shop": null, "landuse": null }, "geometry": { "type": "Point", "coordinates": [ 121.042104265579113, 14.639874148522674 ] } },
{ "type": "Feature", "properties": { "name": "Bureau of Fisheries and Aquatic Resources", "category": "mixed", "amenity": null, "building": "yes", "shop": null, "landuse": null }, "geometry": { "type": "Point", "coordinates": [ 121.043436866405415, 14.638957008196293 ] } },
{ "type": "Feature", "properties": { "name": "Eliazo Hall", "category": "mixed", "amenity": "university", "building": "yes", "shop": null, "landuse": null }, "geometry": { "type": "Point", "coordinates": [ 121.080456619990869, 14.638680438352095 ] } },
{ "type": "Feature", "properties": { "name": "Interior Design Options", "category": "mixed", "amenity": null, "building": "yes", "shop": "interior_decoration", "landuse": null }, "geometry": { "type": "Point", "coordinates": [ 121.031631950051576, 14.623430350007839 ] } },
{ "type": "Feature", "properties": { "name": "Samar Study Center", "category": "mixed", "amenity": "school", "building": "yes", "shop": null, "landuse": null }, "geometry": { "type": "Point", "coordinates": [ 121.037507948746708, 14.641710167152413 ] } },
{ "type": "Feature", "properties": { "name": "National Telecommunications Commission", "category": "mixed", "amenity": null, "building": null, "shop": null, "landuse": "commercial" }, "geometry": { "type": "Point", "coordinates": [ 121.044819185339136, 14.641434586113604 ] } },
{ "type": "Feature", "properties": { "name": "People of Grace Christian School", "category": "mixed", "amenity": "school", "building": null, "shop": null, "landuse": null }, "geometry": { "type": "Point", "coordinates": [ 121.038894935485587, 14.62851987125717 ] } },
{ "type": "Feature", "properties": { "name": "CGEA Station Hospital", "category": "mixed", "amenity": "hospital", "building": null, "shop": null, "landuse": null }, "geometry": { "type": "Point", "coordinates": [ 121.06412494021086, 14.612451579628408 ] } },
{ "type": "Feature", "properties": { "name": "Central Colleges of the Philippines", "category": "mixed", "amenity": "college", "building": null, "shop": null, "landuse": null }, "geometry": { "type": "Point", "coordinates": [ 121.019826132483416, 14.605603287965224 ] } },
{ "type": "Feature", "properties": { "name": "Ateneo de Manila University", "category": "mixed", "amenity": "university", "building": null, "shop": null, "landuse": null }, "geometry": { "type": "Point", "coordinates": [ 121.078821077352842, 14.639082030267028 ] } },
{ "type": "Feature", "properties": { "name": "St. Vincent School", "category": "mixed", "amenity": "school", "building": "yes", "shop": null, "landuse": null }, "geometry": { "type": "Point", "coordinates": [ 121.060789585861016, 14.643938373848718 ] } },
{ "type": "Feature", "properties": { "name": null, "category": "mixed", "amenity": "bus_station", "building": null, "shop": null, "landuse": null }, "geometry": { "type": "Point", "coordinates": [ 121.053985465032909, 14.612133733388596 ] } },
{ "type": "Feature", "properties": { "name": null, "category": "mixed", "amenity": "college", "building": null, "shop": null, "landuse": null }, "geometry": { "type": "Point", "coordinates": [ 121.033556627218474, 14.687663510785214 ] } },
{ "type": "Feature", "properties": { "name": null, "category": "mixed", "amenity": "college", "building": null, "shop": null, "landuse": null }, "geometry": { "type": "Point", "coordinates": [ 121.033648635206546, 14.687208099370892 ] } },
{ "type": "Feature", "properties": { "name": "Shining Hope Academy", "category": "mixed", "amenity": "school", "building": null, "shop": null, "landuse": null }, "geometry": { "type": "Point", "coordinates": [ 121.055698132876103, 14.672978148653799 ] } },
{ "type": "Feature", "properties": { "name": "Servants of Charity", "category": "mixed", "amenity": "college", "building": "office", "shop": null, "landuse": null }, "geometry": { "type": "Point", "coordinates": [ 121.055969110015226, 14.679447904698199 ] } },
{ "type": "Feature", "properties": { "name": "WalterMart", "category": "mixed", "amenity": null, "building": "retail", "shop": "supermarket", "landuse": null }, "geometry": { "type": "Point", "coordinates": [ 121.019551549129744, 14.62163011783565 ] } },
{ "type": "Feature", "properties": { "name": "Ramon Magsaysay (Cubao) High School", "category": "mixed", "amenity": "school", "building": null, "shop": null, "landuse": null }, "geometry": { "type": "Point", "coordinates": [ 121.046456147654709, 14.627468588503746 ] } },
{ "type": "Feature", "properties": { "name": "Five Star Cubao", "category": "mixed", "amenity": "bus_station", "building": null, "shop": null, "landuse": null }, "geometry": { "type": "Point", "coordinates": [ 121.049696755323993, 14.623773264742374 ] } },
{ "type": "Feature", "properties": { "name": "Bernardo Park", "category": "mixed", "amenity": null, "building": null, "shop": null, "landuse": null }, "geometry": { "type": "Point", "coordinates": [ 121.046007960550781, 14.62874210627616 ] } },
{ "type": "Feature", "properties": { "name": null, "category": "mixed", "amenity": "college", "building": "commercial", "shop": null, "landuse": null }, "geometry": { "type": "Point", "coordinates": [ 121.027504549992614, 14.655846199999296 ] } },
{ "type": "Feature", "properties": { "name": "Sebastian Motors", "category": "mixed", "amenity": null, "building": "retail", "shop": "truck", "landuse": null }, "geometry": { "type": "Point", "coordinates": [ 121.031180856635444, 14.653221782650196 ] } },
{ "type": "Feature", "properties": { "name": "St. Anthony Academy of Quezon City", "category": "mixed", "amenity": "school", "building": null, "shop": null, "landuse": null }, "geometry": { "type": "Point", "coordinates": [ 121.046963719152672, 14.681249943753576 ] } },
{ "type": "Feature", "properties": { "name": "Emilio Jacinto National High School", "category": "mixed", "amenity": "school", "building": null, "shop": null, "landuse": null }, "geometry": { "type": "Point", "coordinates": [ 121.052504283007337, 14.677423720752191 ] } },
{ "type": "Feature", "properties": { "name": "PMI Colleges", "category": "mixed", "amenity": "college", "building": null, "shop": null, "landuse": null }, "geometry": { "type": "Point", "coordinates": [ 121.017513378136059, 14.634188028970433 ] } },
{ "type": "Feature", "properties": { "name": "College of Fine Arts", "category": "mixed", "amenity": "college", "building": "yes", "shop": null, "landuse": null }, "geometry": { "type": "Point", "coordinates": [ 121.061878014802019, 14.652322524983294 ] } },
{ "type": "Feature", "properties": { "name": "Computational Science Research Center", "category": "mixed", "amenity": "college", "building": null, "shop": null, "landuse": null }, "geometry": { "type": "Point", "coordinates": [ 121.071214114249912, 14.64980653129035 ] } },
{ "type": "Feature", "properties": { "name": "AMA Computer University", "category": "mixed", "amenity": "university", "building": null, "shop": null, "landuse": null }, "geometry": { "type": "Point", "coordinates": [ 121.013145876940683, 14.664662560444402 ] } },
{ "type": "Feature", "properties": { "name": "Baesa Town Center", "category": "mixed", "amenity": null, "building": null, "shop": "mall", "landuse": "retail" }, "geometry": { "type": "Point", "coordinates": [ 121.013208792221889, 14.672426050237883 ] } },
{ "type": "Feature", "properties": { "name": "O. B. Montessori Center, Fairview Campus", "category": "mixed", "amenity": "school", "building": null, "shop": null, "landuse": null }, "geometry": { "type": "Point", "coordinates": [ 121.057110362235179, 14.727459789539664 ] } },
{ "type": "Feature", "properties": { "name": "Robinson Tricycle and Jeepney Transport Terminal", "category": "mixed", "amenity": null, "building": null, "shop": null, "landuse": null }, "geometry": { "type": "Point", "coordinates": [ 121.057867678878978, 14.736195577073211 ] } },
{ "type": "Feature", "properties": { "name": "Bulwagang Pambarangay ng Katipunan", "category": "mixed", "amenity": "townhall", "building": "civic", "shop": null, "landuse": null }, "geometry": { "type": "Point", "coordinates": [ 121.017640699999532, 14.655764800006345 ] } },
{ "type": "Feature", "properties": { "name": "Wilcon City Center", "category": "mixed", "amenity": null, "building": "retail", "shop": "mall", "landuse": null }, "geometry": { "type": "Point", "coordinates": [ 121.042448644369557, 14.666356167662348 ] } },
{ "type": "Feature", "properties": { "name": "National Labor Relations Commission", "category": "mixed", "amenity": null, "building": "yes", "shop": null, "landuse": null }, "geometry": { "type": "Point", "coordinates": [ 121.007437450096276, 14.62431845006558 ] } },
{ "type": "Feature", "properties": { "name": "De Los Santos Medical Center", "category": "mixed", "amenity": "hospital", "building": null, "shop": null, "landuse": null }, "geometry": { "type": "Point", "coordinates": [ 121.017505359702, 14.620196712764333 ] } },
{ "type": "Feature", "properties": { "name": "Devon House", "category": "mixed", "amenity": "college", "building": "yes", "shop": null, "landuse": null }, "geometry": { "type": "Point", "coordinates": [ 121.053862384323423, 14.674992478719817 ] } },
{ "type": "Feature", "properties": { "name": "Novaliches Public Terminal", "category": "mixed", "amenity": "bus_station", "building": "transportation", "shop": null, "landuse": null }, "geometry": { "type": "Point", "coordinates": [ 121.05460792211565, 14.734607694310473 ] } },
{ "type": "Feature", "properties": { "name": "New Haven Park", "category": "mixed", "amenity": null, "building": null, "shop": null, "landuse": null }, "geometry": { "type": "Point", "coordinates": [ 121.052015765621775, 14.731600113200578 ] } },
{ "type": "Feature", "properties": { "name": "Roxas Public Market", "category": "mixed", "amenity": "marketplace", "building": null, "shop": null, "landuse": "retail" }, "geometry": { "type": "Point", "coordinates": [ 121.019529357926928, 14.628797126308028 ] } },
{ "type": "Feature", "properties": { "name": "Dapitan Arcade", "category": "mixed", "amenity": null, "building": "yes", "shop": "mall", "landuse": null }, "geometry": { "type": "Point", "coordinates": [ 121.000441249975538, 14.622600700030917 ] } },
{ "type": "Feature", "properties": { "name": "Kostka School", "category": "mixed", "amenity": "school", "building": null, "shop": null, "landuse": null }, "geometry": { "type": "Point", "coordinates": [ 121.073797021230405, 14.635703467352199 ] } },
{ "type": "Feature", "properties": { "name": "Mater Christi School", "category": "mixed", "amenity": "school", "building": null, "shop": null, "landuse": null }, "geometry": { "type": "Point", "coordinates": [ 121.073883669756256, 14.642242117805063 ] } },
{ "type": "Feature", "properties": { "name": "San Diego Elementary School", "category": "mixed", "amenity": "school", "building": null, "shop": null, "landuse": null }, "geometry": { "type": "Point", "coordinates": [ 121.09489752209187, 14.686691215737785 ] } },
{ "type": "Feature", "properties": { "name": "Career Executive Service Board", "category": "mixed", "amenity": null, "building": "yes", "shop": null, "landuse": null }, "geometry": { "type": "Point", "coordinates": [ 121.076449255105729, 14.684548491984653 ] } },
{ "type": "Feature", "properties": { "name": "Romarinda International School", "category": "mixed", "amenity": "school", "building": null, "shop": null, "landuse": null }, "geometry": { "type": "Point", "coordinates": [ 121.04620207140124, 14.679609232497077 ] } },
{ "type": "Feature", "properties": { "name": "God's Little Creation School", "category": "mixed", "amenity": "school", "building": null, "shop": null, "landuse": null }, "geometry": { "type": "Point", "coordinates": [ 121.037264820199411, 14.672362009318364 ] } },
{ "type": "Feature", "properties": { "name": "Savemore Market", "category": "mixed", "amenity": null, "building": null, "shop": "supermarket", "landuse": null }, "geometry": { "type": "Point", "coordinates": [ 120.995938294071763, 14.621271489052921 ] } },
{ "type": "Feature", "properties": { "name": "Philippine Women's University of Quezon City", "category": "mixed", "amenity": "university", "building": null, "shop": null, "landuse": null }, "geometry": { "type": "Point", "coordinates": [ 121.034005528932184, 14.647292156974855 ] } },
{ "type": "Feature", "properties": { "name": "Immaculate Heart of Mary College", "category": "mixed", "amenity": "college", "building": null, "shop": null, "landuse": null }, "geometry": { "type": "Point", "coordinates": [ 121.020286287801312, 14.606165048159585 ] } },
{ "type": "Feature", "properties": { "name": "Legislative Building", "category": "mixed", "amenity": "townhall", "building": "yes", "shop": null, "landuse": null }, "geometry": { "type": "Point", "coordinates": [ 121.050296142600317, 14.646774119877891 ] } },
{ "type": "Feature", "properties": { "name": "Biodiversity Management Bureau", "category": "mixed", "amenity": null, "building": "office", "shop": null, "landuse": null }, "geometry": { "type": "Point", "coordinates": [ 121.045179228724393, 14.650816622509208 ] } },
{ "type": "Feature", "properties": { "name": "UP Integrated School 7-12", "category": "mixed", "amenity": "school", "building": null, "shop": null, "landuse": null }, "geometry": { "type": "Point", "coordinates": [ 121.073495461814687, 14.653057605203285 ] } },
{ "type": "Feature", "properties": { "name": "C&E Information and Resource Center", "category": "mixed", "amenity": null, "building": "yes", "shop": "books", "landuse": null }, "geometry": { "type": "Point", "coordinates": [ 121.034798186290402, 14.641928797834568 ] } },
{ "type": "Feature", "properties": { "name": "UP COOP", "category": "mixed", "amenity": null, "building": "retail", "shop": "convenience", "landuse": null }, "geometry": { "type": "Point", "coordinates": [ 121.064584799999821, 14.648049699999016 ] } },
{ "type": "Feature", "properties": { "name": "Araneta Center - Cubao", "category": "mixed", "amenity": null, "building": "transportation", "shop": null, "landuse": null }, "geometry": { "type": "Point", "coordinates": [ 121.052905816406337, 14.622793678491888 ] } },
{ "type": "Feature", "properties": { "name": "Department of Military Science and Tactics Complex", "category": "mixed", "amenity": "school", "building": null, "shop": null, "landuse": null }, "geometry": { "type": "Point", "coordinates": [ 121.064151735455056, 14.658325747582495 ] } },
{ "type": "Feature", "properties": { "name": "Eastwood Mall Open Park", "category": "mixed", "amenity": null, "building": null, "shop": null, "landuse": null }, "geometry": { "type": "Point", "coordinates": [ 121.07971157473267, 14.610024539893891 ] } },
{ "type": "Feature", "properties": { "name": "Gilmore", "category": "mixed", "amenity": null, "building": "train_station", "shop": null, "landuse": null }, "geometry": { "type": "Point", "coordinates": [ 121.034145868179763, 14.613536266658885 ] } },
{ "type": "Feature", "properties": { "name": "Anonas", "category": "mixed", "amenity": null, "building": "yes", "shop": null, "landuse": null }, "geometry": { "type": "Point", "coordinates": [ 121.06472671669178, 14.628000136401981 ] } },
{ "type": "Feature", "properties": { "name": "Providence Hospital", "category": "mixed", "amenity": "hospital", "building": "hospital", "shop": null, "landuse": null }, "geometry": { "type": "Point", "coordinates": [ 121.031684402791655, 14.641248535886003 ] } },
{ "type": "Feature", "properties": { "name": "Bureau of Agricultural Research", "category": "mixed", "amenity": null, "building": "yes", "shop": null, "landuse": null }, "geometry": { "type": "Point", "coordinates": [ 121.047712224341453, 14.654714263648266 ] } },
{ "type": "Feature", "properties": { "name": "Obrero Barangay Hall", "category": "mixed", "amenity": "townhall", "building": "yes", "shop": null, "landuse": null }, "geometry": { "type": "Point", "coordinates": [ 121.033215088896881, 14.62621357848055 ] } },
{ "type": "Feature", "properties": { "name": "Supermart 2000", "category": "mixed", "amenity": null, "building": "supermarket", "shop": "supermarket", "landuse": null }, "geometry": { "type": "Point", "coordinates": [ 121.033375678160766, 14.62725805478639 ] } },
{ "type": "Feature", "properties": { "name": null, "category": "mixed", "amenity": null, "building": null, "shop": null, "landuse": null }, "geometry": { "type": "Point", "coordinates": [ 121.075455761595293, 14.63042123825873 ] } },
{ "type": "Feature", "properties": { "name": "Jubilee Christian Academy", "category": "mixed", "amenity": "school", "building": null, "shop": null, "landuse": null }, "geometry": { "type": "Point", "coordinates": [ 121.035864611264373, 14.615996172451439 ] } },
{ "type": "Feature", "properties": { "name": "St. Paul University Quezon City", "category": "mixed", "amenity": "university", "building": null, "shop": null, "landuse": null }, "geometry": { "type": "Point", "coordinates": [ 121.035554702389092, 14.614863704037543 ] } },
{ "type": "Feature", "properties": { "name": "Manuel A. Roxas High School", "category": "mixed", "amenity": "school", "building": null, "shop": null, "landuse": null }, "geometry": { "type": "Point", "coordinates": [ 121.024564625153346, 14.628919103747197 ] } },
{ "type": "Feature", "properties": { "name": "Amoranto Sports Complex", "category": "mixed", "amenity": null, "building": null, "shop": null, "landuse": null }, "geometry": { "type": "Point", "coordinates": [ 121.02333488531923, 14.62989765251362 ] } },
{ "type": "Feature", "properties": { "name": "Department of Information and Communications Technology Cybersecurity Bureau", "category": "mixed", "amenity": null, "building": null, "shop": null, "landuse": null }, "geometry": { "type": "Point", "coordinates": [ 121.024823956146207, 14.630096715973146 ] } },
{ "type": "Feature", "properties": { "name": "Mére Marie Micheau Hall", "category": "mixed", "amenity": null, "building": "university", "shop": null, "landuse": null }, "geometry": { "type": "Point", "coordinates": [ 121.035946596265816, 14.614927060967666 ] } },
{ "type": "Feature", "properties": { "name": "Robinsons Magnolia", "category": "mixed", "amenity": null, "building": "retail", "shop": "mall", "landuse": null }, "geometry": { "type": "Point", "coordinates": [ 121.038065738931252, 14.614975882568016 ] } },
{ "type": "Feature", "properties": { "name": "Tropical Hut", "category": "mixed", "amenity": null, "building": "yes", "shop": "supermarket", "landuse": null }, "geometry": { "type": "Point", "coordinates": [ 121.030488211600399, 14.63878975519877 ] } },
{ "type": "Feature", "properties": { "name": null, "category": "mixed", "amenity": null, "building": null, "shop": "supermarket", "landuse": null }, "geometry": { "type": "Point", "coordinates": [ 121.016901904723269, 14.640228676128748 ] } },
{ "type": "Feature", "properties": { "name": "St. Agnes General Hospital", "category": "mixed", "amenity": "hospital", "building": null, "shop": null, "landuse": null }, "geometry": { "type": "Point", "coordinates": [ 121.017186961958117, 14.647148722801164 ] } },
{ "type": "Feature", "properties": { "name": "Bread Talk Transit", "category": "mixed", "amenity": null, "building": "retail", "shop": "bakery", "landuse": null }, "geometry": { "type": "Point", "coordinates": [ 121.079179564974055, 14.610668567564202 ] } },
{ "type": "Feature", "properties": { "name": "North Avenue", "category": "mixed", "amenity": null, "building": "transportation", "shop": null, "landuse": null }, "geometry": { "type": "Point", "coordinates": [ 121.03231017069001, 14.652201525035178 ] } },
{ "type": "Feature", "properties": { "name": "Saint Joseph School of Fairview", "category": "mixed", "amenity": "school", "building": null, "shop": null, "landuse": null }, "geometry": { "type": "Point", "coordinates": [ 121.061753485156842, 14.708229668699031 ] } },
{ "type": "Feature", "properties": { "name": "Cesar E.A. Virata School of Business", "category": "mixed", "amenity": "school", "building": null, "shop": null, "landuse": null }, "geometry": { "type": "Point", "coordinates": [ 121.07367459243909, 14.655153105157517 ] } },
{ "type": "Feature", "properties": { "name": "UP College of Law", "category": "mixed", "amenity": "college", "building": null, "shop": null, "landuse": null }, "geometry": { "type": "Point", "coordinates": [ 121.07215538333007, 14.656816800561582 ] } },
{ "type": "Feature", "properties": { "name": "UP School of Economics", "category": "mixed", "amenity": "college", "building": null, "shop": null, "landuse": null }, "geometry": { "type": "Point", "coordinates": [ 121.073529539833274, 14.656169894324178 ] } },
{ "type": "Feature", "properties": { "name": "Grace Christian College", "category": "mixed", "amenity": "college", "building": null, "shop": null, "landuse": null }, "geometry": { "type": "Point", "coordinates": [ 121.00490112944297, 14.650407228522095 ] } },
{ "type": "Feature", "properties": { "name": "Philippine Children's Medical Center", "category": "mixed", "amenity": "hospital", "building": null, "shop": null, "landuse": null }, "geometry": { "type": "Point", "coordinates": [ 121.04131788773833, 14.647689122024069 ] } },
{ "type": "Feature", "properties": { "name": "Tandang Sora National High School", "category": "mixed", "amenity": "school", "building": null, "shop": null, "landuse": null }, "geometry": { "type": "Point", "coordinates": [ 121.032793244902891, 14.681784873766345 ] } },
{ "type": "Feature", "properties": { "name": "Bagong Silangan Elementary School", "category": "mixed", "amenity": "school", "building": null, "shop": null, "landuse": null }, "geometry": { "type": "Point", "coordinates": [ 121.109926657320926, 14.696814374884839 ] } },
{ "type": "Feature", "properties": { "name": "Bagong Silangan High School", "category": "mixed", "amenity": "school", "building": null, "shop": null, "landuse": null }, "geometry": { "type": "Point", "coordinates": [ 121.109419984000709, 14.696044641625988 ] } },
{ "type": "Feature", "properties": { "name": "The Learning Tree Child Growth Center Grade School", "category": "mixed", "amenity": "school", "building": "school", "shop": null, "landuse": null }, "geometry": { "type": "Point", "coordinates": [ 121.060887217409359, 14.636030336261925 ] } },
{ "type": "Feature", "properties": { "name": "INC Museum and Gallery", "category": "mixed", "amenity": null, "building": "yes", "shop": null, "landuse": null }, "geometry": { "type": "Point", "coordinates": [ 121.048831912445294, 14.662903162683438 ] } },
{ "type": "Feature", "properties": { "name": "Kalayaan Plaza", "category": "mixed", "amenity": "marketplace", "building": "yes", "shop": null, "landuse": null }, "geometry": { "type": "Point", "coordinates": [ 121.054020807871822, 14.642526429028552 ] } },
{ "type": "Feature", "properties": { "name": "Our Lady of Mercy School", "category": "mixed", "amenity": "school", "building": "yes", "shop": null, "landuse": null }, "geometry": { "type": "Point", "coordinates": [ 121.084926037478269, 14.680268904803569 ] } },
{ "type": "Feature", "properties": { "name": "Litex Market", "category": "mixed", "amenity": "marketplace", "building": "retail", "shop": null, "landuse": null }, "geometry": { "type": "Point", "coordinates": [ 121.0875600444474, 14.700212002734228 ] } },
{ "type": "Feature", "properties": { "name": "Fremont Learning Center", "category": "mixed", "amenity": "school", "building": null, "shop": null, "landuse": null }, "geometry": { "type": "Point", "coordinates": [ 121.05461294998598, 14.639145700060215 ] } },
{ "type": "Feature", "properties": { "name": "Wilcon Depot", "category": "mixed", "amenity": null, "building": "yes", "shop": "doityourself", "landuse": null }, "geometry": { "type": "Point", "coordinates": [ 121.005073621322012, 14.62019339175442 ] } },
{ "type": "Feature", "properties": { "name": "Kaingin 2 Covered Court", "category": "mixed", "amenity": null, "building": "yes", "shop": null, "landuse": null }, "geometry": { "type": "Point", "coordinates": [ 121.081810455980715, 14.652918601582867 ] } },
{ "type": "Feature", "properties": { "name": "Blessed Redeemer Christian School", "category": "mixed", "amenity": "school", "building": null, "shop": null, "landuse": null }, "geometry": { "type": "Point", "coordinates": [ 121.035160025935951, 14.691403147303948 ] } },
{ "type": "Feature", "properties": { "name": "Mandauefoam Furniture Center", "category": "mixed", "amenity": null, "building": "yes", "shop": "furniture", "landuse": null }, "geometry": { "type": "Point", "coordinates": [ 121.0089753346371, 14.623675625220306 ] } },
{ "type": "Feature", "properties": { "name": "Sobida", "category": "mixed", "amenity": null, "building": "yes", "shop": "truck", "landuse": null }, "geometry": { "type": "Point", "coordinates": [ 121.021380050075209, 14.634813400033906 ] } },
{ "type": "Feature", "properties": { "name": "Multiple Intelligence School", "category": "mixed", "amenity": "school", "building": null, "shop": null, "landuse": null }, "geometry": { "type": "Point", "coordinates": [ 121.073634856483238, 14.645261464695158 ] } },
{ "type": "Feature", "properties": { "name": "Montessori de Loyola", "category": "mixed", "amenity": "school", "building": "yes", "shop": null, "landuse": null }, "geometry": { "type": "Point", "coordinates": [ 121.069307749419153, 14.642077459064179 ] } },
{ "type": "Feature", "properties": { "name": "Land Transportation Office - San Juan District Office", "category": "mixed", "amenity": null, "building": "office", "shop": null, "landuse": null }, "geometry": { "type": "Point", "coordinates": [ 121.021814324836257, 14.608187705726495 ] } },
{ "type": "Feature", "properties": { "name": "University of the East College of Medicine and Dentistry", "category": "mixed", "amenity": "university", "building": null, "shop": null, "landuse": null }, "geometry": { "type": "Point", "coordinates": [ 121.019990809452452, 14.607661662850182 ] } },
{ "type": "Feature", "properties": { "name": "Central Colleges of the Philippines", "category": "mixed", "amenity": "college", "building": "yes", "shop": null, "landuse": null }, "geometry": { "type": "Point", "coordinates": [ 121.020684041145344, 14.608329322486524 ] } },
{ "type": "Feature", "properties": { "name": "San Roque Supermarket", "category": "mixed", "amenity": null, "building": "commercial", "shop": "supermarket", "landuse": null }, "geometry": { "type": "Point", "coordinates": [ 121.041020124771549, 14.721679228047032 ] } },
{ "type": "Feature", "properties": { "name": "Melencio M. Castelo Elementary School", "category": "mixed", "amenity": "school", "building": null, "shop": null, "landuse": null }, "geometry": { "type": "Point", "coordinates": [ 121.095208536941598, 14.698960106750549 ] } },
{ "type": "Feature", "properties": { "name": "President Corazon C. Aquino Elementary School", "category": "mixed", "amenity": "school", "building": null, "shop": null, "landuse": null }, "geometry": { "type": "Point", "coordinates": [ 121.093632573774798, 14.68953996291514 ] } },
{ "type": "Feature", "properties": { "name": "Lupang Pangako Elementary School", "category": "mixed", "amenity": "school", "building": null, "shop": null, "landuse": null }, "geometry": { "type": "Point", "coordinates": [ 121.107145051358458, 14.719288747139373 ] } },
{ "type": "Feature", "properties": { "name": "Loyola Heights Park", "category": "mixed", "amenity": null, "building": null, "shop": null, "landuse": null }, "geometry": { "type": "Point", "coordinates": [ 121.072872561449159, 14.640740962344376 ] } },
{ "type": "Feature", "properties": { "name": "Filipino Child Learning and Development School", "category": "mixed", "amenity": "school", "building": null, "shop": null, "landuse": null }, "geometry": { "type": "Point", "coordinates": [ 121.073430872905959, 14.636956874504545 ] } },
{ "type": "Feature", "properties": { "name": "Disaster Risk Reduction and Management Building", "category": "mixed", "amenity": null, "building": "public", "shop": null, "landuse": null }, "geometry": { "type": "Point", "coordinates": [ 121.051726002949422, 14.646896293831809 ] } },
{ "type": "Feature", "properties": { "name": "National Ecology Center", "category": "mixed", "amenity": null, "building": "office", "shop": null, "landuse": null }, "geometry": { "type": "Point", "coordinates": [ 121.046444679686502, 14.644936109023806 ] } },
{ "type": "Feature", "properties": { "name": "Central Diliman Barangay Hall", "category": "mixed", "amenity": "townhall", "building": "office", "shop": null, "landuse": null }, "geometry": { "type": "Point", "coordinates": [ 121.050035699999285, 14.642569750002702 ] } },
{ "type": "Feature", "properties": { "name": null, "category": "mixed", "amenity": "school", "building": "yes", "shop": null, "landuse": null }, "geometry": { "type": "Point", "coordinates": [ 121.056201655259883, 14.647049729542996 ] } },
{ "type": "Feature", "properties": { "name": "Mayfield Montessori Academy", "category": "mixed", "amenity": "school", "building": "yes", "shop": null, "landuse": null }, "geometry": { "type": "Point", "coordinates": [ 121.057660523415066, 14.642503906048496 ] } },
{ "type": "Feature", "properties": { "name": "Goodyear Servitek", "category": "mixed", "amenity": null, "building": "yes", "shop": "car_repair", "landuse": null }, "geometry": { "type": "Point", "coordinates": [ 121.041842147187893, 14.633126532729669 ] } },
{ "type": "Feature", "properties": { "name": null, "category": "mixed", "amenity": "marketplace", "building": "roof", "shop": null, "landuse": null }, "geometry": { "type": "Point", "coordinates": [ 121.047322316927051, 14.62880438182729 ] } },
{ "type": "Feature", "properties": { "name": "MetroTiles", "category": "mixed", "amenity": null, "building": "yes", "shop": "hardware", "landuse": null }, "geometry": { "type": "Point", "coordinates": [ 121.034754343202096, 14.631270278730637 ] } },
{ "type": "Feature", "properties": { "name": "Bruno's", "category": "mixed", "amenity": null, "building": "yes", "shop": "hairdresser", "landuse": null }, "geometry": { "type": "Point", "coordinates": [ 121.034465209740105, 14.631972141233234 ] } },
{ "type": "Feature", "properties": { "name": "Tokyo Mart", "category": "mixed", "amenity": null, "building": "commercial", "shop": "convenience", "landuse": null }, "geometry": { "type": "Point", "coordinates": [ 121.026827650547659, 14.640588605286803 ] } },
{ "type": "Feature", "properties": { "name": "Scout Center", "category": "mixed", "amenity": null, "building": "yes", "shop": "mall", "landuse": null }, "geometry": { "type": "Point", "coordinates": [ 121.030556984733735, 14.634130137737944 ] } },
{ "type": "Feature", "properties": { "name": "The Flower Shoppe", "category": "mixed", "amenity": null, "building": "yes", "shop": "florist", "landuse": null }, "geometry": { "type": "Point", "coordinates": [ 121.036928199999025, 14.631304750002688 ] } },
{ "type": "Feature", "properties": { "name": "Sacred Heart Barangay Hall", "category": "mixed", "amenity": "townhall", "building": "yes", "shop": null, "landuse": null }, "geometry": { "type": "Point", "coordinates": [ 121.038589572489968, 14.630445150204046 ] } },
{ "type": "Feature", "properties": { "name": "Habihan School", "category": "mixed", "amenity": "school", "building": "yes", "shop": null, "landuse": null }, "geometry": { "type": "Point", "coordinates": [ 121.032206812055023, 14.641760848700759 ] } },
{ "type": "Feature", "properties": { "name": "Civil Service Commission", "category": "mixed", "amenity": null, "building": "yes", "shop": null, "landuse": null }, "geometry": { "type": "Point", "coordinates": [ 121.035013902208078, 14.641608732686532 ] } },
{ "type": "Feature", "properties": { "name": "Santa Rafaela Maria School", "category": "mixed", "amenity": "school", "building": null, "shop": null, "landuse": null }, "geometry": { "type": "Point", "coordinates": [ 121.072438374754555, 14.63930884253476 ] } },
{ "type": "Feature", "properties": { "name": "Centro Montessori Internationale", "category": "mixed", "amenity": "school", "building": null, "shop": null, "landuse": null }, "geometry": { "type": "Point", "coordinates": [ 121.068115713908981, 14.635858188938524 ] } },
{ "type": "Feature", "properties": { "name": "DILG–NAPOLCOM Center", "category": "mixed", "amenity": null, "building": "office", "shop": null, "landuse": null }, "geometry": { "type": "Point", "coordinates": [ 121.036662019871684, 14.644612762278058 ] } },
{ "type": "Feature", "properties": { "name": "Bureau of Jail Management & Penology National Headquarters", "category": "mixed", "amenity": null, "building": "commercial", "shop": null, "landuse": null }, "geometry": { "type": "Point", "coordinates": [ 121.032442763364315, 14.669372669921506 ] } },
{ "type": "Feature", "properties": { "name": "SM Hypermarket", "category": "mixed", "amenity": null, "building": "yes", "shop": "supermarket", "landuse": null }, "geometry": { "type": "Point", "coordinates": [ 121.054685844183766, 14.614637911261452 ] } },
{ "type": "Feature", "properties": { "name": "New York Medical And Surgical Clinic", "category": "mixed", "amenity": "hospital", "building": "yes", "shop": null, "landuse": null }, "geometry": { "type": "Point", "coordinates": [ 121.051139112754456, 14.626790175832909 ] } },
{ "type": "Feature", "properties": { "name": "Fashion Depot by Dress Up", "category": "mixed", "amenity": null, "building": "commercial", "shop": "second_hand", "landuse": null }, "geometry": { "type": "Point", "coordinates": [ 121.056222056739898, 14.623043682174933 ] } },
{ "type": "Feature", "properties": { "name": "Systems Plus Computer College", "category": "mixed", "amenity": "college", "building": "school", "shop": null, "landuse": null }, "geometry": { "type": "Point", "coordinates": [ 121.043518900032495, 14.624103800052881 ] } },
{ "type": "Feature", "properties": { "name": "Philippine Public Safety College", "category": "mixed", "amenity": "college", "building": "yes", "shop": null, "landuse": null }, "geometry": { "type": "Point", "coordinates": [ 121.054379458126149, 14.611219981443362 ] } },
{ "type": "Feature", "properties": { "name": "AFP Commissary Exchange Service", "category": "mixed", "amenity": null, "building": "yes", "shop": "department_store", "landuse": null }, "geometry": { "type": "Point", "coordinates": [ 121.062118354099624, 14.6119316593579 ] } },
{ "type": "Feature", "properties": { "name": "Isetann", "category": "mixed", "amenity": null, "building": "retail", "shop": "supermarket", "landuse": null }, "geometry": { "type": "Point", "coordinates": [ 121.062132409088861, 14.621265114377779 ] } },
{ "type": "Feature", "properties": { "name": "The Learning Tree Child Growth Center", "category": "mixed", "amenity": "school", "building": "yes", "shop": null, "landuse": null }, "geometry": { "type": "Point", "coordinates": [ 121.058671199973503, 14.628204400022234 ] } },
{ "type": "Feature", "properties": { "name": "Bureau of Fire Protection National Capital Region", "category": "mixed", "amenity": null, "building": "civic", "shop": null, "landuse": null }, "geometry": { "type": "Point", "coordinates": [ 121.046231100153264, 14.627923317995412 ] } },
{ "type": "Feature", "properties": { "name": "Pinagkaisahan Barangay Hall", "category": "mixed", "amenity": "townhall", "building": "public", "shop": null, "landuse": null }, "geometry": { "type": "Point", "coordinates": [ 121.046605609841023, 14.627971681787567 ] } },
{ "type": "Feature", "properties": { "name": "Department of Health 4A Calabarzon", "category": "mixed", "amenity": null, "building": "office", "shop": null, "landuse": null }, "geometry": { "type": "Point", "coordinates": [ 121.073438250014931, 14.622862000038959 ] } },
{ "type": "Feature", "properties": { "name": "Center for Health Development - IV B", "category": "mixed", "amenity": null, "building": "office", "shop": null, "landuse": null }, "geometry": { "type": "Point", "coordinates": [ 121.072758719979078, 14.622938754311825 ] } },
{ "type": "Feature", "properties": { "name": "Department of Health 4B Mimaropa", "category": "mixed", "amenity": null, "building": "office", "shop": null, "landuse": null }, "geometry": { "type": "Point", "coordinates": [ 121.073074524534192, 14.623220847795389 ] } },
{ "type": "Feature", "properties": { "name": "Villarosa Hospital", "category": "mixed", "amenity": "hospital", "building": "hospital", "shop": null, "landuse": null }, "geometry": { "type": "Point", "coordinates": [ 121.066072118359799, 14.62194470223025 ] } },
{ "type": "Feature", "properties": { "name": "Savemore Market", "category": "mixed", "amenity": null, "building": "retail", "shop": "supermarket", "landuse": null }, "geometry": { "type": "Point", "coordinates": [ 121.000080235308474, 14.623244766625609 ] } },
{ "type": "Feature", "properties": { "name": "Land Transportation Office", "category": "mixed", "amenity": null, "building": "office", "shop": null, "landuse": null }, "geometry": { "type": "Point", "coordinates": [ 121.008979454029415, 14.625750865626442 ] } },
{ "type": "Feature", "properties": { "name": "Siloam Christian Academy", "category": "mixed", "amenity": "school", "building": null, "shop": null, "landuse": null }, "geometry": { "type": "Point", "coordinates": [ 121.094340688617706, 14.706970098466968 ] } },
{ "type": "Feature", "properties": { "name": "Blessed Exodus Christian Academy", "category": "mixed", "amenity": "school", "building": "yes", "shop": null, "landuse": null }, "geometry": { "type": "Point", "coordinates": [ 121.100979293490752, 14.719220827908394 ] } },
{ "type": "Feature", "properties": { "name": "Administration and Finance", "category": "mixed", "amenity": null, "building": "office", "shop": null, "landuse": null }, "geometry": { "type": "Point", "coordinates": [ 121.045059660050569, 14.651403869038534 ] } },
{ "type": "Feature", "properties": { "name": "Quezon Heritage House", "category": "mixed", "amenity": null, "building": "terrace", "shop": null, "landuse": null }, "geometry": { "type": "Point", "coordinates": [ 121.050304453905113, 14.649567930497257 ] } },
{ "type": "Feature", "properties": { "name": "New Era Barangay Hall", "category": "mixed", "amenity": "townhall", "building": "yes", "shop": null, "landuse": null }, "geometry": { "type": "Point", "coordinates": [ 121.059502909794247, 14.664757622813495 ] } },
{ "type": "Feature", "properties": { "name": "INC Recreation Center", "category": "mixed", "amenity": "sports", "building": "yes", "shop": null, "landuse": null }, "geometry": { "type": "Point", "coordinates": [ 121.063644917968972, 14.665011290130169 ] } },
{ "type": "Feature", "properties": { "name": "Judge Juan Luna High School", "category": "mixed", "amenity": "school", "building": null, "shop": null, "landuse": null }, "geometry": { "type": "Point", "coordinates": [ 121.02128955379041, 14.650600159304924 ] } },
{ "type": "Feature", "properties": { "name": "Madtracks Auto Center", "category": "mixed", "amenity": null, "building": "yes", "shop": "car_repair", "landuse": null }, "geometry": { "type": "Point", "coordinates": [ 121.004931350045197, 14.640539599969818 ] } },
{ "type": "Feature", "properties": { "name": "The Rock", "category": "mixed", "amenity": null, "building": null, "shop": "mall", "landuse": null }, "geometry": { "type": "Point", "coordinates": [ 121.076957661500856, 14.684617665323223 ] } },
{ "type": "Feature", "properties": { "name": "Puregold Jr.", "category": "mixed", "amenity": null, "building": "yes", "shop": "supermarket", "landuse": null }, "geometry": { "type": "Point", "coordinates": [ 121.078837812102591, 14.682468034991318 ] } },
{ "type": "Feature", "properties": { "name": "Young Scholars Academy Inc.", "category": "mixed", "amenity": "school", "building": "school", "shop": null, "landuse": null }, "geometry": { "type": "Point", "coordinates": [ 121.099495057828989, 14.690223156725731 ] } },
{ "type": "Feature", "properties": { "name": "National Council on Disability Affairs", "category": "mixed", "amenity": null, "building": "yes", "shop": null, "landuse": null }, "geometry": { "type": "Point", "coordinates": [ 121.076890999996465, 14.682676550021755 ] } },
{ "type": "Feature", "properties": { "name": "World Citi Medical Center", "category": "mixed", "amenity": "hospital", "building": "hospital", "shop": null, "landuse": null }, "geometry": { "type": "Point", "coordinates": [ 121.063320146348389, 14.627050430204976 ] } },
{ "type": "Feature", "properties": { "name": "Covered Court", "category": "mixed", "amenity": null, "building": "roof", "shop": null, "landuse": null }, "geometry": { "type": "Point", "coordinates": [ 121.057872549986513, 14.667222250036213 ] } },
{ "type": "Feature", "properties": { "name": "Cashew Learning Center", "category": "mixed", "amenity": "school", "building": "school", "shop": null, "landuse": null }, "geometry": { "type": "Point", "coordinates": [ 121.103128664987068, 14.714955913493325 ] } },
{ "type": "Feature", "properties": { "name": "Children's Mission Philippines - Hills of Grace Foundation", "category": "mixed", "amenity": "school", "building": null, "shop": null, "landuse": null }, "geometry": { "type": "Point", "coordinates": [ 121.106083357622666, 14.711692062814867 ] } },
{ "type": "Feature", "properties": { "name": "Divine Grace Christian Academy", "category": "mixed", "amenity": "school", "building": "yes", "shop": null, "landuse": null }, "geometry": { "type": "Point", "coordinates": [ 121.092207923427694, 14.700105364377515 ] } },
{ "type": "Feature", "properties": { "name": "San Jose Public Market", "category": "mixed", "amenity": "marketplace", "building": "yes", "shop": null, "landuse": null }, "geometry": { "type": "Point", "coordinates": [ 120.994895099953709, 14.632044350050853 ] } },
{ "type": "Feature", "properties": { "name": "Nodado General Hospital", "category": "mixed", "amenity": "hospital", "building": null, "shop": null, "landuse": null }, "geometry": { "type": "Point", "coordinates": [ 121.04747344808429, 14.738274043716892 ] } },
{ "type": "Feature", "properties": { "name": "National Dairy Authority", "category": "mixed", "amenity": null, "building": "yes", "shop": null, "landuse": null }, "geometry": { "type": "Point", "coordinates": [ 121.048448761395051, 14.657187495188072 ] } },
{ "type": "Feature", "properties": { "name": "Civil Service Commission - Metro Manila", "category": "mixed", "amenity": null, "building": "public", "shop": null, "landuse": null }, "geometry": { "type": "Point", "coordinates": [ 121.007944800025882, 14.620856100017997 ] } },
{ "type": "Feature", "properties": { "name": "Bonifacio Memorial Elementary School", "category": "mixed", "amenity": "school", "building": null, "shop": null, "landuse": null }, "geometry": { "type": "Point", "coordinates": [ 120.99919423681537, 14.658134658342789 ] } },
{ "type": "Feature", "properties": { "name": "Puregold Jr.", "category": "mixed", "amenity": null, "building": "yes", "shop": "supermarket", "landuse": null }, "geometry": { "type": "Point", "coordinates": [ 121.082333342849253, 14.674963352018729 ] } },
{ "type": "Feature", "properties": { "name": "E-jeep AGS Station", "category": "mixed", "amenity": "bus_station", "building": null, "shop": null, "landuse": null }, "geometry": { "type": "Point", "coordinates": [ 121.074789878328531, 14.634644002465535 ] } },
{ "type": "Feature", "properties": { "name": "Family Montessori Preschool of Loyola", "category": "mixed", "amenity": "school", "building": null, "shop": null, "landuse": null }, "geometry": { "type": "Point", "coordinates": [ 121.072892977863248, 14.638017926158824 ] } },
{ "type": "Feature", "properties": { "name": "PEDIAmorphosos HOUSE Preschool", "category": "mixed", "amenity": "school", "building": null, "shop": null, "landuse": null }, "geometry": { "type": "Point", "coordinates": [ 121.072465553688872, 14.636871161676916 ] } },
{ "type": "Feature", "properties": { "name": "Eastwood Central Plaza", "category": "mixed", "amenity": null, "building": null, "shop": null, "landuse": null }, "geometry": { "type": "Point", "coordinates": [ 121.080626606675807, 14.609058024622538 ] } },
{ "type": "Feature", "properties": { "name": "SM City North EDSA Bus Terminal", "category": "mixed", "amenity": "bus_station", "building": "transportation", "shop": null, "landuse": null }, "geometry": { "type": "Point", "coordinates": [ 121.029119250899441, 14.656196173082011 ] } },
{ "type": "Feature", "properties": { "name": "Bahay Modernismo", "category": "mixed", "amenity": null, "building": "yes", "shop": null, "landuse": null }, "geometry": { "type": "Point", "coordinates": [ 121.050709747074876, 14.649321167912182 ] } },
{ "type": "Feature", "properties": { "name": "Century Hall", "category": "mixed", "amenity": null, "building": "yes", "shop": null, "landuse": null }, "geometry": { "type": "Point", "coordinates": [ 121.050967165415742, 14.649687069851201 ] } },
{ "type": "Feature", "properties": { "name": "Palanas Multi-purpose Covered Court", "category": "mixed", "amenity": null, "building": "roof", "shop": null, "landuse": null }, "geometry": { "type": "Point", "coordinates": [ 121.04545599998751, 14.653591449990326 ] } },
{ "type": "Feature", "properties": { "name": "Dr. Carlos Lanting College Annex Building", "category": "mixed", "amenity": "university", "building": "yes", "shop": null, "landuse": null }, "geometry": { "type": "Point", "coordinates": [ 121.021365636608081, 14.679907909681065 ] } },
{ "type": "Feature", "properties": { "name": "Dr. Carlos Lanting College", "category": "mixed", "amenity": "college", "building": null, "shop": null, "landuse": null }, "geometry": { "type": "Point", "coordinates": [ 121.020659768808329, 14.679397793235752 ] } },
{ "type": "Feature", "properties": { "name": "Sacred Heart Academy of Novaliches", "category": "mixed", "amenity": "school", "building": null, "shop": null, "landuse": null }, "geometry": { "type": "Point", "coordinates": [ 121.049066428640103, 14.732437630990436 ] } },
{ "type": "Feature", "properties": { "name": "Lagro Centennial Park", "category": "mixed", "amenity": null, "building": null, "shop": null, "landuse": null }, "geometry": { "type": "Point", "coordinates": [ 121.066437567118996, 14.718405116369809 ] } },
{ "type": "Feature", "properties": { "name": "Senior High School in Apolonio Samson", "category": "mixed", "amenity": "school", "building": null, "shop": null, "landuse": null }, "geometry": { "type": "Point", "coordinates": [ 121.011535823780932, 14.654947408474969 ] } },
{ "type": "Feature", "properties": { "name": "Our Lady of Fatima University", "category": "mixed", "amenity": "university", "building": null, "shop": null, "landuse": null }, "geometry": { "type": "Point", "coordinates": [ 121.070566669532795, 14.734654321517747 ] } },
{ "type": "Feature", "properties": { "name": "Ukay Ukay", "category": "mixed", "amenity": null, "building": "yes", "shop": "clothes", "landuse": null }, "geometry": { "type": "Point", "coordinates": [ 121.067006549995625, 14.729698450002065 ] } },
{ "type": "Feature", "properties": { "name": "Philippine Medical Women's School", "category": "mixed", "amenity": "school", "building": null, "shop": null, "landuse": null }, "geometry": { "type": "Point", "coordinates": [ 121.048443850019297, 14.637740050151177 ] } },
{ "type": "Feature", "properties": { "name": "Resurrection Catholic School", "category": "mixed", "amenity": "school", "building": "school", "shop": null, "landuse": null }, "geometry": { "type": "Point", "coordinates": [ 121.030151567872892, 14.697243507769004 ] } },
{ "type": "Feature", "properties": { "name": "Culiat Elementary School", "category": "mixed", "amenity": "school", "building": null, "shop": null, "landuse": null }, "geometry": { "type": "Point", "coordinates": [ 121.057357132813763, 14.666691639426443 ] } },
{ "type": "Feature", "properties": { "name": "Land Transportation Franchising and Regulatory Board", "category": "mixed", "amenity": null, "building": null, "shop": null, "landuse": "commercial" }, "geometry": { "type": "Point", "coordinates": [ 121.045888052807484, 14.63502345675839 ] } },
{ "type": "Feature", "properties": { "name": "Agricultural Training Institute", "category": "mixed", "amenity": null, "building": "yes", "shop": null, "landuse": null }, "geometry": { "type": "Point", "coordinates": [ 121.048594350838073, 14.655102834416311 ] } },
{ "type": "Feature", "properties": { "name": "Power Mac Center", "category": "mixed", "amenity": null, "building": "retail", "shop": "computer", "landuse": null }, "geometry": { "type": "Point", "coordinates": [ 121.080233906874227, 14.609605720310761 ] } },
{ "type": "Feature", "properties": { "name": null, "category": "mixed", "amenity": null, "building": null, "shop": null, "landuse": null }, "geometry": { "type": "Point", "coordinates": [ 121.061567277593355, 14.591036868530201 ] } },
{ "type": "Feature", "properties": { "name": "Ernesto Rondon High School", "category": "mixed", "amenity": "school", "building": null, "shop": null, "landuse": null }, "geometry": { "type": "Point", "coordinates": [ 121.037514997839054, 14.664543611151638 ] } },
{ "type": "Feature", "properties": { "name": "Project 6 Elementary School", "category": "mixed", "amenity": "school", "building": null, "shop": null, "landuse": null }, "geometry": { "type": "Point", "coordinates": [ 121.039850391965885, 14.662528923478046 ] } },
{ "type": "Feature", "properties": { "name": "Bagumbayan Elementary School", "category": "mixed", "amenity": "school", "building": null, "shop": null, "landuse": null }, "geometry": { "type": "Point", "coordinates": [ 121.082756893450494, 14.607895712734157 ] } },
{ "type": "Feature", "properties": { "name": null, "category": "mixed", "amenity": null, "building": null, "shop": null, "landuse": null }, "geometry": { "type": "Point", "coordinates": [ 121.038234299148684, 14.611912049216123 ] } },
{ "type": "Feature", "properties": { "name": "Balintawak", "category": "mixed", "amenity": null, "building": "yes", "shop": null, "landuse": null }, "geometry": { "type": "Point", "coordinates": [ 121.003895321982597, 14.657418862434918 ] } },
{ "type": "Feature", "properties": { "name": "Fernando Poe Jr.", "category": "mixed", "amenity": null, "building": "transportation", "shop": null, "landuse": null }, "geometry": { "type": "Point", "coordinates": [ 121.021140040232879, 14.657542767130513 ] } },
{ "type": "Feature", "properties": { "name": "Katipunan", "category": "mixed", "amenity": null, "building": "transportation", "shop": null, "landuse": null }, "geometry": { "type": "Point", "coordinates": [ 121.072899225388923, 14.631040318805661 ] } },
{ "type": "Feature", "properties": { "name": "Laging Handa Barangay Hall", "category": "mixed", "amenity": "townhall", "building": "civic", "shop": null, "landuse": null }, "geometry": { "type": "Point", "coordinates": [ 121.032701721516631, 14.632304041353976 ] } },
{ "type": "Feature", "properties": { "name": "Molave Garden Wet Market", "category": "mixed", "amenity": "marketplace", "building": "commercial", "shop": null, "landuse": null }, "geometry": { "type": "Point", "coordinates": [ 121.064486900006116, 14.629037899995835 ] } },
{ "type": "Feature", "properties": { "name": "UP Town Center Mall (second home)", "category": "mixed", "amenity": null, "building": "retail", "shop": "mall", "landuse": null }, "geometry": { "type": "Point", "coordinates": [ 121.07490473610811, 14.651426977775126 ] } },
{ "type": "Feature", "properties": { "name": "Landers Superstore", "category": "mixed", "amenity": null, "building": null, "shop": "wholesale", "landuse": "retail" }, "geometry": { "type": "Point", "coordinates": [ 121.012338987754958, 14.658800664375114 ] } },
{ "type": "Feature", "properties": { "name": "National Headquarters", "category": "mixed", "amenity": null, "building": "commercial", "shop": null, "landuse": null }, "geometry": { "type": "Point", "coordinates": [ 121.0378217958542, 14.652038653661203 ] } },
{ "type": "Feature", "properties": { "name": null, "category": "mixed", "amenity": null, "building": null, "shop": null, "landuse": null }, "geometry": { "type": "Point", "coordinates": [ 121.061955849428642, 14.611032613040663 ] } },
{ "type": "Feature", "properties": { "name": "Chery", "category": "mixed", "amenity": null, "building": "yes", "shop": "car", "landuse": null }, "geometry": { "type": "Point", "coordinates": [ 121.021712999984203, 14.657850149983883 ] } },
{ "type": "Feature", "properties": { "name": "Sinag-Tala Elementary School", "category": "mixed", "amenity": "school", "building": null, "shop": null, "landuse": null }, "geometry": { "type": "Point", "coordinates": [ 121.01574093224508, 14.650083269079371 ] } },
{ "type": "Feature", "properties": { "name": "Jose Abad Santos Memorial School", "category": "mixed", "amenity": "school", "building": null, "shop": null, "landuse": null }, "geometry": { "type": "Point", "coordinates": [ 121.020402775402076, 14.663091159526449 ] } },
{ "type": "Feature", "properties": { "name": "Star Market 3", "category": "mixed", "amenity": "marketplace", "building": "retail", "shop": null, "landuse": null }, "geometry": { "type": "Point", "coordinates": [ 121.041320027331153, 14.723419337648497 ] } },
{ "type": "Feature", "properties": { "name": "CI Market Old", "category": "mixed", "amenity": "marketplace", "building": "retail", "shop": null, "landuse": null }, "geometry": { "type": "Point", "coordinates": [ 121.04132737236813, 14.723232466360793 ] } },
{ "type": "Feature", "properties": { "name": "Rosa L. Susano Elementary School", "category": "mixed", "amenity": "school", "building": null, "shop": null, "landuse": null }, "geometry": { "type": "Point", "coordinates": [ 121.040779896333035, 14.717313606768238 ] } },
{ "type": "Feature", "properties": { "name": "Villa Verde Elementary School", "category": "mixed", "amenity": "school", "building": null, "shop": null, "landuse": null }, "geometry": { "type": "Point", "coordinates": [ 121.04693915674639, 14.722756685490124 ] } },
{ "type": "Feature", "properties": { "name": "Foton Cars", "category": "mixed", "amenity": null, "building": "yes", "shop": "car", "landuse": null }, "geometry": { "type": "Point", "coordinates": [ 120.995101862341727, 14.647791045201583 ] } },
{ "type": "Feature", "properties": { "name": "Paltok Elementary School", "category": "mixed", "amenity": "school", "building": "yes", "shop": null, "landuse": null }, "geometry": { "type": "Point", "coordinates": [ 121.022344950037066, 14.64297029999471 ] } },
{ "type": "Feature", "properties": { "name": "San Lorenzo Basketball Court", "category": "mixed", "amenity": null, "building": null, "shop": null, "landuse": null }, "geometry": { "type": "Point", "coordinates": [ 121.07131674246196, 14.668590202814695 ] } },
{ "type": "Feature", "properties": { "name": "Tierra Bella Park", "category": "mixed", "amenity": null, "building": null, "shop": null, "landuse": null }, "geometry": { "type": "Point", "coordinates": [ 121.064019427281835, 14.668502581477403 ] } },
{ "type": "Feature", "properties": { "name": "Robinsons Magnolia Park", "category": "mixed", "amenity": null, "building": null, "shop": null, "landuse": null }, "geometry": { "type": "Point", "coordinates": [ 121.038391396393649, 14.614339315114309 ] } },
{ "type": "Feature", "properties": { "name": "Dexterton Corporation", "category": "mixed", "amenity": null, "building": "commercial", "shop": "home_imrpvement", "landuse": null }, "geometry": { "type": "Point", "coordinates": [ 121.00300961743838, 14.645009174818249 ] } },
{ "type": "Feature", "properties": { "name": "Science Complex Park", "category": "mixed", "amenity": null, "building": null, "shop": null, "landuse": null }, "geometry": { "type": "Point", "coordinates": [ 121.070342620490123, 14.64892384064048 ] } },
{ "type": "Feature", "properties": { "name": "Don Jose Recreational Park", "category": "mixed", "amenity": null, "building": null, "shop": null, "landuse": null }, "geometry": { "type": "Point", "coordinates": [ 121.080113043682871, 14.701056553592061 ] } },
{ "type": "Feature", "properties": { "name": "Don Jose Soccer Field", "category": "mixed", "amenity": null, "building": null, "shop": null, "landuse": null }, "geometry": { "type": "Point", "coordinates": [ 121.080027749903167, 14.701281849971997 ] } },
{ "type": "Feature", "properties": { "name": "Holy Family Parochial School", "category": "mixed", "amenity": "school", "building": "school", "shop": null, "landuse": null }, "geometry": { "type": "Point", "coordinates": [ 121.021180582414459, 14.627460947353756 ] } },
{ "type": "Feature", "properties": { "name": "General Roxas Elementary School", "category": "mixed", "amenity": "school", "building": null, "shop": null, "landuse": null }, "geometry": { "type": "Point", "coordinates": [ 121.022323193255232, 14.627787972440302 ] } },
{ "type": "Feature", "properties": { "name": "Stepping Stone Montessori", "category": "mixed", "amenity": "school", "building": null, "shop": null, "landuse": null }, "geometry": { "type": "Point", "coordinates": [ 121.020638838515566, 14.628375736662747 ] } },
{ "type": "Feature", "properties": { "name": "Roxas Public Market", "category": "mixed", "amenity": "marketplace", "building": null, "shop": null, "landuse": "retail" }, "geometry": { "type": "Point", "coordinates": [ 121.019433547500455, 14.628973733500365 ] } },
{ "type": "Feature", "properties": { "name": "Philippine National Police General Hospital", "category": "mixed", "amenity": "hospital", "building": null, "shop": null, "landuse": null }, "geometry": { "type": "Point", "coordinates": [ 121.05206504063311, 14.609694661980361 ] } },
{ "type": "Feature", "properties": { "name": "DPWH Quezon City 2nd District Engineering Office", "category": "mixed", "amenity": null, "building": null, "shop": null, "landuse": "commercial" }, "geometry": { "type": "Point", "coordinates": [ 121.044275230598259, 14.63505639552238 ] } },
{ "type": "Feature", "properties": { "name": "Bernardino General Hospital", "category": "mixed", "amenity": "hospital", "building": null, "shop": null, "landuse": null }, "geometry": { "type": "Point", "coordinates": [ 121.046633023486535, 14.740163111322698 ] } },
{ "type": "Feature", "properties": { "name": "PNP Museum", "category": "mixed", "amenity": null, "building": null, "shop": null, "landuse": null }, "geometry": { "type": "Point", "coordinates": [ 121.054786487598292, 14.609940680705098 ] } },
{ "type": "Feature", "properties": { "name": "UP Engineering Complex", "category": "mixed", "amenity": "college", "building": null, "shop": null, "landuse": null }, "geometry": { "type": "Point", "coordinates": [ 121.066887216427062, 14.648626652107582 ] } },
{ "type": "Feature", "properties": { "name": "Engineering Unity Path Park", "category": "mixed", "amenity": null, "building": null, "shop": null, "landuse": null }, "geometry": { "type": "Point", "coordinates": [ 121.067762095550634, 14.649022106386766 ] } },
{ "type": "Feature", "properties": { "name": "DA Region IV-A Field Office", "category": "mixed", "amenity": null, "building": "office", "shop": null, "landuse": null }, "geometry": { "type": "Point", "coordinates": [ 121.047175049943846, 14.655924800038099 ] } },
{ "type": "Feature", "properties": { "name": "Super8", "category": "mixed", "amenity": null, "building": "retail", "shop": "supermarket", "landuse": null }, "geometry": { "type": "Point", "coordinates": [ 121.087203841247202, 14.701610668898164 ] } },
{ "type": "Feature", "properties": { "name": "Bureau of Soils and Water Management (BSWM)", "category": "mixed", "amenity": null, "building": "yes", "shop": null, "landuse": null }, "geometry": { "type": "Point", "coordinates": [ 121.046579673499181, 14.65442915625357 ] } },
{ "type": "Feature", "properties": { "name": null, "category": "mixed", "amenity": null, "building": "roof", "shop": null, "landuse": null }, "geometry": { "type": "Point", "coordinates": [ 121.06111301078613, 14.632184837916361 ] } },
{ "type": "Feature", "properties": { "name": "Metro Supermarket", "category": "mixed", "amenity": null, "building": "yes", "shop": "supermarket", "landuse": null }, "geometry": { "type": "Point", "coordinates": [ 121.02744103236742, 14.622523235024374 ] } },
{ "type": "Feature", "properties": { "name": "Super 8", "category": "mixed", "amenity": null, "building": "retail", "shop": "supermarket", "landuse": null }, "geometry": { "type": "Point", "coordinates": [ 121.017095852939292, 14.624801065129542 ] } },
{ "type": "Feature", "properties": { "name": "SSG", "category": "mixed", "amenity": null, "building": "yes", "shop": "supermarket", "landuse": null }, "geometry": { "type": "Point", "coordinates": [ 121.015116599958006, 14.63894414998839 ] } },
{ "type": "Feature", "properties": { "name": "Puregold", "category": "mixed", "amenity": null, "building": "retail", "shop": "supermarket", "landuse": null }, "geometry": { "type": "Point", "coordinates": [ 121.031674042343411, 14.63810665202441 ] } },
{ "type": "Feature", "properties": { "name": "Bulwagang Pambarangay ng Manresa", "category": "mixed", "amenity": "townhall", "building": "civic", "shop": null, "landuse": null }, "geometry": { "type": "Point", "coordinates": [ 121.003176349292303, 14.641499489785382 ] } },
{ "type": "Feature", "properties": { "name": "Dr. Montano G. Ramos General Hospital", "category": "mixed", "amenity": null, "building": "hospital", "shop": null, "landuse": null }, "geometry": { "type": "Point", "coordinates": [ 121.023597174794389, 14.659386006181904 ] } },
{ "type": "Feature", "properties": { "name": "Masambong Park", "category": "mixed", "amenity": null, "building": null, "shop": null, "landuse": null }, "geometry": { "type": "Point", "coordinates": [ 121.011284313762374, 14.640929341105092 ] } },
{ "type": "Feature", "properties": { "name": "University Avenue", "category": "mixed", "amenity": null, "building": "construction", "shop": null, "landuse": null }, "geometry": { "type": "Point", "coordinates": [ 121.054921397355145, 14.655036301066586 ] } },
{ "type": "Feature", "properties": { "name": "RD8 Bakery", "category": "mixed", "amenity": null, "building": "yes", "shop": "bakery", "landuse": null }, "geometry": { "type": "Point", "coordinates": [ 121.074609778389473, 14.658227662656698 ] } },
{ "type": "Feature", "properties": { "name": "Ayala Malls Cloverleaf", "category": "mixed", "amenity": null, "building": "retail", "shop": "mall", "landuse": null }, "geometry": { "type": "Point", "coordinates": [ 121.000692710374111, 14.655169340887291 ] } },
{ "type": "Feature", "properties": { "name": null, "category": "mixed", "amenity": null, "building": "roof", "shop": null, "landuse": null }, "geometry": { "type": "Point", "coordinates": [ 121.055339000035559, 14.628724199999342 ] } },
{ "type": "Feature", "properties": { "name": "West Kamias Barangay Hall", "category": "mixed", "amenity": "townhall", "building": "public", "shop": null, "landuse": null }, "geometry": { "type": "Point", "coordinates": [ 121.047445760294167, 14.628738475157574 ] } },
{ "type": "Feature", "properties": { "name": "Bureau of Animal Industry", "category": "mixed", "amenity": null, "building": "yes", "shop": null, "landuse": null }, "geometry": { "type": "Point", "coordinates": [ 121.046896744772894, 14.656285667387547 ] } },
{ "type": "Feature", "properties": { "name": "National Bureau Of Plants And Industry", "category": "mixed", "amenity": null, "building": "public", "shop": null, "landuse": null }, "geometry": { "type": "Point", "coordinates": [ 121.047375283374322, 14.655407190303039 ] } },
{ "type": "Feature", "properties": { "name": "PCA Regions I-III and CAR Building", "category": "mixed", "amenity": null, "building": "yes", "shop": null, "landuse": null }, "geometry": { "type": "Point", "coordinates": [ 121.052235971297776, 14.654245302742808 ] } },
{ "type": "Feature", "properties": { "name": "Rose", "category": "mixed", "amenity": null, "building": "yes", "shop": "general", "landuse": null }, "geometry": { "type": "Point", "coordinates": [ 121.014713049990036, 14.636803999999129 ] } },
{ "type": "Feature", "properties": { "name": "7-Eleven", "category": "mixed", "amenity": null, "building": "retail", "shop": "convenience", "landuse": null }, "geometry": { "type": "Point", "coordinates": [ 121.028408500014152, 14.623284850003657 ] } },
{ "type": "Feature", "properties": { "name": "Bahay Pamahalaan ng Barangay Kalusugan", "category": "mixed", "amenity": "townhall", "building": "civic", "shop": null, "landuse": null }, "geometry": { "type": "Point", "coordinates": [ 121.022441950007988, 14.625679050001787 ] } },
{ "type": "Feature", "properties": { "name": "Watsons", "category": "mixed", "amenity": null, "building": "yes", "shop": "chemist", "landuse": null }, "geometry": { "type": "Point", "coordinates": [ 121.023836950290658, 14.621439716774104 ] } },
{ "type": "Feature", "properties": { "name": "Hope General Hopital", "category": "mixed", "amenity": "hospital", "building": "hospital", "shop": null, "landuse": null }, "geometry": { "type": "Point", "coordinates": [ 121.039033444065879, 14.719300220462181 ] } },
{ "type": "Feature", "properties": { "name": "Casaul General Hospital", "category": "mixed", "amenity": "hospital", "building": "yes", "shop": null, "landuse": null }, "geometry": { "type": "Point", "coordinates": [ 121.020582052448503, 14.679374849622917 ] } },
{ "type": "Feature", "properties": { "name": "Quezon Memorial Circle", "category": "mixed", "amenity": null, "building": "construction", "shop": null, "landuse": null }, "geometry": { "type": "Point", "coordinates": [ 121.047697472845613, 14.652255830191814 ] } },
{ "type": "Feature", "properties": { "name": "Krus na Ligas High School", "category": "mixed", "amenity": "school", "building": null, "shop": null, "landuse": null }, "geometry": { "type": "Point", "coordinates": [ 121.06230869143775, 14.644610804174405 ] } },
{ "type": "Feature", "properties": { "name": "Commision on Elections", "category": "mixed", "amenity": null, "building": "commercial", "shop": null, "landuse": null }, "geometry": { "type": "Point", "coordinates": [ 121.029508449997948, 14.659175800021673 ] } },
{ "type": "Feature", "properties": { "name": "Daza Park", "category": "mixed", "amenity": null, "building": null, "shop": null, "landuse": null }, "geometry": { "type": "Point", "coordinates": [ 121.065784356543716, 14.602020509805426 ] } },
{ "type": "Feature", "properties": { "name": null, "category": "mixed", "amenity": null, "building": "office", "shop": null, "landuse": null }, "geometry": { "type": "Point", "coordinates": [ 121.048565095383211, 14.656531846786367 ] } },
{ "type": "Feature", "properties": { "name": null, "category": "mixed", "amenity": null, "building": "office", "shop": null, "landuse": null }, "geometry": { "type": "Point", "coordinates": [ 121.048854580578421, 14.656233958783853 ] } },
{ "type": "Feature", "properties": { "name": "ShopKing by Xentro Mall", "category": "mixed", "amenity": null, "building": "retail", "shop": "mall", "landuse": null }, "geometry": { "type": "Point", "coordinates": [ 121.082551169277508, 14.705374769829927 ] } },
{ "type": "Feature", "properties": { "name": null, "category": "mixed", "amenity": null, "building": null, "shop": null, "landuse": null }, "geometry": { "type": "Point", "coordinates": [ 121.0695492715206, 14.650453807651433 ] } },
{ "type": "Feature", "properties": { "name": null, "category": "mixed", "amenity": null, "building": null, "shop": null, "landuse": null }, "geometry": { "type": "Point", "coordinates": [ 121.088313468221102, 14.687046297663766 ] } },
{ "type": "Feature", "properties": { "name": "Ayala Malls Vertis North", "category": "mixed", "amenity": null, "building": null, "shop": "mall", "landuse": "commercial" }, "geometry": { "type": "Point", "coordinates": [ 121.035825625136653, 14.651949249368032 ] } },
{ "type": "Feature", "properties": { "name": null, "category": "mixed", "amenity": null, "building": null, "shop": null, "landuse": null }, "geometry": { "type": "Point", "coordinates": [ 121.066015505658854, 14.656213476776912 ] } },
{ "type": "Feature", "properties": { "name": null, "category": "mixed", "amenity": null, "building": null, "shop": null, "landuse": null }, "geometry": { "type": "Point", "coordinates": [ 121.063366042633405, 14.612217071359504 ] } },
{ "type": "Feature", "properties": { "name": "Delfin M. Geraldez Memorial Elementary School", "category": "mixed", "amenity": "school", "building": null, "shop": null, "landuse": null }, "geometry": { "type": "Point", "coordinates": [ 121.052795964235415, 14.730270565159397 ] } },
{ "type": "Feature", "properties": { "name": "Barangay Pansol Kaingin 1 Satellite Barangay Office", "category": "mixed", "amenity": "townhall", "building": "civic", "shop": null, "landuse": null }, "geometry": { "type": "Point", "coordinates": [ 121.082770949998746, 14.655570000001584 ] } },
{ "type": "Feature", "properties": { "name": "LTO Cubao", "category": "mixed", "amenity": null, "building": null, "shop": null, "landuse": "commercial" }, "geometry": { "type": "Point", "coordinates": [ 121.060868373151067, 14.623199736206088 ] } },
{ "type": "Feature", "properties": { "name": "Robinsons Townville", "category": "mixed", "amenity": null, "building": "retail", "shop": "mall", "landuse": null }, "geometry": { "type": "Point", "coordinates": [ 121.066819570698186, 14.695702996125357 ] } },
{ "type": "Feature", "properties": { "name": "Court of Tax Appeals", "category": "mixed", "amenity": "courthouse", "building": null, "shop": null, "landuse": "commercial" }, "geometry": { "type": "Point", "coordinates": [ 121.041182825756565, 14.64851940394653 ] } },
{ "type": "Feature", "properties": { "name": "Quezon Institute Compound", "category": "mixed", "amenity": "hospital", "building": null, "shop": null, "landuse": null }, "geometry": { "type": "Point", "coordinates": [ 121.012169964318815, 14.616554724097044 ] } },
{ "type": "Feature", "properties": { "name": "Balumbato Elementary School", "category": "mixed", "amenity": "school", "building": null, "shop": null, "landuse": null }, "geometry": { "type": "Point", "coordinates": [ 121.003817797159627, 14.662874813904315 ] } },
{ "type": "Feature", "properties": { "name": "Registry of Deeds - Quezon City", "category": "mixed", "amenity": null, "building": "yes", "shop": null, "landuse": null }, "geometry": { "type": "Point", "coordinates": [ 121.045316618719255, 14.63852334692243 ] } },
{ "type": "Feature", "properties": { "name": "Quezon City Hall Park and Lagoon", "category": "mixed", "amenity": null, "building": null, "shop": null, "landuse": null }, "geometry": { "type": "Point", "coordinates": [ 121.049151968967763, 14.647822742780338 ] } },
{ "type": "Feature", "properties": { "name": "Children's Park", "category": "mixed", "amenity": null, "building": null, "shop": null, "landuse": null }, "geometry": { "type": "Point", "coordinates": [ 121.050752019711823, 14.647927224591374 ] } },
{ "type": "Feature", "properties": { "name": null, "category": "mixed", "amenity": null, "building": null, "shop": null, "landuse": null }, "geometry": { "type": "Point", "coordinates": [ 121.050638109043078, 14.647225472517782 ] } },
{ "type": "Feature", "properties": { "name": null, "category": "mixed", "amenity": null, "building": null, "shop": null, "landuse": null }, "geometry": { "type": "Point", "coordinates": [ 121.050845222062748, 14.646942986357121 ] } },
{ "type": "Feature", "properties": { "name": null, "category": "mixed", "amenity": null, "building": null, "shop": null, "landuse": null }, "geometry": { "type": "Point", "coordinates": [ 121.031341390230637, 14.649019329188834 ] } },
{ "type": "Feature", "properties": { "name": "GSIS Village Elementary School", "category": "mixed", "amenity": "school", "building": null, "shop": null, "landuse": null }, "geometry": { "type": "Point", "coordinates": [ 121.02159206695687, 14.674576493206834 ] } },
{ "type": "Feature", "properties": { "name": "Ismael Mathay, Sr. High School", "category": "mixed", "amenity": "school", "building": null, "shop": null, "landuse": null }, "geometry": { "type": "Point", "coordinates": [ 121.022096456535564, 14.675634336113548 ] } },
{ "type": "Feature", "properties": { "name": null, "category": "mixed", "amenity": null, "building": null, "shop": null, "landuse": null }, "geometry": { "type": "Point", "coordinates": [ 121.041833733332837, 14.660040866756846 ] } },
{ "type": "Feature", "properties": { "name": null, "category": "mixed", "amenity": null, "building": "yes", "shop": null, "landuse": null }, "geometry": { "type": "Point", "coordinates": [ 121.051284837868451, 14.651165182651129 ] } },
{ "type": "Feature", "properties": { "name": null, "category": "mixed", "amenity": null, "building": "yes", "shop": null, "landuse": null }, "geometry": { "type": "Point", "coordinates": [ 121.051420255168154, 14.651576106974005 ] } },
{ "type": "Feature", "properties": { "name": "Filinvest Homes 2 Clubhouse Park", "category": "mixed", "amenity": null, "building": null, "shop": null, "landuse": null }, "geometry": { "type": "Point", "coordinates": [ 121.104282023807045, 14.692629681665462 ] } },
{ "type": "Feature", "properties": { "name": null, "category": "mixed", "amenity": "townhall", "building": "yes", "shop": null, "landuse": null }, "geometry": { "type": "Point", "coordinates": [ 121.028393665355125, 14.659719352282606 ] } },
{ "type": "Feature", "properties": { "name": null, "category": "mixed", "amenity": "townhall", "building": "yes", "shop": null, "landuse": null }, "geometry": { "type": "Point", "coordinates": [ 121.027747840594984, 14.659872740834578 ] } },
{ "type": "Feature", "properties": { "name": "North Triangle Common Station", "category": "mixed", "amenity": null, "building": "transportation", "shop": null, "landuse": null }, "geometry": { "type": "Point", "coordinates": [ 121.031102622216636, 14.655025717795912 ] } },
{ "type": "Feature", "properties": { "name": null, "category": "mixed", "amenity": null, "building": "retail", "shop": "convenience", "landuse": null }, "geometry": { "type": "Point", "coordinates": [ 121.068452327857742, 14.654095193103553 ] } },
{ "type": "Feature", "properties": { "name": "basketball court", "category": "mixed", "amenity": null, "building": null, "shop": null, "landuse": null }, "geometry": { "type": "Point", "coordinates": [ 121.019924230431499, 14.60773267970769 ] } },
{ "type": "Feature", "properties": { "name": null, "category": "mixed", "amenity": null, "building": null, "shop": null, "landuse": null }, "geometry": { "type": "Point", "coordinates": [ 121.076635162659414, 14.640577152603541 ] } },
{ "type": "Feature", "properties": { "name": "Santa Lucia High School", "category": "mixed", "amenity": "school", "building": null, "shop": null, "landuse": null }, "geometry": { "type": "Point", "coordinates": [ 121.049514798567444, 14.70462937943562 ] } },
{ "type": "Feature", "properties": { "name": "CW Home Depot", "category": "mixed", "amenity": null, "building": null, "shop": "hardware", "landuse": "retail" }, "geometry": { "type": "Point", "coordinates": [ 121.07498544664233, 14.667367117342176 ] } },
{ "type": "Feature", "properties": { "name": null, "category": "mixed", "amenity": null, "building": null, "shop": null, "landuse": null }, "geometry": { "type": "Point", "coordinates": [ 121.063400636202857, 14.662563171268502 ] } },
{ "type": "Feature", "properties": { "name": "Cordis Mariae School", "category": "mixed", "amenity": "school", "building": null, "shop": null, "landuse": null }, "geometry": { "type": "Point", "coordinates": [ 121.079601389409248, 14.69669615839787 ] } },
{ "type": "Feature", "properties": { "name": null, "category": "mixed", "amenity": null, "building": null, "shop": null, "landuse": null }, "geometry": { "type": "Point", "coordinates": [ 121.034001430421227, 14.65308740242949 ] } },
{ "type": "Feature", "properties": { "name": null, "category": "mixed", "amenity": null, "building": null, "shop": null, "landuse": null }, "geometry": { "type": "Point", "coordinates": [ 121.034363014082558, 14.653947253427908 ] } },
{ "type": "Feature", "properties": { "name": null, "category": "mixed", "amenity": null, "building": null, "shop": null, "landuse": null }, "geometry": { "type": "Point", "coordinates": [ 121.0345701792792, 14.654126353591449 ] } },
{ "type": "Feature", "properties": { "name": "Sergio Osmeña, Sr. High School", "category": "mixed", "amenity": "school", "building": null, "shop": null, "landuse": null }, "geometry": { "type": "Point", "coordinates": [ 121.007051468964875, 14.639564825153453 ] } },
{ "type": "Feature", "properties": { "name": "San Jose Elementary School", "category": "mixed", "amenity": "school", "building": null, "shop": null, "landuse": null }, "geometry": { "type": "Point", "coordinates": [ 120.993444184616422, 14.639827544301705 ] } },
{ "type": "Feature", "properties": { "name": "Our Lady of the Holy Rosary School of Fairview", "category": "mixed", "amenity": "school", "building": null, "shop": null, "landuse": null }, "geometry": { "type": "Point", "coordinates": [ 121.055884781730754, 14.729292183737336 ] } },
{ "type": "Feature", "properties": { "name": "SM Fairview - Public Transport Terminal B", "category": "mixed", "amenity": "bus_station", "building": null, "shop": null, "landuse": null }, "geometry": { "type": "Point", "coordinates": [ 121.055740987708916, 14.732582393692187 ] } },
{ "type": "Feature", "properties": { "name": null, "category": "mixed", "amenity": null, "building": null, "shop": null, "landuse": null }, "geometry": { "type": "Point", "coordinates": [ 121.05505485427885, 14.728769364017557 ] } },
{ "type": "Feature", "properties": { "name": null, "category": "mixed", "amenity": "school", "building": null, "shop": null, "landuse": null }, "geometry": { "type": "Point", "coordinates": [ 121.066479276256558, 14.733153293910583 ] } },
{ "type": "Feature", "properties": { "name": "Novaliches High School", "category": "mixed", "amenity": "school", "building": null, "shop": null, "landuse": null }, "geometry": { "type": "Point", "coordinates": [ 121.032624592368592, 14.726886473297114 ] } },
{ "type": "Feature", "properties": { "name": "Best link College MV", "category": "mixed", "amenity": "college", "building": null, "shop": null, "landuse": null }, "geometry": { "type": "Point", "coordinates": [ 121.036664079731182, 14.726584800046261 ] } },
{ "type": "Feature", "properties": { "name": "Tandang Sora Elementary School", "category": "mixed", "amenity": "school", "building": null, "shop": null, "landuse": null }, "geometry": { "type": "Point", "coordinates": [ 121.03521060164428, 14.678484077229712 ] } },
{ "type": "Feature", "properties": { "name": "San Bartolome Elementary School", "category": "mixed", "amenity": "school", "building": null, "shop": null, "landuse": null }, "geometry": { "type": "Point", "coordinates": [ 121.036882337786551, 14.701535291488524 ] } },
{ "type": "Feature", "properties": { "name": "Our Lady of the Angels Seminary", "category": "mixed", "amenity": "school", "building": null, "shop": null, "landuse": "religious" }, "geometry": { "type": "Point", "coordinates": [ 121.037961926796285, 14.698511308330721 ] } },
{ "type": "Feature", "properties": { "name": "Odelco Elementary School", "category": "mixed", "amenity": "school", "building": null, "shop": null, "landuse": null }, "geometry": { "type": "Point", "coordinates": [ 121.03202956611193, 14.710292372980316 ] } },
{ "type": "Feature", "properties": { "name": "Springfield School", "category": "mixed", "amenity": "school", "building": null, "shop": null, "landuse": null }, "geometry": { "type": "Point", "coordinates": [ 121.038864816233499, 14.709925008862008 ] } },
{ "type": "Feature", "properties": { "name": "Jose Maria Panganiban Senior High School", "category": "mixed", "amenity": "school", "building": null, "shop": null, "landuse": null }, "geometry": { "type": "Point", "coordinates": [ 121.038345015451313, 14.712205140207564 ] } },
{ "type": "Feature", "properties": { "name": "Holy Child Academy", "category": "mixed", "amenity": "school", "building": null, "shop": null, "landuse": null }, "geometry": { "type": "Point", "coordinates": [ 121.039507906335587, 14.717161788674574 ] } },
{ "type": "Feature", "properties": { "name": "San Lorenzo Hospital", "category": "mixed", "amenity": "hospital", "building": null, "shop": null, "landuse": null }, "geometry": { "type": "Point", "coordinates": [ 121.069143820139885, 14.735719843498412 ] } },
{ "type": "Feature", "properties": { "name": "Landmark TriNoma Complex", "category": "mixed", "amenity": null, "building": null, "shop": "department_store", "landuse": null }, "geometry": { "type": "Point", "coordinates": [ 121.032975148591916, 14.652454031738253 ] } },
{ "type": "Feature", "properties": { "name": "Casa Milan", "category": "mixed", "amenity": null, "building": null, "shop": null, "landuse": null }, "geometry": { "type": "Point", "coordinates": [ 121.057394867264108, 14.721030880053162 ] } },
{ "type": "Feature", "properties": { "name": "Jose Rizal High School", "category": "mixed", "amenity": "school", "building": null, "shop": null, "landuse": null }, "geometry": { "type": "Point", "coordinates": [ 121.071573723604445, 14.692760491835539 ] } },
{ "type": "Feature", "properties": { "name": "Filheights Park", "category": "mixed", "amenity": null, "building": null, "shop": null, "landuse": null }, "geometry": { "type": "Point", "coordinates": [ 121.106137884463109, 14.70167720321748 ] } },
{ "type": "Feature", "properties": { "name": "Kiko Mart", "category": "mixed", "amenity": null, "building": null, "shop": "supermarket", "landuse": null }, "geometry": { "type": "Point", "coordinates": [ 121.087856286580433, 14.699314179599401 ] } },
{ "type": "Feature", "properties": { "name": "Matteo Field", "category": "mixed", "amenity": null, "building": null, "shop": null, "landuse": null }, "geometry": { "type": "Point", "coordinates": [ 121.077017761323489, 14.637843845093407 ] } },
{ "type": "Feature", "properties": { "name": "Washerman's", "category": "mixed", "amenity": null, "building": "yes", "shop": "laundry", "landuse": null }, "geometry": { "type": "Point", "coordinates": [ 121.036898600001038, 14.63111375000657 ] } },
{ "type": "Feature", "properties": { "name": "Mightee Mart", "category": "mixed", "amenity": null, "building": "yes", "shop": "convenience", "landuse": null }, "geometry": { "type": "Point", "coordinates": [ 121.038642492078452, 14.630640517392274 ] } },
{ "type": "Feature", "properties": { "name": "Golden Lamp", "category": "mixed", "amenity": "school", "building": null, "shop": null, "landuse": null }, "geometry": { "type": "Point", "coordinates": [ 121.08191365662239, 14.697825220392208 ] } },
{ "type": "Feature", "properties": { "name": "Inter-Country Adoption Board", "category": "mixed", "amenity": null, "building": null, "shop": null, "landuse": "commercial" }, "geometry": { "type": "Point", "coordinates": [ 121.043697818160808, 14.627127274051777 ] } },
{ "type": "Feature", "properties": { "name": "Philadelphia High School 尚愛中學", "category": "mixed", "amenity": "school", "building": null, "shop": null, "landuse": null }, "geometry": { "type": "Point", "coordinates": [ 121.011115770511523, 14.637699217200748 ] } },
{ "type": "Feature", "properties": { "name": "Talayan Park", "category": "mixed", "amenity": null, "building": null, "shop": null, "landuse": null }, "geometry": { "type": "Point", "coordinates": [ 121.010929329961314, 14.633033679932703 ] } },
{ "type": "Feature", "properties": { "name": "St. Alexis Learning Center", "category": "mixed", "amenity": "school", "building": null, "shop": null, "landuse": null }, "geometry": { "type": "Point", "coordinates": [ 121.049177871565419, 14.703565203943548 ] } },
{ "type": "Feature", "properties": { "name": "Tandang Sora", "category": "mixed", "amenity": null, "building": "train_station", "shop": null, "landuse": null }, "geometry": { "type": "Point", "coordinates": [ 121.067441138421003, 14.663457159531998 ] } },
{ "type": "Feature", "properties": { "name": "Visual Communication Building (2019)", "category": "mixed", "amenity": "college", "building": "yes", "shop": null, "landuse": null }, "geometry": { "type": "Point", "coordinates": [ 121.060884204504688, 14.652386916288059 ] } },
{ "type": "Feature", "properties": { "name": "Quezon City Experience", "category": "mixed", "amenity": null, "building": null, "shop": null, "landuse": null }, "geometry": { "type": "Point", "coordinates": [ 121.051173610222506, 14.651537289546745 ] } },
{ "type": "Feature", "properties": { "name": "National Food Authority", "category": "mixed", "amenity": null, "building": "commercial", "shop": null, "landuse": null }, "geometry": { "type": "Point", "coordinates": [ 121.04612615001588, 14.657234550041192 ] } },
{ "type": "Feature", "properties": { "name": "Fort Aguinaldo Elementary School", "category": "mixed", "amenity": "school", "building": null, "shop": null, "landuse": null }, "geometry": { "type": "Point", "coordinates": [ 121.062054375704733, 14.601455822096998 ] } },
{ "type": "Feature", "properties": { "name": "Diliman Doctors Hospital", "category": "mixed", "amenity": "hospital", "building": "hospital", "shop": null, "landuse": null }, "geometry": { "type": "Point", "coordinates": [ 121.076156611071994, 14.668330387287584 ] } },
{ "type": "Feature", "properties": { "name": "National Government Offices Building", "category": "mixed", "amenity": null, "building": "public", "shop": null, "landuse": null }, "geometry": { "type": "Point", "coordinates": [ 121.052056794118926, 14.646602296113642 ] } },
{ "type": "Feature", "properties": { "name": "Damar Village Park", "category": "mixed", "amenity": null, "building": null, "shop": null, "landuse": null }, "geometry": { "type": "Point", "coordinates": [ 121.000991004384815, 14.645376002973052 ] } },
{ "type": "Feature", "properties": { "name": "Puregold", "category": "mixed", "amenity": null, "building": "yes", "shop": "supermarket", "landuse": null }, "geometry": { "type": "Point", "coordinates": [ 121.014040213130144, 14.617609157577059 ] } },
{ "type": "Feature", "properties": { "name": "J2 CID", "category": "mixed", "amenity": null, "building": "yes", "shop": null, "landuse": null }, "geometry": { "type": "Point", "coordinates": [ 121.064925449993666, 14.608354250011223 ] } },
{ "type": "Feature", "properties": { "name": null, "category": "mixed", "amenity": null, "building": "yes", "shop": "frozen_food", "landuse": null }, "geometry": { "type": "Point", "coordinates": [ 121.082654236244693, 14.608574437939446 ] } },
{ "type": "Feature", "properties": { "name": "Tomas Morato Elementary School", "category": "mixed", "amenity": "school", "building": null, "shop": null, "landuse": null }, "geometry": { "type": "Point", "coordinates": [ 121.036818914286769, 14.625377098232642 ] } },
{ "type": "Feature", "properties": { "name": "Sauyo Elementary School", "category": "mixed", "amenity": "school", "building": null, "shop": null, "landuse": null }, "geometry": { "type": "Point", "coordinates": [ 121.04332473185282, 14.689620093791934 ] } },
{ "type": "Feature", "properties": { "name": "Centris UV Express FX Terminal", "category": "mixed", "amenity": null, "building": "roof", "shop": null, "landuse": null }, "geometry": { "type": "Point", "coordinates": [ 121.038980613393093, 14.64404214141592 ] } },
{ "type": "Feature", "properties": { "name": "Bernardino General Hospital", "category": "mixed", "amenity": "hospital", "building": null, "shop": null, "landuse": null }, "geometry": { "type": "Point", "coordinates": [ 121.034844135453255, 14.700198285281308 ] } },
{ "type": "Feature", "properties": { "name": "Holy Spiriti Barangay Disaster Risk Reduction Management Office", "category": "mixed", "amenity": "rescue_station", "building": "civic", "shop": null, "landuse": null }, "geometry": { "type": "Point", "coordinates": [ 121.076625149994257, 14.684257150025314 ] } },
{ "type": "Feature", "properties": { "name": "Rosario Maclang Bautista General Hospital", "category": "mixed", "amenity": "hospital", "building": null, "shop": null, "landuse": null }, "geometry": { "type": "Point", "coordinates": [ 121.08910380014035, 14.686097000540887 ] } },
{ "type": "Feature", "properties": { "name": "West Fairview Elementary School", "category": "mixed", "amenity": "school", "building": null, "shop": null, "landuse": null }, "geometry": { "type": "Point", "coordinates": [ 121.064011176765973, 14.701680182109275 ] } },
{ "type": "Feature", "properties": { "name": "Bayanihan Elementary School", "category": "mixed", "amenity": "school", "building": null, "shop": null, "landuse": null }, "geometry": { "type": "Point", "coordinates": [ 121.021553285788045, 14.645122878572717 ] } },
{ "type": "Feature", "properties": { "name": "Bungad Elementary School", "category": "mixed", "amenity": "school", "building": null, "shop": null, "landuse": null }, "geometry": { "type": "Point", "coordinates": [ 121.024899993335254, 14.651044036903571 ] } },
{ "type": "Feature", "properties": { "name": "San Francisco Elementary School", "category": "mixed", "amenity": "school", "building": null, "shop": null, "landuse": null }, "geometry": { "type": "Point", "coordinates": [ 121.014232585854501, 14.640842399552644 ] } },
{ "type": "Feature", "properties": { "name": "Congressman Reynaldo A. Calalay Memorial School", "category": "mixed", "amenity": "school", "building": null, "shop": null, "landuse": null }, "geometry": { "type": "Point", "coordinates": [ 121.014763498915713, 14.638584982431775 ] } },
{ "type": "Feature", "properties": { "name": "Carlos L. Albert High School", "category": "mixed", "amenity": "school", "building": null, "shop": null, "landuse": null }, "geometry": { "type": "Point", "coordinates": [ 121.015366502460338, 14.61274151501302 ] } },
{ "type": "Feature", "properties": { "name": "Camarilla Elementary School", "category": "mixed", "amenity": "school", "building": null, "shop": null, "landuse": null }, "geometry": { "type": "Point", "coordinates": [ 121.063063690639225, 14.614854317287872 ] } },
{ "type": "Feature", "properties": { "name": "Aguinaldo Elementary School", "category": "mixed", "amenity": "school", "building": null, "shop": null, "landuse": null }, "geometry": { "type": "Point", "coordinates": [ 121.063247606776187, 14.617229214906219 ] } },
{ "type": "Feature", "properties": { "name": "Bagumbayan Barangay Hall", "category": "mixed", "amenity": "townhall", "building": "civic", "shop": null, "landuse": null }, "geometry": { "type": "Point", "coordinates": [ 121.082464449991434, 14.608301550004381 ] } },
{ "type": "Feature", "properties": { "name": "Masambong High School", "category": "mixed", "amenity": "school", "building": null, "shop": null, "landuse": null }, "geometry": { "type": "Point", "coordinates": [ 121.010804391554601, 14.642531658502634 ] } },
{ "type": "Feature", "properties": { "name": "New Era Elementary School", "category": "mixed", "amenity": "school", "building": null, "shop": null, "landuse": null }, "geometry": { "type": "Point", "coordinates": [ 121.057944561300161, 14.667271052234687 ] } },
{ "type": "Feature", "properties": { "name": "Araneta City Bus Station", "category": "mixed", "amenity": "bus_station", "building": "roof", "shop": null, "landuse": null }, "geometry": { "type": "Point", "coordinates": [ 121.0553601514154, 14.621463963460087 ] } },
{ "type": "Feature", "properties": { "name": "Upsilon Sigma Phi Promenade", "category": "mixed", "amenity": null, "building": null, "shop": null, "landuse": null }, "geometry": { "type": "Point", "coordinates": [ 121.070185940647164, 14.655130421527209 ] } },
{ "type": "Feature", "properties": { "name": "Bryan Market", "category": "mixed", "amenity": "marketplace", "building": "retail", "shop": null, "landuse": null }, "geometry": { "type": "Point", "coordinates": [ 121.041640300024795, 14.723889599967084 ] } },
{ "type": "Feature", "properties": { "name": "Star Market 2", "category": "mixed", "amenity": "marketplace", "building": "retail", "shop": null, "landuse": null }, "geometry": { "type": "Point", "coordinates": [ 121.041272482858375, 14.723775130173721 ] } },
{ "type": "Feature", "properties": { "name": "SM City Fairview Jeepney Terminal", "category": "mixed", "amenity": null, "building": "roof", "shop": null, "landuse": null }, "geometry": { "type": "Point", "coordinates": [ 121.060893395141321, 14.73479262763024 ] } },
{ "type": "Feature", "properties": { "name": "Isadora Hills Park", "category": "mixed", "amenity": null, "building": null, "shop": null, "landuse": null }, "geometry": { "type": "Point", "coordinates": [ 121.077044134719358, 14.684183708709913 ] } },
{ "type": "Feature", "properties": { "name": "ABE International Business College", "category": "mixed", "amenity": "school", "building": null, "shop": null, "landuse": null }, "geometry": { "type": "Point", "coordinates": [ 121.056495350002038, 14.730620149983936 ] } },
{ "type": "Feature", "properties": { "name": "Barangay Pinagkaisahan Multi-Purpose Bldg.", "category": "mixed", "amenity": "townhall", "building": "yes", "shop": null, "landuse": null }, "geometry": { "type": "Point", "coordinates": [ 121.04627291951202, 14.626954519551575 ] } },
{ "type": "Feature", "properties": { "name": "NDRRM Operation Center", "category": "mixed", "amenity": null, "building": "yes", "shop": null, "landuse": null }, "geometry": { "type": "Point", "coordinates": [ 121.065119327009199, 14.609460734822346 ] } },
{ "type": "Feature", "properties": { "name": "Bright Morning School of Quezon City", "category": "mixed", "amenity": "school", "building": null, "shop": null, "landuse": null }, "geometry": { "type": "Point", "coordinates": [ 121.081476333989087, 14.673948967815425 ] } },
{ "type": "Feature", "properties": { "name": null, "category": "mixed", "amenity": null, "building": null, "shop": null, "landuse": null }, "geometry": { "type": "Point", "coordinates": [ 121.00566557167663, 14.629938188483136 ] } },
{ "type": "Feature", "properties": { "name": "Our Lady of Fatima University", "category": "mixed", "amenity": "university", "building": "yes", "shop": null, "landuse": null }, "geometry": { "type": "Point", "coordinates": [ 121.060992094586553, 14.716232744006973 ] } },
{ "type": "Feature", "properties": { "name": "SB Park", "category": "mixed", "amenity": null, "building": null, "shop": null, "landuse": null }, "geometry": { "type": "Point", "coordinates": [ 121.047968165150721, 14.621887823205656 ] } },
{ "type": "Feature", "properties": { "name": "LTFRB", "category": "mixed", "amenity": null, "building": "yes", "shop": null, "landuse": null }, "geometry": { "type": "Point", "coordinates": [ 121.061425533193088, 14.721721791294499 ] } },
{ "type": "Feature", "properties": { "name": "DPWH Regional Office IV-B", "category": "mixed", "amenity": null, "building": "yes", "shop": null, "landuse": null }, "geometry": { "type": "Point", "coordinates": [ 121.043162664438213, 14.636970396431066 ] } },
{ "type": "Feature", "properties": { "name": null, "category": "mixed", "amenity": "bus_station", "building": "roof", "shop": null, "landuse": null }, "geometry": { "type": "Point", "coordinates": [ 121.082897260102413, 14.678344687681955 ] } },
{ "type": "Feature", "properties": { "name": "Puregold", "category": "mixed", "amenity": null, "building": "yes", "shop": "supermarket", "landuse": null }, "geometry": { "type": "Point", "coordinates": [ 121.056000623649382, 14.667649160478826 ] } },
{ "type": "Feature", "properties": { "name": "Bagong Pag-asa Barangay Hall", "category": "mixed", "amenity": "townhall", "building": "yes", "shop": null, "landuse": null }, "geometry": { "type": "Point", "coordinates": [ 121.033172003630597, 14.662637971390534 ] } },
{ "type": "Feature", "properties": { "name": "Colegio de Santa Rosa de Avila", "category": "mixed", "amenity": "school", "building": "yes", "shop": null, "landuse": null }, "geometry": { "type": "Point", "coordinates": [ 121.051271250016626, 14.733554700003927 ] } },
{ "type": "Feature", "properties": { "name": null, "category": "mixed", "amenity": null, "building": null, "shop": null, "landuse": null }, "geometry": { "type": "Point", "coordinates": [ 121.079554954147753, 14.698794269647051 ] } },
{ "type": "Feature", "properties": { "name": null, "category": "mixed", "amenity": null, "building": null, "shop": null, "landuse": null }, "geometry": { "type": "Point", "coordinates": [ 121.030517300059316, 14.63801005002329 ] } },
{ "type": "Feature", "properties": { "name": "Thinkers Learning Center", "category": "mixed", "amenity": "school", "building": null, "shop": null, "landuse": null }, "geometry": { "type": "Point", "coordinates": [ 121.048833869348869, 14.705250152774994 ] } },
{ "type": "Feature", "properties": { "name": "Tatalon Public Market", "category": "mixed", "amenity": "marketplace", "building": null, "shop": null, "landuse": "retail" }, "geometry": { "type": "Point", "coordinates": [ 121.012586389537105, 14.623443812931486 ] } },
{ "type": "Feature", "properties": { "name": null, "category": "mixed", "amenity": null, "building": "yes", "shop": "greengrocer", "landuse": null }, "geometry": { "type": "Point", "coordinates": [ 121.043869529333946, 14.715064590826188 ] } },
{ "type": "Feature", "properties": { "name": null, "category": "mixed", "amenity": null, "building": "yes", "shop": "greengrocer", "landuse": null }, "geometry": { "type": "Point", "coordinates": [ 121.043823600000351, 14.715079349998966 ] } },
{ "type": "Feature", "properties": { "name": null, "category": "mixed", "amenity": null, "building": "yes", "shop": "seafood", "landuse": null }, "geometry": { "type": "Point", "coordinates": [ 121.044074549999692, 14.714978150001462 ] } },
{ "type": "Feature", "properties": { "name": null, "category": "mixed", "amenity": null, "building": "yes", "shop": "farm", "landuse": null }, "geometry": { "type": "Point", "coordinates": [ 121.043827749999139, 14.714985300003828 ] } },
{ "type": "Feature", "properties": { "name": null, "category": "mixed", "amenity": null, "building": "yes", "shop": "butcher", "landuse": null }, "geometry": { "type": "Point", "coordinates": [ 121.043932050000052, 14.714934349999711 ] } },
{ "type": "Feature", "properties": { "name": "Great Minds Montessori and Christian School", "category": "mixed", "amenity": "school", "building": null, "shop": null, "landuse": null }, "geometry": { "type": "Point", "coordinates": [ 121.075584825562828, 14.682151893241089 ] } },
{ "type": "Feature", "properties": { "name": null, "category": "mixed", "amenity": null, "building": "yes", "shop": "kiosk", "landuse": null }, "geometry": { "type": "Point", "coordinates": [ 121.013850565761459, 14.632577949078986 ] } },
{ "type": "Feature", "properties": { "name": "Gideon School of Quezon City", "category": "mixed", "amenity": "school", "building": "school", "shop": null, "landuse": null }, "geometry": { "type": "Point", "coordinates": [ 121.073817925141483, 14.685089694726207 ] } },
{ "type": "Feature", "properties": { "name": null, "category": "mixed", "amenity": null, "building": "roof", "shop": null, "landuse": null }, "geometry": { "type": "Point", "coordinates": [ 121.09489499998584, 14.689474050031333 ] } },
{ "type": "Feature", "properties": { "name": "Jubilee Christian Academy", "category": "mixed", "amenity": "school", "building": null, "shop": null, "landuse": null }, "geometry": { "type": "Point", "coordinates": [ 121.041140337478183, 14.6251506645193 ] } },
{ "type": "Feature", "properties": { "name": "Global Medical Solutions", "category": "mixed", "amenity": null, "building": "yes", "shop": "medical_supply", "landuse": null }, "geometry": { "type": "Point", "coordinates": [ 121.082153250002179, 14.606605999974491 ] } },
{ "type": "Feature", "properties": { "name": "Bagumbayan-Santolan Ferry", "category": "mixed", "amenity": null, "building": "Bagumbayan Riverboat Station", "shop": null, "landuse": null }, "geometry": { "type": "Point", "coordinates": [ 121.085409020968441, 14.608001145767375 ] } },
{ "type": "Feature", "properties": { "name": "Tutor Place", "category": "mixed", "amenity": "prep_school", "building": "yes", "shop": null, "landuse": null }, "geometry": { "type": "Point", "coordinates": [ 121.062673499999462, 14.71129365000265 ] } },
{ "type": "Feature", "properties": { "name": "Shell Select", "category": "mixed", "amenity": null, "building": "yes", "shop": "convenience", "landuse": null }, "geometry": { "type": "Point", "coordinates": [ 121.016435975070394, 14.657247761929847 ] } },
{ "type": "Feature", "properties": { "name": "NOH School for Crippled Children", "category": "mixed", "amenity": "school", "building": "yes", "shop": null, "landuse": null }, "geometry": { "type": "Point", "coordinates": [ 120.999800362837789, 14.629112923739692 ] } },
{ "type": "Feature", "properties": { "name": "San Jose High School", "category": "mixed", "amenity": "school", "building": null, "shop": null, "landuse": null }, "geometry": { "type": "Point", "coordinates": [ 120.993953194623245, 14.640154207359462 ] } },
{ "type": "Feature", "properties": { "name": "Trinity University of Asia", "category": "mixed", "amenity": "university", "building": null, "shop": null, "landuse": null }, "geometry": { "type": "Point", "coordinates": [ 121.021555094032308, 14.622244918074617 ] } },
{ "type": "Feature", "properties": { "name": "St. Luke's Medical Center", "category": "mixed", "amenity": "hospital", "building": null, "shop": null, "landuse": null }, "geometry": { "type": "Point", "coordinates": [ 121.023331215264847, 14.622825623546492 ] } },
{ "type": "Feature", "properties": { "name": "7-Eleven", "category": "mixed", "amenity": null, "building": "yes", "shop": "convenience", "landuse": null }, "geometry": { "type": "Point", "coordinates": [ 121.024007618203157, 14.621500691689 ] } },
{ "type": "Feature", "properties": { "name": "Mother of Mercy Learning Center", "category": "mixed", "amenity": "school", "building": null, "shop": null, "landuse": null }, "geometry": { "type": "Point", "coordinates": [ 121.045962698492701, 14.724120777294823 ] } },
{ "type": "Feature", "properties": { "name": "Universal Evangelical Christian School", "category": "mixed", "amenity": "school", "building": null, "shop": null, "landuse": null }, "geometry": { "type": "Point", "coordinates": [ 121.079540499599887, 14.670838773723471 ] } },
{ "type": "Feature", "properties": { "name": "Ste. Anne de Beaupré School", "category": "mixed", "amenity": "school", "building": null, "shop": null, "landuse": null }, "geometry": { "type": "Point", "coordinates": [ 121.042113641189175, 14.664579151408526 ] } },
{ "type": "Feature", "properties": { "name": null, "category": "mixed", "amenity": null, "building": "yes", "shop": "pet_grooming", "landuse": null }, "geometry": { "type": "Point", "coordinates": [ 121.066685920434963, 14.665083337985509 ] } },
{ "type": "Feature", "properties": { "name": null, "category": "mixed", "amenity": null, "building": "yes", "shop": "supermarket", "landuse": null }, "geometry": { "type": "Point", "coordinates": [ 121.06575348552991, 14.665557649460229 ] } },
{ "type": "Feature", "properties": { "name": "Payatas B Elementary School", "category": "mixed", "amenity": "school", "building": null, "shop": null, "landuse": null }, "geometry": { "type": "Point", "coordinates": [ 121.093895113594101, 14.713717878156448 ] } },
{ "type": "Feature", "properties": { "name": "Payatas B Annex Elementary School", "category": "mixed", "amenity": "school", "building": null, "shop": null, "landuse": null }, "geometry": { "type": "Point", "coordinates": [ 121.117724857581237, 14.72733880974528 ] } },
{ "type": "Feature", "properties": { "name": "New Jerusalem School", "category": "mixed", "amenity": "school", "building": null, "shop": null, "landuse": null }, "geometry": { "type": "Point", "coordinates": [ 121.004718663909017, 14.61691832137312 ] } },
{ "type": "Feature", "properties": { "name": "Obrero Barangay Hall", "category": "mixed", "amenity": "townhall", "building": "public", "shop": null, "landuse": null }, "geometry": { "type": "Point", "coordinates": [ 121.031620505475402, 14.628477470754033 ] } },
{ "type": "Feature", "properties": { "name": "Araneta City Jeepney Terminal", "category": "mixed", "amenity": "bus_station", "building": "transportation", "shop": null, "landuse": null }, "geometry": { "type": "Point", "coordinates": [ 121.054457049883027, 14.617759900034798 ] } },
{ "type": "Feature", "properties": { "name": "Cruz na Ligas Elementary School", "category": "mixed", "amenity": "school", "building": null, "shop": null, "landuse": null }, "geometry": { "type": "Point", "coordinates": [ 121.063925002431375, 14.64392739631352 ] } },
{ "type": "Feature", "properties": { "name": "Batasan", "category": "mixed", "amenity": null, "building": "train_station", "shop": null, "landuse": null }, "geometry": { "type": "Point", "coordinates": [ 121.08629605915425, 14.685108470761183 ] } },
{ "type": "Feature", "properties": { "name": "North Avenue", "category": "mixed", "amenity": null, "building": "construction", "shop": null, "landuse": null }, "geometry": { "type": "Point", "coordinates": [ 121.032069143259676, 14.655155876679746 ] } },
{ "type": "Feature", "properties": { "name": "Pugad Lawin High School", "category": "mixed", "amenity": "school", "building": null, "shop": null, "landuse": null }, "geometry": { "type": "Point", "coordinates": [ 121.016868431193814, 14.664362173506207 ] } },
{ "type": "Feature", "properties": { "name": "Pugad Lawin Shrine and Leisure Park", "category": "mixed", "amenity": null, "building": null, "shop": null, "landuse": null }, "geometry": { "type": "Point", "coordinates": [ 121.017352488664841, 14.664452101556368 ] } },
{ "type": "Feature", "properties": { "name": "Precious Gem Academy", "category": "mixed", "amenity": "school", "building": null, "shop": null, "landuse": null }, "geometry": { "type": "Point", "coordinates": [ 121.065791234186833, 14.706814906622377 ] } },
{ "type": "Feature", "properties": { "name": "University of the Philippines Diliman", "category": "mixed", "amenity": "university", "building": null, "shop": null, "landuse": null }, "geometry": { "type": "Point", "coordinates": [ 121.065891496066953, 14.655470345438745 ] } },
{ "type": "Feature", "properties": { "name": "Wilcon Depot", "category": "mixed", "amenity": null, "building": null, "shop": "hardware", "landuse": "retail" }, "geometry": { "type": "Point", "coordinates": [ 121.029429518790508, 14.690081728630284 ] } },
{ "type": "Feature", "properties": { "name": "Great Liberty Motor Sales Corp.", "category": "mixed", "amenity": null, "building": null, "shop": "truck", "landuse": null }, "geometry": { "type": "Point", "coordinates": [ 120.996870427016631, 14.649940470736004 ] } },
{ "type": "Feature", "properties": { "name": "Hachi Auto Parts Co.", "category": "mixed", "amenity": null, "building": null, "shop": "car_parts", "landuse": null }, "geometry": { "type": "Point", "coordinates": [ 120.996818718006139, 14.650255348608196 ] } },
{ "type": "Feature", "properties": { "name": "Juliana Wet and Dry Market", "category": "mixed", "amenity": "marketplace", "building": null, "shop": null, "landuse": null }, "geometry": { "type": "Point", "coordinates": [ 121.003353060120631, 14.658400914077012 ] } },
{ "type": "Feature", "properties": { "name": "The Abba's Orchard Erdkinder Montessori", "category": "mixed", "amenity": "school", "building": null, "shop": null, "landuse": null }, "geometry": { "type": "Point", "coordinates": [ 121.072628150009294, 14.619287100047348 ] } },
{ "type": "Feature", "properties": { "name": "Land Transportation Office Quezon City Extension Office", "category": "mixed", "amenity": null, "building": null, "shop": null, "landuse": null }, "geometry": { "type": "Point", "coordinates": [ 121.061212443836411, 14.624169280533444 ] } },
{ "type": "Feature", "properties": { "name": "Art In Island Interactive Museum", "category": "mixed", "amenity": null, "building": null, "shop": null, "landuse": null }, "geometry": { "type": "Point", "coordinates": [ 121.057586010170624, 14.622678012726116 ] } },
{ "type": "Feature", "properties": { "name": "Nagkaisang Nayon Elementary School", "category": "mixed", "amenity": "school", "building": null, "shop": null, "landuse": null }, "geometry": { "type": "Point", "coordinates": [ 121.027457095563094, 14.717796176806354 ] } },
{ "type": "Feature", "properties": { "name": "Damong Maliit Elementary School", "category": "mixed", "amenity": "school", "building": null, "shop": null, "landuse": null }, "geometry": { "type": "Point", "coordinates": [ 121.025136734714735, 14.723650852404537 ] } },
{ "type": "Feature", "properties": { "name": "Capitol Medical Center", "category": "mixed", "amenity": "hospital", "building": null, "shop": null, "landuse": null }, "geometry": { "type": "Point", "coordinates": [ 121.022563409365489, 14.634059416896923 ] } },
{ "type": "Feature", "properties": { "name": "Puregold", "category": "mixed", "amenity": null, "building": null, "shop": "supermarket", "landuse": null }, "geometry": { "type": "Point", "coordinates": [ 120.994627788904864, 14.637068946804812 ] } },
{ "type": "Feature", "properties": { "name": "A. Bonifacio Market", "category": "mixed", "amenity": "marketplace", "building": null, "shop": null, "landuse": null }, "geometry": { "type": "Point", "coordinates": [ 120.993511421551474, 14.636365047136517 ] } },
{ "type": "Feature", "properties": { "name": "STI", "category": "mixed", "amenity": "college", "building": null, "shop": null, "landuse": null }, "geometry": { "type": "Point", "coordinates": [ 121.036782534528314, 14.704448743876224 ] } },
{ "type": "Feature", "properties": { "name": "S&R Membership Shopping", "category": "mixed", "amenity": null, "building": null, "shop": "wholesale", "landuse": null }, "geometry": { "type": "Point", "coordinates": [ 121.020884327894265, 14.621300011496338 ] } },
{ "type": "Feature", "properties": { "name": "Bulwagang Pandistrito ng Roxas", "category": "mixed", "amenity": "townhall", "building": "civic", "shop": null, "landuse": null }, "geometry": { "type": "Point", "coordinates": [ 121.021720449986134, 14.627972450015555 ] } },
{ "type": "Feature", "properties": { "name": "Betty Go Belmonte Elementary School", "category": "mixed", "amenity": "school", "building": null, "shop": null, "landuse": null }, "geometry": { "type": "Point", "coordinates": [ 121.018567774158541, 14.615476706961262 ] } },
{ "type": "Feature", "properties": { "name": "Hemady Square", "category": "mixed", "amenity": null, "building": "yes", "shop": "mall", "landuse": null }, "geometry": { "type": "Point", "coordinates": [ 121.03167628556335, 14.624153929973687 ] } },
{ "type": "Feature", "properties": { "name": "CW Home Depot Balintawak", "category": "mixed", "amenity": null, "building": null, "shop": "trade", "landuse": "retail" }, "geometry": { "type": "Point", "coordinates": [ 121.013056876932311, 14.658488764922518 ] } },
{ "type": "Feature", "properties": { "name": "Kalayaan College", "category": "mixed", "amenity": "college", "building": null, "shop": null, "landuse": null }, "geometry": { "type": "Point", "coordinates": [ 121.042378639253698, 14.617962482954034 ] } },
{ "type": "Feature", "properties": { "name": "Holy Child Academy - North Fairview", "category": "mixed", "amenity": "school", "building": null, "shop": null, "landuse": null }, "geometry": { "type": "Point", "coordinates": [ 121.059577459518451, 14.708528253235345 ] } },
{ "type": "Feature", "properties": { "name": "International Christian School", "category": "mixed", "amenity": "school", "building": null, "shop": null, "landuse": null }, "geometry": { "type": "Point", "coordinates": [ 121.027756815985839, 14.720834983888604 ] } },
{ "type": "Feature", "properties": { "name": "Bestlink College of the Philippines", "category": "mixed", "amenity": "college", "building": null, "shop": null, "landuse": null }, "geometry": { "type": "Point", "coordinates": [ 121.041593930091096, 14.728575111327471 ] } },
{ "type": "Feature", "properties": { "name": "Holy Spirit School", "category": "mixed", "amenity": "school", "building": null, "shop": null, "landuse": null }, "geometry": { "type": "Point", "coordinates": [ 121.039838339555658, 14.622895083673418 ] } },
{ "type": "Feature", "properties": { "name": "Saint Patrick School", "category": "mixed", "amenity": "school", "building": null, "shop": null, "landuse": null }, "geometry": { "type": "Point", "coordinates": [ 121.02497776996681, 14.674599772770213 ] } },
{ "type": "Feature", "properties": { "name": "Glendale School – Paradise Campus", "category": "mixed", "amenity": "school", "building": null, "shop": null, "landuse": null }, "geometry": { "type": "Point", "coordinates": [ 121.021418935556284, 14.671224736020967 ] } },
{ "type": "Feature", "properties": { "name": "Lucas R. Pascual Memorial Elementary School", "category": "mixed", "amenity": "school", "building": null, "shop": null, "landuse": null }, "geometry": { "type": "Point", "coordinates": [ 121.009376100382553, 14.670690868032441 ] } },
{ "type": "Feature", "properties": { "name": "West Fairview High School", "category": "mixed", "amenity": "school", "building": null, "shop": null, "landuse": null }, "geometry": { "type": "Point", "coordinates": [ 121.064098845741569, 14.701235360796282 ] } },
{ "type": "Feature", "properties": { "name": "Fiore del Carmelo School", "category": "mixed", "amenity": "school", "building": null, "shop": null, "landuse": null }, "geometry": { "type": "Point", "coordinates": [ 121.084316486504093, 14.707946036953631 ] } },
{ "type": "Feature", "properties": { "name": "Justice Cecilia Muñoz Palma Senior High School", "category": "mixed", "amenity": "school", "building": null, "shop": null, "landuse": null }, "geometry": { "type": "Point", "coordinates": [ 121.101388204657439, 14.719981495220575 ] } },
{ "type": "Feature", "properties": { "name": "Holy Spirit of Mt. Carmel School", "category": "mixed", "amenity": "school", "building": null, "shop": null, "landuse": null }, "geometry": { "type": "Point", "coordinates": [ 121.082554045553891, 14.687727561987591 ] } },
{ "type": "Feature", "properties": { "name": "San Jose Tagapagtanggol Parochial School", "category": "mixed", "amenity": "school", "building": null, "shop": null, "landuse": null }, "geometry": { "type": "Point", "coordinates": [ 121.085248709376344, 14.687288447879697 ] } },
{ "type": "Feature", "properties": { "name": "Tatalon Peoples Park", "category": "mixed", "amenity": null, "building": null, "shop": null, "landuse": null }, "geometry": { "type": "Point", "coordinates": [ 121.013617899998408, 14.622287699974455 ] } },
{ "type": "Feature", "properties": { "name": "San Jose Elementary School – Pag-Ibig sa Nayon Annex", "category": "mixed", "amenity": "school", "building": null, "shop": null, "landuse": null }, "geometry": { "type": "Point", "coordinates": [ 120.996526375989049, 14.646619427155482 ] } },
{ "type": "Feature", "properties": { "name": "Bulwagang Pambarangay ng Pag-ibig sa Nayon", "category": "mixed", "amenity": "townhall", "building": "civic", "shop": null, "landuse": null }, "geometry": { "type": "Point", "coordinates": [ 120.996932175828931, 14.646220690506924 ] } },
{ "type": "Feature", "properties": { "name": "Arce Dairy Ice Cream", "category": "mixed", "amenity": "ice_cream", "building": "yes", "shop": "ice_cream", "landuse": null }, "geometry": { "type": "Point", "coordinates": [ 120.997249599999677, 14.647833200001413 ] } },
{ "type": "Feature", "properties": { "name": "Balingasa High School", "category": "mixed", "amenity": "school", "building": null, "shop": null, "landuse": null }, "geometry": { "type": "Point", "coordinates": [ 121.004270935896528, 14.647760158120079 ] } },
{ "type": "Feature", "properties": { "name": "Balingasa Elementary School", "category": "mixed", "amenity": "school", "building": null, "shop": null, "landuse": null }, "geometry": { "type": "Point", "coordinates": [ 121.001327317134411, 14.652280745799798 ] } },
{ "type": "Feature", "properties": { "name": "Bulwagang Pambarangay ng Balingasa", "category": "mixed", "amenity": "townhall", "building": "civic", "shop": null, "landuse": null }, "geometry": { "type": "Point", "coordinates": [ 121.00165175588036, 14.650695821348139 ] } },
{ "type": "Feature", "properties": { "name": null, "category": "mixed", "amenity": "marketplace", "building": "yes", "shop": null, "landuse": null }, "geometry": { "type": "Point", "coordinates": [ 120.996663524578182, 14.652078464103305 ] } },
{ "type": "Feature", "properties": { "name": null, "category": "mixed", "amenity": "bus_station", "building": null, "shop": null, "landuse": null }, "geometry": { "type": "Point", "coordinates": [ 121.086478229668984, 14.693734984664561 ] } },
{ "type": "Feature", "properties": { "name": "Blessed Sacrament Catholic School", "category": "mixed", "amenity": "school", "building": null, "shop": null, "landuse": null }, "geometry": { "type": "Point", "coordinates": [ 121.023186914937554, 14.686320408065566 ] } },
{ "type": "Feature", "properties": { "name": "Waltermart", "category": "mixed", "amenity": null, "building": "retail", "shop": "supermarket", "landuse": null }, "geometry": { "type": "Point", "coordinates": [ 121.023641941189254, 14.683976771321179 ] } },
{ "type": "Feature", "properties": { "name": "Brent Norwich School", "category": "mixed", "amenity": "school", "building": null, "shop": null, "landuse": null }, "geometry": { "type": "Point", "coordinates": [ 121.013242442269132, 14.627126036896062 ] } },
{ "type": "Feature", "properties": { "name": "Talipapa Senior High School", "category": "mixed", "amenity": "school", "building": null, "shop": null, "landuse": null }, "geometry": { "type": "Point", "coordinates": [ 121.027229854027595, 14.692462143936194 ] } },
{ "type": "Feature", "properties": { "name": "EDSA Balintawak", "category": "mixed", "amenity": null, "building": null, "shop": null, "landuse": null }, "geometry": { "type": "Point", "coordinates": [ 121.000510521956571, 14.659343827966493 ] } },
{ "type": "Feature", "properties": { "name": "Department of Human Settlements and Urban Development", "category": "mixed", "amenity": null, "building": "yes", "shop": null, "landuse": null }, "geometry": { "type": "Point", "coordinates": [ 121.052150407427661, 14.647888044815151 ] } },
{ "type": "Feature", "properties": { "name": "Saint Andrew Academy of Quezon City", "category": "mixed", "amenity": "school", "building": null, "shop": null, "landuse": null }, "geometry": { "type": "Point", "coordinates": [ 121.071365049995137, 14.684161400021361 ] } },
{ "type": "Feature", "properties": { "name": "Liwasang Diokno", "category": "mixed", "amenity": null, "building": null, "shop": null, "landuse": null }, "geometry": { "type": "Point", "coordinates": [ 121.060004116791973, 14.657689254856868 ] } },
{ "type": "Feature", "properties": { "name": "Plaza Novaliches", "category": "mixed", "amenity": null, "building": null, "shop": null, "landuse": null }, "geometry": { "type": "Point", "coordinates": [ 121.039193069099781, 14.721092841019255 ] } },
{ "type": "Feature", "properties": { "name": "The Raya School", "category": "mixed", "amenity": "school", "building": null, "shop": null, "landuse": null }, "geometry": { "type": "Point", "coordinates": [ 121.05676630004028, 14.729857200059431 ] } },
{ "type": "Feature", "properties": { "name": "Bulwagang Pambarangay ng Batasan Hills", "category": "mixed", "amenity": "townhall", "building": "civic", "shop": null, "landuse": null }, "geometry": { "type": "Point", "coordinates": [ 121.096061999994149, 14.690568500016573 ] } },
{ "type": "Feature", "properties": { "name": "Opus Mall", "category": "mixed", "amenity": null, "building": "commercial", "shop": "mall", "landuse": null }, "geometry": { "type": "Point", "coordinates": [ 121.080827906379824, 14.592927229959212 ] } },
{ "type": "Feature", "properties": { "name": "Eaglestar Transit", "category": "mixed", "amenity": null, "building": null, "shop": null, "landuse": null }, "geometry": { "type": "Point", "coordinates": [ 121.062479834579662, 14.621623919592448 ] } },
{ "type": "Feature", "properties": { "name": "Department of Public Order and Safety Building", "category": "mixed", "amenity": null, "building": "public", "shop": null, "landuse": null }, "geometry": { "type": "Point", "coordinates": [ 121.051598266118347, 14.647304231376454 ] } },
{ "type": "Feature", "properties": { "name": "Quezon City Community Center", "category": "mixed", "amenity": null, "building": "yes", "shop": null, "landuse": null }, "geometry": { "type": "Point", "coordinates": [ 121.051149873592792, 14.647819777696613 ] } },
{ "type": "Feature", "properties": { "name": "CHE Museum", "category": "mixed", "amenity": null, "building": "yes", "shop": null, "landuse": null }, "geometry": { "type": "Point", "coordinates": [ 121.073793099990667, 14.652383950039473 ] } },
{ "type": "Feature", "properties": { "name": "Genesis Transport Service Incorporated", "category": "mixed", "amenity": "bus_station", "building": null, "shop": null, "landuse": null }, "geometry": { "type": "Point", "coordinates": [ 121.04870320953674, 14.625617625155439 ] } },
{ "type": "Feature", "properties": { "name": "Solid North Transit Inc.", "category": "mixed", "amenity": "bus_station", "building": null, "shop": null, "landuse": null }, "geometry": { "type": "Point", "coordinates": [ 121.048603077506357, 14.6236705836877 ] } },
{ "type": "Feature", "properties": { "name": "Wilcon Depot", "category": "mixed", "amenity": null, "building": "yes", "shop": "houseware", "landuse": null }, "geometry": { "type": "Point", "coordinates": [ 121.080259880247596, 14.672084913124861 ] } },
{ "type": "Feature", "properties": { "name": "Pedal N Paddle", "category": "mixed", "amenity": null, "building": null, "shop": null, "landuse": null }, "geometry": { "type": "Point", "coordinates": [ 121.049397364902731, 14.652358505898505 ] } },
{ "type": "Feature", "properties": { "name": "wet market", "category": "mixed", "amenity": "marketplace", "building": null, "shop": null, "landuse": null }, "geometry": { "type": "Point", "coordinates": [ 121.044143839776552, 14.715098706775152 ] } },
{ "type": "Feature", "properties": { "name": "wet market", "category": "mixed", "amenity": "marketplace", "building": null, "shop": null, "landuse": null }, "geometry": { "type": "Point", "coordinates": [ 121.044128063015435, 14.714953090248986 ] } },
{ "type": "Feature", "properties": { "name": null, "category": "mixed", "amenity": "marketplace", "building": null, "shop": null, "landuse": null }, "geometry": { "type": "Point", "coordinates": [ 121.044754663103049, 14.715102465504412 ] } },
{ "type": "Feature", "properties": { "name": "Qsquare Lifestyle Center", "category": "mixed", "amenity": null, "building": null, "shop": "mall", "landuse": "retail" }, "geometry": { "type": "Point", "coordinates": [ 121.018997387663106, 14.680779753326878 ] } },
{ "type": "Feature", "properties": { "name": null, "category": "mixed", "amenity": null, "building": null, "shop": null, "landuse": null }, "geometry": { "type": "Point", "coordinates": [ 121.058682073210193, 14.674358217311287 ] } },
{ "type": "Feature", "properties": { "name": "Mercedarian School", "category": "mixed", "amenity": "school", "building": "yes", "shop": null, "landuse": null }, "geometry": { "type": "Point", "coordinates": [ 121.066345449999247, 14.732860400001686 ] } },
{ "type": "Feature", "properties": { "name": "SM Fairview - Public Transport Terminal A", "category": "mixed", "amenity": null, "building": "retail", "shop": null, "landuse": null }, "geometry": { "type": "Point", "coordinates": [ 121.060922000011715, 14.734232549942968 ] } },
{ "type": "Feature", "properties": { "name": "Alley 44 Park", "category": "mixed", "amenity": null, "building": null, "shop": null, "landuse": null }, "geometry": { "type": "Point", "coordinates": [ 121.056523399784822, 14.649293348308948 ] } },
{ "type": "Feature", "properties": { "name": "Krus na Ligas Wet Market", "category": "mixed", "amenity": "marketplace", "building": null, "shop": null, "landuse": null }, "geometry": { "type": "Point", "coordinates": [ 121.06342323766674, 14.644353604344651 ] } },
{ "type": "Feature", "properties": { "name": "Readygo", "category": "mixed", "amenity": null, "building": "yes", "shop": "car_parts", "landuse": null }, "geometry": { "type": "Point", "coordinates": [ 121.047493799997227, 14.62656290000249 ] } },
{ "type": "Feature", "properties": { "name": "Department of Information and Communications Technology Judge Juan Luna Field Office", "category": "mixed", "amenity": null, "building": null, "shop": null, "landuse": null }, "geometry": { "type": "Point", "coordinates": [ 121.020405171801912, 14.649967015751841 ] } },
{ "type": "Feature", "properties": { "name": "Far Eastern University - Nicanor Reyes Medical Foundation", "category": "mixed", "amenity": "hospital", "building": null, "shop": null, "landuse": null }, "geometry": { "type": "Point", "coordinates": [ 121.066991275840252, 14.698850384631516 ] } },
{ "type": "Feature", "properties": { "name": "Don Antonio Wet and Dry Market", "category": "mixed", "amenity": "marketplace", "building": null, "shop": null, "landuse": null }, "geometry": { "type": "Point", "coordinates": [ 121.083380779095904, 14.677115725937625 ] } },
{ "type": "Feature", "properties": { "name": null, "category": "mixed", "amenity": null, "building": "yes", "shop": null, "landuse": null }, "geometry": { "type": "Point", "coordinates": [ 121.029487296517061, 14.659183650794004 ] } },
{ "type": "Feature", "properties": { "name": "PCA Laboratory Building", "category": "mixed", "amenity": null, "building": "yes", "shop": null, "landuse": null }, "geometry": { "type": "Point", "coordinates": [ 121.052012729222582, 14.654211083966931 ] } },
{ "type": "Feature", "properties": { "name": null, "category": "mixed", "amenity": "school", "building": null, "shop": null, "landuse": null }, "geometry": { "type": "Point", "coordinates": [ 121.075358158602569, 14.645107257531782 ] } },
{ "type": "Feature", "properties": { "name": "Grace Christian Park", "category": "mixed", "amenity": null, "building": null, "shop": null, "landuse": null }, "geometry": { "type": "Point", "coordinates": [ 121.002647125539099, 14.645759984192994 ] } },
{ "type": "Feature", "properties": { "name": "United Doctors Medical Center", "category": "mixed", "amenity": "hospital", "building": null, "shop": null, "landuse": null }, "geometry": { "type": "Point", "coordinates": [ 121.001829787839483, 14.617100727891909 ] } },
{ "type": "Feature", "properties": { "name": "Isuzu Quezon Avenue", "category": "mixed", "amenity": null, "building": null, "shop": "car", "landuse": null }, "geometry": { "type": "Point", "coordinates": [ 121.034986702717703, 14.643250339078675 ] } },
{ "type": "Feature", "properties": { "name": "Isuzu", "category": "mixed", "amenity": null, "building": null, "shop": "truck", "landuse": "retail" }, "geometry": { "type": "Point", "coordinates": [ 121.035363348558377, 14.643493637542683 ] } },
{ "type": "Feature", "properties": { "name": "UP Shopping Center", "category": "mixed", "amenity": null, "building": null, "shop": "mall", "landuse": null }, "geometry": { "type": "Point", "coordinates": [ 121.069504811886929, 14.659708702113662 ] } },
{ "type": "Feature", "properties": { "name": "Mega Q Mart Grocery", "category": "mixed", "amenity": null, "building": null, "shop": "supermarket", "landuse": null }, "geometry": { "type": "Point", "coordinates": [ 121.048425300026054, 14.628065200000181 ] } },
{ "type": "Feature", "properties": { "name": "Saint John Technological College of the Philippines", "category": "mixed", "amenity": "college", "building": null, "shop": null, "landuse": null }, "geometry": { "type": "Point", "coordinates": [ 121.041383504414881, 14.717296336076066 ] } },
{ "type": "Feature", "properties": { "name": "Divine Trinity Learning Academy", "category": "mixed", "amenity": "school", "building": null, "shop": null, "landuse": null }, "geometry": { "type": "Point", "coordinates": [ 121.041753518332769, 14.717181916188744 ] } },
{ "type": "Feature", "properties": { "name": "Kings Montessori School", "category": "mixed", "amenity": "school", "building": null, "shop": null, "landuse": null }, "geometry": { "type": "Point", "coordinates": [ 121.025544890669579, 14.699835770820249 ] } },
{ "type": "Feature", "properties": { "name": null, "category": "mixed", "amenity": null, "building": null, "shop": null, "landuse": null }, "geometry": { "type": "Point", "coordinates": [ 121.00468390911459, 14.650969181342203 ] } },
{ "type": "Feature", "properties": { "name": "Claret", "category": "mixed", "amenity": "school", "building": null, "shop": null, "landuse": null }, "geometry": { "type": "Point", "coordinates": [ 121.048778668159841, 14.666762111842029 ] } },
{ "type": "Feature", "properties": { "name": "Araneta City Busport", "category": "mixed", "amenity": "bus_station", "building": null, "shop": null, "landuse": null }, "geometry": { "type": "Point", "coordinates": [ 121.05746039698117, 14.620075692606704 ] } },
{ "type": "Feature", "properties": { "name": "A Luna Baba Court", "category": "mixed", "amenity": null, "building": null, "shop": null, "landuse": null }, "geometry": { "type": "Point", "coordinates": [ 121.063436443273403, 14.626572428923705 ] } },
{ "type": "Feature", "properties": { "name": "University of the Philippines Diliman - College of Engineering (Melchor Hall)", "category": "mixed", "amenity": "university", "building": "yes", "shop": null, "landuse": null }, "geometry": { "type": "Point", "coordinates": [ 121.069483290824209, 14.656496067803138 ] } },
{ "type": "Feature", "properties": { "name": "Cloverleaf Linear Park", "category": "mixed", "amenity": null, "building": null, "shop": null, "landuse": null }, "geometry": { "type": "Point", "coordinates": [ 121.002293001665961, 14.65524551634733 ] } },
{ "type": "Feature", "properties": { "name": "S&R Membership Shopping", "category": "mixed", "amenity": null, "building": null, "shop": "wholesale", "landuse": null }, "geometry": { "type": "Point", "coordinates": [ 121.080003780927044, 14.604700866365002 ] } },
{ "type": "Feature", "properties": { "name": "Tandang Sora Women's Museum", "category": "mixed", "amenity": null, "building": "yes", "shop": null, "landuse": null }, "geometry": { "type": "Point", "coordinates": [ 121.045608550007884, 14.683178650008273 ] } },
{ "type": "Feature", "properties": { "name": "Quirino Station", "category": "mixed", "amenity": null, "building": null, "shop": null, "landuse": null }, "geometry": { "type": "Point", "coordinates": [ 121.066690367059593, 14.735464455872741 ] } },
{ "type": "Feature", "properties": { "name": "Sacred Heart", "category": "mixed", "amenity": null, "building": null, "shop": null, "landuse": null }, "geometry": { "type": "Point", "coordinates": [ 121.083870493127463, 14.750342018347064 ] } },
{ "type": "Feature", "properties": { "name": "Santa Lucia Senior High School", "category": "mixed", "amenity": "school", "building": null, "shop": null, "landuse": null }, "geometry": { "type": "Point", "coordinates": [ 121.051977433904867, 14.707697958946664 ] } },
{ "type": "Feature", "properties": { "name": "PAREF - Northfield School for Boys", "category": "mixed", "amenity": "school", "building": null, "shop": null, "landuse": null }, "geometry": { "type": "Point", "coordinates": [ 121.036367286589439, 14.63147632821358 ] } },
{ "type": "Feature", "properties": { "name": "UP Diliman Football Pitch", "category": "mixed", "amenity": null, "building": null, "shop": null, "landuse": null }, "geometry": { "type": "Point", "coordinates": [ 121.065990439202025, 14.659596791852417 ] } },
{ "type": "Feature", "properties": { "name": "John Dewey School for Children", "category": "mixed", "amenity": "school", "building": null, "shop": null, "landuse": null }, "geometry": { "type": "Point", "coordinates": [ 121.030926070278866, 14.666946202199888 ] } },
{ "type": "Feature", "properties": { "name": null, "category": "mixed", "amenity": null, "building": null, "shop": null, "landuse": null }, "geometry": { "type": "Point", "coordinates": [ 121.062288809673106, 14.658763675397699 ] } },
{ "type": "Feature", "properties": { "name": "Sauyo High School", "category": "mixed", "amenity": "school", "building": null, "shop": null, "landuse": null }, "geometry": { "type": "Point", "coordinates": [ 121.048355817486026, 14.691418459349467 ] } },
{ "type": "Feature", "properties": { "name": "College of Music Front Lawn", "category": "mixed", "amenity": null, "building": null, "shop": null, "landuse": null }, "geometry": { "type": "Point", "coordinates": [ 121.065219519844163, 14.656276284699324 ] } },
{ "type": "Feature", "properties": { "name": null, "category": "mixed", "amenity": null, "building": null, "shop": null, "landuse": null }, "geometry": { "type": "Point", "coordinates": [ 121.071135316199886, 14.657909156156123 ] } },
{ "type": "Feature", "properties": { "name": null, "category": "mixed", "amenity": null, "building": null, "shop": null, "landuse": null }, "geometry": { "type": "Point", "coordinates": [ 121.071085551589064, 14.65804544493918 ] } },
{ "type": "Feature", "properties": { "name": null, "category": "mixed", "amenity": null, "building": null, "shop": null, "landuse": null }, "geometry": { "type": "Point", "coordinates": [ 121.071088324769903, 14.658187292336102 ] } },
{ "type": "Feature", "properties": { "name": null, "category": "mixed", "amenity": null, "building": null, "shop": null, "landuse": null }, "geometry": { "type": "Point", "coordinates": [ 121.071085100010976, 14.657893804110925 ] } },
{ "type": "Feature", "properties": { "name": "GMA Kamuning", "category": "mixed", "amenity": null, "building": null, "shop": null, "landuse": null }, "geometry": { "type": "Point", "coordinates": [ 121.0432749, 14.635333 ] } },
{ "type": "Feature", "properties": { "name": null, "category": "mixed", "amenity": "taxi", "building": null, "shop": null, "landuse": null }, "geometry": { "type": "Point", "coordinates": [ 121.055765399999984, 14.618218 ] } },
{ "type": "Feature", "properties": { "name": "Asian School Of Christian", "category": "mixed", "amenity": "school", "building": null, "shop": null, "landuse": null }, "geometry": { "type": "Point", "coordinates": [ 120.9971328, 14.6282515 ] } },
{ "type": "Feature", "properties": { "name": "Capitol Hills Christian School, Inc.", "category": "mixed", "amenity": "school", "building": null, "shop": null, "landuse": null }, "geometry": { "type": "Point", "coordinates": [ 121.099136300000012, 14.6898669 ] } },
{ "type": "Feature", "properties": { "name": "Isetann", "category": "mixed", "amenity": null, "building": null, "shop": "mall", "landuse": null }, "geometry": { "type": "Point", "coordinates": [ 121.05362820000002, 14.6228453 ] } },
{ "type": "Feature", "properties": { "name": "Sugar Regulatory Administration", "category": "mixed", "amenity": null, "building": null, "shop": null, "landuse": null }, "geometry": { "type": "Point", "coordinates": [ 121.0437178, 14.6543115 ] } },
{ "type": "Feature", "properties": { "name": "National Conciliation and Mediation Board", "category": "mixed", "amenity": null, "building": null, "shop": null, "landuse": null }, "geometry": { "type": "Point", "coordinates": [ 121.0167894, 14.6308268 ] } },
{ "type": "Feature", "properties": { "name": "Mother Gonly Memorial Institute", "category": "mixed", "amenity": "school", "building": null, "shop": null, "landuse": null }, "geometry": { "type": "Point", "coordinates": [ 121.0215018, 14.6420305 ] } },
{ "type": "Feature", "properties": { "name": "St. Jerome Learning Center (sunrise Learning Schoo", "category": "mixed", "amenity": "school", "building": null, "shop": null, "landuse": null }, "geometry": { "type": "Point", "coordinates": [ 121.0636288, 14.614724 ] } },
{ "type": "Feature", "properties": { "name": "Children's House Of Learning And Development", "category": "mixed", "amenity": "school", "building": null, "shop": null, "landuse": null }, "geometry": { "type": "Point", "coordinates": [ 121.07154, 14.70377 ] } },
{ "type": "Feature", "properties": { "name": "National Food Authority", "category": "mixed", "amenity": null, "building": null, "shop": null, "landuse": null }, "geometry": { "type": "Point", "coordinates": [ 121.012016, 14.61897 ] } },
{ "type": "Feature", "properties": { "name": "St. John Institute of Technology", "category": "mixed", "amenity": "school", "building": null, "shop": null, "landuse": null }, "geometry": { "type": "Point", "coordinates": [ 121.027351, 14.689661 ] } },
{ "type": "Feature", "properties": { "name": "7-Eleven", "category": "mixed", "amenity": null, "building": null, "shop": "convenience", "landuse": null }, "geometry": { "type": "Point", "coordinates": [ 121.0482252, 14.6209012 ] } },
{ "type": "Feature", "properties": { "name": "IETI School", "category": "mixed", "amenity": "school", "building": null, "shop": null, "landuse": null }, "geometry": { "type": "Point", "coordinates": [ 121.0484866, 14.6261952 ] } },
{ "type": "Feature", "properties": { "name": "Our Lady Of Mercy Hospital", "category": "mixed", "amenity": "hospital", "building": null, "shop": null, "landuse": null }, "geometry": { "type": "Point", "coordinates": [ 121.0397952, 14.721521 ] } },
{ "type": "Feature", "properties": { "name": "Farmers Market Bargain Center", "category": "mixed", "amenity": null, "building": null, "shop": "mall", "landuse": null }, "geometry": { "type": "Point", "coordinates": [ 121.053176, 14.618551 ] } },
{ "type": "Feature", "properties": { "name": "A. R. Bautista Children And General Hospital", "category": "mixed", "amenity": "hospital", "building": null, "shop": null, "landuse": null }, "geometry": { "type": "Point", "coordinates": [ 121.043441, 14.7303 ] } },
{ "type": "Feature", "properties": { "name": "Mightee Mart", "category": "mixed", "amenity": null, "building": null, "shop": "mall", "landuse": null }, "geometry": { "type": "Point", "coordinates": [ 120.996492800000013, 14.6372805 ] } },
{ "type": "Feature", "properties": { "name": "Lifespring Christian School", "category": "mixed", "amenity": "school", "building": null, "shop": null, "landuse": null }, "geometry": { "type": "Point", "coordinates": [ 121.009181400000017, 14.6294113 ] } },
{ "type": "Feature", "properties": { "name": "Diliman Christian Academy", "category": "mixed", "amenity": "school", "building": null, "shop": null, "landuse": null }, "geometry": { "type": "Point", "coordinates": [ 121.0596932, 14.6667541 ] } },
{ "type": "Feature", "properties": { "name": "Casual General Hospital", "category": "mixed", "amenity": "hospital", "building": null, "shop": null, "landuse": null }, "geometry": { "type": "Point", "coordinates": [ 121.070637, 14.7370013 ] } },
{ "type": "Feature", "properties": { "name": "Cabrini School", "category": "mixed", "amenity": "school", "building": null, "shop": null, "landuse": null }, "geometry": { "type": "Point", "coordinates": [ 121.018388200000018, 14.6341429 ] } },
{ "type": "Feature", "properties": { "name": "J. P. Sioson General Hospital And Colleges", "category": "mixed", "amenity": "hospital", "building": null, "shop": null, "landuse": null }, "geometry": { "type": "Point", "coordinates": [ 121.0250945, 14.6599034 ] } },
{ "type": "Feature", "properties": { "name": "Infant Jesus Learning Academy Of Quezon City", "category": "mixed", "amenity": "school", "building": null, "shop": null, "landuse": null }, "geometry": { "type": "Point", "coordinates": [ 121.0219208, 14.6453205 ] } },
{ "type": "Feature", "properties": { "name": "Office of the City Tresurer", "category": "mixed", "amenity": null, "building": null, "shop": null, "landuse": null }, "geometry": { "type": "Point", "coordinates": [ 120.9949706, 14.6322216 ] } },
{ "type": "Feature", "properties": { "name": "National Economic Development Administration", "category": "mixed", "amenity": null, "building": null, "shop": null, "landuse": null }, "geometry": { "type": "Point", "coordinates": [ 121.043439100000015, 14.6360243 ] } },
{ "type": "Feature", "properties": { "name": "Victoria School Foundation", "category": "mixed", "amenity": "school", "building": null, "shop": null, "landuse": null }, "geometry": { "type": "Point", "coordinates": [ 121.0570709, 14.6285374 ] } },
{ "type": "Feature", "properties": { "name": "Metro Manila College High School Division", "category": "mixed", "amenity": "school", "building": null, "shop": null, "landuse": null }, "geometry": { "type": "Point", "coordinates": [ 121.0454383, 14.7278143 ] } },
{ "type": "Feature", "properties": { "name": "Metro Manila Commission", "category": "mixed", "amenity": null, "building": null, "shop": null, "landuse": null }, "geometry": { "type": "Point", "coordinates": [ 121.051164199999988, 14.6469669 ] } },
{ "type": "Feature", "properties": { "name": "Bureau of Forest Development Region IV", "category": "mixed", "amenity": null, "building": null, "shop": null, "landuse": null }, "geometry": { "type": "Point", "coordinates": [ 121.045478, 14.644491 ] } },
{ "type": "Feature", "properties": { "name": "Civil Service Commission", "category": "mixed", "amenity": null, "building": null, "shop": null, "landuse": null }, "geometry": { "type": "Point", "coordinates": [ 121.043862799999985, 14.6551515 ] } },
{ "type": "Feature", "properties": { "name": "Greenhearts", "category": "mixed", "amenity": null, "building": null, "shop": "garden_centre", "landuse": null }, "geometry": { "type": "Point", "coordinates": [ 121.02626, 14.63412 ] } },
{ "type": "Feature", "properties": { "name": "Pan de Manila", "category": "mixed", "amenity": null, "building": null, "shop": "bakery", "landuse": null }, "geometry": { "type": "Point", "coordinates": [ 120.998179, 14.6534408 ] } },
{ "type": "Feature", "properties": { "name": "St. Francis Guidance School", "category": "mixed", "amenity": "school", "building": null, "shop": null, "landuse": null }, "geometry": { "type": "Point", "coordinates": [ 121.0528512, 14.7314491 ] } },
{ "type": "Feature", "properties": { "name": "Fairview Polymedic Hospital", "category": "mixed", "amenity": "hospital", "building": null, "shop": null, "landuse": null }, "geometry": { "type": "Point", "coordinates": [ 121.04251, 14.729371 ] } },
{ "type": "Feature", "properties": { "name": "Santrans Terminal", "category": "mixed", "amenity": "bus_station", "building": null, "shop": null, "landuse": null }, "geometry": { "type": "Point", "coordinates": [ 121.06508620000001, 14.7353017 ] } },
{ "type": "Feature", "properties": { "name": "Balara Academy", "category": "mixed", "amenity": "school", "building": null, "shop": null, "landuse": null }, "geometry": { "type": "Point", "coordinates": [ 121.074373100000017, 14.6654706 ] } },
{ "type": "Feature", "properties": { "name": "Department Of Justice", "category": "mixed", "amenity": null, "building": null, "shop": null, "landuse": null }, "geometry": { "type": "Point", "coordinates": [ 121.012306, 14.62706 ] } },
{ "type": "Feature", "properties": { "name": "San Francisco Vocationaal School", "category": "mixed", "amenity": "school", "building": null, "shop": null, "landuse": null }, "geometry": { "type": "Point", "coordinates": [ 121.0156498, 14.6414905 ] } },
{ "type": "Feature", "properties": { "name": "Bureau of Agricultural Extension", "category": "mixed", "amenity": null, "building": null, "shop": null, "landuse": null }, "geometry": { "type": "Point", "coordinates": [ 121.048242800000011, 14.6554815 ] } },
{ "type": "Feature", "properties": { "name": "Local Water Utilities Administration", "category": "mixed", "amenity": null, "building": null, "shop": null, "landuse": null }, "geometry": { "type": "Point", "coordinates": [ 121.0752635, 14.6552322 ] } },
{ "type": "Feature", "properties": { "name": "Novaliches Plaza Wet and Dry Market", "category": "mixed", "amenity": "marketplace", "building": null, "shop": null, "landuse": null }, "geometry": { "type": "Point", "coordinates": [ 121.040309500000021, 14.7231052 ] } },
{ "type": "Feature", "properties": { "name": "Payatas Academy", "category": "mixed", "amenity": "school", "building": null, "shop": null, "landuse": null }, "geometry": { "type": "Point", "coordinates": [ 121.097091, 14.703961 ] } },
{ "type": "Feature", "properties": { "name": "School of Saint Anthony Annex Building", "category": "mixed", "amenity": "school", "building": null, "shop": null, "landuse": null }, "geometry": { "type": "Point", "coordinates": [ 121.066068800000011, 14.7329858 ] } },
{ "type": "Feature", "properties": { "name": "Forest Development and Nursery Program Service", "category": "mixed", "amenity": null, "building": "yes", "shop": null, "landuse": null }, "geometry": { "type": "Point", "coordinates": [ 121.0400574, 14.6531824 ] } },
{ "type": "Feature", "properties": { "name": "Bethel Christian School Of Q. C., Inc.", "category": "mixed", "amenity": "school", "building": null, "shop": null, "landuse": null }, "geometry": { "type": "Point", "coordinates": [ 121.05986, 14.693361 ] } },
{ "type": "Feature", "properties": { "name": "Bureau Of Forest And Aquatic Resources", "category": "mixed", "amenity": null, "building": null, "shop": null, "landuse": null }, "geometry": { "type": "Point", "coordinates": [ 121.024108, 14.635451 ] } },
{ "type": "Feature", "properties": { "name": "Weather Instrument Research & Development", "category": "mixed", "amenity": null, "building": null, "shop": null, "landuse": null }, "geometry": { "type": "Point", "coordinates": [ 121.04425, 14.64335 ] } },
{ "type": "Feature", "properties": { "name": "Social Welfare Service Division", "category": "mixed", "amenity": null, "building": null, "shop": null, "landuse": null }, "geometry": { "type": "Point", "coordinates": [ 121.0155198, 14.6487005 ] } },
{ "type": "Feature", "properties": { "name": "Bureau of Forestry", "category": "mixed", "amenity": null, "building": null, "shop": null, "landuse": null }, "geometry": { "type": "Point", "coordinates": [ 121.018037800000016, 14.6325805 ] } },
{ "type": "Feature", "properties": { "name": "Bureau Of Lands", "category": "mixed", "amenity": null, "building": null, "shop": null, "landuse": null }, "geometry": { "type": "Point", "coordinates": [ 121.010581, 14.618881 ] } },
{ "type": "Feature", "properties": { "name": "University of the East - Ramon Magsaysay", "category": "mixed", "amenity": "university", "building": null, "shop": null, "landuse": null }, "geometry": { "type": "Point", "coordinates": [ 121.020945400000016, 14.6070218 ] } },
{ "type": "Feature", "properties": { "name": "St. John Learning Center", "category": "mixed", "amenity": "school", "building": null, "shop": null, "landuse": null }, "geometry": { "type": "Point", "coordinates": [ 121.105110700000012, 14.6968428 ] } },
{ "type": "Feature", "properties": { "name": "Welcome Supermarket", "category": "mixed", "amenity": null, "building": null, "shop": "supermarket", "landuse": null }, "geometry": { "type": "Point", "coordinates": [ 121.0022156, 14.6175006 ] } },
{ "type": "Feature", "properties": { "name": "Rock Garden", "category": "mixed", "amenity": null, "building": null, "shop": null, "landuse": null }, "geometry": { "type": "Point", "coordinates": [ 121.078022099999984, 14.6345308 ] } },
{ "type": "Feature", "properties": { "name": "National Book Store", "category": "mixed", "amenity": null, "building": null, "shop": "books", "landuse": null }, "geometry": { "type": "Point", "coordinates": [ 121.074029900000014, 14.6369195 ] } },
{ "type": "Feature", "properties": { "name": "Piaget Learning Center", "category": "mixed", "amenity": "school", "building": null, "shop": null, "landuse": null }, "geometry": { "type": "Point", "coordinates": [ 121.072663600000013, 14.687371 ] } },
{ "type": "Feature", "properties": { "name": "Eastwood City Walk 1", "category": "mixed", "amenity": null, "building": null, "shop": "mall", "landuse": null }, "geometry": { "type": "Point", "coordinates": [ 121.080911200000017, 14.6090325 ] } },
{ "type": "Feature", "properties": { "name": "Eastwood City Walk 2", "category": "mixed", "amenity": null, "building": null, "shop": "mall", "landuse": null }, "geometry": { "type": "Point", "coordinates": [ 121.0811298, 14.6100315 ] } },
{ "type": "Feature", "properties": { "name": "Eastwood Mall", "category": "mixed", "amenity": null, "building": null, "shop": "mall", "landuse": null }, "geometry": { "type": "Point", "coordinates": [ 121.07981620000001, 14.6102364 ] } },
{ "type": "Feature", "properties": { "name": "Aurora-Katipunan", "category": "mixed", "amenity": null, "building": null, "shop": null, "landuse": null }, "geometry": { "type": "Point", "coordinates": [ 121.0727551, 14.6310981 ] } },
{ "type": "Feature", "properties": { "name": "Aurora-Katipunan", "category": "mixed", "amenity": null, "building": null, "shop": null, "landuse": null }, "geometry": { "type": "Point", "coordinates": [ 121.072820899999982, 14.6309477 ] } },
{ "type": "Feature", "properties": { "name": "Zafra Motors", "category": "mixed", "amenity": null, "building": null, "shop": "car", "landuse": null }, "geometry": { "type": "Point", "coordinates": [ 120.9931341, 14.6435496 ] } },
{ "type": "Feature", "properties": { "name": "Goodyear Servitek", "category": "mixed", "amenity": null, "building": null, "shop": "car_repair", "landuse": null }, "geometry": { "type": "Point", "coordinates": [ 121.005455400000017, 14.6440395 ] } },
{ "type": "Feature", "properties": { "name": "Smart Driving School", "category": "mixed", "amenity": "driving_school", "building": null, "shop": null, "landuse": null }, "geometry": { "type": "Point", "coordinates": [ 121.02928940000001, 14.6231922 ] } },
{ "type": "Feature", "properties": { "name": "All Terra Bike", "category": "mixed", "amenity": null, "building": null, "shop": "bicycle", "landuse": null }, "geometry": { "type": "Point", "coordinates": [ 121.0799253, 14.6045512 ] } },
{ "type": "Feature", "properties": { "name": "V. V. Dental Clinic", "category": "mixed", "amenity": "dentist", "building": null, "shop": "pawnbroker", "landuse": null }, "geometry": { "type": "Point", "coordinates": [ 121.0744152, 14.6425707 ] } },
{ "type": "Feature", "properties": { "name": "Cyber and Fashion Mall", "category": "mixed", "amenity": null, "building": null, "shop": "mall", "landuse": null }, "geometry": { "type": "Point", "coordinates": [ 121.0803518, 14.6077646 ] } },
{ "type": "Feature", "properties": { "name": "Paisley Garden Academe", "category": "mixed", "amenity": "school", "building": null, "shop": null, "landuse": null }, "geometry": { "type": "Point", "coordinates": [ 121.049890500000018, 14.6923758 ] } },
{ "type": "Feature", "properties": { "name": null, "category": "mixed", "amenity": null, "building": null, "shop": "vacant", "landuse": null }, "geometry": { "type": "Point", "coordinates": [ 121.0809552, 14.6097468 ] } },
{ "type": "Feature", "properties": { "name": "A. Roces Transport Terminal", "category": "mixed", "amenity": "bus_station", "building": null, "shop": null, "landuse": null }, "geometry": { "type": "Point", "coordinates": [ 121.0512904, 14.6228148 ] } },
{ "type": "Feature", "properties": { "name": "E. Rodriguez Tricycle Terminal", "category": "mixed", "amenity": "taxi", "building": null, "shop": null, "landuse": null }, "geometry": { "type": "Point", "coordinates": [ 121.0491007, 14.6259566 ] } },
{ "type": "Feature", "properties": { "name": "Sertoda", "category": "mixed", "amenity": "taxi", "building": null, "shop": null, "landuse": null }, "geometry": { "type": "Point", "coordinates": [ 121.0546872, 14.6240249 ] } },
{ "type": "Feature", "properties": { "name": "Great Learning Educational Center", "category": "mixed", "amenity": "school", "building": null, "shop": null, "landuse": null }, "geometry": { "type": "Point", "coordinates": [ 121.0568, 14.6259156 ] } },
{ "type": "Feature", "properties": { "name": "Happy Heads Barber Shop", "category": "mixed", "amenity": null, "building": null, "shop": "hairdresser", "landuse": null }, "geometry": { "type": "Point", "coordinates": [ 121.0492799, 14.6260179 ] } },
{ "type": "Feature", "properties": { "name": "Copylandia", "category": "mixed", "amenity": null, "building": null, "shop": "copyshop", "landuse": null }, "geometry": { "type": "Point", "coordinates": [ 121.054569499999985, 14.6238885 ] } },
{ "type": "Feature", "properties": { "name": "Floor Center Ceramics and Granite Tiles", "category": "mixed", "amenity": null, "building": null, "shop": "tiles", "landuse": null }, "geometry": { "type": "Point", "coordinates": [ 121.0595614, 14.6262913 ] } },
{ "type": "Feature", "properties": { "name": "ACCESS Computer College", "category": "mixed", "amenity": "college", "building": null, "shop": null, "landuse": null }, "geometry": { "type": "Point", "coordinates": [ 121.0613115, 14.6273063 ] } },
{ "type": "Feature", "properties": { "name": "Bonifacio Market", "category": "mixed", "amenity": "marketplace", "building": null, "shop": null, "landuse": null }, "geometry": { "type": "Point", "coordinates": [ 121.0352534, 14.7010295 ] } },
{ "type": "Feature", "properties": { "name": "STI College", "category": "mixed", "amenity": "college", "building": null, "shop": null, "landuse": null }, "geometry": { "type": "Point", "coordinates": [ 121.0193219, 14.6579489 ] } },
{ "type": "Feature", "properties": { "name": "Honda Metrocycle", "category": "mixed", "amenity": null, "building": null, "shop": "bicycle", "landuse": null }, "geometry": { "type": "Point", "coordinates": [ 121.0487578, 14.6250648 ] } },
{ "type": "Feature", "properties": { "name": "7-Eleven", "category": "mixed", "amenity": null, "building": null, "shop": "convenience", "landuse": null }, "geometry": { "type": "Point", "coordinates": [ 121.0493573, 14.6239576 ] } },
{ "type": "Feature", "properties": { "name": "Edsa Furniture", "category": "mixed", "amenity": null, "building": null, "shop": "doityourself", "landuse": null }, "geometry": { "type": "Point", "coordinates": [ 121.0514169, 14.6181134 ] } },
{ "type": "Feature", "properties": { "name": "Cleanlars Child Montessori Center", "category": "mixed", "amenity": "school", "building": null, "shop": null, "landuse": null }, "geometry": { "type": "Point", "coordinates": [ 121.065165, 14.6232824 ] } },
{ "type": "Feature", "properties": { "name": "St. Peter Chapels", "category": "mixed", "amenity": null, "building": null, "shop": "funeral_directors", "landuse": null }, "geometry": { "type": "Point", "coordinates": [ 121.0621545, 14.6223573 ] } },
{ "type": "Feature", "properties": { "name": "Bureau of Fire Protection", "category": "mixed", "amenity": null, "building": null, "shop": null, "landuse": null }, "geometry": { "type": "Point", "coordinates": [ 121.0581681, 14.6224734 ] } },
{ "type": "Feature", "properties": { "name": "Ann Francis Mother & Child Hospital", "category": "mixed", "amenity": "hospital", "building": null, "shop": null, "landuse": null }, "geometry": { "type": "Point", "coordinates": [ 121.0312571, 14.6943711 ] } },
{ "type": "Feature", "properties": { "name": "Gardner College", "category": "mixed", "amenity": "college", "building": null, "shop": null, "landuse": null }, "geometry": { "type": "Point", "coordinates": [ 121.0334574, 14.6551319 ] } },
{ "type": "Feature", "properties": { "name": "SM Appliances", "category": "mixed", "amenity": null, "building": null, "shop": "appliance", "landuse": null }, "geometry": { "type": "Point", "coordinates": [ 121.0322679, 14.6123233 ] } },
{ "type": "Feature", "properties": { "name": "Savemore", "category": "mixed", "amenity": null, "building": null, "shop": "supermarket", "landuse": null }, "geometry": { "type": "Point", "coordinates": [ 121.0323776, 14.6122934 ] } },
{ "type": "Feature", "properties": { "name": "Ace Hardware", "category": "mixed", "amenity": null, "building": null, "shop": "doityourself", "landuse": null }, "geometry": { "type": "Point", "coordinates": [ 121.03232, 14.612353 ] } },
{ "type": "Feature", "properties": { "name": "Garcia's", "category": "mixed", "amenity": null, "building": null, "shop": "supermarket", "landuse": null }, "geometry": { "type": "Point", "coordinates": [ 121.022268299999979, 14.6210683 ] } },
{ "type": "Feature", "properties": { "name": null, "category": "mixed", "amenity": null, "building": null, "shop": "doityourself", "landuse": null }, "geometry": { "type": "Point", "coordinates": [ 121.0194304, 14.6213388 ] } },
{ "type": "Feature", "properties": { "name": "Farmers Plaza UV Express Station", "category": "mixed", "amenity": "bus_station", "building": null, "shop": null, "landuse": null }, "geometry": { "type": "Point", "coordinates": [ 121.0512384, 14.6205053 ] } },
{ "type": "Feature", "properties": { "name": "Wensha Spa", "category": "mixed", "amenity": null, "building": null, "shop": null, "landuse": null }, "geometry": { "type": "Point", "coordinates": [ 121.027074, 14.636429 ] } },
{ "type": "Feature", "properties": { "name": "NSRC", "category": "mixed", "amenity": null, "building": null, "shop": null, "landuse": null }, "geometry": { "type": "Point", "coordinates": [ 121.0443218, 14.6440115 ] } },
{ "type": "Feature", "properties": { "name": "Instrumentation Development and Research Unit", "category": "mixed", "amenity": null, "building": null, "shop": null, "landuse": null }, "geometry": { "type": "Point", "coordinates": [ 121.04511, 14.6442 ] } },
{ "type": "Feature", "properties": { "name": "Robinson Supermarket", "category": "mixed", "amenity": null, "building": null, "shop": "supermarket", "landuse": null }, "geometry": { "type": "Point", "coordinates": [ 121.0077282, 14.618037 ] } },
{ "type": "Feature", "properties": { "name": "Gospel Light Christian Academy", "category": "mixed", "amenity": "school", "building": null, "shop": null, "landuse": null }, "geometry": { "type": "Point", "coordinates": [ 121.055251399999989, 14.6364422 ] } },
{ "type": "Feature", "properties": { "name": "Holy Angels Montessori School", "category": "mixed", "amenity": "school", "building": null, "shop": null, "landuse": null }, "geometry": { "type": "Point", "coordinates": [ 121.071645600000011, 14.6149195 ] } },
{ "type": "Feature", "properties": { "name": "Mango", "category": "mixed", "amenity": null, "building": null, "shop": "clothes", "landuse": null }, "geometry": { "type": "Point", "coordinates": [ 121.0790807, 14.6104756 ] } },
{ "type": "Feature", "properties": { "name": "7-Eleven", "category": "mixed", "amenity": null, "building": null, "shop": "convenience", "landuse": null }, "geometry": { "type": "Point", "coordinates": [ 121.0789915, 14.6109366 ] } },
{ "type": "Feature", "properties": { "name": "Family Mart", "category": "mixed", "amenity": null, "building": null, "shop": "convenience", "landuse": null }, "geometry": { "type": "Point", "coordinates": [ 121.0796622, 14.6088596 ] } },
{ "type": "Feature", "properties": { "name": "SM Supermart", "category": "mixed", "amenity": null, "building": null, "shop": "supermarket", "landuse": null }, "geometry": { "type": "Point", "coordinates": [ 121.056054, 14.618418 ] } },
{ "type": "Feature", "properties": { "name": "7-Eleven", "category": "mixed", "amenity": null, "building": null, "shop": "convenience", "landuse": null }, "geometry": { "type": "Point", "coordinates": [ 121.0568273, 14.6204914 ] } },
{ "type": "Feature", "properties": { "name": "Ace Hardware", "category": "mixed", "amenity": null, "building": null, "shop": "doityourself", "landuse": null }, "geometry": { "type": "Point", "coordinates": [ 121.055453300000011, 14.61959 ] } },
{ "type": "Feature", "properties": { "name": "National Book Store", "category": "mixed", "amenity": null, "building": null, "shop": "books", "landuse": null }, "geometry": { "type": "Point", "coordinates": [ 121.0513511, 14.6201728 ] } },
{ "type": "Feature", "properties": { "name": "Goldilocks", "category": "mixed", "amenity": null, "building": null, "shop": "bakery", "landuse": null }, "geometry": { "type": "Point", "coordinates": [ 121.0513956, 14.6196946 ] } },
{ "type": "Feature", "properties": { "name": "Loadstar Bus & Truck Parts", "category": "mixed", "amenity": null, "building": null, "shop": "car", "landuse": null }, "geometry": { "type": "Point", "coordinates": [ 120.9980007, 14.6541069 ] } },
{ "type": "Feature", "properties": { "name": "Southeast Asian College", "category": "mixed", "amenity": "college", "building": null, "shop": null, "landuse": null }, "geometry": { "type": "Point", "coordinates": [ 121.0015001, 14.6173071 ] } },
{ "type": "Feature", "properties": { "name": "7-Eleven", "category": "mixed", "amenity": null, "building": null, "shop": "convenience", "landuse": null }, "geometry": { "type": "Point", "coordinates": [ 121.0433727, 14.6332707 ] } },
{ "type": "Feature", "properties": { "name": "D' Tire Queen Trading", "category": "mixed", "amenity": null, "building": null, "shop": "tyres", "landuse": null }, "geometry": { "type": "Point", "coordinates": [ 121.058817, 14.6197464 ] } },
{ "type": "Feature", "properties": { "name": "Pet Store", "category": "mixed", "amenity": null, "building": null, "shop": "pet", "landuse": null }, "geometry": { "type": "Point", "coordinates": [ 121.055655, 14.618345 ] } },
{ "type": "Feature", "properties": { "name": "QC Dapitan Lumber & Construction Supplies Inc.", "category": "mixed", "amenity": null, "building": null, "shop": "trade", "landuse": null }, "geometry": { "type": "Point", "coordinates": [ 121.0269847, 14.6560393 ] } },
{ "type": "Feature", "properties": { "name": "Julie's", "category": "mixed", "amenity": null, "building": null, "shop": "bakery", "landuse": null }, "geometry": { "type": "Point", "coordinates": [ 121.028977600000019, 14.6555582 ] } },
{ "type": "Feature", "properties": { "name": "GLC Truck & Equipment", "category": "mixed", "amenity": null, "building": null, "shop": "car", "landuse": null }, "geometry": { "type": "Point", "coordinates": [ 121.032164, 14.6517488 ] } },
{ "type": "Feature", "properties": { "name": "Telecom Stores", "category": "mixed", "amenity": null, "building": null, "shop": "mobile_phone", "landuse": null }, "geometry": { "type": "Point", "coordinates": [ 121.0558605, 14.622356 ] } },
{ "type": "Feature", "properties": { "name": "Reynald Tire Supply", "category": "mixed", "amenity": null, "building": null, "shop": "tyres", "landuse": null }, "geometry": { "type": "Point", "coordinates": [ 121.059012100000018, 14.6198035 ] } },
{ "type": "Feature", "properties": { "name": "Farmers Market UV Express Station", "category": "mixed", "amenity": "bus_station", "building": null, "shop": null, "landuse": null }, "geometry": { "type": "Point", "coordinates": [ 121.0517369, 14.6197191 ] } },
{ "type": "Feature", "properties": { "name": "Pathways Child Care and Educational Center", "category": "mixed", "amenity": "school", "building": null, "shop": null, "landuse": null }, "geometry": { "type": "Point", "coordinates": [ 121.0310174, 14.6425774 ] } },
{ "type": "Feature", "properties": { "name": "Quezon Avenue & Philcoa", "category": "mixed", "amenity": null, "building": null, "shop": null, "landuse": null }, "geometry": { "type": "Point", "coordinates": [ 121.0528307, 14.6540937 ] } },
{ "type": "Feature", "properties": { "name": "GBA Travel and Tours", "category": "mixed", "amenity": null, "building": null, "shop": "travel_agency", "landuse": null }, "geometry": { "type": "Point", "coordinates": [ 121.0454608, 14.6304529 ] } },
{ "type": "Feature", "properties": { "name": "Goldilocks", "category": "mixed", "amenity": null, "building": null, "shop": "pastry", "landuse": null }, "geometry": { "type": "Point", "coordinates": [ 121.043755099999984, 14.6328165 ] } },
{ "type": "Feature", "properties": { "name": "Uncle John's", "category": "mixed", "amenity": null, "building": null, "shop": "convenience", "landuse": null }, "geometry": { "type": "Point", "coordinates": [ 121.043126200000017, 14.6349426 ] } },
{ "type": "Feature", "properties": { "name": "7-Eleven", "category": "mixed", "amenity": null, "building": null, "shop": "convenience", "landuse": null }, "geometry": { "type": "Point", "coordinates": [ 121.073424, 14.7062089 ] } },
{ "type": "Feature", "properties": { "name": "Mater Carmelli Pre-School", "category": "mixed", "amenity": "school", "building": null, "shop": null, "landuse": null }, "geometry": { "type": "Point", "coordinates": [ 121.031814399999988, 14.7230254 ] } },
{ "type": "Feature", "properties": { "name": "Ina ng Buhay Elementay and High School", "category": "mixed", "amenity": "school", "building": null, "shop": null, "landuse": null }, "geometry": { "type": "Point", "coordinates": [ 121.0247787, 14.7247427 ] } },
{ "type": "Feature", "properties": { "name": "7-Eleven", "category": "mixed", "amenity": null, "building": null, "shop": "convenience", "landuse": null }, "geometry": { "type": "Point", "coordinates": [ 121.0602959, 14.6993352 ] } },
{ "type": "Feature", "properties": { "name": "Creative Explorers", "category": "mixed", "amenity": "school", "building": null, "shop": null, "landuse": null }, "geometry": { "type": "Point", "coordinates": [ 121.0441384, 14.6611841 ] } },
{ "type": "Feature", "properties": { "name": "Bigboys Carwash", "category": "mixed", "amenity": "car_wash", "building": null, "shop": "car_repair", "landuse": null }, "geometry": { "type": "Point", "coordinates": [ 121.016057900000021, 14.6532071 ] } },
{ "type": "Feature", "properties": { "name": "Benesco Construction Supply", "category": "mixed", "amenity": null, "building": null, "shop": "doityourself", "landuse": null }, "geometry": { "type": "Point", "coordinates": [ 121.0475751, 14.6264643 ] } },
{ "type": "Feature", "properties": { "name": "Everest Lumber Hardware & Construction Supplies", "category": "mixed", "amenity": null, "building": null, "shop": "trade", "landuse": null }, "geometry": { "type": "Point", "coordinates": [ 121.0494031, 14.6225265 ] } },
{ "type": "Feature", "properties": { "name": null, "category": "mixed", "amenity": null, "building": null, "shop": "vacant", "landuse": null }, "geometry": { "type": "Point", "coordinates": [ 121.0599604, 14.592304 ] } },
{ "type": "Feature", "properties": { "name": "Uncle John's", "category": "mixed", "amenity": null, "building": null, "shop": "convenience", "landuse": null }, "geometry": { "type": "Point", "coordinates": [ 121.056038900000019, 14.657112 ] } },
{ "type": "Feature", "properties": { "name": null, "category": "mixed", "amenity": null, "building": null, "shop": "vacant", "landuse": null }, "geometry": { "type": "Point", "coordinates": [ 121.0561183, 14.6570876 ] } },
{ "type": "Feature", "properties": { "name": "Cebuana Lhuillier", "category": "mixed", "amenity": null, "building": null, "shop": "pawnbroker", "landuse": null }, "geometry": { "type": "Point", "coordinates": [ 121.0674517, 14.6638944 ] } },
{ "type": "Feature", "properties": { "name": "Meralco Sibol School", "category": "mixed", "amenity": "school", "building": null, "shop": null, "landuse": null }, "geometry": { "type": "Point", "coordinates": [ 121.0151143, 14.6628397 ] } },
{ "type": "Feature", "properties": { "name": "TriNoma", "category": "mixed", "amenity": null, "building": null, "shop": null, "landuse": null }, "geometry": { "type": "Point", "coordinates": [ 121.035279, 14.6538496 ] } },
{ "type": "Feature", "properties": { "name": "Bionutriwealth", "category": "mixed", "amenity": null, "building": null, "shop": "yes", "landuse": null }, "geometry": { "type": "Point", "coordinates": [ 121.038201, 14.641659 ] } },
{ "type": "Feature", "properties": { "name": "S. R. Nadora Auto Repair", "category": "mixed", "amenity": null, "building": null, "shop": "car_repair", "landuse": null }, "geometry": { "type": "Point", "coordinates": [ 121.02861, 14.6299666 ] } },
{ "type": "Feature", "properties": { "name": "Books for Less", "category": "mixed", "amenity": null, "building": null, "shop": "books", "landuse": null }, "geometry": { "type": "Point", "coordinates": [ 121.02949049999998, 14.6298057 ] } },
{ "type": "Feature", "properties": { "name": "Soap and Spin Laundry", "category": "mixed", "amenity": null, "building": null, "shop": "laundry", "landuse": null }, "geometry": { "type": "Point", "coordinates": [ 121.030025, 14.6293385 ] } },
{ "type": "Feature", "properties": { "name": "JYD General Merchandise", "category": "mixed", "amenity": null, "building": null, "shop": "hardware", "landuse": null }, "geometry": { "type": "Point", "coordinates": [ 121.0289627, 14.6274558 ] } },
{ "type": "Feature", "properties": { "name": "Oxy Flow Water Station", "category": "mixed", "amenity": null, "building": null, "shop": "water", "landuse": null }, "geometry": { "type": "Point", "coordinates": [ 121.026233, 14.6304868 ] } },
{ "type": "Feature", "properties": { "name": "Papemelroti", "category": "mixed", "amenity": null, "building": null, "shop": "stationery", "landuse": null }, "geometry": { "type": "Point", "coordinates": [ 121.0296544, 14.6297773 ] } },
{ "type": "Feature", "properties": { "name": "Aqua Health", "category": "mixed", "amenity": null, "building": null, "shop": "water", "landuse": null }, "geometry": { "type": "Point", "coordinates": [ 121.0279495, 14.6298097 ] } },
{ "type": "Feature", "properties": { "name": "Handy Man Hardware", "category": "mixed", "amenity": null, "building": null, "shop": "doityourself", "landuse": null }, "geometry": { "type": "Point", "coordinates": [ 121.0520845, 14.6217145 ] } },
{ "type": "Feature", "properties": { "name": "Goldilocks", "category": "mixed", "amenity": null, "building": null, "shop": "pastry", "landuse": null }, "geometry": { "type": "Point", "coordinates": [ 121.0311151, 14.6390562 ] } },
{ "type": "Feature", "properties": { "name": "National Book Store", "category": "mixed", "amenity": null, "building": null, "shop": "books", "landuse": null }, "geometry": { "type": "Point", "coordinates": [ 121.0308809, 14.639311 ] } },
{ "type": "Feature", "properties": { "name": "Robinsons Easymart", "category": "mixed", "amenity": null, "building": null, "shop": "convenience", "landuse": null }, "geometry": { "type": "Point", "coordinates": [ 121.031022600000014, 14.6391198 ] } },
{ "type": "Feature", "properties": { "name": "Ilaw Atbp.", "category": "mixed", "amenity": null, "building": null, "shop": "lighting", "landuse": null }, "geometry": { "type": "Point", "coordinates": [ 121.018311299999979, 14.6578896 ] } },
{ "type": "Feature", "properties": { "name": "STI College", "category": "mixed", "amenity": "college", "building": null, "shop": null, "landuse": null }, "geometry": { "type": "Point", "coordinates": [ 121.0136755, 14.6290998 ] } },
{ "type": "Feature", "properties": { "name": "Bob Jones Memorial Bible College", "category": "mixed", "amenity": "college", "building": null, "shop": null, "landuse": null }, "geometry": { "type": "Point", "coordinates": [ 121.0552953, 14.6363824 ] } },
{ "type": "Feature", "properties": { "name": "Montessori West School", "category": "mixed", "amenity": "school", "building": null, "shop": null, "landuse": null }, "geometry": { "type": "Point", "coordinates": [ 121.0285133, 14.6500049 ] } },
{ "type": "Feature", "properties": { "name": "Paquito's Car Repair", "category": "mixed", "amenity": null, "building": null, "shop": "car_repair", "landuse": null }, "geometry": { "type": "Point", "coordinates": [ 121.0494002, 14.632799 ] } },
{ "type": "Feature", "properties": { "name": "Golden Eagle Travel and Tours", "category": "mixed", "amenity": null, "building": null, "shop": "travel_agency", "landuse": null }, "geometry": { "type": "Point", "coordinates": [ 121.043276500000019, 14.6332941 ] } },
{ "type": "Feature", "properties": { "name": "Crafty Chiclet Store", "category": "mixed", "amenity": null, "building": null, "shop": "gift", "landuse": null }, "geometry": { "type": "Point", "coordinates": [ 121.0004851, 14.6226648 ] } },
{ "type": "Feature", "properties": { "name": "KVI Store", "category": "mixed", "amenity": null, "building": null, "shop": "convenience", "landuse": null }, "geometry": { "type": "Point", "coordinates": [ 121.019193200000018, 14.6579238 ] } },
{ "type": "Feature", "properties": { "name": "Castle Ville Academy", "category": "mixed", "amenity": "school", "building": null, "shop": null, "landuse": null }, "geometry": { "type": "Point", "coordinates": [ 121.02235570000002, 14.653414 ] } },
{ "type": "Feature", "properties": { "name": "Mark & Spencers", "category": "mixed", "amenity": null, "building": null, "shop": "clothes", "landuse": null }, "geometry": { "type": "Point", "coordinates": [ 121.079428599999986, 14.609795 ] } },
{ "type": "Feature", "properties": { "name": null, "category": "mixed", "amenity": null, "building": null, "shop": "vacant", "landuse": null }, "geometry": { "type": "Point", "coordinates": [ 121.0793371, 14.6069684 ] } },
{ "type": "Feature", "properties": { "name": "Dwell", "category": "mixed", "amenity": null, "building": null, "shop": "furniture", "landuse": null }, "geometry": { "type": "Point", "coordinates": [ 121.0787263, 14.6098545 ] } },
{ "type": "Feature", "properties": { "name": "Digital Walker", "category": "mixed", "amenity": null, "building": null, "shop": "electronics", "landuse": null }, "geometry": { "type": "Point", "coordinates": [ 121.0802356, 14.6106934 ] } },
{ "type": "Feature", "properties": { "name": "Dorothy Perkins", "category": "mixed", "amenity": null, "building": null, "shop": "clothes", "landuse": null }, "geometry": { "type": "Point", "coordinates": [ 121.079317, 14.6099934 ] } },
{ "type": "Feature", "properties": { "name": "Gap", "category": "mixed", "amenity": null, "building": null, "shop": "clothes", "landuse": null }, "geometry": { "type": "Point", "coordinates": [ 121.0793114, 14.6102598 ] } },
{ "type": "Feature", "properties": { "name": "Microcadd Institute", "category": "mixed", "amenity": "college", "building": null, "shop": null, "landuse": null }, "geometry": { "type": "Point", "coordinates": [ 121.0513034, 14.6210134 ] } },
{ "type": "Feature", "properties": { "name": "Gruppo Barbero", "category": "mixed", "amenity": null, "building": null, "shop": "hairdresser", "landuse": null }, "geometry": { "type": "Point", "coordinates": [ 121.0353645, 14.6341051 ] } },
{ "type": "Feature", "properties": { "name": "Minerva Trading", "category": "mixed", "amenity": null, "building": null, "shop": "motorcycle", "landuse": null }, "geometry": { "type": "Point", "coordinates": [ 121.0064028, 14.6389049 ] } },
{ "type": "Feature", "properties": { "name": "7-Eleven", "category": "mixed", "amenity": null, "building": null, "shop": "convenience", "landuse": null }, "geometry": { "type": "Point", "coordinates": [ 121.048402400000015, 14.6245889 ] } },
{ "type": "Feature", "properties": { "name": "Ace Hardware", "category": "mixed", "amenity": null, "building": null, "shop": "doityourself", "landuse": null }, "geometry": { "type": "Point", "coordinates": [ 121.0304526, 14.6567006 ] } },
{ "type": "Feature", "properties": { "name": "SM Store", "category": "mixed", "amenity": null, "building": null, "shop": "department_store", "landuse": null }, "geometry": { "type": "Point", "coordinates": [ 121.0304947, 14.6569786 ] } },
{ "type": "Feature", "properties": { "name": "SM Hypermarket", "category": "mixed", "amenity": null, "building": null, "shop": "supermarket", "landuse": null }, "geometry": { "type": "Point", "coordinates": [ 121.0324023, 14.6564443 ] } },
{ "type": "Feature", "properties": { "name": "Robinsons Supermarket", "category": "mixed", "amenity": null, "building": null, "shop": "supermarket", "landuse": null }, "geometry": { "type": "Point", "coordinates": [ 121.05935, 14.5911857 ] } },
{ "type": "Feature", "properties": { "name": "Savemore", "category": "mixed", "amenity": null, "building": null, "shop": "supermarket", "landuse": null }, "geometry": { "type": "Point", "coordinates": [ 121.074253, 14.6445474 ] } },
{ "type": "Feature", "properties": { "name": "Robinsons Supermarket", "category": "mixed", "amenity": null, "building": null, "shop": "supermarket", "landuse": null }, "geometry": { "type": "Point", "coordinates": [ 121.0684325, 14.6631846 ] } },
{ "type": "Feature", "properties": { "name": "Savemore", "category": "mixed", "amenity": null, "building": null, "shop": "supermarket", "landuse": null }, "geometry": { "type": "Point", "coordinates": [ 121.018828, 14.6065212 ] } },
{ "type": "Feature", "properties": { "name": "Isarog Lines", "category": "mixed", "amenity": "bus_station", "building": null, "shop": null, "landuse": null }, "geometry": { "type": "Point", "coordinates": [ 121.0513203, 14.618337 ] } },
{ "type": "Feature", "properties": { "name": "National Center for Pulmonary Research", "category": "mixed", "amenity": null, "building": null, "shop": null, "landuse": null }, "geometry": { "type": "Point", "coordinates": [ 121.04726770000002, 14.6490166 ] } },
{ "type": "Feature", "properties": { "name": "Lord Stow's Bakery", "category": "mixed", "amenity": null, "building": null, "shop": "bakery", "landuse": null }, "geometry": { "type": "Point", "coordinates": [ 121.0339231, 14.6289289 ] } },
{ "type": "Feature", "properties": { "name": "K Plaza Supermarket", "category": "mixed", "amenity": null, "building": null, "shop": "supermarket", "landuse": null }, "geometry": { "type": "Point", "coordinates": [ 121.037226, 14.6259327 ] } },
{ "type": "Feature", "properties": { "name": "Fully Booked", "category": "mixed", "amenity": null, "building": null, "shop": "books", "landuse": null }, "geometry": { "type": "Point", "coordinates": [ 121.0743292, 14.6406965 ] } },
{ "type": "Feature", "properties": { "name": "International Graduate School of Leadership", "category": "mixed", "amenity": "school", "building": null, "shop": null, "landuse": null }, "geometry": { "type": "Point", "coordinates": [ 121.0338979, 14.6874222 ] } },
{ "type": "Feature", "properties": { "name": "Rolin's Mercantile", "category": "mixed", "amenity": null, "building": null, "shop": "clothes", "landuse": null }, "geometry": { "type": "Point", "coordinates": [ 121.0487527, 14.6238326 ] } },
{ "type": "Feature", "properties": { "name": "Rational Lumber and Hardware", "category": "mixed", "amenity": null, "building": null, "shop": "doityourself", "landuse": null }, "geometry": { "type": "Point", "coordinates": [ 121.0476396, 14.6263189 ] } },
{ "type": "Feature", "properties": { "name": "GL Supermarket", "category": "mixed", "amenity": null, "building": null, "shop": "supermarket", "landuse": null }, "geometry": { "type": "Point", "coordinates": [ 121.0169216, 14.6403226 ] } },
{ "type": "Feature", "properties": { "name": "Avant Garde", "category": "mixed", "amenity": null, "building": null, "shop": "car_repair", "landuse": null }, "geometry": { "type": "Point", "coordinates": [ 121.032492, 14.6246657 ] } },
{ "type": "Feature", "properties": { "name": "STI College Fairview", "category": "mixed", "amenity": "college", "building": null, "shop": null, "landuse": null }, "geometry": { "type": "Point", "coordinates": [ 121.0614007, 14.7160605 ] } },
{ "type": "Feature", "properties": { "name": "AMA Computer College-Fairview", "category": "mixed", "amenity": "college", "building": null, "shop": null, "landuse": null }, "geometry": { "type": "Point", "coordinates": [ 121.0614613, 14.7203388 ] } },
{ "type": "Feature", "properties": { "name": "Barney Autolines", "category": "mixed", "amenity": "bus_station", "building": null, "shop": null, "landuse": null }, "geometry": { "type": "Point", "coordinates": [ 121.0487132, 14.6234629 ] } },
{ "type": "Feature", "properties": { "name": "St Vincent School of Theology", "category": "mixed", "amenity": "college", "building": null, "shop": null, "landuse": null }, "geometry": { "type": "Point", "coordinates": [ 121.039643, 14.6786348 ] } },
{ "type": "Feature", "properties": { "name": "Auto-Detailing", "category": "mixed", "amenity": null, "building": null, "shop": "car_repair", "landuse": null }, "geometry": { "type": "Point", "coordinates": [ 121.029370699999987, 14.6228569 ] } },
{ "type": "Feature", "properties": { "name": "Advanced Science and Technology Institute", "category": "mixed", "amenity": "school", "building": null, "shop": null, "landuse": null }, "geometry": { "type": "Point", "coordinates": [ 121.0717655, 14.6471533 ] } },
{ "type": "Feature", "properties": { "name": "The Marketplace", "category": "mixed", "amenity": null, "building": null, "shop": "supermarket", "landuse": null }, "geometry": { "type": "Point", "coordinates": [ 121.0743939, 14.6428445 ] } },
{ "type": "Feature", "properties": { "name": "Wheeltek", "category": "mixed", "amenity": null, "building": null, "shop": "motorcycle", "landuse": null }, "geometry": { "type": "Point", "coordinates": [ 121.031456, 14.6238416 ] } },
{ "type": "Feature", "properties": { "name": "National Bookstore", "category": "mixed", "amenity": null, "building": null, "shop": "books", "landuse": null }, "geometry": { "type": "Point", "coordinates": [ 121.0587946, 14.5918968 ] } },
{ "type": "Feature", "properties": { "name": "Lawson", "category": "mixed", "amenity": null, "building": null, "shop": "convenience", "landuse": null }, "geometry": { "type": "Point", "coordinates": [ 121.060053900000014, 14.5922241 ] } },
{ "type": "Feature", "properties": { "name": "Gates Professional Schools", "category": "mixed", "amenity": "college", "building": null, "shop": null, "landuse": null }, "geometry": { "type": "Point", "coordinates": [ 121.0740465, 14.6355056 ] } },
{ "type": "Feature", "properties": { "name": "Fitness First", "category": "mixed", "amenity": null, "building": null, "shop": null, "landuse": null }, "geometry": { "type": "Point", "coordinates": [ 121.08039, 14.6111266 ] } },
{ "type": "Feature", "properties": { "name": "Apple Tree Integrated School", "category": "mixed", "amenity": "school", "building": null, "shop": null, "landuse": null }, "geometry": { "type": "Point", "coordinates": [ 120.9973387, 14.6340723 ] } },
{ "type": "Feature", "properties": { "name": "Informatics College", "category": "mixed", "amenity": "college", "building": null, "shop": null, "landuse": null }, "geometry": { "type": "Point", "coordinates": [ 121.0766949, 14.60899 ] } },
{ "type": "Feature", "properties": { "name": "Central Avenue", "category": "mixed", "amenity": null, "building": null, "shop": null, "landuse": null }, "geometry": { "type": "Point", "coordinates": [ 121.064488200000014, 14.6619918 ] } },
{ "type": "Feature", "properties": { "name": "Central Avenue", "category": "mixed", "amenity": null, "building": null, "shop": null, "landuse": null }, "geometry": { "type": "Point", "coordinates": [ 121.063661300000021, 14.6612284 ] } },
{ "type": "Feature", "properties": { "name": null, "category": "mixed", "amenity": "taxi", "building": null, "shop": null, "landuse": null }, "geometry": { "type": "Point", "coordinates": [ 121.0670062, 14.6636052 ] } },
{ "type": "Feature", "properties": { "name": null, "category": "mixed", "amenity": "taxi", "building": null, "shop": null, "landuse": null }, "geometry": { "type": "Point", "coordinates": [ 121.0637057, 14.6603084 ] } },
{ "type": "Feature", "properties": { "name": "St. Mark's Learning Center", "category": "mixed", "amenity": "school", "building": null, "shop": null, "landuse": null }, "geometry": { "type": "Point", "coordinates": [ 121.0320231, 14.6234185 ] } },
{ "type": "Feature", "properties": { "name": "Keystone Lamps and Shades", "category": "mixed", "amenity": null, "building": null, "shop": "interior_decoration", "landuse": null }, "geometry": { "type": "Point", "coordinates": [ 121.03253650000002, 14.622547 ] } },
{ "type": "Feature", "properties": { "name": "Robinsons Supermarket", "category": "mixed", "amenity": null, "building": null, "shop": "supermarket", "landuse": null }, "geometry": { "type": "Point", "coordinates": [ 121.0808835, 14.6104087 ] } },
{ "type": "Feature", "properties": { "name": "True Value", "category": "mixed", "amenity": null, "building": null, "shop": "hardware", "landuse": null }, "geometry": { "type": "Point", "coordinates": [ 121.0808149, 14.6103474 ] } },
{ "type": "Feature", "properties": { "name": "Damar Covered Court", "category": "mixed", "amenity": null, "building": "yes", "shop": null, "landuse": null }, "geometry": { "type": "Point", "coordinates": [ 121.002113200000011, 14.6454702 ] } },
{ "type": "Feature", "properties": { "name": "Jeepney Terminal: Litex-Montalban", "category": "mixed", "amenity": "bus_station", "building": null, "shop": null, "landuse": null }, "geometry": { "type": "Point", "coordinates": [ 121.08688290000002, 14.7013906 ] } },
{ "type": "Feature", "properties": { "name": "7-Eleven", "category": "mixed", "amenity": null, "building": null, "shop": "convenience", "landuse": null }, "geometry": { "type": "Point", "coordinates": [ 121.0478164, 14.6463072 ] } },
{ "type": "Feature", "properties": { "name": "Land Management Bureau", "category": "mixed", "amenity": null, "building": null, "shop": null, "landuse": null }, "geometry": { "type": "Point", "coordinates": [ 121.017097800000016, 14.6309706 ] } },
{ "type": "Feature", "properties": { "name": "Lyric", "category": "mixed", "amenity": null, "building": null, "shop": "musical_instrument", "landuse": null }, "geometry": { "type": "Point", "coordinates": [ 121.0387497, 14.6129007 ] } },
{ "type": "Feature", "properties": { "name": "GNC", "category": "mixed", "amenity": null, "building": null, "shop": "nutrition_supplements", "landuse": null }, "geometry": { "type": "Point", "coordinates": [ 121.08060230000001, 14.6108759 ] } },
{ "type": "Feature", "properties": { "name": "J Cuppacakes", "category": "mixed", "amenity": null, "building": null, "shop": "bakery", "landuse": null }, "geometry": { "type": "Point", "coordinates": [ 121.0809792, 14.609138 ] } },
{ "type": "Feature", "properties": { "name": "Tous les Jours", "category": "mixed", "amenity": null, "building": null, "shop": "bakery", "landuse": null }, "geometry": { "type": "Point", "coordinates": [ 121.080769100000012, 14.6106315 ] } },
{ "type": "Feature", "properties": { "name": "Old Balara Christian Community School", "category": "mixed", "amenity": "school", "building": null, "shop": null, "landuse": null }, "geometry": { "type": "Point", "coordinates": [ 121.071033300000011, 14.6645609 ] } },
{ "type": "Feature", "properties": { "name": "Moto Market", "category": "mixed", "amenity": null, "building": null, "shop": "motorcycle", "landuse": null }, "geometry": { "type": "Point", "coordinates": [ 121.0777851, 14.6093891 ] } },
{ "type": "Feature", "properties": { "name": "HMR Trading Haus", "category": "mixed", "amenity": null, "building": null, "shop": "department_store", "landuse": null }, "geometry": { "type": "Point", "coordinates": [ 121.0210268, 14.682143 ] } },
{ "type": "Feature", "properties": { "name": "Starland International School, Inc. (Cubao)", "category": "mixed", "amenity": "school", "building": null, "shop": null, "landuse": null }, "geometry": { "type": "Point", "coordinates": [ 121.057837300000017, 14.6170068 ] } },
{ "type": "Feature", "properties": { "name": "Goldilocks", "category": "mixed", "amenity": null, "building": null, "shop": "bakery", "landuse": null }, "geometry": { "type": "Point", "coordinates": [ 121.056354899999988, 14.6204471 ] } },
{ "type": "Feature", "properties": { "name": "Smart", "category": "mixed", "amenity": null, "building": null, "shop": "mobile_phone", "landuse": null }, "geometry": { "type": "Point", "coordinates": [ 121.0569451, 14.6195829 ] } },
{ "type": "Feature", "properties": { "name": "Converse", "category": "mixed", "amenity": null, "building": null, "shop": "shoes", "landuse": null }, "geometry": { "type": "Point", "coordinates": [ 121.0564649, 14.6197178 ] } },
{ "type": "Feature", "properties": { "name": "Wilcon", "category": "mixed", "amenity": null, "building": null, "shop": "doityourself", "landuse": null }, "geometry": { "type": "Point", "coordinates": [ 121.056759900000017, 14.6197256 ] } },
{ "type": "Feature", "properties": { "name": "Handyman", "category": "mixed", "amenity": null, "building": null, "shop": "doityourself", "landuse": null }, "geometry": { "type": "Point", "coordinates": [ 121.056910200000019, 14.6197932 ] } },
{ "type": "Feature", "properties": { "name": "Bench.", "category": "mixed", "amenity": null, "building": null, "shop": "clothes", "landuse": null }, "geometry": { "type": "Point", "coordinates": [ 121.0565051, 14.6196945 ] } },
{ "type": "Feature", "properties": { "name": "Sun Cellular", "category": "mixed", "amenity": null, "building": null, "shop": "mobile_phone", "landuse": null }, "geometry": { "type": "Point", "coordinates": [ 121.0570202, 14.6194401 ] } },
{ "type": "Feature", "properties": { "name": "PAL Ticketing Office", "category": "mixed", "amenity": null, "building": null, "shop": "ticket", "landuse": null }, "geometry": { "type": "Point", "coordinates": [ 121.0564112, 14.6192714 ] } },
{ "type": "Feature", "properties": { "name": "Sneak Peek", "category": "mixed", "amenity": null, "building": null, "shop": "shoes", "landuse": null }, "geometry": { "type": "Point", "coordinates": [ 121.0813251, 14.6100093 ] } },
{ "type": "Feature", "properties": { "name": "Dr Kong", "category": "mixed", "amenity": null, "building": null, "shop": "shoes", "landuse": null }, "geometry": { "type": "Point", "coordinates": [ 121.080969, 14.6100514 ] } },
{ "type": "Feature", "properties": { "name": "Nike Park", "category": "mixed", "amenity": null, "building": null, "shop": "sports", "landuse": null }, "geometry": { "type": "Point", "coordinates": [ 121.0811245, 14.6098826 ] } },
{ "type": "Feature", "properties": { "name": null, "category": "mixed", "amenity": null, "building": null, "shop": "vacant", "landuse": null }, "geometry": { "type": "Point", "coordinates": [ 121.0809091, 14.6100032 ] } },
{ "type": "Feature", "properties": { "name": null, "category": "mixed", "amenity": null, "building": null, "shop": "vacant", "landuse": null }, "geometry": { "type": "Point", "coordinates": [ 121.0797303, 14.6104596 ] } },
{ "type": "Feature", "properties": { "name": "CIIT", "category": "mixed", "amenity": "college", "building": null, "shop": null, "landuse": null }, "geometry": { "type": "Point", "coordinates": [ 121.035661300000015, 14.6345012 ] } },
{ "type": "Feature", "properties": { "name": "FamilyMart", "category": "mixed", "amenity": null, "building": null, "shop": "convenience", "landuse": null }, "geometry": { "type": "Point", "coordinates": [ 121.0814115, 14.6084104 ] } },
{ "type": "Feature", "properties": { "name": "Quezon Avenue & Fisher Mall", "category": "mixed", "amenity": null, "building": null, "shop": null, "landuse": null }, "geometry": { "type": "Point", "coordinates": [ 121.020475200000021, 14.6338244 ] } },
{ "type": "Feature", "properties": { "name": null, "category": "mixed", "amenity": null, "building": null, "shop": "deli", "landuse": null }, "geometry": { "type": "Point", "coordinates": [ 121.038421299999982, 14.6315467 ] } },
{ "type": "Feature", "properties": { "name": "Sacred Heart Bakery", "category": "mixed", "amenity": null, "building": null, "shop": "bakery", "landuse": null }, "geometry": { "type": "Point", "coordinates": [ 121.03896610000001, 14.631478 ] } },
{ "type": "Feature", "properties": { "name": "Healthy Options", "category": "mixed", "amenity": null, "building": null, "shop": "nutrition_supplements", "landuse": null }, "geometry": { "type": "Point", "coordinates": [ 121.0790933, 14.6094386 ] } },
{ "type": "Feature", "properties": { "name": "The Raya School", "category": "mixed", "amenity": "school", "building": null, "shop": null, "landuse": null }, "geometry": { "type": "Point", "coordinates": [ 121.0368153, 14.6324656 ] } },
{ "type": "Feature", "properties": { "name": "DSWD Knowledge Exchange Center (KEC)", "category": "mixed", "amenity": null, "building": null, "shop": null, "landuse": null }, "geometry": { "type": "Point", "coordinates": [ 121.0967318, 14.6964394 ] } },
{ "type": "Feature", "properties": { "name": "Bench", "category": "mixed", "amenity": null, "building": null, "shop": "clothes", "landuse": null }, "geometry": { "type": "Point", "coordinates": [ 121.074788399999989, 14.6491007 ] } },
{ "type": "Feature", "properties": { "name": "7-Eleven", "category": "mixed", "amenity": null, "building": null, "shop": "convenience", "landuse": null }, "geometry": { "type": "Point", "coordinates": [ 121.0747234, 14.6498534 ] } },
{ "type": "Feature", "properties": { "name": "Doc Ferds", "category": "mixed", "amenity": null, "building": null, "shop": "pet", "landuse": null }, "geometry": { "type": "Point", "coordinates": [ 121.0747099, 14.6499943 ] } },
{ "type": "Feature", "properties": { "name": "Spaholic", "category": "mixed", "amenity": null, "building": null, "shop": "massage", "landuse": null }, "geometry": { "type": "Point", "coordinates": [ 121.051651100000015, 14.6453866 ] } },
{ "type": "Feature", "properties": { "name": "Bow & Wow", "category": "mixed", "amenity": null, "building": null, "shop": "pet", "landuse": null }, "geometry": { "type": "Point", "coordinates": [ 121.078983900000011, 14.6094317 ] } },
{ "type": "Feature", "properties": { "name": "Famous Belgian Waffles", "category": "mixed", "amenity": "fast_food", "building": null, "shop": "kiosk", "landuse": null }, "geometry": { "type": "Point", "coordinates": [ 121.081320800000015, 14.6096132 ] } },
{ "type": "Feature", "properties": { "name": "The Elizabethan School", "category": "mixed", "amenity": "school", "building": null, "shop": null, "landuse": null }, "geometry": { "type": "Point", "coordinates": [ 121.028577400000017, 14.6873454 ] } },
{ "type": "Feature", "properties": { "name": "Electron College of Technical Education", "category": "mixed", "amenity": "college", "building": null, "shop": null, "landuse": null }, "geometry": { "type": "Point", "coordinates": [ 121.033172, 14.6989661 ] } },
{ "type": "Feature", "properties": { "name": "MR.DIY", "category": "mixed", "amenity": null, "building": null, "shop": "doityourself", "landuse": null }, "geometry": { "type": "Point", "coordinates": [ 121.0391222, 14.6432813 ] } },
{ "type": "Feature", "properties": { "name": "Wellcome Supermarket", "category": "mixed", "amenity": null, "building": null, "shop": "supermarket", "landuse": null }, "geometry": { "type": "Point", "coordinates": [ 121.0316587, 14.6242892 ] } },
{ "type": "Feature", "properties": { "name": null, "category": "mixed", "amenity": "school", "building": null, "shop": null, "landuse": null }, "geometry": { "type": "Point", "coordinates": [ 121.073205, 14.6411656 ] } },
{ "type": "Feature", "properties": { "name": "GQ", "category": "mixed", "amenity": null, "building": null, "shop": "hairdresser", "landuse": null }, "geometry": { "type": "Point", "coordinates": [ 121.079374500000014, 14.6091422 ] } },
{ "type": "Feature", "properties": { "name": "sari sari shop", "category": "mixed", "amenity": null, "building": null, "shop": "convenience", "landuse": null }, "geometry": { "type": "Point", "coordinates": [ 121.07381789999998, 14.6420588 ] } },
{ "type": "Feature", "properties": { "name": "laundry service", "category": "mixed", "amenity": null, "building": null, "shop": "clothes", "landuse": null }, "geometry": { "type": "Point", "coordinates": [ 121.0740585, 14.6418778 ] } },
{ "type": "Feature", "properties": { "name": "Tricycle Station", "category": "mixed", "amenity": null, "building": null, "shop": null, "landuse": null }, "geometry": { "type": "Point", "coordinates": [ 121.0736535, 14.641824 ] } },
{ "type": "Feature", "properties": { "name": "food stall 1", "category": "mixed", "amenity": null, "building": null, "shop": "kiosk", "landuse": null }, "geometry": { "type": "Point", "coordinates": [ 121.070805599999986, 14.6556667 ] } },
{ "type": "Feature", "properties": { "name": null, "category": "mixed", "amenity": null, "building": null, "shop": "kiosk", "landuse": null }, "geometry": { "type": "Point", "coordinates": [ 121.0708333, 14.6555833 ] } },
{ "type": "Feature", "properties": { "name": "lamp post 1", "category": "mixed", "amenity": null, "building": null, "shop": "kiosk", "landuse": null }, "geometry": { "type": "Point", "coordinates": [ 121.0708333, 14.6554167 ] } },
{ "type": "Feature", "properties": { "name": "SBC", "category": "mixed", "amenity": null, "building": null, "shop": "kiosk", "landuse": null }, "geometry": { "type": "Point", "coordinates": [ 121.0708525, 14.6558019 ] } },
{ "type": "Feature", "properties": { "name": "Village B", "category": "mixed", "amenity": null, "building": null, "shop": null, "landuse": null }, "geometry": { "type": "Point", "coordinates": [ 121.0635346, 14.6507684 ] } },
{ "type": "Feature", "properties": { "name": "Architecture", "category": "mixed", "amenity": null, "building": null, "shop": "kiosk", "landuse": null }, "geometry": { "type": "Point", "coordinates": [ 121.064861100000016, 14.6520278 ] } },
{ "type": "Feature", "properties": { "name": null, "category": "mixed", "amenity": null, "building": null, "shop": "convenience", "landuse": null }, "geometry": { "type": "Point", "coordinates": [ 121.064351799999983, 14.6493923 ] } },
{ "type": "Feature", "properties": { "name": "t9_val_foodstall", "category": "mixed", "amenity": null, "building": null, "shop": "kiosk", "landuse": null }, "geometry": { "type": "Point", "coordinates": [ 121.070861099999988, 14.6483889 ] } },
{ "type": "Feature", "properties": { "name": null, "category": "mixed", "amenity": null, "building": null, "shop": "kiosk", "landuse": null }, "geometry": { "type": "Point", "coordinates": [ 121.0728272, 14.652368 ] } },
{ "type": "Feature", "properties": { "name": null, "category": "mixed", "amenity": null, "building": null, "shop": "convenience", "landuse": null }, "geometry": { "type": "Point", "coordinates": [ 121.0733803, 14.645045 ] } },
{ "type": "Feature", "properties": { "name": null, "category": "mixed", "amenity": null, "building": null, "shop": "kiosk", "landuse": null }, "geometry": { "type": "Point", "coordinates": [ 121.0728018, 14.6522936 ] } },
{ "type": "Feature", "properties": { "name": null, "category": "mixed", "amenity": null, "building": null, "shop": "kiosk", "landuse": null }, "geometry": { "type": "Point", "coordinates": [ 121.072805599999981, 14.6523333 ] } },
{ "type": "Feature", "properties": { "name": null, "category": "mixed", "amenity": null, "building": null, "shop": "kiosk", "landuse": null }, "geometry": { "type": "Point", "coordinates": [ 121.0729151, 14.653974 ] } },
{ "type": "Feature", "properties": { "name": null, "category": "mixed", "amenity": null, "building": null, "shop": "kiosk", "landuse": null }, "geometry": { "type": "Point", "coordinates": [ 121.0731762, 14.6546185 ] } },
{ "type": "Feature", "properties": { "name": "Emojo", "category": "mixed", "amenity": null, "building": null, "shop": "computer", "landuse": null }, "geometry": { "type": "Point", "coordinates": [ 121.0774333, 14.6504167 ] } },
{ "type": "Feature", "properties": { "name": "Internet Café", "category": "mixed", "amenity": null, "building": null, "shop": "computer", "landuse": null }, "geometry": { "type": "Point", "coordinates": [ 121.0773889, 14.6523056 ] } },
{ "type": "Feature", "properties": { "name": "Leneila Nail Spa", "category": "mixed", "amenity": null, "building": null, "shop": "hairdresser", "landuse": null }, "geometry": { "type": "Point", "coordinates": [ 121.0762326, 14.6529624 ] } },
{ "type": "Feature", "properties": { "name": "Rz Carlos Internet Shop", "category": "mixed", "amenity": null, "building": null, "shop": "computer", "landuse": null }, "geometry": { "type": "Point", "coordinates": [ 121.076833300000018, 14.6527222 ] } },
{ "type": "Feature", "properties": { "name": null, "category": "mixed", "amenity": null, "building": null, "shop": "computer", "landuse": null }, "geometry": { "type": "Point", "coordinates": [ 121.076447200000018, 14.6515277 ] } },
{ "type": "Feature", "properties": { "name": "Arctic Comp Shop", "category": "mixed", "amenity": null, "building": null, "shop": "computer", "landuse": null }, "geometry": { "type": "Point", "coordinates": [ 121.0771667, 14.652372 ] } },
{ "type": "Feature", "properties": { "name": "Savemore Market", "category": "mixed", "amenity": null, "building": null, "shop": "supermarket", "landuse": null }, "geometry": { "type": "Point", "coordinates": [ 121.056067700000014, 14.6229916 ] } },
{ "type": "Feature", "properties": { "name": "Promise Land Christian School", "category": "mixed", "amenity": "school", "building": null, "shop": null, "landuse": null }, "geometry": { "type": "Point", "coordinates": [ 121.111130100000011, 14.7149773 ] } },
{ "type": "Feature", "properties": { "name": "H.M.R. Philippines", "category": "mixed", "amenity": null, "building": null, "shop": "department_store", "landuse": null }, "geometry": { "type": "Point", "coordinates": [ 121.0539001, 14.6191582 ] } },
{ "type": "Feature", "properties": { "name": null, "category": "mixed", "amenity": null, "building": null, "shop": "laundry", "landuse": null }, "geometry": { "type": "Point", "coordinates": [ 121.0736031, 14.6448985 ] } },
{ "type": "Feature", "properties": { "name": "Z Square", "category": "mixed", "amenity": null, "building": null, "shop": "mall", "landuse": null }, "geometry": { "type": "Point", "coordinates": [ 121.0004833, 14.6386308 ] } },
{ "type": "Feature", "properties": { "name": "Dallas Auto Services", "category": "mixed", "amenity": null, "building": null, "shop": "car_repair", "landuse": null }, "geometry": { "type": "Point", "coordinates": [ 121.0333245, 14.6250182 ] } },
{ "type": "Feature", "properties": { "name": "Wizard Electrical Services", "category": "mixed", "amenity": null, "building": null, "shop": "car_repair", "landuse": null }, "geometry": { "type": "Point", "coordinates": [ 121.033344200000016, 14.6251139 ] } },
{ "type": "Feature", "properties": { "name": "Daily Supermarket", "category": "mixed", "amenity": null, "building": null, "shop": "supermarket", "landuse": null }, "geometry": { "type": "Point", "coordinates": [ 121.0638211, 14.6210436 ] } },
{ "type": "Feature", "properties": { "name": "FamilyMart", "category": "mixed", "amenity": null, "building": null, "shop": "convenience", "landuse": null }, "geometry": { "type": "Point", "coordinates": [ 121.0770312, 14.684449 ] } },
{ "type": "Feature", "properties": { "name": null, "category": "mixed", "amenity": null, "building": null, "shop": "vacant", "landuse": null }, "geometry": { "type": "Point", "coordinates": [ 121.081395, 14.6081354 ] } },
{ "type": "Feature", "properties": { "name": "M Lhuillier", "category": "mixed", "amenity": null, "building": null, "shop": "pawnbroker", "landuse": null }, "geometry": { "type": "Point", "coordinates": [ 121.0813731, 14.6081841 ] } },
{ "type": "Feature", "properties": { "name": "Pancake House (u.c.)", "category": "mixed", "amenity": null, "building": null, "shop": "vacant", "landuse": null }, "geometry": { "type": "Point", "coordinates": [ 121.0814868, 14.6079316 ] } },
{ "type": "Feature", "properties": { "name": "Deeco", "category": "mixed", "amenity": null, "building": null, "shop": "doityourself", "landuse": null }, "geometry": { "type": "Point", "coordinates": [ 121.0518096, 14.6198658 ] } },
{ "type": "Feature", "properties": { "name": "Handy Man Hardware", "category": "mixed", "amenity": null, "building": null, "shop": "doityourself", "landuse": null }, "geometry": { "type": "Point", "coordinates": [ 121.0517638, 14.6202772 ] } },
{ "type": "Feature", "properties": { "name": "Toyami", "category": "mixed", "amenity": null, "building": null, "shop": "doityourself", "landuse": null }, "geometry": { "type": "Point", "coordinates": [ 121.051645, 14.6200908 ] } },
{ "type": "Feature", "properties": { "name": "Ever Jeepney Terminal", "category": "mixed", "amenity": "bus_station", "building": null, "shop": null, "landuse": null }, "geometry": { "type": "Point", "coordinates": [ 121.084180300000014, 14.6778956 ] } },
{ "type": "Feature", "properties": { "name": "IELTS Toefls", "category": "mixed", "amenity": "school", "building": null, "shop": null, "landuse": null }, "geometry": { "type": "Point", "coordinates": [ 121.0734642, 14.6679422 ] } },
{ "type": "Feature", "properties": { "name": "Loyola House of Studies", "category": "mixed", "amenity": "college", "building": null, "shop": null, "landuse": null }, "geometry": { "type": "Point", "coordinates": [ 121.080433600000021, 14.6373948 ] } },
{ "type": "Feature", "properties": { "name": null, "category": "mixed", "amenity": null, "building": null, "shop": "copyshop", "landuse": null }, "geometry": { "type": "Point", "coordinates": [ 121.077162, 14.6381315 ] } },
{ "type": "Feature", "properties": { "name": null, "category": "mixed", "amenity": null, "building": null, "shop": "copyshop", "landuse": null }, "geometry": { "type": "Point", "coordinates": [ 121.0776198, 14.6384833 ] } },
{ "type": "Feature", "properties": { "name": null, "category": "mixed", "amenity": null, "building": null, "shop": "copyshop", "landuse": null }, "geometry": { "type": "Point", "coordinates": [ 121.0778655, 14.6397538 ] } },
{ "type": "Feature", "properties": { "name": null, "category": "mixed", "amenity": null, "building": null, "shop": "copyshop", "landuse": null }, "geometry": { "type": "Point", "coordinates": [ 121.077394399999989, 14.6398044 ] } },
{ "type": "Feature", "properties": { "name": "Blue Skies", "category": "mixed", "amenity": null, "building": null, "shop": "computer", "landuse": null }, "geometry": { "type": "Point", "coordinates": [ 121.073486300000013, 14.6403681 ] } },
{ "type": "Feature", "properties": { "name": "Sole Academy", "category": "mixed", "amenity": null, "building": null, "shop": "shoes", "landuse": null }, "geometry": { "type": "Point", "coordinates": [ 121.0721193, 14.6416026 ] } },
{ "type": "Feature", "properties": { "name": "7-Eleven", "category": "mixed", "amenity": null, "building": null, "shop": "convenience", "landuse": null }, "geometry": { "type": "Point", "coordinates": [ 121.073853299999982, 14.6404522 ] } },
{ "type": "Feature", "properties": { "name": "SariSari", "category": "mixed", "amenity": null, "building": null, "shop": "kiosk", "landuse": null }, "geometry": { "type": "Point", "coordinates": [ 121.0726175, 14.6366896 ] } },
{ "type": "Feature", "properties": { "name": "Uniqlo", "category": "mixed", "amenity": null, "building": null, "shop": "clothes", "landuse": null }, "geometry": { "type": "Point", "coordinates": [ 121.079911900000013, 14.6096387 ] } },
{ "type": "Feature", "properties": { "name": null, "category": "mixed", "amenity": null, "building": null, "shop": "clothes", "landuse": null }, "geometry": { "type": "Point", "coordinates": [ 121.050853300000014, 14.6207006 ] } },
{ "type": "Feature", "properties": { "name": "Blves", "category": "mixed", "amenity": null, "building": null, "shop": "tailor", "landuse": null }, "geometry": { "type": "Point", "coordinates": [ 121.0483001, 14.6206136 ] } },
{ "type": "Feature", "properties": { "name": "Rustan's", "category": "mixed", "amenity": null, "building": null, "shop": "department_store", "landuse": null }, "geometry": { "type": "Point", "coordinates": [ 121.053288900000013, 14.6221718 ] } },
{ "type": "Feature", "properties": { "name": "Isetann Supermarket", "category": "mixed", "amenity": null, "building": null, "shop": "supermarket", "landuse": null }, "geometry": { "type": "Point", "coordinates": [ 121.0534223, 14.6228546 ] } },
{ "type": "Feature", "properties": { "name": "Blessing Copy Center", "category": "mixed", "amenity": null, "building": null, "shop": "copyshop", "landuse": null }, "geometry": { "type": "Point", "coordinates": [ 121.0782522, 14.6418497 ] } },
{ "type": "Feature", "properties": { "name": "Balara Jeepney Station - LWUA", "category": "mixed", "amenity": null, "building": null, "shop": null, "landuse": null }, "geometry": { "type": "Point", "coordinates": [ 121.0745084, 14.653387 ] } },
{ "type": "Feature", "properties": { "name": "North EDSA - Katipunan/LRTA", "category": "mixed", "amenity": "shelter", "building": null, "shop": null, "landuse": null }, "geometry": { "type": "Point", "coordinates": [ 121.0317703, 14.655698 ] } },
{ "type": "Feature", "properties": { "name": "Puregold Mindanao Avenue - BJMP", "category": "mixed", "amenity": null, "building": null, "shop": null, "landuse": null }, "geometry": { "type": "Point", "coordinates": [ 121.035156699999987, 14.6664249 ] } },
{ "type": "Feature", "properties": { "name": "Quirino Avenue - Narra Gate", "category": "mixed", "amenity": null, "building": null, "shop": null, "landuse": null }, "geometry": { "type": "Point", "coordinates": [ 121.0742995, 14.6526145 ] } },
{ "type": "Feature", "properties": { "name": "SM City North EDSA", "category": "mixed", "amenity": null, "building": null, "shop": null, "landuse": null }, "geometry": { "type": "Point", "coordinates": [ 121.0290279, 14.6557915 ] } },
{ "type": "Feature", "properties": { "name": "Anytime Fitness", "category": "mixed", "amenity": null, "building": null, "shop": null, "landuse": null }, "geometry": { "type": "Point", "coordinates": [ 121.0318059, 14.624295 ] } },
{ "type": "Feature", "properties": { "name": "Pan de Manila", "category": "mixed", "amenity": null, "building": null, "shop": "bakery", "landuse": null }, "geometry": { "type": "Point", "coordinates": [ 121.0816764, 14.607746 ] } },
{ "type": "Feature", "properties": { "name": "Uncle John's", "category": "mixed", "amenity": null, "building": null, "shop": "convenience", "landuse": null }, "geometry": { "type": "Point", "coordinates": [ 121.081913, 14.607648 ] } },
{ "type": "Feature", "properties": { "name": "Nuat Thai", "category": "mixed", "amenity": null, "building": null, "shop": "massage", "landuse": null }, "geometry": { "type": "Point", "coordinates": [ 121.08203, 14.60788 ] } },
{ "type": "Feature", "properties": { "name": "7-Eleven", "category": "mixed", "amenity": null, "building": null, "shop": "convenience", "landuse": null }, "geometry": { "type": "Point", "coordinates": [ 121.0814863, 14.6096381 ] } },
{ "type": "Feature", "properties": { "name": "Sunday Market", "category": "mixed", "amenity": "marketplace", "building": null, "shop": null, "landuse": null }, "geometry": { "type": "Point", "coordinates": [ 121.0446829, 14.6473315 ] } },
{ "type": "Feature", "properties": { "name": "Quezon City Hall", "category": "mixed", "amenity": null, "building": null, "shop": null, "landuse": null }, "geometry": { "type": "Point", "coordinates": [ 121.051376600000012, 14.6480379 ] } },
{ "type": "Feature", "properties": { "name": "SIDCOR Organic bazaar", "category": "mixed", "amenity": "marketplace", "building": null, "shop": null, "landuse": null }, "geometry": { "type": "Point", "coordinates": [ 121.0458499, 14.6485146 ] } },
{ "type": "Feature", "properties": { "name": "SMV Taxi Meter Repair shop", "category": "mixed", "amenity": null, "building": null, "shop": "taxi_meter_repair", "landuse": null }, "geometry": { "type": "Point", "coordinates": [ 121.0474935, 14.6344678 ] } },
{ "type": "Feature", "properties": { "name": null, "category": "mixed", "amenity": null, "building": null, "shop": "vacant", "landuse": null }, "geometry": { "type": "Point", "coordinates": [ 121.0806975, 14.6107659 ] } },
{ "type": "Feature", "properties": { "name": "Icings", "category": "mixed", "amenity": null, "building": null, "shop": "bakery", "landuse": null }, "geometry": { "type": "Point", "coordinates": [ 121.033750199999986, 14.630946 ] } },
{ "type": "Feature", "properties": { "name": "Quezon City Memorial Shrine Museum", "category": "mixed", "amenity": null, "building": null, "shop": null, "landuse": null }, "geometry": { "type": "Point", "coordinates": [ 121.048309799999984, 14.6507215 ] } },
{ "type": "Feature", "properties": { "name": "Fisher Supermarket", "category": "mixed", "amenity": null, "building": null, "shop": "supermarket", "landuse": null }, "geometry": { "type": "Point", "coordinates": [ 121.0199457, 14.6339768 ] } },
{ "type": "Feature", "properties": { "name": "National Book Store", "category": "mixed", "amenity": null, "building": null, "shop": "books", "landuse": null }, "geometry": { "type": "Point", "coordinates": [ 121.0192778, 14.633411 ] } },
{ "type": "Feature", "properties": { "name": "Cherry Mobile", "category": "mixed", "amenity": null, "building": null, "shop": "mobile_phone", "landuse": null }, "geometry": { "type": "Point", "coordinates": [ 121.019176700000017, 14.633779 ] } },
{ "type": "Feature", "properties": { "name": "Restoerun", "category": "mixed", "amenity": null, "building": null, "shop": "shoes", "landuse": null }, "geometry": { "type": "Point", "coordinates": [ 121.018938, 14.6335143 ] } },
{ "type": "Feature", "properties": { "name": "Bench.", "category": "mixed", "amenity": null, "building": null, "shop": "clothes", "landuse": null }, "geometry": { "type": "Point", "coordinates": [ 121.018822700000015, 14.6335844 ] } },
{ "type": "Feature", "properties": { "name": "STOUT Risk Reduction Management, Training & Consultancy Services, Inc.", "category": "mixed", "amenity": "school", "building": null, "shop": null, "landuse": null }, "geometry": { "type": "Point", "coordinates": [ 121.048157300000014, 14.6264811 ] } },
{ "type": "Feature", "properties": { "name": "Welmar Motor Works", "category": "mixed", "amenity": null, "building": null, "shop": "car_parts", "landuse": null }, "geometry": { "type": "Point", "coordinates": [ 121.000248, 14.6422613 ] } },
{ "type": "Feature", "properties": { "name": "Rani Travel And Tours", "category": "mixed", "amenity": null, "building": null, "shop": "travel_agency", "landuse": null }, "geometry": { "type": "Point", "coordinates": [ 121.0004396, 14.6412328 ] } },
{ "type": "Feature", "properties": { "name": "Paradigm Design's Furniture", "category": "mixed", "amenity": null, "building": null, "shop": "furniture", "landuse": null }, "geometry": { "type": "Point", "coordinates": [ 121.0004397, 14.6413066 ] } },
{ "type": "Feature", "properties": { "name": "Infiniti Auto Refinishers, Inc.", "category": "mixed", "amenity": null, "building": null, "shop": "car_repair", "landuse": null }, "geometry": { "type": "Point", "coordinates": [ 121.000633100000016, 14.6410079 ] } },
{ "type": "Feature", "properties": { "name": "Tokyo Bubble Tea House", "category": "mixed", "amenity": null, "building": null, "shop": "tea", "landuse": null }, "geometry": { "type": "Point", "coordinates": [ 121.00039049999998, 14.6430931 ] } },
{ "type": "Feature", "properties": { "name": "Jwc Jewelry Repair And Cleaning Services", "category": "mixed", "amenity": null, "building": null, "shop": "jewelry", "landuse": null }, "geometry": { "type": "Point", "coordinates": [ 121.000386500000019, 14.643132 ] } },
{ "type": "Feature", "properties": { "name": "My Home Kitchen", "category": "mixed", "amenity": null, "building": null, "shop": "kitchen", "landuse": null }, "geometry": { "type": "Point", "coordinates": [ 121.0004026, 14.6432994 ] } },
{ "type": "Feature", "properties": { "name": "Philippine Cultural College - Quezon City Campus", "category": "mixed", "amenity": "college", "building": null, "shop": null, "landuse": null }, "geometry": { "type": "Point", "coordinates": [ 121.003536299999979, 14.6221753 ] } },
{ "type": "Feature", "properties": { "name": "Mr. Laundry", "category": "mixed", "amenity": null, "building": null, "shop": "laundry", "landuse": null }, "geometry": { "type": "Point", "coordinates": [ 121.0411885, 14.6308345 ] } },
{ "type": "Feature", "properties": { "name": "Merly Store", "category": "mixed", "amenity": null, "building": null, "shop": "convenience", "landuse": null }, "geometry": { "type": "Point", "coordinates": [ 121.041164399999985, 14.6307645 ] } },
{ "type": "Feature", "properties": { "name": "Burger Machine", "category": "mixed", "amenity": "fast_food", "building": null, "shop": "kiosk", "landuse": null }, "geometry": { "type": "Point", "coordinates": [ 121.041089699999986, 14.6306993 ] } },
{ "type": "Feature", "properties": { "name": "Ingarden", "category": "mixed", "amenity": null, "building": null, "shop": "interior_decoration", "landuse": null }, "geometry": { "type": "Point", "coordinates": [ 121.041061499999984, 14.6304635 ] } },
{ "type": "Feature", "properties": { "name": null, "category": "mixed", "amenity": null, "building": null, "shop": "art", "landuse": null }, "geometry": { "type": "Point", "coordinates": [ 121.0740231, 14.6164068 ] } },
{ "type": "Feature", "properties": { "name": "Quantum Fitness", "category": "mixed", "amenity": null, "building": null, "shop": null, "landuse": null }, "geometry": { "type": "Point", "coordinates": [ 121.0560766, 14.6570203 ] } },
{ "type": "Feature", "properties": { "name": "Sip and Gogh", "category": "mixed", "amenity": null, "building": null, "shop": "art", "landuse": null }, "geometry": { "type": "Point", "coordinates": [ 121.0809189, 14.6080959 ] } },
{ "type": "Feature", "properties": { "name": "MWSS Regulatory Office", "category": "mixed", "amenity": null, "building": null, "shop": null, "landuse": null }, "geometry": { "type": "Point", "coordinates": [ 121.075525, 14.6564906 ] } },
{ "type": "Feature", "properties": { "name": "North Avenue", "category": "mixed", "amenity": null, "building": null, "shop": null, "landuse": null }, "geometry": { "type": "Point", "coordinates": [ 121.0328781, 14.6513932 ] } },
{ "type": "Feature", "properties": { "name": "Uncle John's", "category": "mixed", "amenity": null, "building": null, "shop": "convenience", "landuse": null }, "geometry": { "type": "Point", "coordinates": [ 121.059594500000017, 14.5927112 ] } },
{ "type": "Feature", "properties": { "name": "BIG-ACE Photo Studio", "category": "mixed", "amenity": null, "building": null, "shop": "photo", "landuse": null }, "geometry": { "type": "Point", "coordinates": [ 121.061480500000016, 14.6268586 ] } },
{ "type": "Feature", "properties": { "name": "7-Eleven", "category": "mixed", "amenity": null, "building": null, "shop": "convenience", "landuse": null }, "geometry": { "type": "Point", "coordinates": [ 121.0797077, 14.6076589 ] } },
{ "type": "Feature", "properties": { "name": "Granda's Sweets & Delicacies", "category": "mixed", "amenity": null, "building": null, "shop": "confectionery", "landuse": null }, "geometry": { "type": "Point", "coordinates": [ 121.0396675, 14.6310817 ] } },
{ "type": "Feature", "properties": { "name": "Rain Heart Water Refilling Station", "category": "mixed", "amenity": null, "building": null, "shop": "water", "landuse": null }, "geometry": { "type": "Point", "coordinates": [ 121.0396031, 14.6310962 ] } },
{ "type": "Feature", "properties": { "name": "Pismo Digital Lifestyle", "category": "mixed", "amenity": null, "building": null, "shop": "electronics", "landuse": null }, "geometry": { "type": "Point", "coordinates": [ 121.080746500000018, 14.6079585 ] } },
{ "type": "Feature", "properties": { "name": "Computer Graphics Inc.", "category": "mixed", "amenity": null, "building": null, "shop": "computer", "landuse": null }, "geometry": { "type": "Point", "coordinates": [ 121.034542400000021, 14.6134094 ] } },
{ "type": "Feature", "properties": { "name": "Easylane Supermarket", "category": "mixed", "amenity": null, "building": null, "shop": "supermarket", "landuse": null }, "geometry": { "type": "Point", "coordinates": [ 121.0618636, 14.7091563 ] } },
{ "type": "Feature", "properties": { "name": "Mang Gym", "category": "mixed", "amenity": null, "building": null, "shop": null, "landuse": null }, "geometry": { "type": "Point", "coordinates": [ 121.0724297, 14.7060833 ] } },
{ "type": "Feature", "properties": { "name": "Pan De Masa", "category": "mixed", "amenity": null, "building": null, "shop": "bakery", "landuse": null }, "geometry": { "type": "Point", "coordinates": [ 121.067715, 14.6743584 ] } },
{ "type": "Feature", "properties": { "name": "Coronado's School of Quezon City", "category": "mixed", "amenity": "school", "building": null, "shop": null, "landuse": null }, "geometry": { "type": "Point", "coordinates": [ 121.0454249, 14.6779035 ] } },
{ "type": "Feature", "properties": { "name": "Goldilocks", "category": "mixed", "amenity": null, "building": null, "shop": "bakery", "landuse": null }, "geometry": { "type": "Point", "coordinates": [ 121.0634395, 14.621083 ] } },
{ "type": "Feature", "properties": { "name": "DFA NCR-Northeast", "category": "mixed", "amenity": null, "building": null, "shop": null, "landuse": null }, "geometry": { "type": "Point", "coordinates": [ 121.056572100000011, 14.6202724 ] } },
{ "type": "Feature", "properties": { "name": "Ali Mall Government Center", "category": "mixed", "amenity": null, "building": null, "shop": null, "landuse": null }, "geometry": { "type": "Point", "coordinates": [ 121.0565963, 14.6201844 ] } },
{ "type": "Feature", "properties": { "name": "Le' Spa nail and body", "category": "mixed", "amenity": null, "building": null, "shop": "beauty", "landuse": null }, "geometry": { "type": "Point", "coordinates": [ 121.067604300000013, 14.620027 ] } },
{ "type": "Feature", "properties": { "name": "Cubao - Divisoria Jeepney Terminal", "category": "mixed", "amenity": "bus_station", "building": null, "shop": null, "landuse": null }, "geometry": { "type": "Point", "coordinates": [ 121.0493197, 14.6213958 ] } },
{ "type": "Feature", "properties": { "name": "PC Worxs", "category": "mixed", "amenity": null, "building": null, "shop": "computer", "landuse": null }, "geometry": { "type": "Point", "coordinates": [ 121.0387261, 14.6243909 ] } },
{ "type": "Feature", "properties": { "name": "Innovista Computers Inc", "category": "mixed", "amenity": null, "building": null, "shop": "computer", "landuse": null }, "geometry": { "type": "Point", "coordinates": [ 121.0384906, 14.6225621 ] } },
{ "type": "Feature", "properties": { "name": "Senior Citizens Office", "category": "mixed", "amenity": null, "building": null, "shop": null, "landuse": null }, "geometry": { "type": "Point", "coordinates": [ 121.0512943, 14.6477576 ] } },
{ "type": "Feature", "properties": { "name": "SM Hypermarket", "category": "mixed", "amenity": null, "building": null, "shop": "supermarket", "landuse": null }, "geometry": { "type": "Point", "coordinates": [ 121.0385416, 14.6443363 ] } },
{ "type": "Feature", "properties": { "name": "SM Depot", "category": "mixed", "amenity": null, "building": null, "shop": "supermarket", "landuse": null }, "geometry": { "type": "Point", "coordinates": [ 121.056476, 14.6229785 ] } },
{ "type": "Feature", "properties": { "name": "M. Enriquez Art Supply", "category": "mixed", "amenity": null, "building": null, "shop": "craft", "landuse": null }, "geometry": { "type": "Point", "coordinates": [ 121.016037, 14.6172454 ] } },
{ "type": "Feature", "properties": { "name": "Olympic Gold", "category": "mixed", "amenity": null, "building": null, "shop": "sports", "landuse": null }, "geometry": { "type": "Point", "coordinates": [ 121.05939, 14.5920386 ] } },
{ "type": "Feature", "properties": { "name": "The Electronics Boutique", "category": "mixed", "amenity": null, "building": null, "shop": "electronics", "landuse": null }, "geometry": { "type": "Point", "coordinates": [ 121.0597195, 14.590885 ] } },
{ "type": "Feature", "properties": { "name": "Uniqlo", "category": "mixed", "amenity": null, "building": null, "shop": "clothes", "landuse": null }, "geometry": { "type": "Point", "coordinates": [ 121.059079, 14.5915138 ] } },
{ "type": "Feature", "properties": { "name": "Robinsons", "category": "mixed", "amenity": null, "building": null, "shop": "department_store", "landuse": null }, "geometry": { "type": "Point", "coordinates": [ 121.059617, 14.5908011 ] } },
{ "type": "Feature", "properties": { "name": "Sony", "category": "mixed", "amenity": null, "building": null, "shop": "electronics", "landuse": null }, "geometry": { "type": "Point", "coordinates": [ 121.0043657, 14.6577392 ] } },
{ "type": "Feature", "properties": { "name": "Actionlabs IT Services Phils Corp", "category": "mixed", "amenity": null, "building": null, "shop": "computer", "landuse": null }, "geometry": { "type": "Point", "coordinates": [ 121.0391994, 14.6243933 ] } },
{ "type": "Feature", "properties": { "name": "NBI Quezon City", "category": "mixed", "amenity": null, "building": null, "shop": null, "landuse": null }, "geometry": { "type": "Point", "coordinates": [ 121.0519501, 14.6462846 ] } },
{ "type": "Feature", "properties": { "name": "MAK English Academy", "category": "mixed", "amenity": "school", "building": null, "shop": null, "landuse": null }, "geometry": { "type": "Point", "coordinates": [ 121.077085700000012, 14.683502 ] } },
{ "type": "Feature", "properties": { "name": "Sec Helmet", "category": "mixed", "amenity": null, "building": null, "shop": "motorcycle", "landuse": null }, "geometry": { "type": "Point", "coordinates": [ 121.0301502, 14.6570622 ] } },
{ "type": "Feature", "properties": { "name": "Dermaworld", "category": "mixed", "amenity": null, "building": null, "shop": "cosmetics", "landuse": null }, "geometry": { "type": "Point", "coordinates": [ 121.0318292, 14.6313524 ] } },
{ "type": "Feature", "properties": { "name": "Fuzz & Buzz Beauty Parlour", "category": "mixed", "amenity": null, "building": null, "shop": "hairdresser", "landuse": null }, "geometry": { "type": "Point", "coordinates": [ 121.025389300000015, 14.6282897 ] } },
{ "type": "Feature", "properties": { "name": "Public Attorney's Office", "category": "mixed", "amenity": null, "building": null, "shop": null, "landuse": null }, "geometry": { "type": "Point", "coordinates": [ 121.0449631, 14.637976 ] } },
{ "type": "Feature", "properties": { "name": "Puregold Jr", "category": "mixed", "amenity": null, "building": null, "shop": "convenience", "landuse": null }, "geometry": { "type": "Point", "coordinates": [ 121.0390904, 14.6342267 ] } },
{ "type": "Feature", "properties": { "name": "Anonas", "category": "mixed", "amenity": null, "building": null, "shop": null, "landuse": null }, "geometry": { "type": "Point", "coordinates": [ 121.0638279, 14.627904 ] } },
{ "type": "Feature", "properties": { "name": "DSWD NCR", "category": "mixed", "amenity": null, "building": null, "shop": null, "landuse": null }, "geometry": { "type": "Point", "coordinates": [ 121.07298560000001, 14.6263043 ] } },
{ "type": "Feature", "properties": { "name": null, "category": "mixed", "amenity": null, "building": null, "shop": "kiosk", "landuse": null }, "geometry": { "type": "Point", "coordinates": [ 121.072036, 14.6524164 ] } },
{ "type": "Feature", "properties": { "name": "Puregold Balingasa", "category": "mixed", "amenity": null, "building": null, "shop": "supermarket", "landuse": null }, "geometry": { "type": "Point", "coordinates": [ 120.9969123, 14.650823 ] } },
{ "type": "Feature", "properties": { "name": "Ariel's Parlor", "category": "mixed", "amenity": null, "building": null, "shop": "beauty", "landuse": null }, "geometry": { "type": "Point", "coordinates": [ 121.0000619, 14.6515861 ] } },
{ "type": "Feature", "properties": { "name": "Elisa Store", "category": "mixed", "amenity": null, "building": null, "shop": "convenience", "landuse": null }, "geometry": { "type": "Point", "coordinates": [ 121.0803705, 14.6526784 ] } },
{ "type": "Feature", "properties": { "name": "Jonathan Store", "category": "mixed", "amenity": null, "building": null, "shop": "convenience", "landuse": null }, "geometry": { "type": "Point", "coordinates": [ 121.081474700000015, 14.6526969 ] } },
{ "type": "Feature", "properties": { "name": "Oakley", "category": "mixed", "amenity": null, "building": null, "shop": "optician", "landuse": null }, "geometry": { "type": "Point", "coordinates": [ 121.075201899999982, 14.6520932 ] } },
{ "type": "Feature", "properties": { "name": "Pandora", "category": "mixed", "amenity": null, "building": null, "shop": "jewelry", "landuse": null }, "geometry": { "type": "Point", "coordinates": [ 121.07485029999998, 14.6499082 ] } },
{ "type": "Feature", "properties": { "name": "TrueValue", "category": "mixed", "amenity": null, "building": null, "shop": "convenience", "landuse": null }, "geometry": { "type": "Point", "coordinates": [ 121.075163, 14.6515094 ] } },
{ "type": "Feature", "properties": { "name": "Puregold", "category": "mixed", "amenity": null, "building": null, "shop": "supermarket", "landuse": null }, "geometry": { "type": "Point", "coordinates": [ 121.005686, 14.6571849 ] } },
{ "type": "Feature", "properties": { "name": "Tokwing Construction", "category": "mixed", "amenity": null, "building": null, "shop": "hardware", "landuse": null }, "geometry": { "type": "Point", "coordinates": [ 121.013705400000021, 14.6793303 ] } },
{ "type": "Feature", "properties": { "name": "Coronado's School of Quezon City (annex)", "category": "mixed", "amenity": "school", "building": null, "shop": null, "landuse": null }, "geometry": { "type": "Point", "coordinates": [ 121.0470638, 14.6836627 ] } },
{ "type": "Feature", "properties": { "name": "ODM", "category": "mixed", "amenity": null, "building": null, "shop": "car_parts", "landuse": null }, "geometry": { "type": "Point", "coordinates": [ 121.026885600000014, 14.6281852 ] } },
{ "type": "Feature", "properties": { "name": "Mater Christi School", "category": "mixed", "amenity": "school", "building": null, "shop": null, "landuse": null }, "geometry": { "type": "Point", "coordinates": [ 121.073375200000015, 14.638707 ] } },
{ "type": "Feature", "properties": { "name": "Open Hand School for Applied Arts", "category": "mixed", "amenity": "school", "building": null, "shop": null, "landuse": null }, "geometry": { "type": "Point", "coordinates": [ 121.049707, 14.6425032 ] } },
{ "type": "Feature", "properties": { "name": "Ed Distor General Merchandizing", "category": "mixed", "amenity": null, "building": null, "shop": "yes", "landuse": null }, "geometry": { "type": "Point", "coordinates": [ 121.0175372, 14.6048956 ] } },
{ "type": "Feature", "properties": { "name": "Iglesia Ni Cristo Museum and Gallery", "category": "mixed", "amenity": null, "building": null, "shop": null, "landuse": null }, "geometry": { "type": "Point", "coordinates": [ 121.0660028, 14.6629914 ] } },
{ "type": "Feature", "properties": { "name": null, "category": "mixed", "amenity": null, "building": null, "shop": null, "landuse": null }, "geometry": { "type": "Point", "coordinates": [ 121.0737879, 14.6498405 ] } },
{ "type": "Feature", "properties": { "name": "Mercado", "category": "mixed", "amenity": null, "building": null, "shop": "supermarket", "landuse": null }, "geometry": { "type": "Point", "coordinates": [ 121.075503900000015, 14.6502588 ] } },
{ "type": "Feature", "properties": { "name": "Uniqlo", "category": "mixed", "amenity": null, "building": null, "shop": "clothes", "landuse": null }, "geometry": { "type": "Point", "coordinates": [ 121.074904499999988, 14.6524555 ] } },
{ "type": "Feature", "properties": { "name": null, "category": "mixed", "amenity": null, "building": null, "shop": "books", "landuse": null }, "geometry": { "type": "Point", "coordinates": [ 121.075644700000012, 14.6506091 ] } },
{ "type": "Feature", "properties": { "name": "College of Saint Adeline", "category": "mixed", "amenity": "college", "building": null, "shop": null, "landuse": null }, "geometry": { "type": "Point", "coordinates": [ 121.0781045, 14.705385 ] } },
{ "type": "Feature", "properties": { "name": "Gateways Institute of Science & Technology", "category": "mixed", "amenity": "school", "building": null, "shop": null, "landuse": null }, "geometry": { "type": "Point", "coordinates": [ 121.0706134, 14.7061549 ] } },
{ "type": "Feature", "properties": { "name": "DAR-FAPSO", "category": "mixed", "amenity": null, "building": null, "shop": null, "landuse": null }, "geometry": { "type": "Point", "coordinates": [ 121.0494023, 14.6550218 ] } },
{ "type": "Feature", "properties": { "name": "Vinzons Hall", "category": "mixed", "amenity": null, "building": null, "shop": null, "landuse": null }, "geometry": { "type": "Point", "coordinates": [ 121.073047100000011, 14.6544429 ] } },
{ "type": "Feature", "properties": { "name": "Tumana-Balara Jeepney Terminal", "category": "mixed", "amenity": "bus_station", "building": null, "shop": null, "landuse": null }, "geometry": { "type": "Point", "coordinates": [ 121.075069, 14.6534749 ] } },
{ "type": "Feature", "properties": { "name": "St. Peter Technical Training Center", "category": "mixed", "amenity": "school", "building": null, "shop": null, "landuse": null }, "geometry": { "type": "Point", "coordinates": [ 121.0816864, 14.7045718 ] } },
{ "type": "Feature", "properties": { "name": "St. Dominic Institute", "category": "mixed", "amenity": "school", "building": null, "shop": null, "landuse": null }, "geometry": { "type": "Point", "coordinates": [ 121.0624901, 14.7352178 ] } },
{ "type": "Feature", "properties": { "name": "M Lhuillier", "category": "mixed", "amenity": null, "building": null, "shop": "pawnbroker", "landuse": null }, "geometry": { "type": "Point", "coordinates": [ 121.067324700000015, 14.7349687 ] } },
{ "type": "Feature", "properties": { "name": "Quezon City Sports Club", "category": "mixed", "amenity": null, "building": null, "shop": "sports", "landuse": null }, "geometry": { "type": "Point", "coordinates": [ 121.027141500000013, 14.6233734 ] } },
{ "type": "Feature", "properties": { "name": "Uncle John's", "category": "mixed", "amenity": null, "building": null, "shop": "convenience", "landuse": null }, "geometry": { "type": "Point", "coordinates": [ 121.06079010000002, 14.6252738 ] } },
{ "type": "Feature", "properties": { "name": "DPWH Bureau of Research and Standards New Building", "category": "mixed", "amenity": null, "building": null, "shop": null, "landuse": null }, "geometry": { "type": "Point", "coordinates": [ 121.04377150000002, 14.6374931 ] } },
{ "type": "Feature", "properties": { "name": "Puregold QI Central", "category": "mixed", "amenity": null, "building": null, "shop": "supermarket", "landuse": null }, "geometry": { "type": "Point", "coordinates": [ 121.0145135, 14.6187175 ] } },
{ "type": "Feature", "properties": { "name": "Hydro Water Refilling Station", "category": "mixed", "amenity": null, "building": null, "shop": "water", "landuse": null }, "geometry": { "type": "Point", "coordinates": [ 121.0087773, 14.6558716 ] } },
{ "type": "Feature", "properties": { "name": "7-Eleven", "category": "mixed", "amenity": null, "building": null, "shop": "convenience", "landuse": null }, "geometry": { "type": "Point", "coordinates": [ 121.055294300000014, 14.6227016 ] } },
{ "type": "Feature", "properties": { "name": "Presidential Commission for the Urban Poor", "category": "mixed", "amenity": null, "building": null, "shop": null, "landuse": null }, "geometry": { "type": "Point", "coordinates": [ 121.0275527, 14.6558648 ] } },
{ "type": "Feature", "properties": { "name": "Dee Gr88t Value Mart", "category": "mixed", "amenity": null, "building": null, "shop": "convenience", "landuse": null }, "geometry": { "type": "Point", "coordinates": [ 120.9953154, 14.6319702 ] } },
{ "type": "Feature", "properties": { "name": "Bike Haus", "category": "mixed", "amenity": null, "building": null, "shop": "bicycle", "landuse": null }, "geometry": { "type": "Point", "coordinates": [ 121.036790599999989, 14.6282748 ] } },
{ "type": "Feature", "properties": { "name": "Laguna Lake Development Authority", "category": "mixed", "amenity": null, "building": null, "shop": null, "landuse": null }, "geometry": { "type": "Point", "coordinates": [ 121.0459424, 14.6446946 ] } },
{ "type": "Feature", "properties": { "name": "Maryhill School of Theology", "category": "mixed", "amenity": "college", "building": null, "shop": null, "landuse": null }, "geometry": { "type": "Point", "coordinates": [ 121.028856100000013, 14.6228487 ] } },
{ "type": "Feature", "properties": { "name": "Quezon City Sports Complex", "category": "mixed", "amenity": null, "building": "yes", "shop": null, "landuse": null }, "geometry": { "type": "Point", "coordinates": [ 121.0271943, 14.6230403 ] } },
{ "type": "Feature", "properties": { "name": "Puregold Jr.", "category": "mixed", "amenity": null, "building": null, "shop": "convenience", "landuse": null }, "geometry": { "type": "Point", "coordinates": [ 120.996532, 14.6376349 ] } },
{ "type": "Feature", "properties": { "name": "Congressional ave Supermarket", "category": "mixed", "amenity": null, "building": null, "shop": "supermarket", "landuse": null }, "geometry": { "type": "Point", "coordinates": [ 121.0203185, 14.6586721 ] } },
{ "type": "Feature", "properties": { "name": "Savemore smc jackman", "category": "mixed", "amenity": null, "building": null, "shop": "supermarket", "landuse": null }, "geometry": { "type": "Point", "coordinates": [ 121.020956, 14.6578418 ] } },
{ "type": "Feature", "properties": { "name": "Ace Hardware", "category": "mixed", "amenity": null, "building": null, "shop": "doityourself", "landuse": null }, "geometry": { "type": "Point", "coordinates": [ 121.028057700000019, 14.6565642 ] } },
{ "type": "Feature", "properties": { "name": "COJ Catholic Progressive School", "category": "mixed", "amenity": "school", "building": null, "shop": null, "landuse": null }, "geometry": { "type": "Point", "coordinates": [ 121.0413124, 14.6315167 ] } },
{ "type": "Feature", "properties": { "name": "Tony Albrando", "category": "mixed", "amenity": null, "building": null, "shop": "boutique", "landuse": null }, "geometry": { "type": "Point", "coordinates": [ 121.038062600000018, 14.628651 ] } },
{ "type": "Feature", "properties": { "name": "Our Lord Saviour Academy", "category": "mixed", "amenity": "school", "building": null, "shop": null, "landuse": null }, "geometry": { "type": "Point", "coordinates": [ 121.098393900000019, 14.6805642 ] } },
{ "type": "Feature", "properties": { "name": "RB Velasco Transformer", "category": "mixed", "amenity": null, "building": null, "shop": "electronics", "landuse": null }, "geometry": { "type": "Point", "coordinates": [ 121.0198354, 14.6856734 ] } },
{ "type": "Feature", "properties": { "name": "Aics Extension", "category": "mixed", "amenity": "school", "building": null, "shop": null, "landuse": null }, "geometry": { "type": "Point", "coordinates": [ 121.0810515, 14.6791679 ] } },
{ "type": "Feature", "properties": { "name": null, "category": "mixed", "amenity": "bus_station", "building": null, "shop": null, "landuse": null }, "geometry": { "type": "Point", "coordinates": [ 121.08643170000002, 14.695788 ] } },
{ "type": "Feature", "properties": { "name": "National Electrification Administration", "category": "mixed", "amenity": null, "building": null, "shop": null, "landuse": null }, "geometry": { "type": "Point", "coordinates": [ 121.044267800000014, 14.6378631 ] } },
{ "type": "Feature", "properties": { "name": "Uncle John's", "category": "mixed", "amenity": null, "building": null, "shop": "convenience", "landuse": null }, "geometry": { "type": "Point", "coordinates": [ 121.0748901, 14.6345081 ] } },
{ "type": "Feature", "properties": { "name": "Princess Jireh Elishiva Spa", "category": "mixed", "amenity": null, "building": null, "shop": "beauty", "landuse": null }, "geometry": { "type": "Point", "coordinates": [ 121.0581745, 14.6197828 ] } },
{ "type": "Feature", "properties": { "name": "Headway School for Giftedness", "category": "mixed", "amenity": "school", "building": null, "shop": null, "landuse": null }, "geometry": { "type": "Point", "coordinates": [ 121.053760899999986, 14.6465121 ] } },
{ "type": "Feature", "properties": { "name": "REX Knowledge Center", "category": "mixed", "amenity": null, "building": null, "shop": "bookmaker", "landuse": null }, "geometry": { "type": "Point", "coordinates": [ 121.00876860000001, 14.6276246 ] } },
{ "type": "Feature", "properties": { "name": "Ideal Montessori", "category": "mixed", "amenity": "school", "building": null, "shop": null, "landuse": null }, "geometry": { "type": "Point", "coordinates": [ 121.105325, 14.6867763 ] } },
{ "type": "Feature", "properties": { "name": "Astral Data Systems, Inc.", "category": "mixed", "amenity": null, "building": null, "shop": "computer", "landuse": null }, "geometry": { "type": "Point", "coordinates": [ 121.023175100000017, 14.635748 ] } },
{ "type": "Feature", "properties": { "name": "3's Station Internet Shop", "category": "mixed", "amenity": null, "building": null, "shop": "computer", "landuse": null }, "geometry": { "type": "Point", "coordinates": [ 121.021225099999981, 14.6586605 ] } },
{ "type": "Feature", "properties": { "name": "Raven Cycles", "category": "mixed", "amenity": null, "building": null, "shop": "bicycle", "landuse": null }, "geometry": { "type": "Point", "coordinates": [ 121.057157799999985, 14.6453155 ] } },
{ "type": "Feature", "properties": { "name": "Milda House", "category": "mixed", "amenity": null, "building": null, "shop": "convenience", "landuse": null }, "geometry": { "type": "Point", "coordinates": [ 121.0971218, 14.7071191 ] } },
{ "type": "Feature", "properties": { "name": "Kumori", "category": "mixed", "amenity": null, "building": null, "shop": "bakery", "landuse": null }, "geometry": { "type": "Point", "coordinates": [ 121.032245, 14.6562908 ] } },
{ "type": "Feature", "properties": { "name": null, "category": "mixed", "amenity": null, "building": null, "shop": "electronics", "landuse": null }, "geometry": { "type": "Point", "coordinates": [ 121.044106600000021, 14.6294031 ] } },
{ "type": "Feature", "properties": { "name": "Reach out and Read philippines", "category": "mixed", "amenity": null, "building": null, "shop": "books", "landuse": null }, "geometry": { "type": "Point", "coordinates": [ 121.0309024, 14.6224591 ] } },
{ "type": "Feature", "properties": { "name": "Kirsten autoworkshop", "category": "mixed", "amenity": null, "building": null, "shop": "car_repair", "landuse": null }, "geometry": { "type": "Point", "coordinates": [ 121.004773199999988, 14.6177746 ] } },
{ "type": "Feature", "properties": { "name": "San Agustin Center of Studies", "category": "mixed", "amenity": "school", "building": null, "shop": null, "landuse": null }, "geometry": { "type": "Point", "coordinates": [ 121.046725600000016, 14.6628096 ] } },
{ "type": "Feature", "properties": { "name": "Bethel Christian School", "category": "mixed", "amenity": "school", "building": null, "shop": null, "landuse": null }, "geometry": { "type": "Point", "coordinates": [ 121.071034200000014, 14.6856879 ] } },
{ "type": "Feature", "properties": { "name": "ABE Fairview", "category": "mixed", "amenity": "school", "building": null, "shop": null, "landuse": null }, "geometry": { "type": "Point", "coordinates": [ 121.086674700000017, 14.6965028 ] } },
{ "type": "Feature", "properties": { "name": "Overdose Motoproducts", "category": "mixed", "amenity": null, "building": null, "shop": "sports", "landuse": null }, "geometry": { "type": "Point", "coordinates": [ 121.0271325, 14.627963 ] } },
{ "type": "Feature", "properties": { "name": "julius shop guiyab", "category": "mixed", "amenity": null, "building": null, "shop": "beauty", "landuse": null }, "geometry": { "type": "Point", "coordinates": [ 121.05772180000001, 14.6266188 ] } },
{ "type": "Feature", "properties": { "name": "Saint Mark's Child Development Center", "category": "mixed", "amenity": "school", "building": null, "shop": null, "landuse": null }, "geometry": { "type": "Point", "coordinates": [ 121.0427967, 14.6767586 ] } },
{ "type": "Feature", "properties": { "name": "North gate", "category": "mixed", "amenity": null, "building": null, "shop": "computer", "landuse": null }, "geometry": { "type": "Point", "coordinates": [ 121.0385616, 14.6119591 ] } },
{ "type": "Feature", "properties": { "name": "Light House Christian Academy Foundation", "category": "mixed", "amenity": "school", "building": null, "shop": null, "landuse": null }, "geometry": { "type": "Point", "coordinates": [ 120.9917336, 14.640757 ] } },
{ "type": "Feature", "properties": { "name": "Adarna House", "category": "mixed", "amenity": null, "building": null, "shop": "books", "landuse": null }, "geometry": { "type": "Point", "coordinates": [ 121.036893899999981, 14.632549 ] } },
{ "type": "Feature", "properties": { "name": "Hotwheels Autobody Specialist", "category": "mixed", "amenity": null, "building": null, "shop": "car_repair", "landuse": null }, "geometry": { "type": "Point", "coordinates": [ 121.040056300000018, 14.6245057 ] } },
{ "type": "Feature", "properties": { "name": "taksMAN Bakery", "category": "mixed", "amenity": null, "building": null, "shop": "bakery", "landuse": null }, "geometry": { "type": "Point", "coordinates": [ 121.0422367, 14.6265115 ] } },
{ "type": "Feature", "properties": { "name": "AutoCraft", "category": "mixed", "amenity": null, "building": null, "shop": "car_repair", "landuse": null }, "geometry": { "type": "Point", "coordinates": [ 121.037793599999986, 14.6283082 ] } },
{ "type": "Feature", "properties": { "name": "Frigid Zone", "category": "mixed", "amenity": null, "building": null, "shop": "car_repair", "landuse": null }, "geometry": { "type": "Point", "coordinates": [ 121.0368234, 14.6280463 ] } },
{ "type": "Feature", "properties": { "name": "Lucky 21 food products", "category": "mixed", "amenity": null, "building": null, "shop": "bakery", "landuse": null }, "geometry": { "type": "Point", "coordinates": [ 121.03580239999998, 14.6266479 ] } },
{ "type": "Feature", "properties": { "name": "TGP", "category": "mixed", "amenity": null, "building": null, "shop": "chemist", "landuse": null }, "geometry": { "type": "Point", "coordinates": [ 121.0367453, 14.6263189 ] } },
{ "type": "Feature", "properties": { "name": "ExpressLane MiniMart", "category": "mixed", "amenity": null, "building": null, "shop": "convenience", "landuse": null }, "geometry": { "type": "Point", "coordinates": [ 121.0413572, 14.6317166 ] } },
{ "type": "Feature", "properties": { "name": "BHR Motorcyle Parts & Accessories", "category": "mixed", "amenity": null, "building": null, "shop": "motorcycle", "landuse": null }, "geometry": { "type": "Point", "coordinates": [ 121.0201507, 14.6603408 ] } },
{ "type": "Feature", "properties": { "name": "Shades Beauty Salon", "category": "mixed", "amenity": null, "building": null, "shop": "hairdresser", "landuse": null }, "geometry": { "type": "Point", "coordinates": [ 121.04875890000001, 14.6290203 ] } },
{ "type": "Feature", "properties": { "name": "iNav Philippines", "category": "mixed", "amenity": null, "building": null, "shop": "car_parts", "landuse": null }, "geometry": { "type": "Point", "coordinates": [ 121.03723, 14.615396 ] } },
{ "type": "Feature", "properties": { "name": "ClE New Life Christian School", "category": "mixed", "amenity": "school", "building": null, "shop": null, "landuse": null }, "geometry": { "type": "Point", "coordinates": [ 121.090117500000019, 14.7056416 ] } },
{ "type": "Feature", "properties": { "name": "ELECTRO WERKS", "category": "mixed", "amenity": null, "building": null, "shop": "hardware", "landuse": null }, "geometry": { "type": "Point", "coordinates": [ 121.039303, 14.6249745 ] } },
{ "type": "Feature", "properties": { "name": "DAMAR", "category": "mixed", "amenity": null, "building": null, "shop": "hardware", "landuse": null }, "geometry": { "type": "Point", "coordinates": [ 121.0013461, 14.6442944 ] } },
{ "type": "Feature", "properties": { "name": "Basic1/itsPETacular", "category": "mixed", "amenity": null, "building": null, "shop": "pet", "landuse": null }, "geometry": { "type": "Point", "coordinates": [ 121.004613, 14.6409585 ] } },
{ "type": "Feature", "properties": { "name": "Temple Hill International School", "category": "mixed", "amenity": "school", "building": null, "shop": null, "landuse": null }, "geometry": { "type": "Point", "coordinates": [ 121.0718113, 14.6216312 ] } },
{ "type": "Feature", "properties": { "name": "National Book Store", "category": "mixed", "amenity": null, "building": null, "shop": "books", "landuse": null }, "geometry": { "type": "Point", "coordinates": [ 121.0384123, 14.6152843 ] } },
{ "type": "Feature", "properties": { "name": "H&M", "category": "mixed", "amenity": "marketplace", "building": null, "shop": null, "landuse": null }, "geometry": { "type": "Point", "coordinates": [ 121.0381079, 14.6150831 ] } },
{ "type": "Feature", "properties": { "name": "Robinsons Supermarket", "category": "mixed", "amenity": null, "building": null, "shop": "supermarket", "landuse": null }, "geometry": { "type": "Point", "coordinates": [ 121.0381736, 14.6150416 ] } },
{ "type": "Feature", "properties": { "name": "Kamiseta", "category": "mixed", "amenity": null, "building": null, "shop": "clothes", "landuse": null }, "geometry": { "type": "Point", "coordinates": [ 121.0381196, 14.6151835 ] } },
{ "type": "Feature", "properties": { "name": "Fortune Bakeshop", "category": "mixed", "amenity": null, "building": null, "shop": "bakery", "landuse": null }, "geometry": { "type": "Point", "coordinates": [ 121.0305674, 14.6387115 ] } },
{ "type": "Feature", "properties": { "name": "Dynaquest PC", "category": "mixed", "amenity": null, "building": null, "shop": "computer", "landuse": null }, "geometry": { "type": "Point", "coordinates": [ 121.060227900000015, 14.5923464 ] } },
{ "type": "Feature", "properties": { "name": "PCHub Computers", "category": "mixed", "amenity": null, "building": null, "shop": "computer", "landuse": null }, "geometry": { "type": "Point", "coordinates": [ 121.0351964, 14.6138815 ] } },
{ "type": "Feature", "properties": { "name": "Frameworks HomeFront", "category": "mixed", "amenity": null, "building": null, "shop": "frame", "landuse": null }, "geometry": { "type": "Point", "coordinates": [ 121.037662400000016, 14.6282977 ] } },
{ "type": "Feature", "properties": { "name": "Pet Express", "category": "mixed", "amenity": null, "building": null, "shop": "pet", "landuse": null }, "geometry": { "type": "Point", "coordinates": [ 121.055403200000015, 14.6189194 ] } },
{ "type": "Feature", "properties": { "name": "Goldilocks", "category": "mixed", "amenity": null, "building": null, "shop": "bakery", "landuse": null }, "geometry": { "type": "Point", "coordinates": [ 121.055542700000018, 14.6197888 ] } },
{ "type": "Feature", "properties": { "name": "Watsons", "category": "mixed", "amenity": null, "building": null, "shop": "chemist", "landuse": null }, "geometry": { "type": "Point", "coordinates": [ 121.055483600000017, 14.6195293 ] } },
{ "type": "Feature", "properties": { "name": "Miniso Japan", "category": "mixed", "amenity": null, "building": null, "shop": "variety_store", "landuse": null }, "geometry": { "type": "Point", "coordinates": [ 121.05509210000001, 14.6196279 ] } },
{ "type": "Feature", "properties": { "name": "Cherry Mobile", "category": "mixed", "amenity": null, "building": null, "shop": "mobile_phone", "landuse": null }, "geometry": { "type": "Point", "coordinates": [ 121.055194, 14.6194955 ] } },
{ "type": "Feature", "properties": { "name": "PC Express", "category": "mixed", "amenity": null, "building": null, "shop": "electronics", "landuse": null }, "geometry": { "type": "Point", "coordinates": [ 121.0556017, 14.6192516 ] } },
{ "type": "Feature", "properties": { "name": "Sandugo Sandals", "category": "mixed", "amenity": null, "building": null, "shop": "shoes", "landuse": null }, "geometry": { "type": "Point", "coordinates": [ 121.0557626, 14.6195708 ] } },
{ "type": "Feature", "properties": { "name": "Baliwag Lechon Manok", "category": "mixed", "amenity": null, "building": null, "shop": "food", "landuse": null }, "geometry": { "type": "Point", "coordinates": [ 121.0387105, 14.6288351 ] } },
{ "type": "Feature", "properties": { "name": "Whirlpool Showroom", "category": "mixed", "amenity": null, "building": null, "shop": "electronics", "landuse": null }, "geometry": { "type": "Point", "coordinates": [ 121.0080349, 14.6181721 ] } },
{ "type": "Feature", "properties": { "name": "Clifford Bodykits", "category": "mixed", "amenity": null, "building": null, "shop": "car_parts", "landuse": null }, "geometry": { "type": "Point", "coordinates": [ 121.0273409, 14.6226092 ] } },
{ "type": "Feature", "properties": { "name": "Avid balintawak", "category": "mixed", "amenity": null, "building": null, "shop": "computer", "landuse": null }, "geometry": { "type": "Point", "coordinates": [ 121.0042473, 14.6577835 ] } },
{ "type": "Feature", "properties": { "name": "UV Express Terminal", "category": "mixed", "amenity": "bus_station", "building": null, "shop": null, "landuse": null }, "geometry": { "type": "Point", "coordinates": [ 121.056731400000018, 14.7351318 ] } },
{ "type": "Feature", "properties": { "name": "Forged", "category": "mixed", "amenity": null, "building": null, "shop": "sports", "landuse": null }, "geometry": { "type": "Point", "coordinates": [ 121.0779319, 14.6093816 ] } },
{ "type": "Feature", "properties": { "name": "Philippine Automotive Depot Inc", "category": "mixed", "amenity": null, "building": null, "shop": "car_parts", "landuse": null }, "geometry": { "type": "Point", "coordinates": [ 120.9945185, 14.6463128 ] } },
{ "type": "Feature", "properties": { "name": "Balintawak", "category": "mixed", "amenity": null, "building": null, "shop": null, "landuse": null }, "geometry": { "type": "Point", "coordinates": [ 121.003517200000019, 14.657422 ] } },
{ "type": "Feature", "properties": { "name": "Gold Digger Records", "category": "mixed", "amenity": null, "building": null, "shop": "music", "landuse": null }, "geometry": { "type": "Point", "coordinates": [ 121.0565645, 14.6224275 ] } },
{ "type": "Feature", "properties": { "name": "Ukay-ukay Paradise", "category": "mixed", "amenity": null, "building": null, "shop": "clothes", "landuse": null }, "geometry": { "type": "Point", "coordinates": [ 121.0866332, 14.6965338 ] } },
{ "type": "Feature", "properties": { "name": null, "category": "mixed", "amenity": null, "building": null, "shop": "convenience", "landuse": null }, "geometry": { "type": "Point", "coordinates": [ 121.086303300000012, 14.6960389 ] } },
{ "type": "Feature", "properties": { "name": "ABE College", "category": "mixed", "amenity": "college", "building": null, "shop": null, "landuse": null }, "geometry": { "type": "Point", "coordinates": [ 121.0865819, 14.6961852 ] } },
{ "type": "Feature", "properties": { "name": "Fuzz & Buzz Beauty Parlour", "category": "mixed", "amenity": null, "building": null, "shop": "hairdresser", "landuse": null }, "geometry": { "type": "Point", "coordinates": [ 121.0198472, 14.6289787 ] } },
{ "type": "Feature", "properties": { "name": "TLC Flower Shop", "category": "mixed", "amenity": null, "building": null, "shop": "florist", "landuse": null }, "geometry": { "type": "Point", "coordinates": [ 121.01902650000001, 14.6337001 ] } },
{ "type": "Feature", "properties": { "name": "TLC Flower Shop", "category": "mixed", "amenity": null, "building": null, "shop": "florist", "landuse": null }, "geometry": { "type": "Point", "coordinates": [ 121.0192482, 14.6338055 ] } },
{ "type": "Feature", "properties": { "name": "Quezon City Hall", "category": "mixed", "amenity": null, "building": null, "shop": null, "landuse": null }, "geometry": { "type": "Point", "coordinates": [ 121.0519753, 14.6502294 ] } },
{ "type": "Feature", "properties": { "name": "Quezon Memorial Circle", "category": "mixed", "amenity": null, "building": null, "shop": null, "landuse": null }, "geometry": { "type": "Point", "coordinates": [ 121.0472163, 14.6522128 ] } },
{ "type": "Feature", "properties": { "name": "FamilyLife Christian School Inc.", "category": "mixed", "amenity": "school", "building": null, "shop": null, "landuse": null }, "geometry": { "type": "Point", "coordinates": [ 121.052294100000012, 14.7416284 ] } },
{ "type": "Feature", "properties": { "name": "Olive Grove Elementary School", "category": "mixed", "amenity": "school", "building": null, "shop": null, "landuse": null }, "geometry": { "type": "Point", "coordinates": [ 121.0194009, 14.7007405 ] } },
{ "type": "Feature", "properties": { "name": "Philam QC", "category": "mixed", "amenity": null, "building": null, "shop": null, "landuse": null }, "geometry": { "type": "Point", "coordinates": [ 121.03557960000002, 14.6470486 ] } },
{ "type": "Feature", "properties": { "name": "Ever Supermarket", "category": "mixed", "amenity": null, "building": null, "shop": "supermarket", "landuse": null }, "geometry": { "type": "Point", "coordinates": [ 121.0729849, 14.7062161 ] } },
{ "type": "Feature", "properties": { "name": "Unlad Convenience Store", "category": "mixed", "amenity": null, "building": null, "shop": "convenience", "landuse": null }, "geometry": { "type": "Point", "coordinates": [ 121.0702336, 14.6592609 ] } },
{ "type": "Feature", "properties": { "name": "Quicklean", "category": "mixed", "amenity": null, "building": null, "shop": "laundry", "landuse": null }, "geometry": { "type": "Point", "coordinates": [ 121.070403500000012, 14.6592562 ] } },
{ "type": "Feature", "properties": { "name": "Upbeat", "category": "mixed", "amenity": null, "building": null, "shop": "clothes", "landuse": null }, "geometry": { "type": "Point", "coordinates": [ 121.069843300000016, 14.6592242 ] } },
{ "type": "Feature", "properties": { "name": null, "category": "mixed", "amenity": null, "building": null, "shop": "kiosk", "landuse": null }, "geometry": { "type": "Point", "coordinates": [ 121.0704703, 14.6581373 ] } },
{ "type": "Feature", "properties": { "name": "Remy's Beauty Lane", "category": "mixed", "amenity": null, "building": null, "shop": "beauty", "landuse": null }, "geometry": { "type": "Point", "coordinates": [ 121.0699633, 14.6592256 ] } },
{ "type": "Feature", "properties": { "name": "Team Sir George Salon", "category": "mixed", "amenity": null, "building": null, "shop": "beauty", "landuse": null }, "geometry": { "type": "Point", "coordinates": [ 121.0700185, 14.6592232 ] } },
{ "type": "Feature", "properties": { "name": "SM City North EDSA", "category": "mixed", "amenity": null, "building": null, "shop": null, "landuse": null }, "geometry": { "type": "Point", "coordinates": [ 121.029254, 14.6562254 ] } },
{ "type": "Feature", "properties": { "name": "BAI-Veterinary Laboratory Division", "category": "mixed", "amenity": null, "building": null, "shop": null, "landuse": null }, "geometry": { "type": "Point", "coordinates": [ 121.0470092, 14.6562575 ] } },
{ "type": "Feature", "properties": { "name": "Nuat Thai Food and Body Massage", "category": "mixed", "amenity": null, "building": null, "shop": "massage", "landuse": null }, "geometry": { "type": "Point", "coordinates": [ 121.0729361, 14.7062169 ] } },
{ "type": "Feature", "properties": { "name": "Uncle John's", "category": "mixed", "amenity": null, "building": null, "shop": "convenience", "landuse": null }, "geometry": { "type": "Point", "coordinates": [ 121.0346638, 14.6310809 ] } },
{ "type": "Feature", "properties": { "name": "Ryan Bikes", "category": "mixed", "amenity": null, "building": null, "shop": "bicycle", "landuse": null }, "geometry": { "type": "Point", "coordinates": [ 121.040100200000012, 14.6286149 ] } },
{ "type": "Feature", "properties": { "name": "SM City North EDSA", "category": "mixed", "amenity": null, "building": null, "shop": null, "landuse": null }, "geometry": { "type": "Point", "coordinates": [ 121.0281299, 14.6560952 ] } },
{ "type": "Feature", "properties": { "name": null, "category": "mixed", "amenity": null, "building": null, "shop": "bakery", "landuse": null }, "geometry": { "type": "Point", "coordinates": [ 121.0767001, 14.6714464 ] } },
{ "type": "Feature", "properties": { "name": "Philcoa Terminal", "category": "mixed", "amenity": null, "building": null, "shop": null, "landuse": null }, "geometry": { "type": "Point", "coordinates": [ 121.0532179, 14.6526736 ] } },
{ "type": "Feature", "properties": { "name": "7-Eleven", "category": "mixed", "amenity": null, "building": null, "shop": "convenience", "landuse": null }, "geometry": { "type": "Point", "coordinates": [ 121.058229199999985, 14.6224591 ] } },
{ "type": "Feature", "properties": { "name": "Aqua best water station", "category": "mixed", "amenity": null, "building": null, "shop": "water", "landuse": null }, "geometry": { "type": "Point", "coordinates": [ 121.0592493, 14.6209861 ] } },
{ "type": "Feature", "properties": { "name": "Topcom", "category": "mixed", "amenity": null, "building": null, "shop": "convenience", "landuse": null }, "geometry": { "type": "Point", "coordinates": [ 121.0590081, 14.6208218 ] } },
{ "type": "Feature", "properties": { "name": "Nonoy Store", "category": "mixed", "amenity": null, "building": null, "shop": "convenience", "landuse": null }, "geometry": { "type": "Point", "coordinates": [ 121.058307700000015, 14.6210521 ] } },
{ "type": "Feature", "properties": { "name": "SM Cherry", "category": "mixed", "amenity": null, "building": null, "shop": "supermarket", "landuse": null }, "geometry": { "type": "Point", "coordinates": [ 121.0385267, 14.6714892 ] } },
{ "type": "Feature", "properties": { "name": "OEG Toys and Party Supplies", "category": "mixed", "amenity": null, "building": null, "shop": "party", "landuse": null }, "geometry": { "type": "Point", "coordinates": [ 121.034466900000012, 14.6266184 ] } },
{ "type": "Feature", "properties": { "name": "Katipunan", "category": "mixed", "amenity": null, "building": null, "shop": null, "landuse": null }, "geometry": { "type": "Point", "coordinates": [ 121.0727741, 14.6310644 ] } },
{ "type": "Feature", "properties": { "name": "King Solomon Christian School International", "category": "mixed", "amenity": "school", "building": null, "shop": null, "landuse": null }, "geometry": { "type": "Point", "coordinates": [ 121.0148023, 14.6272108 ] } },
{ "type": "Feature", "properties": { "name": "NAPOCOR", "category": "mixed", "amenity": null, "building": null, "shop": null, "landuse": null }, "geometry": { "type": "Point", "coordinates": [ 121.04177679999998, 14.6451838 ] } },
{ "type": "Feature", "properties": { "name": "Katipunan", "category": "mixed", "amenity": null, "building": null, "shop": null, "landuse": null }, "geometry": { "type": "Point", "coordinates": [ 121.073293, 14.6312599 ] } },
{ "type": "Feature", "properties": { "name": "Fernando Poe Jr.", "category": "mixed", "amenity": null, "building": null, "shop": null, "landuse": null }, "geometry": { "type": "Point", "coordinates": [ 121.0206881, 14.6576217 ] } },
{ "type": "Feature", "properties": { "name": "North Avenue", "category": "mixed", "amenity": null, "building": null, "shop": null, "landuse": null }, "geometry": { "type": "Point", "coordinates": [ 121.0319824, 14.6526377 ] } },
{ "type": "Feature", "properties": { "name": "Anonas", "category": "mixed", "amenity": null, "building": null, "shop": null, "landuse": null }, "geometry": { "type": "Point", "coordinates": [ 121.0651966, 14.6280751 ] } },
{ "type": "Feature", "properties": { "name": "Quezon Avenue", "category": "mixed", "amenity": null, "building": null, "shop": null, "landuse": null }, "geometry": { "type": "Point", "coordinates": [ 121.038661, 14.6424589 ] } },
{ "type": "Feature", "properties": { "name": "Betty Go - Belmonte", "category": "mixed", "amenity": null, "building": null, "shop": null, "landuse": null }, "geometry": { "type": "Point", "coordinates": [ 121.0427366, 14.618605 ] } },
{ "type": "Feature", "properties": { "name": "Learning development center Inc.", "category": "mixed", "amenity": "school", "building": null, "shop": null, "landuse": null }, "geometry": { "type": "Point", "coordinates": [ 121.105521400000015, 14.71143 ] } },
{ "type": "Feature", "properties": { "name": "PDEA Laboratory Service", "category": "mixed", "amenity": null, "building": null, "shop": null, "landuse": null }, "geometry": { "type": "Point", "coordinates": [ 121.0421277, 14.6396092 ] } },
{ "type": "Feature", "properties": { "name": "PDEA RO-NCR", "category": "mixed", "amenity": null, "building": null, "shop": null, "landuse": null }, "geometry": { "type": "Point", "coordinates": [ 121.0422756, 14.6398494 ] } },
{ "type": "Feature", "properties": { "name": "University of the Philippines", "category": "mixed", "amenity": null, "building": null, "shop": null, "landuse": null }, "geometry": { "type": "Point", "coordinates": [ 121.0554183, 14.6553377 ] } },
{ "type": "Feature", "properties": { "name": "Body and Sole", "category": "mixed", "amenity": null, "building": null, "shop": "massage", "landuse": null }, "geometry": { "type": "Point", "coordinates": [ 121.038337100000021, 14.6246481 ] } },
{ "type": "Feature", "properties": { "name": "Touch of Delight Spa", "category": "mixed", "amenity": null, "building": null, "shop": "massage", "landuse": null }, "geometry": { "type": "Point", "coordinates": [ 121.046505, 14.6208299 ] } },
{ "type": "Feature", "properties": { "name": "Hilom Spa", "category": "mixed", "amenity": null, "building": null, "shop": "massage", "landuse": null }, "geometry": { "type": "Point", "coordinates": [ 121.039094, 14.6332743 ] } },
{ "type": "Feature", "properties": { "name": "Adobe Design", "category": "mixed", "amenity": null, "building": null, "shop": "printing", "landuse": null }, "geometry": { "type": "Point", "coordinates": [ 121.0662949, 14.6649638 ] } },
{ "type": "Feature", "properties": { "name": "Superior Ideas", "category": "mixed", "amenity": null, "building": null, "shop": "printing", "landuse": null }, "geometry": { "type": "Point", "coordinates": [ 121.0131199, 14.6106446 ] } },
{ "type": "Feature", "properties": { "name": "Awesome Graphics", "category": "mixed", "amenity": null, "building": null, "shop": "printing", "landuse": null }, "geometry": { "type": "Point", "coordinates": [ 121.0494356, 14.6439771 ] } },
{ "type": "Feature", "properties": { "name": "Leadsense Print", "category": "mixed", "amenity": null, "building": null, "shop": "printing", "landuse": null }, "geometry": { "type": "Point", "coordinates": [ 121.017469600000013, 14.6532037 ] } },
{ "type": "Feature", "properties": { "name": "Banawe Square", "category": "mixed", "amenity": null, "building": null, "shop": "massage", "landuse": null }, "geometry": { "type": "Point", "coordinates": [ 121.0003908, 14.6403004 ] } },
{ "type": "Feature", "properties": { "name": "SM Supermarket", "category": "mixed", "amenity": null, "building": null, "shop": "supermarket", "landuse": null }, "geometry": { "type": "Point", "coordinates": [ 121.018363099999988, 14.6045649 ] } },
{ "type": "Feature", "properties": { "name": "Poli Prints", "category": "mixed", "amenity": null, "building": null, "shop": "printing", "landuse": null }, "geometry": { "type": "Point", "coordinates": [ 121.03470249999998, 14.6261821 ] } },
{ "type": "Feature", "properties": { "name": null, "category": "mixed", "amenity": "taxi", "building": null, "shop": null, "landuse": null }, "geometry": { "type": "Point", "coordinates": [ 121.034209800000014, 14.6512468 ] } },
{ "type": "Feature", "properties": { "name": "Riverside Terminal", "category": "mixed", "amenity": "bus_station", "building": null, "shop": null, "landuse": null }, "geometry": { "type": "Point", "coordinates": [ 121.08703, 14.692856 ] } },
{ "type": "Feature", "properties": { "name": "PhilHealth NCR Central", "category": "mixed", "amenity": null, "building": null, "shop": null, "landuse": null }, "geometry": { "type": "Point", "coordinates": [ 121.0356608, 14.6406585 ] } },
{ "type": "Feature", "properties": { "name": "overrun kamuning", "category": "mixed", "amenity": null, "building": null, "shop": "gift", "landuse": null }, "geometry": { "type": "Point", "coordinates": [ 121.0430831, 14.6350171 ] } },
{ "type": "Feature", "properties": { "name": null, "category": "mixed", "amenity": null, "building": null, "shop": "charity", "landuse": null }, "geometry": { "type": "Point", "coordinates": [ 121.0435083, 14.6293775 ] } },
{ "type": "Feature", "properties": { "name": "Pet House", "category": "mixed", "amenity": null, "building": null, "shop": "pet", "landuse": null }, "geometry": { "type": "Point", "coordinates": [ 121.03047810000001, 14.6342047 ] } },
{ "type": "Feature", "properties": { "name": "Foot Locker", "category": "mixed", "amenity": null, "building": null, "shop": "shoes", "landuse": null }, "geometry": { "type": "Point", "coordinates": [ 121.074810899999989, 14.6501616 ] } },
{ "type": "Feature", "properties": { "name": "Daiso", "category": "mixed", "amenity": null, "building": null, "shop": "convenience", "landuse": null }, "geometry": { "type": "Point", "coordinates": [ 121.07510259999998, 14.6514593 ] } },
{ "type": "Feature", "properties": { "name": "H&M", "category": "mixed", "amenity": null, "building": null, "shop": "clothes", "landuse": null }, "geometry": { "type": "Point", "coordinates": [ 121.074756, 14.6508669 ] } },
{ "type": "Feature", "properties": { "name": "Penshoppe", "category": "mixed", "amenity": null, "building": null, "shop": "clothes", "landuse": null }, "geometry": { "type": "Point", "coordinates": [ 121.0748049, 14.6520224 ] } },
{ "type": "Feature", "properties": { "name": "Nike", "category": "mixed", "amenity": null, "building": null, "shop": "clothes", "landuse": null }, "geometry": { "type": "Point", "coordinates": [ 121.0755371, 14.6520224 ] } },
{ "type": "Feature", "properties": { "name": "Adidas", "category": "mixed", "amenity": null, "building": null, "shop": "sports", "landuse": null }, "geometry": { "type": "Point", "coordinates": [ 121.075504899999984, 14.6520951 ] } },
{ "type": "Feature", "properties": { "name": "Aura", "category": "mixed", "amenity": null, "building": null, "shop": "hairdresser", "landuse": null }, "geometry": { "type": "Point", "coordinates": [ 121.0754215, 14.6523392 ] } },
{ "type": "Feature", "properties": { "name": "Giordano", "category": "mixed", "amenity": null, "building": null, "shop": "clothes", "landuse": null }, "geometry": { "type": "Point", "coordinates": [ 121.0756348, 14.6500655 ] } },
{ "type": "Feature", "properties": { "name": "National Book Store", "category": "mixed", "amenity": null, "building": null, "shop": "books", "landuse": null }, "geometry": { "type": "Point", "coordinates": [ 121.0754777, 14.6497644 ] } },
{ "type": "Feature", "properties": { "name": "Fully Booked", "category": "mixed", "amenity": null, "building": null, "shop": "books", "landuse": null }, "geometry": { "type": "Point", "coordinates": [ 121.0755332, 14.6514814 ] } },
{ "type": "Feature", "properties": { "name": "Anytime Fitness", "category": "mixed", "amenity": null, "building": null, "shop": null, "landuse": null }, "geometry": { "type": "Point", "coordinates": [ 121.0753993, 14.6510682 ] } },
{ "type": "Feature", "properties": { "name": "Starland International School", "category": "mixed", "amenity": "school", "building": null, "shop": null, "landuse": null }, "geometry": { "type": "Point", "coordinates": [ 121.0590445, 14.6191893 ] } },
{ "type": "Feature", "properties": { "name": "Starland International School", "category": "mixed", "amenity": "school", "building": null, "shop": null, "landuse": null }, "geometry": { "type": "Point", "coordinates": [ 121.0612884, 14.6352933 ] } },
{ "type": "Feature", "properties": { "name": "Adidas", "category": "mixed", "amenity": null, "building": null, "shop": "sports", "landuse": null }, "geometry": { "type": "Point", "coordinates": [ 121.060327200000017, 14.5904607 ] } },
{ "type": "Feature", "properties": { "name": "Manuel L. Quezon University", "category": "mixed", "amenity": "college", "building": null, "shop": null, "landuse": null }, "geometry": { "type": "Point", "coordinates": [ 121.04566029999998, 14.6323817 ] } },
{ "type": "Feature", "properties": { "name": "MLQU", "category": "mixed", "amenity": "college", "building": null, "shop": null, "landuse": null }, "geometry": { "type": "Point", "coordinates": [ 121.0435641, 14.6355296 ] } },
{ "type": "Feature", "properties": { "name": "Uratex foam", "category": "mixed", "amenity": null, "building": null, "shop": "furniture", "landuse": null }, "geometry": { "type": "Point", "coordinates": [ 121.023854, 14.6512859 ] } },
{ "type": "Feature", "properties": { "name": "Uncle John's", "category": "mixed", "amenity": null, "building": null, "shop": "convenience", "landuse": null }, "geometry": { "type": "Point", "coordinates": [ 121.0247741, 14.6220466 ] } },
{ "type": "Feature", "properties": { "name": "Stickwurks Printing", "category": "mixed", "amenity": null, "building": null, "shop": "printing", "landuse": null }, "geometry": { "type": "Point", "coordinates": [ 121.0127765, 14.6690519 ] } },
{ "type": "Feature", "properties": { "name": null, "category": "mixed", "amenity": null, "building": null, "shop": "beauty", "landuse": null }, "geometry": { "type": "Point", "coordinates": [ 121.0511337, 14.6203967 ] } },
{ "type": "Feature", "properties": { "name": "Villamor Hall", "category": "mixed", "amenity": null, "building": null, "shop": null, "landuse": null }, "geometry": { "type": "Point", "coordinates": [ 121.065873199999984, 14.6561038 ] } },
{ "type": "Feature", "properties": { "name": "Uni Mansion", "category": "mixed", "amenity": null, "building": null, "shop": "hardware", "landuse": null }, "geometry": { "type": "Point", "coordinates": [ 121.062940700000013, 14.620844 ] } },
{ "type": "Feature", "properties": { "name": "Motor Star", "category": "mixed", "amenity": null, "building": null, "shop": "car", "landuse": null }, "geometry": { "type": "Point", "coordinates": [ 121.059166100000013, 14.6201369 ] } },
{ "type": "Feature", "properties": { "name": "Spada Massage Spa", "category": "mixed", "amenity": null, "building": null, "shop": "massage", "landuse": null }, "geometry": { "type": "Point", "coordinates": [ 121.0598828, 14.6203687 ] } },
{ "type": "Feature", "properties": { "name": "Corner House Learning Center", "category": "mixed", "amenity": "school", "building": null, "shop": null, "landuse": null }, "geometry": { "type": "Point", "coordinates": [ 121.062534199999988, 14.6340514 ] } },
{ "type": "Feature", "properties": { "name": "reymalyn cubao aurora", "category": "mixed", "amenity": null, "building": null, "shop": "pawnbroker", "landuse": null }, "geometry": { "type": "Point", "coordinates": [ 121.049427600000016, 14.6214609 ] } },
{ "type": "Feature", "properties": { "name": "Reymalyn", "category": "mixed", "amenity": null, "building": null, "shop": "pawnbroker", "landuse": null }, "geometry": { "type": "Point", "coordinates": [ 120.999377200000012, 14.6552474 ] } },
{ "type": "Feature", "properties": { "name": "Caltex car service area", "category": "mixed", "amenity": null, "building": null, "shop": "car_repair", "landuse": null }, "geometry": { "type": "Point", "coordinates": [ 121.037924, 14.6242373 ] } },
{ "type": "Feature", "properties": { "name": "Caltex convenience store", "category": "mixed", "amenity": null, "building": null, "shop": "convenience", "landuse": null }, "geometry": { "type": "Point", "coordinates": [ 121.0379497, 14.6243232 ] } },
{ "type": "Feature", "properties": { "name": "Urban Gadget", "category": "mixed", "amenity": null, "building": null, "shop": "radiotechnics", "landuse": null }, "geometry": { "type": "Point", "coordinates": [ 121.087956700000021, 14.6011623 ] } },
{ "type": "Feature", "properties": { "name": "Chef and Brewer", "category": "mixed", "amenity": null, "building": null, "shop": "coffee", "landuse": null }, "geometry": { "type": "Point", "coordinates": [ 121.0879778, 14.601183 ] } },
{ "type": "Feature", "properties": { "name": "Launch Garage", "category": "mixed", "amenity": null, "building": null, "shop": "books", "landuse": null }, "geometry": { "type": "Point", "coordinates": [ 121.088051299999989, 14.6009878 ] } },
{ "type": "Feature", "properties": { "name": "Calle Industria Mall", "category": "mixed", "amenity": null, "building": null, "shop": "mall", "landuse": null }, "geometry": { "type": "Point", "coordinates": [ 121.087787800000015, 14.6010295 ] } },
{ "type": "Feature", "properties": { "name": "Bennister Academy", "category": "mixed", "amenity": "school", "building": null, "shop": null, "landuse": null }, "geometry": { "type": "Point", "coordinates": [ 121.089455699999988, 14.6015934 ] } },
{ "type": "Feature", "properties": { "name": "Hatchi Dog Park", "category": "mixed", "amenity": null, "building": null, "shop": null, "landuse": null }, "geometry": { "type": "Point", "coordinates": [ 121.08944630000002, 14.6024451 ] } },
{ "type": "Feature", "properties": { "name": null, "category": "mixed", "amenity": null, "building": null, "shop": null, "landuse": null }, "geometry": { "type": "Point", "coordinates": [ 121.088729, 14.6025261 ] } },
{ "type": "Feature", "properties": { "name": "Bagumbayan Jeepney Terminal", "category": "mixed", "amenity": "bus_station", "building": null, "shop": null, "landuse": null }, "geometry": { "type": "Point", "coordinates": [ 121.0820578, 14.6063389 ] } },
{ "type": "Feature", "properties": { "name": "Quezon City Christian Academy", "category": "mixed", "amenity": "school", "building": null, "shop": null, "landuse": null }, "geometry": { "type": "Point", "coordinates": [ 121.0041774, 14.6229063 ] } },
{ "type": "Feature", "properties": { "name": "Commission on Human Rights Region IV-A", "category": "mixed", "amenity": null, "building": null, "shop": null, "landuse": null }, "geometry": { "type": "Point", "coordinates": [ 121.06034649999998, 14.6573399 ] } },
{ "type": "Feature", "properties": { "name": "Sanbry Barbershop", "category": "mixed", "amenity": null, "building": null, "shop": "hairdresser", "landuse": null }, "geometry": { "type": "Point", "coordinates": [ 121.034404, 14.6315453 ] } },
{ "type": "Feature", "properties": { "name": "Cake2Go", "category": "mixed", "amenity": null, "building": null, "shop": "pastry", "landuse": null }, "geometry": { "type": "Point", "coordinates": [ 121.0385174, 14.6342835 ] } },
{ "type": "Feature", "properties": { "name": "Bridgestone", "category": "mixed", "amenity": null, "building": null, "shop": "tyres", "landuse": null }, "geometry": { "type": "Point", "coordinates": [ 121.0383494, 14.6344045 ] } },
{ "type": "Feature", "properties": { "name": "The CECCD College", "category": "mixed", "amenity": "school", "building": null, "shop": null, "landuse": null }, "geometry": { "type": "Point", "coordinates": [ 121.060344300000011, 14.6281051 ] } },
{ "type": "Feature", "properties": { "name": "Suzuki East Avenue", "category": "mixed", "amenity": null, "building": null, "shop": "car_repair", "landuse": null }, "geometry": { "type": "Point", "coordinates": [ 121.045327199999988, 14.63327 ] } },
{ "type": "Feature", "properties": { "name": "Lacordia Consulting and Management", "category": "mixed", "amenity": null, "building": null, "shop": "general", "landuse": null }, "geometry": { "type": "Point", "coordinates": [ 121.0283363, 14.6548302 ] } },
{ "type": "Feature", "properties": { "name": "Clifford Body Kits", "category": "mixed", "amenity": null, "building": null, "shop": "car_parts", "landuse": null }, "geometry": { "type": "Point", "coordinates": [ 121.0278999, 14.6227958 ] } },
{ "type": "Feature", "properties": { "name": "Ines Lotto", "category": "mixed", "amenity": null, "building": null, "shop": "lottery", "landuse": null }, "geometry": { "type": "Point", "coordinates": [ 121.0448335, 14.6525291 ] } },
{ "type": "Feature", "properties": { "name": "Kaingin 2 Satellite Barangay Office", "category": "mixed", "amenity": "townhall", "building": null, "shop": null, "landuse": null }, "geometry": { "type": "Point", "coordinates": [ 121.0816359, 14.6528122 ] } },
{ "type": "Feature", "properties": { "name": "My busy bee", "category": "mixed", "amenity": null, "building": null, "shop": "computer", "landuse": null }, "geometry": { "type": "Point", "coordinates": [ 121.074116, 14.6419149 ] } },
{ "type": "Feature", "properties": { "name": "University of the Philippines", "category": "mixed", "amenity": null, "building": null, "shop": null, "landuse": null }, "geometry": { "type": "Point", "coordinates": [ 121.0554022, 14.6553595 ] } },
{ "type": "Feature", "properties": { "name": "New North Avenue", "category": "mixed", "amenity": null, "building": null, "shop": null, "landuse": null }, "geometry": { "type": "Point", "coordinates": [ 121.0316768, 14.655292 ] } },
{ "type": "Feature", "properties": { "name": "Unisilver", "category": "mixed", "amenity": null, "building": null, "shop": "jewelry", "landuse": null }, "geometry": { "type": "Point", "coordinates": [ 121.018792100000013, 14.6047478 ] } },
{ "type": "Feature", "properties": { "name": "The SM Store", "category": "mixed", "amenity": null, "building": null, "shop": "department_store", "landuse": null }, "geometry": { "type": "Point", "coordinates": [ 121.0187465, 14.6047117 ] } },
{ "type": "Feature", "properties": { "name": "The Body Shop", "category": "mixed", "amenity": null, "building": null, "shop": "cosmetics", "landuse": null }, "geometry": { "type": "Point", "coordinates": [ 121.01872370000001, 14.6046937 ] } },
{ "type": "Feature", "properties": { "name": "St Paul's", "category": "mixed", "amenity": null, "building": null, "shop": "religion", "landuse": null }, "geometry": { "type": "Point", "coordinates": [ 121.0187617, 14.6048819 ] } },
{ "type": "Feature", "properties": { "name": "Red Ribbon", "category": "mixed", "amenity": null, "building": null, "shop": "bakery", "landuse": null }, "geometry": { "type": "Point", "coordinates": [ 121.018700900000013, 14.6046757 ] } },
{ "type": "Feature", "properties": { "name": "Primadonna", "category": "mixed", "amenity": null, "building": null, "shop": "yes", "landuse": null }, "geometry": { "type": "Point", "coordinates": [ 121.0186554, 14.6046396 ] } },
{ "type": "Feature", "properties": { "name": "Plains and Prints", "category": "mixed", "amenity": null, "building": null, "shop": "clothes", "landuse": null }, "geometry": { "type": "Point", "coordinates": [ 121.0186326, 14.6046216 ] } },
{ "type": "Feature", "properties": { "name": "Penshoppe", "category": "mixed", "amenity": null, "building": null, "shop": "clothes", "landuse": null }, "geometry": { "type": "Point", "coordinates": [ 121.018609799999979, 14.6046035 ] } },
{ "type": "Feature", "properties": { "name": "Kashieca", "category": "mixed", "amenity": null, "building": null, "shop": "yes", "landuse": null }, "geometry": { "type": "Point", "coordinates": [ 121.0185642, 14.6045675 ] } },
{ "type": "Feature", "properties": { "name": "Karimadon", "category": "mixed", "amenity": null, "building": null, "shop": "yes", "landuse": null }, "geometry": { "type": "Point", "coordinates": [ 121.0185414, 14.6045494 ] } },
{ "type": "Feature", "properties": { "name": "Ideal Vision", "category": "mixed", "amenity": null, "building": null, "shop": "optician", "landuse": null }, "geometry": { "type": "Point", "coordinates": [ 121.018518599999979, 14.6045314 ] } },
{ "type": "Feature", "properties": { "name": "Human", "category": "mixed", "amenity": null, "building": null, "shop": "clothes", "landuse": null }, "geometry": { "type": "Point", "coordinates": [ 121.018495900000019, 14.6045133 ] } },
{ "type": "Feature", "properties": { "name": "Goldilocks", "category": "mixed", "amenity": null, "building": null, "shop": "bakery", "landuse": null }, "geometry": { "type": "Point", "coordinates": [ 121.018177499999979, 14.6045461 ] } },
{ "type": "Feature", "properties": { "name": "Folded & Hung", "category": "mixed", "amenity": null, "building": null, "shop": "clothes", "landuse": null }, "geometry": { "type": "Point", "coordinates": [ 121.0184731, 14.6044953 ] } },
{ "type": "Feature", "properties": { "name": "Executive Optical", "category": "mixed", "amenity": null, "building": null, "shop": "optician", "landuse": null }, "geometry": { "type": "Point", "coordinates": [ 121.0184503, 14.6044773 ] } },
{ "type": "Feature", "properties": { "name": "Coco Fresh", "category": "mixed", "amenity": null, "building": null, "shop": "beverages", "landuse": null }, "geometry": { "type": "Point", "coordinates": [ 121.0183819, 14.6044232 ] } },
{ "type": "Feature", "properties": { "name": "CLN", "category": "mixed", "amenity": null, "building": null, "shop": "yes", "landuse": null }, "geometry": { "type": "Point", "coordinates": [ 121.0183591, 14.6044051 ] } },
{ "type": "Feature", "properties": { "name": "Boulangerie 22", "category": "mixed", "amenity": null, "building": null, "shop": "pastry", "landuse": null }, "geometry": { "type": "Point", "coordinates": [ 121.018290799999988, 14.604351 ] } },
{ "type": "Feature", "properties": { "name": "Bench", "category": "mixed", "amenity": null, "building": null, "shop": "clothes", "landuse": null }, "geometry": { "type": "Point", "coordinates": [ 121.01824520000001, 14.6043149 ] } },
{ "type": "Feature", "properties": { "name": "Bayo", "category": "mixed", "amenity": null, "building": null, "shop": "clothes", "landuse": null }, "geometry": { "type": "Point", "coordinates": [ 121.018222400000013, 14.6042969 ] } },
{ "type": "Feature", "properties": { "name": "SM Appliance", "category": "mixed", "amenity": null, "building": null, "shop": "appliance", "landuse": null }, "geometry": { "type": "Point", "coordinates": [ 121.0183271, 14.6045372 ] } },
{ "type": "Feature", "properties": { "name": "Ace Hardware", "category": "mixed", "amenity": null, "building": null, "shop": "doityourself", "landuse": null }, "geometry": { "type": "Point", "coordinates": [ 121.0182117, 14.6044481 ] } },
{ "type": "Feature", "properties": { "name": "Stormtech", "category": "mixed", "amenity": null, "building": null, "shop": "electronics", "landuse": null }, "geometry": { "type": "Point", "coordinates": [ 121.0191196, 14.6045305 ] } },
{ "type": "Feature", "properties": { "name": "Samsung Mobile", "category": "mixed", "amenity": null, "building": null, "shop": "mobile_phone", "landuse": null }, "geometry": { "type": "Point", "coordinates": [ 121.0190821, 14.6044976 ] } },
{ "type": "Feature", "properties": { "name": "Rull's Cellphones", "category": "mixed", "amenity": null, "building": null, "shop": "mobile_phone", "landuse": null }, "geometry": { "type": "Point", "coordinates": [ 121.019063300000013, 14.6044812 ] } },
{ "type": "Feature", "properties": { "name": "Premium Mobile", "category": "mixed", "amenity": null, "building": null, "shop": "mobile_phone", "landuse": null }, "geometry": { "type": "Point", "coordinates": [ 121.0190445, 14.6044647 ] } },
{ "type": "Feature", "properties": { "name": "Power Premium", "category": "mixed", "amenity": null, "building": null, "shop": "electronics", "landuse": null }, "geometry": { "type": "Point", "coordinates": [ 121.0190257, 14.6044483 ] } },
{ "type": "Feature", "properties": { "name": "Photoline", "category": "mixed", "amenity": null, "building": null, "shop": "photo", "landuse": null }, "geometry": { "type": "Point", "coordinates": [ 121.019007, 14.6044319 ] } },
{ "type": "Feature", "properties": { "name": null, "category": "mixed", "amenity": null, "building": null, "shop": "mobile_phone", "landuse": null }, "geometry": { "type": "Point", "coordinates": [ 121.0189882, 14.6044154 ] } },
{ "type": "Feature", "properties": { "name": "Octagon", "category": "mixed", "amenity": null, "building": null, "shop": "electronics", "landuse": null }, "geometry": { "type": "Point", "coordinates": [ 121.018969400000017, 14.604399 ] } },
{ "type": "Feature", "properties": { "name": null, "category": "mixed", "amenity": null, "building": null, "shop": "mobile_phone", "landuse": null }, "geometry": { "type": "Point", "coordinates": [ 121.018950599999982, 14.6043826 ] } },
{ "type": "Feature", "properties": { "name": "Mobilizer", "category": "mixed", "amenity": null, "building": null, "shop": "mobile_phone", "landuse": null }, "geometry": { "type": "Point", "coordinates": [ 121.018931900000013, 14.6043661 ] } },
{ "type": "Feature", "properties": { "name": "Mobileworks", "category": "mixed", "amenity": null, "building": null, "shop": "mobile_phone", "landuse": null }, "geometry": { "type": "Point", "coordinates": [ 121.0189131, 14.6043497 ] } },
{ "type": "Feature", "properties": { "name": "Mitshubishi Photo", "category": "mixed", "amenity": null, "building": null, "shop": "photo", "landuse": null }, "geometry": { "type": "Point", "coordinates": [ 121.0188943, 14.6043332 ] } },
{ "type": "Feature", "properties": { "name": "Mega One", "category": "mixed", "amenity": null, "building": null, "shop": "mobile_phone", "landuse": null }, "geometry": { "type": "Point", "coordinates": [ 121.0188755, 14.6043168 ] } },
{ "type": "Feature", "properties": { "name": null, "category": "mixed", "amenity": null, "building": null, "shop": "mobile_phone", "landuse": null }, "geometry": { "type": "Point", "coordinates": [ 121.0188568, 14.6043004 ] } },
{ "type": "Feature", "properties": { "name": "Hello", "category": "mixed", "amenity": null, "building": null, "shop": "mobile_phone", "landuse": null }, "geometry": { "type": "Point", "coordinates": [ 121.018838, 14.6042839 ] } },
{ "type": "Feature", "properties": { "name": "Greentab", "category": "mixed", "amenity": null, "building": null, "shop": "electronics", "landuse": null }, "geometry": { "type": "Point", "coordinates": [ 121.018819199999982, 14.6042675 ] } },
{ "type": "Feature", "properties": { "name": "Gadgets @ Extreme", "category": "mixed", "amenity": null, "building": null, "shop": "electronics", "landuse": null }, "geometry": { "type": "Point", "coordinates": [ 121.0187817, 14.6042346 ] } },
{ "type": "Feature", "properties": { "name": "Gadget King", "category": "mixed", "amenity": null, "building": null, "shop": "electronics", "landuse": null }, "geometry": { "type": "Point", "coordinates": [ 121.0187629, 14.6042182 ] } },
{ "type": "Feature", "properties": { "name": "Phonestyle Accessories", "category": "mixed", "amenity": null, "building": null, "shop": "mobile_phone", "landuse": null }, "geometry": { "type": "Point", "coordinates": [ 121.0187441, 14.6042017 ] } },
{ "type": "Feature", "properties": { "name": "E-phone", "category": "mixed", "amenity": null, "building": null, "shop": "mobile_phone", "landuse": null }, "geometry": { "type": "Point", "coordinates": [ 121.0187253, 14.6041853 ] } },
{ "type": "Feature", "properties": { "name": "DigiBytes", "category": "mixed", "amenity": null, "building": null, "shop": "electronics", "landuse": null }, "geometry": { "type": "Point", "coordinates": [ 121.018706600000016, 14.6041689 ] } },
{ "type": "Feature", "properties": { "name": "Data Ventures", "category": "mixed", "amenity": null, "building": null, "shop": "games", "landuse": null }, "geometry": { "type": "Point", "coordinates": [ 121.018687799999981, 14.6041524 ] } },
{ "type": "Feature", "properties": { "name": "Cyberwidget", "category": "mixed", "amenity": null, "building": null, "shop": "electronics", "landuse": null }, "geometry": { "type": "Point", "coordinates": [ 121.018669, 14.604136 ] } },
{ "type": "Feature", "properties": { "name": "Citylight Telecom", "category": "mixed", "amenity": null, "building": null, "shop": "mobile_phone", "landuse": null }, "geometry": { "type": "Point", "coordinates": [ 121.01865020000001, 14.6041195 ] } },
{ "type": "Feature", "properties": { "name": null, "category": "mixed", "amenity": null, "building": null, "shop": "mobile_phone", "landuse": null }, "geometry": { "type": "Point", "coordinates": [ 121.0186315, 14.6041031 ] } },
{ "type": "Feature", "properties": { "name": "Cellboy", "category": "mixed", "amenity": null, "building": null, "shop": "mobile_phone", "landuse": null }, "geometry": { "type": "Point", "coordinates": [ 121.0186127, 14.6040867 ] } },
{ "type": "Feature", "properties": { "name": "CD-R King", "category": "mixed", "amenity": null, "building": null, "shop": "electronics", "landuse": null }, "geometry": { "type": "Point", "coordinates": [ 121.0185939, 14.6040702 ] } },
{ "type": "Feature", "properties": { "name": "Asus", "category": "mixed", "amenity": null, "building": null, "shop": "electronics", "landuse": null }, "geometry": { "type": "Point", "coordinates": [ 121.018575100000021, 14.6040538 ] } },
{ "type": "Feature", "properties": { "name": "Asianic Computer", "category": "mixed", "amenity": null, "building": null, "shop": "computer", "landuse": null }, "geometry": { "type": "Point", "coordinates": [ 121.01855639999998, 14.6040373 ] } },
{ "type": "Feature", "properties": { "name": "Anker", "category": "mixed", "amenity": null, "building": null, "shop": "electronics", "landuse": null }, "geometry": { "type": "Point", "coordinates": [ 121.0185376, 14.6040209 ] } },
{ "type": "Feature", "properties": { "name": "Android Zone", "category": "mixed", "amenity": null, "building": null, "shop": "mobile_phone", "landuse": null }, "geometry": { "type": "Point", "coordinates": [ 121.01851880000001, 14.6040045 ] } },
{ "type": "Feature", "properties": { "name": "7C Mobile Telecom", "category": "mixed", "amenity": null, "building": null, "shop": "mobile_phone", "landuse": null }, "geometry": { "type": "Point", "coordinates": [ 121.0185, 14.603988 ] } },
{ "type": "Feature", "properties": { "name": "Rest N Go", "category": "mixed", "amenity": null, "building": null, "shop": "massage", "landuse": null }, "geometry": { "type": "Point", "coordinates": [ 121.018871600000011, 14.6044981 ] } },
{ "type": "Feature", "properties": { "name": "RCC Amazing Touch", "category": "mixed", "amenity": null, "building": null, "shop": "massage", "landuse": null }, "geometry": { "type": "Point", "coordinates": [ 121.018846499999981, 14.6044786 ] } },
{ "type": "Feature", "properties": { "name": "Planet Vape", "category": "mixed", "amenity": null, "building": null, "shop": "e-cigarette", "landuse": null }, "geometry": { "type": "Point", "coordinates": [ 121.0187962, 14.6044397 ] } },
{ "type": "Feature", "properties": { "name": "Ooh Optical", "category": "mixed", "amenity": null, "building": null, "shop": "optician", "landuse": null }, "geometry": { "type": "Point", "coordinates": [ 121.0187711, 14.6044202 ] } },
{ "type": "Feature", "properties": { "name": "Mom and Me Nails", "category": "mixed", "amenity": null, "building": null, "shop": "beauty", "landuse": null }, "geometry": { "type": "Point", "coordinates": [ 121.018720799999983, 14.6043813 ] } },
{ "type": "Feature", "properties": { "name": "Let's Face It", "category": "mixed", "amenity": null, "building": null, "shop": "beauty", "landuse": null }, "geometry": { "type": "Point", "coordinates": [ 121.0186705, 14.6043423 ] } },
{ "type": "Feature", "properties": { "name": "Lay Bare", "category": "mixed", "amenity": null, "building": null, "shop": "beauty", "landuse": null }, "geometry": { "type": "Point", "coordinates": [ 121.018645400000011, 14.6043229 ] } },
{ "type": "Feature", "properties": { "name": "Forever Flawless", "category": "mixed", "amenity": null, "building": null, "shop": "beauty", "landuse": null }, "geometry": { "type": "Point", "coordinates": [ 121.0185449, 14.604245 ] } },
{ "type": "Feature", "properties": { "name": "Dermclinic", "category": "mixed", "amenity": null, "building": null, "shop": "beauty", "landuse": null }, "geometry": { "type": "Point", "coordinates": [ 121.018519700000013, 14.6042255 ] } },
{ "type": "Feature", "properties": { "name": "Davids Forrever", "category": "mixed", "amenity": null, "building": null, "shop": "beauty", "landuse": null }, "geometry": { "type": "Point", "coordinates": [ 121.0184946, 14.6042061 ] } },
{ "type": "Feature", "properties": { "name": "Brow Lounge", "category": "mixed", "amenity": null, "building": null, "shop": "beauty", "landuse": null }, "geometry": { "type": "Point", "coordinates": [ 121.0184443, 14.6041671 ] } },
{ "type": "Feature", "properties": { "name": "Booksale", "category": "mixed", "amenity": null, "building": null, "shop": "books", "landuse": null }, "geometry": { "type": "Point", "coordinates": [ 121.018419200000011, 14.6041477 ] } },
{ "type": "Feature", "properties": { "name": "Stylash", "category": "mixed", "amenity": null, "building": null, "shop": "yes", "landuse": null }, "geometry": { "type": "Point", "coordinates": [ 121.018795400000016, 14.6045963 ] } },
{ "type": "Feature", "properties": { "name": "Silverworks", "category": "mixed", "amenity": null, "building": null, "shop": "jewelry", "landuse": null }, "geometry": { "type": "Point", "coordinates": [ 121.0187518, 14.6045634 ] } },
{ "type": "Feature", "properties": { "name": "Ricky Reyes", "category": "mixed", "amenity": null, "building": null, "shop": "hairdresser", "landuse": null }, "geometry": { "type": "Point", "coordinates": [ 121.01873, 14.604547 ] } },
{ "type": "Feature", "properties": { "name": "Posh Nails", "category": "mixed", "amenity": null, "building": null, "shop": "beauty", "landuse": null }, "geometry": { "type": "Point", "coordinates": [ 121.018708100000012, 14.6045305 ] } },
{ "type": "Feature", "properties": { "name": "Papemelroti", "category": "mixed", "amenity": null, "building": null, "shop": "gift", "landuse": null }, "geometry": { "type": "Point", "coordinates": [ 121.0186863, 14.604514 ] } },
{ "type": "Feature", "properties": { "name": "Oxygen", "category": "mixed", "amenity": null, "building": null, "shop": "clothes", "landuse": null }, "geometry": { "type": "Point", "coordinates": [ 121.0186645, 14.6044976 ] } },
{ "type": "Feature", "properties": { "name": "National Bookstore", "category": "mixed", "amenity": null, "building": null, "shop": "stationery", "landuse": null }, "geometry": { "type": "Point", "coordinates": [ 121.018642700000015, 14.6044811 ] } },
{ "type": "Feature", "properties": { "name": "Juana", "category": "mixed", "amenity": null, "building": null, "shop": "yes", "landuse": null }, "geometry": { "type": "Point", "coordinates": [ 121.0185772, 14.6044317 ] } },
{ "type": "Feature", "properties": { "name": "Jewels", "category": "mixed", "amenity": null, "building": null, "shop": "jewelry", "landuse": null }, "geometry": { "type": "Point", "coordinates": [ 121.018555400000011, 14.6044153 ] } },
{ "type": "Feature", "properties": { "name": "Hey Sugar", "category": "mixed", "amenity": null, "building": null, "shop": "yes", "landuse": null }, "geometry": { "type": "Point", "coordinates": [ 121.0185336, 14.6043988 ] } },
{ "type": "Feature", "properties": { "name": "Great Image", "category": "mixed", "amenity": null, "building": null, "shop": "photo", "landuse": null }, "geometry": { "type": "Point", "coordinates": [ 121.0185117, 14.6043823 ] } },
{ "type": "Feature", "properties": { "name": "Go Barber Shop", "category": "mixed", "amenity": null, "building": null, "shop": "hairdresser", "landuse": null }, "geometry": { "type": "Point", "coordinates": [ 121.01848990000002, 14.6043659 ] } },
{ "type": "Feature", "properties": { "name": "Genevieve Gozum", "category": "mixed", "amenity": null, "building": null, "shop": "clothes", "landuse": null }, "geometry": { "type": "Point", "coordinates": [ 121.018446299999979, 14.604333 ] } },
{ "type": "Feature", "properties": { "name": "Forme", "category": "mixed", "amenity": null, "building": null, "shop": "clothes", "landuse": null }, "geometry": { "type": "Point", "coordinates": [ 121.0184244, 14.6043165 ] } },
{ "type": "Feature", "properties": { "name": "Etude", "category": "mixed", "amenity": null, "building": null, "shop": "yes", "landuse": null }, "geometry": { "type": "Point", "coordinates": [ 121.0184026, 14.6043 ] } },
{ "type": "Feature", "properties": { "name": "Dermcare", "category": "mixed", "amenity": null, "building": null, "shop": "beauty", "landuse": null }, "geometry": { "type": "Point", "coordinates": [ 121.018380799999989, 14.6042836 ] } },
{ "type": "Feature", "properties": { "name": "City Best Optical", "category": "mixed", "amenity": null, "building": null, "shop": "optician", "landuse": null }, "geometry": { "type": "Point", "coordinates": [ 121.018359, 14.6042671 ] } },
{ "type": "Feature", "properties": { "name": "BlueMagic", "category": "mixed", "amenity": null, "building": null, "shop": "toys", "landuse": null }, "geometry": { "type": "Point", "coordinates": [ 121.0183153, 14.6042342 ] } },
{ "type": "Feature", "properties": { "name": "7-Eleven", "category": "mixed", "amenity": null, "building": null, "shop": "convenience", "landuse": null }, "geometry": { "type": "Point", "coordinates": [ 121.0547553, 14.6191773 ] } },
{ "type": "Feature", "properties": { "name": "National Commission on Muslim Filipinos", "category": "mixed", "amenity": null, "building": null, "shop": null, "landuse": null }, "geometry": { "type": "Point", "coordinates": [ 121.078581899999989, 14.672976 ] } },
{ "type": "Feature", "properties": { "name": "Anonas", "category": "mixed", "amenity": null, "building": null, "shop": null, "landuse": null }, "geometry": { "type": "Point", "coordinates": [ 121.0642832, 14.6279667 ] } },
{ "type": "Feature", "properties": { "name": "Katipunan", "category": "mixed", "amenity": null, "building": null, "shop": null, "landuse": null }, "geometry": { "type": "Point", "coordinates": [ 121.0723007, 14.63082 ] } },
{ "type": "Feature", "properties": { "name": null, "category": "mixed", "amenity": null, "building": null, "shop": "supermarket", "landuse": null }, "geometry": { "type": "Point", "coordinates": [ 121.0866609, 14.6952391 ] } },
{ "type": "Feature", "properties": { "name": null, "category": "mixed", "amenity": null, "building": null, "shop": "supermarket", "landuse": null }, "geometry": { "type": "Point", "coordinates": [ 121.086530199999984, 14.6952089 ] } },
{ "type": "Feature", "properties": { "name": null, "category": "mixed", "amenity": null, "building": null, "shop": "supermarket", "landuse": null }, "geometry": { "type": "Point", "coordinates": [ 121.0866162, 14.6953011 ] } },
{ "type": "Feature", "properties": { "name": "Czelo & Tintin Grocery", "category": "mixed", "amenity": null, "building": null, "shop": "supermarket", "landuse": null }, "geometry": { "type": "Point", "coordinates": [ 121.086631, 14.6952714 ] } },
{ "type": "Feature", "properties": { "name": "GMA Kamuning", "category": "mixed", "amenity": null, "building": null, "shop": null, "landuse": null }, "geometry": { "type": "Point", "coordinates": [ 121.043306299999983, 14.6353517 ] } },
{ "type": "Feature", "properties": { "name": "North Avenue", "category": "mixed", "amenity": null, "building": null, "shop": null, "landuse": null }, "geometry": { "type": "Point", "coordinates": [ 121.032593800000015, 14.6516697 ] } },
{ "type": "Feature", "properties": { "name": "Quezon Avenue", "category": "mixed", "amenity": null, "building": null, "shop": null, "landuse": null }, "geometry": { "type": "Point", "coordinates": [ 121.0386254, 14.6424366 ] } },
{ "type": "Feature", "properties": { "name": "New North Avenue", "category": "mixed", "amenity": null, "building": null, "shop": null, "landuse": null }, "geometry": { "type": "Point", "coordinates": [ 121.0316544, 14.6552076 ] } },
{ "type": "Feature", "properties": { "name": "Quezon Memorial Circle", "category": "mixed", "amenity": null, "building": null, "shop": null, "landuse": null }, "geometry": { "type": "Point", "coordinates": [ 121.0510526, 14.6526558 ] } },
{ "type": "Feature", "properties": { "name": "Central Avenue", "category": "mixed", "amenity": null, "building": null, "shop": null, "landuse": null }, "geometry": { "type": "Point", "coordinates": [ 121.0635931, 14.661111 ] } },
{ "type": "Feature", "properties": { "name": "Nuat Thai", "category": "mixed", "amenity": null, "building": null, "shop": "massage", "landuse": null }, "geometry": { "type": "Point", "coordinates": [ 121.076994400000018, 14.6845201 ] } },
{ "type": "Feature", "properties": { "name": "Fabric Warehouse", "category": "mixed", "amenity": null, "building": null, "shop": "clothes", "landuse": null }, "geometry": { "type": "Point", "coordinates": [ 121.0782577, 14.607348 ] } },
{ "type": "Feature", "properties": { "name": "Marketplace", "category": "mixed", "amenity": null, "building": null, "shop": "supermarket", "landuse": null }, "geometry": { "type": "Point", "coordinates": [ 121.07856240000001, 14.6100723 ] } },
{ "type": "Feature", "properties": { "name": "Nail Tropics", "category": "mixed", "amenity": null, "building": null, "shop": "beauty", "landuse": null }, "geometry": { "type": "Point", "coordinates": [ 121.078465200000011, 14.6103727 ] } },
{ "type": "Feature", "properties": { "name": "David's Salon", "category": "mixed", "amenity": null, "building": null, "shop": "hairdresser", "landuse": null }, "geometry": { "type": "Point", "coordinates": [ 121.078518200000019, 14.6104227 ] } },
{ "type": "Feature", "properties": { "name": "Bruno's Barbers", "category": "mixed", "amenity": null, "building": null, "shop": "hairdresser", "landuse": null }, "geometry": { "type": "Point", "coordinates": [ 121.0785832, 14.6104798 ] } },
{ "type": "Feature", "properties": { "name": "Karada", "category": "mixed", "amenity": null, "building": null, "shop": "massage", "landuse": null }, "geometry": { "type": "Point", "coordinates": [ 121.0786194, 14.6105258 ] } },
{ "type": "Feature", "properties": { "name": "Blue Water Day Spa", "category": "mixed", "amenity": null, "building": null, "shop": "beauty", "landuse": null }, "geometry": { "type": "Point", "coordinates": [ 121.079098200000018, 14.6109995 ] } },
{ "type": "Feature", "properties": { "name": "The Madz Music Studio", "category": "mixed", "amenity": "music_school", "building": null, "shop": null, "landuse": null }, "geometry": { "type": "Point", "coordinates": [ 121.0791398, 14.6110456 ] } },
{ "type": "Feature", "properties": { "name": "Wink Laser Studio", "category": "mixed", "amenity": null, "building": null, "shop": "beauty", "landuse": null }, "geometry": { "type": "Point", "coordinates": [ 121.0791807, 14.6110683 ] } },
{ "type": "Feature", "properties": { "name": "Converse", "category": "mixed", "amenity": null, "building": null, "shop": "shoes", "landuse": null }, "geometry": { "type": "Point", "coordinates": [ 121.081199, 14.6098269 ] } },
{ "type": "Feature", "properties": { "name": "Missing Link Cycling", "category": "mixed", "amenity": null, "building": null, "shop": "bicycle", "landuse": null }, "geometry": { "type": "Point", "coordinates": [ 121.0808192, 14.6080437 ] } },
{ "type": "Feature", "properties": { "name": null, "category": "mixed", "amenity": null, "building": null, "shop": "dry_cleaning", "landuse": null }, "geometry": { "type": "Point", "coordinates": [ 121.081447499999982, 14.6082857 ] } },
{ "type": "Feature", "properties": { "name": "The Sports Warehouse", "category": "mixed", "amenity": null, "building": null, "shop": "shoes", "landuse": null }, "geometry": { "type": "Point", "coordinates": [ 121.0806528, 14.6079119 ] } },
{ "type": "Feature", "properties": { "name": null, "category": "mixed", "amenity": null, "building": null, "shop": "convenience", "landuse": null }, "geometry": { "type": "Point", "coordinates": [ 121.048791599999987, 14.6402877 ] } },
{ "type": "Feature", "properties": { "name": "Bens Bike Shop", "category": "mixed", "amenity": null, "building": null, "shop": "bicycle", "landuse": null }, "geometry": { "type": "Point", "coordinates": [ 121.0685152, 14.6540842 ] } },
{ "type": "Feature", "properties": { "name": "PNP Firearms & Explosives Office", "category": "mixed", "amenity": null, "building": null, "shop": null, "landuse": null }, "geometry": { "type": "Point", "coordinates": [ 121.054316, 14.6061085 ] } },
{ "type": "Feature", "properties": { "name": "Philippine Medical Tests System", "category": "mixed", "amenity": "hospital", "building": null, "shop": null, "landuse": null }, "geometry": { "type": "Point", "coordinates": [ 121.0246028, 14.6358797 ] } },
{ "type": "Feature", "properties": { "name": "Garage Elements Car Accessories", "category": "mixed", "amenity": null, "building": null, "shop": "car_parts", "landuse": null }, "geometry": { "type": "Point", "coordinates": [ 121.0067067, 14.6388669 ] } },
{ "type": "Feature", "properties": { "name": "Paulino's Cassava Cake", "category": "mixed", "amenity": null, "building": null, "shop": "pastry", "landuse": null }, "geometry": { "type": "Point", "coordinates": [ 121.038728799999987, 14.6606904 ] } },
{ "type": "Feature", "properties": { "name": "Blissful Scent Laundry", "category": "mixed", "amenity": null, "building": null, "shop": "laundry", "landuse": null }, "geometry": { "type": "Point", "coordinates": [ 121.038598800000017, 14.6605647 ] } },
{ "type": "Feature", "properties": { "name": "Piano Repair/Tuning", "category": "mixed", "amenity": null, "building": null, "shop": "music", "landuse": null }, "geometry": { "type": "Point", "coordinates": [ 121.038990399999989, 14.6604767 ] } },
{ "type": "Feature", "properties": { "name": null, "category": "mixed", "amenity": null, "building": null, "shop": "laundry", "landuse": null }, "geometry": { "type": "Point", "coordinates": [ 121.0480311, 14.6323512 ] } },
{ "type": "Feature", "properties": { "name": "Uncle John's", "category": "mixed", "amenity": null, "building": null, "shop": "convenience", "landuse": null }, "geometry": { "type": "Point", "coordinates": [ 121.043558599999983, 14.6328786 ] } },
{ "type": "Feature", "properties": { "name": "Imprint Customs", "category": "mixed", "amenity": null, "building": null, "shop": "sports", "landuse": null }, "geometry": { "type": "Point", "coordinates": [ 121.0717561, 14.6373596 ] } },
{ "type": "Feature", "properties": { "name": "Pansol Barangay Hall", "category": "mixed", "amenity": "townhall", "building": null, "shop": null, "landuse": null }, "geometry": { "type": "Point", "coordinates": [ 121.076980400000011, 14.6510712 ] } },
{ "type": "Feature", "properties": { "name": "Balintawak Cloverleaf", "category": "mixed", "amenity": null, "building": null, "shop": null, "landuse": null }, "geometry": { "type": "Point", "coordinates": [ 120.9997623, 14.6557701 ] } },
{ "type": "Feature", "properties": { "name": "More Blessings Digital Copy & Bookbinding Services, Inc.", "category": "mixed", "amenity": null, "building": null, "shop": "copyshop", "landuse": null }, "geometry": { "type": "Point", "coordinates": [ 121.0704356, 14.659118 ] } },
{ "type": "Feature", "properties": { "name": "Alma Matters Souvenir Shop", "category": "mixed", "amenity": null, "building": null, "shop": "gift", "landuse": null }, "geometry": { "type": "Point", "coordinates": [ 121.066675, 14.6578534 ] } },
{ "type": "Feature", "properties": { "name": "NIA CO", "category": "mixed", "amenity": null, "building": null, "shop": null, "landuse": null }, "geometry": { "type": "Point", "coordinates": [ 121.04287170000002, 14.6381849 ] } },
{ "type": "Feature", "properties": { "name": "KBCF Kinder Care Christian School", "category": "mixed", "amenity": "school", "building": null, "shop": null, "landuse": null }, "geometry": { "type": "Point", "coordinates": [ 121.0411234, 14.6302525 ] } },
{ "type": "Feature", "properties": { "name": "Pyoor Spa", "category": "mixed", "amenity": null, "building": null, "shop": "beauty", "landuse": null }, "geometry": { "type": "Point", "coordinates": [ 121.0412104, 14.6307114 ] } },
{ "type": "Feature", "properties": { "name": "The Nail Closet", "category": "mixed", "amenity": null, "building": null, "shop": "beauty", "landuse": null }, "geometry": { "type": "Point", "coordinates": [ 121.0410479, 14.6304097 ] } },
{ "type": "Feature", "properties": { "name": "Susan Store", "category": "mixed", "amenity": null, "building": null, "shop": "convenience", "landuse": null }, "geometry": { "type": "Point", "coordinates": [ 121.042019700000012, 14.6309598 ] } },
{ "type": "Feature", "properties": { "name": "SM City North EDSA", "category": "mixed", "amenity": null, "building": null, "shop": null, "landuse": null }, "geometry": { "type": "Point", "coordinates": [ 121.02913550000001, 14.6562509 ] } },
{ "type": "Feature", "properties": { "name": "SM City North EDSA", "category": "mixed", "amenity": null, "building": null, "shop": null, "landuse": null }, "geometry": { "type": "Point", "coordinates": [ 121.02919540000002, 14.6562389 ] } },
{ "type": "Feature", "properties": { "name": "UP CLICK", "category": "mixed", "amenity": null, "building": null, "shop": "copyshop", "landuse": null }, "geometry": { "type": "Point", "coordinates": [ 121.0699326, 14.6592238 ] } },
{ "type": "Feature", "properties": { "name": "Araneta Center - Cubao", "category": "mixed", "amenity": null, "building": null, "shop": null, "landuse": null }, "geometry": { "type": "Point", "coordinates": [ 121.0532639, 14.6229052 ] } },
{ "type": "Feature", "properties": { "name": "CIIT Philippines-College of Arts and Technology", "category": "mixed", "amenity": "school", "building": null, "shop": null, "landuse": null }, "geometry": { "type": "Point", "coordinates": [ 121.04194, 14.6295105 ] } },
{ "type": "Feature", "properties": { "name": "Laboratory", "category": "mixed", "amenity": null, "building": null, "shop": null, "landuse": null }, "geometry": { "type": "Point", "coordinates": [ 121.0501832, 14.6476335 ] } },
{ "type": "Feature", "properties": { "name": "Health", "category": "mixed", "amenity": null, "building": null, "shop": null, "landuse": null }, "geometry": { "type": "Point", "coordinates": [ 121.0511337, 14.6478708 ] } },
{ "type": "Feature", "properties": { "name": "Sandugo", "category": "mixed", "amenity": null, "building": null, "shop": "supermarket", "landuse": null }, "geometry": { "type": "Point", "coordinates": [ 121.051366900000019, 14.6208092 ] } },
{ "type": "Feature", "properties": { "name": "AYA CARE Aesthetics & Wellness Center", "category": "mixed", "amenity": null, "building": null, "shop": "massage", "landuse": null }, "geometry": { "type": "Point", "coordinates": [ 121.034950899999984, 14.6422049 ] } },
{ "type": "Feature", "properties": { "name": "Academia de Belarmino", "category": "mixed", "amenity": "school", "building": null, "shop": null, "landuse": null }, "geometry": { "type": "Point", "coordinates": [ 121.0423159, 14.6599678 ] } },
{ "type": "Feature", "properties": { "name": "Mind Matters Christian Academy", "category": "mixed", "amenity": "school", "building": null, "shop": null, "landuse": null }, "geometry": { "type": "Point", "coordinates": [ 121.0375269, 14.6339766 ] } },
{ "type": "Feature", "properties": { "name": "North Avenue", "category": "mixed", "amenity": null, "building": null, "shop": null, "landuse": null }, "geometry": { "type": "Point", "coordinates": [ 121.0329031, 14.6511267 ] } },
{ "type": "Feature", "properties": { "name": "Saint paul educational ctr", "category": "mixed", "amenity": "school", "building": null, "shop": null, "landuse": null }, "geometry": { "type": "Point", "coordinates": [ 121.0314074, 14.6618424 ] } },
{ "type": "Feature", "properties": { "name": "999 edsa st peter funeral", "category": "mixed", "amenity": null, "building": null, "shop": "funeral_directors", "landuse": null }, "geometry": { "type": "Point", "coordinates": [ 121.026495, 14.6562167 ] } },
{ "type": "Feature", "properties": { "name": "St. Peter", "category": "mixed", "amenity": null, "building": null, "shop": "funeral_directors", "landuse": null }, "geometry": { "type": "Point", "coordinates": [ 121.0264564, 14.6562364 ] } },
{ "type": "Feature", "properties": { "name": "Automatic center inc", "category": "mixed", "amenity": null, "building": null, "shop": "electronics", "landuse": null }, "geometry": { "type": "Point", "coordinates": [ 121.0338951, 14.6539358 ] } },
{ "type": "Feature", "properties": { "name": null, "category": "mixed", "amenity": null, "building": null, "shop": "lighting", "landuse": null }, "geometry": { "type": "Point", "coordinates": [ 121.015924100000021, 14.6151621 ] } },
{ "type": "Feature", "properties": { "name": "Aim High International Placement Corporation", "category": "mixed", "amenity": null, "building": null, "shop": "travel_agency", "landuse": null }, "geometry": { "type": "Point", "coordinates": [ 121.037459699999985, 14.6283807 ] } },
{ "type": "Feature", "properties": { "name": "Lord grace baptist churh & Master's Care Christian School", "category": "mixed", "amenity": "school", "building": null, "shop": null, "landuse": null }, "geometry": { "type": "Point", "coordinates": [ 121.0756618, 14.6758569 ] } },
{ "type": "Feature", "properties": { "name": "Publication Department", "category": "mixed", "amenity": null, "building": null, "shop": null, "landuse": null }, "geometry": { "type": "Point", "coordinates": [ 121.0944396, 14.6927242 ] } },
{ "type": "Feature", "properties": { "name": "The Seed Montessori School", "category": "mixed", "amenity": "school", "building": null, "shop": null, "landuse": null }, "geometry": { "type": "Point", "coordinates": [ 121.078078100000013, 14.6758621 ] } },
{ "type": "Feature", "properties": { "name": "Saint Nazaire School", "category": "mixed", "amenity": "school", "building": null, "shop": null, "landuse": null }, "geometry": { "type": "Point", "coordinates": [ 121.0958052, 14.7019379 ] } },
{ "type": "Feature", "properties": { "name": "Santo Niño de Novaliches School", "category": "mixed", "amenity": "school", "building": null, "shop": null, "landuse": null }, "geometry": { "type": "Point", "coordinates": [ 121.0391441, 14.7191176 ] } },
{ "type": "Feature", "properties": { "name": "Presidential Car Museum", "category": "mixed", "amenity": null, "building": null, "shop": null, "landuse": null }, "geometry": { "type": "Point", "coordinates": [ 121.0512048, 14.6502954 ] } },
{ "type": "Feature", "properties": { "name": "Pwesto Community Mall", "category": "mixed", "amenity": null, "building": null, "shop": "mall", "landuse": null }, "geometry": { "type": "Point", "coordinates": [ 121.0797657, 14.6820665 ] } },
{ "type": "Feature", "properties": { "name": "Anytime Fitness", "category": "mixed", "amenity": null, "building": null, "shop": null, "landuse": null }, "geometry": { "type": "Point", "coordinates": [ 121.0770553, 14.6845521 ] } },
{ "type": "Feature", "properties": { "name": "Uniqlo", "category": "mixed", "amenity": null, "building": null, "shop": "clothes", "landuse": null }, "geometry": { "type": "Point", "coordinates": [ 121.032204199999981, 14.6564876 ] } },
{ "type": "Feature", "properties": { "name": "H&M", "category": "mixed", "amenity": null, "building": null, "shop": "clothes", "landuse": null }, "geometry": { "type": "Point", "coordinates": [ 121.032114, 14.6562608 ] } },
{ "type": "Feature", "properties": { "name": "Bremar School", "category": "mixed", "amenity": "school", "building": null, "shop": null, "landuse": null }, "geometry": { "type": "Point", "coordinates": [ 121.0500702, 14.6098858 ] } },
{ "type": "Feature", "properties": { "name": null, "category": "mixed", "amenity": null, "building": null, "shop": null, "landuse": null }, "geometry": { "type": "Point", "coordinates": [ 121.04912130000001, 14.6201851 ] } },
{ "type": "Feature", "properties": { "name": null, "category": "mixed", "amenity": null, "building": null, "shop": "convenience", "landuse": null }, "geometry": { "type": "Point", "coordinates": [ 121.048177100000018, 14.6205756 ] } },
{ "type": "Feature", "properties": { "name": "Ateneo de Manila University", "category": "mixed", "amenity": "school", "building": null, "shop": null, "landuse": null }, "geometry": { "type": "Point", "coordinates": [ 121.0772249, 14.6389506 ] } },
{ "type": "Feature", "properties": { "name": "Human Settlements Adjudication Commission", "category": "mixed", "amenity": null, "building": null, "shop": null, "landuse": null }, "geometry": { "type": "Point", "coordinates": [ 121.0519112, 14.6478153 ] } },
{ "type": "Feature", "properties": { "name": null, "category": "mixed", "amenity": null, "building": null, "shop": "convenience", "landuse": null }, "geometry": { "type": "Point", "coordinates": [ 121.0828746, 14.608607 ] } },
{ "type": "Feature", "properties": { "name": null, "category": "mixed", "amenity": null, "building": null, "shop": "convenience", "landuse": null }, "geometry": { "type": "Point", "coordinates": [ 121.082858700000017, 14.6085548 ] } },
{ "type": "Feature", "properties": { "name": "Super 8", "category": "mixed", "amenity": null, "building": null, "shop": "supermarket", "landuse": null }, "geometry": { "type": "Point", "coordinates": [ 121.0862054, 14.6962205 ] } },
{ "type": "Feature", "properties": { "name": "Red Ribbon", "category": "mixed", "amenity": null, "building": null, "shop": "bakery", "landuse": null }, "geometry": { "type": "Point", "coordinates": [ 121.0865699, 14.6962879 ] } },
{ "type": "Feature", "properties": { "name": "Cubao", "category": "mixed", "amenity": null, "building": null, "shop": null, "landuse": null }, "geometry": { "type": "Point", "coordinates": [ 121.0489203, 14.623302 ] } },
{ "type": "Feature", "properties": { "name": "Department of Transportation-Land Transportation Office", "category": "mixed", "amenity": null, "building": null, "shop": null, "landuse": null }, "geometry": { "type": "Point", "coordinates": [ 121.0467192, 14.6356691 ] } },
{ "type": "Feature", "properties": { "name": "Kuya Chris Motorcycle Parts", "category": "mixed", "amenity": null, "building": null, "shop": "motorcycle_repair", "landuse": null }, "geometry": { "type": "Point", "coordinates": [ 121.062098500000019, 14.6200765 ] } },
{ "type": "Feature", "properties": { "name": "Land Transportation Office", "category": "mixed", "amenity": null, "building": null, "shop": null, "landuse": null }, "geometry": { "type": "Point", "coordinates": [ 121.047, 14.6357 ] } },
{ "type": "Feature", "properties": { "name": "I.D.E.A.S. Montessori", "category": "mixed", "amenity": "school", "building": null, "shop": null, "landuse": null }, "geometry": { "type": "Point", "coordinates": [ 121.0793121, 14.6647611 ] } },
{ "type": "Feature", "properties": { "name": "Araneta City Bus Port", "category": "mixed", "amenity": null, "building": null, "shop": null, "landuse": null }, "geometry": { "type": "Point", "coordinates": [ 121.0574698, 14.6202737 ] } },
{ "type": "Feature", "properties": { "name": null, "category": "mixed", "amenity": null, "building": null, "shop": "car_repair", "landuse": null }, "geometry": { "type": "Point", "coordinates": [ 121.0538687, 14.6552353 ] } },
{ "type": "Feature", "properties": { "name": "Treats", "category": "mixed", "amenity": null, "building": null, "shop": "convenience", "landuse": null }, "geometry": { "type": "Point", "coordinates": [ 121.0534973, 14.6549712 ] } },
{ "type": "Feature", "properties": { "name": "Novaliches Bayan", "category": "mixed", "amenity": null, "building": null, "shop": "convenience", "landuse": null }, "geometry": { "type": "Point", "coordinates": [ 121.041955500000014, 14.7241746 ] } },
{ "type": "Feature", "properties": { "name": "Vian Family Hospital II", "category": "mixed", "amenity": "hospital", "building": null, "shop": null, "landuse": null }, "geometry": { "type": "Point", "coordinates": [ 121.021062, 14.682847 ] } },
{ "type": "Feature", "properties": { "name": "Bad Bishop Prints n' Designs", "category": "mixed", "amenity": null, "building": null, "shop": "clothes", "landuse": null }, "geometry": { "type": "Point", "coordinates": [ 121.0150147, 14.6525286 ] } },
{ "type": "Feature", "properties": { "name": "Mines Elementary School", "category": "mixed", "amenity": "school", "building": null, "shop": null, "landuse": null }, "geometry": { "type": "Point", "coordinates": [ 121.046641, 14.6585488 ] } },
{ "type": "Feature", "properties": { "name": "7-Eleven", "category": "mixed", "amenity": null, "building": null, "shop": "convenience", "landuse": null }, "geometry": { "type": "Point", "coordinates": [ 121.0671783, 14.6582448 ] } },
{ "type": "Feature", "properties": { "name": "Raboni Motor Parts and Vulcanizing Shop", "category": "mixed", "amenity": null, "building": null, "shop": "car_repair", "landuse": null }, "geometry": { "type": "Point", "coordinates": [ 121.0530049, 14.6543565 ] } },
{ "type": "Feature", "properties": { "name": "Tarpaulin Printer/TShirt Printer", "category": "mixed", "amenity": null, "building": null, "shop": "printer_ink", "landuse": null }, "geometry": { "type": "Point", "coordinates": [ 121.05286, 14.6542631 ] } },
{ "type": "Feature", "properties": { "name": "Aqua Pura", "category": "mixed", "amenity": null, "building": null, "shop": "water", "landuse": null }, "geometry": { "type": "Point", "coordinates": [ 121.0208015, 14.6544233 ] } },
{ "type": "Feature", "properties": { "name": "SiP", "category": "mixed", "amenity": null, "building": null, "shop": "water", "landuse": null }, "geometry": { "type": "Point", "coordinates": [ 121.0379531, 14.6607155 ] } },
{ "type": "Feature", "properties": { "name": "SM Savemore", "category": "mixed", "amenity": null, "building": null, "shop": "supermarket", "landuse": null }, "geometry": { "type": "Point", "coordinates": [ 121.0325805, 14.6394012 ] } },
{ "type": "Feature", "properties": { "name": null, "category": "mixed", "amenity": null, "building": null, "shop": "water", "landuse": null }, "geometry": { "type": "Point", "coordinates": [ 121.032984, 14.6400683 ] } },
{ "type": "Feature", "properties": { "name": null, "category": "mixed", "amenity": null, "building": null, "shop": "food", "landuse": null }, "geometry": { "type": "Point", "coordinates": [ 121.0453436, 14.6616601 ] } },
{ "type": "Feature", "properties": { "name": "Super8 Supermarket", "category": "mixed", "amenity": null, "building": null, "shop": "supermarket", "landuse": null }, "geometry": { "type": "Point", "coordinates": [ 121.0510902, 14.6206872 ] } },
{ "type": "Feature", "properties": { "name": null, "category": "mixed", "amenity": null, "building": null, "shop": "water", "landuse": null }, "geometry": { "type": "Point", "coordinates": [ 121.0451585, 14.6617639 ] } },
{ "type": "Feature", "properties": { "name": "WalterMart", "category": "mixed", "amenity": null, "building": null, "shop": "mall", "landuse": null }, "geometry": { "type": "Point", "coordinates": [ 121.0208469, 14.6568478 ] } },
{ "type": "Feature", "properties": { "name": "Araneta City Bus Station", "category": "mixed", "amenity": null, "building": null, "shop": null, "landuse": null }, "geometry": { "type": "Point", "coordinates": [ 121.05538, 14.620999 ] } },
{ "type": "Feature", "properties": { "name": "Araneta - Cubao", "category": "mixed", "amenity": null, "building": null, "shop": null, "landuse": null }, "geometry": { "type": "Point", "coordinates": [ 121.0510028, 14.6199332 ] } },
{ "type": "Feature", "properties": { "name": "Puregold", "category": "mixed", "amenity": null, "building": null, "shop": "supermarket", "landuse": null }, "geometry": { "type": "Point", "coordinates": [ 121.0316259, 14.6414882 ] } },
{ "type": "Feature", "properties": { "name": "Candy Exclusive Fashion", "category": "mixed", "amenity": null, "building": null, "shop": "clothes", "landuse": null }, "geometry": { "type": "Point", "coordinates": [ 121.005643500000019, 14.6491713 ] } },
{ "type": "Feature", "properties": { "name": "SM City North EDSA", "category": "mixed", "amenity": null, "building": null, "shop": null, "landuse": null }, "geometry": { "type": "Point", "coordinates": [ 121.0290756, 14.6562638 ] } },
{ "type": "Feature", "properties": { "name": "SM City North EDSA", "category": "mixed", "amenity": null, "building": null, "shop": null, "landuse": null }, "geometry": { "type": "Point", "coordinates": [ 121.0290164, 14.656277 ] } },
{ "type": "Feature", "properties": { "name": "SM City North EDSA", "category": "mixed", "amenity": null, "building": null, "shop": null, "landuse": null }, "geometry": { "type": "Point", "coordinates": [ 121.0289569, 14.656291 ] } },
{ "type": "Feature", "properties": { "name": "SM City North EDSA", "category": "mixed", "amenity": null, "building": null, "shop": null, "landuse": null }, "geometry": { "type": "Point", "coordinates": [ 121.028897, 14.6563043 ] } },
{ "type": "Feature", "properties": { "name": "SM City North EDSA", "category": "mixed", "amenity": null, "building": null, "shop": null, "landuse": null }, "geometry": { "type": "Point", "coordinates": [ 121.0288363, 14.6563176 ] } },
{ "type": "Feature", "properties": { "name": "Bagumbayan-Santolan Ferry", "category": "mixed", "amenity": "ferry_terminal", "building": null, "shop": null, "landuse": null }, "geometry": { "type": "Point", "coordinates": [ 121.085411300000018, 14.6081256 ] } },
{ "type": "Feature", "properties": { "name": "Bionic Wheels", "category": "mixed", "amenity": null, "building": null, "shop": "tyres", "landuse": null }, "geometry": { "type": "Point", "coordinates": [ 121.06072540000001, 14.626829 ] } },
{ "type": "Feature", "properties": { "name": "Honda", "category": "mixed", "amenity": null, "building": null, "shop": "motorcycle", "landuse": null }, "geometry": { "type": "Point", "coordinates": [ 121.058899499999981, 14.6338699 ] } },
{ "type": "Feature", "properties": { "name": "Puregold Jr.", "category": "mixed", "amenity": null, "building": null, "shop": "supermarket", "landuse": null }, "geometry": { "type": "Point", "coordinates": [ 120.9965401, 14.6377053 ] } },
{ "type": "Feature", "properties": { "name": "Balintawak", "category": "mixed", "amenity": null, "building": null, "shop": null, "landuse": null }, "geometry": { "type": "Point", "coordinates": [ 121.0043728, 14.6573992 ] } },
{ "type": "Feature", "properties": { "name": "Fernando Poe Jr.", "category": "mixed", "amenity": null, "building": null, "shop": null, "landuse": null }, "geometry": { "type": "Point", "coordinates": [ 121.0215856, 14.6574551 ] } },
{ "type": "Feature", "properties": { "name": "Cubao", "category": "mixed", "amenity": null, "building": null, "shop": null, "landuse": null }, "geometry": { "type": "Point", "coordinates": [ 121.0447597, 14.6318558 ] } },
{ "type": "Feature", "properties": { "name": "Betty Go - Belmonte", "category": "mixed", "amenity": null, "building": null, "shop": null, "landuse": null }, "geometry": { "type": "Point", "coordinates": [ 121.0427537, 14.6185794 ] } },
{ "type": "Feature", "properties": { "name": "Nepa Q-Mart", "category": "mixed", "amenity": null, "building": null, "shop": null, "landuse": null }, "geometry": { "type": "Point", "coordinates": [ 121.0470234, 14.6283907 ] } },
{ "type": "Feature", "properties": { "name": "SM City North EDSA", "category": "mixed", "amenity": null, "building": null, "shop": null, "landuse": null }, "geometry": { "type": "Point", "coordinates": [ 121.0287777, 14.6563302 ] } },
{ "type": "Feature", "properties": { "name": "Saint Paul Educational Center", "category": "mixed", "amenity": "school", "building": null, "shop": null, "landuse": null }, "geometry": { "type": "Point", "coordinates": [ 121.0375111, 14.6625378 ] } },
{ "type": "Feature", "properties": { "name": "Karamay Christian School", "category": "mixed", "amenity": "school", "building": null, "shop": null, "landuse": null }, "geometry": { "type": "Point", "coordinates": [ 121.020867, 14.663899 ] } },
{ "type": "Feature", "properties": { "name": "Abenson", "category": "mixed", "amenity": null, "building": null, "shop": "electronics", "landuse": null }, "geometry": { "type": "Point", "coordinates": [ 121.0137561, 14.6182743 ] } },
{ "type": "Feature", "properties": { "name": "Everbest Trading", "category": "mixed", "amenity": null, "building": null, "shop": "hardware", "landuse": null }, "geometry": { "type": "Point", "coordinates": [ 121.0149397, 14.6177196 ] } },
{ "type": "Feature", "properties": { "name": "Electron College of Technical Education", "category": "mixed", "amenity": "college", "building": null, "shop": null, "landuse": null }, "geometry": { "type": "Point", "coordinates": [ 121.015106, 14.6187856 ] } },
{ "type": "Feature", "properties": { "name": "7-Eleven", "category": "mixed", "amenity": null, "building": null, "shop": "convenience", "landuse": null }, "geometry": { "type": "Point", "coordinates": [ 121.0180722, 14.633321 ] } },
{ "type": "Feature", "properties": { "name": "Uniqlo", "category": "mixed", "amenity": null, "building": null, "shop": "clothes", "landuse": null }, "geometry": { "type": "Point", "coordinates": [ 121.020592800000017, 14.6342439 ] } },
{ "type": "Feature", "properties": { "name": "Viron Transit", "category": "mixed", "amenity": "bus_station", "building": null, "shop": null, "landuse": null }, "geometry": { "type": "Point", "coordinates": [ 120.995423400000021, 14.6216926 ] } },
{ "type": "Feature", "properties": { "name": "Daughters of Saint Dominic School", "category": "mixed", "amenity": "school", "building": null, "shop": null, "landuse": null }, "geometry": { "type": "Point", "coordinates": [ 120.9979569, 14.6213837 ] } },
{ "type": "Feature", "properties": { "name": "The Gay Agenda", "category": "mixed", "amenity": null, "building": null, "shop": "fashion_accessories", "landuse": null }, "geometry": { "type": "Point", "coordinates": [ 121.019974, 14.6066828 ] } },
{ "type": "Feature", "properties": { "name": "Presidential Commission for the Urban Poor", "category": "mixed", "amenity": null, "building": null, "shop": null, "landuse": null }, "geometry": { "type": "Point", "coordinates": [ 121.0345051, 14.6419115 ] } },
{ "type": "Feature", "properties": { "name": "National Commission on Indigenous Peoples", "category": "mixed", "amenity": null, "building": null, "shop": null, "landuse": null }, "geometry": { "type": "Point", "coordinates": [ 121.0344754, 14.6419538 ] } },
{ "type": "Feature", "properties": { "name": "Quezon Avenue", "category": "mixed", "amenity": null, "building": null, "shop": null, "landuse": null }, "geometry": { "type": "Point", "coordinates": [ 121.039231099999981, 14.6416632 ] } },
{ "type": "Feature", "properties": { "name": "Quezon Avenue", "category": "mixed", "amenity": null, "building": null, "shop": null, "landuse": null }, "geometry": { "type": "Point", "coordinates": [ 121.0392578, 14.6414071 ] } },
{ "type": "Feature", "properties": { "name": "LTO", "category": "mixed", "amenity": null, "building": null, "shop": null, "landuse": null }, "geometry": { "type": "Point", "coordinates": [ 121.045724, 14.6363623 ] } },
{ "type": "Feature", "properties": { "name": "Central Avenue", "category": "mixed", "amenity": null, "building": null, "shop": null, "landuse": null }, "geometry": { "type": "Point", "coordinates": [ 121.0636529, 14.6605529 ] } },
{ "type": "Feature", "properties": { "name": "Central Avenue", "category": "mixed", "amenity": null, "building": null, "shop": null, "landuse": null }, "geometry": { "type": "Point", "coordinates": [ 121.063731500000017, 14.6604353 ] } },
{ "type": "Feature", "properties": { "name": "Office of the University Registrar", "category": "mixed", "amenity": null, "building": null, "shop": null, "landuse": null }, "geometry": { "type": "Point", "coordinates": [ 121.066891100000021, 14.6518689 ] } },
{ "type": "Feature", "properties": { "name": "Benitez Hall", "category": "mixed", "amenity": null, "building": null, "shop": null, "landuse": null }, "geometry": { "type": "Point", "coordinates": [ 121.0716673, 14.6535886 ] } },
{ "type": "Feature", "properties": { "name": "Sampaguita Residence Hall", "category": "mixed", "amenity": null, "building": null, "shop": null, "landuse": null }, "geometry": { "type": "Point", "coordinates": [ 121.0708621, 14.6525237 ] } },
{ "type": "Feature", "properties": { "name": "NSRI", "category": "mixed", "amenity": null, "building": null, "shop": null, "landuse": null }, "geometry": { "type": "Point", "coordinates": [ 121.0688625, 14.652493 ] } },
{ "type": "Feature", "properties": { "name": "Quezon-Timog Avenue", "category": "mixed", "amenity": null, "building": null, "shop": null, "landuse": null }, "geometry": { "type": "Point", "coordinates": [ 121.0271573, 14.6375868 ] } },
{ "type": "Feature", "properties": { "name": "UP Ayala Techno Hub", "category": "mixed", "amenity": null, "building": null, "shop": null, "landuse": null }, "geometry": { "type": "Point", "coordinates": [ 121.0573954, 14.6562402 ] } },
{ "type": "Feature", "properties": { "name": "School of Urban and Regional Planning", "category": "mixed", "amenity": null, "building": null, "shop": null, "landuse": null }, "geometry": { "type": "Point", "coordinates": [ 121.062468100000018, 14.6576909 ] } },
{ "type": "Feature", "properties": { "name": "Ylanan/Fonacier Hall", "category": "mixed", "amenity": null, "building": null, "shop": null, "landuse": null }, "geometry": { "type": "Point", "coordinates": [ 121.065008899999981, 14.6575763 ] } },
{ "type": "Feature", "properties": { "name": "Molave Residence Hall", "category": "mixed", "amenity": null, "building": null, "shop": null, "landuse": null }, "geometry": { "type": "Point", "coordinates": [ 121.0685694, 14.657707 ] } },
{ "type": "Feature", "properties": { "name": "Kalayaan Residence Hall", "category": "mixed", "amenity": null, "building": null, "shop": null, "landuse": null }, "geometry": { "type": "Point", "coordinates": [ 121.0685475, 14.6588609 ] } },
{ "type": "Feature", "properties": { "name": "UP Coop", "category": "mixed", "amenity": null, "building": null, "shop": null, "landuse": null }, "geometry": { "type": "Point", "coordinates": [ 121.0687968, 14.6594205 ] } },
{ "type": "Feature", "properties": { "name": "UP Shopping Center/Acacia Residence Hall", "category": "mixed", "amenity": null, "building": null, "shop": null, "landuse": null }, "geometry": { "type": "Point", "coordinates": [ 121.070233799999983, 14.6594263 ] } },
{ "type": "Feature", "properties": { "name": "Church of the Risen Lord", "category": "mixed", "amenity": null, "building": null, "shop": null, "landuse": null }, "geometry": { "type": "Point", "coordinates": [ 121.0717714, 14.6594388 ] } },
{ "type": "Feature", "properties": { "name": "Romulo Hall", "category": "mixed", "amenity": null, "building": null, "shop": null, "landuse": null }, "geometry": { "type": "Point", "coordinates": [ 121.072747300000017, 14.6567862 ] } },
{ "type": "Feature", "properties": { "name": "School of Economics", "category": "mixed", "amenity": null, "building": null, "shop": null, "landuse": null }, "geometry": { "type": "Point", "coordinates": [ 121.0729988, 14.6558695 ] } },
{ "type": "Feature", "properties": { "name": "Quezon Avenue & Fisher Mall", "category": "mixed", "amenity": null, "building": null, "shop": null, "landuse": null }, "geometry": { "type": "Point", "coordinates": [ 121.020583300000013, 14.6336402 ] } },
{ "type": "Feature", "properties": { "name": "Quezon Avenue & Philippine Children's Medical Center", "category": "mixed", "amenity": null, "building": null, "shop": null, "landuse": null }, "geometry": { "type": "Point", "coordinates": [ 121.0418026, 14.6470514 ] } },
{ "type": "Feature", "properties": { "name": "Nepa Q-Mart", "category": "mixed", "amenity": null, "building": null, "shop": null, "landuse": null }, "geometry": { "type": "Point", "coordinates": [ 121.046982400000019, 14.6282096 ] } },
{ "type": "Feature", "properties": { "name": "Helmet Pinas", "category": "mixed", "amenity": null, "building": null, "shop": "motorcycle", "landuse": null }, "geometry": { "type": "Point", "coordinates": [ 121.0581685, 14.6378161 ] } },
{ "type": "Feature", "properties": { "name": "Berylle Car Sales", "category": "mixed", "amenity": null, "building": null, "shop": "car", "landuse": null }, "geometry": { "type": "Point", "coordinates": [ 121.049168499999979, 14.6257523 ] } },
{ "type": "Feature", "properties": { "name": "Quezon City Hall", "category": "mixed", "amenity": null, "building": null, "shop": null, "landuse": null }, "geometry": { "type": "Point", "coordinates": [ 121.051628, 14.6491797 ] } },
{ "type": "Feature", "properties": { "name": "St. Nicholas Of Bari School", "category": "mixed", "amenity": "school", "building": null, "shop": null, "landuse": null }, "geometry": { "type": "Point", "coordinates": [ 121.0314718, 14.7015174 ] } },
{ "type": "Feature", "properties": { "name": "Araneta Center - Cubao", "category": "mixed", "amenity": null, "building": null, "shop": null, "landuse": null }, "geometry": { "type": "Point", "coordinates": [ 121.0530406, 14.6228912 ] } },
{ "type": "Feature", "properties": { "name": "Araneta Center - Cubao", "category": "mixed", "amenity": null, "building": null, "shop": null, "landuse": null }, "geometry": { "type": "Point", "coordinates": [ 121.0521523, 14.622508 ] } },
{ "type": "Feature", "properties": { "name": "Land Transportation Office", "category": "mixed", "amenity": null, "building": null, "shop": null, "landuse": null }, "geometry": { "type": "Point", "coordinates": [ 121.0494889, 14.6152589 ] } },
{ "type": "Feature", "properties": { "name": null, "category": "mixed", "amenity": "taxi", "building": null, "shop": null, "landuse": null }, "geometry": { "type": "Point", "coordinates": [ 121.0554522, 14.6200695 ] } },
{ "type": "Feature", "properties": { "name": "w@ter.com", "category": "mixed", "amenity": null, "building": null, "shop": "water", "landuse": null }, "geometry": { "type": "Point", "coordinates": [ 121.052338799999987, 14.6294684 ] } },
{ "type": "Feature", "properties": { "name": "PremiumBikes", "category": "mixed", "amenity": null, "building": null, "shop": "motorcycle", "landuse": null }, "geometry": { "type": "Point", "coordinates": [ 121.0448259, 14.6305752 ] } },
{ "type": "Feature", "properties": { "name": "Palawan Pawnshop", "category": "mixed", "amenity": null, "building": null, "shop": "pawnbroker", "landuse": null }, "geometry": { "type": "Point", "coordinates": [ 121.0447213, 14.630356 ] } },
{ "type": "Feature", "properties": { "name": "Pampanga's Best Factory Outlet", "category": "mixed", "amenity": null, "building": null, "shop": "frozen_food", "landuse": null }, "geometry": { "type": "Point", "coordinates": [ 121.0450472, 14.630657 ] } },
{ "type": "Feature", "properties": { "name": "Alfox", "category": "mixed", "amenity": null, "building": null, "shop": "copyshop", "landuse": null }, "geometry": { "type": "Point", "coordinates": [ 121.0454964, 14.6304601 ] } },
{ "type": "Feature", "properties": { "name": "JAG Super Outlet", "category": "mixed", "amenity": null, "building": null, "shop": "clothes", "landuse": null }, "geometry": { "type": "Point", "coordinates": [ 121.045304, 14.6307387 ] } },
{ "type": "Feature", "properties": { "name": "R&A Dental Supply Center Co.", "category": "mixed", "amenity": null, "building": null, "shop": "medical_supply", "landuse": null }, "geometry": { "type": "Point", "coordinates": [ 121.0364339, 14.6273961 ] } },
{ "type": "Feature", "properties": { "name": "San Miguel Food Avenue", "category": "mixed", "amenity": null, "building": null, "shop": "convenience", "landuse": null }, "geometry": { "type": "Point", "coordinates": [ 121.0332066, 14.6246918 ] } },
{ "type": "Feature", "properties": { "name": "Inumart", "category": "mixed", "amenity": null, "building": null, "shop": "convenience", "landuse": null }, "geometry": { "type": "Point", "coordinates": [ 121.033080500000011, 14.6256585 ] } },
{ "type": "Feature", "properties": { "name": "MJT Gas", "category": "mixed", "amenity": null, "building": null, "shop": "gas", "landuse": null }, "geometry": { "type": "Point", "coordinates": [ 121.033371500000015, 14.6269464 ] } },
{ "type": "Feature", "properties": { "name": "Dom's Partyshop", "category": "mixed", "amenity": null, "building": null, "shop": "party", "landuse": null }, "geometry": { "type": "Point", "coordinates": [ 121.0334131, 14.6271297 ] } },
{ "type": "Feature", "properties": { "name": "Aromapet", "category": "mixed", "amenity": null, "building": null, "shop": "pet_grooming", "landuse": null }, "geometry": { "type": "Point", "coordinates": [ 121.0334098, 14.6271145 ] } },
{ "type": "Feature", "properties": { "name": "Powecraft", "category": "mixed", "amenity": null, "building": null, "shop": "hardware", "landuse": null }, "geometry": { "type": "Point", "coordinates": [ 121.0391804, 14.6249593 ] } },
{ "type": "Feature", "properties": { "name": "Loukas Homemade Yogurt", "category": "mixed", "amenity": null, "building": null, "shop": "dairy", "landuse": null }, "geometry": { "type": "Point", "coordinates": [ 121.0215712, 14.6520641 ] } },
{ "type": "Feature", "properties": { "name": "Quezon City Hall", "category": "mixed", "amenity": null, "building": null, "shop": null, "landuse": null }, "geometry": { "type": "Point", "coordinates": [ 121.051794299999983, 14.6493795 ] } },
{ "type": "Feature", "properties": { "name": "7-Eleven", "category": "mixed", "amenity": null, "building": null, "shop": "convenience", "landuse": null }, "geometry": { "type": "Point", "coordinates": [ 121.0640035, 14.6217346 ] } },
{ "type": "Feature", "properties": { "name": "Access Computer College", "category": "mixed", "amenity": "college", "building": null, "shop": null, "landuse": null }, "geometry": { "type": "Point", "coordinates": [ 121.0647956, 14.7355183 ] } },
{ "type": "Feature", "properties": { "name": "JRA Auto Supply", "category": "mixed", "amenity": null, "building": null, "shop": "car_parts", "landuse": null }, "geometry": { "type": "Point", "coordinates": [ 120.9962813, 14.6494658 ] } },
{ "type": "Feature", "properties": { "name": "Richfarm Auto & Tractor Parts Corp.", "category": "mixed", "amenity": null, "building": null, "shop": "car_parts", "landuse": null }, "geometry": { "type": "Point", "coordinates": [ 120.9963966, 14.6496793 ] } },
{ "type": "Feature", "properties": { "name": "Sinotruk Motor and Parts Company", "category": "mixed", "amenity": null, "building": null, "shop": "car_parts", "landuse": null }, "geometry": { "type": "Point", "coordinates": [ 120.996467, 14.6497565 ] } },
{ "type": "Feature", "properties": { "name": "Topbest Auto Supply", "category": "mixed", "amenity": null, "building": null, "shop": "car_parts", "landuse": null }, "geometry": { "type": "Point", "coordinates": [ 120.9964878, 14.6498401 ] } },
{ "type": "Feature", "properties": { "name": "Bethel Auto Supply", "category": "mixed", "amenity": null, "building": null, "shop": "car_parts", "landuse": null }, "geometry": { "type": "Point", "coordinates": [ 120.9965019, 14.6498765 ] } },
{ "type": "Feature", "properties": { "name": "DENR-PRCMO", "category": "mixed", "amenity": null, "building": null, "shop": null, "landuse": null }, "geometry": { "type": "Point", "coordinates": [ 121.0416869, 14.652323 ] } },
{ "type": "Feature", "properties": { "name": "Pag-IBIG Fund", "category": "mixed", "amenity": null, "building": null, "shop": null, "landuse": null }, "geometry": { "type": "Point", "coordinates": [ 121.0582736, 14.6222661 ] } },
{ "type": "Feature", "properties": { "name": "Builder's Choice Inc.", "category": "mixed", "amenity": null, "building": null, "shop": "interior_decoration", "landuse": null }, "geometry": { "type": "Point", "coordinates": [ 121.026843899999989, 14.6560913 ] } },
{ "type": "Feature", "properties": { "name": "Alvin Glass & Aluminum Inc.", "category": "mixed", "amenity": null, "building": null, "shop": "glaziery", "landuse": null }, "geometry": { "type": "Point", "coordinates": [ 121.0269255, 14.6560622 ] } },
{ "type": "Feature", "properties": { "name": "Safehouse", "category": "mixed", "amenity": null, "building": null, "shop": "storage_rental", "landuse": null }, "geometry": { "type": "Point", "coordinates": [ 121.0268486, 14.655946 ] } },
{ "type": "Feature", "properties": { "name": "Villarica", "category": "mixed", "amenity": null, "building": null, "shop": "pawnbroker", "landuse": null }, "geometry": { "type": "Point", "coordinates": [ 121.053631800000019, 14.623029 ] } },
{ "type": "Feature", "properties": { "name": "7-Eleven", "category": "mixed", "amenity": null, "building": null, "shop": "convenience", "landuse": null }, "geometry": { "type": "Point", "coordinates": [ 121.063496, 14.628005 ] } },
{ "type": "Feature", "properties": { "name": "A&S Lamps", "category": "mixed", "amenity": null, "building": null, "shop": "lighting", "landuse": null }, "geometry": { "type": "Point", "coordinates": [ 121.0618805, 14.6269042 ] } },
{ "type": "Feature", "properties": { "name": "New North Avenue", "category": "mixed", "amenity": null, "building": null, "shop": null, "landuse": null }, "geometry": { "type": "Point", "coordinates": [ 121.0316338, 14.6551121 ] } },
{ "type": "Feature", "properties": { "name": "Rick Gen General Merchandise", "category": "mixed", "amenity": null, "building": null, "shop": "trade", "landuse": null }, "geometry": { "type": "Point", "coordinates": [ 121.0227379, 14.6846647 ] } },
{ "type": "Feature", "properties": { "name": "Polish Bar Nail & Waxing Salon", "category": "mixed", "amenity": null, "building": null, "shop": "beauty", "landuse": null }, "geometry": { "type": "Point", "coordinates": [ 121.0227235, 14.6846582 ] } },
{ "type": "Feature", "properties": { "name": "Four Ash Tailoring Shop", "category": "mixed", "amenity": null, "building": null, "shop": "tailor", "landuse": null }, "geometry": { "type": "Point", "coordinates": [ 121.0225723, 14.6845878 ] } },
{ "type": "Feature", "properties": { "name": "TH Autohub Vapeshop", "category": "mixed", "amenity": null, "building": null, "shop": "e-cigarette", "landuse": null }, "geometry": { "type": "Point", "coordinates": [ 121.0187233, 14.6770413 ] } },
{ "type": "Feature", "properties": { "name": "Dunkin'", "category": "mixed", "amenity": "fast_food", "building": null, "shop": "pastry", "landuse": null }, "geometry": { "type": "Point", "coordinates": [ 121.0213157, 14.6577924 ] } },
{ "type": "Feature", "properties": { "name": "Cebuana Lhuillier", "category": "mixed", "amenity": null, "building": null, "shop": "pawnbroker", "landuse": null }, "geometry": { "type": "Point", "coordinates": [ 120.995442400000016, 14.6298097 ] } },
{ "type": "Feature", "properties": { "name": "Electron College of Technical Education", "category": "mixed", "amenity": "college", "building": null, "shop": null, "landuse": null }, "geometry": { "type": "Point", "coordinates": [ 121.034174099999987, 14.6989132 ] } },
{ "type": "Feature", "properties": { "name": "Electron College - College of Criminology", "category": "mixed", "amenity": "college", "building": null, "shop": null, "landuse": null }, "geometry": { "type": "Point", "coordinates": [ 121.03363760000002, 14.6988068 ] } },
{ "type": "Feature", "properties": { "name": "Housing and Land Use Regulatory Board", "category": "mixed", "amenity": null, "building": null, "shop": null, "landuse": null }, "geometry": { "type": "Point", "coordinates": [ 121.0345327, 14.6419762 ] } },
{ "type": "Feature", "properties": { "name": "Timothy Christian Academy", "category": "mixed", "amenity": "school", "building": null, "shop": null, "landuse": null }, "geometry": { "type": "Point", "coordinates": [ 121.069483, 14.7087844 ] } },
{ "type": "Feature", "properties": { "name": "DSWD - National Capital Region Reception and Study Center for Children", "category": "mixed", "amenity": null, "building": null, "shop": null, "landuse": null }, "geometry": { "type": "Point", "coordinates": [ 121.029547400000013, 14.6597529 ] } },
{ "type": "Feature", "properties": { "name": "Watsons", "category": "mixed", "amenity": "pharmacy", "building": null, "shop": "chemist", "landuse": null }, "geometry": { "type": "Point", "coordinates": [ 121.0640694, 14.621352 ] } },
{ "type": "Feature", "properties": { "name": "Dalupan Elementary School", "category": "mixed", "amenity": "school", "building": null, "shop": null, "landuse": null }, "geometry": { "type": "Point", "coordinates": [ 121.012948800000018, 14.644619 ] } },
{ "type": "Feature", "properties": { "name": "STI Academy Center", "category": "mixed", "amenity": "college", "building": null, "shop": null, "landuse": null }, "geometry": { "type": "Point", "coordinates": [ 121.0540031, 14.61641 ] } },
{ "type": "Feature", "properties": { "name": "Manger's Food Supply", "category": "mixed", "amenity": null, "building": null, "shop": "trade", "landuse": null }, "geometry": { "type": "Point", "coordinates": [ 121.0312499, 14.6237438 ] } },
{ "type": "Feature", "properties": { "name": "Felipe and Sons", "category": "mixed", "amenity": null, "building": null, "shop": "hairdresser", "landuse": null }, "geometry": { "type": "Point", "coordinates": [ 121.0323174, 14.6238347 ] } },
{ "type": "Feature", "properties": { "name": "New North Avenue", "category": "mixed", "amenity": null, "building": null, "shop": null, "landuse": null }, "geometry": { "type": "Point", "coordinates": [ 121.0310785, 14.6539745 ] } },
{ "type": "Feature", "properties": { "name": "New North Avenue", "category": "mixed", "amenity": null, "building": null, "shop": null, "landuse": null }, "geometry": { "type": "Point", "coordinates": [ 121.0305684, 14.6548515 ] } },
{ "type": "Feature", "properties": { "name": "Good Granite Construction Supply", "category": "mixed", "amenity": null, "building": null, "shop": "trade", "landuse": null }, "geometry": { "type": "Point", "coordinates": [ 121.018019, 14.6579407 ] } },
{ "type": "Feature", "properties": { "name": "CK Bakers' Center, Inc.", "category": "mixed", "amenity": null, "building": null, "shop": "trade", "landuse": null }, "geometry": { "type": "Point", "coordinates": [ 121.0176026, 14.6579183 ] } },
{ "type": "Feature", "properties": { "name": "Astra", "category": "mixed", "amenity": null, "building": null, "shop": "truck", "landuse": null }, "geometry": { "type": "Point", "coordinates": [ 121.0181124, 14.6573189 ] } },
{ "type": "Feature", "properties": { "name": "Ancar Motors", "category": "mixed", "amenity": null, "building": null, "shop": "truck", "landuse": null }, "geometry": { "type": "Point", "coordinates": [ 121.0182492, 14.6572741 ] } },
{ "type": "Feature", "properties": { "name": "Delicious Asian Deli", "category": "mixed", "amenity": null, "building": null, "shop": "grocery", "landuse": null }, "geometry": { "type": "Point", "coordinates": [ 121.039375, 14.6247112 ] } },
{ "type": "Feature", "properties": { "name": "Glitter Pawnshop", "category": "mixed", "amenity": null, "building": null, "shop": "pawnbroker", "landuse": null }, "geometry": { "type": "Point", "coordinates": [ 121.0493314, 14.6226486 ] } },
{ "type": "Feature", "properties": { "name": "Philip Hardware and Construction Supply Inc.", "category": "mixed", "amenity": null, "building": null, "shop": "trade", "landuse": null }, "geometry": { "type": "Point", "coordinates": [ 121.049539200000012, 14.6221503 ] } },
{ "type": "Feature", "properties": { "name": "Goodeight General Merchandise", "category": "mixed", "amenity": null, "building": null, "shop": "general", "landuse": null }, "geometry": { "type": "Point", "coordinates": [ 121.0496519, 14.6219563 ] } },
{ "type": "Feature", "properties": { "name": "Good Luck Mini Hardware & Sari-Sari Store", "category": "mixed", "amenity": null, "building": null, "shop": "convenience", "landuse": null }, "geometry": { "type": "Point", "coordinates": [ 121.0496908, 14.6218862 ] } },
{ "type": "Feature", "properties": { "name": "Grand Prime Hardware Supply Incorporated", "category": "mixed", "amenity": null, "building": null, "shop": "trade", "landuse": null }, "geometry": { "type": "Point", "coordinates": [ 121.0378937, 14.6245639 ] } },
{ "type": "Feature", "properties": { "name": "Color Vision Paint Center", "category": "mixed", "amenity": null, "building": null, "shop": "paint", "landuse": null }, "geometry": { "type": "Point", "coordinates": [ 121.0392617, 14.6247307 ] } },
{ "type": "Feature", "properties": { "name": "Crystal Clear", "category": "mixed", "amenity": null, "building": null, "shop": "water", "landuse": null }, "geometry": { "type": "Point", "coordinates": [ 121.0453147, 14.6196704 ] } },
{ "type": "Feature", "properties": { "name": "Auto Quick Services", "category": "mixed", "amenity": null, "building": null, "shop": "car_repair", "landuse": null }, "geometry": { "type": "Point", "coordinates": [ 121.046146900000011, 14.6202226 ] } },
{ "type": "Feature", "properties": { "name": "Motolite Automotive and Motorcycle Batteries", "category": "mixed", "amenity": null, "building": null, "shop": "car_parts", "landuse": null }, "geometry": { "type": "Point", "coordinates": [ 121.0410286, 14.6177129 ] } },
{ "type": "Feature", "properties": { "name": "PC Express", "category": "mixed", "amenity": null, "building": null, "shop": "computer", "landuse": null }, "geometry": { "type": "Point", "coordinates": [ 121.0350044, 14.6136407 ] } },
{ "type": "Feature", "properties": { "name": "7-Eleven", "category": "mixed", "amenity": null, "building": null, "shop": "convenience", "landuse": null }, "geometry": { "type": "Point", "coordinates": [ 121.0349728, 14.6137049 ] } },
{ "type": "Feature", "properties": { "name": "PC Corner", "category": "mixed", "amenity": null, "building": null, "shop": "computer", "landuse": null }, "geometry": { "type": "Point", "coordinates": [ 121.0349534, 14.6137711 ] } },
{ "type": "Feature", "properties": { "name": "PC Quarters", "category": "mixed", "amenity": null, "building": null, "shop": "computer", "landuse": null }, "geometry": { "type": "Point", "coordinates": [ 121.0349775, 14.6138133 ] } },
{ "type": "Feature", "properties": { "name": "Bitlink Computer Trading", "category": "mixed", "amenity": null, "building": null, "shop": "computer", "landuse": null }, "geometry": { "type": "Point", "coordinates": [ 121.035119, 14.6138561 ] } },
{ "type": "Feature", "properties": { "name": "Vivocom", "category": "mixed", "amenity": null, "building": null, "shop": "computer", "landuse": null }, "geometry": { "type": "Point", "coordinates": [ 121.0352678, 14.6140119 ] } },
{ "type": "Feature", "properties": { "name": "Aurora IT Village", "category": "mixed", "amenity": null, "building": null, "shop": "computer", "landuse": null }, "geometry": { "type": "Point", "coordinates": [ 121.035392499999986, 14.6139613 ] } },
{ "type": "Feature", "properties": { "name": "Saint Mariam Thresia School Inc.", "category": "mixed", "amenity": "school", "building": null, "shop": null, "landuse": null }, "geometry": { "type": "Point", "coordinates": [ 121.033228, 14.7219332 ] } },
{ "type": "Feature", "properties": { "name": "Mohspeed Racing", "category": "mixed", "amenity": null, "building": null, "shop": "car_repair", "landuse": null }, "geometry": { "type": "Point", "coordinates": [ 121.044510800000012, 14.7301993 ] } },
{ "type": "Feature", "properties": { "name": "Motolite", "category": "mixed", "amenity": null, "building": null, "shop": "car_parts", "landuse": null }, "geometry": { "type": "Point", "coordinates": [ 121.0740547, 14.6350659 ] } },
{ "type": "Feature", "properties": { "name": "GAC Motor", "category": "mixed", "amenity": null, "building": null, "shop": "car", "landuse": null }, "geometry": { "type": "Point", "coordinates": [ 121.0356239, 14.6662471 ] } },
{ "type": "Feature", "properties": { "name": "National Youth Commission (Pambansang Komisyon sa Kabataan)", "category": "mixed", "amenity": null, "building": null, "shop": null, "landuse": null }, "geometry": { "type": "Point", "coordinates": [ 121.02962669999998, 14.6546295 ] } },
{ "type": "Feature", "properties": { "name": "Easy PC", "category": "mixed", "amenity": null, "building": null, "shop": "computer", "landuse": null }, "geometry": { "type": "Point", "coordinates": [ 121.032658600000019, 14.6509014 ] } },
{ "type": "Feature", "properties": { "name": "Tariff Commission", "category": "mixed", "amenity": null, "building": null, "shop": null, "landuse": null }, "geometry": { "type": "Point", "coordinates": [ 121.0295964, 14.6546385 ] } },
{ "type": "Feature", "properties": { "name": "Saint Augustine School of Nursing", "category": "mixed", "amenity": "college", "building": "commercial", "shop": null, "landuse": null }, "geometry": { "type": "Point", "coordinates": [ 121.027559700000012, 14.6559001 ] } },
{ "type": "Feature", "properties": { "name": "Cebuana Lhuillier", "category": "mixed", "amenity": null, "building": null, "shop": "pawnbroker", "landuse": null }, "geometry": { "type": "Point", "coordinates": [ 121.0276376, 14.655892 ] } },
{ "type": "Feature", "properties": { "name": "Hope Christian Academy", "category": "mixed", "amenity": "school", "building": null, "shop": null, "landuse": null }, "geometry": { "type": "Point", "coordinates": [ 121.0284018, 14.6556963 ] } },
{ "type": "Feature", "properties": { "name": "7-Eleven", "category": "mixed", "amenity": null, "building": null, "shop": "convenience", "landuse": null }, "geometry": { "type": "Point", "coordinates": [ 121.027359300000015, 14.6559228 ] } },
{ "type": "Feature", "properties": { "name": "Savemore Market", "category": "mixed", "amenity": null, "building": null, "shop": "supermarket", "landuse": null }, "geometry": { "type": "Point", "coordinates": [ 121.02958289999998, 14.6551765 ] } },
{ "type": "Feature", "properties": { "name": "White House Spa", "category": "mixed", "amenity": null, "building": null, "shop": "massage", "landuse": null }, "geometry": { "type": "Point", "coordinates": [ 121.0277656, 14.628014 ] } },
{ "type": "Feature", "properties": { "name": "NSN", "category": "mixed", "amenity": null, "building": null, "shop": "yes", "landuse": null }, "geometry": { "type": "Point", "coordinates": [ 121.086263799999983, 14.6966001 ] } },
{ "type": "Feature", "properties": { "name": "STI Computer College", "category": "mixed", "amenity": "college", "building": null, "shop": null, "landuse": null }, "geometry": { "type": "Point", "coordinates": [ 121.053913, 14.6164465 ] } },
{ "type": "Feature", "properties": { "name": "DITO Experience Store", "category": "mixed", "amenity": null, "building": null, "shop": "telecommunication", "landuse": null }, "geometry": { "type": "Point", "coordinates": [ 121.0602025, 14.5904295 ] } },
{ "type": "Feature", "properties": { "name": "Jordan Woods Academy", "category": "mixed", "amenity": "school", "building": null, "shop": null, "landuse": null }, "geometry": { "type": "Point", "coordinates": [ 121.049497, 14.7240591 ] } },
{ "type": "Feature", "properties": { "name": "Sangguniang Pambarangay ng Roxas", "category": "mixed", "amenity": null, "building": null, "shop": null, "landuse": null }, "geometry": { "type": "Point", "coordinates": [ 121.0216496, 14.627956 ] } },
{ "type": "Feature", "properties": { "name": "Sole Academy", "category": "mixed", "amenity": null, "building": null, "shop": "clothes", "landuse": null }, "geometry": { "type": "Point", "coordinates": [ 121.075084599999983, 14.6526277 ] } },
{ "type": "Feature", "properties": { "name": "Toby's Sports", "category": "mixed", "amenity": null, "building": null, "shop": "yes", "landuse": null }, "geometry": { "type": "Point", "coordinates": [ 121.0752807, 14.6525554 ] } },
{ "type": "Feature", "properties": { "name": "Chris Sports", "category": "mixed", "amenity": null, "building": null, "shop": "yes", "landuse": null }, "geometry": { "type": "Point", "coordinates": [ 121.0753361, 14.6525495 ] } },
{ "type": "Feature", "properties": { "name": "No Brand", "category": "mixed", "amenity": null, "building": null, "shop": "supermarket", "landuse": null }, "geometry": { "type": "Point", "coordinates": [ 121.075407, 14.6523155 ] } },
{ "type": "Feature", "properties": { "name": "Vans", "category": "mixed", "amenity": null, "building": null, "shop": "shoes", "landuse": null }, "geometry": { "type": "Point", "coordinates": [ 121.075537899999986, 14.6520025 ] } },
{ "type": "Feature", "properties": { "name": "Lego", "category": "mixed", "amenity": null, "building": null, "shop": "toys", "landuse": null }, "geometry": { "type": "Point", "coordinates": [ 121.075143600000018, 14.6522588 ] } },
{ "type": "Feature", "properties": { "name": "Levi's", "category": "mixed", "amenity": null, "building": null, "shop": "clothes", "landuse": null }, "geometry": { "type": "Point", "coordinates": [ 121.075122, 14.6523155 ] } },
{ "type": "Feature", "properties": { "name": "Calliope", "category": "mixed", "amenity": null, "building": null, "shop": "clothes", "landuse": null }, "geometry": { "type": "Point", "coordinates": [ 121.0755302, 14.6521754 ] } },
{ "type": "Feature", "properties": { "name": "Data Blitz", "category": "mixed", "amenity": null, "building": null, "shop": "video_games", "landuse": null }, "geometry": { "type": "Point", "coordinates": [ 121.0754827, 14.6491105 ] } },
{ "type": "Feature", "properties": { "name": "Capital", "category": "mixed", "amenity": null, "building": null, "shop": "clothes", "landuse": null }, "geometry": { "type": "Point", "coordinates": [ 121.0756691, 14.6493281 ] } },
{ "type": "Feature", "properties": { "name": "Switch", "category": "mixed", "amenity": null, "building": null, "shop": "mobile_phone", "landuse": null }, "geometry": { "type": "Point", "coordinates": [ 121.0754285, 14.6490712 ] } },
{ "type": "Feature", "properties": { "name": "Eastwood Cyber & Fashion Mall", "category": "mixed", "amenity": null, "building": null, "shop": "supermarket", "landuse": null }, "geometry": { "type": "Point", "coordinates": [ 121.080173200000019, 14.6089335 ] } },
{ "type": "Feature", "properties": { "name": "Kumon Learning Center", "category": "mixed", "amenity": "school", "building": null, "shop": null, "landuse": null }, "geometry": { "type": "Point", "coordinates": [ 121.0720037, 14.6862781 ] } },
{ "type": "Feature", "properties": { "name": "Sangguniang Pambarangay ng Katipunan", "category": "mixed", "amenity": null, "building": null, "shop": null, "landuse": null }, "geometry": { "type": "Point", "coordinates": [ 121.01767390000002, 14.655721 ] } },
{ "type": "Feature", "properties": { "name": "Alfamart", "category": "mixed", "amenity": null, "building": null, "shop": "convenience", "landuse": null }, "geometry": { "type": "Point", "coordinates": [ 121.0211474, 14.6525831 ] } },
{ "type": "Feature", "properties": { "name": "Sangguniang Pambarangay ng Manresa", "category": "mixed", "amenity": null, "building": null, "shop": null, "landuse": null }, "geometry": { "type": "Point", "coordinates": [ 121.0031545, 14.6414597 ] } },
{ "type": "Feature", "properties": { "name": "Sangguniang Pambarangay ng Pag-ibig sa Nayon", "category": "mixed", "amenity": null, "building": null, "shop": null, "landuse": null }, "geometry": { "type": "Point", "coordinates": [ 120.9969331, 14.6462447 ] } },
{ "type": "Feature", "properties": { "name": "7-Eleven", "category": "mixed", "amenity": null, "building": null, "shop": "convenience", "landuse": null }, "geometry": { "type": "Point", "coordinates": [ 121.0044412, 14.6492199 ] } },
{ "type": "Feature", "properties": { "name": "Sangguniang Pambarangay ng Balingasa", "category": "mixed", "amenity": null, "building": null, "shop": null, "landuse": null }, "geometry": { "type": "Point", "coordinates": [ 121.0016021, 14.650786 ] } },
{ "type": "Feature", "properties": { "name": "Little Sandbox Preschool", "category": "mixed", "amenity": "school", "building": null, "shop": null, "landuse": null }, "geometry": { "type": "Point", "coordinates": [ 121.036223, 14.6313451 ] } },
{ "type": "Feature", "properties": { "name": "Cebuana Lhuillier", "category": "mixed", "amenity": null, "building": null, "shop": "pawnbroker", "landuse": null }, "geometry": { "type": "Point", "coordinates": [ 121.0693514, 14.6679532 ] } },
{ "type": "Feature", "properties": { "name": "RNV Trading", "category": "mixed", "amenity": null, "building": null, "shop": "trade", "landuse": null }, "geometry": { "type": "Point", "coordinates": [ 121.06932190000002, 14.6679993 ] } },
{ "type": "Feature", "properties": { "name": "EDSA Balintawak", "category": "mixed", "amenity": null, "building": null, "shop": null, "landuse": null }, "geometry": { "type": "Point", "coordinates": [ 121.0005471, 14.6594609 ] } },
{ "type": "Feature", "properties": { "name": "EDSA Balintawak", "category": "mixed", "amenity": null, "building": null, "shop": null, "landuse": null }, "geometry": { "type": "Point", "coordinates": [ 121.0005046, 14.6594609 ] } },
{ "type": "Feature", "properties": { "name": "SM Novaliches", "category": "mixed", "amenity": null, "building": null, "shop": null, "landuse": null }, "geometry": { "type": "Point", "coordinates": [ 121.038820300000012, 14.7075798 ] } },
{ "type": "Feature", "properties": { "name": "Villarica", "category": "mixed", "amenity": null, "building": null, "shop": "pawnbroker", "landuse": null }, "geometry": { "type": "Point", "coordinates": [ 121.056793200000016, 14.6205511 ] } },
{ "type": "Feature", "properties": { "name": "Department of Human Settlements and Urban Development", "category": "mixed", "amenity": null, "building": null, "shop": null, "landuse": null }, "geometry": { "type": "Point", "coordinates": [ 121.052060900000015, 14.6478468 ] } },
{ "type": "Feature", "properties": { "name": "Coda Lines Terminal", "category": "mixed", "amenity": "bus_station", "building": null, "shop": null, "landuse": null }, "geometry": { "type": "Point", "coordinates": [ 121.0487404, 14.6233319 ] } },
{ "type": "Feature", "properties": { "name": "Nelson Auto Repair", "category": "mixed", "amenity": null, "building": null, "shop": "car_repair", "landuse": null }, "geometry": { "type": "Point", "coordinates": [ 121.037109200000017, 14.720293 ] } },
{ "type": "Feature", "properties": { "name": "Master Garage", "category": "mixed", "amenity": null, "building": null, "shop": "car_repair", "landuse": null }, "geometry": { "type": "Point", "coordinates": [ 121.050482400000021, 14.7200923 ] } },
{ "type": "Feature", "properties": { "name": "767 Trading", "category": "mixed", "amenity": null, "building": null, "shop": "trade", "landuse": null }, "geometry": { "type": "Point", "coordinates": [ 121.0963424, 14.7146973 ] } },
{ "type": "Feature", "properties": { "name": "Sangguniang Pambarangay ng Batasan Hills", "category": "mixed", "amenity": null, "building": null, "shop": null, "landuse": null }, "geometry": { "type": "Point", "coordinates": [ 121.0960588, 14.6906571 ] } },
{ "type": "Feature", "properties": { "name": "PMI QZC", "category": "mixed", "amenity": "school", "building": null, "shop": null, "landuse": null }, "geometry": { "type": "Point", "coordinates": [ 121.031172699999985, 14.6379419 ] } },
{ "type": "Feature", "properties": { "name": "Sangguniang Pambarangay ng Bagumbuhay", "category": "mixed", "amenity": null, "building": null, "shop": null, "landuse": null }, "geometry": { "type": "Point", "coordinates": [ 121.065250300000017, 14.6243051 ] } },
{ "type": "Feature", "properties": { "name": "Bulwagang Pambarangay ng Mangga", "category": "mixed", "amenity": "townhall", "building": "civic", "shop": null, "landuse": null }, "geometry": { "type": "Point", "coordinates": [ 121.062025600000013, 14.6237672 ] } },
{ "type": "Feature", "properties": { "name": "Sangguniang Pambarangay ng Marilag", "category": "mixed", "amenity": null, "building": null, "shop": null, "landuse": null }, "geometry": { "type": "Point", "coordinates": [ 121.0689846, 14.62563 ] } },
{ "type": "Feature", "properties": { "name": "DSWD Rehabilitation Sheltered Workshop", "category": "mixed", "amenity": null, "building": null, "shop": null, "landuse": null }, "geometry": { "type": "Point", "coordinates": [ 121.072723600000018, 14.626345 ] } },
{ "type": "Feature", "properties": { "name": "Save 5", "category": "mixed", "amenity": null, "building": null, "shop": "laundry", "landuse": null }, "geometry": { "type": "Point", "coordinates": [ 121.0502366, 14.6291135 ] } },
{ "type": "Feature", "properties": { "name": null, "category": "mixed", "amenity": null, "building": null, "shop": "massage", "landuse": null }, "geometry": { "type": "Point", "coordinates": [ 121.054216, 14.6201622 ] } },
{ "type": "Feature", "properties": { "name": "Sangguniang Pambarangay ng Botocan", "category": "mixed", "amenity": null, "building": null, "shop": null, "landuse": null }, "geometry": { "type": "Point", "coordinates": [ 121.062871, 14.6368376 ] } },
{ "type": "Feature", "properties": { "name": "Bulwagang Pambarangay ng Botocan", "category": "mixed", "amenity": "townhall", "building": null, "shop": null, "landuse": null }, "geometry": { "type": "Point", "coordinates": [ 121.0628644, 14.6368316 ] } },
{ "type": "Feature", "properties": { "name": "Manila Hearing Aid", "category": "mixed", "amenity": null, "building": null, "shop": "hearing_aids", "landuse": null }, "geometry": { "type": "Point", "coordinates": [ 121.0037532, 14.619396 ] } },
{ "type": "Feature", "properties": { "name": "NathMan Online Shop", "category": "mixed", "amenity": null, "building": null, "shop": "computer", "landuse": null }, "geometry": { "type": "Point", "coordinates": [ 121.0604033, 14.6214661 ] } },
{ "type": "Feature", "properties": { "name": "Quezon City Civil Registrar", "category": "mixed", "amenity": null, "building": null, "shop": null, "landuse": null }, "geometry": { "type": "Point", "coordinates": [ 121.0485059, 14.6456803 ] } },
{ "type": "Feature", "properties": { "name": "Custom Thread Inc", "category": "mixed", "amenity": null, "building": null, "shop": "tailor", "landuse": null }, "geometry": { "type": "Point", "coordinates": [ 121.076253400000013, 14.6811026 ] } },
{ "type": "Feature", "properties": { "name": "Dito", "category": "mixed", "amenity": null, "building": null, "shop": "telecommunication", "landuse": null }, "geometry": { "type": "Point", "coordinates": [ 121.0270108, 14.6567857 ] } },
{ "type": "Feature", "properties": { "name": "New North Avenue", "category": "mixed", "amenity": null, "building": null, "shop": null, "landuse": null }, "geometry": { "type": "Point", "coordinates": [ 121.03075250000002, 14.6549694 ] } },
{ "type": "Feature", "properties": { "name": "Taxi Waiting Area - Centris Station", "category": "mixed", "amenity": "taxi", "building": null, "shop": null, "landuse": null }, "geometry": { "type": "Point", "coordinates": [ 121.0389029, 14.642993 ] } },
{ "type": "Feature", "properties": { "name": "Creative Learner's Home", "category": "mixed", "amenity": "school", "building": null, "shop": null, "landuse": null }, "geometry": { "type": "Point", "coordinates": [ 121.0614284, 14.7356894 ] } },
{ "type": "Feature", "properties": { "name": null, "category": "mixed", "amenity": "bus_station", "building": null, "shop": null, "landuse": null }, "geometry": { "type": "Point", "coordinates": [ 121.038688, 14.6444137 ] } },
{ "type": "Feature", "properties": { "name": "Pet One pet food", "category": "mixed", "amenity": null, "building": null, "shop": "pet", "landuse": null }, "geometry": { "type": "Point", "coordinates": [ 121.0844624, 14.6919671 ] } },
{ "type": "Feature", "properties": { "name": "Our Lady of Fatima", "category": "mixed", "amenity": "college", "building": null, "shop": null, "landuse": null }, "geometry": { "type": "Point", "coordinates": [ 121.0609997, 14.7169165 ] } },
{ "type": "Feature", "properties": { "name": "Center For Children With Special Needs Special Education And Therapy Center", "category": "mixed", "amenity": "school", "building": null, "shop": null, "landuse": null }, "geometry": { "type": "Point", "coordinates": [ 121.0625556, 14.7175525 ] } },
{ "type": "Feature", "properties": { "name": "GRAY Flextech I.T. Solutions", "category": "mixed", "amenity": null, "building": null, "shop": "computer", "landuse": null }, "geometry": { "type": "Point", "coordinates": [ 121.012902, 14.6145211 ] } },
{ "type": "Feature", "properties": { "name": "Philippine Space Agency", "category": "mixed", "amenity": null, "building": null, "shop": null, "landuse": null }, "geometry": { "type": "Point", "coordinates": [ 121.0802842, 14.6078521 ] } },
{ "type": "Feature", "properties": { "name": "Saint Ignatius Elementary School", "category": "mixed", "amenity": "school", "building": null, "shop": null, "landuse": null }, "geometry": { "type": "Point", "coordinates": [ 121.0605847, 14.6115947 ] } },
{ "type": "Feature", "properties": { "name": "Deartea Cravings", "category": "mixed", "amenity": null, "building": null, "shop": "beverages", "landuse": null }, "geometry": { "type": "Point", "coordinates": [ 121.0844551, 14.6915209 ] } },
{ "type": "Feature", "properties": { "name": "Loc&Stor 24/7", "category": "mixed", "amenity": null, "building": null, "shop": "storage_rental", "landuse": null }, "geometry": { "type": "Point", "coordinates": [ 121.0137073, 14.6597435 ] } },
{ "type": "Feature", "properties": { "name": "Watsons", "category": "mixed", "amenity": null, "building": null, "shop": "chemist", "landuse": null }, "geometry": { "type": "Point", "coordinates": [ 121.0546596, 14.6224958 ] } },
{ "type": "Feature", "properties": { "name": "First North Luzon transit, Cubao terminal", "category": "mixed", "amenity": "bus_station", "building": null, "shop": null, "landuse": null }, "geometry": { "type": "Point", "coordinates": [ 121.0498021, 14.6240156 ] } },
{ "type": "Feature", "properties": { "name": "AFP Interfaith Building", "category": "mixed", "amenity": null, "building": null, "shop": null, "landuse": null }, "geometry": { "type": "Point", "coordinates": [ 121.06028280000001, 14.6113679 ] } },
{ "type": "Feature", "properties": { "name": "Nest School", "category": "mixed", "amenity": "school", "building": null, "shop": null, "landuse": null }, "geometry": { "type": "Point", "coordinates": [ 121.0556238, 14.6388044 ] } },
{ "type": "Feature", "properties": { "name": "Yankee Candle", "category": "mixed", "amenity": null, "building": null, "shop": "candles", "landuse": null }, "geometry": { "type": "Point", "coordinates": [ 121.07501139999998, 14.6513959 ] } },
{ "type": "Feature", "properties": { "name": "Yankee Candle At True Value UP Town Center Philippines", "category": "mixed", "amenity": null, "building": null, "shop": "department_store", "landuse": null }, "geometry": { "type": "Point", "coordinates": [ 121.0748867, 14.6517566 ] } },
{ "type": "Feature", "properties": { "name": "Yankee Candle", "category": "mixed", "amenity": null, "building": null, "shop": "candles", "landuse": null }, "geometry": { "type": "Point", "coordinates": [ 121.032998600000013, 14.6533891 ] } },
{ "type": "Feature", "properties": { "name": "Bike Ko Soto", "category": "mixed", "amenity": null, "building": null, "shop": "bicycle", "landuse": null }, "geometry": { "type": "Point", "coordinates": [ 121.0317302, 14.6951936 ] } },
{ "type": "Feature", "properties": { "name": "Yankee Candle At True Value Magnolia", "category": "mixed", "amenity": null, "building": null, "shop": "department_store", "landuse": null }, "geometry": { "type": "Point", "coordinates": [ 121.0383257, 14.6136085 ] } },
{ "type": "Feature", "properties": { "name": "Yankee Candle At Rustans Gateway Mall", "category": "mixed", "amenity": null, "building": null, "shop": "department_store", "landuse": null }, "geometry": { "type": "Point", "coordinates": [ 121.05266690000002, 14.6216773 ] } },
{ "type": "Feature", "properties": { "name": "Yankee Candle At Robinsons Department Store Galleria", "category": "mixed", "amenity": null, "building": null, "shop": "candles", "landuse": null }, "geometry": { "type": "Point", "coordinates": [ 121.0593312, 14.5919546 ] } },
{ "type": "Feature", "properties": { "name": "Landers", "category": "mixed", "amenity": null, "building": null, "shop": "supermarket", "landuse": null }, "geometry": { "type": "Point", "coordinates": [ 121.0754303, 14.6505749 ] } },
{ "type": "Feature", "properties": { "name": null, "category": "mixed", "amenity": null, "building": null, "shop": null, "landuse": null }, "geometry": { "type": "Point", "coordinates": [ 121.0687948, 14.6594102 ] } },
{ "type": "Feature", "properties": { "name": "JAC Liner", "category": "mixed", "amenity": "bus_station", "building": null, "shop": null, "landuse": null }, "geometry": { "type": "Point", "coordinates": [ 121.045837500000019, 14.6316842 ] } },
{ "type": "Feature", "properties": { "name": "ppk petshop", "category": "mixed", "amenity": null, "building": null, "shop": "pet", "landuse": null }, "geometry": { "type": "Point", "coordinates": [ 121.0344414, 14.6327914 ] } },
{ "type": "Feature", "properties": { "name": "SHOPMORE", "category": "mixed", "amenity": null, "building": null, "shop": "convenience", "landuse": null }, "geometry": { "type": "Point", "coordinates": [ 121.04431529999998, 14.7149412 ] } },
{ "type": "Feature", "properties": { "name": null, "category": "mixed", "amenity": null, "building": null, "shop": "seafood", "landuse": null }, "geometry": { "type": "Point", "coordinates": [ 121.043993300000011, 14.7149604 ] } },
{ "type": "Feature", "properties": { "name": "Gulayan", "category": "mixed", "amenity": null, "building": null, "shop": "greengrocer", "landuse": null }, "geometry": { "type": "Point", "coordinates": [ 121.043959, 14.7150891 ] } },
{ "type": "Feature", "properties": { "name": null, "category": "mixed", "amenity": null, "building": null, "shop": "greengrocer", "landuse": null }, "geometry": { "type": "Point", "coordinates": [ 121.0437825, 14.7150777 ] } },
{ "type": "Feature", "properties": { "name": null, "category": "mixed", "amenity": null, "building": null, "shop": "convenience", "landuse": null }, "geometry": { "type": "Point", "coordinates": [ 121.0441834, 14.7150964 ] } },
{ "type": "Feature", "properties": { "name": null, "category": "mixed", "amenity": null, "building": null, "shop": "convenience", "landuse": null }, "geometry": { "type": "Point", "coordinates": [ 121.0442864, 14.7150767 ] } },
{ "type": "Feature", "properties": { "name": null, "category": "mixed", "amenity": null, "building": null, "shop": "convenience", "landuse": null }, "geometry": { "type": "Point", "coordinates": [ 121.0443658, 14.715059 ] } },
{ "type": "Feature", "properties": { "name": "Talipapa", "category": "mixed", "amenity": null, "building": null, "shop": "convenience", "landuse": null }, "geometry": { "type": "Point", "coordinates": [ 121.04447039999998, 14.7150632 ] } },
{ "type": "Feature", "properties": { "name": "King's Canteen", "category": "mixed", "amenity": null, "building": null, "shop": "kiosk", "landuse": null }, "geometry": { "type": "Point", "coordinates": [ 121.0665845, 14.6487315 ] } },
{ "type": "Feature", "properties": { "name": "Ate Marge's Canteen", "category": "mixed", "amenity": null, "building": null, "shop": "kiosk", "landuse": null }, "geometry": { "type": "Point", "coordinates": [ 121.0665641, 14.6485693 ] } },
{ "type": "Feature", "properties": { "name": "PHILCOA Jeepney", "category": "mixed", "amenity": "bus_station", "building": null, "shop": null, "landuse": null }, "geometry": { "type": "Point", "coordinates": [ 121.0419939, 14.7230371 ] } },
{ "type": "Feature", "properties": { "name": "Yviana", "category": "mixed", "amenity": null, "building": null, "shop": "coffee", "landuse": null }, "geometry": { "type": "Point", "coordinates": [ 121.048895699999989, 14.6418952 ] } },
{ "type": "Feature", "properties": { "name": "88 Malakas Suites", "category": "mixed", "amenity": null, "building": null, "shop": "estate_agent", "landuse": null }, "geometry": { "type": "Point", "coordinates": [ 121.0486834, 14.6395085 ] } },
{ "type": "Feature", "properties": { "name": "Yankee Candle", "category": "mixed", "amenity": null, "building": null, "shop": "candles", "landuse": null }, "geometry": { "type": "Point", "coordinates": [ 121.059402800000015, 14.5908166 ] } },
{ "type": "Feature", "properties": { "name": "UP CLICK", "category": "mixed", "amenity": null, "building": null, "shop": "printer_ink", "landuse": null }, "geometry": { "type": "Point", "coordinates": [ 121.0698867, 14.6592158 ] } },
{ "type": "Feature", "properties": { "name": "BreadTalk", "category": "mixed", "amenity": null, "building": null, "shop": "bakery", "landuse": null }, "geometry": { "type": "Point", "coordinates": [ 121.075033499999989, 14.6490038 ] } },
{ "type": "Feature", "properties": { "name": "Food kiosk", "category": "mixed", "amenity": null, "building": null, "shop": "kiosk", "landuse": null }, "geometry": { "type": "Point", "coordinates": [ 121.073194699999988, 14.6548104 ] } },
{ "type": "Feature", "properties": { "name": "Food kiosk", "category": "mixed", "amenity": null, "building": null, "shop": "kiosk", "landuse": null }, "geometry": { "type": "Point", "coordinates": [ 121.07318, 14.6546513 ] } },
{ "type": "Feature", "properties": { "name": "Nazarene Truck Parts Trading", "category": "mixed", "amenity": null, "building": null, "shop": "car_parts", "landuse": null }, "geometry": { "type": "Point", "coordinates": [ 120.9958743, 14.6490902 ] } },
{ "type": "Feature", "properties": { "name": "Gabsam Auto Parts Supply", "category": "mixed", "amenity": null, "building": null, "shop": "car_parts", "landuse": null }, "geometry": { "type": "Point", "coordinates": [ 120.9958608, 14.6490545 ] } },
{ "type": "Feature", "properties": { "name": "Edi-son Truck Parts", "category": "mixed", "amenity": null, "building": null, "shop": "car_parts", "landuse": null }, "geometry": { "type": "Point", "coordinates": [ 120.9957945, 14.6489838 ] } },
{ "type": "Feature", "properties": { "name": "R. B. Motor Shop", "category": "mixed", "amenity": null, "building": null, "shop": "motorcycle", "landuse": null }, "geometry": { "type": "Point", "coordinates": [ 121.0599589, 14.6975507 ] } },
{ "type": "Feature", "properties": { "name": "LTO East Avenue Main Gate", "category": "mixed", "amenity": null, "building": null, "shop": null, "landuse": null }, "geometry": { "type": "Point", "coordinates": [ 121.0458173, 14.6355531 ] } },
{ "type": "Feature", "properties": { "name": "PCSO", "category": "mixed", "amenity": null, "building": null, "shop": "lottery", "landuse": null }, "geometry": { "type": "Point", "coordinates": [ 121.014211, 14.6181634 ] } },
{ "type": "Feature", "properties": { "name": "Office Warehouse", "category": "mixed", "amenity": null, "building": null, "shop": "stationery", "landuse": null }, "geometry": { "type": "Point", "coordinates": [ 121.0143488, 14.6175558 ] } },
{ "type": "Feature", "properties": { "name": "D.I.Y. Hardware", "category": "mixed", "amenity": null, "building": null, "shop": "hardware", "landuse": null }, "geometry": { "type": "Point", "coordinates": [ 121.013848900000013, 14.6182925 ] } },
{ "type": "Feature", "properties": { "name": "Mr. Quickie", "category": "mixed", "amenity": null, "building": null, "shop": "shoe_repair", "landuse": null }, "geometry": { "type": "Point", "coordinates": [ 121.014247699999984, 14.6180073 ] } },
{ "type": "Feature", "properties": { "name": null, "category": "mixed", "amenity": "bus_station", "building": null, "shop": null, "landuse": null }, "geometry": { "type": "Point", "coordinates": [ 121.039275100000012, 14.7214896 ] } },
{ "type": "Feature", "properties": { "name": "New Era University (Main Campus)", "category": "mixed", "amenity": "school", "building": null, "shop": null, "landuse": null }, "geometry": { "type": "Point", "coordinates": [ 121.0580892, 14.6640112 ] } },
{ "type": "Feature", "properties": { "name": null, "category": "mixed", "amenity": "taxi", "building": null, "shop": null, "landuse": null }, "geometry": { "type": "Point", "coordinates": [ 121.0181703, 14.6336653 ] } },
{ "type": "Feature", "properties": { "name": "Victory Liner Cubao Terminal", "category": "mixed", "amenity": null, "building": null, "shop": null, "landuse": null }, "geometry": { "type": "Point", "coordinates": [ 121.0483852, 14.6243258 ] } },
{ "type": "Feature", "properties": { "name": "Toy Kingdom", "category": "mixed", "amenity": null, "building": null, "shop": "toys", "landuse": null }, "geometry": { "type": "Point", "coordinates": [ 121.0323639, 14.656646 ] } },
{ "type": "Feature", "properties": { "name": "Mercedarian School", "category": "mixed", "amenity": "school", "building": null, "shop": null, "landuse": null }, "geometry": { "type": "Point", "coordinates": [ 121.0663674, 14.7328649 ] } },
{ "type": "Feature", "properties": { "name": "crab eat unli seafood", "category": "mixed", "amenity": null, "building": null, "shop": "seafood", "landuse": null }, "geometry": { "type": "Point", "coordinates": [ 121.067577, 14.7305372 ] } },
{ "type": "Feature", "properties": { "name": null, "category": "mixed", "amenity": "hospital", "building": null, "shop": null, "landuse": null }, "geometry": { "type": "Point", "coordinates": [ 121.0945893, 14.6948708 ] } },
{ "type": "Feature", "properties": { "name": "BLCKBOX by Tier One Entertainment", "category": "mixed", "amenity": null, "building": null, "shop": "yes", "landuse": null }, "geometry": { "type": "Point", "coordinates": [ 121.034601699999982, 14.6321293 ] } },
{ "type": "Feature", "properties": { "name": "Thousand Buddha Academy", "category": "mixed", "amenity": "school", "building": null, "shop": null, "landuse": null }, "geometry": { "type": "Point", "coordinates": [ 121.0101444, 14.6298379 ] } },
{ "type": "Feature", "properties": { "name": null, "category": "mixed", "amenity": "taxi", "building": null, "shop": null, "landuse": null }, "geometry": { "type": "Point", "coordinates": [ 121.0745681, 14.6485449 ] } },
{ "type": "Feature", "properties": { "name": "Radiant Dragong Trading", "category": "mixed", "amenity": null, "building": null, "shop": "tyres", "landuse": null }, "geometry": { "type": "Point", "coordinates": [ 121.059055, 14.6198164 ] } },
{ "type": "Feature", "properties": { "name": "Philam QC", "category": "mixed", "amenity": null, "building": null, "shop": null, "landuse": null }, "geometry": { "type": "Point", "coordinates": [ 121.03542490000001, 14.6475079 ] } },
{ "type": "Feature", "properties": { "name": "Hands of Gold", "category": "mixed", "amenity": null, "building": null, "shop": "massage", "landuse": null }, "geometry": { "type": "Point", "coordinates": [ 121.0585515, 14.6198409 ] } },
{ "type": "Feature", "properties": { "name": null, "category": "mixed", "amenity": "taxi", "building": null, "shop": null, "landuse": null }, "geometry": { "type": "Point", "coordinates": [ 121.081486499999983, 14.6527636 ] } },
{ "type": "Feature", "properties": { "name": null, "category": "mixed", "amenity": "taxi", "building": null, "shop": null, "landuse": null }, "geometry": { "type": "Point", "coordinates": [ 121.0827127, 14.6557133 ] } },
{ "type": "Feature", "properties": { "name": "Philippine Medical Association", "category": "mixed", "amenity": null, "building": null, "shop": null, "landuse": null }, "geometry": { "type": "Point", "coordinates": [ 121.0332334, 14.6550299 ] } },
{ "type": "Feature", "properties": { "name": "Cubao", "category": "mixed", "amenity": null, "building": null, "shop": null, "landuse": null }, "geometry": { "type": "Point", "coordinates": [ 121.051057, 14.6194777 ] } },
{ "type": "Feature", "properties": { "name": "Cubao", "category": "mixed", "amenity": null, "building": null, "shop": null, "landuse": null }, "geometry": { "type": "Point", "coordinates": [ 121.051088599999986, 14.6194874 ] } },
{ "type": "Feature", "properties": { "name": "Cubao", "category": "mixed", "amenity": null, "building": null, "shop": null, "landuse": null }, "geometry": { "type": "Point", "coordinates": [ 121.0510726, 14.6194837 ] } },
{ "type": "Feature", "properties": { "name": null, "category": "mixed", "amenity": null, "building": null, "shop": "kiosk", "landuse": null }, "geometry": { "type": "Point", "coordinates": [ 121.0677152, 14.6530038 ] } },
{ "type": "Feature", "properties": { "name": "LTO", "category": "mixed", "amenity": null, "building": null, "shop": null, "landuse": null }, "geometry": { "type": "Point", "coordinates": [ 121.0079484, 14.6353651 ] } },
{ "type": "Feature", "properties": { "name": "Uncle John's", "category": "mixed", "amenity": null, "building": null, "shop": "convenience", "landuse": null }, "geometry": { "type": "Point", "coordinates": [ 121.0586562, 14.5918454 ] } },
{ "type": "Feature", "properties": { "name": "Start'n Go PH", "category": "mixed", "amenity": null, "building": null, "shop": "car", "landuse": null }, "geometry": { "type": "Point", "coordinates": [ 121.050985900000015, 14.6403965 ] } },
{ "type": "Feature", "properties": { "name": "Art Whale", "category": "mixed", "amenity": null, "building": null, "shop": "craft", "landuse": null }, "geometry": { "type": "Point", "coordinates": [ 121.05668660000002, 14.6492478 ] } },
{ "type": "Feature", "properties": { "name": null, "category": "mixed", "amenity": "taxi", "building": null, "shop": null, "landuse": null }, "geometry": { "type": "Point", "coordinates": [ 121.0372701, 14.6148041 ] } },
{ "type": "Feature", "properties": { "name": "Quezon City Central Depository & Archival Center", "category": "mixed", "amenity": null, "building": null, "shop": null, "landuse": null }, "geometry": { "type": "Point", "coordinates": [ 121.0248924, 14.6292951 ] } },
{ "type": "Feature", "properties": { "name": "Robinsons Easymart", "category": "mixed", "amenity": null, "building": null, "shop": "convenience", "landuse": null }, "geometry": { "type": "Point", "coordinates": [ 121.0182723, 14.6531477 ] } },
{ "type": "Feature", "properties": { "name": "Greenview Park", "category": "mixed", "amenity": null, "building": null, "shop": null, "landuse": null }, "geometry": { "type": "Point", "coordinates": [ 121.055519600000011, 14.6985195 ] } },
{ "type": "Feature", "properties": { "name": "The Wearhouse", "category": "mixed", "amenity": null, "building": null, "shop": "clothes", "landuse": null }, "geometry": { "type": "Point", "coordinates": [ 121.005760899999984, 14.6391316 ] } },
{ "type": "Feature", "properties": { "name": "Ever Supermarket", "category": "mixed", "amenity": null, "building": null, "shop": "supermarket", "landuse": null }, "geometry": { "type": "Point", "coordinates": [ 120.9969565, 14.6521627 ] } },
{ "type": "Feature", "properties": { "name": null, "category": "mixed", "amenity": null, "building": null, "shop": "music", "landuse": null }, "geometry": { "type": "Point", "coordinates": [ 121.0728873, 14.7062177 ] } },
{ "type": "Feature", "properties": { "name": null, "category": "mixed", "amenity": null, "building": null, "shop": "convenience", "landuse": null }, "geometry": { "type": "Point", "coordinates": [ 121.0732289, 14.7062121 ] } },
{ "type": "Feature", "properties": { "name": "NEU Fairview", "category": "mixed", "amenity": "school", "building": null, "shop": null, "landuse": null }, "geometry": { "type": "Point", "coordinates": [ 121.0574273, 14.733772 ] } },
{ "type": "Feature", "properties": { "name": "Motech", "category": "mixed", "amenity": null, "building": null, "shop": "car_repair", "landuse": null }, "geometry": { "type": "Point", "coordinates": [ 121.027985700000016, 14.6233266 ] } },
{ "type": "Feature", "properties": { "name": null, "category": "mixed", "amenity": null, "building": null, "shop": "car_repair", "landuse": null }, "geometry": { "type": "Point", "coordinates": [ 121.0214565, 14.6077016 ] } },
{ "type": "Feature", "properties": { "name": null, "category": "mixed", "amenity": null, "building": null, "shop": "convenience", "landuse": null }, "geometry": { "type": "Point", "coordinates": [ 121.07676, 14.7090026 ] } },
{ "type": "Feature", "properties": { "name": "Quezon City Hall", "category": "mixed", "amenity": null, "building": null, "shop": null, "landuse": null }, "geometry": { "type": "Point", "coordinates": [ 121.051818200000014, 14.6495972 ] } },
{ "type": "Feature", "properties": { "name": "FIST Gym", "category": "mixed", "amenity": null, "building": null, "shop": null, "landuse": null }, "geometry": { "type": "Point", "coordinates": [ 121.0385367, 14.6343565 ] } },
{ "type": "Feature", "properties": { "name": "St. Padre Pio Printing Services", "category": "mixed", "amenity": null, "building": null, "shop": "printing", "landuse": null }, "geometry": { "type": "Point", "coordinates": [ 121.067734, 14.6297955 ] } },
{ "type": "Feature", "properties": { "name": "7-Eleven", "category": "mixed", "amenity": null, "building": null, "shop": "convenience", "landuse": null }, "geometry": { "type": "Point", "coordinates": [ 121.0220154, 14.6209603 ] } },
{ "type": "Feature", "properties": { "name": "Kimura Chaves Enterprise Inc.", "category": "mixed", "amenity": null, "building": null, "shop": "stationery", "landuse": null }, "geometry": { "type": "Point", "coordinates": [ 121.0234944, 14.6213972 ] } },
{ "type": "Feature", "properties": { "name": "Omega-Med", "category": "mixed", "amenity": null, "building": null, "shop": "medical_supply", "landuse": null }, "geometry": { "type": "Point", "coordinates": [ 121.022963300000015, 14.6212259 ] } },
{ "type": "Feature", "properties": { "name": "Narae Korean Mini Mart", "category": "mixed", "amenity": null, "building": null, "shop": "variety_store", "landuse": null }, "geometry": { "type": "Point", "coordinates": [ 121.0232155, 14.6213076 ] } },
{ "type": "Feature", "properties": { "name": "Cebuana Lhuillier", "category": "mixed", "amenity": null, "building": null, "shop": "pawnbroker", "landuse": null }, "geometry": { "type": "Point", "coordinates": [ 121.0230183, 14.6212427 ] } },
{ "type": "Feature", "properties": { "name": "Pan de Manila", "category": "mixed", "amenity": null, "building": null, "shop": "bakery", "landuse": null }, "geometry": { "type": "Point", "coordinates": [ 121.023062600000017, 14.6212557 ] } },
{ "type": "Feature", "properties": { "name": "Villarica", "category": "mixed", "amenity": null, "building": null, "shop": "pawnbroker", "landuse": null }, "geometry": { "type": "Point", "coordinates": [ 121.023436700000019, 14.6213777 ] } },
{ "type": "Feature", "properties": { "name": "Eng Bee Tin", "category": "mixed", "amenity": null, "building": null, "shop": "pastry", "landuse": null }, "geometry": { "type": "Point", "coordinates": [ 121.0237565, 14.6214527 ] } },
{ "type": "Feature", "properties": { "name": "Palawan Pawnshop", "category": "mixed", "amenity": null, "building": null, "shop": "pawnbroker", "landuse": null }, "geometry": { "type": "Point", "coordinates": [ 121.02380340000002, 14.6214955 ] } },
{ "type": "Feature", "properties": { "name": "Medihub", "category": "mixed", "amenity": null, "building": null, "shop": "medical_supply", "landuse": null }, "geometry": { "type": "Point", "coordinates": [ 121.0238798, 14.621515 ] } },
{ "type": "Feature", "properties": { "name": "7-Eleven", "category": "mixed", "amenity": null, "building": null, "shop": "convenience", "landuse": null }, "geometry": { "type": "Point", "coordinates": [ 121.023981099999986, 14.6215539 ] } },
{ "type": "Feature", "properties": { "name": "Grainsmart", "category": "mixed", "amenity": null, "building": null, "shop": "rice", "landuse": null }, "geometry": { "type": "Point", "coordinates": [ 121.02460050000002, 14.6217355 ] } },
{ "type": "Feature", "properties": { "name": "Goldheart", "category": "mixed", "amenity": null, "building": null, "shop": "optician", "landuse": null }, "geometry": { "type": "Point", "coordinates": [ 121.0257003, 14.6220978 ] } },
{ "type": "Feature", "properties": { "name": "Laba Mama", "category": "mixed", "amenity": null, "building": null, "shop": "laundry", "landuse": null }, "geometry": { "type": "Point", "coordinates": [ 121.0255023, 14.622037 ] } },
{ "type": "Feature", "properties": { "name": "All Day Hot Panaderia", "category": "mixed", "amenity": null, "building": null, "shop": "bakery", "landuse": null }, "geometry": { "type": "Point", "coordinates": [ 121.02574, 14.6221148 ] } },
{ "type": "Feature", "properties": { "name": "Philippine Duplicators, Inc.", "category": "mixed", "amenity": null, "building": null, "shop": "business_machines", "landuse": null }, "geometry": { "type": "Point", "coordinates": [ 121.02702530000002, 14.6224775 ] } },
{ "type": "Feature", "properties": { "name": "Printwork", "category": "mixed", "amenity": null, "building": null, "shop": "business_machines", "landuse": null }, "geometry": { "type": "Point", "coordinates": [ 121.0272402, 14.6225467 ] } },
{ "type": "Feature", "properties": { "name": "Ace Sprinter TBA & Services", "category": "mixed", "amenity": null, "building": null, "shop": "car_parts", "landuse": null }, "geometry": { "type": "Point", "coordinates": [ 121.0282776, 14.6229006 ] } },
{ "type": "Feature", "properties": { "name": "Pansol Gym", "category": "mixed", "amenity": null, "building": null, "shop": null, "landuse": null }, "geometry": { "type": "Point", "coordinates": [ 121.0770249, 14.6513687 ] } },
{ "type": "Feature", "properties": { "name": "Old School", "category": "mixed", "amenity": null, "building": null, "shop": "hairdresser", "landuse": null }, "geometry": { "type": "Point", "coordinates": [ 121.0740666, 14.6351553 ] } },
{ "type": "Feature", "properties": { "name": "Robinsons Easymart", "category": "mixed", "amenity": null, "building": null, "shop": "convenience", "landuse": null }, "geometry": { "type": "Point", "coordinates": [ 121.0734919, 14.6362337 ] } },
{ "type": "Feature", "properties": { "name": "Baddo Shop", "category": "mixed", "amenity": null, "building": null, "shop": "clothes", "landuse": null }, "geometry": { "type": "Point", "coordinates": [ 121.045534599999982, 14.6304871 ] } },
{ "type": "Feature", "properties": { "name": "R&Z Beauty Lounge", "category": "mixed", "amenity": null, "building": null, "shop": "beauty", "landuse": null }, "geometry": { "type": "Point", "coordinates": [ 121.04563779999998, 14.6305211 ] } },
{ "type": "Feature", "properties": { "name": "Hortaleza", "category": "mixed", "amenity": null, "building": null, "shop": "beauty", "landuse": null }, "geometry": { "type": "Point", "coordinates": [ 121.0456006, 14.6305067 ] } },
{ "type": "Feature", "properties": { "name": "Sochie Cucina Foods", "category": "mixed", "amenity": null, "building": null, "shop": "frozen_food", "landuse": null }, "geometry": { "type": "Point", "coordinates": [ 121.0453898, 14.6304438 ] } },
{ "type": "Feature", "properties": { "name": "Pan de Manila", "category": "mixed", "amenity": null, "building": null, "shop": "pastry", "landuse": null }, "geometry": { "type": "Point", "coordinates": [ 121.0454207, 14.6304469 ] } },
{ "type": "Feature", "properties": { "name": null, "category": "mixed", "amenity": "taxi", "building": null, "shop": null, "landuse": null }, "geometry": { "type": "Point", "coordinates": [ 121.000069700000012, 14.6555855 ] } },
{ "type": "Feature", "properties": { "name": "Kambal Pandesal", "category": "mixed", "amenity": null, "building": null, "shop": "bakery", "landuse": null }, "geometry": { "type": "Point", "coordinates": [ 121.0880189, 14.6008266 ] } },
{ "type": "Feature", "properties": { "name": "Alfamart", "category": "mixed", "amenity": null, "building": null, "shop": "convenience", "landuse": null }, "geometry": { "type": "Point", "coordinates": [ 121.087593700000014, 14.6020621 ] } },
{ "type": "Feature", "properties": { "name": null, "category": "mixed", "amenity": null, "building": null, "shop": "motorcycle", "landuse": null }, "geometry": { "type": "Point", "coordinates": [ 121.0773524, 14.6090642 ] } },
{ "type": "Feature", "properties": { "name": "St Joseph Catholic School", "category": "mixed", "amenity": "school", "building": null, "shop": null, "landuse": null }, "geometry": { "type": "Point", "coordinates": [ 121.064061600000016, 14.6286797 ] } },
{ "type": "Feature", "properties": { "name": "Almocera Auto Electrical Repair Shop", "category": "mixed", "amenity": null, "building": null, "shop": "car_repair", "landuse": null }, "geometry": { "type": "Point", "coordinates": [ 121.071527799999984, 14.6235325 ] } },
{ "type": "Feature", "properties": { "name": "National Institute for Technical and Vocational Careers Inc.", "category": "mixed", "amenity": "school", "building": null, "shop": null, "landuse": null }, "geometry": { "type": "Point", "coordinates": [ 121.0589413, 14.6119817 ] } },
{ "type": "Feature", "properties": { "name": "St. John de Brebeuf Integrated School", "category": "mixed", "amenity": "school", "building": null, "shop": null, "landuse": null }, "geometry": { "type": "Point", "coordinates": [ 121.06113040000001, 14.617044 ] } },
{ "type": "Feature", "properties": { "name": "St. Therese Learning Center", "category": "mixed", "amenity": "school", "building": null, "shop": null, "landuse": null }, "geometry": { "type": "Point", "coordinates": [ 121.030997, 14.6619942 ] } },
{ "type": "Feature", "properties": { "name": "Luckywell Pawnshop & Gadget Center", "category": "mixed", "amenity": null, "building": null, "shop": "pawnbroker", "landuse": null }, "geometry": { "type": "Point", "coordinates": [ 121.0265, 14.6603843 ] } },
{ "type": "Feature", "properties": { "name": "Nexus Enterprises & Electrical Supply", "category": "mixed", "amenity": null, "building": null, "shop": "hardware", "landuse": null }, "geometry": { "type": "Point", "coordinates": [ 121.0196009, 14.6584208 ] } },
{ "type": "Feature", "properties": { "name": "Villarica", "category": "mixed", "amenity": null, "building": null, "shop": "pawnbroker", "landuse": null }, "geometry": { "type": "Point", "coordinates": [ 121.019973399999984, 14.6585094 ] } },
{ "type": "Feature", "properties": { "name": "Eco Muñoz Enterprises Corp.", "category": "mixed", "amenity": null, "building": null, "shop": "hardware", "landuse": null }, "geometry": { "type": "Point", "coordinates": [ 121.0196041, 14.6584558 ] } },
{ "type": "Feature", "properties": { "name": "Bonconstruct Trading Corporation", "category": "mixed", "amenity": null, "building": null, "shop": "hardware", "landuse": null }, "geometry": { "type": "Point", "coordinates": [ 121.0195945, 14.6583601 ] } },
{ "type": "Feature", "properties": { "name": "Oval Dental Supplies", "category": "mixed", "amenity": null, "building": null, "shop": "dental_supply", "landuse": null }, "geometry": { "type": "Point", "coordinates": [ 121.01958639999998, 14.6583198 ] } },
{ "type": "Feature", "properties": { "name": "ConSuerteMotors", "category": "mixed", "amenity": null, "building": null, "shop": "motorcycle", "landuse": null }, "geometry": { "type": "Point", "coordinates": [ 121.0196105, 14.6585176 ] } },
{ "type": "Feature", "properties": { "name": "Square-B Commercial", "category": "mixed", "amenity": null, "building": null, "shop": "hardware", "landuse": null }, "geometry": { "type": "Point", "coordinates": [ 121.0196281, 14.6587098 ] } },
{ "type": "Feature", "properties": { "name": "3LN Photocopy Service", "category": "mixed", "amenity": null, "building": null, "shop": "copyshop", "landuse": null }, "geometry": { "type": "Point", "coordinates": [ 121.019614, 14.6585508 ] } },
{ "type": "Feature", "properties": { "name": "15th Avenue Salon", "category": "mixed", "amenity": null, "building": null, "shop": "beauty", "landuse": null }, "geometry": { "type": "Point", "coordinates": [ 121.059015400000021, 14.6200848 ] } },
{ "type": "Feature", "properties": { "name": "Blanche Laundry & Dry Cleaning", "category": "mixed", "amenity": null, "building": null, "shop": "laundry", "landuse": null }, "geometry": { "type": "Point", "coordinates": [ 121.0590729, 14.6201013 ] } },
{ "type": "Feature", "properties": { "name": "Motorstar", "category": "mixed", "amenity": null, "building": null, "shop": "motorcycle", "landuse": null }, "geometry": { "type": "Point", "coordinates": [ 121.05921020000001, 14.6201497 ] } },
{ "type": "Feature", "properties": { "name": "LSC Hardware and Construction Supply", "category": "mixed", "amenity": null, "building": null, "shop": "hardware", "landuse": null }, "geometry": { "type": "Point", "coordinates": [ 121.05891530000001, 14.620057 ] } },
{ "type": "Feature", "properties": { "name": "Korean Mart Samgyupsal Meat & Grocery", "category": "mixed", "amenity": null, "building": null, "shop": "general", "landuse": null }, "geometry": { "type": "Point", "coordinates": [ 121.0628887, 14.621038 ] } },
{ "type": "Feature", "properties": { "name": "Tita Jay's Pet Shop", "category": "mixed", "amenity": null, "building": null, "shop": "pet", "landuse": null }, "geometry": { "type": "Point", "coordinates": [ 121.062908900000011, 14.6209473 ] } },
{ "type": "Feature", "properties": { "name": null, "category": "mixed", "amenity": null, "building": null, "shop": "computer", "landuse": null }, "geometry": { "type": "Point", "coordinates": [ 121.0346281, 14.6136027 ] } },
{ "type": "Feature", "properties": { "name": null, "category": "mixed", "amenity": null, "building": null, "shop": null, "landuse": null }, "geometry": { "type": "Point", "coordinates": [ 121.006127, 14.649837 ] } },
{ "type": "Feature", "properties": { "name": "WalterMart", "category": "mixed", "amenity": null, "building": null, "shop": "mall", "landuse": null }, "geometry": { "type": "Point", "coordinates": [ 121.0328996, 14.6409625 ] } },
{ "type": "Feature", "properties": { "name": "Dali", "category": "mixed", "amenity": null, "building": null, "shop": "convenience", "landuse": null }, "geometry": { "type": "Point", "coordinates": [ 121.0487377, 14.6252398 ] } },
{ "type": "Feature", "properties": { "name": "BIR Revenue District Office № 28", "category": "mixed", "amenity": null, "building": null, "shop": null, "landuse": null }, "geometry": { "type": "Point", "coordinates": [ 121.0555534, 14.7176171 ] } },
{ "type": "Feature", "properties": { "name": null, "category": "mixed", "amenity": null, "building": null, "shop": "car_repair", "landuse": null }, "geometry": { "type": "Point", "coordinates": [ 121.0353899, 14.6434751 ] } },
{ "type": "Feature", "properties": { "name": "7-Eleven", "category": "mixed", "amenity": null, "building": null, "shop": "convenience", "landuse": null }, "geometry": { "type": "Point", "coordinates": [ 121.045538, 14.6577172 ] } },
{ "type": "Feature", "properties": { "name": "ADR", "category": "mixed", "amenity": null, "building": null, "shop": "furniture", "landuse": null }, "geometry": { "type": "Point", "coordinates": [ 121.0446569, 14.6525863 ] } },
{ "type": "Feature", "properties": { "name": "David's Tea House Frozen Dimsum Wholesale", "category": "mixed", "amenity": null, "building": null, "shop": "frozen_food", "landuse": null }, "geometry": { "type": "Point", "coordinates": [ 121.0453648, 14.6304372 ] } },
{ "type": "Feature", "properties": { "name": "Japan Surplus", "category": "mixed", "amenity": null, "building": null, "shop": "variety_store", "landuse": null }, "geometry": { "type": "Point", "coordinates": [ 121.04442419999998, 14.6301876 ] } },
{ "type": "Feature", "properties": { "name": "Intierro Fenix Lifestyle and Antiques", "category": "mixed", "amenity": null, "building": null, "shop": "antiques", "landuse": null }, "geometry": { "type": "Point", "coordinates": [ 121.0445835, 14.630287 ] } },
{ "type": "Feature", "properties": { "name": "Watsons", "category": "mixed", "amenity": null, "building": null, "shop": "chemist", "landuse": null }, "geometry": { "type": "Point", "coordinates": [ 121.0410101, 14.6294825 ] } },
{ "type": "Feature", "properties": { "name": null, "category": "mixed", "amenity": "taxi", "building": null, "shop": null, "landuse": null }, "geometry": { "type": "Point", "coordinates": [ 121.0734263, 14.6417728 ] } },
{ "type": "Feature", "properties": { "name": "Gasul", "category": "mixed", "amenity": null, "building": null, "shop": "gas", "landuse": null }, "geometry": { "type": "Point", "coordinates": [ 121.045566500000021, 14.6338342 ] } },
{ "type": "Feature", "properties": { "name": "Sangguniang Kabataan ng Kalusugan", "category": "mixed", "amenity": null, "building": null, "shop": null, "landuse": null }, "geometry": { "type": "Point", "coordinates": [ 121.022459, 14.6256793 ] } },
{ "type": "Feature", "properties": { "name": "Sangguniang Pambarangay ng Kalusugan", "category": "mixed", "amenity": null, "building": null, "shop": null, "landuse": null }, "geometry": { "type": "Point", "coordinates": [ 121.022453900000016, 14.6256916 ] } },
{ "type": "Feature", "properties": { "name": null, "category": "mixed", "amenity": "taxi", "building": null, "shop": null, "landuse": null }, "geometry": { "type": "Point", "coordinates": [ 121.0964236, 14.695313 ] } },
{ "type": "Feature", "properties": { "name": "St Bernadette Nursing School", "category": "mixed", "amenity": "college", "building": null, "shop": null, "landuse": null }, "geometry": { "type": "Point", "coordinates": [ 121.0308409, 14.6944321 ] } },
{ "type": "Feature", "properties": { "name": "Ishimito Philippines", "category": "mixed", "amenity": null, "building": null, "shop": "car_repair", "landuse": null }, "geometry": { "type": "Point", "coordinates": [ 120.9950294, 14.646425 ] } },
{ "type": "Feature", "properties": { "name": "Liwanag House by Ben&Ben", "category": "mixed", "amenity": null, "building": null, "shop": "clothes", "landuse": null }, "geometry": { "type": "Point", "coordinates": [ 121.0599929, 14.5909069 ] } },
{ "type": "Feature", "properties": { "name": null, "category": "mixed", "amenity": null, "building": null, "shop": "convenience", "landuse": null }, "geometry": { "type": "Point", "coordinates": [ 121.050206700000018, 14.6612089 ] } },
{ "type": "Feature", "properties": { "name": "Mary Grace Store", "category": "mixed", "amenity": null, "building": null, "shop": "convenience", "landuse": null }, "geometry": { "type": "Point", "coordinates": [ 121.0495217, 14.6613787 ] } },
{ "type": "Feature", "properties": { "name": "Zion Store", "category": "mixed", "amenity": null, "building": null, "shop": "convenience", "landuse": null }, "geometry": { "type": "Point", "coordinates": [ 121.0494888, 14.6613941 ] } },
{ "type": "Feature", "properties": { "name": null, "category": "mixed", "amenity": null, "building": null, "shop": "bakery", "landuse": null }, "geometry": { "type": "Point", "coordinates": [ 121.045133400000012, 14.6268854 ] } },
{ "type": "Feature", "properties": { "name": "The House of Pianono", "category": "mixed", "amenity": null, "building": null, "shop": "bakery", "landuse": null }, "geometry": { "type": "Point", "coordinates": [ 121.0588123, 14.6996885 ] } },
{ "type": "Feature", "properties": { "name": "Good Fumes", "category": "mixed", "amenity": null, "building": null, "shop": "e-cigarette", "landuse": null }, "geometry": { "type": "Point", "coordinates": [ 121.05118010000001, 14.6212659 ] } },
{ "type": "Feature", "properties": { "name": "Hidalgo Barbershop", "category": "mixed", "amenity": null, "building": null, "shop": "hairdresser", "landuse": null }, "geometry": { "type": "Point", "coordinates": [ 121.051085500000013, 14.6214366 ] } },
{ "type": "Feature", "properties": { "name": "Miniso", "category": "mixed", "amenity": null, "building": null, "shop": "variety_store", "landuse": null }, "geometry": { "type": "Point", "coordinates": [ 121.0533366, 14.622199 ] } },
{ "type": "Feature", "properties": { "name": "7-Eleven", "category": "mixed", "amenity": null, "building": null, "shop": "convenience", "landuse": null }, "geometry": { "type": "Point", "coordinates": [ 121.052047799999983, 14.6217629 ] } },
{ "type": "Feature", "properties": { "name": "608 Victory Breads", "category": "mixed", "amenity": null, "building": null, "shop": "bakery", "landuse": null }, "geometry": { "type": "Point", "coordinates": [ 121.052270399999983, 14.6213386 ] } },
{ "type": "Feature", "properties": { "name": "Vertis North", "category": "mixed", "amenity": null, "building": null, "shop": null, "landuse": null }, "geometry": { "type": "Point", "coordinates": [ 121.0363046, 14.6513561 ] } },
{ "type": "Feature", "properties": { "name": "7th Avenue", "category": "mixed", "amenity": null, "building": null, "shop": null, "landuse": null }, "geometry": { "type": "Point", "coordinates": [ 120.9947848, 14.646432 ] } },
{ "type": "Feature", "properties": { "name": "IE/ME Swell Room", "category": "mixed", "amenity": "university", "building": null, "shop": null, "landuse": null }, "geometry": { "type": "Point", "coordinates": [ 121.0708489, 14.6573826 ] } },
{ "type": "Feature", "properties": { "name": "SM City North EDSA", "category": "mixed", "amenity": null, "building": null, "shop": null, "landuse": null }, "geometry": { "type": "Point", "coordinates": [ 121.0288259, 14.6573688 ] } },
{ "type": "Feature", "properties": { "name": "TGP", "category": "mixed", "amenity": "pharmacy", "building": null, "shop": "chemist", "landuse": null }, "geometry": { "type": "Point", "coordinates": [ 121.049767299999985, 14.664272 ] } },
{ "type": "Feature", "properties": { "name": "Ramon Magsaysay Hall", "category": "mixed", "amenity": null, "building": null, "shop": null, "landuse": null }, "geometry": { "type": "Point", "coordinates": [ 121.022258900000011, 14.6591095 ] } },
{ "type": "Feature", "properties": { "name": "7-Eleven", "category": "mixed", "amenity": null, "building": null, "shop": "convenience", "landuse": null }, "geometry": { "type": "Point", "coordinates": [ 120.9947586, 14.6467819 ] } },
{ "type": "Feature", "properties": { "name": "SM Supermarket", "category": "mixed", "amenity": null, "building": null, "shop": "supermarket", "landuse": null }, "geometry": { "type": "Point", "coordinates": [ 121.0293539, 14.6572523 ] } },
{ "type": "Feature", "properties": { "name": "7-Eleven", "category": "mixed", "amenity": null, "building": null, "shop": "convenience", "landuse": null }, "geometry": { "type": "Point", "coordinates": [ 121.048102600000021, 14.6624922 ] } },
{ "type": "Feature", "properties": { "name": null, "category": "mixed", "amenity": "taxi", "building": null, "shop": null, "landuse": null }, "geometry": { "type": "Point", "coordinates": [ 121.0001644, 14.6556153 ] } },
{ "type": "Feature", "properties": { "name": "Bantayog ng mga Bayani Museum", "category": "mixed", "amenity": null, "building": null, "shop": null, "landuse": null }, "geometry": { "type": "Point", "coordinates": [ 121.039542400000016, 14.6438018 ] } },
{ "type": "Feature", "properties": { "name": "Quezon City Hall Interchange", "category": "mixed", "amenity": null, "building": null, "shop": null, "landuse": null }, "geometry": { "type": "Point", "coordinates": [ 121.051856, 14.6495508 ] } },
{ "type": "Feature", "properties": { "name": null, "category": "mixed", "amenity": "taxi", "building": null, "shop": null, "landuse": null }, "geometry": { "type": "Point", "coordinates": [ 121.0013236, 14.6551 ] } },
{ "type": "Feature", "properties": { "name": "Ayala Malls Cloverleaf", "category": "mixed", "amenity": null, "building": null, "shop": null, "landuse": null }, "geometry": { "type": "Point", "coordinates": [ 121.0014115, 14.6549226 ] } },
{ "type": "Feature", "properties": { "name": "Balintawak", "category": "mixed", "amenity": null, "building": null, "shop": null, "landuse": null }, "geometry": { "type": "Point", "coordinates": [ 121.00432, 14.6564418 ] } },
{ "type": "Feature", "properties": { "name": "Pan de Manila", "category": "mixed", "amenity": null, "building": null, "shop": "bakery", "landuse": null }, "geometry": { "type": "Point", "coordinates": [ 121.0512103, 14.6200273 ] } },
{ "type": "Feature", "properties": { "name": "Salazar Bakery", "category": "mixed", "amenity": null, "building": null, "shop": "bakery", "landuse": null }, "geometry": { "type": "Point", "coordinates": [ 121.0511638, 14.6201642 ] } },
{ "type": "Feature", "properties": { "name": "Salazar Bakery", "category": "mixed", "amenity": null, "building": null, "shop": "bakery", "landuse": null }, "geometry": { "type": "Point", "coordinates": [ 121.0306594, 14.6567929 ] } },
{ "type": "Feature", "properties": { "name": "Dr. Martens", "category": "mixed", "amenity": null, "building": null, "shop": "shoes", "landuse": null }, "geometry": { "type": "Point", "coordinates": [ 121.0277412, 14.6568318 ] } },
{ "type": "Feature", "properties": { "name": "Fully Booked × Books Kinokuniya", "category": "mixed", "amenity": null, "building": null, "shop": "books", "landuse": null }, "geometry": { "type": "Point", "coordinates": [ 121.032561800000011, 14.6561291 ] } },
{ "type": "Feature", "properties": { "name": "Samsonite", "category": "mixed", "amenity": null, "building": null, "shop": "bag", "landuse": null }, "geometry": { "type": "Point", "coordinates": [ 121.0271401, 14.6567295 ] } },
{ "type": "Feature", "properties": { "name": "Baseus", "category": "mixed", "amenity": null, "building": null, "shop": "electronics", "landuse": null }, "geometry": { "type": "Point", "coordinates": [ 121.028175100000013, 14.6567764 ] } },
{ "type": "Feature", "properties": { "name": "Lord Stow's Bakery", "category": "mixed", "amenity": null, "building": null, "shop": "bakery", "landuse": null }, "geometry": { "type": "Point", "coordinates": [ 121.0331404, 14.6537358 ] } },
{ "type": "Feature", "properties": { "name": "Fully Booked", "category": "mixed", "amenity": null, "building": null, "shop": "books", "landuse": null }, "geometry": { "type": "Point", "coordinates": [ 121.033016500000016, 14.6530751 ] } },
{ "type": "Feature", "properties": { "name": "Microcadd Institute", "category": "mixed", "amenity": "college", "building": null, "shop": null, "landuse": null }, "geometry": { "type": "Point", "coordinates": [ 121.027526199999983, 14.6568951 ] } },
{ "type": "Feature", "properties": { "name": "AllHome", "category": "mixed", "amenity": null, "building": null, "shop": "furniture", "landuse": null }, "geometry": { "type": "Point", "coordinates": [ 121.0802874, 14.6040244 ] } },
{ "type": "Feature", "properties": { "name": "All Day Supermarket", "category": "mixed", "amenity": null, "building": null, "shop": "supermarket", "landuse": null }, "geometry": { "type": "Point", "coordinates": [ 121.0803089, 14.6038167 ] } },
{ "type": "Feature", "properties": { "name": "Dali", "category": "mixed", "amenity": null, "building": null, "shop": "convenience", "landuse": null }, "geometry": { "type": "Point", "coordinates": [ 120.999762800000013, 14.6214865 ] } },
{ "type": "Feature", "properties": { "name": "Robinsons Easymart", "category": "mixed", "amenity": null, "building": null, "shop": "convenience", "landuse": null }, "geometry": { "type": "Point", "coordinates": [ 121.069678600000017, 14.6595986 ] } },
{ "type": "Feature", "properties": { "name": "Heaven & Earth Spa", "category": "mixed", "amenity": null, "building": null, "shop": "massage", "landuse": null }, "geometry": { "type": "Point", "coordinates": [ 121.0521883, 14.6215411 ] } },
{ "type": "Feature", "properties": { "name": "O!Save", "category": "mixed", "amenity": null, "building": null, "shop": "convenience", "landuse": null }, "geometry": { "type": "Point", "coordinates": [ 121.0508718, 14.6290342 ] } },
{ "type": "Feature", "properties": { "name": "Department of Budget and Management - MIMAROPA Regional Office", "category": "mixed", "amenity": null, "building": null, "shop": null, "landuse": null }, "geometry": { "type": "Point", "coordinates": [ 121.015641500000015, 14.6308821 ] } },
{ "type": "Feature", "properties": { "name": "Mightee Mart", "category": "mixed", "amenity": null, "building": null, "shop": "convenience", "landuse": null }, "geometry": { "type": "Point", "coordinates": [ 121.024582599999988, 14.6532026 ] } },
{ "type": "Feature", "properties": { "name": "Isuzu Pasig", "category": "mixed", "amenity": null, "building": null, "shop": "car", "landuse": null }, "geometry": { "type": "Point", "coordinates": [ 121.0794895, 14.6056607 ] } },
{ "type": "Feature", "properties": { "name": null, "category": "mixed", "amenity": null, "building": null, "shop": "vacant", "landuse": null }, "geometry": { "type": "Point", "coordinates": [ 121.080578500000016, 14.6083371 ] } },
{ "type": "Feature", "properties": { "name": "Trinity Polytechnic College", "category": "mixed", "amenity": "school", "building": null, "shop": null, "landuse": null }, "geometry": { "type": "Point", "coordinates": [ 121.0329886, 14.6773052 ] } },
{ "type": "Feature", "properties": { "name": "Tricycle Station", "category": "mixed", "amenity": null, "building": null, "shop": null, "landuse": null }, "geometry": { "type": "Point", "coordinates": [ 121.0743955, 14.6411352 ] } },
{ "type": "Feature", "properties": { "name": "Puregold", "category": "mixed", "amenity": null, "building": null, "shop": "supermarket", "landuse": null }, "geometry": { "type": "Point", "coordinates": [ 121.080088600000011, 14.7044219 ] } },
{ "type": "Feature", "properties": { "name": "Tyche Nails", "category": "mixed", "amenity": null, "building": null, "shop": "beauty", "landuse": null }, "geometry": { "type": "Point", "coordinates": [ 121.074066299999984, 14.6419294 ] } },
{ "type": "Feature", "properties": { "name": null, "category": "mixed", "amenity": null, "building": null, "shop": "kiosk", "landuse": null }, "geometry": { "type": "Point", "coordinates": [ 121.070706500000014, 14.6519472 ] } },
{ "type": "Feature", "properties": { "name": null, "category": "mixed", "amenity": null, "building": null, "shop": "kiosk", "landuse": null }, "geometry": { "type": "Point", "coordinates": [ 121.071904800000013, 14.6525234 ] } },
{ "type": "Feature", "properties": { "name": null, "category": "mixed", "amenity": null, "building": null, "shop": "kiosk", "landuse": null }, "geometry": { "type": "Point", "coordinates": [ 121.0741144, 14.6525376 ] } },
{ "type": "Feature", "properties": { "name": null, "category": "mixed", "amenity": null, "building": null, "shop": "kiosk", "landuse": null }, "geometry": { "type": "Point", "coordinates": [ 121.0585849, 14.6659377 ] } },
{ "type": "Feature", "properties": { "name": "Sari-sari Store", "category": "mixed", "amenity": null, "building": null, "shop": "supermarket", "landuse": null }, "geometry": { "type": "Point", "coordinates": [ 121.077784100000017, 14.6780063 ] } },
{ "type": "Feature", "properties": { "name": "Robinsons Easymart", "category": "mixed", "amenity": null, "building": null, "shop": "convenience", "landuse": null }, "geometry": { "type": "Point", "coordinates": [ 121.0593048, 14.6257405 ] } },
{ "type": "Feature", "properties": { "name": "Toy Tycoon", "category": "mixed", "amenity": null, "building": null, "shop": "toys", "landuse": null }, "geometry": { "type": "Point", "coordinates": [ 121.0377045, 14.6157513 ] } },
{ "type": "Feature", "properties": { "name": "Circle C", "category": "mixed", "amenity": null, "building": null, "shop": "mall", "landuse": null }, "geometry": { "type": "Point", "coordinates": [ 121.0374368, 14.6707755 ] } },
{ "type": "Feature", "properties": { "name": "TriNoma Mindanao Lobby", "category": "mixed", "amenity": null, "building": null, "shop": "mall", "landuse": null }, "geometry": { "type": "Point", "coordinates": [ 121.034323199999989, 14.6525865 ] } },
{ "type": "Feature", "properties": { "name": "Zing! Mall Entrance", "category": "mixed", "amenity": null, "building": null, "shop": "mall", "landuse": null }, "geometry": { "type": "Point", "coordinates": [ 121.0331955, 14.6538962 ] } },
{ "type": "Feature", "properties": { "name": "Lawson", "category": "mixed", "amenity": null, "building": null, "shop": "convenience", "landuse": null }, "geometry": { "type": "Point", "coordinates": [ 121.0404205, 14.641285 ] } },
{ "type": "Feature", "properties": { "name": "Goldilocks", "category": "mixed", "amenity": null, "building": null, "shop": "bakery", "landuse": null }, "geometry": { "type": "Point", "coordinates": [ 121.044014, 14.6755928 ] } },
{ "type": "Feature", "properties": { "name": "Castelo-Gabaon Rice Center", "category": "mixed", "amenity": null, "building": null, "shop": "rice", "landuse": null }, "geometry": { "type": "Point", "coordinates": [ 121.042934700000018, 14.6760105 ] } },
{ "type": "Feature", "properties": { "name": "Little Achievers Learning Center", "category": "mixed", "amenity": "school", "building": null, "shop": null, "landuse": null }, "geometry": { "type": "Point", "coordinates": [ 121.0379094, 14.6734642 ] } },
{ "type": "Feature", "properties": { "name": "EU & Beyond", "category": "mixed", "amenity": null, "building": null, "shop": "travel_agency", "landuse": null }, "geometry": { "type": "Point", "coordinates": [ 121.0319749, 14.6559996 ] } },
{ "type": "Feature", "properties": { "name": null, "category": "mixed", "amenity": "taxi", "building": null, "shop": null, "landuse": null }, "geometry": { "type": "Point", "coordinates": [ 120.997936200000012, 14.6413936 ] } },
{ "type": "Feature", "properties": { "name": "Robinsons Easymart", "category": "mixed", "amenity": null, "building": null, "shop": "supermarket", "landuse": null }, "geometry": { "type": "Point", "coordinates": [ 121.0566908, 14.6214046 ] } },
{ "type": "Feature", "properties": { "name": "7-Eleven", "category": "mixed", "amenity": null, "building": null, "shop": "convenience", "landuse": null }, "geometry": { "type": "Point", "coordinates": [ 121.056855900000016, 14.6210449 ] } },
{ "type": "Feature", "properties": { "name": "UP-Katipunan Jeepney Terminal", "category": "mixed", "amenity": "bus_station", "building": null, "shop": null, "landuse": null }, "geometry": { "type": "Point", "coordinates": [ 121.074235700000017, 14.6324057 ] } },
{ "type": "Feature", "properties": { "name": "Tany", "category": "mixed", "amenity": null, "building": null, "shop": "hairdresser", "landuse": null }, "geometry": { "type": "Point", "coordinates": [ 121.044201, 14.6327551 ] } },
{ "type": "Feature", "properties": { "name": null, "category": "mixed", "amenity": null, "building": null, "shop": "convenience", "landuse": null }, "geometry": { "type": "Point", "coordinates": [ 121.0186895, 14.6297456 ] } },
{ "type": "Feature", "properties": { "name": "Soy & Bean", "category": "mixed", "amenity": null, "building": null, "shop": "health_food", "landuse": null }, "geometry": { "type": "Point", "coordinates": [ 121.0744104, 14.6425387 ] } },
{ "type": "Feature", "properties": { "name": null, "category": "mixed", "amenity": null, "building": null, "shop": "farm", "landuse": null }, "geometry": { "type": "Point", "coordinates": [ 121.0584587, 14.6541079 ] } },
{ "type": "Feature", "properties": { "name": "7-Eleven", "category": "mixed", "amenity": null, "building": null, "shop": "convenience", "landuse": null }, "geometry": { "type": "Point", "coordinates": [ 121.056477200000018, 14.657581 ] } },
{ "type": "Feature", "properties": { "name": "Sisid", "category": "mixed", "amenity": null, "building": null, "shop": "water_sports", "landuse": null }, "geometry": { "type": "Point", "coordinates": [ 121.074143, 14.6423809 ] } },
{ "type": "Feature", "properties": { "name": "CVM", "category": "mixed", "amenity": null, "building": null, "shop": "pawnbroker", "landuse": null }, "geometry": { "type": "Point", "coordinates": [ 121.0742032, 14.6424175 ] } },
{ "type": "Feature", "properties": { "name": "Boston Barbers", "category": "mixed", "amenity": null, "building": null, "shop": "hairdresser", "landuse": null }, "geometry": { "type": "Point", "coordinates": [ 121.074373100000017, 14.642509 ] } },
{ "type": "Feature", "properties": { "name": "OBCH TODA", "category": "mixed", "amenity": "taxi", "building": null, "shop": null, "landuse": null }, "geometry": { "type": "Point", "coordinates": [ 121.0740364, 14.6575978 ] } },
{ "type": "Feature", "properties": { "name": "Mango", "category": "mixed", "amenity": null, "building": null, "shop": "clothes", "landuse": null }, "geometry": { "type": "Point", "coordinates": [ 121.07496620000002, 14.6516049 ] } },
{ "type": "Feature", "properties": { "name": "Healthy Options", "category": "mixed", "amenity": null, "building": null, "shop": "greengrocer", "landuse": null }, "geometry": { "type": "Point", "coordinates": [ 121.0749398, 14.6523484 ] } },
{ "type": "Feature", "properties": { "name": "Baker's Fair", "category": "mixed", "amenity": null, "building": null, "shop": "pastry", "landuse": null }, "geometry": { "type": "Point", "coordinates": [ 121.0753955, 14.6509135 ] } },
{ "type": "Feature", "properties": { "name": "Kumori", "category": "mixed", "amenity": null, "building": null, "shop": "pastry", "landuse": null }, "geometry": { "type": "Point", "coordinates": [ 121.0753884, 14.6511271 ] } },
{ "type": "Feature", "properties": { "name": "Kinetix", "category": "mixed", "amenity": null, "building": null, "shop": null, "landuse": null }, "geometry": { "type": "Point", "coordinates": [ 121.0747192, 14.6491091 ] } },
{ "type": "Feature", "properties": { "name": "Dogs And The City", "category": "mixed", "amenity": null, "building": null, "shop": "pet", "landuse": null }, "geometry": { "type": "Point", "coordinates": [ 121.074697700000016, 14.6494118 ] } },
{ "type": "Feature", "properties": { "name": "Piandré", "category": "mixed", "amenity": null, "building": null, "shop": "hairdresser", "landuse": null }, "geometry": { "type": "Point", "coordinates": [ 121.074898499999989, 14.651137 ] } },
{ "type": "Feature", "properties": { "name": "Nike", "category": "mixed", "amenity": null, "building": null, "shop": "clothes", "landuse": null }, "geometry": { "type": "Point", "coordinates": [ 121.0752985, 14.6515584 ] } },
{ "type": "Feature", "properties": { "name": "Doctor Leather", "category": "mixed", "amenity": null, "building": null, "shop": "leather", "landuse": null }, "geometry": { "type": "Point", "coordinates": [ 121.0749255, 14.6510274 ] } },
{ "type": "Feature", "properties": { "name": "Abenson", "category": "mixed", "amenity": null, "building": null, "shop": "electronics", "landuse": null }, "geometry": { "type": "Point", "coordinates": [ 121.074909600000012, 14.6514347 ] } },
{ "type": "Feature", "properties": { "name": "Grind", "category": "mixed", "amenity": null, "building": null, "shop": "clothes", "landuse": null }, "geometry": { "type": "Point", "coordinates": [ 121.0755569, 14.6502006 ] } },
{ "type": "Feature", "properties": { "name": "San-Yang", "category": "mixed", "amenity": null, "building": null, "shop": "furniture", "landuse": null }, "geometry": { "type": "Point", "coordinates": [ 121.075442400000014, 14.6494577 ] } },
{ "type": "Feature", "properties": { "name": "Brow Lounge", "category": "mixed", "amenity": null, "building": null, "shop": "beauty", "landuse": null }, "geometry": { "type": "Point", "coordinates": [ 121.0752359, 14.6502781 ] } },
{ "type": "Feature", "properties": { "name": "Beyond The Box", "category": "mixed", "amenity": null, "building": null, "shop": "mobile_phone", "landuse": null }, "geometry": { "type": "Point", "coordinates": [ 121.0754167, 14.6502912 ] } },
{ "type": "Feature", "properties": { "name": "Converse", "category": "mixed", "amenity": null, "building": null, "shop": "shoes", "landuse": null }, "geometry": { "type": "Point", "coordinates": [ 121.075471599999986, 14.6502581 ] } },
{ "type": "Feature", "properties": { "name": "A Refinery", "category": "mixed", "amenity": null, "building": null, "shop": "hifi", "landuse": null }, "geometry": { "type": "Point", "coordinates": [ 121.0756014, 14.6501463 ] } },
{ "type": "Feature", "properties": { "name": "Data Blitz", "category": "mixed", "amenity": null, "building": null, "shop": "electronics", "landuse": null }, "geometry": { "type": "Point", "coordinates": [ 121.0756118, 14.6500856 ] } },
{ "type": "Feature", "properties": { "name": "Ogawa", "category": "mixed", "amenity": null, "building": null, "shop": "furniture", "landuse": null }, "geometry": { "type": "Point", "coordinates": [ 121.0754936, 14.64997 ] } },
{ "type": "Feature", "properties": { "name": "Fun Mobile", "category": "mixed", "amenity": null, "building": null, "shop": "mobile_phone", "landuse": null }, "geometry": { "type": "Point", "coordinates": [ 121.0755104, 14.6495551 ] } },
{ "type": "Feature", "properties": { "name": "Handyman", "category": "mixed", "amenity": null, "building": null, "shop": "convenience", "landuse": null }, "geometry": { "type": "Point", "coordinates": [ 121.0752269, 14.6492487 ] } },
{ "type": "Feature", "properties": { "name": "Furniture Republic", "category": "mixed", "amenity": null, "building": null, "shop": "furniture", "landuse": null }, "geometry": { "type": "Point", "coordinates": [ 121.075410300000016, 14.6493679 ] } },
{ "type": "Feature", "properties": { "name": "Speedo", "category": "mixed", "amenity": null, "building": null, "shop": "water_sports", "landuse": null }, "geometry": { "type": "Point", "coordinates": [ 121.0756426, 14.6499291 ] } },
{ "type": "Feature", "properties": { "name": "Digital Walker", "category": "mixed", "amenity": null, "building": null, "shop": "electronics", "landuse": null }, "geometry": { "type": "Point", "coordinates": [ 121.075549800000019, 14.649616 ] } },
{ "type": "Feature", "properties": { "name": "BLK 513", "category": "mixed", "amenity": null, "building": null, "shop": "pastry", "landuse": null }, "geometry": { "type": "Point", "coordinates": [ 121.0749539, 14.6499212 ] } },
{ "type": "Feature", "properties": { "name": "Wonder", "category": "mixed", "amenity": null, "building": null, "shop": "photo", "landuse": null }, "geometry": { "type": "Point", "coordinates": [ 121.0755959, 14.649677 ] } },
{ "type": "Feature", "properties": { "name": "Oldmoon Studio", "category": "mixed", "amenity": null, "building": null, "shop": "photo", "landuse": null }, "geometry": { "type": "Point", "coordinates": [ 121.07547670000001, 14.6497842 ] } },
{ "type": "Feature", "properties": { "name": "GameXtreme", "category": "mixed", "amenity": null, "building": null, "shop": "video_games", "landuse": null }, "geometry": { "type": "Point", "coordinates": [ 121.0754957, 14.6498924 ] } },
{ "type": "Feature", "properties": { "name": "Urbanize", "category": "mixed", "amenity": null, "building": null, "shop": "bag", "landuse": null }, "geometry": { "type": "Point", "coordinates": [ 121.0756484, 14.6498225 ] } },
{ "type": "Feature", "properties": { "name": "UrbanGiz", "category": "mixed", "amenity": null, "building": null, "shop": "electronics", "landuse": null }, "geometry": { "type": "Point", "coordinates": [ 121.0756415, 14.6500224 ] } },
{ "type": "Feature", "properties": { "name": "Main Library Kiosks", "category": "mixed", "amenity": null, "building": null, "shop": "kiosk", "landuse": null }, "geometry": { "type": "Point", "coordinates": [ 121.070774699999987, 14.6560725 ] } },
{ "type": "Feature", "properties": { "name": "food stall", "category": "mixed", "amenity": null, "building": null, "shop": "kiosk", "landuse": null }, "geometry": { "type": "Point", "coordinates": [ 121.070874, 14.655967 ] } },
{ "type": "Feature", "properties": { "name": null, "category": "mixed", "amenity": null, "building": null, "shop": "kiosk", "landuse": null }, "geometry": { "type": "Point", "coordinates": [ 121.0708141, 14.6560907 ] } },
{ "type": "Feature", "properties": { "name": null, "category": "mixed", "amenity": null, "building": null, "shop": "kiosk", "landuse": null }, "geometry": { "type": "Point", "coordinates": [ 121.070838, 14.6560033 ] } },
{ "type": "Feature", "properties": { "name": null, "category": "mixed", "amenity": null, "building": null, "shop": "kiosk", "landuse": null }, "geometry": { "type": "Point", "coordinates": [ 121.0707034, 14.6560335 ] } },
{ "type": "Feature", "properties": { "name": null, "category": "mixed", "amenity": null, "building": null, "shop": "kiosk", "landuse": null }, "geometry": { "type": "Point", "coordinates": [ 121.070598299999986, 14.6562035 ] } },
{ "type": "Feature", "properties": { "name": "La Lavada", "category": "mixed", "amenity": null, "building": null, "shop": "dry_cleaning", "landuse": null }, "geometry": { "type": "Point", "coordinates": [ 121.0733958, 14.6405688 ] } },
{ "type": "Feature", "properties": { "name": "Pio Minimart", "category": "mixed", "amenity": null, "building": null, "shop": "convenience", "landuse": null }, "geometry": { "type": "Point", "coordinates": [ 121.073386, 14.6403461 ] } },
{ "type": "Feature", "properties": { "name": null, "category": "mixed", "amenity": null, "building": null, "shop": "tattoo", "landuse": null }, "geometry": { "type": "Point", "coordinates": [ 121.0734347, 14.6403527 ] } },
{ "type": "Feature", "properties": { "name": "Anytime Fitness", "category": "mixed", "amenity": null, "building": null, "shop": null, "landuse": null }, "geometry": { "type": "Point", "coordinates": [ 121.056045800000021, 14.6570122 ] } },
{ "type": "Feature", "properties": { "name": "OBCH Toda", "category": "mixed", "amenity": "taxi", "building": null, "shop": null, "landuse": null }, "geometry": { "type": "Point", "coordinates": [ 121.0746615, 14.6539784 ] } },
{ "type": "Feature", "properties": { "name": "Herschel Supply Company", "category": "mixed", "amenity": null, "building": null, "shop": "bag", "landuse": null }, "geometry": { "type": "Point", "coordinates": [ 121.033431899999982, 14.6527167 ] } },
{ "type": "Feature", "properties": { "name": "Onward", "category": "mixed", "amenity": null, "building": null, "shop": "bag", "landuse": null }, "geometry": { "type": "Point", "coordinates": [ 121.033397, 14.6527829 ] } },
{ "type": "Feature", "properties": { "name": "Tommy Hilfiger", "category": "mixed", "amenity": null, "building": null, "shop": "clothes", "landuse": null }, "geometry": { "type": "Point", "coordinates": [ 121.0333461, 14.6528477 ] } },
{ "type": "Feature", "properties": { "name": "Pazzion", "category": "mixed", "amenity": null, "building": null, "shop": "boutique", "landuse": null }, "geometry": { "type": "Point", "coordinates": [ 121.033271, 14.6529321 ] } },
{ "type": "Feature", "properties": { "name": "Calvin Klein", "category": "mixed", "amenity": null, "building": null, "shop": "clothes", "landuse": null }, "geometry": { "type": "Point", "coordinates": [ 121.0332039, 14.6530437 ] } },
{ "type": "Feature", "properties": { "name": "Marks & Spencer", "category": "mixed", "amenity": null, "building": null, "shop": "clothes", "landuse": null }, "geometry": { "type": "Point", "coordinates": [ 121.0331047, 14.653163 ] } },
{ "type": "Feature", "properties": { "name": "Healthy Options", "category": "mixed", "amenity": null, "building": null, "shop": "health_food", "landuse": null }, "geometry": { "type": "Point", "coordinates": [ 121.0330242, 14.6532409 ] } },
{ "type": "Feature", "properties": { "name": "Toni & Guy", "category": "mixed", "amenity": null, "building": null, "shop": "hairdresser", "landuse": null }, "geometry": { "type": "Point", "coordinates": [ 121.032941, 14.6533602 ] } },
{ "type": "Feature", "properties": { "name": "Gourdo's", "category": "mixed", "amenity": null, "building": null, "shop": "houseware", "landuse": null }, "geometry": { "type": "Point", "coordinates": [ 121.0328445, 14.6534978 ] } },
{ "type": "Feature", "properties": { "name": "Toys R Us", "category": "mixed", "amenity": null, "building": null, "shop": "toys", "landuse": null }, "geometry": { "type": "Point", "coordinates": [ 121.032764, 14.653599 ] } },
{ "type": "Feature", "properties": { "name": "Tambunting", "category": "mixed", "amenity": null, "building": null, "shop": "pawnbroker", "landuse": null }, "geometry": { "type": "Point", "coordinates": [ 121.029989900000018, 14.6547421 ] } },
{ "type": "Feature", "properties": { "name": "Cebuana Lhuillier", "category": "mixed", "amenity": null, "building": null, "shop": "pawnbroker", "landuse": null }, "geometry": { "type": "Point", "coordinates": [ 121.0300013, 14.6548095 ] } },
{ "type": "Feature", "properties": { "name": "Ablaza Pawnshop", "category": "mixed", "amenity": null, "building": null, "shop": "pawnbroker", "landuse": null }, "geometry": { "type": "Point", "coordinates": [ 121.0302079, 14.6548757 ] } },
{ "type": "Feature", "properties": { "name": null, "category": "mixed", "amenity": null, "building": null, "shop": "ticket", "landuse": null }, "geometry": { "type": "Point", "coordinates": [ 121.032477400000019, 14.6523589 ] } },
{ "type": "Feature", "properties": { "name": null, "category": "mixed", "amenity": null, "building": null, "shop": "ticket", "landuse": null }, "geometry": { "type": "Point", "coordinates": [ 121.0320873, 14.6521244 ] } },
{ "type": "Feature", "properties": { "name": "7-Eleven", "category": "mixed", "amenity": null, "building": null, "shop": "convenience", "landuse": null }, "geometry": { "type": "Point", "coordinates": [ 121.0318373, 14.6523871 ] } },
{ "type": "Feature", "properties": { "name": "Uncle John's", "category": "mixed", "amenity": null, "building": null, "shop": "convenience", "landuse": null }, "geometry": { "type": "Point", "coordinates": [ 121.0320982, 14.6519538 ] } },
{ "type": "Feature", "properties": { "name": "Blackmagic Inc.", "category": "mixed", "amenity": null, "building": null, "shop": "tattoo", "landuse": null }, "geometry": { "type": "Point", "coordinates": [ 121.0565108, 14.6221515 ] } },
{ "type": "Feature", "properties": { "name": "Garapata Store", "category": "mixed", "amenity": null, "building": null, "shop": "clothes", "landuse": null }, "geometry": { "type": "Point", "coordinates": [ 121.0569229, 14.6221607 ] } },
{ "type": "Feature", "properties": { "name": "Primo", "category": "mixed", "amenity": null, "building": null, "shop": "motorcycle", "landuse": null }, "geometry": { "type": "Point", "coordinates": [ 121.056515100000013, 14.6221406 ] } },
{ "type": "Feature", "properties": { "name": "Upbeat Merchandise - Diliman", "category": "mixed", "amenity": null, "building": null, "shop": "clothes", "landuse": null }, "geometry": { "type": "Point", "coordinates": [ 121.070032600000019, 14.6596011 ] } },
{ "type": "Feature", "properties": { "name": "Hnadyman DiliMall", "category": "mixed", "amenity": null, "building": null, "shop": "hardware", "landuse": null }, "geometry": { "type": "Point", "coordinates": [ 121.0692292, 14.6596379 ] } },
{ "type": "Feature", "properties": { "name": "Jayniel Sari-Sari Store", "category": "mixed", "amenity": null, "building": null, "shop": "convenience", "landuse": null }, "geometry": { "type": "Point", "coordinates": [ 121.0765652, 14.6495404 ] } },
{ "type": "Feature", "properties": { "name": "Commonwealth Christian Academy Foundation", "category": "mixed", "amenity": "school", "building": null, "shop": null, "landuse": null }, "geometry": { "type": "Point", "coordinates": [ 121.0929622, 14.6979029 ] } },
{ "type": "Feature", "properties": { "name": "Commonwealth Adventist Elementary School", "category": "mixed", "amenity": "school", "building": null, "shop": null, "landuse": null }, "geometry": { "type": "Point", "coordinates": [ 121.0932076, 14.6977492 ] } },
{ "type": "Feature", "properties": { "name": null, "category": "mixed", "amenity": null, "building": null, "shop": "vacant", "landuse": null }, "geometry": { "type": "Point", "coordinates": [ 121.0558181, 14.6574347 ] } },
{ "type": "Feature", "properties": { "name": null, "category": "mixed", "amenity": null, "building": null, "shop": "vacant", "landuse": null }, "geometry": { "type": "Point", "coordinates": [ 121.0558148, 14.6575408 ] } },
{ "type": "Feature", "properties": { "name": null, "category": "mixed", "amenity": null, "building": null, "shop": "vacant", "landuse": null }, "geometry": { "type": "Point", "coordinates": [ 121.0561866, 14.6578019 ] } },
{ "type": "Feature", "properties": { "name": null, "category": "mixed", "amenity": null, "building": null, "shop": "vacant", "landuse": null }, "geometry": { "type": "Point", "coordinates": [ 121.056258, 14.6577792 ] } },
{ "type": "Feature", "properties": { "name": null, "category": "mixed", "amenity": null, "building": null, "shop": null, "landuse": null }, "geometry": { "type": "Point", "coordinates": [ 121.065301399999981, 14.6564559 ] } },
{ "type": "Feature", "properties": { "name": null, "category": "mixed", "amenity": null, "building": null, "shop": null, "landuse": null }, "geometry": { "type": "Point", "coordinates": [ 121.0657283, 14.6565216 ] } },
{ "type": "Feature", "properties": { "name": null, "category": "mixed", "amenity": null, "building": null, "shop": null, "landuse": null }, "geometry": { "type": "Point", "coordinates": [ 121.0655675, 14.6569435 ] } }
]
}
