{
"type": "FeatureCollection",
"name": "qc_roads_major_nodes",
"crs": { "type": "name", "properties": { "name": "urn:ogc:def:crs:OGC:1.3:CRS84" } },
"features": [
{ "type": "Feature", "properties": { "osmid": 40820737, "y": 14.6300986, "x": 121.0276829, "street_count": 4, "highway": "" }, "geometry": { "type": "Point", "coordinates": [ 121.0276829, 14.6300986 ] } },
{ "type": "Feature", "properties": { "osmid": 7899078672, "y": 14.6648369, "x": 121.0693552, "street_count": 3, "highway": "" }, "geometry": { "type": "Point", "coordinates": [ 121.0693552, 14.6648369 ] } },
{ "type": "Feature", "properties": { "osmid": 3666796561, "y": 14.6335693, "x": 121.0446183, "street_count": 3, "highway": "" }, "geometry": { "type": "Point", "coordinates": [ 121.0446183, 14.6335693 ] } },
{ "type": "Feature", "properties": { "osmid": 1423917074, "y": 14.7162894, "x": 121.0206575, "street_count": 4, "highway": "" }, "geometry": { "type": "Point", "coordinates": [ 121.0206575, 14.7162894 ] } },
{ "type": "Feature", "properties": { "osmid": 1423917076, "y": 14.7163207, "x": 121.0207458, "street_count": 4, "highway": "" }, "geometry": { "type": "Point", "coordinates": [ 121.0207458, 14.7163207 ] } },
{ "type": "Feature", "properties": { "osmid": 2611781652, "y": 14.6247218, "x": 121.0092094, "street_count": 3, "highway": "" }, "geometry": { "type": "Point", "coordinates": [ 121.0092094, 14.6247218 ] } },
{ "type": "Feature", "properties": { "osmid": 2299387932, "y": 14.7200778, "x": 121.1004069, "street_count": 3, "highway": "" }, "geometry": { "type": "Point", "coordinates": [ 121.1004069, 14.7200778 ] } },
{ "type": "Feature", "properties": { "osmid": 299687966, "y": 14.7496051, "x": 121.0833806, "street_count": 3, "highway": "" }, "geometry": { "type": "Point", "coordinates": [ 121.0833806, 14.7496051 ] } },
{ "type": "Feature", "properties": { "osmid": 247717923, "y": 14.6879598, "x": 121.0311628, "street_count": 3, "highway": "" }, "geometry": { "type": "Point", "coordinates": [ 121.0311628, 14.6879598 ] } },
{ "type": "Feature", "properties": { "osmid": 5473026085, "y": 14.6654589, "x": 121.0709662, "street_count": 3, "highway": "" }, "geometry": { "type": "Point", "coordinates": [ 121.0709662, 14.6654589 ] } },
{ "type": "Feature", "properties": { "osmid": 9788850216, "y": 14.676933, "x": 121.0161997, "street_count": 3, "highway": "" }, "geometry": { "type": "Point", "coordinates": [ 121.0161997, 14.676933 ] } },
{ "type": "Feature", "properties": { "osmid": 5290876970, "y": 14.5961834, "x": 121.0595758, "street_count": 4, "highway": "" }, "geometry": { "type": "Point", "coordinates": [ 121.0595758, 14.5961834 ] } },
{ "type": "Feature", "properties": { "osmid": 60448815, "y": 14.6336679, "x": 121.0015819, "street_count": 3, "highway": "" }, "geometry": { "type": "Point", "coordinates": [ 121.0015819, 14.6336679 ] } },
{ "type": "Feature", "properties": { "osmid": 2323816496, "y": 14.6795114, "x": 121.0229243, "street_count": 3, "highway": "" }, "geometry": { "type": "Point", "coordinates": [ 121.0229243, 14.6795114 ] } },
{ "type": "Feature", "properties": { "osmid": 247717937, "y": 14.6770434, "x": 121.0321992, "street_count": 3, "highway": "" }, "geometry": { "type": "Point", "coordinates": [ 121.0321992, 14.6770434 ] } },
{ "type": "Feature", "properties": { "osmid": 251109441, "y": 14.6765084, "x": 121.0419235, "street_count": 3, "highway": "" }, "geometry": { "type": "Point", "coordinates": [ 121.0419235, 14.6765084 ] } },
{ "type": "Feature", "properties": { "osmid": 250544196, "y": 14.6767473, "x": 121.0342905, "street_count": 3, "highway": "" }, "geometry": { "type": "Point", "coordinates": [ 121.0342905, 14.6767473 ] } },
{ "type": "Feature", "properties": { "osmid": 60448858, "y": 14.6358449, "x": 121.005836, "street_count": 4, "highway": "" }, "geometry": { "type": "Point", "coordinates": [ 121.005836, 14.6358449 ] } },
{ "type": "Feature", "properties": { "osmid": 251109473, "y": 14.6767541, "x": 121.0407923, "street_count": 3, "highway": "" }, "geometry": { "type": "Point", "coordinates": [ 121.0407923, 14.6767541 ] } },
{ "type": "Feature", "properties": { "osmid": 48750691, "y": 14.6206834, "x": 121.0480899, "street_count": 3, "highway": "" }, "geometry": { "type": "Point", "coordinates": [ 121.0480899, 14.6206834 ] } },
{ "type": "Feature", "properties": { "osmid": 261685360, "y": 14.6972244, "x": 121.0938795, "street_count": 3, "highway": "" }, "geometry": { "type": "Point", "coordinates": [ 121.0938795, 14.6972244 ] } },
{ "type": "Feature", "properties": { "osmid": 40812662, "y": 14.6281781, "x": 121.0337679, "street_count": 4, "highway": "" }, "geometry": { "type": "Point", "coordinates": [ 121.0337679, 14.6281781 ] } },
{ "type": "Feature", "properties": { "osmid": 1235476601, "y": 14.6142534, "x": 121.0750719, "street_count": 3, "highway": "" }, "geometry": { "type": "Point", "coordinates": [ 121.0750719, 14.6142534 ] } },
{ "type": "Feature", "properties": { "osmid": 5427060858, "y": 14.61992, "x": 121.0459446, "street_count": 4, "highway": "" }, "geometry": { "type": "Point", "coordinates": [ 121.0459446, 14.61992 ] } },
{ "type": "Feature", "properties": { "osmid": 5427060859, "y": 14.6200296, "x": 121.0459215, "street_count": 3, "highway": "" }, "geometry": { "type": "Point", "coordinates": [ 121.0459215, 14.6200296 ] } },
{ "type": "Feature", "properties": { "osmid": 5427060860, "y": 14.6202634, "x": 121.0465828, "street_count": 3, "highway": "" }, "geometry": { "type": "Point", "coordinates": [ 121.0465828, 14.6202634 ] } },
{ "type": "Feature", "properties": { "osmid": 5432844416, "y": 14.6496201, "x": 121.0475085, "street_count": 3, "highway": "" }, "geometry": { "type": "Point", "coordinates": [ 121.0475085, 14.6496201 ] } },
{ "type": "Feature", "properties": { "osmid": 60448899, "y": 14.6375214, "x": 121.0056042, "street_count": 3, "highway": "" }, "geometry": { "type": "Point", "coordinates": [ 121.0056042, 14.6375214 ] } },
{ "type": "Feature", "properties": { "osmid": 10698571918, "y": 14.6401524, "x": 121.0164423, "street_count": 3, "highway": "" }, "geometry": { "type": "Point", "coordinates": [ 121.0164423, 14.6401524 ] } },
{ "type": "Feature", "properties": { "osmid": 6609043602, "y": 14.7175982, "x": 121.0209225, "street_count": 3, "highway": "" }, "geometry": { "type": "Point", "coordinates": [ 121.0209225, 14.7175982 ] } },
{ "type": "Feature", "properties": { "osmid": 6609043603, "y": 14.7178949, "x": 121.0209635, "street_count": 3, "highway": "" }, "geometry": { "type": "Point", "coordinates": [ 121.0209635, 14.7178949 ] } },
{ "type": "Feature", "properties": { "osmid": 60448917, "y": 14.636939, "x": 121.0011335, "street_count": 4, "highway": "" }, "geometry": { "type": "Point", "coordinates": [ 121.0011335, 14.636939 ] } },
{ "type": "Feature", "properties": { "osmid": 60448925, "y": 14.6352444, "x": 121.0013458, "street_count": 4, "highway": "" }, "geometry": { "type": "Point", "coordinates": [ 121.0013458, 14.6352444 ] } },
{ "type": "Feature", "properties": { "osmid": 8314429600, "y": 14.7261039, "x": 121.0387402, "street_count": 3, "highway": "" }, "geometry": { "type": "Point", "coordinates": [ 121.0387402, 14.7261039 ] } },
{ "type": "Feature", "properties": { "osmid": 6609748131, "y": 14.7106079, "x": 121.0611414, "street_count": 4, "highway": "traffic_signals" }, "geometry": { "type": "Point", "coordinates": [ 121.0611414, 14.7106079 ] } },
{ "type": "Feature", "properties": { "osmid": 8367325352, "y": 14.6184856, "x": 121.0102993, "street_count": 3, "highway": "" }, "geometry": { "type": "Point", "coordinates": [ 121.0102993, 14.6184856 ] } },
{ "type": "Feature", "properties": { "osmid": 8367325353, "y": 14.6190772, "x": 121.015592, "street_count": 3, "highway": "" }, "geometry": { "type": "Point", "coordinates": [ 121.015592, 14.6190772 ] } },
{ "type": "Feature", "properties": { "osmid": 8367325354, "y": 14.6188255, "x": 121.014997, "street_count": 4, "highway": "traffic_signals" }, "geometry": { "type": "Point", "coordinates": [ 121.014997, 14.6188255 ] } },
{ "type": "Feature", "properties": { "osmid": 2560860328, "y": 14.6373147, "x": 120.9935559, "street_count": 4, "highway": "traffic_signals" }, "geometry": { "type": "Point", "coordinates": [ 120.9935559, 14.6373147 ] } },
{ "type": "Feature", "properties": { "osmid": 249249964, "y": 14.6879988, "x": 121.0989038, "street_count": 3, "highway": "" }, "geometry": { "type": "Point", "coordinates": [ 121.0989038, 14.6879988 ] } },
{ "type": "Feature", "properties": { "osmid": 452853934, "y": 14.6703309, "x": 121.0325449, "street_count": 3, "highway": "" }, "geometry": { "type": "Point", "coordinates": [ 121.0325449, 14.6703309 ] } },
{ "type": "Feature", "properties": { "osmid": 452853932, "y": 14.6702898, "x": 121.03238, "street_count": 3, "highway": "" }, "geometry": { "type": "Point", "coordinates": [ 121.03238, 14.6702898 ] } },
{ "type": "Feature", "properties": { "osmid": 249249961, "y": 14.6879479, "x": 121.0988445, "street_count": 3, "highway": "" }, "geometry": { "type": "Point", "coordinates": [ 121.0988445, 14.6879479 ] } },
{ "type": "Feature", "properties": { "osmid": 5284282552, "y": 14.6604664, "x": 121.0200701, "street_count": 4, "highway": "traffic_signals" }, "geometry": { "type": "Point", "coordinates": [ 121.0200701, 14.6604664 ] } },
{ "type": "Feature", "properties": { "osmid": 72671422, "y": 14.719044, "x": 121.0541302, "street_count": 4, "highway": "" }, "geometry": { "type": "Point", "coordinates": [ 121.0541302, 14.719044 ] } },
{ "type": "Feature", "properties": { "osmid": 249249993, "y": 14.6865813, "x": 121.1013519, "street_count": 3, "highway": "" }, "geometry": { "type": "Point", "coordinates": [ 121.1013519, 14.6865813 ] } },
{ "type": "Feature", "properties": { "osmid": 250544330, "y": 14.6819219, "x": 121.0320692, "street_count": 3, "highway": "" }, "geometry": { "type": "Point", "coordinates": [ 121.0320692, 14.6819219 ] } },
{ "type": "Feature", "properties": { "osmid": 590282957, "y": 14.6233842, "x": 121.0740565, "street_count": 3, "highway": "" }, "geometry": { "type": "Point", "coordinates": [ 121.0740565, 14.6233842 ] } },
{ "type": "Feature", "properties": { "osmid": 9941573839, "y": 14.6953781, "x": 121.0316566, "street_count": 3, "highway": "" }, "geometry": { "type": "Point", "coordinates": [ 121.0316566, 14.6953781 ] } },
{ "type": "Feature", "properties": { "osmid": 298098895, "y": 14.6440036, "x": 121.037414, "street_count": 4, "highway": "traffic_signals" }, "geometry": { "type": "Point", "coordinates": [ 121.037414, 14.6440036 ] } },
{ "type": "Feature", "properties": { "osmid": 12083790031, "y": 14.6614647, "x": 121.0443759, "street_count": 3, "highway": "" }, "geometry": { "type": "Point", "coordinates": [ 121.0443759, 14.6614647 ] } },
{ "type": "Feature", "properties": { "osmid": 12083790033, "y": 14.6615819, "x": 121.0446528, "street_count": 3, "highway": "" }, "geometry": { "type": "Point", "coordinates": [ 121.0446528, 14.6615819 ] } },
{ "type": "Feature", "properties": { "osmid": 1354391763, "y": 14.6908633, "x": 121.0281768, "street_count": 3, "highway": "" }, "geometry": { "type": "Point", "coordinates": [ 121.0281768, 14.6908633 ] } },
{ "type": "Feature", "properties": { "osmid": 9941573841, "y": 14.6956448, "x": 121.0318249, "street_count": 3, "highway": "" }, "geometry": { "type": "Point", "coordinates": [ 121.0318249, 14.6956448 ] } },
{ "type": "Feature", "properties": { "osmid": 9941573842, "y": 14.6956053, "x": 121.0318875, "street_count": 3, "highway": "" }, "geometry": { "type": "Point", "coordinates": [ 121.0318875, 14.6956053 ] } },
{ "type": "Feature", "properties": { "osmid": 9941573840, "y": 14.6953404, "x": 121.0317226, "street_count": 3, "highway": "" }, "geometry": { "type": "Point", "coordinates": [ 121.0317226, 14.6953404 ] } },
{ "type": "Feature", "properties": { "osmid": 5292826839, "y": 14.64271, "x": 121.0270667, "street_count": 3, "highway": "traffic_signals" }, "geometry": { "type": "Point", "coordinates": [ 121.0270667, 14.64271 ] } },
{ "type": "Feature", "properties": { "osmid": 5292826840, "y": 14.645872, "x": 121.0278388, "street_count": 2, "highway": "" }, "geometry": { "type": "Point", "coordinates": [ 121.0278388, 14.645872 ] } },
{ "type": "Feature", "properties": { "osmid": 5413937368, "y": 14.6534367, "x": 121.0384867, "street_count": 3, "highway": "give_way" }, "geometry": { "type": "Point", "coordinates": [ 121.0384867, 14.6534367 ] } },
{ "type": "Feature", "properties": { "osmid": 5654077661, "y": 14.7007282, "x": 121.0884299, "street_count": 3, "highway": "" }, "geometry": { "type": "Point", "coordinates": [ 121.0884299, 14.7007282 ] } },
{ "type": "Feature", "properties": { "osmid": 5413937377, "y": 14.6534142, "x": 121.0386729, "street_count": 3, "highway": "" }, "geometry": { "type": "Point", "coordinates": [ 121.0386729, 14.6534142 ] } },
{ "type": "Feature", "properties": { "osmid": 5413937378, "y": 14.6536363, "x": 121.0388887, "street_count": 3, "highway": "" }, "geometry": { "type": "Point", "coordinates": [ 121.0388887, 14.6536363 ] } },
{ "type": "Feature", "properties": { "osmid": 321552609, "y": 14.5905822, "x": 121.0615276, "street_count": 3, "highway": "" }, "geometry": { "type": "Point", "coordinates": [ 121.0615276, 14.5905822 ] } },
{ "type": "Feature", "properties": { "osmid": 8310440168, "y": 14.6865037, "x": 121.0894935, "street_count": 3, "highway": "" }, "geometry": { "type": "Point", "coordinates": [ 121.0894935, 14.6865037 ] } },
{ "type": "Feature", "properties": { "osmid": 5292826857, "y": 14.6549377, "x": 121.0306512, "street_count": 3, "highway": "motorway_junction" }, "geometry": { "type": "Point", "coordinates": [ 121.0306512, 14.6549377 ] } },
{ "type": "Feature", "properties": { "osmid": 3243901162, "y": 14.6476832, "x": 121.0646545, "street_count": 3, "highway": "" }, "geometry": { "type": "Point", "coordinates": [ 121.0646545, 14.6476832 ] } },
{ "type": "Feature", "properties": { "osmid": 32096490, "y": 14.6305635, "x": 121.0255343, "street_count": 4, "highway": "" }, "geometry": { "type": "Point", "coordinates": [ 121.0255343, 14.6305635 ] } },
{ "type": "Feature", "properties": { "osmid": 32096489, "y": 14.6310331, "x": 121.0233637, "street_count": 3, "highway": "" }, "geometry": { "type": "Point", "coordinates": [ 121.0233637, 14.6310331 ] } },
{ "type": "Feature", "properties": { "osmid": 832676077, "y": 14.6304015, "x": 121.0740387, "street_count": 3, "highway": "" }, "geometry": { "type": "Point", "coordinates": [ 121.0740387, 14.6304015 ] } },
{ "type": "Feature", "properties": { "osmid": 215023856, "y": 14.629608, "x": 121.0618817, "street_count": 3, "highway": "" }, "geometry": { "type": "Point", "coordinates": [ 121.0618817, 14.629608 ] } },
{ "type": "Feature", "properties": { "osmid": 299688182, "y": 14.7459341, "x": 121.0796054, "street_count": 3, "highway": "" }, "geometry": { "type": "Point", "coordinates": [ 121.0796054, 14.7459341 ] } },
{ "type": "Feature", "properties": { "osmid": 8666964217, "y": 14.6320117, "x": 121.0740734, "street_count": 3, "highway": "" }, "geometry": { "type": "Point", "coordinates": [ 121.0740734, 14.6320117 ] } },
{ "type": "Feature", "properties": { "osmid": 32284941, "y": 14.6353227, "x": 121.0332364, "street_count": 4, "highway": "traffic_signals" }, "geometry": { "type": "Point", "coordinates": [ 121.0332364, 14.6353227 ] } },
{ "type": "Feature", "properties": { "osmid": 498671887, "y": 14.6476017, "x": 120.9952844, "street_count": 3, "highway": "" }, "geometry": { "type": "Point", "coordinates": [ 120.9952844, 14.6476017 ] } },
{ "type": "Feature", "properties": { "osmid": 3842089231, "y": 14.6520357, "x": 121.0386376, "street_count": 3, "highway": "" }, "geometry": { "type": "Point", "coordinates": [ 121.0386376, 14.6520357 ] } },
{ "type": "Feature", "properties": { "osmid": 261685525, "y": 14.6900064, "x": 121.0971627, "street_count": 4, "highway": "" }, "geometry": { "type": "Point", "coordinates": [ 121.0971627, 14.6900064 ] } },
{ "type": "Feature", "properties": { "osmid": 1359159574, "y": 14.6377351, "x": 120.9933659, "street_count": 3, "highway": "" }, "geometry": { "type": "Point", "coordinates": [ 120.9933659, 14.6377351 ] } },
{ "type": "Feature", "properties": { "osmid": 5404836121, "y": 14.648545, "x": 121.0493294, "street_count": 3, "highway": "" }, "geometry": { "type": "Point", "coordinates": [ 121.0493294, 14.648545 ] } },
{ "type": "Feature", "properties": { "osmid": 5404836122, "y": 14.6490675, "x": 121.0481509, "street_count": 3, "highway": "" }, "geometry": { "type": "Point", "coordinates": [ 121.0481509, 14.6490675 ] } },
{ "type": "Feature", "properties": { "osmid": 1371767065, "y": 14.6979498, "x": 121.0932922, "street_count": 3, "highway": "" }, "geometry": { "type": "Point", "coordinates": [ 121.0932922, 14.6979498 ] } },
{ "type": "Feature", "properties": { "osmid": 1054417187, "y": 14.6328896, "x": 121.0441392, "street_count": 3, "highway": "" }, "geometry": { "type": "Point", "coordinates": [ 121.0441392, 14.6328896 ] } },
{ "type": "Feature", "properties": { "osmid": 1371767080, "y": 14.698611, "x": 121.0925877, "street_count": 3, "highway": "" }, "geometry": { "type": "Point", "coordinates": [ 121.0925877, 14.698611 ] } },
{ "type": "Feature", "properties": { "osmid": 303128874, "y": 14.6011169, "x": 121.0792595, "street_count": 3, "highway": "" }, "geometry": { "type": "Point", "coordinates": [ 121.0792595, 14.6011169 ] } },
{ "type": "Feature", "properties": { "osmid": 7475593516, "y": 14.7135991, "x": 121.0611602, "street_count": 3, "highway": "" }, "geometry": { "type": "Point", "coordinates": [ 121.0611602, 14.7135991 ] } },
{ "type": "Feature", "properties": { "osmid": 595992878, "y": 14.6283573, "x": 121.0665125, "street_count": 3, "highway": "traffic_signals" }, "geometry": { "type": "Point", "coordinates": [ 121.0665125, 14.6283573 ] } },
{ "type": "Feature", "properties": { "osmid": 311001394, "y": 14.7365007, "x": 121.0704895, "street_count": 4, "highway": "" }, "geometry": { "type": "Point", "coordinates": [ 121.0704895, 14.7365007 ] } },
{ "type": "Feature", "properties": { "osmid": 5393408309, "y": 14.6284936, "x": 121.0338361, "street_count": 3, "highway": "" }, "geometry": { "type": "Point", "coordinates": [ 121.0338361, 14.6284936 ] } },
{ "type": "Feature", "properties": { "osmid": 5393408310, "y": 14.6286534, "x": 121.0339521, "street_count": 4, "highway": "traffic_signals" }, "geometry": { "type": "Point", "coordinates": [ 121.0339521, 14.6286534 ] } },
{ "type": "Feature", "properties": { "osmid": 39625016, "y": 14.639953, "x": 121.0131261, "street_count": 4, "highway": "traffic_signals" }, "geometry": { "type": "Point", "coordinates": [ 121.0131261, 14.639953 ] } },
{ "type": "Feature", "properties": { "osmid": 5393408312, "y": 14.6281621, "x": 121.0338346, "street_count": 3, "highway": "" }, "geometry": { "type": "Point", "coordinates": [ 121.0338346, 14.6281621 ] } },
{ "type": "Feature", "properties": { "osmid": 1371767097, "y": 14.6951169, "x": 121.0963281, "street_count": 4, "highway": "" }, "geometry": { "type": "Point", "coordinates": [ 121.0963281, 14.6951169 ] } },
{ "type": "Feature", "properties": { "osmid": 12744335675, "y": 14.6238184, "x": 121.0742296, "street_count": 3, "highway": "motorway_junction" }, "geometry": { "type": "Point", "coordinates": [ 121.0742296, 14.6238184 ] } },
{ "type": "Feature", "properties": { "osmid": 498671934, "y": 14.6509432, "x": 120.9968543, "street_count": 3, "highway": "" }, "geometry": { "type": "Point", "coordinates": [ 120.9968543, 14.6509432 ] } },
{ "type": "Feature", "properties": { "osmid": 1846698303, "y": 14.7166691, "x": 121.0207055, "street_count": 4, "highway": "" }, "geometry": { "type": "Point", "coordinates": [ 121.0207055, 14.7166691 ] } },
{ "type": "Feature", "properties": { "osmid": 498671947, "y": 14.6479343, "x": 120.995576, "street_count": 4, "highway": "" }, "geometry": { "type": "Point", "coordinates": [ 120.995576, 14.6479343 ] } },
{ "type": "Feature", "properties": { "osmid": 1371767116, "y": 14.6917287, "x": 121.0963363, "street_count": 3, "highway": "" }, "geometry": { "type": "Point", "coordinates": [ 121.0963363, 14.6917287 ] } },
{ "type": "Feature", "properties": { "osmid": 498671950, "y": 14.6466149, "x": 120.9950082, "street_count": 3, "highway": "" }, "geometry": { "type": "Point", "coordinates": [ 120.9950082, 14.6466149 ] } },
{ "type": "Feature", "properties": { "osmid": 261685583, "y": 14.6886831, "x": 121.0930497, "street_count": 3, "highway": "" }, "geometry": { "type": "Point", "coordinates": [ 121.0930497, 14.6886831 ] } },
{ "type": "Feature", "properties": { "osmid": 261685582, "y": 14.6891141, "x": 121.0935182, "street_count": 3, "highway": "" }, "geometry": { "type": "Point", "coordinates": [ 121.0935182, 14.6891141 ] } },
{ "type": "Feature", "properties": { "osmid": 1846698324, "y": 14.7170944, "x": 121.0207628, "street_count": 3, "highway": "" }, "geometry": { "type": "Point", "coordinates": [ 121.0207628, 14.7170944 ] } },
{ "type": "Feature", "properties": { "osmid": 261685592, "y": 14.6926703, "x": 121.0874759, "street_count": 3, "highway": "" }, "geometry": { "type": "Point", "coordinates": [ 121.0874759, 14.6926703 ] } },
{ "type": "Feature", "properties": { "osmid": 1371767129, "y": 14.6929652, "x": 121.0964165, "street_count": 3, "highway": "" }, "geometry": { "type": "Point", "coordinates": [ 121.0964165, 14.6929652 ] } },
{ "type": "Feature", "properties": { "osmid": 1371767128, "y": 14.6959476, "x": 121.0954163, "street_count": 4, "highway": "traffic_signals" }, "geometry": { "type": "Point", "coordinates": [ 121.0954163, 14.6959476 ] } },
{ "type": "Feature", "properties": { "osmid": 1371767131, "y": 14.6998021, "x": 121.0913672, "street_count": 4, "highway": "" }, "geometry": { "type": "Point", "coordinates": [ 121.0913672, 14.6998021 ] } },
{ "type": "Feature", "properties": { "osmid": 1371767130, "y": 14.6972891, "x": 121.0939433, "street_count": 4, "highway": "" }, "geometry": { "type": "Point", "coordinates": [ 121.0939433, 14.6972891 ] } },
{ "type": "Feature", "properties": { "osmid": 430555490, "y": 14.7112135, "x": 121.0906968, "street_count": 3, "highway": "" }, "geometry": { "type": "Point", "coordinates": [ 121.0906968, 14.7112135 ] } },
{ "type": "Feature", "properties": { "osmid": 5873123688, "y": 14.6154122, "x": 121.0745963, "street_count": 3, "highway": "" }, "geometry": { "type": "Point", "coordinates": [ 121.0745963, 14.6154122 ] } },
{ "type": "Feature", "properties": { "osmid": 261685611, "y": 14.687104, "x": 121.0914043, "street_count": 3, "highway": "" }, "geometry": { "type": "Point", "coordinates": [ 121.0914043, 14.687104 ] } },
{ "type": "Feature", "properties": { "osmid": 8723530092, "y": 14.7337212, "x": 121.0529089, "street_count": 3, "highway": "" }, "geometry": { "type": "Point", "coordinates": [ 121.0529089, 14.7337212 ] } },
{ "type": "Feature", "properties": { "osmid": 5873123692, "y": 14.6154364, "x": 121.074826, "street_count": 3, "highway": "" }, "geometry": { "type": "Point", "coordinates": [ 121.074826, 14.6154364 ] } },
{ "type": "Feature", "properties": { "osmid": 32285039, "y": 14.6246446, "x": 121.0565517, "street_count": 4, "highway": "" }, "geometry": { "type": "Point", "coordinates": [ 121.0565517, 14.6246446 ] } },
{ "type": "Feature", "properties": { "osmid": 59605361, "y": 14.6871296, "x": 121.1006929, "street_count": 3, "highway": "" }, "geometry": { "type": "Point", "coordinates": [ 121.1006929, 14.6871296 ] } },
{ "type": "Feature", "properties": { "osmid": 261685626, "y": 14.6868877, "x": 121.091156, "street_count": 3, "highway": "" }, "geometry": { "type": "Point", "coordinates": [ 121.091156, 14.6868877 ] } },
{ "type": "Feature", "properties": { "osmid": 5530804608, "y": 14.73224, "x": 121.0353728, "street_count": 3, "highway": "" }, "geometry": { "type": "Point", "coordinates": [ 121.0353728, 14.73224 ] } },
{ "type": "Feature", "properties": { "osmid": 261685633, "y": 14.6875939, "x": 121.0919272, "street_count": 3, "highway": "" }, "geometry": { "type": "Point", "coordinates": [ 121.0919272, 14.6875939 ] } },
{ "type": "Feature", "properties": { "osmid": 1081729409, "y": 14.6524613, "x": 121.0448945, "street_count": 3, "highway": "" }, "geometry": { "type": "Point", "coordinates": [ 121.0448945, 14.6524613 ] } },
{ "type": "Feature", "properties": { "osmid": 12074213769, "y": 14.6452339, "x": 120.9943992, "street_count": 3, "highway": "" }, "geometry": { "type": "Point", "coordinates": [ 120.9943992, 14.6452339 ] } },
{ "type": "Feature", "properties": { "osmid": 8349434254, "y": 14.6802493, "x": 121.0190522, "street_count": 3, "highway": "" }, "geometry": { "type": "Point", "coordinates": [ 121.0190522, 14.6802493 ] } },
{ "type": "Feature", "properties": { "osmid": 298361238, "y": 14.5925444, "x": 121.0591698, "street_count": 3, "highway": "" }, "geometry": { "type": "Point", "coordinates": [ 121.0591698, 14.5925444 ] } },
{ "type": "Feature", "properties": { "osmid": 246784410, "y": 14.6197245, "x": 121.0452609, "street_count": 4, "highway": "" }, "geometry": { "type": "Point", "coordinates": [ 121.0452609, 14.6197245 ] } },
{ "type": "Feature", "properties": { "osmid": 250544538, "y": 14.6792255, "x": 121.0321422, "street_count": 3, "highway": "" }, "geometry": { "type": "Point", "coordinates": [ 121.0321422, 14.6792255 ] } },
{ "type": "Feature", "properties": { "osmid": 260899233, "y": 14.7036391, "x": 121.0370133, "street_count": 3, "highway": "" }, "geometry": { "type": "Point", "coordinates": [ 121.0370133, 14.7036391 ] } },
{ "type": "Feature", "properties": { "osmid": 11867480481, "y": 14.6506391, "x": 121.0468246, "street_count": 3, "highway": "" }, "geometry": { "type": "Point", "coordinates": [ 121.0468246, 14.6506391 ] } },
{ "type": "Feature", "properties": { "osmid": 29098405, "y": 14.5931803, "x": 121.0586597, "street_count": 4, "highway": "traffic_signals" }, "geometry": { "type": "Point", "coordinates": [ 121.0586597, 14.5931803 ] } },
{ "type": "Feature", "properties": { "osmid": 32285096, "y": 14.6270084, "x": 121.0613199, "street_count": 4, "highway": "" }, "geometry": { "type": "Point", "coordinates": [ 121.0613199, 14.6270084 ] } },
{ "type": "Feature", "properties": { "osmid": 103784873, "y": 14.6574214, "x": 121.0109989, "street_count": 3, "highway": "" }, "geometry": { "type": "Point", "coordinates": [ 121.0109989, 14.6574214 ] } },
{ "type": "Feature", "properties": { "osmid": 24265131, "y": 14.6548924, "x": 121.0584215, "street_count": 3, "highway": "traffic_signals" }, "geometry": { "type": "Point", "coordinates": [ 121.0584215, 14.6548924 ] } },
{ "type": "Feature", "properties": { "osmid": 9958498733, "y": 14.6549924, "x": 121.0328484, "street_count": 3, "highway": "" }, "geometry": { "type": "Point", "coordinates": [ 121.0328484, 14.6549924 ] } },
{ "type": "Feature", "properties": { "osmid": 9958498734, "y": 14.6551098, "x": 121.032873, "street_count": 3, "highway": "" }, "geometry": { "type": "Point", "coordinates": [ 121.032873, 14.6551098 ] } },
{ "type": "Feature", "properties": { "osmid": 5282193839, "y": 14.6543151, "x": 121.0296837, "street_count": 3, "highway": "" }, "geometry": { "type": "Point", "coordinates": [ 121.0296837, 14.6543151 ] } },
{ "type": "Feature", "properties": { "osmid": 32285111, "y": 14.6222976, "x": 121.0516222, "street_count": 4, "highway": "" }, "geometry": { "type": "Point", "coordinates": [ 121.0516222, 14.6222976 ] } },
{ "type": "Feature", "properties": { "osmid": 5499511248, "y": 14.6674707, "x": 121.058352, "street_count": 3, "highway": "" }, "geometry": { "type": "Point", "coordinates": [ 121.058352, 14.6674707 ] } },
{ "type": "Feature", "properties": { "osmid": 8314110425, "y": 14.7193728, "x": 121.0228157, "street_count": 3, "highway": "" }, "geometry": { "type": "Point", "coordinates": [ 121.0228157, 14.7193728 ] } },
{ "type": "Feature", "properties": { "osmid": 1352589792, "y": 14.6664823, "x": 121.0724907, "street_count": 3, "highway": "" }, "geometry": { "type": "Point", "coordinates": [ 121.0724907, 14.6664823 ] } },
{ "type": "Feature", "properties": { "osmid": 32285166, "y": 14.6243539, "x": 121.0559611, "street_count": 3, "highway": "" }, "geometry": { "type": "Point", "coordinates": [ 121.0559611, 14.6243539 ] } },
{ "type": "Feature", "properties": { "osmid": 60449262, "y": 14.6378275, "x": 120.9968167, "street_count": 3, "highway": "" }, "geometry": { "type": "Point", "coordinates": [ 120.9968167, 14.6378275 ] } },
{ "type": "Feature", "properties": { "osmid": 60449264, "y": 14.6376014, "x": 121.0010489, "street_count": 4, "highway": "" }, "geometry": { "type": "Point", "coordinates": [ 121.0010489, 14.6376014 ] } },
{ "type": "Feature", "properties": { "osmid": 261685749, "y": 14.685065, "x": 121.0864769, "street_count": 3, "highway": "" }, "geometry": { "type": "Point", "coordinates": [ 121.0864769, 14.685065 ] } },
{ "type": "Feature", "properties": { "osmid": 73023991, "y": 14.6067568, "x": 121.0197187, "street_count": 3, "highway": "" }, "geometry": { "type": "Point", "coordinates": [ 121.0197187, 14.6067568 ] } },
{ "type": "Feature", "properties": { "osmid": 1832657401, "y": 14.6596976, "x": 121.0761145, "street_count": 3, "highway": "traffic_signals" }, "geometry": { "type": "Point", "coordinates": [ 121.0761145, 14.6596976 ] } },
{ "type": "Feature", "properties": { "osmid": 61719036, "y": 14.6437178, "x": 120.9937445, "street_count": 4, "highway": "traffic_signals" }, "geometry": { "type": "Point", "coordinates": [ 120.9937445, 14.6437178 ] } },
{ "type": "Feature", "properties": { "osmid": 250544641, "y": 14.68619, "x": 121.0242267, "street_count": 3, "highway": "" }, "geometry": { "type": "Point", "coordinates": [ 121.0242267, 14.68619 ] } },
{ "type": "Feature", "properties": { "osmid": 6609977857, "y": 14.6754582, "x": 121.0815459, "street_count": 3, "highway": "" }, "geometry": { "type": "Point", "coordinates": [ 121.0815459, 14.6754582 ] } },
{ "type": "Feature", "properties": { "osmid": 6609977860, "y": 14.6750777, "x": 121.0817044, "street_count": 3, "highway": "" }, "geometry": { "type": "Point", "coordinates": [ 121.0817044, 14.6750777 ] } },
{ "type": "Feature", "properties": { "osmid": 8437170694, "y": 14.6230493, "x": 121.0532173, "street_count": 4, "highway": "" }, "geometry": { "type": "Point", "coordinates": [ 121.0532173, 14.6230493 ] } },
{ "type": "Feature", "properties": { "osmid": 11568439828, "y": 14.7276884, "x": 121.0612451, "street_count": 4, "highway": "" }, "geometry": { "type": "Point", "coordinates": [ 121.0612451, 14.7276884 ] } },
{ "type": "Feature", "properties": { "osmid": 303129110, "y": 14.601829, "x": 121.0792221, "street_count": 3, "highway": "" }, "geometry": { "type": "Point", "coordinates": [ 121.0792221, 14.601829 ] } },
{ "type": "Feature", "properties": { "osmid": 452821528, "y": 14.6920386, "x": 121.026172, "street_count": 3, "highway": "" }, "geometry": { "type": "Point", "coordinates": [ 121.026172, 14.6920386 ] } },
{ "type": "Feature", "properties": { "osmid": 219963934, "y": 14.6767316, "x": 121.034833, "street_count": 3, "highway": "" }, "geometry": { "type": "Point", "coordinates": [ 121.034833, 14.6767316 ] } },
{ "type": "Feature", "properties": { "osmid": 452821536, "y": 14.6888846, "x": 121.0297696, "street_count": 3, "highway": "" }, "geometry": { "type": "Point", "coordinates": [ 121.0297696, 14.6888846 ] } },
{ "type": "Feature", "properties": { "osmid": 452821539, "y": 14.6881866, "x": 121.0307442, "street_count": 3, "highway": "" }, "geometry": { "type": "Point", "coordinates": [ 121.0307442, 14.6881866 ] } },
{ "type": "Feature", "properties": { "osmid": 502956581, "y": 14.7012217, "x": 121.0352175, "street_count": 3, "highway": "" }, "geometry": { "type": "Point", "coordinates": [ 121.0352175, 14.7012217 ] } },
{ "type": "Feature", "properties": { "osmid": 1704239655, "y": 14.7308344, "x": 121.0456792, "street_count": 3, "highway": "" }, "geometry": { "type": "Point", "coordinates": [ 121.0456792, 14.7308344 ] } },
{ "type": "Feature", "properties": { "osmid": 8655323690, "y": 14.735626, "x": 121.0695511, "street_count": 3, "highway": "" }, "geometry": { "type": "Point", "coordinates": [ 121.0695511, 14.735626 ] } },
{ "type": "Feature", "properties": { "osmid": 2467398191, "y": 14.6441934, "x": 121.0372887, "street_count": 5, "highway": "traffic_signals" }, "geometry": { "type": "Point", "coordinates": [ 121.0372887, 14.6441934 ] } },
{ "type": "Feature", "properties": { "osmid": 243458617, "y": 14.6309842, "x": 121.046646, "street_count": 3, "highway": "" }, "geometry": { "type": "Point", "coordinates": [ 121.046646, 14.6309842 ] } },
{ "type": "Feature", "properties": { "osmid": 59605563, "y": 14.6863031, "x": 121.089904, "street_count": 4, "highway": "traffic_signals" }, "geometry": { "type": "Point", "coordinates": [ 121.089904, 14.6863031 ] } },
{ "type": "Feature", "properties": { "osmid": 1797775936, "y": 14.6922523, "x": 121.0293822, "street_count": 3, "highway": "" }, "geometry": { "type": "Point", "coordinates": [ 121.0293822, 14.6922523 ] } },
{ "type": "Feature", "properties": { "osmid": 9925091907, "y": 14.6859114, "x": 121.08681, "street_count": 3, "highway": "" }, "geometry": { "type": "Point", "coordinates": [ 121.08681, 14.6859114 ] } },
{ "type": "Feature", "properties": { "osmid": 250544714, "y": 14.6488756, "x": 121.0285462, "street_count": 4, "highway": "" }, "geometry": { "type": "Point", "coordinates": [ 121.0285462, 14.6488756 ] } },
{ "type": "Feature", "properties": { "osmid": 12067407, "y": 14.6176513, "x": 121.0018404, "street_count": 3, "highway": "" }, "geometry": { "type": "Point", "coordinates": [ 121.0018404, 14.6176513 ] } },
{ "type": "Feature", "properties": { "osmid": 250544720, "y": 14.684671, "x": 121.022987, "street_count": 3, "highway": "" }, "geometry": { "type": "Point", "coordinates": [ 121.022987, 14.684671 ] } },
{ "type": "Feature", "properties": { "osmid": 12067409, "y": 14.6178165, "x": 121.0018811, "street_count": 3, "highway": "" }, "geometry": { "type": "Point", "coordinates": [ 121.0018811, 14.6178165 ] } },
{ "type": "Feature", "properties": { "osmid": 12067411, "y": 14.6179698, "x": 121.0017006, "street_count": 3, "highway": "" }, "geometry": { "type": "Point", "coordinates": [ 121.0017006, 14.6179698 ] } },
{ "type": "Feature", "properties": { "osmid": 250544749, "y": 14.678062, "x": 121.0320068, "street_count": 3, "highway": "" }, "geometry": { "type": "Point", "coordinates": [ 121.0320068, 14.678062 ] } },
{ "type": "Feature", "properties": { "osmid": 12067439, "y": 14.6313649, "x": 121.0218301, "street_count": 3, "highway": "" }, "geometry": { "type": "Point", "coordinates": [ 121.0218301, 14.6313649 ] } },
{ "type": "Feature", "properties": { "osmid": 12067443, "y": 14.6365479, "x": 121.0275818, "street_count": 4, "highway": "" }, "geometry": { "type": "Point", "coordinates": [ 121.0275818, 14.6365479 ] } },
{ "type": "Feature", "properties": { "osmid": 250544755, "y": 14.6574973, "x": 121.0166013, "street_count": 3, "highway": "" }, "geometry": { "type": "Point", "coordinates": [ 121.0166013, 14.6574973 ] } },
{ "type": "Feature", "properties": { "osmid": 8655192699, "y": 14.6588194, "x": 121.0198855, "street_count": 3, "highway": "" }, "geometry": { "type": "Point", "coordinates": [ 121.0198855, 14.6588194 ] } },
{ "type": "Feature", "properties": { "osmid": 1418830464, "y": 14.642125, "x": 121.038648, "street_count": 3, "highway": "" }, "geometry": { "type": "Point", "coordinates": [ 121.038648, 14.642125 ] } },
{ "type": "Feature", "properties": { "osmid": 5413945987, "y": 14.6466881, "x": 121.0405537, "street_count": 3, "highway": "" }, "geometry": { "type": "Point", "coordinates": [ 121.0405537, 14.6466881 ] } },
{ "type": "Feature", "properties": { "osmid": 12067461, "y": 14.6293318, "x": 121.0409284, "street_count": 4, "highway": "traffic_signals" }, "geometry": { "type": "Point", "coordinates": [ 121.0409284, 14.6293318 ] } },
{ "type": "Feature", "properties": { "osmid": 12067466, "y": 14.6286652, "x": 121.0386239, "street_count": 4, "highway": "traffic_signals" }, "geometry": { "type": "Point", "coordinates": [ 121.0386239, 14.6286652 ] } },
{ "type": "Feature", "properties": { "osmid": 12067467, "y": 14.6274061, "x": 121.0342159, "street_count": 3, "highway": "" }, "geometry": { "type": "Point", "coordinates": [ 121.0342159, 14.6274061 ] } },
{ "type": "Feature", "properties": { "osmid": 60088983, "y": 14.6310917, "x": 121.0743016, "street_count": 4, "highway": "" }, "geometry": { "type": "Point", "coordinates": [ 121.0743016, 14.6310917 ] } },
{ "type": "Feature", "properties": { "osmid": 246784664, "y": 14.6203079, "x": 121.0601767, "street_count": 3, "highway": "" }, "geometry": { "type": "Point", "coordinates": [ 121.0601767, 14.6203079 ] } },
{ "type": "Feature", "properties": { "osmid": 246784668, "y": 14.6184744, "x": 121.0101363, "street_count": 3, "highway": "" }, "geometry": { "type": "Point", "coordinates": [ 121.0101363, 14.6184744 ] } },
{ "type": "Feature", "properties": { "osmid": 12067485, "y": 14.6232275, "x": 121.0289241, "street_count": 3, "highway": "traffic_signals" }, "geometry": { "type": "Point", "coordinates": [ 121.0289241, 14.6232275 ] } },
{ "type": "Feature", "properties": { "osmid": 84509345, "y": 14.6587479, "x": 121.0449298, "street_count": 3, "highway": "" }, "geometry": { "type": "Point", "coordinates": [ 121.0449298, 14.6587479 ] } },
{ "type": "Feature", "properties": { "osmid": 8374846113, "y": 14.7319366, "x": 121.0611343, "street_count": 3, "highway": "" }, "geometry": { "type": "Point", "coordinates": [ 121.0611343, 14.7319366 ] } },
{ "type": "Feature", "properties": { "osmid": 5288960678, "y": 14.6127492, "x": 121.0627345, "street_count": 4, "highway": "traffic_signals" }, "geometry": { "type": "Point", "coordinates": [ 121.0627345, 14.6127492 ] } },
{ "type": "Feature", "properties": { "osmid": 12067495, "y": 14.6287476, "x": 121.0339055, "street_count": 4, "highway": "traffic_signals" }, "geometry": { "type": "Point", "coordinates": [ 121.0339055, 14.6287476 ] } },
{ "type": "Feature", "properties": { "osmid": 12067507, "y": 14.6316988, "x": 121.0346202, "street_count": 4, "highway": "" }, "geometry": { "type": "Point", "coordinates": [ 121.0346202, 14.6316988 ] } },
{ "type": "Feature", "properties": { "osmid": 505029318, "y": 14.6433594, "x": 120.9934573, "street_count": 3, "highway": "" }, "geometry": { "type": "Point", "coordinates": [ 120.9934573, 14.6433594 ] } },
{ "type": "Feature", "properties": { "osmid": 1253843660, "y": 14.6327201, "x": 121.0186941, "street_count": 3, "highway": "" }, "geometry": { "type": "Point", "coordinates": [ 121.0186941, 14.6327201 ] } },
{ "type": "Feature", "properties": { "osmid": 1253843663, "y": 14.6290746, "x": 121.0126809, "street_count": 4, "highway": "" }, "geometry": { "type": "Point", "coordinates": [ 121.0126809, 14.6290746 ] } },
{ "type": "Feature", "properties": { "osmid": 12067544, "y": 14.6231346, "x": 121.0286261, "street_count": 3, "highway": "" }, "geometry": { "type": "Point", "coordinates": [ 121.0286261, 14.6231346 ] } },
{ "type": "Feature", "properties": { "osmid": 8344363745, "y": 14.6395318, "x": 121.0165266, "street_count": 4, "highway": "" }, "geometry": { "type": "Point", "coordinates": [ 121.0165266, 14.6395318 ] } },
{ "type": "Feature", "properties": { "osmid": 1253843682, "y": 14.6344215, "x": 121.0179801, "street_count": 3, "highway": "" }, "geometry": { "type": "Point", "coordinates": [ 121.0179801, 14.6344215 ] } },
{ "type": "Feature", "properties": { "osmid": 6098125544, "y": 14.652849, "x": 121.0465907, "street_count": 3, "highway": "" }, "geometry": { "type": "Point", "coordinates": [ 121.0465907, 14.652849 ] } },
{ "type": "Feature", "properties": { "osmid": 566895345, "y": 14.6582106, "x": 121.0197314, "street_count": 3, "highway": "" }, "geometry": { "type": "Point", "coordinates": [ 121.0197314, 14.6582106 ] } },
{ "type": "Feature", "properties": { "osmid": 566895348, "y": 14.6577689, "x": 121.0193829, "street_count": 3, "highway": "" }, "geometry": { "type": "Point", "coordinates": [ 121.0193829, 14.6577689 ] } },
{ "type": "Feature", "properties": { "osmid": 12070601463, "y": 14.6439729, "x": 120.9967526, "street_count": 3, "highway": "" }, "geometry": { "type": "Point", "coordinates": [ 120.9967526, 14.6439729 ] } },
{ "type": "Feature", "properties": { "osmid": 12070601464, "y": 14.6438521, "x": 120.9967568, "street_count": 3, "highway": "" }, "geometry": { "type": "Point", "coordinates": [ 120.9967568, 14.6438521 ] } },
{ "type": "Feature", "properties": { "osmid": 1253843708, "y": 14.6354441, "x": 121.0181256, "street_count": 3, "highway": "" }, "geometry": { "type": "Point", "coordinates": [ 121.0181256, 14.6354441 ] } },
{ "type": "Feature", "properties": { "osmid": 1253843715, "y": 14.6321311, "x": 121.0092854, "street_count": 3, "highway": "" }, "geometry": { "type": "Point", "coordinates": [ 121.0092854, 14.6321311 ] } },
{ "type": "Feature", "properties": { "osmid": 60171014, "y": 14.6109504, "x": 121.0552177, "street_count": 4, "highway": "traffic_signals" }, "geometry": { "type": "Point", "coordinates": [ 121.0552177, 14.6109504 ] } },
{ "type": "Feature", "properties": { "osmid": 5374378758, "y": 14.660479, "x": 121.0199414, "street_count": 3, "highway": "traffic_signals" }, "geometry": { "type": "Point", "coordinates": [ 121.0199414, 14.660479 ] } },
{ "type": "Feature", "properties": { "osmid": 961118985, "y": 14.6273506, "x": 121.0336492, "street_count": 4, "highway": "traffic_signals" }, "geometry": { "type": "Point", "coordinates": [ 121.0336492, 14.6273506 ] } },
{ "type": "Feature", "properties": { "osmid": 260899603, "y": 14.7094781, "x": 121.0392276, "street_count": 3, "highway": "" }, "geometry": { "type": "Point", "coordinates": [ 121.0392276, 14.7094781 ] } },
{ "type": "Feature", "properties": { "osmid": 1848288032, "y": 14.6709368, "x": 121.0392262, "street_count": 3, "highway": "traffic_signals" }, "geometry": { "type": "Point", "coordinates": [ 121.0392262, 14.6709368 ] } },
{ "type": "Feature", "properties": { "osmid": 84509474, "y": 14.6597585, "x": 121.0446433, "street_count": 4, "highway": "" }, "geometry": { "type": "Point", "coordinates": [ 121.0446433, 14.6597585 ] } },
{ "type": "Feature", "properties": { "osmid": 1334493991, "y": 14.6667234, "x": 121.0432376, "street_count": 3, "highway": "" }, "geometry": { "type": "Point", "coordinates": [ 121.0432376, 14.6667234 ] } },
{ "type": "Feature", "properties": { "osmid": 67740463, "y": 14.6417411, "x": 120.9927506, "street_count": 3, "highway": "" }, "geometry": { "type": "Point", "coordinates": [ 120.9927506, 14.6417411 ] } },
{ "type": "Feature", "properties": { "osmid": 246784820, "y": 14.6206507, "x": 121.061299, "street_count": 4, "highway": "" }, "geometry": { "type": "Point", "coordinates": [ 121.061299, 14.6206507 ] } },
{ "type": "Feature", "properties": { "osmid": 26272568, "y": 14.6411853, "x": 121.074538, "street_count": 3, "highway": "" }, "geometry": { "type": "Point", "coordinates": [ 121.074538, 14.6411853 ] } },
{ "type": "Feature", "properties": { "osmid": 26272571, "y": 14.64501, "x": 121.074471, "street_count": 3, "highway": "" }, "geometry": { "type": "Point", "coordinates": [ 121.074471, 14.64501 ] } },
{ "type": "Feature", "properties": { "osmid": 714801981, "y": 14.6364551, "x": 121.0280042, "street_count": 3, "highway": "" }, "geometry": { "type": "Point", "coordinates": [ 121.0280042, 14.6364551 ] } },
{ "type": "Feature", "properties": { "osmid": 1316913983, "y": 14.6461153, "x": 121.052666, "street_count": 3, "highway": "" }, "geometry": { "type": "Point", "coordinates": [ 121.052666, 14.6461153 ] } },
{ "type": "Feature", "properties": { "osmid": 1060913988, "y": 14.7335238, "x": 121.0522709, "street_count": 3, "highway": "" }, "geometry": { "type": "Point", "coordinates": [ 121.0522709, 14.7335238 ] } },
{ "type": "Feature", "properties": { "osmid": 34128711, "y": 14.6709268, "x": 121.0782105, "street_count": 3, "highway": "" }, "geometry": { "type": "Point", "coordinates": [ 121.0782105, 14.6709268 ] } },
{ "type": "Feature", "properties": { "osmid": 597009224, "y": 14.6891074, "x": 121.0297323, "street_count": 3, "highway": "motorway_junction" }, "geometry": { "type": "Point", "coordinates": [ 121.0297323, 14.6891074 ] } },
{ "type": "Feature", "properties": { "osmid": 597009225, "y": 14.6890716, "x": 121.0294396, "street_count": 3, "highway": "" }, "geometry": { "type": "Point", "coordinates": [ 121.0294396, 14.6890716 ] } },
{ "type": "Feature", "properties": { "osmid": 30917451, "y": 14.6291947, "x": 121.0318496, "street_count": 4, "highway": "traffic_signals" }, "geometry": { "type": "Point", "coordinates": [ 121.0318496, 14.6291947 ] } },
{ "type": "Feature", "properties": { "osmid": 1723253583, "y": 14.6657999, "x": 121.0698301, "street_count": 3, "highway": "" }, "geometry": { "type": "Point", "coordinates": [ 121.0698301, 14.6657999 ] } },
{ "type": "Feature", "properties": { "osmid": 1337860943, "y": 14.6904101, "x": 121.0277657, "street_count": 4, "highway": "traffic_signals" }, "geometry": { "type": "Point", "coordinates": [ 121.0277657, 14.6904101 ] } },
{ "type": "Feature", "properties": { "osmid": 250544983, "y": 14.6576217, "x": 121.0107948, "street_count": 3, "highway": "" }, "geometry": { "type": "Point", "coordinates": [ 121.0107948, 14.6576217 ] } },
{ "type": "Feature", "properties": { "osmid": 246784858, "y": 14.6459836, "x": 121.0480507, "street_count": 3, "highway": "" }, "geometry": { "type": "Point", "coordinates": [ 121.0480507, 14.6459836 ] } },
{ "type": "Feature", "properties": { "osmid": 1723253595, "y": 14.6655473, "x": 121.0703613, "street_count": 3, "highway": "" }, "geometry": { "type": "Point", "coordinates": [ 121.0703613, 14.6655473 ] } },
{ "type": "Feature", "properties": { "osmid": 5383119711, "y": 14.6441288, "x": 121.0377878, "street_count": 4, "highway": "traffic_signals" }, "geometry": { "type": "Point", "coordinates": [ 121.0377878, 14.6441288 ] } },
{ "type": "Feature", "properties": { "osmid": 5383119712, "y": 14.6439342, "x": 121.0374609, "street_count": 4, "highway": "traffic_signals" }, "geometry": { "type": "Point", "coordinates": [ 121.0374609, 14.6439342 ] } },
{ "type": "Feature", "properties": { "osmid": 246784871, "y": 14.639821, "x": 121.0119947, "street_count": 3, "highway": "" }, "geometry": { "type": "Point", "coordinates": [ 121.0119947, 14.639821 ] } },
{ "type": "Feature", "properties": { "osmid": 671859564, "y": 14.6223962, "x": 121.0066532, "street_count": 3, "highway": "" }, "geometry": { "type": "Point", "coordinates": [ 121.0066532, 14.6223962 ] } },
{ "type": "Feature", "properties": { "osmid": 246784877, "y": 14.6521985, "x": 121.0182276, "street_count": 3, "highway": "" }, "geometry": { "type": "Point", "coordinates": [ 121.0182276, 14.6521985 ] } },
{ "type": "Feature", "properties": { "osmid": 671859565, "y": 14.6222589, "x": 121.0067735, "street_count": 3, "highway": "" }, "geometry": { "type": "Point", "coordinates": [ 121.0067735, 14.6222589 ] } },
{ "type": "Feature", "properties": { "osmid": 260899695, "y": 14.7211147, "x": 121.0295711, "street_count": 3, "highway": "" }, "geometry": { "type": "Point", "coordinates": [ 121.0295711, 14.7211147 ] } },
{ "type": "Feature", "properties": { "osmid": 250545008, "y": 14.667645, "x": 121.0432781, "street_count": 4, "highway": "" }, "geometry": { "type": "Point", "coordinates": [ 121.0432781, 14.667645 ] } },
{ "type": "Feature", "properties": { "osmid": 250545015, "y": 14.6777096, "x": 121.0305955, "street_count": 4, "highway": "" }, "geometry": { "type": "Point", "coordinates": [ 121.0305955, 14.6777096 ] } },
{ "type": "Feature", "properties": { "osmid": 12094006136, "y": 14.6917798, "x": 121.0262386, "street_count": 3, "highway": "" }, "geometry": { "type": "Point", "coordinates": [ 121.0262386, 14.6917798 ] } },
{ "type": "Feature", "properties": { "osmid": 303915899, "y": 14.6181381, "x": 121.0782067, "street_count": 3, "highway": "" }, "geometry": { "type": "Point", "coordinates": [ 121.0782067, 14.6181381 ] } },
{ "type": "Feature", "properties": { "osmid": 246784891, "y": 14.6520081, "x": 121.0182, "street_count": 3, "highway": "" }, "geometry": { "type": "Point", "coordinates": [ 121.0182, 14.6520081 ] } },
{ "type": "Feature", "properties": { "osmid": 1417315206, "y": 14.6260694, "x": 121.0106981, "street_count": 3, "highway": "" }, "geometry": { "type": "Point", "coordinates": [ 121.0106981, 14.6260694 ] } },
{ "type": "Feature", "properties": { "osmid": 26272655, "y": 14.6317615, "x": 121.0740667, "street_count": 4, "highway": "traffic_signals" }, "geometry": { "type": "Point", "coordinates": [ 121.0740667, 14.6317615 ] } },
{ "type": "Feature", "properties": { "osmid": 303915921, "y": 14.612948, "x": 121.0751704, "street_count": 3, "highway": "" }, "geometry": { "type": "Point", "coordinates": [ 121.0751704, 14.612948 ] } },
{ "type": "Feature", "properties": { "osmid": 612918165, "y": 14.6780433, "x": 121.0171886, "street_count": 3, "highway": "" }, "geometry": { "type": "Point", "coordinates": [ 121.0171886, 14.6780433 ] } },
{ "type": "Feature", "properties": { "osmid": 303915927, "y": 14.6145061, "x": 121.0750163, "street_count": 3, "highway": "" }, "geometry": { "type": "Point", "coordinates": [ 121.0750163, 14.6145061 ] } },
{ "type": "Feature", "properties": { "osmid": 260899737, "y": 14.7145293, "x": 121.0403245, "street_count": 3, "highway": "" }, "geometry": { "type": "Point", "coordinates": [ 121.0403245, 14.7145293 ] } },
{ "type": "Feature", "properties": { "osmid": 8377426842, "y": 14.6546299, "x": 121.0345416, "street_count": 3, "highway": "" }, "geometry": { "type": "Point", "coordinates": [ 121.0345416, 14.6546299 ] } },
{ "type": "Feature", "properties": { "osmid": 26272674, "y": 14.6463319, "x": 121.0742967, "street_count": 3, "highway": "" }, "geometry": { "type": "Point", "coordinates": [ 121.0742967, 14.6463319 ] } },
{ "type": "Feature", "properties": { "osmid": 84509606, "y": 14.6629532, "x": 121.0439136, "street_count": 4, "highway": "" }, "geometry": { "type": "Point", "coordinates": [ 121.0439136, 14.6629532 ] } },
{ "type": "Feature", "properties": { "osmid": 60449723, "y": 14.6295068, "x": 121.0032403, "street_count": 3, "highway": "" }, "geometry": { "type": "Point", "coordinates": [ 121.0032403, 14.6295068 ] } },
{ "type": "Feature", "properties": { "osmid": 60449727, "y": 14.6314528, "x": 121.0075613, "street_count": 4, "highway": "" }, "geometry": { "type": "Point", "coordinates": [ 121.0075613, 14.6314528 ] } },
{ "type": "Feature", "properties": { "osmid": 832676805, "y": 14.632085, "x": 121.0749746, "street_count": 3, "highway": "" }, "geometry": { "type": "Point", "coordinates": [ 121.0749746, 14.632085 ] } },
{ "type": "Feature", "properties": { "osmid": 5880308679, "y": 14.6721015, "x": 121.0653684, "street_count": 3, "highway": "" }, "geometry": { "type": "Point", "coordinates": [ 121.0653684, 14.6721015 ] } },
{ "type": "Feature", "properties": { "osmid": 5880308680, "y": 14.6722312, "x": 121.065388, "street_count": 3, "highway": "" }, "geometry": { "type": "Point", "coordinates": [ 121.065388, 14.6722312 ] } },
{ "type": "Feature", "properties": { "osmid": 5432533963, "y": 14.6540322, "x": 121.0369297, "street_count": 3, "highway": "" }, "geometry": { "type": "Point", "coordinates": [ 121.0369297, 14.6540322 ] } },
{ "type": "Feature", "properties": { "osmid": 5432533964, "y": 14.6555622, "x": 121.0308057, "street_count": 3, "highway": "" }, "geometry": { "type": "Point", "coordinates": [ 121.0308057, 14.6555622 ] } },
{ "type": "Feature", "properties": { "osmid": 60449739, "y": 14.63078, "x": 121.007889, "street_count": 4, "highway": "" }, "geometry": { "type": "Point", "coordinates": [ 121.007889, 14.63078 ] } },
{ "type": "Feature", "properties": { "osmid": 11486577618, "y": 14.6215965, "x": 121.0502868, "street_count": 3, "highway": "" }, "geometry": { "type": "Point", "coordinates": [ 121.0502868, 14.6215965 ] } },
{ "type": "Feature", "properties": { "osmid": 60449754, "y": 14.6288024, "x": 121.0035769, "street_count": 3, "highway": "" }, "geometry": { "type": "Point", "coordinates": [ 121.0035769, 14.6288024 ] } },
{ "type": "Feature", "properties": { "osmid": 6417179613, "y": 14.6540499, "x": 121.0368467, "street_count": 3, "highway": "" }, "geometry": { "type": "Point", "coordinates": [ 121.0368467, 14.6540499 ] } },
{ "type": "Feature", "properties": { "osmid": 60449759, "y": 14.6281212, "x": 121.0039026, "street_count": 3, "highway": "" }, "geometry": { "type": "Point", "coordinates": [ 121.0039026, 14.6281212 ] } },
{ "type": "Feature", "properties": { "osmid": 246784992, "y": 14.6441401, "x": 121.0424772, "street_count": 4, "highway": "" }, "geometry": { "type": "Point", "coordinates": [ 121.0424772, 14.6441401 ] } },
{ "type": "Feature", "properties": { "osmid": 246784993, "y": 14.6966857, "x": 121.0944548, "street_count": 3, "highway": "" }, "geometry": { "type": "Point", "coordinates": [ 121.0944548, 14.6966857 ] } },
{ "type": "Feature", "properties": { "osmid": 3922314217, "y": 14.6691881, "x": 121.0757661, "street_count": 3, "highway": "" }, "geometry": { "type": "Point", "coordinates": [ 121.0757661, 14.6691881 ] } },
{ "type": "Feature", "properties": { "osmid": 40813569, "y": 14.6295586, "x": 121.0297238, "street_count": 4, "highway": "traffic_signals" }, "geometry": { "type": "Point", "coordinates": [ 121.0297238, 14.6295586 ] } },
{ "type": "Feature", "properties": { "osmid": 11541980162, "y": 14.7348881, "x": 121.0338467, "street_count": 3, "highway": "" }, "geometry": { "type": "Point", "coordinates": [ 121.0338467, 14.7348881 ] } },
{ "type": "Feature", "properties": { "osmid": 11541980163, "y": 14.7349273, "x": 121.0338239, "street_count": 3, "highway": "" }, "geometry": { "type": "Point", "coordinates": [ 121.0338239, 14.7349273 ] } },
{ "type": "Feature", "properties": { "osmid": 40813571, "y": 14.6291069, "x": 121.0318305, "street_count": 4, "highway": "traffic_signals" }, "geometry": { "type": "Point", "coordinates": [ 121.0318305, 14.6291069 ] } },
{ "type": "Feature", "properties": { "osmid": 8310932481, "y": 14.6865029, "x": 121.0885867, "street_count": 3, "highway": "" }, "geometry": { "type": "Point", "coordinates": [ 121.0885867, 14.6865029 ] } },
{ "type": "Feature", "properties": { "osmid": 348029963, "y": 14.6373179, "x": 121.0265469, "street_count": 4, "highway": "" }, "geometry": { "type": "Point", "coordinates": [ 121.0265469, 14.6373179 ] } },
{ "type": "Feature", "properties": { "osmid": 8310932493, "y": 14.6912172, "x": 121.0874415, "street_count": 3, "highway": "" }, "geometry": { "type": "Point", "coordinates": [ 121.0874415, 14.6912172 ] } },
{ "type": "Feature", "properties": { "osmid": 101868566, "y": 14.6444352, "x": 121.0170259, "street_count": 3, "highway": "" }, "geometry": { "type": "Point", "coordinates": [ 121.0170259, 14.6444352 ] } },
{ "type": "Feature", "properties": { "osmid": 1894130720, "y": 14.7227345, "x": 121.1081025, "street_count": 3, "highway": "" }, "geometry": { "type": "Point", "coordinates": [ 121.1081025, 14.7227345 ] } },
{ "type": "Feature", "properties": { "osmid": 60449825, "y": 14.6300909, "x": 121.0082247, "street_count": 4, "highway": "" }, "geometry": { "type": "Point", "coordinates": [ 121.0082247, 14.6300909 ] } },
{ "type": "Feature", "properties": { "osmid": 243672102, "y": 14.7342607, "x": 121.054505, "street_count": 3, "highway": "" }, "geometry": { "type": "Point", "coordinates": [ 121.054505, 14.7342607 ] } },
{ "type": "Feature", "properties": { "osmid": 8383431720, "y": 14.6604985, "x": 121.0004716, "street_count": 2, "highway": "" }, "geometry": { "type": "Point", "coordinates": [ 121.0004716, 14.6604985 ] } },
{ "type": "Feature", "properties": { "osmid": 5393400877, "y": 14.6404283, "x": 121.0164189, "street_count": 4, "highway": "traffic_signals" }, "geometry": { "type": "Point", "coordinates": [ 121.0164189, 14.6404283 ] } },
{ "type": "Feature", "properties": { "osmid": 1316799535, "y": 14.6567889, "x": 121.0241626, "street_count": 3, "highway": "" }, "geometry": { "type": "Point", "coordinates": [ 121.0241626, 14.6567889 ] } },
{ "type": "Feature", "properties": { "osmid": 505029680, "y": 14.6437028, "x": 120.9932815, "street_count": 3, "highway": "" }, "geometry": { "type": "Point", "coordinates": [ 120.9932815, 14.6437028 ] } },
{ "type": "Feature", "properties": { "osmid": 260899889, "y": 14.7118887, "x": 121.0397985, "street_count": 3, "highway": "" }, "geometry": { "type": "Point", "coordinates": [ 121.0397985, 14.7118887 ] } },
{ "type": "Feature", "properties": { "osmid": 5684208691, "y": 14.67716, "x": 121.0829924, "street_count": 3, "highway": "" }, "geometry": { "type": "Point", "coordinates": [ 121.0829924, 14.67716 ] } },
{ "type": "Feature", "properties": { "osmid": 523961397, "y": 14.6218427, "x": 121.050132, "street_count": 3, "highway": "" }, "geometry": { "type": "Point", "coordinates": [ 121.050132, 14.6218427 ] } },
{ "type": "Feature", "properties": { "osmid": 43082813, "y": 14.6301971, "x": 121.0029171, "street_count": 4, "highway": "" }, "geometry": { "type": "Point", "coordinates": [ 121.0029171, 14.6301971 ] } },
{ "type": "Feature", "properties": { "osmid": 2633212991, "y": 14.7019963, "x": 121.0893599, "street_count": 3, "highway": "" }, "geometry": { "type": "Point", "coordinates": [ 121.0893599, 14.7019963 ] } },
{ "type": "Feature", "properties": { "osmid": 43082816, "y": 14.6321283, "x": 121.0072323, "street_count": 4, "highway": "" }, "geometry": { "type": "Point", "coordinates": [ 121.0072323, 14.6321283 ] } },
{ "type": "Feature", "properties": { "osmid": 7455630405, "y": 14.6535989, "x": 121.0745171, "street_count": 3, "highway": "" }, "geometry": { "type": "Point", "coordinates": [ 121.0745171, 14.6535989 ] } },
{ "type": "Feature", "properties": { "osmid": 260899909, "y": 14.7100758, "x": 121.0393791, "street_count": 3, "highway": "" }, "geometry": { "type": "Point", "coordinates": [ 121.0393791, 14.7100758 ] } },
{ "type": "Feature", "properties": { "osmid": 9765274695, "y": 14.6794527, "x": 121.02343, "street_count": 3, "highway": "" }, "geometry": { "type": "Point", "coordinates": [ 121.02343, 14.6794527 ] } },
{ "type": "Feature", "properties": { "osmid": 566895691, "y": 14.6551104, "x": 121.0187097, "street_count": 3, "highway": "" }, "geometry": { "type": "Point", "coordinates": [ 121.0187097, 14.6551104 ] } },
{ "type": "Feature", "properties": { "osmid": 961119308, "y": 14.6272726, "x": 121.0339005, "street_count": 3, "highway": "" }, "geometry": { "type": "Point", "coordinates": [ 121.0339005, 14.6272726 ] } },
{ "type": "Feature", "properties": { "osmid": 1639973965, "y": 14.6676931, "x": 121.0693491, "street_count": 3, "highway": "" }, "geometry": { "type": "Point", "coordinates": [ 121.0693491, 14.6676931 ] } },
{ "type": "Feature", "properties": { "osmid": 1639973966, "y": 14.6719468, "x": 121.0675186, "street_count": 3, "highway": "" }, "geometry": { "type": "Point", "coordinates": [ 121.0675186, 14.6719468 ] } },
{ "type": "Feature", "properties": { "osmid": 566895698, "y": 14.6563017, "x": 121.0191494, "street_count": 4, "highway": "" }, "geometry": { "type": "Point", "coordinates": [ 121.0191494, 14.6563017 ] } },
{ "type": "Feature", "properties": { "osmid": 204604504, "y": 14.6544868, "x": 121.0352072, "street_count": 4, "highway": "traffic_signals" }, "geometry": { "type": "Point", "coordinates": [ 121.0352072, 14.6544868 ] } },
{ "type": "Feature", "properties": { "osmid": 5870290011, "y": 14.6814332, "x": 121.0200206, "street_count": 3, "highway": "" }, "geometry": { "type": "Point", "coordinates": [ 121.0200206, 14.6814332 ] } },
{ "type": "Feature", "properties": { "osmid": 6123488349, "y": 14.6984834, "x": 121.0336667, "street_count": 3, "highway": "" }, "geometry": { "type": "Point", "coordinates": [ 121.0336667, 14.6984834 ] } },
{ "type": "Feature", "properties": { "osmid": 7455630430, "y": 14.6473698, "x": 121.0744795, "street_count": 3, "highway": "" }, "geometry": { "type": "Point", "coordinates": [ 121.0744795, 14.6473698 ] } },
{ "type": "Feature", "properties": { "osmid": 7455630433, "y": 14.6475977, "x": 121.0744786, "street_count": 3, "highway": "" }, "geometry": { "type": "Point", "coordinates": [ 121.0744786, 14.6475977 ] } },
{ "type": "Feature", "properties": { "osmid": 26272868, "y": 14.6338012, "x": 121.0741428, "street_count": 3, "highway": "" }, "geometry": { "type": "Point", "coordinates": [ 121.0741428, 14.6338012 ] } },
{ "type": "Feature", "properties": { "osmid": 1119929447, "y": 14.7022724, "x": 121.089362, "street_count": 3, "highway": "" }, "geometry": { "type": "Point", "coordinates": [ 121.089362, 14.7022724 ] } },
{ "type": "Feature", "properties": { "osmid": 5817156714, "y": 14.7194387, "x": 121.0223918, "street_count": 3, "highway": "" }, "geometry": { "type": "Point", "coordinates": [ 121.0223918, 14.7194387 ] } },
{ "type": "Feature", "properties": { "osmid": 8610309234, "y": 14.6538106, "x": 121.0387128, "street_count": 3, "highway": "traffic_signals" }, "geometry": { "type": "Point", "coordinates": [ 121.0387128, 14.6538106 ] } },
{ "type": "Feature", "properties": { "osmid": 8382424181, "y": 14.6504981, "x": 121.0336193, "street_count": 3, "highway": "" }, "geometry": { "type": "Point", "coordinates": [ 121.0336193, 14.6504981 ] } },
{ "type": "Feature", "properties": { "osmid": 614524021, "y": 14.7173359, "x": 121.0207895, "street_count": 3, "highway": "" }, "geometry": { "type": "Point", "coordinates": [ 121.0207895, 14.7173359 ] } },
{ "type": "Feature", "properties": { "osmid": 8382424184, "y": 14.6490914, "x": 121.0344794, "street_count": 3, "highway": "" }, "geometry": { "type": "Point", "coordinates": [ 121.0344794, 14.6490914 ] } },
{ "type": "Feature", "properties": { "osmid": 286188664, "y": 14.6150979, "x": 121.073087, "street_count": 3, "highway": "" }, "geometry": { "type": "Point", "coordinates": [ 121.073087, 14.6150979 ] } },
{ "type": "Feature", "properties": { "osmid": 8382424186, "y": 14.648434, "x": 121.0349167, "street_count": 3, "highway": "" }, "geometry": { "type": "Point", "coordinates": [ 121.0349167, 14.648434 ] } },
{ "type": "Feature", "properties": { "osmid": 1345741948, "y": 14.6560651, "x": 120.9999225, "street_count": 3, "highway": "" }, "geometry": { "type": "Point", "coordinates": [ 120.9999225, 14.6560651 ] } },
{ "type": "Feature", "properties": { "osmid": 614524032, "y": 14.71762, "x": 121.0208285, "street_count": 4, "highway": "" }, "geometry": { "type": "Point", "coordinates": [ 121.0208285, 14.71762 ] } },
{ "type": "Feature", "properties": { "osmid": 614524036, "y": 14.7179144, "x": 121.0208749, "street_count": 4, "highway": "" }, "geometry": { "type": "Point", "coordinates": [ 121.0208749, 14.7179144 ] } },
{ "type": "Feature", "properties": { "osmid": 31908997, "y": 14.6734863, "x": 121.0489103, "street_count": 4, "highway": "" }, "geometry": { "type": "Point", "coordinates": [ 121.0489103, 14.6734863 ] } },
{ "type": "Feature", "properties": { "osmid": 31908999, "y": 14.6754189, "x": 121.0455205, "street_count": 3, "highway": "" }, "geometry": { "type": "Point", "coordinates": [ 121.0455205, 14.6754189 ] } },
{ "type": "Feature", "properties": { "osmid": 31909001, "y": 14.6761268, "x": 121.043616, "street_count": 3, "highway": "" }, "geometry": { "type": "Point", "coordinates": [ 121.043616, 14.6761268 ] } },
{ "type": "Feature", "properties": { "osmid": 193586315, "y": 14.6267164, "x": 121.0607084, "street_count": 3, "highway": "" }, "geometry": { "type": "Point", "coordinates": [ 121.0607084, 14.6267164 ] } },
{ "type": "Feature", "properties": { "osmid": 614524044, "y": 14.7194509, "x": 121.0223104, "street_count": 3, "highway": "" }, "geometry": { "type": "Point", "coordinates": [ 121.0223104, 14.7194509 ] } },
{ "type": "Feature", "properties": { "osmid": 29500569, "y": 14.6316004, "x": 121.0740613, "street_count": 4, "highway": "traffic_signals" }, "geometry": { "type": "Point", "coordinates": [ 121.0740613, 14.6316004 ] } },
{ "type": "Feature", "properties": { "osmid": 193586331, "y": 14.6252328, "x": 121.0577356, "street_count": 3, "highway": "" }, "geometry": { "type": "Point", "coordinates": [ 121.0577356, 14.6252328 ] } },
{ "type": "Feature", "properties": { "osmid": 29500573, "y": 14.6360665, "x": 121.0743374, "street_count": 3, "highway": "" }, "geometry": { "type": "Point", "coordinates": [ 121.0743374, 14.6360665 ] } },
{ "type": "Feature", "properties": { "osmid": 193586343, "y": 14.6249298, "x": 121.0571305, "street_count": 4, "highway": "traffic_signals" }, "geometry": { "type": "Point", "coordinates": [ 121.0571305, 14.6249298 ] } },
{ "type": "Feature", "properties": { "osmid": 714802347, "y": 14.6368266, "x": 121.0265388, "street_count": 3, "highway": "" }, "geometry": { "type": "Point", "coordinates": [ 121.0265388, 14.6368266 ] } },
{ "type": "Feature", "properties": { "osmid": 505013423, "y": 14.6489048, "x": 120.9958533, "street_count": 3, "highway": "" }, "geometry": { "type": "Point", "coordinates": [ 120.9958533, 14.6489048 ] } },
{ "type": "Feature", "properties": { "osmid": 31909045, "y": 14.6082254, "x": 121.017184, "street_count": 4, "highway": "traffic_signals" }, "geometry": { "type": "Point", "coordinates": [ 121.017184, 14.6082254 ] } },
{ "type": "Feature", "properties": { "osmid": 31909047, "y": 14.6153268, "x": 121.0167442, "street_count": 4, "highway": "traffic_signals" }, "geometry": { "type": "Point", "coordinates": [ 121.0167442, 14.6153268 ] } },
{ "type": "Feature", "properties": { "osmid": 31909048, "y": 14.6169781, "x": 121.0158976, "street_count": 3, "highway": "" }, "geometry": { "type": "Point", "coordinates": [ 121.0158976, 14.6169781 ] } },
{ "type": "Feature", "properties": { "osmid": 299689146, "y": 14.7536924, "x": 121.0849227, "street_count": 3, "highway": "" }, "geometry": { "type": "Point", "coordinates": [ 121.0849227, 14.7536924 ] } },
{ "type": "Feature", "properties": { "osmid": 299689148, "y": 14.7528954, "x": 121.084865, "street_count": 3, "highway": "" }, "geometry": { "type": "Point", "coordinates": [ 121.084865, 14.7528954 ] } },
{ "type": "Feature", "properties": { "osmid": 31909052, "y": 14.624306, "x": 121.0155422, "street_count": 4, "highway": "" }, "geometry": { "type": "Point", "coordinates": [ 121.0155422, 14.624306 ] } },
{ "type": "Feature", "properties": { "osmid": 31909053, "y": 14.6253195, "x": 121.0156043, "street_count": 3, "highway": "" }, "geometry": { "type": "Point", "coordinates": [ 121.0156043, 14.6253195 ] } },
{ "type": "Feature", "properties": { "osmid": 193586368, "y": 14.6240649, "x": 121.0553566, "street_count": 5, "highway": "traffic_signals" }, "geometry": { "type": "Point", "coordinates": [ 121.0553566, 14.6240649 ] } },
{ "type": "Feature", "properties": { "osmid": 31909064, "y": 14.6325645, "x": 121.0093947, "street_count": 3, "highway": "" }, "geometry": { "type": "Point", "coordinates": [ 121.0093947, 14.6325645 ] } },
{ "type": "Feature", "properties": { "osmid": 253297867, "y": 14.6072723, "x": 121.0785177, "street_count": 3, "highway": "traffic_signals" }, "geometry": { "type": "Point", "coordinates": [ 121.0785177, 14.6072723 ] } },
{ "type": "Feature", "properties": { "osmid": 31909078, "y": 14.6438337, "x": 121.0059175, "street_count": 3, "highway": "" }, "geometry": { "type": "Point", "coordinates": [ 121.0059175, 14.6438337 ] } },
{ "type": "Feature", "properties": { "osmid": 6626911460, "y": 14.6619372, "x": 121.0591098, "street_count": 2, "highway": "" }, "geometry": { "type": "Point", "coordinates": [ 121.0591098, 14.6619372 ] } },
{ "type": "Feature", "properties": { "osmid": 31909097, "y": 14.6447054, "x": 121.0025133, "street_count": 4, "highway": "" }, "geometry": { "type": "Point", "coordinates": [ 121.0025133, 14.6447054 ] } },
{ "type": "Feature", "properties": { "osmid": 6626911466, "y": 14.6619929, "x": 121.0571647, "street_count": 2, "highway": "" }, "geometry": { "type": "Point", "coordinates": [ 121.0571647, 14.6619929 ] } },
{ "type": "Feature", "properties": { "osmid": 32425195, "y": 14.6767317, "x": 121.0389147, "street_count": 4, "highway": "" }, "geometry": { "type": "Point", "coordinates": [ 121.0389147, 14.6767317 ] } },
{ "type": "Feature", "properties": { "osmid": 32425196, "y": 14.6765905, "x": 121.0384067, "street_count": 3, "highway": "" }, "geometry": { "type": "Point", "coordinates": [ 121.0384067, 14.6765905 ] } },
{ "type": "Feature", "properties": { "osmid": 31909100, "y": 14.6440895, "x": 120.9990593, "street_count": 3, "highway": "" }, "geometry": { "type": "Point", "coordinates": [ 120.9990593, 14.6440895 ] } },
{ "type": "Feature", "properties": { "osmid": 31909099, "y": 14.6442718, "x": 121.0001034, "street_count": 4, "highway": "traffic_signals" }, "geometry": { "type": "Point", "coordinates": [ 121.0001034, 14.6442718 ] } },
{ "type": "Feature", "properties": { "osmid": 32425200, "y": 14.6767008, "x": 121.0354323, "street_count": 3, "highway": "" }, "geometry": { "type": "Point", "coordinates": [ 121.0354323, 14.6767008 ] } },
{ "type": "Feature", "properties": { "osmid": 299689200, "y": 14.7541777, "x": 121.084951, "street_count": 3, "highway": "" }, "geometry": { "type": "Point", "coordinates": [ 121.084951, 14.7541777 ] } },
{ "type": "Feature", "properties": { "osmid": 32425204, "y": 14.6768743, "x": 121.0325645, "street_count": 3, "highway": "" }, "geometry": { "type": "Point", "coordinates": [ 121.0325645, 14.6768743 ] } },
{ "type": "Feature", "properties": { "osmid": 32425207, "y": 14.6645461, "x": 121.0674542, "street_count": 3, "highway": "" }, "geometry": { "type": "Point", "coordinates": [ 121.0674542, 14.6645461 ] } },
{ "type": "Feature", "properties": { "osmid": 7961437437, "y": 14.6605378, "x": 121.0004721, "street_count": 3, "highway": "" }, "geometry": { "type": "Point", "coordinates": [ 121.0004721, 14.6605378 ] } },
{ "type": "Feature", "properties": { "osmid": 193586433, "y": 14.6264132, "x": 121.0600947, "street_count": 3, "highway": "" }, "geometry": { "type": "Point", "coordinates": [ 121.0600947, 14.6264132 ] } },
{ "type": "Feature", "properties": { "osmid": 31909131, "y": 14.6438546, "x": 120.9968235, "street_count": 3, "highway": "" }, "geometry": { "type": "Point", "coordinates": [ 120.9968235, 14.6438546 ] } },
{ "type": "Feature", "properties": { "osmid": 31909134, "y": 14.6441453, "x": 121.0001214, "street_count": 4, "highway": "traffic_signals" }, "geometry": { "type": "Point", "coordinates": [ 121.0001214, 14.6441453 ] } },
{ "type": "Feature", "properties": { "osmid": 31909136, "y": 14.6445482, "x": 121.0025497, "street_count": 4, "highway": "" }, "geometry": { "type": "Point", "coordinates": [ 121.0025497, 14.6445482 ] } },
{ "type": "Feature", "properties": { "osmid": 5337102301, "y": 14.6713093, "x": 121.0115299, "street_count": 3, "highway": "" }, "geometry": { "type": "Point", "coordinates": [ 121.0115299, 14.6713093 ] } },
{ "type": "Feature", "properties": { "osmid": 9735505174, "y": 14.6865274, "x": 121.0315188, "street_count": 3, "highway": "" }, "geometry": { "type": "Point", "coordinates": [ 121.0315188, 14.6865274 ] } },
{ "type": "Feature", "properties": { "osmid": 9735505173, "y": 14.6865702, "x": 121.0317062, "street_count": 3, "highway": "" }, "geometry": { "type": "Point", "coordinates": [ 121.0317062, 14.6865702 ] } },
{ "type": "Feature", "properties": { "osmid": 9730966808, "y": 14.640292, "x": 121.0156869, "street_count": 3, "highway": "" }, "geometry": { "type": "Point", "coordinates": [ 121.0156869, 14.640292 ] } },
{ "type": "Feature", "properties": { "osmid": 9730966809, "y": 14.6402918, "x": 121.0159081, "street_count": 3, "highway": "" }, "geometry": { "type": "Point", "coordinates": [ 121.0159081, 14.6402918 ] } },
{ "type": "Feature", "properties": { "osmid": 9730966810, "y": 14.6403473, "x": 121.0159151, "street_count": 3, "highway": "" }, "geometry": { "type": "Point", "coordinates": [ 121.0159151, 14.6403473 ] } },
{ "type": "Feature", "properties": { "osmid": 35456301, "y": 14.6560771, "x": 121.0285161, "street_count": 4, "highway": "" }, "geometry": { "type": "Point", "coordinates": [ 121.0285161, 14.6560771 ] } },
{ "type": "Feature", "properties": { "osmid": 31909178, "y": 14.6393702, "x": 121.0065542, "street_count": 3, "highway": "" }, "geometry": { "type": "Point", "coordinates": [ 121.0065542, 14.6393702 ] } },
{ "type": "Feature", "properties": { "osmid": 250545468, "y": 14.6852035, "x": 121.0317392, "street_count": 3, "highway": "" }, "geometry": { "type": "Point", "coordinates": [ 121.0317392, 14.6852035 ] } },
{ "type": "Feature", "properties": { "osmid": 31909184, "y": 14.6358603, "x": 121.0086277, "street_count": 4, "highway": "traffic_signals" }, "geometry": { "type": "Point", "coordinates": [ 121.0086277, 14.6358603 ] } },
{ "type": "Feature", "properties": { "osmid": 31909185, "y": 14.6328992, "x": 121.0089418, "street_count": 3, "highway": "" }, "geometry": { "type": "Point", "coordinates": [ 121.0089418, 14.6328992 ] } },
{ "type": "Feature", "properties": { "osmid": 512091457, "y": 14.6274438, "x": 121.047503, "street_count": 3, "highway": "" }, "geometry": { "type": "Point", "coordinates": [ 121.047503, 14.6274438 ] } },
{ "type": "Feature", "properties": { "osmid": 31909189, "y": 14.6304714, "x": 121.0109345, "street_count": 4, "highway": "" }, "geometry": { "type": "Point", "coordinates": [ 121.0109345, 14.6304714 ] } },
{ "type": "Feature", "properties": { "osmid": 8451990863, "y": 14.704016, "x": 121.0838948, "street_count": 3, "highway": "" }, "geometry": { "type": "Point", "coordinates": [ 121.0838948, 14.704016 ] } },
{ "type": "Feature", "properties": { "osmid": 193586513, "y": 14.6261093, "x": 121.0594789, "street_count": 4, "highway": "" }, "geometry": { "type": "Point", "coordinates": [ 121.0594789, 14.6261093 ] } },
{ "type": "Feature", "properties": { "osmid": 206873938, "y": 14.6352683, "x": 121.0567728, "street_count": 4, "highway": "" }, "geometry": { "type": "Point", "coordinates": [ 121.0567728, 14.6352683 ] } },
{ "type": "Feature", "properties": { "osmid": 1255073108, "y": 14.6479106, "x": 121.0283042, "street_count": 3, "highway": "traffic_signals" }, "geometry": { "type": "Point", "coordinates": [ 121.0283042, 14.6479106 ] } },
{ "type": "Feature", "properties": { "osmid": 1211639129, "y": 14.6071658, "x": 121.0387121, "street_count": 3, "highway": "" }, "geometry": { "type": "Point", "coordinates": [ 121.0387121, 14.6071658 ] } },
{ "type": "Feature", "properties": { "osmid": 206873951, "y": 14.6293338, "x": 121.0693586, "street_count": 4, "highway": "traffic_signals" }, "geometry": { "type": "Point", "coordinates": [ 121.0693586, 14.6293338 ] } },
{ "type": "Feature", "properties": { "osmid": 6510134625, "y": 14.593575, "x": 121.0798624, "street_count": 3, "highway": "" }, "geometry": { "type": "Point", "coordinates": [ 121.0798624, 14.593575 ] } },
{ "type": "Feature", "properties": { "osmid": 6510134626, "y": 14.5938333, "x": 121.0798291, "street_count": 3, "highway": "" }, "geometry": { "type": "Point", "coordinates": [ 121.0798291, 14.5938333 ] } },
{ "type": "Feature", "properties": { "osmid": 256214377, "y": 14.7323225, "x": 121.0496577, "street_count": 3, "highway": "" }, "geometry": { "type": "Point", "coordinates": [ 121.0496577, 14.7323225 ] } },
{ "type": "Feature", "properties": { "osmid": 9883764082, "y": 14.646269, "x": 120.9948617, "street_count": 3, "highway": "" }, "geometry": { "type": "Point", "coordinates": [ 120.9948617, 14.646269 ] } },
{ "type": "Feature", "properties": { "osmid": 577406331, "y": 14.6549334, "x": 121.0303425, "street_count": 3, "highway": "" }, "geometry": { "type": "Point", "coordinates": [ 121.0303425, 14.6549334 ] } },
{ "type": "Feature", "properties": { "osmid": 32425340, "y": 14.7316318, "x": 121.048711, "street_count": 3, "highway": "traffic_signals" }, "geometry": { "type": "Point", "coordinates": [ 121.048711, 14.7316318 ] } },
{ "type": "Feature", "properties": { "osmid": 193586557, "y": 14.6258033, "x": 121.0588955, "street_count": 4, "highway": "" }, "geometry": { "type": "Point", "coordinates": [ 121.0588955, 14.6258033 ] } },
{ "type": "Feature", "properties": { "osmid": 32425339, "y": 14.7328875, "x": 121.0504682, "street_count": 4, "highway": "" }, "geometry": { "type": "Point", "coordinates": [ 121.0504682, 14.7328875 ] } },
{ "type": "Feature", "properties": { "osmid": 32425348, "y": 14.7259569, "x": 121.0412123, "street_count": 3, "highway": "" }, "geometry": { "type": "Point", "coordinates": [ 121.0412123, 14.7259569 ] } },
{ "type": "Feature", "properties": { "osmid": 32425350, "y": 14.7222561, "x": 121.0416665, "street_count": 3, "highway": "" }, "geometry": { "type": "Point", "coordinates": [ 121.0416665, 14.7222561 ] } },
{ "type": "Feature", "properties": { "osmid": 206873991, "y": 14.6304052, "x": 121.0716958, "street_count": 4, "highway": "" }, "geometry": { "type": "Point", "coordinates": [ 121.0716958, 14.6304052 ] } },
{ "type": "Feature", "properties": { "osmid": 6636742026, "y": 14.6314213, "x": 121.0215671, "street_count": 3, "highway": "" }, "geometry": { "type": "Point", "coordinates": [ 121.0215671, 14.6314213 ] } },
{ "type": "Feature", "properties": { "osmid": 32425355, "y": 14.721893, "x": 121.0378336, "street_count": 3, "highway": "" }, "geometry": { "type": "Point", "coordinates": [ 121.0378336, 14.721893 ] } },
{ "type": "Feature", "properties": { "osmid": 32425354, "y": 14.7218699, "x": 121.0388384, "street_count": 3, "highway": "" }, "geometry": { "type": "Point", "coordinates": [ 121.0388384, 14.7218699 ] } },
{ "type": "Feature", "properties": { "osmid": 32425357, "y": 14.7218354, "x": 121.0346617, "street_count": 3, "highway": "" }, "geometry": { "type": "Point", "coordinates": [ 121.0346617, 14.7218354 ] } },
{ "type": "Feature", "properties": { "osmid": 250545550, "y": 14.6499535, "x": 121.0336241, "street_count": 3, "highway": "" }, "geometry": { "type": "Point", "coordinates": [ 121.0336241, 14.6499535 ] } },
{ "type": "Feature", "properties": { "osmid": 32425361, "y": 14.7205244, "x": 121.0281193, "street_count": 3, "highway": "" }, "geometry": { "type": "Point", "coordinates": [ 121.0281193, 14.7205244 ] } },
{ "type": "Feature", "properties": { "osmid": 193586581, "y": 14.6255088, "x": 121.0583217, "street_count": 3, "highway": "" }, "geometry": { "type": "Point", "coordinates": [ 121.0583217, 14.6255088 ] } },
{ "type": "Feature", "properties": { "osmid": 206874009, "y": 14.6288116, "x": 121.0679253, "street_count": 4, "highway": "" }, "geometry": { "type": "Point", "coordinates": [ 121.0679253, 14.6288116 ] } },
{ "type": "Feature", "properties": { "osmid": 8366523816, "y": 14.6203131, "x": 121.0195363, "street_count": 3, "highway": "" }, "geometry": { "type": "Point", "coordinates": [ 121.0195363, 14.6203131 ] } },
{ "type": "Feature", "properties": { "osmid": 7987103145, "y": 14.6454251, "x": 121.0369444, "street_count": 3, "highway": "" }, "geometry": { "type": "Point", "coordinates": [ 121.0369444, 14.6454251 ] } },
{ "type": "Feature", "properties": { "osmid": 9858631082, "y": 14.6442291, "x": 121.042564, "street_count": 4, "highway": "" }, "geometry": { "type": "Point", "coordinates": [ 121.042564, 14.6442291 ] } },
{ "type": "Feature", "properties": { "osmid": 206874037, "y": 14.6545175, "x": 121.035069, "street_count": 4, "highway": "traffic_signals" }, "geometry": { "type": "Point", "coordinates": [ 121.035069, 14.6545175 ] } },
{ "type": "Feature", "properties": { "osmid": 29025724, "y": 14.654732, "x": 121.0584235, "street_count": 4, "highway": "traffic_signals" }, "geometry": { "type": "Point", "coordinates": [ 121.0584235, 14.654732 ] } },
{ "type": "Feature", "properties": { "osmid": 219940288, "y": 14.6647362, "x": 121.0263731, "street_count": 4, "highway": "traffic_signals" }, "geometry": { "type": "Point", "coordinates": [ 121.0263731, 14.6647362 ] } },
{ "type": "Feature", "properties": { "osmid": 799958464, "y": 14.6551973, "x": 121.0467055, "street_count": 3, "highway": "" }, "geometry": { "type": "Point", "coordinates": [ 121.0467055, 14.6551973 ] } },
{ "type": "Feature", "properties": { "osmid": 249226694, "y": 14.6450047, "x": 121.0478134, "street_count": 4, "highway": "" }, "geometry": { "type": "Point", "coordinates": [ 121.0478134, 14.6450047 ] } },
{ "type": "Feature", "properties": { "osmid": 8064099783, "y": 14.6864564, "x": 121.089874, "street_count": 3, "highway": "traffic_signals" }, "geometry": { "type": "Point", "coordinates": [ 121.089874, 14.6864564 ] } },
{ "type": "Feature", "properties": { "osmid": 5284251079, "y": 14.6450153, "x": 121.0367585, "street_count": 3, "highway": "" }, "geometry": { "type": "Point", "coordinates": [ 121.0367585, 14.6450153 ] } },
{ "type": "Feature", "properties": { "osmid": 13088466377, "y": 14.6486207, "x": 121.0510719, "street_count": 3, "highway": "" }, "geometry": { "type": "Point", "coordinates": [ 121.0510719, 14.6486207 ] } },
{ "type": "Feature", "properties": { "osmid": 253183432, "y": 14.693513, "x": 121.0964149, "street_count": 3, "highway": "" }, "geometry": { "type": "Point", "coordinates": [ 121.0964149, 14.693513 ] } },
{ "type": "Feature", "properties": { "osmid": 5284251078, "y": 14.6452067, "x": 121.0370846, "street_count": 3, "highway": "" }, "geometry": { "type": "Point", "coordinates": [ 121.0370846, 14.6452067 ] } },
{ "type": "Feature", "properties": { "osmid": 2560837068, "y": 14.690577, "x": 121.0279178, "street_count": 4, "highway": "traffic_signals" }, "geometry": { "type": "Point", "coordinates": [ 121.0279178, 14.690577 ] } },
{ "type": "Feature", "properties": { "osmid": 24651214, "y": 14.6175797, "x": 121.0016686, "street_count": 3, "highway": "" }, "geometry": { "type": "Point", "coordinates": [ 121.0016686, 14.6175797 ] } },
{ "type": "Feature", "properties": { "osmid": 249226705, "y": 14.6456043, "x": 121.047958, "street_count": 3, "highway": "" }, "geometry": { "type": "Point", "coordinates": [ 121.047958, 14.6456043 ] } },
{ "type": "Feature", "properties": { "osmid": 5286225361, "y": 14.5928329, "x": 121.0590686, "street_count": 3, "highway": "" }, "geometry": { "type": "Point", "coordinates": [ 121.0590686, 14.5928329 ] } },
{ "type": "Feature", "properties": { "osmid": 5536826835, "y": 14.7104711, "x": 121.0610111, "street_count": 3, "highway": "traffic_signals" }, "geometry": { "type": "Point", "coordinates": [ 121.0610111, 14.7104711 ] } },
{ "type": "Feature", "properties": { "osmid": 256214484, "y": 14.7395604, "x": 121.0469846, "street_count": 3, "highway": "" }, "geometry": { "type": "Point", "coordinates": [ 121.0469846, 14.7395604 ] } },
{ "type": "Feature", "properties": { "osmid": 5536826840, "y": 14.7287242, "x": 121.0611503, "street_count": 4, "highway": "" }, "geometry": { "type": "Point", "coordinates": [ 121.0611503, 14.7287242 ] } },
{ "type": "Feature", "properties": { "osmid": 7556408794, "y": 14.6791159, "x": 121.0247169, "street_count": 3, "highway": "" }, "geometry": { "type": "Point", "coordinates": [ 121.0247169, 14.6791159 ] } },
{ "type": "Feature", "properties": { "osmid": 5404739034, "y": 14.6286688, "x": 121.0338843, "street_count": 4, "highway": "traffic_signals" }, "geometry": { "type": "Point", "coordinates": [ 121.0338843, 14.6286688 ] } },
{ "type": "Feature", "properties": { "osmid": 5382071771, "y": 14.6872511, "x": 121.0872103, "street_count": 3, "highway": "" }, "geometry": { "type": "Point", "coordinates": [ 121.0872103, 14.6872511 ] } },
{ "type": "Feature", "properties": { "osmid": 1162946013, "y": 14.6180752, "x": 121.0715981, "street_count": 3, "highway": "motorway_junction" }, "geometry": { "type": "Point", "coordinates": [ 121.0715981, 14.6180752 ] } },
{ "type": "Feature", "properties": { "osmid": 1162946012, "y": 14.6174343, "x": 121.0712481, "street_count": 3, "highway": "" }, "geometry": { "type": "Point", "coordinates": [ 121.0712481, 14.6174343 ] } },
{ "type": "Feature", "properties": { "osmid": 5536826848, "y": 14.7111595, "x": 121.0611586, "street_count": 3, "highway": "" }, "geometry": { "type": "Point", "coordinates": [ 121.0611586, 14.7111595 ] } },
{ "type": "Feature", "properties": { "osmid": 5404739038, "y": 14.6272685, "x": 121.0336338, "street_count": 4, "highway": "traffic_signals" }, "geometry": { "type": "Point", "coordinates": [ 121.0336338, 14.6272685 ] } },
{ "type": "Feature", "properties": { "osmid": 5404739037, "y": 14.6270509, "x": 121.0335891, "street_count": 3, "highway": "" }, "geometry": { "type": "Point", "coordinates": [ 121.0335891, 14.6270509 ] } },
{ "type": "Feature", "properties": { "osmid": 12108604896, "y": 14.7064045, "x": 121.0704166, "street_count": 3, "highway": "" }, "geometry": { "type": "Point", "coordinates": [ 121.0704166, 14.7064045 ] } },
{ "type": "Feature", "properties": { "osmid": 5536826850, "y": 14.7165087, "x": 121.0611606, "street_count": 4, "highway": "" }, "geometry": { "type": "Point", "coordinates": [ 121.0611606, 14.7165087 ] } },
{ "type": "Feature", "properties": { "osmid": 256214501, "y": 14.7353011, "x": 121.0479122, "street_count": 3, "highway": "" }, "geometry": { "type": "Point", "coordinates": [ 121.0479122, 14.7353011 ] } },
{ "type": "Feature", "properties": { "osmid": 5536826853, "y": 14.7230696, "x": 121.0611631, "street_count": 4, "highway": "" }, "geometry": { "type": "Point", "coordinates": [ 121.0611631, 14.7230696 ] } },
{ "type": "Feature", "properties": { "osmid": 256214504, "y": 14.7406753, "x": 121.0467537, "street_count": 3, "highway": "" }, "geometry": { "type": "Point", "coordinates": [ 121.0467537, 14.7406753 ] } },
{ "type": "Feature", "properties": { "osmid": 5536826851, "y": 14.7201345, "x": 121.0611619, "street_count": 3, "highway": "traffic_signals" }, "geometry": { "type": "Point", "coordinates": [ 121.0611619, 14.7201345 ] } },
{ "type": "Feature", "properties": { "osmid": 7556408810, "y": 14.6845958, "x": 121.0228559, "street_count": 3, "highway": "" }, "geometry": { "type": "Point", "coordinates": [ 121.0228559, 14.6845958 ] } },
{ "type": "Feature", "properties": { "osmid": 5536826858, "y": 14.7245418, "x": 121.0611596, "street_count": 4, "highway": "" }, "geometry": { "type": "Point", "coordinates": [ 121.0611596, 14.7245418 ] } },
{ "type": "Feature", "properties": { "osmid": 1162946028, "y": 14.6180259, "x": 121.0717396, "street_count": 3, "highway": "" }, "geometry": { "type": "Point", "coordinates": [ 121.0717396, 14.6180259 ] } },
{ "type": "Feature", "properties": { "osmid": 260900333, "y": 14.7039744, "x": 121.0372217, "street_count": 3, "highway": "" }, "geometry": { "type": "Point", "coordinates": [ 121.0372217, 14.7039744 ] } },
{ "type": "Feature", "properties": { "osmid": 1162946030, "y": 14.6173158, "x": 121.0714615, "street_count": 3, "highway": "" }, "geometry": { "type": "Point", "coordinates": [ 121.0714615, 14.6173158 ] } },
{ "type": "Feature", "properties": { "osmid": 250545643, "y": 14.6664625, "x": 121.0323997, "street_count": 4, "highway": "" }, "geometry": { "type": "Point", "coordinates": [ 121.0323997, 14.6664625 ] } },
{ "type": "Feature", "properties": { "osmid": 2074453488, "y": 14.6191555, "x": 121.0721114, "street_count": 3, "highway": "" }, "geometry": { "type": "Point", "coordinates": [ 121.0721114, 14.6191555 ] } },
{ "type": "Feature", "properties": { "osmid": 12075935217, "y": 14.7333401, "x": 121.0483391, "street_count": 3, "highway": "" }, "geometry": { "type": "Point", "coordinates": [ 121.0483391, 14.7333401 ] } },
{ "type": "Feature", "properties": { "osmid": 12075935215, "y": 14.733395, "x": 121.0483272, "street_count": 3, "highway": "" }, "geometry": { "type": "Point", "coordinates": [ 121.0483272, 14.733395 ] } },
{ "type": "Feature", "properties": { "osmid": 5536826867, "y": 14.7293089, "x": 121.0611464, "street_count": 3, "highway": "" }, "geometry": { "type": "Point", "coordinates": [ 121.0611464, 14.7293089 ] } },
{ "type": "Feature", "properties": { "osmid": 5536826868, "y": 14.7295733, "x": 121.061146, "street_count": 4, "highway": "" }, "geometry": { "type": "Point", "coordinates": [ 121.061146, 14.7295733 ] } },
{ "type": "Feature", "properties": { "osmid": 5536826869, "y": 14.7296727, "x": 121.0612523, "street_count": 4, "highway": "" }, "geometry": { "type": "Point", "coordinates": [ 121.0612523, 14.7296727 ] } },
{ "type": "Feature", "properties": { "osmid": 5536826870, "y": 14.729751, "x": 121.0611451, "street_count": 4, "highway": "" }, "geometry": { "type": "Point", "coordinates": [ 121.0611451, 14.729751 ] } },
{ "type": "Feature", "properties": { "osmid": 5352195575, "y": 14.6244964, "x": 121.0382839, "street_count": 3, "highway": "" }, "geometry": { "type": "Point", "coordinates": [ 121.0382839, 14.6244964 ] } },
{ "type": "Feature", "properties": { "osmid": 8096007672, "y": 14.6425413, "x": 121.035061, "street_count": 3, "highway": "" }, "geometry": { "type": "Point", "coordinates": [ 121.035061, 14.6425413 ] } },
{ "type": "Feature", "properties": { "osmid": 5536826871, "y": 14.7309216, "x": 121.0611391, "street_count": 3, "highway": "" }, "geometry": { "type": "Point", "coordinates": [ 121.0611391, 14.7309216 ] } },
{ "type": "Feature", "properties": { "osmid": 8096007670, "y": 14.642707, "x": 121.0354467, "street_count": 3, "highway": "" }, "geometry": { "type": "Point", "coordinates": [ 121.0354467, 14.642707 ] } },
{ "type": "Feature", "properties": { "osmid": 9851528696, "y": 14.5998207, "x": 121.0597959, "street_count": 3, "highway": "" }, "geometry": { "type": "Point", "coordinates": [ 121.0597959, 14.5998207 ] } },
{ "type": "Feature", "properties": { "osmid": 5536826876, "y": 14.731846, "x": 121.0611344, "street_count": 3, "highway": "" }, "geometry": { "type": "Point", "coordinates": [ 121.0611344, 14.731846 ] } },
{ "type": "Feature", "properties": { "osmid": 1162946044, "y": 14.6117091, "x": 121.0754503, "street_count": 3, "highway": "" }, "geometry": { "type": "Point", "coordinates": [ 121.0754503, 14.6117091 ] } },
{ "type": "Feature", "properties": { "osmid": 5536826879, "y": 14.7107531, "x": 121.061212, "street_count": 3, "highway": "" }, "geometry": { "type": "Point", "coordinates": [ 121.061212, 14.7107531 ] } },
{ "type": "Feature", "properties": { "osmid": 249226753, "y": 14.6376579, "x": 121.0476882, "street_count": 3, "highway": "" }, "geometry": { "type": "Point", "coordinates": [ 121.0476882, 14.6376579 ] } },
{ "type": "Feature", "properties": { "osmid": 5536826882, "y": 14.7346996, "x": 121.0612088, "street_count": 3, "highway": "" }, "geometry": { "type": "Point", "coordinates": [ 121.0612088, 14.7346996 ] } },
{ "type": "Feature", "properties": { "osmid": 250545678, "y": 14.6508801, "x": 121.0289004, "street_count": 4, "highway": "" }, "geometry": { "type": "Point", "coordinates": [ 121.0289004, 14.6508801 ] } },
{ "type": "Feature", "properties": { "osmid": 5284185615, "y": 14.6535818, "x": 121.0470085, "street_count": 3, "highway": "" }, "geometry": { "type": "Point", "coordinates": [ 121.0470085, 14.6535818 ] } },
{ "type": "Feature", "properties": { "osmid": 288458254, "y": 14.6437225, "x": 121.0376029, "street_count": 3, "highway": "" }, "geometry": { "type": "Point", "coordinates": [ 121.0376029, 14.6437225 ] } },
{ "type": "Feature", "properties": { "osmid": 249226767, "y": 14.6372654, "x": 121.0421727, "street_count": 3, "highway": "" }, "geometry": { "type": "Point", "coordinates": [ 121.0421727, 14.6372654 ] } },
{ "type": "Feature", "properties": { "osmid": 8642283031, "y": 14.6298442, "x": 121.0187507, "street_count": 3, "highway": "" }, "geometry": { "type": "Point", "coordinates": [ 121.0187507, 14.6298442 ] } },
{ "type": "Feature", "properties": { "osmid": 60450329, "y": 14.6183331, "x": 121.0021646, "street_count": 3, "highway": "" }, "geometry": { "type": "Point", "coordinates": [ 121.0021646, 14.6183331 ] } },
{ "type": "Feature", "properties": { "osmid": 312264218, "y": 14.64391, "x": 121.0379269, "street_count": 3, "highway": "" }, "geometry": { "type": "Point", "coordinates": [ 121.0379269, 14.64391 ] } },
{ "type": "Feature", "properties": { "osmid": 5536826909, "y": 14.7353341, "x": 121.0612074, "street_count": 4, "highway": "" }, "geometry": { "type": "Point", "coordinates": [ 121.0612074, 14.7353341 ] } },
{ "type": "Feature", "properties": { "osmid": 60450335, "y": 14.618963, "x": 121.0028679, "street_count": 3, "highway": "" }, "geometry": { "type": "Point", "coordinates": [ 121.0028679, 14.618963 ] } },
{ "type": "Feature", "properties": { "osmid": 5536826915, "y": 14.7355364, "x": 121.0674403, "street_count": 3, "highway": "traffic_signals" }, "geometry": { "type": "Point", "coordinates": [ 121.0674403, 14.7355364 ] } },
{ "type": "Feature", "properties": { "osmid": 5536826916, "y": 14.7355468, "x": 121.0680924, "street_count": 4, "highway": "" }, "geometry": { "type": "Point", "coordinates": [ 121.0680924, 14.7355468 ] } },
{ "type": "Feature", "properties": { "osmid": 312264226, "y": 14.6208096, "x": 121.0730315, "street_count": 3, "highway": "" }, "geometry": { "type": "Point", "coordinates": [ 121.0730315, 14.6208096 ] } },
{ "type": "Feature", "properties": { "osmid": 8188560933, "y": 14.7003187, "x": 121.0880872, "street_count": 3, "highway": "motorway_junction" }, "geometry": { "type": "Point", "coordinates": [ 121.0880872, 14.7003187 ] } },
{ "type": "Feature", "properties": { "osmid": 256214563, "y": 14.7343591, "x": 121.0481173, "street_count": 3, "highway": "" }, "geometry": { "type": "Point", "coordinates": [ 121.0481173, 14.7343591 ] } },
{ "type": "Feature", "properties": { "osmid": 1651090988, "y": 14.6644736, "x": 121.072224, "street_count": 3, "highway": "motorway_junction" }, "geometry": { "type": "Point", "coordinates": [ 121.072224, 14.6644736 ] } },
{ "type": "Feature", "properties": { "osmid": 1116653102, "y": 14.6679087, "x": 121.0565091, "street_count": 3, "highway": "" }, "geometry": { "type": "Point", "coordinates": [ 121.0565091, 14.6679087 ] } },
{ "type": "Feature", "properties": { "osmid": 961119795, "y": 14.6287079, "x": 121.0336911, "street_count": 3, "highway": "" }, "geometry": { "type": "Point", "coordinates": [ 121.0336911, 14.6287079 ] } },
{ "type": "Feature", "properties": { "osmid": 5336909376, "y": 14.6806459, "x": 121.0155874, "street_count": 3, "highway": "" }, "geometry": { "type": "Point", "coordinates": [ 121.0155874, 14.6806459 ] } },
{ "type": "Feature", "properties": { "osmid": 12430263873, "y": 14.6463566, "x": 121.0278676, "street_count": 4, "highway": "" }, "geometry": { "type": "Point", "coordinates": [ 121.0278676, 14.6463566 ] } },
{ "type": "Feature", "properties": { "osmid": 12430263874, "y": 14.6479281, "x": 121.0282363, "street_count": 4, "highway": "traffic_signals" }, "geometry": { "type": "Point", "coordinates": [ 121.0282363, 14.6479281 ] } },
{ "type": "Feature", "properties": { "osmid": 8344069706, "y": 14.6368736, "x": 121.0254851, "street_count": 3, "highway": "" }, "geometry": { "type": "Point", "coordinates": [ 121.0254851, 14.6368736 ] } },
{ "type": "Feature", "properties": { "osmid": 1116653139, "y": 14.6689109, "x": 121.0543374, "street_count": 3, "highway": "" }, "geometry": { "type": "Point", "coordinates": [ 121.0543374, 14.6689109 ] } },
{ "type": "Feature", "properties": { "osmid": 256214614, "y": 14.7408127, "x": 121.0561534, "street_count": 3, "highway": "" }, "geometry": { "type": "Point", "coordinates": [ 121.0561534, 14.7408127 ] } },
{ "type": "Feature", "properties": { "osmid": 1162946137, "y": 14.6129199, "x": 121.0753289, "street_count": 3, "highway": "motorway_junction" }, "geometry": { "type": "Point", "coordinates": [ 121.0753289, 14.6129199 ] } },
{ "type": "Feature", "properties": { "osmid": 1162946139, "y": 14.615094, "x": 121.0749013, "street_count": 3, "highway": "" }, "geometry": { "type": "Point", "coordinates": [ 121.0749013, 14.615094 ] } },
{ "type": "Feature", "properties": { "osmid": 5286078046, "y": 14.6467967, "x": 121.035691, "street_count": 3, "highway": "motorway_junction" }, "geometry": { "type": "Point", "coordinates": [ 121.035691, 14.6467967 ] } },
{ "type": "Feature", "properties": { "osmid": 1116653153, "y": 14.6682658, "x": 121.0554792, "street_count": 3, "highway": "" }, "geometry": { "type": "Point", "coordinates": [ 121.0554792, 14.6682658 ] } },
{ "type": "Feature", "properties": { "osmid": 5729568362, "y": 14.5954985, "x": 121.0594219, "street_count": 3, "highway": "" }, "geometry": { "type": "Point", "coordinates": [ 121.0594219, 14.5954985 ] } },
{ "type": "Feature", "properties": { "osmid": 1942193772, "y": 14.6265814, "x": 121.0112281, "street_count": 3, "highway": "" }, "geometry": { "type": "Point", "coordinates": [ 121.0112281, 14.6265814 ] } },
{ "type": "Feature", "properties": { "osmid": 6115599988, "y": 14.6447846, "x": 121.0275381, "street_count": 3, "highway": "" }, "geometry": { "type": "Point", "coordinates": [ 121.0275381, 14.6447846 ] } },
{ "type": "Feature", "properties": { "osmid": 5513651829, "y": 14.6150757, "x": 121.0706909, "street_count": 3, "highway": "" }, "geometry": { "type": "Point", "coordinates": [ 121.0706909, 14.6150757 ] } },
{ "type": "Feature", "properties": { "osmid": 452847223, "y": 14.6677128, "x": 121.0342492, "street_count": 3, "highway": "" }, "geometry": { "type": "Point", "coordinates": [ 121.0342492, 14.6677128 ] } },
{ "type": "Feature", "properties": { "osmid": 452847225, "y": 14.6681471, "x": 121.0342348, "street_count": 3, "highway": "" }, "geometry": { "type": "Point", "coordinates": [ 121.0342348, 14.6681471 ] } },
{ "type": "Feature", "properties": { "osmid": 452847228, "y": 14.6682491, "x": 121.0341836, "street_count": 3, "highway": "" }, "geometry": { "type": "Point", "coordinates": [ 121.0341836, 14.6682491 ] } },
{ "type": "Feature", "properties": { "osmid": 452847230, "y": 14.6682676, "x": 121.0337538, "street_count": 3, "highway": "" }, "geometry": { "type": "Point", "coordinates": [ 121.0337538, 14.6682676 ] } },
{ "type": "Feature", "properties": { "osmid": 452847232, "y": 14.6681283, "x": 121.0336476, "street_count": 3, "highway": "" }, "geometry": { "type": "Point", "coordinates": [ 121.0336476, 14.6681283 ] } },
{ "type": "Feature", "properties": { "osmid": 452847234, "y": 14.6676039, "x": 121.0335951, "street_count": 3, "highway": "" }, "geometry": { "type": "Point", "coordinates": [ 121.0335951, 14.6676039 ] } },
{ "type": "Feature", "properties": { "osmid": 452847235, "y": 14.6675378, "x": 121.033661, "street_count": 3, "highway": "" }, "geometry": { "type": "Point", "coordinates": [ 121.033661, 14.6675378 ] } },
{ "type": "Feature", "properties": { "osmid": 294053508, "y": 14.6551018, "x": 121.0467699, "street_count": 3, "highway": "" }, "geometry": { "type": "Point", "coordinates": [ 121.0467699, 14.6551018 ] } },
{ "type": "Feature", "properties": { "osmid": 315795077, "y": 14.64717, "x": 121.0519752, "street_count": 3, "highway": "" }, "geometry": { "type": "Point", "coordinates": [ 121.0519752, 14.64717 ] } },
{ "type": "Feature", "properties": { "osmid": 452847237, "y": 14.6676039, "x": 121.0341164, "street_count": 3, "highway": "" }, "geometry": { "type": "Point", "coordinates": [ 121.0341164, 14.6676039 ] } },
{ "type": "Feature", "properties": { "osmid": 5513651843, "y": 14.6153004, "x": 121.0706951, "street_count": 3, "highway": "" }, "geometry": { "type": "Point", "coordinates": [ 121.0706951, 14.6153004 ] } },
{ "type": "Feature", "properties": { "osmid": 12069045896, "y": 14.6632099, "x": 121.0743349, "street_count": 3, "highway": "" }, "geometry": { "type": "Point", "coordinates": [ 121.0743349, 14.6632099 ] } },
{ "type": "Feature", "properties": { "osmid": 5513651850, "y": 14.6153001, "x": 121.0704928, "street_count": 3, "highway": "" }, "geometry": { "type": "Point", "coordinates": [ 121.0704928, 14.6153001 ] } },
{ "type": "Feature", "properties": { "osmid": 764036747, "y": 14.6331591, "x": 121.0429969, "street_count": 3, "highway": "" }, "geometry": { "type": "Point", "coordinates": [ 121.0429969, 14.6331591 ] } },
{ "type": "Feature", "properties": { "osmid": 5513651851, "y": 14.6154161, "x": 121.0704908, "street_count": 3, "highway": "" }, "geometry": { "type": "Point", "coordinates": [ 121.0704908, 14.6154161 ] } },
{ "type": "Feature", "properties": { "osmid": 1626744472, "y": 14.7140029, "x": 121.0207975, "street_count": 4, "highway": "" }, "geometry": { "type": "Point", "coordinates": [ 121.0207975, 14.7140029 ] } },
{ "type": "Feature", "properties": { "osmid": 764036763, "y": 14.6330447, "x": 121.0435015, "street_count": 3, "highway": "" }, "geometry": { "type": "Point", "coordinates": [ 121.0435015, 14.6330447 ] } },
{ "type": "Feature", "properties": { "osmid": 60450459, "y": 14.6281321, "x": 121.0097487, "street_count": 3, "highway": "" }, "geometry": { "type": "Point", "coordinates": [ 121.0097487, 14.6281321 ] } },
{ "type": "Feature", "properties": { "osmid": 5475436201, "y": 14.6622221, "x": 121.0751023, "street_count": 3, "highway": "" }, "geometry": { "type": "Point", "coordinates": [ 121.0751023, 14.6622221 ] } },
{ "type": "Feature", "properties": { "osmid": 767059625, "y": 14.6456281, "x": 121.0530916, "street_count": 3, "highway": "" }, "geometry": { "type": "Point", "coordinates": [ 121.0530916, 14.6456281 ] } },
{ "type": "Feature", "properties": { "osmid": 300254890, "y": 14.6068889, "x": 121.0786941, "street_count": 3, "highway": "" }, "geometry": { "type": "Point", "coordinates": [ 121.0786941, 14.6068889 ] } },
{ "type": "Feature", "properties": { "osmid": 1162946221, "y": 14.6147763, "x": 121.0726532, "street_count": 3, "highway": "motorway_junction" }, "geometry": { "type": "Point", "coordinates": [ 121.0726532, 14.6147763 ] } },
{ "type": "Feature", "properties": { "osmid": 671835824, "y": 14.6557634, "x": 121.0189295, "street_count": 3, "highway": "" }, "geometry": { "type": "Point", "coordinates": [ 121.0189295, 14.6557634 ] } },
{ "type": "Feature", "properties": { "osmid": 60450481, "y": 14.6195676, "x": 121.0035437, "street_count": 3, "highway": "" }, "geometry": { "type": "Point", "coordinates": [ 121.0035437, 14.6195676 ] } },
{ "type": "Feature", "properties": { "osmid": 1162946224, "y": 14.6146912, "x": 121.072006, "street_count": 3, "highway": "" }, "geometry": { "type": "Point", "coordinates": [ 121.072006, 14.6146912 ] } },
{ "type": "Feature", "properties": { "osmid": 767059638, "y": 14.6453151, "x": 121.0532836, "street_count": 3, "highway": "" }, "geometry": { "type": "Point", "coordinates": [ 121.0532836, 14.6453151 ] } },
{ "type": "Feature", "properties": { "osmid": 8409564855, "y": 14.66274, "x": 121.0367081, "street_count": 3, "highway": "" }, "geometry": { "type": "Point", "coordinates": [ 121.0367081, 14.66274 ] } },
{ "type": "Feature", "properties": { "osmid": 1162946232, "y": 14.6145443, "x": 121.0707237, "street_count": 4, "highway": "traffic_signals" }, "geometry": { "type": "Point", "coordinates": [ 121.0707237, 14.6145443 ] } },
{ "type": "Feature", "properties": { "osmid": 9551054520, "y": 14.6877547, "x": 121.0870113, "street_count": 3, "highway": "" }, "geometry": { "type": "Point", "coordinates": [ 121.0870113, 14.6877547 ] } },
{ "type": "Feature", "properties": { "osmid": 8409564860, "y": 14.6627269, "x": 121.0365821, "street_count": 3, "highway": "" }, "geometry": { "type": "Point", "coordinates": [ 121.0365821, 14.6627269 ] } },
{ "type": "Feature", "properties": { "osmid": 1162946237, "y": 14.6146412, "x": 121.070723, "street_count": 4, "highway": "traffic_signals" }, "geometry": { "type": "Point", "coordinates": [ 121.070723, 14.6146412 ] } },
{ "type": "Feature", "properties": { "osmid": 767059647, "y": 14.642873, "x": 121.0543276, "street_count": 3, "highway": "" }, "geometry": { "type": "Point", "coordinates": [ 121.0543276, 14.642873 ] } },
{ "type": "Feature", "properties": { "osmid": 9551054529, "y": 14.6877293, "x": 121.0873106, "street_count": 3, "highway": "" }, "geometry": { "type": "Point", "coordinates": [ 121.0873106, 14.6877293 ] } },
{ "type": "Feature", "properties": { "osmid": 6507472580, "y": 14.6602747, "x": 121.0365228, "street_count": 3, "highway": "" }, "geometry": { "type": "Point", "coordinates": [ 121.0365228, 14.6602747 ] } },
{ "type": "Feature", "properties": { "osmid": 250545864, "y": 14.6780868, "x": 121.0297167, "street_count": 3, "highway": "" }, "geometry": { "type": "Point", "coordinates": [ 121.0297167, 14.6780868 ] } },
{ "type": "Feature", "properties": { "osmid": 767059660, "y": 14.6361487, "x": 121.0546426, "street_count": 4, "highway": "traffic_signals" }, "geometry": { "type": "Point", "coordinates": [ 121.0546426, 14.6361487 ] } },
{ "type": "Feature", "properties": { "osmid": 286082765, "y": 14.6457439, "x": 121.04032, "street_count": 3, "highway": "" }, "geometry": { "type": "Point", "coordinates": [ 121.04032, 14.6457439 ] } },
{ "type": "Feature", "properties": { "osmid": 286082780, "y": 14.6442044, "x": 121.0377379, "street_count": 5, "highway": "traffic_signals" }, "geometry": { "type": "Point", "coordinates": [ 121.0377379, 14.6442044 ] } },
{ "type": "Feature", "properties": { "osmid": 127485665, "y": 14.6802144, "x": 121.0843622, "street_count": 3, "highway": "" }, "geometry": { "type": "Point", "coordinates": [ 121.0843622, 14.6802144 ] } },
{ "type": "Feature", "properties": { "osmid": 767059683, "y": 14.6421014, "x": 121.0545609, "street_count": 3, "highway": "" }, "geometry": { "type": "Point", "coordinates": [ 121.0545609, 14.6421014 ] } },
{ "type": "Feature", "properties": { "osmid": 5680187111, "y": 14.6998731, "x": 121.0879585, "street_count": 3, "highway": "" }, "geometry": { "type": "Point", "coordinates": [ 121.0879585, 14.6998731 ] } },
{ "type": "Feature", "properties": { "osmid": 40814311, "y": 14.630004, "x": 121.0276605, "street_count": 4, "highway": "" }, "geometry": { "type": "Point", "coordinates": [ 121.0276605, 14.630004 ] } },
{ "type": "Feature", "properties": { "osmid": 61679340, "y": 14.6131413, "x": 121.0537984, "street_count": 3, "highway": "" }, "geometry": { "type": "Point", "coordinates": [ 121.0537984, 14.6131413 ] } },
{ "type": "Feature", "properties": { "osmid": 5880309495, "y": 14.6724482, "x": 121.0629641, "street_count": 3, "highway": "" }, "geometry": { "type": "Point", "coordinates": [ 121.0629641, 14.6724482 ] } },
{ "type": "Feature", "properties": { "osmid": 5880309496, "y": 14.6725756, "x": 121.0629677, "street_count": 4, "highway": "" }, "geometry": { "type": "Point", "coordinates": [ 121.0629677, 14.6725756 ] } },
{ "type": "Feature", "properties": { "osmid": 5880309497, "y": 14.6728851, "x": 121.0600585, "street_count": 3, "highway": "" }, "geometry": { "type": "Point", "coordinates": [ 121.0600585, 14.6728851 ] } },
{ "type": "Feature", "properties": { "osmid": 6054242042, "y": 14.6444628, "x": 121.0375731, "street_count": 4, "highway": "traffic_signals" }, "geometry": { "type": "Point", "coordinates": [ 121.0375731, 14.6444628 ] } },
{ "type": "Feature", "properties": { "osmid": 5880309498, "y": 14.6730172, "x": 121.0600778, "street_count": 3, "highway": "" }, "geometry": { "type": "Point", "coordinates": [ 121.0600778, 14.6730172 ] } },
{ "type": "Feature", "properties": { "osmid": 6054242043, "y": 14.6442638, "x": 121.0372426, "street_count": 4, "highway": "traffic_signals" }, "geometry": { "type": "Point", "coordinates": [ 121.0372426, 14.6442638 ] } },
{ "type": "Feature", "properties": { "osmid": 767059712, "y": 14.6412757, "x": 121.0547325, "street_count": 3, "highway": "" }, "geometry": { "type": "Point", "coordinates": [ 121.0547325, 14.6412757 ] } },
{ "type": "Feature", "properties": { "osmid": 1360062208, "y": 14.6679427, "x": 121.0340442, "street_count": 4, "highway": "traffic_signals" }, "geometry": { "type": "Point", "coordinates": [ 121.0340442, 14.6679427 ] } },
{ "type": "Feature", "properties": { "osmid": 767059718, "y": 14.6393323, "x": 121.0549352, "street_count": 4, "highway": "" }, "geometry": { "type": "Point", "coordinates": [ 121.0549352, 14.6393323 ] } },
{ "type": "Feature", "properties": { "osmid": 12006737675, "y": 14.6124493, "x": 121.0619279, "street_count": 3, "highway": "" }, "geometry": { "type": "Point", "coordinates": [ 121.0619279, 14.6124493 ] } },
{ "type": "Feature", "properties": { "osmid": 12006737676, "y": 14.6122485, "x": 121.0610442, "street_count": 3, "highway": "" }, "geometry": { "type": "Point", "coordinates": [ 121.0610442, 14.6122485 ] } },
{ "type": "Feature", "properties": { "osmid": 12006737677, "y": 14.612052, "x": 121.0602071, "street_count": 3, "highway": "" }, "geometry": { "type": "Point", "coordinates": [ 121.0602071, 14.612052 ] } },
{ "type": "Feature", "properties": { "osmid": 315787022, "y": 14.618468, "x": 121.0104904, "street_count": 4, "highway": "" }, "geometry": { "type": "Point", "coordinates": [ 121.0104904, 14.618468 ] } },
{ "type": "Feature", "properties": { "osmid": 824321806, "y": 14.6645559, "x": 121.0033218, "street_count": 3, "highway": "" }, "geometry": { "type": "Point", "coordinates": [ 121.0033218, 14.6645559 ] } },
{ "type": "Feature", "properties": { "osmid": 12006737680, "y": 14.6116694, "x": 121.0585498, "street_count": 3, "highway": "" }, "geometry": { "type": "Point", "coordinates": [ 121.0585498, 14.6116694 ] } },
{ "type": "Feature", "properties": { "osmid": 12006737681, "y": 14.6115223, "x": 121.0579127, "street_count": 3, "highway": "" }, "geometry": { "type": "Point", "coordinates": [ 121.0579127, 14.6115223 ] } },
{ "type": "Feature", "properties": { "osmid": 12006737682, "y": 14.6112236, "x": 121.0566185, "street_count": 3, "highway": "" }, "geometry": { "type": "Point", "coordinates": [ 121.0566185, 14.6112236 ] } },
{ "type": "Feature", "properties": { "osmid": 12006737683, "y": 14.6142499, "x": 121.0692206, "street_count": 3, "highway": "" }, "geometry": { "type": "Point", "coordinates": [ 121.0692206, 14.6142499 ] } },
{ "type": "Feature", "properties": { "osmid": 12006737679, "y": 14.6118212, "x": 121.0592071, "street_count": 3, "highway": "" }, "geometry": { "type": "Point", "coordinates": [ 121.0592071, 14.6118212 ] } },
{ "type": "Feature", "properties": { "osmid": 12006737678, "y": 14.6119391, "x": 121.0597178, "street_count": 3, "highway": "" }, "geometry": { "type": "Point", "coordinates": [ 121.0597178, 14.6119391 ] } },
{ "type": "Feature", "properties": { "osmid": 250545941, "y": 14.688968, "x": 121.0299877, "street_count": 3, "highway": "" }, "geometry": { "type": "Point", "coordinates": [ 121.0299877, 14.688968 ] } },
{ "type": "Feature", "properties": { "osmid": 286082839, "y": 14.644394, "x": 121.0376169, "street_count": 4, "highway": "traffic_signals" }, "geometry": { "type": "Point", "coordinates": [ 121.0376169, 14.644394 ] } },
{ "type": "Feature", "properties": { "osmid": 12006737690, "y": 14.6109345, "x": 121.0553666, "street_count": 3, "highway": "" }, "geometry": { "type": "Point", "coordinates": [ 121.0553666, 14.6109345 ] } },
{ "type": "Feature", "properties": { "osmid": 12006737691, "y": 14.6109049, "x": 121.0552382, "street_count": 4, "highway": "" }, "geometry": { "type": "Point", "coordinates": [ 121.0552382, 14.6109049 ] } },
{ "type": "Feature", "properties": { "osmid": 12006737692, "y": 14.6108227, "x": 121.0548935, "street_count": 4, "highway": "" }, "geometry": { "type": "Point", "coordinates": [ 121.0548935, 14.6108227 ] } },
{ "type": "Feature", "properties": { "osmid": 12006737694, "y": 14.6108209, "x": 121.0547141, "street_count": 3, "highway": "" }, "geometry": { "type": "Point", "coordinates": [ 121.0547141, 14.6108209 ] } },
{ "type": "Feature", "properties": { "osmid": 286082847, "y": 14.6446657, "x": 121.0379134, "street_count": 3, "highway": "" }, "geometry": { "type": "Point", "coordinates": [ 121.0379134, 14.6446657 ] } },
{ "type": "Feature", "properties": { "osmid": 12083554087, "y": 14.731666, "x": 121.0356987, "street_count": 3, "highway": "" }, "geometry": { "type": "Point", "coordinates": [ 121.0356987, 14.731666 ] } },
{ "type": "Feature", "properties": { "osmid": 8313947960, "y": 14.682755, "x": 121.0854659, "street_count": 3, "highway": "" }, "geometry": { "type": "Point", "coordinates": [ 121.0854659, 14.682755 ] } },
{ "type": "Feature", "properties": { "osmid": 9764964167, "y": 14.6485112, "x": 121.0743059, "street_count": 3, "highway": "" }, "geometry": { "type": "Point", "coordinates": [ 121.0743059, 14.6485112 ] } },
{ "type": "Feature", "properties": { "osmid": 78038857, "y": 14.6328232, "x": 121.0740977, "street_count": 3, "highway": "" }, "geometry": { "type": "Point", "coordinates": [ 121.0740977, 14.6328232 ] } },
{ "type": "Feature", "properties": { "osmid": 9883633497, "y": 14.6318146, "x": 121.0744739, "street_count": 3, "highway": "" }, "geometry": { "type": "Point", "coordinates": [ 121.0744739, 14.6318146 ] } },
{ "type": "Feature", "properties": { "osmid": 9883633498, "y": 14.6315471, "x": 121.074313, "street_count": 3, "highway": "" }, "geometry": { "type": "Point", "coordinates": [ 121.074313, 14.6315471 ] } },
{ "type": "Feature", "properties": { "osmid": 9883633503, "y": 14.627723, "x": 121.0632751, "street_count": 3, "highway": "traffic_signals" }, "geometry": { "type": "Point", "coordinates": [ 121.0632751, 14.627723 ] } },
{ "type": "Feature", "properties": { "osmid": 9883633504, "y": 14.6278267, "x": 121.0632585, "street_count": 4, "highway": "traffic_signals" }, "geometry": { "type": "Point", "coordinates": [ 121.0632585, 14.6278267 ] } },
{ "type": "Feature", "properties": { "osmid": 9883633506, "y": 14.628006, "x": 121.0632064, "street_count": 3, "highway": "" }, "geometry": { "type": "Point", "coordinates": [ 121.0632064, 14.628006 ] } },
{ "type": "Feature", "properties": { "osmid": 250546021, "y": 14.6765989, "x": 121.0415294, "street_count": 3, "highway": "" }, "geometry": { "type": "Point", "coordinates": [ 121.0415294, 14.6765989 ] } },
{ "type": "Feature", "properties": { "osmid": 5351704440, "y": 14.6244073, "x": 121.0425092, "street_count": 3, "highway": "" }, "geometry": { "type": "Point", "coordinates": [ 121.0425092, 14.6244073 ] } },
{ "type": "Feature", "properties": { "osmid": 321554297, "y": 14.5922766, "x": 121.0583506, "street_count": 3, "highway": "" }, "geometry": { "type": "Point", "coordinates": [ 121.0583506, 14.5922766 ] } },
{ "type": "Feature", "properties": { "osmid": 5515806586, "y": 14.663953, "x": 121.0688648, "street_count": 3, "highway": "" }, "geometry": { "type": "Point", "coordinates": [ 121.0688648, 14.663953 ] } },
{ "type": "Feature", "properties": { "osmid": 31393667, "y": 14.7347812, "x": 121.0563575, "street_count": 3, "highway": "" }, "geometry": { "type": "Point", "coordinates": [ 121.0563575, 14.7347812 ] } },
{ "type": "Feature", "properties": { "osmid": 5536826847, "y": 14.710857, "x": 121.0611551, "street_count": 3, "highway": "" }, "geometry": { "type": "Point", "coordinates": [ 121.0611551, 14.710857 ] } },
{ "type": "Feature", "properties": { "osmid": 31393682, "y": 14.7268113, "x": 121.0579474, "street_count": 4, "highway": "traffic_signals" }, "geometry": { "type": "Point", "coordinates": [ 121.0579474, 14.7268113 ] } },
{ "type": "Feature", "properties": { "osmid": 35456915, "y": 14.6618556, "x": 121.0202055, "street_count": 3, "highway": "" }, "geometry": { "type": "Point", "coordinates": [ 121.0202055, 14.6618556 ] } },
{ "type": "Feature", "properties": { "osmid": 56133524, "y": 14.6315026, "x": 121.0022941, "street_count": 4, "highway": "" }, "geometry": { "type": "Point", "coordinates": [ 121.0022941, 14.6315026 ] } },
{ "type": "Feature", "properties": { "osmid": 31393684, "y": 14.7298501, "x": 121.0612534, "street_count": 4, "highway": "" }, "geometry": { "type": "Point", "coordinates": [ 121.0612534, 14.7298501 ] } },
{ "type": "Feature", "properties": { "osmid": 817088410, "y": 14.6331285, "x": 121.044514, "street_count": 4, "highway": "traffic_signals" }, "geometry": { "type": "Point", "coordinates": [ 121.044514, 14.6331285 ] } },
{ "type": "Feature", "properties": { "osmid": 206874528, "y": 14.6320992, "x": 121.060436, "street_count": 3, "highway": "" }, "geometry": { "type": "Point", "coordinates": [ 121.060436, 14.6320992 ] } },
{ "type": "Feature", "properties": { "osmid": 614197153, "y": 14.5918398, "x": 121.0600189, "street_count": 3, "highway": "" }, "geometry": { "type": "Point", "coordinates": [ 121.0600189, 14.5918398 ] } },
{ "type": "Feature", "properties": { "osmid": 5536826852, "y": 14.7224861, "x": 121.0611628, "street_count": 3, "highway": "" }, "geometry": { "type": "Point", "coordinates": [ 121.0611628, 14.7224861 ] } },
{ "type": "Feature", "properties": { "osmid": 9979537322, "y": 14.6563663, "x": 121.0259984, "street_count": 3, "highway": "" }, "geometry": { "type": "Point", "coordinates": [ 121.0259984, 14.6563663 ] } },
{ "type": "Feature", "properties": { "osmid": 9979537324, "y": 14.6560616, "x": 121.0285948, "street_count": 4, "highway": "" }, "geometry": { "type": "Point", "coordinates": [ 121.0285948, 14.6560616 ] } },
{ "type": "Feature", "properties": { "osmid": 1149126581, "y": 14.6275548, "x": 121.033625, "street_count": 3, "highway": "" }, "geometry": { "type": "Point", "coordinates": [ 121.033625, 14.6275548 ] } },
{ "type": "Feature", "properties": { "osmid": 8077109182, "y": 14.7309053, "x": 121.0475085, "street_count": 3, "highway": "" }, "geometry": { "type": "Point", "coordinates": [ 121.0475085, 14.7309053 ] } },
{ "type": "Feature", "properties": { "osmid": 8077109183, "y": 14.7311373, "x": 121.0477417, "street_count": 3, "highway": "" }, "geometry": { "type": "Point", "coordinates": [ 121.0477417, 14.7311373 ] } },
{ "type": "Feature", "properties": { "osmid": 250652617, "y": 14.6765295, "x": 121.0372101, "street_count": 3, "highway": "" }, "geometry": { "type": "Point", "coordinates": [ 121.0372101, 14.6765295 ] } },
{ "type": "Feature", "properties": { "osmid": 8375781324, "y": 14.6508053, "x": 121.0333168, "street_count": 3, "highway": "" }, "geometry": { "type": "Point", "coordinates": [ 121.0333168, 14.6508053 ] } },
{ "type": "Feature", "properties": { "osmid": 5351802842, "y": 14.6347292, "x": 121.0358531, "street_count": 3, "highway": "crossing" }, "geometry": { "type": "Point", "coordinates": [ 121.0358531, 14.6347292 ] } },
{ "type": "Feature", "properties": { "osmid": 12120909801, "y": 14.7064185, "x": 121.0703134, "street_count": 3, "highway": "" }, "geometry": { "type": "Point", "coordinates": [ 121.0703134, 14.7064185 ] } },
{ "type": "Feature", "properties": { "osmid": 3343697901, "y": 14.6162352, "x": 121.0740808, "street_count": 3, "highway": "" }, "geometry": { "type": "Point", "coordinates": [ 121.0740808, 14.6162352 ] } },
{ "type": "Feature", "properties": { "osmid": 266586094, "y": 14.5964577, "x": 121.079505, "street_count": 3, "highway": "" }, "geometry": { "type": "Point", "coordinates": [ 121.079505, 14.5964577 ] } },
{ "type": "Feature", "properties": { "osmid": 266586093, "y": 14.6014407, "x": 121.0792417, "street_count": 4, "highway": "traffic_signals" }, "geometry": { "type": "Point", "coordinates": [ 121.0792417, 14.6014407 ] } },
{ "type": "Feature", "properties": { "osmid": 33466356, "y": 14.6681802, "x": 121.075015, "street_count": 3, "highway": "" }, "geometry": { "type": "Point", "coordinates": [ 121.075015, 14.6681802 ] } },
{ "type": "Feature", "properties": { "osmid": 1908402166, "y": 14.6437119, "x": 120.9936143, "street_count": 4, "highway": "traffic_signals" }, "geometry": { "type": "Point", "coordinates": [ 120.9936143, 14.6437119 ] } },
{ "type": "Feature", "properties": { "osmid": 671852538, "y": 14.6210562, "x": 121.0095968, "street_count": 4, "highway": "" }, "geometry": { "type": "Point", "coordinates": [ 121.0095968, 14.6210562 ] } },
{ "type": "Feature", "properties": { "osmid": 6264891389, "y": 14.6505825, "x": 121.0335653, "street_count": 3, "highway": "" }, "geometry": { "type": "Point", "coordinates": [ 121.0335653, 14.6505825 ] } },
{ "type": "Feature", "properties": { "osmid": 2562992122, "y": 14.686699, "x": 121.0316843, "street_count": 3, "highway": "" }, "geometry": { "type": "Point", "coordinates": [ 121.0316843, 14.686699 ] } },
{ "type": "Feature", "properties": { "osmid": 2562992127, "y": 14.6866458, "x": 121.0314964, "street_count": 3, "highway": "" }, "geometry": { "type": "Point", "coordinates": [ 121.0314964, 14.6866458 ] } },
{ "type": "Feature", "properties": { "osmid": 5404764161, "y": 14.6312044, "x": 121.0211436, "street_count": 3, "highway": "" }, "geometry": { "type": "Point", "coordinates": [ 121.0211436, 14.6312044 ] } },
{ "type": "Feature", "properties": { "osmid": 35457022, "y": 14.6655192, "x": 121.0297593, "street_count": 3, "highway": "" }, "geometry": { "type": "Point", "coordinates": [ 121.0297593, 14.6655192 ] } },
{ "type": "Feature", "properties": { "osmid": 345573382, "y": 14.6091604, "x": 121.0559711, "street_count": 3, "highway": "motorway_junction" }, "geometry": { "type": "Point", "coordinates": [ 121.0559711, 14.6091604 ] } },
{ "type": "Feature", "properties": { "osmid": 5404764167, "y": 14.6317053, "x": 121.021222, "street_count": 3, "highway": "" }, "geometry": { "type": "Point", "coordinates": [ 121.021222, 14.6317053 ] } },
{ "type": "Feature", "properties": { "osmid": 5404764168, "y": 14.6316931, "x": 121.0213884, "street_count": 3, "highway": "" }, "geometry": { "type": "Point", "coordinates": [ 121.0213884, 14.6316931 ] } },
{ "type": "Feature", "properties": { "osmid": 1348888596, "y": 14.6702307, "x": 121.0105211, "street_count": 3, "highway": "" }, "geometry": { "type": "Point", "coordinates": [ 121.0105211, 14.6702307 ] } },
{ "type": "Feature", "properties": { "osmid": 5404764182, "y": 14.6312654, "x": 121.0215009, "street_count": 3, "highway": "" }, "geometry": { "type": "Point", "coordinates": [ 121.0215009, 14.6312654 ] } },
{ "type": "Feature", "properties": { "osmid": 11954284569, "y": 14.6054508, "x": 121.0187788, "street_count": 3, "highway": "" }, "geometry": { "type": "Point", "coordinates": [ 121.0187788, 14.6054508 ] } },
{ "type": "Feature", "properties": { "osmid": 5404764189, "y": 14.631186, "x": 121.021183, "street_count": 3, "highway": "" }, "geometry": { "type": "Point", "coordinates": [ 121.021183, 14.631186 ] } },
{ "type": "Feature", "properties": { "osmid": 5429397535, "y": 14.6090338, "x": 121.0171297, "street_count": 3, "highway": "" }, "geometry": { "type": "Point", "coordinates": [ 121.0171297, 14.6090338 ] } },
{ "type": "Feature", "properties": { "osmid": 5352171552, "y": 14.6273592, "x": 121.0339641, "street_count": 3, "highway": "" }, "geometry": { "type": "Point", "coordinates": [ 121.0339641, 14.6273592 ] } },
{ "type": "Feature", "properties": { "osmid": 5429397538, "y": 14.606241, "x": 121.0179864, "street_count": 3, "highway": "" }, "geometry": { "type": "Point", "coordinates": [ 121.0179864, 14.606241 ] } },
{ "type": "Feature", "properties": { "osmid": 5404764194, "y": 14.631415, "x": 121.0210045, "street_count": 3, "highway": "" }, "geometry": { "type": "Point", "coordinates": [ 121.0210045, 14.631415 ] } },
{ "type": "Feature", "properties": { "osmid": 6264891429, "y": 14.6334061, "x": 121.0418902, "street_count": 3, "highway": "crossing" }, "geometry": { "type": "Point", "coordinates": [ 121.0418902, 14.6334061 ] } },
{ "type": "Feature", "properties": { "osmid": 5404764197, "y": 14.6315486, "x": 121.0210267, "street_count": 3, "highway": "" }, "geometry": { "type": "Point", "coordinates": [ 121.0210267, 14.6315486 ] } },
{ "type": "Feature", "properties": { "osmid": 5404764199, "y": 14.6310262, "x": 121.0206498, "street_count": 3, "highway": "" }, "geometry": { "type": "Point", "coordinates": [ 121.0206498, 14.6310262 ] } },
{ "type": "Feature", "properties": { "osmid": 252176433, "y": 14.6072983, "x": 121.0786816, "street_count": 4, "highway": "traffic_signals" }, "geometry": { "type": "Point", "coordinates": [ 121.0786816, 14.6072983 ] } },
{ "type": "Feature", "properties": { "osmid": 12951332914, "y": 14.6471546, "x": 121.0403282, "street_count": 3, "highway": "" }, "geometry": { "type": "Point", "coordinates": [ 121.0403282, 14.6471546 ] } },
{ "type": "Feature", "properties": { "osmid": 5883250991, "y": 14.6703214, "x": 121.037438, "street_count": 3, "highway": "traffic_signals" }, "geometry": { "type": "Point", "coordinates": [ 121.037438, 14.6703214 ] } },
{ "type": "Feature", "properties": { "osmid": 3054618685, "y": 14.6014483, "x": 121.0794019, "street_count": 3, "highway": "traffic_signals" }, "geometry": { "type": "Point", "coordinates": [ 121.0794019, 14.6014483 ] } },
{ "type": "Feature", "properties": { "osmid": 345573456, "y": 14.6130533, "x": 121.0541695, "street_count": 3, "highway": "" }, "geometry": { "type": "Point", "coordinates": [ 121.0541695, 14.6130533 ] } },
{ "type": "Feature", "properties": { "osmid": 243673188, "y": 14.7246025, "x": 121.0492742, "street_count": 4, "highway": "" }, "geometry": { "type": "Point", "coordinates": [ 121.0492742, 14.7246025 ] } },
{ "type": "Feature", "properties": { "osmid": 681109604, "y": 14.6105405, "x": 121.0757746, "street_count": 3, "highway": "" }, "geometry": { "type": "Point", "coordinates": [ 121.0757746, 14.6105405 ] } },
{ "type": "Feature", "properties": { "osmid": 5643282538, "y": 14.7255311, "x": 121.0258266, "street_count": 3, "highway": "" }, "geometry": { "type": "Point", "coordinates": [ 121.0258266, 14.7255311 ] } },
{ "type": "Feature", "properties": { "osmid": 5643282540, "y": 14.7252736, "x": 121.0260525, "street_count": 3, "highway": "" }, "geometry": { "type": "Point", "coordinates": [ 121.0260525, 14.7252736 ] } },
{ "type": "Feature", "properties": { "osmid": 10052765810, "y": 14.6941147, "x": 121.030904, "street_count": 3, "highway": "" }, "geometry": { "type": "Point", "coordinates": [ 121.030904, 14.6941147 ] } },
{ "type": "Feature", "properties": { "osmid": 10052765811, "y": 14.6941555, "x": 121.030843, "street_count": 4, "highway": "" }, "geometry": { "type": "Point", "coordinates": [ 121.030843, 14.6941555 ] } },
{ "type": "Feature", "properties": { "osmid": 300255355, "y": 14.6101036, "x": 121.0760315, "street_count": 3, "highway": "" }, "geometry": { "type": "Point", "coordinates": [ 121.0760315, 14.6101036 ] } },
{ "type": "Feature", "properties": { "osmid": 11954284670, "y": 14.6054679, "x": 121.0186028, "street_count": 3, "highway": "" }, "geometry": { "type": "Point", "coordinates": [ 121.0186028, 14.6054679 ] } },
{ "type": "Feature", "properties": { "osmid": 8678508672, "y": 14.6212301, "x": 121.0495376, "street_count": 3, "highway": "" }, "geometry": { "type": "Point", "coordinates": [ 121.0495376, 14.6212301 ] } },
{ "type": "Feature", "properties": { "osmid": 246802561, "y": 14.6268763, "x": 121.004766, "street_count": 4, "highway": "" }, "geometry": { "type": "Point", "coordinates": [ 121.004766, 14.6268763 ] } },
{ "type": "Feature", "properties": { "osmid": 260900994, "y": 14.7105828, "x": 121.0210496, "street_count": 3, "highway": "" }, "geometry": { "type": "Point", "coordinates": [ 121.0210496, 14.7105828 ] } },
{ "type": "Feature", "properties": { "osmid": 260900996, "y": 14.7108604, "x": 121.0210222, "street_count": 3, "highway": "" }, "geometry": { "type": "Point", "coordinates": [ 121.0210222, 14.7108604 ] } },
{ "type": "Feature", "properties": { "osmid": 7729752198, "y": 14.657326, "x": 121.0044929, "street_count": 3, "highway": "" }, "geometry": { "type": "Point", "coordinates": [ 121.0044929, 14.657326 ] } },
{ "type": "Feature", "properties": { "osmid": 7729752197, "y": 14.6573199, "x": 121.0041495, "street_count": 3, "highway": "" }, "geometry": { "type": "Point", "coordinates": [ 121.0041495, 14.6573199 ] } },
{ "type": "Feature", "properties": { "osmid": 760334478, "y": 14.6389869, "x": 121.0071196, "street_count": 3, "highway": "" }, "geometry": { "type": "Point", "coordinates": [ 121.0071196, 14.6389869 ] } },
{ "type": "Feature", "properties": { "osmid": 2528913567, "y": 14.6910793, "x": 121.0270682, "street_count": 3, "highway": "" }, "geometry": { "type": "Point", "coordinates": [ 121.0270682, 14.6910793 ] } },
{ "type": "Feature", "properties": { "osmid": 1035905190, "y": 14.6964231, "x": 121.0231628, "street_count": 3, "highway": "" }, "geometry": { "type": "Point", "coordinates": [ 121.0231628, 14.6964231 ] } },
{ "type": "Feature", "properties": { "osmid": 30763178, "y": 14.6476905, "x": 121.0642904, "street_count": 3, "highway": "traffic_signals" }, "geometry": { "type": "Point", "coordinates": [ 121.0642904, 14.6476905 ] } },
{ "type": "Feature", "properties": { "osmid": 247302322, "y": 14.6681904, "x": 121.0556194, "street_count": 3, "highway": "" }, "geometry": { "type": "Point", "coordinates": [ 121.0556194, 14.6681904 ] } },
{ "type": "Feature", "properties": { "osmid": 4320807091, "y": 14.7067701, "x": 121.0646692, "street_count": 3, "highway": "" }, "geometry": { "type": "Point", "coordinates": [ 121.0646692, 14.7067701 ] } },
{ "type": "Feature", "properties": { "osmid": 24078516, "y": 14.5937043, "x": 121.0588375, "street_count": 3, "highway": "" }, "geometry": { "type": "Point", "coordinates": [ 121.0588375, 14.5937043 ] } },
{ "type": "Feature", "properties": { "osmid": 43075764, "y": 14.6400623, "x": 120.9920855, "street_count": 4, "highway": "traffic_signals" }, "geometry": { "type": "Point", "coordinates": [ 120.9920855, 14.6400623 ] } },
{ "type": "Feature", "properties": { "osmid": 247302329, "y": 14.6735386, "x": 121.0558644, "street_count": 3, "highway": "" }, "geometry": { "type": "Point", "coordinates": [ 121.0558644, 14.6735386 ] } },
{ "type": "Feature", "properties": { "osmid": 11438450876, "y": 14.6645791, "x": 121.067413, "street_count": 3, "highway": "" }, "geometry": { "type": "Point", "coordinates": [ 121.067413, 14.6645791 ] } },
{ "type": "Feature", "properties": { "osmid": 43075773, "y": 14.6533956, "x": 120.9978022, "street_count": 3, "highway": "" }, "geometry": { "type": "Point", "coordinates": [ 120.9978022, 14.6533956 ] } },
{ "type": "Feature", "properties": { "osmid": 219982014, "y": 14.6715152, "x": 121.0411862, "street_count": 4, "highway": "" }, "geometry": { "type": "Point", "coordinates": [ 121.0411862, 14.6715152 ] } },
{ "type": "Feature", "properties": { "osmid": 1615251652, "y": 14.6116238, "x": 121.0549016, "street_count": 3, "highway": "" }, "geometry": { "type": "Point", "coordinates": [ 121.0549016, 14.6116238 ] } },
{ "type": "Feature", "properties": { "osmid": 7797754060, "y": 14.657265, "x": 121.0007854, "street_count": 3, "highway": "" }, "geometry": { "type": "Point", "coordinates": [ 121.0007854, 14.657265 ] } },
{ "type": "Feature", "properties": { "osmid": 30763215, "y": 14.6472033, "x": 121.068968, "street_count": 3, "highway": "traffic_signals" }, "geometry": { "type": "Point", "coordinates": [ 121.068968, 14.6472033 ] } },
{ "type": "Feature", "properties": { "osmid": 250546390, "y": 14.6505551, "x": 121.0179887, "street_count": 3, "highway": "" }, "geometry": { "type": "Point", "coordinates": [ 121.0179887, 14.6505551 ] } },
{ "type": "Feature", "properties": { "osmid": 1615251678, "y": 14.6115032, "x": 121.0545807, "street_count": 3, "highway": "" }, "geometry": { "type": "Point", "coordinates": [ 121.0545807, 14.6115032 ] } },
{ "type": "Feature", "properties": { "osmid": 591407326, "y": 14.6257139, "x": 121.0589342, "street_count": 3, "highway": "" }, "geometry": { "type": "Point", "coordinates": [ 121.0589342, 14.6257139 ] } },
{ "type": "Feature", "properties": { "osmid": 6332131559, "y": 14.6537571, "x": 121.0383272, "street_count": 3, "highway": "" }, "geometry": { "type": "Point", "coordinates": [ 121.0383272, 14.6537571 ] } },
{ "type": "Feature", "properties": { "osmid": 591407340, "y": 14.6265504, "x": 121.0603663, "street_count": 3, "highway": "traffic_signals" }, "geometry": { "type": "Point", "coordinates": [ 121.0603663, 14.6265504 ] } },
{ "type": "Feature", "properties": { "osmid": 11990993134, "y": 14.6193105, "x": 121.0577525, "street_count": 3, "highway": "traffic_signals" }, "geometry": { "type": "Point", "coordinates": [ 121.0577525, 14.6193105 ] } },
{ "type": "Feature", "properties": { "osmid": 11990993135, "y": 14.6194732, "x": 121.0579442, "street_count": 3, "highway": "" }, "geometry": { "type": "Point", "coordinates": [ 121.0579442, 14.6194732 ] } },
{ "type": "Feature", "properties": { "osmid": 29583600, "y": 14.6359805, "x": 121.0554151, "street_count": 4, "highway": "" }, "geometry": { "type": "Point", "coordinates": [ 121.0554151, 14.6359805 ] } },
{ "type": "Feature", "properties": { "osmid": 11990993137, "y": 14.6193456, "x": 121.0578105, "street_count": 4, "highway": "traffic_signals" }, "geometry": { "type": "Point", "coordinates": [ 121.0578105, 14.6193456 ] } },
{ "type": "Feature", "properties": { "osmid": 11990993139, "y": 14.6188129, "x": 121.0570554, "street_count": 4, "highway": "" }, "geometry": { "type": "Point", "coordinates": [ 121.0570554, 14.6188129 ] } },
{ "type": "Feature", "properties": { "osmid": 25250036, "y": 14.6151696, "x": 121.0369098, "street_count": 4, "highway": "traffic_signals" }, "geometry": { "type": "Point", "coordinates": [ 121.0369098, 14.6151696 ] } },
{ "type": "Feature", "properties": { "osmid": 11990993142, "y": 14.6182593, "x": 121.0562622, "street_count": 3, "highway": "" }, "geometry": { "type": "Point", "coordinates": [ 121.0562622, 14.6182593 ] } },
{ "type": "Feature", "properties": { "osmid": 11990993140, "y": 14.6184935, "x": 121.0565928, "street_count": 3, "highway": "" }, "geometry": { "type": "Point", "coordinates": [ 121.0565928, 14.6184935 ] } },
{ "type": "Feature", "properties": { "osmid": 591407349, "y": 14.6269233, "x": 121.0613666, "street_count": 3, "highway": "" }, "geometry": { "type": "Point", "coordinates": [ 121.0613666, 14.6269233 ] } },
{ "type": "Feature", "properties": { "osmid": 12100102403, "y": 14.6548911, "x": 121.0333303, "street_count": 3, "highway": "" }, "geometry": { "type": "Point", "coordinates": [ 121.0333303, 14.6548911 ] } },
{ "type": "Feature", "properties": { "osmid": 1247193351, "y": 14.6426322, "x": 121.0270491, "street_count": 3, "highway": "traffic_signals" }, "geometry": { "type": "Point", "coordinates": [ 121.0270491, 14.6426322 ] } },
{ "type": "Feature", "properties": { "osmid": 260901129, "y": 14.7116752, "x": 121.0209417, "street_count": 3, "highway": "" }, "geometry": { "type": "Point", "coordinates": [ 121.0209417, 14.7116752 ] } },
{ "type": "Feature", "properties": { "osmid": 250546441, "y": 14.6782188, "x": 121.0294306, "street_count": 3, "highway": "" }, "geometry": { "type": "Point", "coordinates": [ 121.0294306, 14.6782188 ] } },
{ "type": "Feature", "properties": { "osmid": 5393303817, "y": 14.6442935, "x": 121.0426268, "street_count": 3, "highway": "" }, "geometry": { "type": "Point", "coordinates": [ 121.0426268, 14.6442935 ] } },
{ "type": "Feature", "properties": { "osmid": 25004300, "y": 14.605657, "x": 121.0185708, "street_count": 4, "highway": "traffic_signals" }, "geometry": { "type": "Point", "coordinates": [ 121.0185708, 14.605657 ] } },
{ "type": "Feature", "properties": { "osmid": 5393303820, "y": 14.6413061, "x": 121.0468674, "street_count": 4, "highway": "traffic_signals" }, "geometry": { "type": "Point", "coordinates": [ 121.0468674, 14.6413061 ] } },
{ "type": "Feature", "properties": { "osmid": 67815697, "y": 14.6468795, "x": 120.9949804, "street_count": 4, "highway": "traffic_signals" }, "geometry": { "type": "Point", "coordinates": [ 120.9949804, 14.6468795 ] } },
{ "type": "Feature", "properties": { "osmid": 260901156, "y": 14.7076024, "x": 121.0213422, "street_count": 3, "highway": "" }, "geometry": { "type": "Point", "coordinates": [ 121.0213422, 14.7076024 ] } },
{ "type": "Feature", "properties": { "osmid": 5475469605, "y": 14.6640496, "x": 121.0679914, "street_count": 5, "highway": "traffic_signals" }, "geometry": { "type": "Point", "coordinates": [ 121.0679914, 14.6640496 ] } },
{ "type": "Feature", "properties": { "osmid": 60451111, "y": 14.6260123, "x": 121.0055866, "street_count": 4, "highway": "" }, "geometry": { "type": "Point", "coordinates": [ 121.0055866, 14.6260123 ] } },
{ "type": "Feature", "properties": { "osmid": 60451112, "y": 14.629021, "x": 121.0089007, "street_count": 3, "highway": "" }, "geometry": { "type": "Point", "coordinates": [ 121.0089007, 14.629021 ] } },
{ "type": "Feature", "properties": { "osmid": 5412399404, "y": 14.6092634, "x": 121.0556092, "street_count": 3, "highway": "" }, "geometry": { "type": "Point", "coordinates": [ 121.0556092, 14.6092634 ] } },
{ "type": "Feature", "properties": { "osmid": 60451117, "y": 14.627465, "x": 121.0140457, "street_count": 4, "highway": "" }, "geometry": { "type": "Point", "coordinates": [ 121.0140457, 14.627465 ] } },
{ "type": "Feature", "properties": { "osmid": 5412399406, "y": 14.6092032, "x": 121.0556486, "street_count": 3, "highway": "" }, "geometry": { "type": "Point", "coordinates": [ 121.0556486, 14.6092032 ] } },
{ "type": "Feature", "properties": { "osmid": 5440112941, "y": 14.6424779, "x": 121.0270141, "street_count": 3, "highway": "traffic_signals" }, "geometry": { "type": "Point", "coordinates": [ 121.0270141, 14.6424779 ] } },
{ "type": "Feature", "properties": { "osmid": 60451120, "y": 14.6283522, "x": 121.0131621, "street_count": 4, "highway": "traffic_signals" }, "geometry": { "type": "Point", "coordinates": [ 121.0131621, 14.6283522 ] } },
{ "type": "Feature", "properties": { "osmid": 60451121, "y": 14.6243249, "x": 121.015357, "street_count": 4, "highway": "" }, "geometry": { "type": "Point", "coordinates": [ 121.015357, 14.6243249 ] } },
{ "type": "Feature", "properties": { "osmid": 60451118, "y": 14.6281857, "x": 121.0133323, "street_count": 4, "highway": "traffic_signals" }, "geometry": { "type": "Point", "coordinates": [ 121.0133323, 14.6281857 ] } },
{ "type": "Feature", "properties": { "osmid": 250546483, "y": 14.6736067, "x": 121.0510547, "street_count": 3, "highway": "" }, "geometry": { "type": "Point", "coordinates": [ 121.0510547, 14.6736067 ] } },
{ "type": "Feature", "properties": { "osmid": 60451124, "y": 14.6189099, "x": 121.0147879, "street_count": 4, "highway": "traffic_signals" }, "geometry": { "type": "Point", "coordinates": [ 121.0147879, 14.6189099 ] } },
{ "type": "Feature", "properties": { "osmid": 243673397, "y": 14.7165082, "x": 121.0612233, "street_count": 4, "highway": "" }, "geometry": { "type": "Point", "coordinates": [ 121.0612233, 14.7165082 ] } },
{ "type": "Feature", "properties": { "osmid": 5883250998, "y": 14.6711901, "x": 121.0434433, "street_count": 3, "highway": "" }, "geometry": { "type": "Point", "coordinates": [ 121.0434433, 14.6711901 ] } },
{ "type": "Feature", "properties": { "osmid": 5883250999, "y": 14.671188, "x": 121.0433067, "street_count": 3, "highway": "" }, "geometry": { "type": "Point", "coordinates": [ 121.0433067, 14.671188 ] } },
{ "type": "Feature", "properties": { "osmid": 5883250997, "y": 14.668629, "x": 121.0432031, "street_count": 3, "highway": "" }, "geometry": { "type": "Point", "coordinates": [ 121.0432031, 14.668629 ] } },
{ "type": "Feature", "properties": { "osmid": 2446633273, "y": 14.6900408, "x": 121.0274559, "street_count": 3, "highway": "" }, "geometry": { "type": "Point", "coordinates": [ 121.0274559, 14.6900408 ] } },
{ "type": "Feature", "properties": { "osmid": 5883251002, "y": 14.6676191, "x": 121.043167, "street_count": 3, "highway": "" }, "geometry": { "type": "Point", "coordinates": [ 121.043167, 14.6676191 ] } },
{ "type": "Feature", "properties": { "osmid": 6618409271, "y": 14.6223567, "x": 121.026126, "street_count": 3, "highway": "" }, "geometry": { "type": "Point", "coordinates": [ 121.026126, 14.6223567 ] } },
{ "type": "Feature", "properties": { "osmid": 12067121468, "y": 14.7180856, "x": 121.0549289, "street_count": 3, "highway": "" }, "geometry": { "type": "Point", "coordinates": [ 121.0549289, 14.7180856 ] } },
{ "type": "Feature", "properties": { "osmid": 1039059261, "y": 14.6343083, "x": 121.0216652, "street_count": 3, "highway": "" }, "geometry": { "type": "Point", "coordinates": [ 121.0216652, 14.6343083 ] } },
{ "type": "Feature", "properties": { "osmid": 1039059262, "y": 14.6344588, "x": 121.0219089, "street_count": 3, "highway": "" }, "geometry": { "type": "Point", "coordinates": [ 121.0219089, 14.6344588 ] } },
{ "type": "Feature", "properties": { "osmid": 247302462, "y": 14.6669994, "x": 121.0696956, "street_count": 3, "highway": "" }, "geometry": { "type": "Point", "coordinates": [ 121.0696956, 14.6669994 ] } },
{ "type": "Feature", "properties": { "osmid": 5646911807, "y": 14.7202543, "x": 121.0194967, "street_count": 3, "highway": "" }, "geometry": { "type": "Point", "coordinates": [ 121.0194967, 14.7202543 ] } },
{ "type": "Feature", "properties": { "osmid": 286083393, "y": 14.6437595, "x": 121.0371639, "street_count": 3, "highway": "" }, "geometry": { "type": "Point", "coordinates": [ 121.0371639, 14.6437595 ] } },
{ "type": "Feature", "properties": { "osmid": 1039059275, "y": 14.6346539, "x": 121.0217843, "street_count": 3, "highway": "" }, "geometry": { "type": "Point", "coordinates": [ 121.0217843, 14.6346539 ] } },
{ "type": "Feature", "properties": { "osmid": 1039059276, "y": 14.6344959, "x": 121.0215352, "street_count": 3, "highway": "" }, "geometry": { "type": "Point", "coordinates": [ 121.0215352, 14.6344959 ] } },
{ "type": "Feature", "properties": { "osmid": 25250131, "y": 14.6138624, "x": 121.0346112, "street_count": 4, "highway": "traffic_signals" }, "geometry": { "type": "Point", "coordinates": [ 121.0346112, 14.6138624 ] } },
{ "type": "Feature", "properties": { "osmid": 3083905364, "y": 14.6405753, "x": 121.0745111, "street_count": 4, "highway": "traffic_signals" }, "geometry": { "type": "Point", "coordinates": [ 121.0745111, 14.6405753 ] } },
{ "type": "Feature", "properties": { "osmid": 316549463, "y": 14.6178593, "x": 121.0026116, "street_count": 3, "highway": "" }, "geometry": { "type": "Point", "coordinates": [ 121.0026116, 14.6178593 ] } },
{ "type": "Feature", "properties": { "osmid": 67815772, "y": 14.6446377, "x": 120.9940112, "street_count": 3, "highway": "" }, "geometry": { "type": "Point", "coordinates": [ 120.9940112, 14.6446377 ] } },
{ "type": "Feature", "properties": { "osmid": 8654858588, "y": 14.6541389, "x": 121.0367963, "street_count": 3, "highway": "" }, "geometry": { "type": "Point", "coordinates": [ 121.0367963, 14.6541389 ] } },
{ "type": "Feature", "properties": { "osmid": 697207136, "y": 14.6371278, "x": 121.045905, "street_count": 3, "highway": "" }, "geometry": { "type": "Point", "coordinates": [ 121.045905, 14.6371278 ] } },
{ "type": "Feature", "properties": { "osmid": 72673632, "y": 14.7244952, "x": 121.0554343, "street_count": 4, "highway": "" }, "geometry": { "type": "Point", "coordinates": [ 121.0554343, 14.7244952 ] } },
{ "type": "Feature", "properties": { "osmid": 1489439082, "y": 14.6640089, "x": 121.0027868, "street_count": 3, "highway": "" }, "geometry": { "type": "Point", "coordinates": [ 121.0027868, 14.6640089 ] } },
{ "type": "Feature", "properties": { "osmid": 8239925614, "y": 14.6221636, "x": 121.006663, "street_count": 3, "highway": "" }, "geometry": { "type": "Point", "coordinates": [ 121.006663, 14.6221636 ] } },
{ "type": "Feature", "properties": { "osmid": 60451183, "y": 14.6165464, "x": 121.0159675, "street_count": 3, "highway": "" }, "geometry": { "type": "Point", "coordinates": [ 121.0159675, 14.6165464 ] } },
{ "type": "Feature", "properties": { "osmid": 60451184, "y": 14.6153332, "x": 121.0165746, "street_count": 4, "highway": "traffic_signals" }, "geometry": { "type": "Point", "coordinates": [ 121.0165746, 14.6153332 ] } },
{ "type": "Feature", "properties": { "osmid": 60451186, "y": 14.6134483, "x": 121.0167459, "street_count": 4, "highway": "" }, "geometry": { "type": "Point", "coordinates": [ 121.0167459, 14.6134483 ] } },
{ "type": "Feature", "properties": { "osmid": 60451187, "y": 14.6114912, "x": 121.0168417, "street_count": 4, "highway": "" }, "geometry": { "type": "Point", "coordinates": [ 121.0168417, 14.6114912 ] } },
{ "type": "Feature", "properties": { "osmid": 60451188, "y": 14.6081193, "x": 121.016997, "street_count": 4, "highway": "traffic_signals" }, "geometry": { "type": "Point", "coordinates": [ 121.016997, 14.6081193 ] } },
{ "type": "Feature", "properties": { "osmid": 247302530, "y": 14.669251, "x": 121.0686818, "street_count": 3, "highway": "" }, "geometry": { "type": "Point", "coordinates": [ 121.0686818, 14.669251 ] } },
{ "type": "Feature", "properties": { "osmid": 315771266, "y": 14.6143348, "x": 121.0691956, "street_count": 4, "highway": "" }, "geometry": { "type": "Point", "coordinates": [ 121.0691956, 14.6143348 ] } },
{ "type": "Feature", "properties": { "osmid": 1119938949, "y": 14.6757277, "x": 121.0821757, "street_count": 3, "highway": "" }, "geometry": { "type": "Point", "coordinates": [ 121.0821757, 14.6757277 ] } },
{ "type": "Feature", "properties": { "osmid": 286083464, "y": 14.6451774, "x": 121.0366503, "street_count": 4, "highway": "" }, "geometry": { "type": "Point", "coordinates": [ 121.0366503, 14.6451774 ] } },
{ "type": "Feature", "properties": { "osmid": 286083465, "y": 14.6430325, "x": 121.0380583, "street_count": 3, "highway": "" }, "geometry": { "type": "Point", "coordinates": [ 121.0380583, 14.6430325 ] } },
{ "type": "Feature", "properties": { "osmid": 286083466, "y": 14.6417155, "x": 121.0390017, "street_count": 3, "highway": "" }, "geometry": { "type": "Point", "coordinates": [ 121.0390017, 14.6417155 ] } },
{ "type": "Feature", "properties": { "osmid": 88787349, "y": 14.614481, "x": 121.0532696, "street_count": 3, "highway": "" }, "geometry": { "type": "Point", "coordinates": [ 121.0532696, 14.614481 ] } },
{ "type": "Feature", "properties": { "osmid": 5401225630, "y": 14.6579245, "x": 121.0003122, "street_count": 3, "highway": "motorway_junction" }, "geometry": { "type": "Point", "coordinates": [ 121.0003122, 14.6579245 ] } },
{ "type": "Feature", "properties": { "osmid": 5883177378, "y": 14.6679558, "x": 121.0740391, "street_count": 3, "highway": "" }, "geometry": { "type": "Point", "coordinates": [ 121.0740391, 14.6679558 ] } },
{ "type": "Feature", "properties": { "osmid": 286083494, "y": 14.6425872, "x": 121.03468, "street_count": 3, "highway": "" }, "geometry": { "type": "Point", "coordinates": [ 121.03468, 14.6425872 ] } },
{ "type": "Feature", "properties": { "osmid": 286083497, "y": 14.6441063, "x": 121.0369806, "street_count": 3, "highway": "" }, "geometry": { "type": "Point", "coordinates": [ 121.0369806, 14.6441063 ] } },
{ "type": "Feature", "properties": { "osmid": 60451261, "y": 14.6210413, "x": 121.0151496, "street_count": 4, "highway": "" }, "geometry": { "type": "Point", "coordinates": [ 121.0151496, 14.6210413 ] } },
{ "type": "Feature", "properties": { "osmid": 129706430, "y": 14.6756467, "x": 121.0816822, "street_count": 3, "highway": "" }, "geometry": { "type": "Point", "coordinates": [ 121.0816822, 14.6756467 ] } },
{ "type": "Feature", "properties": { "osmid": 12026915271, "y": 14.6162922, "x": 121.052719, "street_count": 3, "highway": "" }, "geometry": { "type": "Point", "coordinates": [ 121.052719, 14.6162922 ] } },
{ "type": "Feature", "properties": { "osmid": 12081310166, "y": 14.6373987, "x": 121.0181071, "street_count": 3, "highway": "" }, "geometry": { "type": "Point", "coordinates": [ 121.0181071, 14.6373987 ] } },
{ "type": "Feature", "properties": { "osmid": 5286095322, "y": 14.6554209, "x": 121.0308012, "street_count": 3, "highway": "" }, "geometry": { "type": "Point", "coordinates": [ 121.0308012, 14.6554209 ] } },
{ "type": "Feature", "properties": { "osmid": 5457413615, "y": 14.6095839, "x": 121.0428448, "street_count": 3, "highway": "crossing" }, "geometry": { "type": "Point", "coordinates": [ 121.0428448, 14.6095839 ] } },
{ "type": "Feature", "properties": { "osmid": 321702365, "y": 14.6476804, "x": 121.0643844, "street_count": 3, "highway": "traffic_signals" }, "geometry": { "type": "Point", "coordinates": [ 121.0643844, 14.6476804 ] } },
{ "type": "Feature", "properties": { "osmid": 30763493, "y": 14.6477267, "x": 121.0650291, "street_count": 3, "highway": "" }, "geometry": { "type": "Point", "coordinates": [ 121.0650291, 14.6477267 ] } },
{ "type": "Feature", "properties": { "osmid": 30763494, "y": 14.6478019, "x": 121.0653881, "street_count": 3, "highway": "" }, "geometry": { "type": "Point", "coordinates": [ 121.0653881, 14.6478019 ] } },
{ "type": "Feature", "properties": { "osmid": 60090866, "y": 14.6282469, "x": 121.0664777, "street_count": 4, "highway": "traffic_signals" }, "geometry": { "type": "Point", "coordinates": [ 121.0664777, 14.6282469 ] } },
{ "type": "Feature", "properties": { "osmid": 4208396791, "y": 14.6615934, "x": 121.044346, "street_count": 3, "highway": "" }, "geometry": { "type": "Point", "coordinates": [ 121.044346, 14.6615934 ] } },
{ "type": "Feature", "properties": { "osmid": 60451320, "y": 14.6284789, "x": 121.0132986, "street_count": 4, "highway": "traffic_signals" }, "geometry": { "type": "Point", "coordinates": [ 121.0132986, 14.6284789 ] } },
{ "type": "Feature", "properties": { "osmid": 6505409017, "y": 14.6521744, "x": 121.0517694, "street_count": 3, "highway": "" }, "geometry": { "type": "Point", "coordinates": [ 121.0517694, 14.6521744 ] } },
{ "type": "Feature", "properties": { "osmid": 4208396794, "y": 14.6686724, "x": 121.0433388, "street_count": 3, "highway": "" }, "geometry": { "type": "Point", "coordinates": [ 121.0433388, 14.6686724 ] } },
{ "type": "Feature", "properties": { "osmid": 30763515, "y": 14.6473416, "x": 121.0623229, "street_count": 3, "highway": "" }, "geometry": { "type": "Point", "coordinates": [ 121.0623229, 14.6473416 ] } },
{ "type": "Feature", "properties": { "osmid": 24078839, "y": 14.6306965, "x": 121.0456745, "street_count": 4, "highway": "traffic_signals" }, "geometry": { "type": "Point", "coordinates": [ 121.0456745, 14.6306965 ] } },
{ "type": "Feature", "properties": { "osmid": 219982329, "y": 14.6728565, "x": 121.043366, "street_count": 4, "highway": "" }, "geometry": { "type": "Point", "coordinates": [ 121.043366, 14.6728565 ] } },
{ "type": "Feature", "properties": { "osmid": 8317889023, "y": 14.7262231, "x": 121.0481447, "street_count": 3, "highway": "" }, "geometry": { "type": "Point", "coordinates": [ 121.0481447, 14.7262231 ] } },
{ "type": "Feature", "properties": { "osmid": 4208396805, "y": 14.669632, "x": 121.0532248, "street_count": 3, "highway": "" }, "geometry": { "type": "Point", "coordinates": [ 121.0532248, 14.669632 ] } },
{ "type": "Feature", "properties": { "osmid": 12429019653, "y": 14.655905, "x": 121.0292969, "street_count": 3, "highway": "" }, "geometry": { "type": "Point", "coordinates": [ 121.0292969, 14.655905 ] } },
{ "type": "Feature", "properties": { "osmid": 5284137489, "y": 14.6624247, "x": 121.0367258, "street_count": 3, "highway": "" }, "geometry": { "type": "Point", "coordinates": [ 121.0367258, 14.6624247 ] } },
{ "type": "Feature", "properties": { "osmid": 5380606485, "y": 14.634691, "x": 121.0352056, "street_count": 3, "highway": "" }, "geometry": { "type": "Point", "coordinates": [ 121.0352056, 14.634691 ] } },
{ "type": "Feature", "properties": { "osmid": 5380606486, "y": 14.6346406, "x": 121.0354316, "street_count": 3, "highway": "" }, "geometry": { "type": "Point", "coordinates": [ 121.0354316, 14.6346406 ] } },
{ "type": "Feature", "properties": { "osmid": 5380606487, "y": 14.6349117, "x": 121.0355981, "street_count": 3, "highway": "" }, "geometry": { "type": "Point", "coordinates": [ 121.0355981, 14.6349117 ] } },
{ "type": "Feature", "properties": { "osmid": 5380606488, "y": 14.6346899, "x": 121.0355244, "street_count": 3, "highway": "" }, "geometry": { "type": "Point", "coordinates": [ 121.0355244, 14.6346899 ] } },
{ "type": "Feature", "properties": { "osmid": 5380606489, "y": 14.6350298, "x": 121.0355303, "street_count": 3, "highway": "" }, "geometry": { "type": "Point", "coordinates": [ 121.0355303, 14.6350298 ] } },
{ "type": "Feature", "properties": { "osmid": 5380606491, "y": 14.6349744, "x": 121.0348474, "street_count": 3, "highway": "" }, "geometry": { "type": "Point", "coordinates": [ 121.0348474, 14.6349744 ] } },
{ "type": "Feature", "properties": { "osmid": 11976190495, "y": 14.6152545, "x": 121.074624, "street_count": 3, "highway": "" }, "geometry": { "type": "Point", "coordinates": [ 121.074624, 14.6152545 ] } },
{ "type": "Feature", "properties": { "osmid": 5512743456, "y": 14.6096503, "x": 121.0429708, "street_count": 4, "highway": "traffic_signals" }, "geometry": { "type": "Point", "coordinates": [ 121.0429708, 14.6096503 ] } },
{ "type": "Feature", "properties": { "osmid": 508308004, "y": 14.6532848, "x": 121.051969, "street_count": 3, "highway": "" }, "geometry": { "type": "Point", "coordinates": [ 121.051969, 14.6532848 ] } },
{ "type": "Feature", "properties": { "osmid": 5380606501, "y": 14.6301213, "x": 121.0342579, "street_count": 4, "highway": "" }, "geometry": { "type": "Point", "coordinates": [ 121.0342579, 14.6301213 ] } },
{ "type": "Feature", "properties": { "osmid": 1312410154, "y": 14.718946, "x": 121.0540125, "street_count": 3, "highway": "" }, "geometry": { "type": "Point", "coordinates": [ 121.0540125, 14.718946 ] } },
{ "type": "Feature", "properties": { "osmid": 40831535, "y": 14.6240165, "x": 121.0320125, "street_count": 3, "highway": "" }, "geometry": { "type": "Point", "coordinates": [ 121.0320125, 14.6240165 ] } },
{ "type": "Feature", "properties": { "osmid": 247302706, "y": 14.6736305, "x": 121.0552289, "street_count": 4, "highway": "" }, "geometry": { "type": "Point", "coordinates": [ 121.0552289, 14.6736305 ] } },
{ "type": "Feature", "properties": { "osmid": 1347578423, "y": 14.6096683, "x": 121.0766106, "street_count": 3, "highway": "" }, "geometry": { "type": "Point", "coordinates": [ 121.0766106, 14.6096683 ] } },
{ "type": "Feature", "properties": { "osmid": 315779640, "y": 14.6999409, "x": 121.0877497, "street_count": 3, "highway": "" }, "geometry": { "type": "Point", "coordinates": [ 121.0877497, 14.6999409 ] } },
{ "type": "Feature", "properties": { "osmid": 203262523, "y": 14.6238072, "x": 121.0548245, "street_count": 3, "highway": "" }, "geometry": { "type": "Point", "coordinates": [ 121.0548245, 14.6238072 ] } },
{ "type": "Feature", "properties": { "osmid": 11990624828, "y": 14.6239589, "x": 121.0553812, "street_count": 4, "highway": "" }, "geometry": { "type": "Point", "coordinates": [ 121.0553812, 14.6239589 ] } },
{ "type": "Feature", "properties": { "osmid": 260901437, "y": 14.7064077, "x": 121.0214617, "street_count": 3, "highway": "" }, "geometry": { "type": "Point", "coordinates": [ 121.0214617, 14.7064077 ] } },
{ "type": "Feature", "properties": { "osmid": 8064158273, "y": 14.69018, "x": 121.0946283, "street_count": 3, "highway": "" }, "geometry": { "type": "Point", "coordinates": [ 121.0946283, 14.69018 ] } },
{ "type": "Feature", "properties": { "osmid": 203262534, "y": 14.6233562, "x": 121.0538617, "street_count": 4, "highway": "traffic_signals" }, "geometry": { "type": "Point", "coordinates": [ 121.0538617, 14.6233562 ] } },
{ "type": "Feature", "properties": { "osmid": 301689422, "y": 14.6203396, "x": 121.01962, "street_count": 3, "highway": "" }, "geometry": { "type": "Point", "coordinates": [ 121.01962, 14.6203396 ] } },
{ "type": "Feature", "properties": { "osmid": 301689423, "y": 14.6206378, "x": 121.0205629, "street_count": 3, "highway": "" }, "geometry": { "type": "Point", "coordinates": [ 121.0205629, 14.6206378 ] } },
{ "type": "Feature", "properties": { "osmid": 523962960, "y": 14.6216888, "x": 121.0502055, "street_count": 4, "highway": "traffic_signals" }, "geometry": { "type": "Point", "coordinates": [ 121.0502055, 14.6216888 ] } },
{ "type": "Feature", "properties": { "osmid": 301689424, "y": 14.6209621, "x": 121.0215883, "street_count": 3, "highway": "" }, "geometry": { "type": "Point", "coordinates": [ 121.0215883, 14.6209621 ] } },
{ "type": "Feature", "properties": { "osmid": 8377494102, "y": 14.6213928, "x": 121.0495568, "street_count": 3, "highway": "" }, "geometry": { "type": "Point", "coordinates": [ 121.0495568, 14.6213928 ] } },
{ "type": "Feature", "properties": { "osmid": 203262564, "y": 14.6227906, "x": 121.0526744, "street_count": 3, "highway": "" }, "geometry": { "type": "Point", "coordinates": [ 121.0526744, 14.6227906 ] } },
{ "type": "Feature", "properties": { "osmid": 5870209637, "y": 14.6793763, "x": 121.0237573, "street_count": 3, "highway": "" }, "geometry": { "type": "Point", "coordinates": [ 121.0237573, 14.6793763 ] } },
{ "type": "Feature", "properties": { "osmid": 1440033389, "y": 14.657483, "x": 121.0020589, "street_count": 3, "highway": "" }, "geometry": { "type": "Point", "coordinates": [ 121.0020589, 14.657483 ] } },
{ "type": "Feature", "properties": { "osmid": 9851595386, "y": 14.6108023, "x": 121.0552855, "street_count": 3, "highway": "" }, "geometry": { "type": "Point", "coordinates": [ 121.0552855, 14.6108023 ] } },
{ "type": "Feature", "properties": { "osmid": 1802316412, "y": 14.66292, "x": 121.0664312, "street_count": 3, "highway": "" }, "geometry": { "type": "Point", "coordinates": [ 121.0664312, 14.66292 ] } },
{ "type": "Feature", "properties": { "osmid": 203262589, "y": 14.6225494, "x": 121.052175, "street_count": 3, "highway": "" }, "geometry": { "type": "Point", "coordinates": [ 121.052175, 14.6225494 ] } },
{ "type": "Feature", "properties": { "osmid": 4503317119, "y": 14.6424896, "x": 121.0345837, "street_count": 3, "highway": "" }, "geometry": { "type": "Point", "coordinates": [ 121.0345837, 14.6424896 ] } },
{ "type": "Feature", "properties": { "osmid": 260901505, "y": 14.7034167, "x": 121.0223381, "street_count": 3, "highway": "" }, "geometry": { "type": "Point", "coordinates": [ 121.0223381, 14.7034167 ] } },
{ "type": "Feature", "properties": { "osmid": 720702081, "y": 14.6202833, "x": 121.0508401, "street_count": 3, "highway": "" }, "geometry": { "type": "Point", "coordinates": [ 121.0508401, 14.6202833 ] } },
{ "type": "Feature", "properties": { "osmid": 1281215111, "y": 14.6260124, "x": 121.0595286, "street_count": 3, "highway": "" }, "geometry": { "type": "Point", "coordinates": [ 121.0595286, 14.6260124 ] } },
{ "type": "Feature", "properties": { "osmid": 5345208969, "y": 14.7069709, "x": 121.0214061, "street_count": 3, "highway": "" }, "geometry": { "type": "Point", "coordinates": [ 121.0214061, 14.7069709 ] } },
{ "type": "Feature", "properties": { "osmid": 3684919947, "y": 14.6551706, "x": 121.0468862, "street_count": 3, "highway": "" }, "geometry": { "type": "Point", "coordinates": [ 121.0468862, 14.6551706 ] } },
{ "type": "Feature", "properties": { "osmid": 5282138764, "y": 14.6430864, "x": 121.0380242, "street_count": 3, "highway": "" }, "geometry": { "type": "Point", "coordinates": [ 121.0380242, 14.6430864 ] } },
{ "type": "Feature", "properties": { "osmid": 3684919948, "y": 14.6552621, "x": 121.0468235, "street_count": 3, "highway": "" }, "geometry": { "type": "Point", "coordinates": [ 121.0468235, 14.6552621 ] } },
{ "type": "Feature", "properties": { "osmid": 21834383, "y": 14.6273771, "x": 121.0620623, "street_count": 4, "highway": "" }, "geometry": { "type": "Point", "coordinates": [ 121.0620623, 14.6273771 ] } },
{ "type": "Feature", "properties": { "osmid": 9881938576, "y": 14.6275753, "x": 121.0142102, "street_count": 3, "highway": "" }, "geometry": { "type": "Point", "coordinates": [ 121.0142102, 14.6275753 ] } },
{ "type": "Feature", "properties": { "osmid": 219949715, "y": 14.6788501, "x": 121.0258558, "street_count": 3, "highway": "" }, "geometry": { "type": "Point", "coordinates": [ 121.0258558, 14.6788501 ] } },
{ "type": "Feature", "properties": { "osmid": 260901528, "y": 14.7025063, "x": 121.0226532, "street_count": 3, "highway": "" }, "geometry": { "type": "Point", "coordinates": [ 121.0226532, 14.7025063 ] } },
{ "type": "Feature", "properties": { "osmid": 5282138777, "y": 14.6582077, "x": 121.0198292, "street_count": 3, "highway": "" }, "geometry": { "type": "Point", "coordinates": [ 121.0198292, 14.6582077 ] } },
{ "type": "Feature", "properties": { "osmid": 5380606624, "y": 14.6269779, "x": 121.0334969, "street_count": 3, "highway": "" }, "geometry": { "type": "Point", "coordinates": [ 121.0334969, 14.6269779 ] } },
{ "type": "Feature", "properties": { "osmid": 8484653730, "y": 14.7054931, "x": 121.0736743, "street_count": 3, "highway": "" }, "geometry": { "type": "Point", "coordinates": [ 121.0736743, 14.7054931 ] } },
{ "type": "Feature", "properties": { "osmid": 5380606626, "y": 14.6276121, "x": 121.0337114, "street_count": 3, "highway": "" }, "geometry": { "type": "Point", "coordinates": [ 121.0337114, 14.6276121 ] } },
{ "type": "Feature", "properties": { "osmid": 203262626, "y": 14.6215684, "x": 121.0639697, "street_count": 3, "highway": "" }, "geometry": { "type": "Point", "coordinates": [ 121.0639697, 14.6215684 ] } },
{ "type": "Feature", "properties": { "osmid": 681700006, "y": 14.6945266, "x": 121.0875097, "street_count": 3, "highway": "" }, "geometry": { "type": "Point", "coordinates": [ 121.0875097, 14.6945266 ] } },
{ "type": "Feature", "properties": { "osmid": 1684834992, "y": 14.6631745, "x": 121.0743669, "street_count": 3, "highway": "" }, "geometry": { "type": "Point", "coordinates": [ 121.0743669, 14.6631745 ] } },
{ "type": "Feature", "properties": { "osmid": 8311990964, "y": 14.7239881, "x": 121.029041, "street_count": 3, "highway": "" }, "geometry": { "type": "Point", "coordinates": [ 121.029041, 14.7239881 ] } },
{ "type": "Feature", "properties": { "osmid": 5352196794, "y": 14.6243963, "x": 121.0370763, "street_count": 3, "highway": "" }, "geometry": { "type": "Point", "coordinates": [ 121.0370763, 14.6243963 ] } },
{ "type": "Feature", "properties": { "osmid": 8610425532, "y": 14.7490758, "x": 121.0830311, "street_count": 3, "highway": "" }, "geometry": { "type": "Point", "coordinates": [ 121.0830311, 14.7490758 ] } },
{ "type": "Feature", "properties": { "osmid": 203262660, "y": 14.622169, "x": 121.0653637, "street_count": 4, "highway": "" }, "geometry": { "type": "Point", "coordinates": [ 121.0653637, 14.622169 ] } },
{ "type": "Feature", "properties": { "osmid": 251472580, "y": 14.7474591, "x": 121.0817411, "street_count": 3, "highway": "" }, "geometry": { "type": "Point", "coordinates": [ 121.0817411, 14.7474591 ] } },
{ "type": "Feature", "properties": { "osmid": 251472589, "y": 14.7354476, "x": 121.0680932, "street_count": 3, "highway": "" }, "geometry": { "type": "Point", "coordinates": [ 121.0680932, 14.7354476 ] } },
{ "type": "Feature", "properties": { "osmid": 251472593, "y": 14.7386467, "x": 121.0734989, "street_count": 3, "highway": "" }, "geometry": { "type": "Point", "coordinates": [ 121.0734989, 14.7386467 ] } },
{ "type": "Feature", "properties": { "osmid": 523963095, "y": 14.6217479, "x": 121.0498655, "street_count": 3, "highway": "" }, "geometry": { "type": "Point", "coordinates": [ 121.0498655, 14.6217479 ] } },
{ "type": "Feature", "properties": { "osmid": 12081875681, "y": 14.6907326, "x": 121.0277505, "street_count": 3, "highway": "" }, "geometry": { "type": "Point", "coordinates": [ 121.0277505, 14.6907326 ] } },
{ "type": "Feature", "properties": { "osmid": 203262694, "y": 14.6229205, "x": 121.0532206, "street_count": 4, "highway": "traffic_signals" }, "geometry": { "type": "Point", "coordinates": [ 121.0532206, 14.6229205 ] } },
{ "type": "Feature", "properties": { "osmid": 247302887, "y": 14.6721347, "x": 121.0651293, "street_count": 3, "highway": "" }, "geometry": { "type": "Point", "coordinates": [ 121.0651293, 14.6721347 ] } },
{ "type": "Feature", "properties": { "osmid": 12081875688, "y": 14.6905716, "x": 121.0275955, "street_count": 3, "highway": "" }, "geometry": { "type": "Point", "coordinates": [ 121.0275955, 14.6905716 ] } },
{ "type": "Feature", "properties": { "osmid": 5475576560, "y": 14.6631782, "x": 121.0676619, "street_count": 3, "highway": "" }, "geometry": { "type": "Point", "coordinates": [ 121.0676619, 14.6631782 ] } },
{ "type": "Feature", "properties": { "osmid": 5883177723, "y": 14.6702966, "x": 121.0684935, "street_count": 3, "highway": "" }, "geometry": { "type": "Point", "coordinates": [ 121.0684935, 14.6702966 ] } },
{ "type": "Feature", "properties": { "osmid": 5475576575, "y": 14.6574159, "x": 121.0589541, "street_count": 3, "highway": "" }, "geometry": { "type": "Point", "coordinates": [ 121.0589541, 14.6574159 ] } },
{ "type": "Feature", "properties": { "osmid": 5475576580, "y": 14.6552973, "x": 121.0557616, "street_count": 3, "highway": "" }, "geometry": { "type": "Point", "coordinates": [ 121.0557616, 14.6552973 ] } },
{ "type": "Feature", "properties": { "osmid": 31877894, "y": 14.6236775, "x": 121.0738186, "street_count": 3, "highway": "" }, "geometry": { "type": "Point", "coordinates": [ 121.0738186, 14.6236775 ] } },
{ "type": "Feature", "properties": { "osmid": 31877895, "y": 14.6236783, "x": 121.0737074, "street_count": 3, "highway": "" }, "geometry": { "type": "Point", "coordinates": [ 121.0737074, 14.6236783 ] } },
{ "type": "Feature", "properties": { "osmid": 31877896, "y": 14.6231665, "x": 121.0715381, "street_count": 4, "highway": "traffic_signals" }, "geometry": { "type": "Point", "coordinates": [ 121.0715381, 14.6231665 ] } },
{ "type": "Feature", "properties": { "osmid": 40831751, "y": 14.621947, "x": 121.0247365, "street_count": 3, "highway": "" }, "geometry": { "type": "Point", "coordinates": [ 121.0247365, 14.621947 ] } },
{ "type": "Feature", "properties": { "osmid": 31877898, "y": 14.6225133, "x": 121.0688881, "street_count": 3, "highway": "" }, "geometry": { "type": "Point", "coordinates": [ 121.0688881, 14.6225133 ] } },
{ "type": "Feature", "properties": { "osmid": 31877900, "y": 14.6225405, "x": 121.0673261, "street_count": 4, "highway": "traffic_signals" }, "geometry": { "type": "Point", "coordinates": [ 121.0673261, 14.6225405 ] } },
{ "type": "Feature", "properties": { "osmid": 5641030413, "y": 14.6892045, "x": 121.0291512, "street_count": 3, "highway": "" }, "geometry": { "type": "Point", "coordinates": [ 121.0291512, 14.6892045 ] } },
{ "type": "Feature", "properties": { "osmid": 5475576590, "y": 14.6565085, "x": 121.057585, "street_count": 3, "highway": "" }, "geometry": { "type": "Point", "coordinates": [ 121.057585, 14.6565085 ] } },
{ "type": "Feature", "properties": { "osmid": 321702674, "y": 14.6483351, "x": 121.0743078, "street_count": 4, "highway": "traffic_signals" }, "geometry": { "type": "Point", "coordinates": [ 121.0743078, 14.6483351 ] } },
{ "type": "Feature", "properties": { "osmid": 251472661, "y": 14.7408783, "x": 121.0754957, "street_count": 3, "highway": "" }, "geometry": { "type": "Point", "coordinates": [ 121.0754957, 14.7408783 ] } },
{ "type": "Feature", "properties": { "osmid": 1180306206, "y": 14.6794445, "x": 121.0234806, "street_count": 3, "highway": "" }, "geometry": { "type": "Point", "coordinates": [ 121.0234806, 14.6794445 ] } },
{ "type": "Feature", "properties": { "osmid": 7965461283, "y": 14.6432923, "x": 121.0383203, "street_count": 3, "highway": "" }, "geometry": { "type": "Point", "coordinates": [ 121.0383203, 14.6432923 ] } },
{ "type": "Feature", "properties": { "osmid": 250546982, "y": 14.6859898, "x": 121.0241248, "street_count": 3, "highway": "" }, "geometry": { "type": "Point", "coordinates": [ 121.0241248, 14.6859898 ] } },
{ "type": "Feature", "properties": { "osmid": 6814812986, "y": 14.640177, "x": 121.0163493, "street_count": 3, "highway": "" }, "geometry": { "type": "Point", "coordinates": [ 121.0163493, 14.640177 ] } },
{ "type": "Feature", "properties": { "osmid": 6814812987, "y": 14.6404209, "x": 121.0163377, "street_count": 4, "highway": "traffic_signals" }, "geometry": { "type": "Point", "coordinates": [ 121.0163377, 14.6404209 ] } },
{ "type": "Feature", "properties": { "osmid": 6814812990, "y": 14.6409938, "x": 121.0164563, "street_count": 3, "highway": "" }, "geometry": { "type": "Point", "coordinates": [ 121.0164563, 14.6409938 ] } },
{ "type": "Feature", "properties": { "osmid": 247302975, "y": 14.6657403, "x": 121.0634368, "street_count": 3, "highway": "" }, "geometry": { "type": "Point", "coordinates": [ 121.0634368, 14.6657403 ] } },
{ "type": "Feature", "properties": { "osmid": 12094057284, "y": 14.6473546, "x": 121.0623758, "street_count": 3, "highway": "" }, "geometry": { "type": "Point", "coordinates": [ 121.0623758, 14.6473546 ] } },
{ "type": "Feature", "properties": { "osmid": 8392436550, "y": 14.6566591, "x": 121.0259071, "street_count": 3, "highway": "" }, "geometry": { "type": "Point", "coordinates": [ 121.0259071, 14.6566591 ] } },
{ "type": "Feature", "properties": { "osmid": 8313760585, "y": 14.6644, "x": 121.0031911, "street_count": 3, "highway": "" }, "geometry": { "type": "Point", "coordinates": [ 121.0031911, 14.6644 ] } },
{ "type": "Feature", "properties": { "osmid": 21834569, "y": 14.6494052, "x": 121.0477284, "street_count": 3, "highway": "" }, "geometry": { "type": "Point", "coordinates": [ 121.0477284, 14.6494052 ] } },
{ "type": "Feature", "properties": { "osmid": 6616206168, "y": 14.6544128, "x": 121.0351793, "street_count": 4, "highway": "traffic_signals" }, "geometry": { "type": "Point", "coordinates": [ 121.0351793, 14.6544128 ] } },
{ "type": "Feature", "properties": { "osmid": 1255009113, "y": 14.6388244, "x": 121.0261663, "street_count": 3, "highway": "milestone" }, "geometry": { "type": "Point", "coordinates": [ 121.0261663, 14.6388244 ] } },
{ "type": "Feature", "properties": { "osmid": 250547032, "y": 14.6836347, "x": 121.0318641, "street_count": 3, "highway": "" }, "geometry": { "type": "Point", "coordinates": [ 121.0318641, 14.6836347 ] } },
{ "type": "Feature", "properties": { "osmid": 13130885979, "y": 14.6184639, "x": 121.0565461, "street_count": 3, "highway": "" }, "geometry": { "type": "Point", "coordinates": [ 121.0565461, 14.6184639 ] } },
{ "type": "Feature", "properties": { "osmid": 250547036, "y": 14.6767189, "x": 121.0351385, "street_count": 3, "highway": "" }, "geometry": { "type": "Point", "coordinates": [ 121.0351385, 14.6767189 ] } },
{ "type": "Feature", "properties": { "osmid": 5646920541, "y": 14.7139984, "x": 121.0206984, "street_count": 3, "highway": "" }, "geometry": { "type": "Point", "coordinates": [ 121.0206984, 14.7139984 ] } },
{ "type": "Feature", "properties": { "osmid": 5646920542, "y": 14.7130205, "x": 121.0208331, "street_count": 3, "highway": "" }, "geometry": { "type": "Point", "coordinates": [ 121.0208331, 14.7130205 ] } },
{ "type": "Feature", "properties": { "osmid": 5646920543, "y": 14.7131069, "x": 121.0207816, "street_count": 4, "highway": "" }, "geometry": { "type": "Point", "coordinates": [ 121.0207816, 14.7131069 ] } },
{ "type": "Feature", "properties": { "osmid": 5646920544, "y": 14.713112, "x": 121.0208803, "street_count": 3, "highway": "" }, "geometry": { "type": "Point", "coordinates": [ 121.0208803, 14.713112 ] } },
{ "type": "Feature", "properties": { "osmid": 508308318, "y": 14.6615087, "x": 121.0643376, "street_count": 3, "highway": "" }, "geometry": { "type": "Point", "coordinates": [ 121.0643376, 14.6615087 ] } },
{ "type": "Feature", "properties": { "osmid": 5223230306, "y": 14.727629, "x": 121.0588346, "street_count": 3, "highway": "" }, "geometry": { "type": "Point", "coordinates": [ 121.0588346, 14.727629 ] } },
{ "type": "Feature", "properties": { "osmid": 251472743, "y": 14.7447742, "x": 121.0779586, "street_count": 3, "highway": "" }, "geometry": { "type": "Point", "coordinates": [ 121.0779586, 14.7447742 ] } },
{ "type": "Feature", "properties": { "osmid": 5473078121, "y": 14.6654209, "x": 121.0699793, "street_count": 3, "highway": "" }, "geometry": { "type": "Point", "coordinates": [ 121.0699793, 14.6654209 ] } },
{ "type": "Feature", "properties": { "osmid": 251587437, "y": 14.7051435, "x": 121.0812337, "street_count": 3, "highway": "" }, "geometry": { "type": "Point", "coordinates": [ 121.0812337, 14.7051435 ] } },
{ "type": "Feature", "properties": { "osmid": 5646920561, "y": 14.7166552, "x": 121.0207921, "street_count": 4, "highway": "" }, "geometry": { "type": "Point", "coordinates": [ 121.0207921, 14.7166552 ] } },
{ "type": "Feature", "properties": { "osmid": 1446013810, "y": 14.6312819, "x": 121.0222138, "street_count": 3, "highway": "" }, "geometry": { "type": "Point", "coordinates": [ 121.0222138, 14.6312819 ] } },
{ "type": "Feature", "properties": { "osmid": 24079220, "y": 14.6304582, "x": 121.0448457, "street_count": 3, "highway": "" }, "geometry": { "type": "Point", "coordinates": [ 121.0448457, 14.6304582 ] } },
{ "type": "Feature", "properties": { "osmid": 7556361080, "y": 14.679097, "x": 121.0247901, "street_count": 3, "highway": "" }, "geometry": { "type": "Point", "coordinates": [ 121.0247901, 14.679097 ] } },
{ "type": "Feature", "properties": { "osmid": 5646920568, "y": 14.7170731, "x": 121.0208499, "street_count": 3, "highway": "" }, "geometry": { "type": "Point", "coordinates": [ 121.0208499, 14.7170731 ] } },
{ "type": "Feature", "properties": { "osmid": 5380606846, "y": 14.6298302, "x": 121.0188127, "street_count": 3, "highway": "" }, "geometry": { "type": "Point", "coordinates": [ 121.0188127, 14.6298302 ] } },
{ "type": "Feature", "properties": { "osmid": 1829366654, "y": 14.67589, "x": 121.0444945, "street_count": 4, "highway": "" }, "geometry": { "type": "Point", "coordinates": [ 121.0444945, 14.67589 ] } },
{ "type": "Feature", "properties": { "osmid": 9153964927, "y": 14.6105212, "x": 121.0170515, "street_count": 3, "highway": "" }, "geometry": { "type": "Point", "coordinates": [ 121.0170515, 14.6105212 ] } },
{ "type": "Feature", "properties": { "osmid": 1829366657, "y": 14.6760181, "x": 121.0440404, "street_count": 3, "highway": "" }, "geometry": { "type": "Point", "coordinates": [ 121.0440404, 14.6760181 ] } },
{ "type": "Feature", "properties": { "osmid": 250547077, "y": 14.6803386, "x": 121.0319393, "street_count": 3, "highway": "" }, "geometry": { "type": "Point", "coordinates": [ 121.0319393, 14.6803386 ] } },
{ "type": "Feature", "properties": { "osmid": 24079238, "y": 14.628542, "x": 121.0470012, "street_count": 3, "highway": "motorway_junction" }, "geometry": { "type": "Point", "coordinates": [ 121.0470012, 14.628542 ] } },
{ "type": "Feature", "properties": { "osmid": 260901766, "y": 14.6963026, "x": 121.0323261, "street_count": 4, "highway": "" }, "geometry": { "type": "Point", "coordinates": [ 121.0323261, 14.6963026 ] } },
{ "type": "Feature", "properties": { "osmid": 5473078149, "y": 14.6679832, "x": 121.0687741, "street_count": 3, "highway": "motorway_junction" }, "geometry": { "type": "Point", "coordinates": [ 121.0687741, 14.6679832 ] } },
{ "type": "Feature", "properties": { "osmid": 24619926, "y": 14.704652, "x": 121.0821882, "street_count": 3, "highway": "" }, "geometry": { "type": "Point", "coordinates": [ 121.0821882, 14.704652 ] } },
{ "type": "Feature", "properties": { "osmid": 7236266925, "y": 14.639852, "x": 121.0303048, "street_count": 4, "highway": "traffic_signals" }, "geometry": { "type": "Point", "coordinates": [ 121.0303048, 14.639852 ] } },
{ "type": "Feature", "properties": { "osmid": 5286775749, "y": 14.6537015, "x": 121.0526065, "street_count": 3, "highway": "" }, "geometry": { "type": "Point", "coordinates": [ 121.0526065, 14.6537015 ] } },
{ "type": "Feature", "properties": { "osmid": 12132346822, "y": 14.665618, "x": 121.070473, "street_count": 3, "highway": "" }, "geometry": { "type": "Point", "coordinates": [ 121.070473, 14.665618 ] } },
{ "type": "Feature", "properties": { "osmid": 8646896583, "y": 14.6192012, "x": 121.016001, "street_count": 3, "highway": "" }, "geometry": { "type": "Point", "coordinates": [ 121.016001, 14.6192012 ] } },
{ "type": "Feature", "properties": { "osmid": 8660954057, "y": 14.6542599, "x": 121.0362418, "street_count": 3, "highway": "" }, "geometry": { "type": "Point", "coordinates": [ 121.0362418, 14.6542599 ] } },
{ "type": "Feature", "properties": { "osmid": 6116862922, "y": 14.655922, "x": 120.9998001, "street_count": 4, "highway": "" }, "geometry": { "type": "Point", "coordinates": [ 120.9998001, 14.655922 ] } },
{ "type": "Feature", "properties": { "osmid": 8660954054, "y": 14.6542466, "x": 121.0359477, "street_count": 3, "highway": "" }, "geometry": { "type": "Point", "coordinates": [ 121.0359477, 14.6542466 ] } },
{ "type": "Feature", "properties": { "osmid": 260901837, "y": 14.6996251, "x": 121.0343037, "street_count": 3, "highway": "" }, "geometry": { "type": "Point", "coordinates": [ 121.0343037, 14.6996251 ] } },
{ "type": "Feature", "properties": { "osmid": 8660954055, "y": 14.654321, "x": 121.0359647, "street_count": 3, "highway": "" }, "geometry": { "type": "Point", "coordinates": [ 121.0359647, 14.654321 ] } },
{ "type": "Feature", "properties": { "osmid": 8660954056, "y": 14.6541846, "x": 121.0362243, "street_count": 3, "highway": "" }, "geometry": { "type": "Point", "coordinates": [ 121.0362243, 14.6541846 ] } },
{ "type": "Feature", "properties": { "osmid": 21834704, "y": 14.6535903, "x": 121.0742817, "street_count": 3, "highway": "" }, "geometry": { "type": "Point", "coordinates": [ 121.0742817, 14.6535903 ] } },
{ "type": "Feature", "properties": { "osmid": 8367008725, "y": 14.6988048, "x": 121.0338658, "street_count": 3, "highway": "" }, "geometry": { "type": "Point", "coordinates": [ 121.0338658, 14.6988048 ] } },
{ "type": "Feature", "properties": { "osmid": 78040027, "y": 14.6328179, "x": 121.0743834, "street_count": 3, "highway": "" }, "geometry": { "type": "Point", "coordinates": [ 121.0743834, 14.6328179 ] } },
{ "type": "Feature", "properties": { "osmid": 5064338396, "y": 14.6322017, "x": 121.0740799, "street_count": 3, "highway": "" }, "geometry": { "type": "Point", "coordinates": [ 121.0740799, 14.6322017 ] } },
{ "type": "Feature", "properties": { "osmid": 9699847146, "y": 14.6574706, "x": 121.0143564, "street_count": 3, "highway": "" }, "geometry": { "type": "Point", "coordinates": [ 121.0143564, 14.6574706 ] } },
{ "type": "Feature", "properties": { "osmid": 11030408175, "y": 14.6727944, "x": 121.0614893, "street_count": 3, "highway": "" }, "geometry": { "type": "Point", "coordinates": [ 121.0614893, 14.6727944 ] } },
{ "type": "Feature", "properties": { "osmid": 9699847151, "y": 14.6574678, "x": 121.0141658, "street_count": 3, "highway": "" }, "geometry": { "type": "Point", "coordinates": [ 121.0141658, 14.6574678 ] } },
{ "type": "Feature", "properties": { "osmid": 9699847157, "y": 14.6576709, "x": 121.0141721, "street_count": 3, "highway": "" }, "geometry": { "type": "Point", "coordinates": [ 121.0141721, 14.6576709 ] } },
{ "type": "Feature", "properties": { "osmid": 430697473, "y": 14.6575701, "x": 121.0453866, "street_count": 4, "highway": "" }, "geometry": { "type": "Point", "coordinates": [ 121.0453866, 14.6575701 ] } },
{ "type": "Feature", "properties": { "osmid": 1327328257, "y": 14.6696487, "x": 121.0099792, "street_count": 3, "highway": "" }, "geometry": { "type": "Point", "coordinates": [ 121.0099792, 14.6696487 ] } },
{ "type": "Feature", "properties": { "osmid": 426527748, "y": 14.6901078, "x": 121.0945557, "street_count": 3, "highway": "" }, "geometry": { "type": "Point", "coordinates": [ 121.0945557, 14.6901078 ] } },
{ "type": "Feature", "properties": { "osmid": 251587591, "y": 14.7059922, "x": 121.0721858, "street_count": 3, "highway": "" }, "geometry": { "type": "Point", "coordinates": [ 121.0721858, 14.7059922 ] } },
{ "type": "Feature", "properties": { "osmid": 251587595, "y": 14.6228354, "x": 121.0739549, "street_count": 3, "highway": "" }, "geometry": { "type": "Point", "coordinates": [ 121.0739549, 14.6228354 ] } },
{ "type": "Feature", "properties": { "osmid": 462048269, "y": 14.6382662, "x": 121.0277212, "street_count": 3, "highway": "" }, "geometry": { "type": "Point", "coordinates": [ 121.0277212, 14.6382662 ] } },
{ "type": "Feature", "properties": { "osmid": 310742037, "y": 14.6701979, "x": 121.0769832, "street_count": 3, "highway": "" }, "geometry": { "type": "Point", "coordinates": [ 121.0769832, 14.6701979 ] } },
{ "type": "Feature", "properties": { "osmid": 243461145, "y": 14.6331536, "x": 121.0448912, "street_count": 4, "highway": "" }, "geometry": { "type": "Point", "coordinates": [ 121.0448912, 14.6331536 ] } },
{ "type": "Feature", "properties": { "osmid": 251587611, "y": 14.7061874, "x": 121.071603, "street_count": 4, "highway": "traffic_signals" }, "geometry": { "type": "Point", "coordinates": [ 121.071603, 14.7061874 ] } },
{ "type": "Feature", "properties": { "osmid": 8318684199, "y": 14.7354674, "x": 121.0633458, "street_count": 3, "highway": "" }, "geometry": { "type": "Point", "coordinates": [ 121.0633458, 14.7354674 ] } },
{ "type": "Feature", "properties": { "osmid": 12120910901, "y": 14.7065562, "x": 121.070337, "street_count": 3, "highway": "" }, "geometry": { "type": "Point", "coordinates": [ 121.070337, 14.7065562 ] } },
{ "type": "Feature", "properties": { "osmid": 56134712, "y": 14.6346473, "x": 121.0060378, "street_count": 4, "highway": "" }, "geometry": { "type": "Point", "coordinates": [ 121.0060378, 14.6346473 ] } },
{ "type": "Feature", "properties": { "osmid": 56134713, "y": 14.6340382, "x": 121.0063111, "street_count": 4, "highway": "" }, "geometry": { "type": "Point", "coordinates": [ 121.0063111, 14.6340382 ] } },
{ "type": "Feature", "properties": { "osmid": 56134714, "y": 14.6334685, "x": 121.0065794, "street_count": 4, "highway": "" }, "geometry": { "type": "Point", "coordinates": [ 121.0065794, 14.6334685 ] } },
{ "type": "Feature", "properties": { "osmid": 56134715, "y": 14.6293958, "x": 121.0085633, "street_count": 4, "highway": "" }, "geometry": { "type": "Point", "coordinates": [ 121.0085633, 14.6293958 ] } },
{ "type": "Feature", "properties": { "osmid": 590236730, "y": 14.6242553, "x": 121.0560089, "street_count": 3, "highway": "" }, "geometry": { "type": "Point", "coordinates": [ 121.0560089, 14.6242553 ] } },
{ "type": "Feature", "properties": { "osmid": 5291822143, "y": 14.6478414, "x": 121.0353655, "street_count": 3, "highway": "" }, "geometry": { "type": "Point", "coordinates": [ 121.0353655, 14.6478414 ] } },
{ "type": "Feature", "properties": { "osmid": 316156993, "y": 14.6234581, "x": 121.0490754, "street_count": 3, "highway": "" }, "geometry": { "type": "Point", "coordinates": [ 121.0490754, 14.6234581 ] } },
{ "type": "Feature", "properties": { "osmid": 310742101, "y": 14.6662208, "x": 121.0354754, "street_count": 3, "highway": "" }, "geometry": { "type": "Point", "coordinates": [ 121.0354754, 14.6662208 ] } },
{ "type": "Feature", "properties": { "osmid": 5427170390, "y": 14.6334086, "x": 121.0443175, "street_count": 3, "highway": "" }, "geometry": { "type": "Point", "coordinates": [ 121.0443175, 14.6334086 ] } },
{ "type": "Feature", "properties": { "osmid": 310742107, "y": 14.6637335, "x": 121.0230302, "street_count": 4, "highway": "" }, "geometry": { "type": "Point", "coordinates": [ 121.0230302, 14.6637335 ] } },
{ "type": "Feature", "properties": { "osmid": 56134753, "y": 14.6320984, "x": 121.0020088, "street_count": 4, "highway": "" }, "geometry": { "type": "Point", "coordinates": [ 121.0020088, 14.6320984 ] } },
{ "type": "Feature", "properties": { "osmid": 224865393, "y": 14.633502, "x": 121.0451558, "street_count": 3, "highway": "" }, "geometry": { "type": "Point", "coordinates": [ 121.0451558, 14.633502 ] } },
{ "type": "Feature", "properties": { "osmid": 26831988, "y": 14.6375817, "x": 121.0480395, "street_count": 4, "highway": "" }, "geometry": { "type": "Point", "coordinates": [ 121.0480395, 14.6375817 ] } },
{ "type": "Feature", "properties": { "osmid": 333524088, "y": 14.614891, "x": 121.0530802, "street_count": 3, "highway": "" }, "geometry": { "type": "Point", "coordinates": [ 121.0530802, 14.614891 ] } },
{ "type": "Feature", "properties": { "osmid": 1066110078, "y": 14.7242051, "x": 121.0277665, "street_count": 3, "highway": "" }, "geometry": { "type": "Point", "coordinates": [ 121.0277665, 14.7242051 ] } },
{ "type": "Feature", "properties": { "osmid": 26832002, "y": 14.6361718, "x": 121.0545444, "street_count": 4, "highway": "traffic_signals" }, "geometry": { "type": "Point", "coordinates": [ 121.0545444, 14.6361718 ] } },
{ "type": "Feature", "properties": { "osmid": 1066110084, "y": 14.724708, "x": 121.0265813, "street_count": 3, "highway": "" }, "geometry": { "type": "Point", "coordinates": [ 121.0265813, 14.724708 ] } },
{ "type": "Feature", "properties": { "osmid": 224865426, "y": 14.6332834, "x": 121.0448046, "street_count": 4, "highway": "" }, "geometry": { "type": "Point", "coordinates": [ 121.0448046, 14.6332834 ] } },
{ "type": "Feature", "properties": { "osmid": 1814490259, "y": 14.6426432, "x": 121.0352335, "street_count": 3, "highway": "" }, "geometry": { "type": "Point", "coordinates": [ 121.0352335, 14.6426432 ] } },
{ "type": "Feature", "properties": { "osmid": 12120911001, "y": 14.7065448, "x": 121.070453, "street_count": 3, "highway": "" }, "geometry": { "type": "Point", "coordinates": [ 121.070453, 14.7065448 ] } },
{ "type": "Feature", "properties": { "osmid": 1231572131, "y": 14.6928417, "x": 121.0871679, "street_count": 3, "highway": "" }, "geometry": { "type": "Point", "coordinates": [ 121.0871679, 14.6928417 ] } },
{ "type": "Feature", "properties": { "osmid": 224799911, "y": 14.6396516, "x": 121.0053077, "street_count": 4, "highway": "" }, "geometry": { "type": "Point", "coordinates": [ 121.0053077, 14.6396516 ] } },
{ "type": "Feature", "properties": { "osmid": 8642890940, "y": 14.633062, "x": 121.0092353, "street_count": 3, "highway": "" }, "geometry": { "type": "Point", "coordinates": [ 121.0092353, 14.633062 ] } },
{ "type": "Feature", "properties": { "osmid": 8313679045, "y": 14.6894962, "x": 121.0941362, "street_count": 3, "highway": "" }, "geometry": { "type": "Point", "coordinates": [ 121.0941362, 14.6894962 ] } },
{ "type": "Feature", "properties": { "osmid": 224865478, "y": 14.63302, "x": 121.0442792, "street_count": 3, "highway": "" }, "geometry": { "type": "Point", "coordinates": [ 121.0442792, 14.63302 ] } },
{ "type": "Feature", "properties": { "osmid": 333524170, "y": 14.6149876, "x": 121.0532988, "street_count": 3, "highway": "motorway_junction" }, "geometry": { "type": "Point", "coordinates": [ 121.0532988, 14.6149876 ] } },
{ "type": "Feature", "properties": { "osmid": 2075741391, "y": 14.6410973, "x": 121.0468185, "street_count": 4, "highway": "traffic_signals" }, "geometry": { "type": "Point", "coordinates": [ 121.0468185, 14.6410973 ] } },
{ "type": "Feature", "properties": { "osmid": 243674332, "y": 14.7149637, "x": 121.0575344, "street_count": 4, "highway": "" }, "geometry": { "type": "Point", "coordinates": [ 121.0575344, 14.7149637 ] } },
{ "type": "Feature", "properties": { "osmid": 243674333, "y": 14.7148334, "x": 121.0573739, "street_count": 4, "highway": "" }, "geometry": { "type": "Point", "coordinates": [ 121.0573739, 14.7148334 ] } },
{ "type": "Feature", "properties": { "osmid": 26832095, "y": 14.6379812, "x": 121.0462198, "street_count": 4, "highway": "traffic_signals" }, "geometry": { "type": "Point", "coordinates": [ 121.0462198, 14.6379812 ] } },
{ "type": "Feature", "properties": { "osmid": 599583971, "y": 14.7185158, "x": 121.0210113, "street_count": 3, "highway": "" }, "geometry": { "type": "Point", "coordinates": [ 121.0210113, 14.7185158 ] } },
{ "type": "Feature", "properties": { "osmid": 599583975, "y": 14.7197336, "x": 121.0211422, "street_count": 3, "highway": "" }, "geometry": { "type": "Point", "coordinates": [ 121.0211422, 14.7197336 ] } },
{ "type": "Feature", "properties": { "osmid": 12050009320, "y": 14.6544926, "x": 120.9984662, "street_count": 3, "highway": "" }, "geometry": { "type": "Point", "coordinates": [ 120.9984662, 14.6544926 ] } },
{ "type": "Feature", "properties": { "osmid": 5868170496, "y": 14.6144151, "x": 121.071068, "street_count": 3, "highway": "" }, "geometry": { "type": "Point", "coordinates": [ 121.071068, 14.6144151 ] } },
{ "type": "Feature", "properties": { "osmid": 88788228, "y": 14.613561, "x": 121.0536039, "street_count": 3, "highway": "" }, "geometry": { "type": "Point", "coordinates": [ 121.0536039, 14.613561 ] } },
{ "type": "Feature", "properties": { "osmid": 5868170507, "y": 14.6145763, "x": 121.07016, "street_count": 3, "highway": "" }, "geometry": { "type": "Point", "coordinates": [ 121.07016, 14.6145763 ] } },
{ "type": "Feature", "properties": { "osmid": 8314891531, "y": 14.6909581, "x": 121.0964749, "street_count": 3, "highway": "" }, "geometry": { "type": "Point", "coordinates": [ 121.0964749, 14.6909581 ] } },
{ "type": "Feature", "properties": { "osmid": 5868170508, "y": 14.6149895, "x": 121.0705319, "street_count": 3, "highway": "" }, "geometry": { "type": "Point", "coordinates": [ 121.0705319, 14.6149895 ] } },
{ "type": "Feature", "properties": { "osmid": 967511310, "y": 14.6617351, "x": 121.044313, "street_count": 4, "highway": "" }, "geometry": { "type": "Point", "coordinates": [ 121.044313, 14.6617351 ] } },
{ "type": "Feature", "properties": { "osmid": 32476430, "y": 14.6339209, "x": 121.0395318, "street_count": 4, "highway": "traffic_signals" }, "geometry": { "type": "Point", "coordinates": [ 121.0395318, 14.6339209 ] } },
{ "type": "Feature", "properties": { "osmid": 967511311, "y": 14.6617106, "x": 121.0441997, "street_count": 3, "highway": "" }, "geometry": { "type": "Point", "coordinates": [ 121.0441997, 14.6617106 ] } },
{ "type": "Feature", "properties": { "osmid": 24620306, "y": 14.7035506, "x": 121.0845881, "street_count": 3, "highway": "" }, "geometry": { "type": "Point", "coordinates": [ 121.0845881, 14.7035506 ] } },
{ "type": "Feature", "properties": { "osmid": 5868170521, "y": 14.6145269, "x": 121.0703186, "street_count": 3, "highway": "" }, "geometry": { "type": "Point", "coordinates": [ 121.0703186, 14.6145269 ] } },
{ "type": "Feature", "properties": { "osmid": 88788259, "y": 14.6118555, "x": 121.0544198, "street_count": 3, "highway": "" }, "geometry": { "type": "Point", "coordinates": [ 121.0544198, 14.6118555 ] } },
{ "type": "Feature", "properties": { "osmid": 33680678, "y": 14.6055043, "x": 121.0791766, "street_count": 4, "highway": "traffic_signals" }, "geometry": { "type": "Point", "coordinates": [ 121.0791766, 14.6055043 ] } },
{ "type": "Feature", "properties": { "osmid": 40832294, "y": 14.6229476, "x": 121.0280265, "street_count": 3, "highway": "" }, "geometry": { "type": "Point", "coordinates": [ 121.0280265, 14.6229476 ] } },
{ "type": "Feature", "properties": { "osmid": 33680683, "y": 14.6094812, "x": 121.0767817, "street_count": 4, "highway": "traffic_signals" }, "geometry": { "type": "Point", "coordinates": [ 121.0767817, 14.6094812 ] } },
{ "type": "Feature", "properties": { "osmid": 78040364, "y": 14.6187936, "x": 121.0431762, "street_count": 4, "highway": "" }, "geometry": { "type": "Point", "coordinates": [ 121.0431762, 14.6187936 ] } },
{ "type": "Feature", "properties": { "osmid": 26504493, "y": 14.6651005, "x": 121.0048312, "street_count": 3, "highway": "" }, "geometry": { "type": "Point", "coordinates": [ 121.0048312, 14.6651005 ] } },
{ "type": "Feature", "properties": { "osmid": 1602112812, "y": 14.637262, "x": 120.9934367, "street_count": 4, "highway": "traffic_signals" }, "geometry": { "type": "Point", "coordinates": [ 120.9934367, 14.637262 ] } },
{ "type": "Feature", "properties": { "osmid": 7282502959, "y": 14.7277723, "x": 121.1169547, "street_count": 3, "highway": "" }, "geometry": { "type": "Point", "coordinates": [ 121.1169547, 14.7277723 ] } },
{ "type": "Feature", "properties": { "osmid": 32476467, "y": 14.6403645, "x": 121.0265275, "street_count": 3, "highway": "" }, "geometry": { "type": "Point", "coordinates": [ 121.0265275, 14.6403645 ] } },
{ "type": "Feature", "properties": { "osmid": 967511365, "y": 14.661277, "x": 121.0444193, "street_count": 3, "highway": "" }, "geometry": { "type": "Point", "coordinates": [ 121.0444193, 14.661277 ] } },
{ "type": "Feature", "properties": { "osmid": 5633396043, "y": 14.7268907, "x": 121.0384153, "street_count": 3, "highway": "" }, "geometry": { "type": "Point", "coordinates": [ 121.0384153, 14.7268907 ] } },
{ "type": "Feature", "properties": { "osmid": 35458381, "y": 14.6639082, "x": 121.0363992, "street_count": 3, "highway": "" }, "geometry": { "type": "Point", "coordinates": [ 121.0363992, 14.6639082 ] } },
{ "type": "Feature", "properties": { "osmid": 330550608, "y": 14.6073796, "x": 121.0786378, "street_count": 4, "highway": "traffic_signals" }, "geometry": { "type": "Point", "coordinates": [ 121.0786378, 14.6073796 ] } },
{ "type": "Feature", "properties": { "osmid": 5362535763, "y": 14.7240393, "x": 121.0300109, "street_count": 4, "highway": "" }, "geometry": { "type": "Point", "coordinates": [ 121.0300109, 14.7240393 ] } },
{ "type": "Feature", "properties": { "osmid": 5404831061, "y": 14.654139, "x": 121.0540444, "street_count": 4, "highway": "motorway_junction" }, "geometry": { "type": "Point", "coordinates": [ 121.0540444, 14.654139 ] } },
{ "type": "Feature", "properties": { "osmid": 35458397, "y": 14.6545872, "x": 121.03523, "street_count": 4, "highway": "traffic_signals" }, "geometry": { "type": "Point", "coordinates": [ 121.03523, 14.6545872 ] } },
{ "type": "Feature", "properties": { "osmid": 2633330019, "y": 14.7143366, "x": 121.0909554, "street_count": 3, "highway": "" }, "geometry": { "type": "Point", "coordinates": [ 121.0909554, 14.7143366 ] } },
{ "type": "Feature", "properties": { "osmid": 2633330020, "y": 14.71434, "x": 121.091192, "street_count": 3, "highway": "" }, "geometry": { "type": "Point", "coordinates": [ 121.091192, 14.71434 ] } },
{ "type": "Feature", "properties": { "osmid": 2633330021, "y": 14.7143473, "x": 121.0916734, "street_count": 3, "highway": "" }, "geometry": { "type": "Point", "coordinates": [ 121.0916734, 14.7143473 ] } },
{ "type": "Feature", "properties": { "osmid": 1609936233, "y": 14.6470183, "x": 121.0520744, "street_count": 3, "highway": "" }, "geometry": { "type": "Point", "coordinates": [ 121.0520744, 14.6470183 ] } },
{ "type": "Feature", "properties": { "osmid": 1110076780, "y": 14.6317769, "x": 121.0175997, "street_count": 3, "highway": "" }, "geometry": { "type": "Point", "coordinates": [ 121.0175997, 14.6317769 ] } },
{ "type": "Feature", "properties": { "osmid": 26504574, "y": 14.6632639, "x": 121.0019394, "street_count": 3, "highway": "" }, "geometry": { "type": "Point", "coordinates": [ 121.0019394, 14.6632639 ] } },
{ "type": "Feature", "properties": { "osmid": 2467835266, "y": 14.6156452, "x": 121.0737886, "street_count": 3, "highway": "" }, "geometry": { "type": "Point", "coordinates": [ 121.0737886, 14.6156452 ] } },
{ "type": "Feature", "properties": { "osmid": 11545406859, "y": 14.7335385, "x": 121.052318, "street_count": 3, "highway": "" }, "geometry": { "type": "Point", "coordinates": [ 121.052318, 14.7335385 ] } },
{ "type": "Feature", "properties": { "osmid": 26504597, "y": 14.6668448, "x": 121.0074349, "street_count": 4, "highway": "" }, "geometry": { "type": "Point", "coordinates": [ 121.0074349, 14.6668448 ] } },
{ "type": "Feature", "properties": { "osmid": 5536828821, "y": 14.7356186, "x": 121.0693868, "street_count": 3, "highway": "" }, "geometry": { "type": "Point", "coordinates": [ 121.0693868, 14.7356186 ] } },
{ "type": "Feature", "properties": { "osmid": 5536828822, "y": 14.7365568, "x": 121.0704333, "street_count": 3, "highway": "" }, "geometry": { "type": "Point", "coordinates": [ 121.0704333, 14.7365568 ] } },
{ "type": "Feature", "properties": { "osmid": 5536828829, "y": 14.7387068, "x": 121.0734548, "street_count": 4, "highway": "" }, "geometry": { "type": "Point", "coordinates": [ 121.0734548, 14.7387068 ] } },
{ "type": "Feature", "properties": { "osmid": 3246034336, "y": 14.6304109, "x": 121.0742973, "street_count": 3, "highway": "" }, "geometry": { "type": "Point", "coordinates": [ 121.0742973, 14.6304109 ] } },
{ "type": "Feature", "properties": { "osmid": 2503576994, "y": 14.643894, "x": 120.9936915, "street_count": 4, "highway": "traffic_signals" }, "geometry": { "type": "Point", "coordinates": [ 120.9936915, 14.643894 ] } },
{ "type": "Feature", "properties": { "osmid": 2503576995, "y": 14.6438975, "x": 120.9938237, "street_count": 4, "highway": "traffic_signals" }, "geometry": { "type": "Point", "coordinates": [ 120.9938237, 14.6438975 ] } },
{ "type": "Feature", "properties": { "osmid": 8577445284, "y": 14.6071521, "x": 121.0386965, "street_count": 3, "highway": "" }, "geometry": { "type": "Point", "coordinates": [ 121.0386965, 14.6071521 ] } },
{ "type": "Feature", "properties": { "osmid": 3246034341, "y": 14.6305915, "x": 121.0742996, "street_count": 3, "highway": "" }, "geometry": { "type": "Point", "coordinates": [ 121.0742996, 14.6305915 ] } },
{ "type": "Feature", "properties": { "osmid": 325094823, "y": 14.6401564, "x": 121.0147507, "street_count": 4, "highway": "" }, "geometry": { "type": "Point", "coordinates": [ 121.0147507, 14.6401564 ] } },
{ "type": "Feature", "properties": { "osmid": 5536828835, "y": 14.740927, "x": 121.0754305, "street_count": 4, "highway": "" }, "geometry": { "type": "Point", "coordinates": [ 121.0754305, 14.740927 ] } },
{ "type": "Feature", "properties": { "osmid": 261041578, "y": 14.6806459, "x": 121.0157121, "street_count": 3, "highway": "" }, "geometry": { "type": "Point", "coordinates": [ 121.0157121, 14.6806459 ] } },
{ "type": "Feature", "properties": { "osmid": 911527341, "y": 14.73109, "x": 121.0473781, "street_count": 3, "highway": "traffic_signals" }, "geometry": { "type": "Point", "coordinates": [ 121.0473781, 14.73109 ] } },
{ "type": "Feature", "properties": { "osmid": 56135086, "y": 14.627435, "x": 121.0042354, "street_count": 4, "highway": "" }, "geometry": { "type": "Point", "coordinates": [ 121.0042354, 14.627435 ] } },
{ "type": "Feature", "properties": { "osmid": 26504623, "y": 14.6455864, "x": 121.0530027, "street_count": 4, "highway": "" }, "geometry": { "type": "Point", "coordinates": [ 121.0530027, 14.6455864 ] } },
{ "type": "Feature", "properties": { "osmid": 911527342, "y": 14.731106, "x": 121.0475101, "street_count": 3, "highway": "traffic_signals" }, "geometry": { "type": "Point", "coordinates": [ 121.0475101, 14.731106 ] } },
{ "type": "Feature", "properties": { "osmid": 56135085, "y": 14.6308445, "x": 121.0026033, "street_count": 4, "highway": "" }, "geometry": { "type": "Point", "coordinates": [ 121.0026033, 14.6308445 ] } },
{ "type": "Feature", "properties": { "osmid": 911527344, "y": 14.724705, "x": 121.0494031, "street_count": 4, "highway": "" }, "geometry": { "type": "Point", "coordinates": [ 121.0494031, 14.724705 ] } },
{ "type": "Feature", "properties": { "osmid": 26504625, "y": 14.6634549, "x": 121.0022388, "street_count": 3, "highway": "" }, "geometry": { "type": "Point", "coordinates": [ 121.0022388, 14.6634549 ] } },
{ "type": "Feature", "properties": { "osmid": 12247313845, "y": 14.6490625, "x": 121.0512721, "street_count": 3, "highway": "" }, "geometry": { "type": "Point", "coordinates": [ 121.0512721, 14.6490625 ] } },
{ "type": "Feature", "properties": { "osmid": 6616010168, "y": 14.6648298, "x": 121.0435982, "street_count": 3, "highway": "" }, "geometry": { "type": "Point", "coordinates": [ 121.0435982, 14.6648298 ] } },
{ "type": "Feature", "properties": { "osmid": 6616010169, "y": 14.6648097, "x": 121.0434945, "street_count": 3, "highway": "" }, "geometry": { "type": "Point", "coordinates": [ 121.0434945, 14.6648097 ] } },
{ "type": "Feature", "properties": { "osmid": 6616010167, "y": 14.6645862, "x": 121.0435487, "street_count": 3, "highway": "" }, "geometry": { "type": "Point", "coordinates": [ 121.0435487, 14.6645862 ] } },
{ "type": "Feature", "properties": { "osmid": 243674552, "y": 14.7135994, "x": 121.0612212, "street_count": 4, "highway": "" }, "geometry": { "type": "Point", "coordinates": [ 121.0612212, 14.7135994 ] } },
{ "type": "Feature", "properties": { "osmid": 12080025022, "y": 14.6273242, "x": 121.0473298, "street_count": 3, "highway": "" }, "geometry": { "type": "Point", "coordinates": [ 121.0473298, 14.6273242 ] } },
{ "type": "Feature", "properties": { "osmid": 1333677504, "y": 14.7266391, "x": 121.0385586, "street_count": 4, "highway": "" }, "geometry": { "type": "Point", "coordinates": [ 121.0385586, 14.7266391 ] } },
{ "type": "Feature", "properties": { "osmid": 3844025799, "y": 14.65494, "x": 120.9987914, "street_count": 3, "highway": "" }, "geometry": { "type": "Point", "coordinates": [ 120.9987914, 14.65494 ] } },
{ "type": "Feature", "properties": { "osmid": 5286055369, "y": 14.6466437, "x": 121.0412182, "street_count": 3, "highway": "" }, "geometry": { "type": "Point", "coordinates": [ 121.0412182, 14.6466437 ] } },
{ "type": "Feature", "properties": { "osmid": 35458507, "y": 14.6610711, "x": 121.0366498, "street_count": 3, "highway": "" }, "geometry": { "type": "Point", "coordinates": [ 121.0366498, 14.6610711 ] } },
{ "type": "Feature", "properties": { "osmid": 5286055371, "y": 14.6476654, "x": 121.0429551, "street_count": 4, "highway": "" }, "geometry": { "type": "Point", "coordinates": [ 121.0429551, 14.6476654 ] } },
{ "type": "Feature", "properties": { "osmid": 5286055373, "y": 14.6463587, "x": 121.0407576, "street_count": 4, "highway": "traffic_signals" }, "geometry": { "type": "Point", "coordinates": [ 121.0407576, 14.6463587 ] } },
{ "type": "Feature", "properties": { "osmid": 35458509, "y": 14.6639353, "x": 121.0365192, "street_count": 3, "highway": "" }, "geometry": { "type": "Point", "coordinates": [ 121.0365192, 14.6639353 ] } },
{ "type": "Feature", "properties": { "osmid": 5286055372, "y": 14.646749, "x": 121.0412994, "street_count": 3, "highway": "" }, "geometry": { "type": "Point", "coordinates": [ 121.0412994, 14.646749 ] } },
{ "type": "Feature", "properties": { "osmid": 1341009360, "y": 14.6582532, "x": 121.0010968, "street_count": 3, "highway": "" }, "geometry": { "type": "Point", "coordinates": [ 121.0010968, 14.6582532 ] } },
{ "type": "Feature", "properties": { "osmid": 5512736224, "y": 14.6131854, "x": 121.0645486, "street_count": 4, "highway": "traffic_signals" }, "geometry": { "type": "Point", "coordinates": [ 121.0645486, 14.6131854 ] } },
{ "type": "Feature", "properties": { "osmid": 5512736226, "y": 14.613378, "x": 121.0653765, "street_count": 4, "highway": "" }, "geometry": { "type": "Point", "coordinates": [ 121.0653765, 14.613378 ] } },
{ "type": "Feature", "properties": { "osmid": 5512736228, "y": 14.6115931, "x": 121.0578829, "street_count": 4, "highway": "traffic_signals" }, "geometry": { "type": "Point", "coordinates": [ 121.0578829, 14.6115931 ] } },
{ "type": "Feature", "properties": { "osmid": 5512736229, "y": 14.6112811, "x": 121.056597, "street_count": 4, "highway": "" }, "geometry": { "type": "Point", "coordinates": [ 121.056597, 14.6112811 ] } },
{ "type": "Feature", "properties": { "osmid": 5512736230, "y": 14.6106608, "x": 121.0541309, "street_count": 3, "highway": "" }, "geometry": { "type": "Point", "coordinates": [ 121.0541309, 14.6106608 ] } },
{ "type": "Feature", "properties": { "osmid": 5512736231, "y": 14.6086864, "x": 121.0459073, "street_count": 3, "highway": "" }, "geometry": { "type": "Point", "coordinates": [ 121.0459073, 14.6086864 ] } },
{ "type": "Feature", "properties": { "osmid": 316739046, "y": 14.6147468, "x": 121.0729691, "street_count": 3, "highway": "" }, "geometry": { "type": "Point", "coordinates": [ 121.0729691, 14.6147468 ] } },
{ "type": "Feature", "properties": { "osmid": 5512736233, "y": 14.608939, "x": 121.0469243, "street_count": 3, "highway": "" }, "geometry": { "type": "Point", "coordinates": [ 121.0469243, 14.608939 ] } },
{ "type": "Feature", "properties": { "osmid": 5512736234, "y": 14.609092, "x": 121.0475866, "street_count": 3, "highway": "" }, "geometry": { "type": "Point", "coordinates": [ 121.0475866, 14.609092 ] } },
{ "type": "Feature", "properties": { "osmid": 5512736235, "y": 14.6091441, "x": 121.0477992, "street_count": 3, "highway": "" }, "geometry": { "type": "Point", "coordinates": [ 121.0477992, 14.6091441 ] } },
{ "type": "Feature", "properties": { "osmid": 5512736236, "y": 14.6092755, "x": 121.0483294, "street_count": 3, "highway": "" }, "geometry": { "type": "Point", "coordinates": [ 121.0483294, 14.6092755 ] } },
{ "type": "Feature", "properties": { "osmid": 5512736237, "y": 14.6095204, "x": 121.0494407, "street_count": 3, "highway": "" }, "geometry": { "type": "Point", "coordinates": [ 121.0494407, 14.6095204 ] } },
{ "type": "Feature", "properties": { "osmid": 5512736238, "y": 14.6098262, "x": 121.0506784, "street_count": 3, "highway": "" }, "geometry": { "type": "Point", "coordinates": [ 121.0506784, 14.6098262 ] } },
{ "type": "Feature", "properties": { "osmid": 5512736239, "y": 14.6111215, "x": 121.0559386, "street_count": 3, "highway": "" }, "geometry": { "type": "Point", "coordinates": [ 121.0559386, 14.6111215 ] } },
{ "type": "Feature", "properties": { "osmid": 5512736241, "y": 14.6096748, "x": 121.0500514, "street_count": 3, "highway": "" }, "geometry": { "type": "Point", "coordinates": [ 121.0500514, 14.6096748 ] } },
{ "type": "Feature", "properties": { "osmid": 5475044862, "y": 14.6558087, "x": 121.0297067, "street_count": 3, "highway": "" }, "geometry": { "type": "Point", "coordinates": [ 121.0297067, 14.6558087 ] } },
{ "type": "Feature", "properties": { "osmid": 73027071, "y": 14.6134503, "x": 121.016905, "street_count": 4, "highway": "" }, "geometry": { "type": "Point", "coordinates": [ 121.016905, 14.6134503 ] } },
{ "type": "Feature", "properties": { "osmid": 203263494, "y": 14.6226358, "x": 121.0694075, "street_count": 4, "highway": "" }, "geometry": { "type": "Point", "coordinates": [ 121.0694075, 14.6226358 ] } },
{ "type": "Feature", "properties": { "osmid": 5828824585, "y": 14.7397112, "x": 121.0564942, "street_count": 3, "highway": "" }, "geometry": { "type": "Point", "coordinates": [ 121.0564942, 14.7397112 ] } },
{ "type": "Feature", "properties": { "osmid": 2074398219, "y": 14.6472782, "x": 121.0705185, "street_count": 3, "highway": "" }, "geometry": { "type": "Point", "coordinates": [ 121.0705185, 14.6472782 ] } },
{ "type": "Feature", "properties": { "osmid": 9785527820, "y": 14.65331, "x": 121.0525585, "street_count": 3, "highway": "" }, "geometry": { "type": "Point", "coordinates": [ 121.0525585, 14.65331 ] } },
{ "type": "Feature", "properties": { "osmid": 366136850, "y": 14.6366975, "x": 121.0266268, "street_count": 3, "highway": "" }, "geometry": { "type": "Point", "coordinates": [ 121.0266268, 14.6366975 ] } },
{ "type": "Feature", "properties": { "osmid": 21458457, "y": 14.6162936, "x": 121.0742295, "street_count": 3, "highway": "" }, "geometry": { "type": "Point", "coordinates": [ 121.0742295, 14.6162936 ] } },
{ "type": "Feature", "properties": { "osmid": 2074398236, "y": 14.6498647, "x": 121.0465473, "street_count": 3, "highway": "" }, "geometry": { "type": "Point", "coordinates": [ 121.0465473, 14.6498647 ] } },
{ "type": "Feature", "properties": { "osmid": 2074398238, "y": 14.6497106, "x": 121.046571, "street_count": 3, "highway": "" }, "geometry": { "type": "Point", "coordinates": [ 121.046571, 14.6497106 ] } },
{ "type": "Feature", "properties": { "osmid": 203263521, "y": 14.6229108, "x": 121.0705206, "street_count": 3, "highway": "" }, "geometry": { "type": "Point", "coordinates": [ 121.0705206, 14.6229108 ] } },
{ "type": "Feature", "properties": { "osmid": 24620582, "y": 14.7073813, "x": 121.0636143, "street_count": 3, "highway": "" }, "geometry": { "type": "Point", "coordinates": [ 121.0636143, 14.7073813 ] } },
{ "type": "Feature", "properties": { "osmid": 4304645679, "y": 14.6305425, "x": 121.0716252, "street_count": 3, "highway": "" }, "geometry": { "type": "Point", "coordinates": [ 121.0716252, 14.6305425 ] } },
{ "type": "Feature", "properties": { "osmid": 311733809, "y": 14.6845219, "x": 121.0227389, "street_count": 3, "highway": "" }, "geometry": { "type": "Point", "coordinates": [ 121.0227389, 14.6845219 ] } },
{ "type": "Feature", "properties": { "osmid": 733359685, "y": 14.6145752, "x": 121.0713153, "street_count": 3, "highway": "" }, "geometry": { "type": "Point", "coordinates": [ 121.0713153, 14.6145752 ] } },
{ "type": "Feature", "properties": { "osmid": 11442900549, "y": 14.6720904, "x": 121.0504281, "street_count": 3, "highway": "" }, "geometry": { "type": "Point", "coordinates": [ 121.0504281, 14.6720904 ] } },
{ "type": "Feature", "properties": { "osmid": 103796296, "y": 14.6556656, "x": 121.0291813, "street_count": 3, "highway": "" }, "geometry": { "type": "Point", "coordinates": [ 121.0291813, 14.6556656 ] } },
{ "type": "Feature", "properties": { "osmid": 1234357833, "y": 14.6367108, "x": 121.0520508, "street_count": 3, "highway": "" }, "geometry": { "type": "Point", "coordinates": [ 121.0520508, 14.6367108 ] } },
{ "type": "Feature", "properties": { "osmid": 8382983762, "y": 14.7065657, "x": 121.0694289, "street_count": 4, "highway": "traffic_signals" }, "geometry": { "type": "Point", "coordinates": [ 121.0694289, 14.7065657 ] } },
{ "type": "Feature", "properties": { "osmid": 8382983763, "y": 14.7065655, "x": 121.069345, "street_count": 4, "highway": "traffic_signals" }, "geometry": { "type": "Point", "coordinates": [ 121.069345, 14.7065655 ] } },
{ "type": "Feature", "properties": { "osmid": 10125282898, "y": 14.7080543, "x": 121.0901656, "street_count": 3, "highway": "" }, "geometry": { "type": "Point", "coordinates": [ 121.0901656, 14.7080543 ] } },
{ "type": "Feature", "properties": { "osmid": 1828449885, "y": 14.6689476, "x": 121.0687405, "street_count": 3, "highway": "" }, "geometry": { "type": "Point", "coordinates": [ 121.0687405, 14.6689476 ] } },
{ "type": "Feature", "properties": { "osmid": 311733853, "y": 14.6800897, "x": 121.0189261, "street_count": 4, "highway": "traffic_signals" }, "geometry": { "type": "Point", "coordinates": [ 121.0189261, 14.6800897 ] } },
{ "type": "Feature", "properties": { "osmid": 225922660, "y": 14.6520311, "x": 120.9971803, "street_count": 3, "highway": "" }, "geometry": { "type": "Point", "coordinates": [ 120.9971803, 14.6520311 ] } },
{ "type": "Feature", "properties": { "osmid": 219754090, "y": 14.6651191, "x": 121.0361046, "street_count": 3, "highway": "" }, "geometry": { "type": "Point", "coordinates": [ 121.0361046, 14.6651191 ] } },
{ "type": "Feature", "properties": { "osmid": 1828449899, "y": 14.6683341, "x": 121.0690302, "street_count": 3, "highway": "" }, "geometry": { "type": "Point", "coordinates": [ 121.0690302, 14.6683341 ] } },
{ "type": "Feature", "properties": { "osmid": 9696448112, "y": 14.6159585, "x": 121.0745042, "street_count": 3, "highway": "" }, "geometry": { "type": "Point", "coordinates": [ 121.0745042, 14.6159585 ] } },
{ "type": "Feature", "properties": { "osmid": 928665207, "y": 14.6633747, "x": 121.0020544, "street_count": 3, "highway": "" }, "geometry": { "type": "Point", "coordinates": [ 121.0020544, 14.6633747 ] } },
{ "type": "Feature", "properties": { "osmid": 5464354432, "y": 14.6471743, "x": 121.0604847, "street_count": 3, "highway": "" }, "geometry": { "type": "Point", "coordinates": [ 121.0604847, 14.6471743 ] } },
{ "type": "Feature", "properties": { "osmid": 11896049286, "y": 14.6523295, "x": 120.9974632, "street_count": 3, "highway": "" }, "geometry": { "type": "Point", "coordinates": [ 120.9974632, 14.6523295 ] } },
{ "type": "Feature", "properties": { "osmid": 928665225, "y": 14.669305, "x": 121.0096521, "street_count": 3, "highway": "" }, "geometry": { "type": "Point", "coordinates": [ 121.0096521, 14.669305 ] } },
{ "type": "Feature", "properties": { "osmid": 21458570, "y": 14.6146532, "x": 121.0705914, "street_count": 4, "highway": "traffic_signals" }, "geometry": { "type": "Point", "coordinates": [ 121.0705914, 14.6146532 ] } },
{ "type": "Feature", "properties": { "osmid": 928665233, "y": 14.6711997, "x": 121.0114276, "street_count": 3, "highway": "" }, "geometry": { "type": "Point", "coordinates": [ 121.0114276, 14.6711997 ] } },
{ "type": "Feature", "properties": { "osmid": 8637230747, "y": 14.6479779, "x": 120.9954397, "street_count": 3, "highway": "" }, "geometry": { "type": "Point", "coordinates": [ 120.9954397, 14.6479779 ] } },
{ "type": "Feature", "properties": { "osmid": 251588254, "y": 14.7051678, "x": 121.0782785, "street_count": 3, "highway": "" }, "geometry": { "type": "Point", "coordinates": [ 121.0782785, 14.7051678 ] } },
{ "type": "Feature", "properties": { "osmid": 3610291872, "y": 14.6239745, "x": 121.0314874, "street_count": 4, "highway": "traffic_signals" }, "geometry": { "type": "Point", "coordinates": [ 121.0314874, 14.6239745 ] } },
{ "type": "Feature", "properties": { "osmid": 61091504, "y": 14.6058036, "x": 121.0187201, "street_count": 4, "highway": "traffic_signals" }, "geometry": { "type": "Point", "coordinates": [ 121.0187201, 14.6058036 ] } },
{ "type": "Feature", "properties": { "osmid": 1350209200, "y": 14.6439147, "x": 120.994294, "street_count": 3, "highway": "" }, "geometry": { "type": "Point", "coordinates": [ 120.994294, 14.6439147 ] } },
{ "type": "Feature", "properties": { "osmid": 1350209203, "y": 14.6441188, "x": 120.9939219, "street_count": 3, "highway": "" }, "geometry": { "type": "Point", "coordinates": [ 120.9939219, 14.6441188 ] } },
{ "type": "Feature", "properties": { "osmid": 928665268, "y": 14.6732301, "x": 121.013179, "street_count": 3, "highway": "" }, "geometry": { "type": "Point", "coordinates": [ 121.013179, 14.6732301 ] } },
{ "type": "Feature", "properties": { "osmid": 928665271, "y": 14.667629, "x": 121.0081563, "street_count": 3, "highway": "" }, "geometry": { "type": "Point", "coordinates": [ 121.0081563, 14.667629 ] } },
{ "type": "Feature", "properties": { "osmid": 311733953, "y": 14.6755687, "x": 121.0150803, "street_count": 3, "highway": "" }, "geometry": { "type": "Point", "coordinates": [ 121.0150803, 14.6755687 ] } },
{ "type": "Feature", "properties": { "osmid": 8318586563, "y": 14.6206109, "x": 121.0204779, "street_count": 3, "highway": "" }, "geometry": { "type": "Point", "coordinates": [ 121.0204779, 14.6206109 ] } },
{ "type": "Feature", "properties": { "osmid": 597896900, "y": 14.6800579, "x": 121.0191609, "street_count": 3, "highway": "" }, "geometry": { "type": "Point", "coordinates": [ 121.0191609, 14.6800579 ] } },
{ "type": "Feature", "properties": { "osmid": 11454312135, "y": 14.734383, "x": 121.0547435, "street_count": 4, "highway": "" }, "geometry": { "type": "Point", "coordinates": [ 121.0547435, 14.734383 ] } },
{ "type": "Feature", "properties": { "osmid": 2467729098, "y": 14.6140476, "x": 121.053468, "street_count": 3, "highway": "motorway_junction" }, "geometry": { "type": "Point", "coordinates": [ 121.053468, 14.6140476 ] } },
{ "type": "Feature", "properties": { "osmid": 928665299, "y": 14.6741971, "x": 121.0139875, "street_count": 3, "highway": "" }, "geometry": { "type": "Point", "coordinates": [ 121.0139875, 14.6741971 ] } },
{ "type": "Feature", "properties": { "osmid": 9974001368, "y": 14.6982567, "x": 121.0335276, "street_count": 3, "highway": "" }, "geometry": { "type": "Point", "coordinates": [ 121.0335276, 14.6982567 ] } },
{ "type": "Feature", "properties": { "osmid": 9974001369, "y": 14.6982934, "x": 121.0334627, "street_count": 3, "highway": "" }, "geometry": { "type": "Point", "coordinates": [ 121.0334627, 14.6982934 ] } },
{ "type": "Feature", "properties": { "osmid": 359386843, "y": 14.6733198, "x": 121.0571974, "street_count": 4, "highway": "" }, "geometry": { "type": "Point", "coordinates": [ 121.0571974, 14.6733198 ] } },
{ "type": "Feature", "properties": { "osmid": 2587602652, "y": 14.7278908, "x": 121.1172251, "street_count": 3, "highway": "" }, "geometry": { "type": "Point", "coordinates": [ 121.1172251, 14.7278908 ] } },
{ "type": "Feature", "properties": { "osmid": 5352181469, "y": 14.630081, "x": 121.0435496, "street_count": 3, "highway": "" }, "geometry": { "type": "Point", "coordinates": [ 121.0435496, 14.630081 ] } },
{ "type": "Feature", "properties": { "osmid": 9974001378, "y": 14.6995467, "x": 121.0342134, "street_count": 3, "highway": "" }, "geometry": { "type": "Point", "coordinates": [ 121.0342134, 14.6995467 ] } },
{ "type": "Feature", "properties": { "osmid": 2587602660, "y": 14.7283897, "x": 121.1174605, "street_count": 3, "highway": "" }, "geometry": { "type": "Point", "coordinates": [ 121.1174605, 14.7283897 ] } },
{ "type": "Feature", "properties": { "osmid": 2587602663, "y": 14.7286086, "x": 121.1175306, "street_count": 3, "highway": "" }, "geometry": { "type": "Point", "coordinates": [ 121.1175306, 14.7286086 ] } },
{ "type": "Feature", "properties": { "osmid": 2587602664, "y": 14.7288965, "x": 121.1176217, "street_count": 3, "highway": "" }, "geometry": { "type": "Point", "coordinates": [ 121.1176217, 14.7288965 ] } },
{ "type": "Feature", "properties": { "osmid": 203263721, "y": 14.637208, "x": 121.049823, "street_count": 4, "highway": "" }, "geometry": { "type": "Point", "coordinates": [ 121.049823, 14.637208 ] } },
{ "type": "Feature", "properties": { "osmid": 5401226989, "y": 14.6571832, "x": 121.0002766, "street_count": 3, "highway": "" }, "geometry": { "type": "Point", "coordinates": [ 121.0002766, 14.6571832 ] } },
{ "type": "Feature", "properties": { "osmid": 2467516142, "y": 14.6858718, "x": 121.0867939, "street_count": 3, "highway": "" }, "geometry": { "type": "Point", "coordinates": [ 121.0867939, 14.6858718 ] } },
{ "type": "Feature", "properties": { "osmid": 2467516143, "y": 14.6958398, "x": 121.0875186, "street_count": 3, "highway": "" }, "geometry": { "type": "Point", "coordinates": [ 121.0875186, 14.6958398 ] } },
{ "type": "Feature", "properties": { "osmid": 73027325, "y": 14.6114986, "x": 121.0170043, "street_count": 4, "highway": "" }, "geometry": { "type": "Point", "coordinates": [ 121.0170043, 14.6114986 ] } },
{ "type": "Feature", "properties": { "osmid": 5378051839, "y": 14.6317523, "x": 121.0171419, "street_count": 3, "highway": "" }, "geometry": { "type": "Point", "coordinates": [ 121.0171419, 14.6317523 ] } },
{ "type": "Feature", "properties": { "osmid": 9749901058, "y": 14.6490279, "x": 121.0512327, "street_count": 3, "highway": "" }, "geometry": { "type": "Point", "coordinates": [ 121.0512327, 14.6490279 ] } },
{ "type": "Feature", "properties": { "osmid": 243674884, "y": 14.7117335, "x": 121.0599588, "street_count": 3, "highway": "" }, "geometry": { "type": "Point", "coordinates": [ 121.0599588, 14.7117335 ] } },
{ "type": "Feature", "properties": { "osmid": 24620804, "y": 14.7137857, "x": 121.0944137, "street_count": 3, "highway": "" }, "geometry": { "type": "Point", "coordinates": [ 121.0944137, 14.7137857 ] } },
{ "type": "Feature", "properties": { "osmid": 203263750, "y": 14.6373236, "x": 121.0492544, "street_count": 4, "highway": "" }, "geometry": { "type": "Point", "coordinates": [ 121.0492544, 14.6373236 ] } },
{ "type": "Feature", "properties": { "osmid": 10921201415, "y": 14.6542867, "x": 121.0297961, "street_count": 4, "highway": "" }, "geometry": { "type": "Point", "coordinates": [ 121.0297961, 14.6542867 ] } },
{ "type": "Feature", "properties": { "osmid": 266620683, "y": 14.6856807, "x": 121.1026352, "street_count": 3, "highway": "" }, "geometry": { "type": "Point", "coordinates": [ 121.1026352, 14.6856807 ] } },
{ "type": "Feature", "properties": { "osmid": 7245082388, "y": 14.6525169, "x": 121.0385804, "street_count": 3, "highway": "" }, "geometry": { "type": "Point", "coordinates": [ 121.0385804, 14.6525169 ] } },
{ "type": "Feature", "properties": { "osmid": 6609055514, "y": 14.7275841, "x": 121.0611571, "street_count": 3, "highway": "" }, "geometry": { "type": "Point", "coordinates": [ 121.0611571, 14.7275841 ] } },
{ "type": "Feature", "properties": { "osmid": 203263778, "y": 14.6374433, "x": 121.0487291, "street_count": 4, "highway": "" }, "geometry": { "type": "Point", "coordinates": [ 121.0487291, 14.6374433 ] } },
{ "type": "Feature", "properties": { "osmid": 50630443, "y": 14.6572753, "x": 121.0010388, "street_count": 4, "highway": "" }, "geometry": { "type": "Point", "coordinates": [ 121.0010388, 14.6572753 ] } },
{ "type": "Feature", "properties": { "osmid": 12111441723, "y": 14.648935, "x": 121.0285588, "street_count": 4, "highway": "" }, "geometry": { "type": "Point", "coordinates": [ 121.0285588, 14.648935 ] } },
{ "type": "Feature", "properties": { "osmid": 714919743, "y": 14.6138649, "x": 121.0673894, "street_count": 3, "highway": "" }, "geometry": { "type": "Point", "coordinates": [ 121.0673894, 14.6138649 ] } },
{ "type": "Feature", "properties": { "osmid": 5673914189, "y": 14.7137796, "x": 121.0946705, "street_count": 3, "highway": "" }, "geometry": { "type": "Point", "coordinates": [ 121.0946705, 14.7137796 ] } },
{ "type": "Feature", "properties": { "osmid": 61091666, "y": 14.6056923, "x": 121.0188367, "street_count": 4, "highway": "traffic_signals" }, "geometry": { "type": "Point", "coordinates": [ 121.0188367, 14.6056923 ] } },
{ "type": "Feature", "properties": { "osmid": 9730764631, "y": 14.7174907, "x": 121.1008344, "street_count": 3, "highway": "" }, "geometry": { "type": "Point", "coordinates": [ 121.1008344, 14.7174907 ] } },
{ "type": "Feature", "properties": { "osmid": 9730764632, "y": 14.7173923, "x": 121.100778, "street_count": 3, "highway": "" }, "geometry": { "type": "Point", "coordinates": [ 121.100778, 14.7173923 ] } },
{ "type": "Feature", "properties": { "osmid": 61091672, "y": 14.6137819, "x": 121.034664, "street_count": 4, "highway": "traffic_signals" }, "geometry": { "type": "Point", "coordinates": [ 121.034664, 14.6137819 ] } },
{ "type": "Feature", "properties": { "osmid": 9730764634, "y": 14.7170476, "x": 121.1004568, "street_count": 3, "highway": "" }, "geometry": { "type": "Point", "coordinates": [ 121.1004568, 14.7170476 ] } },
{ "type": "Feature", "properties": { "osmid": 61091675, "y": 14.6126016, "x": 121.0324263, "street_count": 4, "highway": "traffic_signals" }, "geometry": { "type": "Point", "coordinates": [ 121.0324263, 14.6126016 ] } },
{ "type": "Feature", "properties": { "osmid": 61091678, "y": 14.6055461, "x": 121.0186831, "street_count": 4, "highway": "traffic_signals" }, "geometry": { "type": "Point", "coordinates": [ 121.0186831, 14.6055461 ] } },
{ "type": "Feature", "properties": { "osmid": 5404700516, "y": 14.6347571, "x": 121.0351532, "street_count": 3, "highway": "" }, "geometry": { "type": "Point", "coordinates": [ 121.0351532, 14.6347571 ] } },
{ "type": "Feature", "properties": { "osmid": 251588458, "y": 14.6905577, "x": 121.0871414, "street_count": 3, "highway": "" }, "geometry": { "type": "Point", "coordinates": [ 121.0871414, 14.6905577 ] } },
{ "type": "Feature", "properties": { "osmid": 11956219762, "y": 14.6164389, "x": 121.0528018, "street_count": 3, "highway": "" }, "geometry": { "type": "Point", "coordinates": [ 121.0528018, 14.6164389 ] } },
{ "type": "Feature", "properties": { "osmid": 1323765630, "y": 14.6715982, "x": 121.0686032, "street_count": 3, "highway": "" }, "geometry": { "type": "Point", "coordinates": [ 121.0686032, 14.6715982 ] } },
{ "type": "Feature", "properties": { "osmid": 7041200005, "y": 14.6930364, "x": 121.0300631, "street_count": 3, "highway": "" }, "geometry": { "type": "Point", "coordinates": [ 121.0300631, 14.6930364 ] } },
{ "type": "Feature", "properties": { "osmid": 7041200008, "y": 14.6922779, "x": 121.0294063, "street_count": 3, "highway": "" }, "geometry": { "type": "Point", "coordinates": [ 121.0294063, 14.6922779 ] } },
{ "type": "Feature", "properties": { "osmid": 2602856330, "y": 14.6799077, "x": 121.0200894, "street_count": 3, "highway": "" }, "geometry": { "type": "Point", "coordinates": [ 121.0200894, 14.6799077 ] } },
{ "type": "Feature", "properties": { "osmid": 78040980, "y": 14.6167019, "x": 121.0396953, "street_count": 4, "highway": "traffic_signals" }, "geometry": { "type": "Point", "coordinates": [ 121.0396953, 14.6167019 ] } },
{ "type": "Feature", "properties": { "osmid": 4715958179, "y": 14.6907925, "x": 121.0954855, "street_count": 4, "highway": "traffic_signals" }, "geometry": { "type": "Point", "coordinates": [ 121.0954855, 14.6907925 ] } },
{ "type": "Feature", "properties": { "osmid": 8386686900, "y": 14.6786234, "x": 121.027476, "street_count": 3, "highway": "" }, "geometry": { "type": "Point", "coordinates": [ 121.027476, 14.6786234 ] } },
{ "type": "Feature", "properties": { "osmid": 8318152630, "y": 14.608059, "x": 121.0212307, "street_count": 3, "highway": "" }, "geometry": { "type": "Point", "coordinates": [ 121.0212307, 14.608059 ] } },
{ "type": "Feature", "properties": { "osmid": 251588539, "y": 14.7067709, "x": 121.0643072, "street_count": 3, "highway": "" }, "geometry": { "type": "Point", "coordinates": [ 121.0643072, 14.7067709 ] } },
{ "type": "Feature", "properties": { "osmid": 506392515, "y": 14.6919187, "x": 121.0260267, "street_count": 3, "highway": "motorway_junction" }, "geometry": { "type": "Point", "coordinates": [ 121.0260267, 14.6919187 ] } },
{ "type": "Feature", "properties": { "osmid": 43077573, "y": 14.6371273, "x": 120.9935029, "street_count": 4, "highway": "traffic_signals" }, "geometry": { "type": "Point", "coordinates": [ 120.9935029, 14.6371273 ] } },
{ "type": "Feature", "properties": { "osmid": 9737842635, "y": 14.6343146, "x": 121.0377179, "street_count": 3, "highway": "" }, "geometry": { "type": "Point", "coordinates": [ 121.0377179, 14.6343146 ] } },
{ "type": "Feature", "properties": { "osmid": 3489214421, "y": 14.6881295, "x": 121.087051, "street_count": 3, "highway": "" }, "geometry": { "type": "Point", "coordinates": [ 121.087051, 14.6881295 ] } },
{ "type": "Feature", "properties": { "osmid": 7011602390, "y": 14.6075425, "x": 121.039114, "street_count": 4, "highway": "traffic_signals" }, "geometry": { "type": "Point", "coordinates": [ 121.039114, 14.6075425 ] } },
{ "type": "Feature", "properties": { "osmid": 43077594, "y": 14.6561703, "x": 120.999942, "street_count": 3, "highway": "" }, "geometry": { "type": "Point", "coordinates": [ 120.999942, 14.6561703 ] } },
{ "type": "Feature", "properties": { "osmid": 5400621023, "y": 14.7353806, "x": 121.0633473, "street_count": 4, "highway": "" }, "geometry": { "type": "Point", "coordinates": [ 121.0633473, 14.7353806 ] } },
{ "type": "Feature", "properties": { "osmid": 252178405, "y": 14.5907199, "x": 121.0612879, "street_count": 3, "highway": "" }, "geometry": { "type": "Point", "coordinates": [ 121.0612879, 14.5907199 ] } },
{ "type": "Feature", "properties": { "osmid": 33452007, "y": 14.7214433, "x": 121.0521258, "street_count": 4, "highway": "traffic_signals" }, "geometry": { "type": "Point", "coordinates": [ 121.0521258, 14.7214433 ] } },
{ "type": "Feature", "properties": { "osmid": 33452008, "y": 14.7107061, "x": 121.0610596, "street_count": 4, "highway": "traffic_signals" }, "geometry": { "type": "Point", "coordinates": [ 121.0610596, 14.7107061 ] } },
{ "type": "Feature", "properties": { "osmid": 33452009, "y": 14.6870434, "x": 121.0874316, "street_count": 3, "highway": "" }, "geometry": { "type": "Point", "coordinates": [ 121.0874316, 14.6870434 ] } },
{ "type": "Feature", "properties": { "osmid": 7400321006, "y": 14.6185571, "x": 121.056545, "street_count": 4, "highway": "" }, "geometry": { "type": "Point", "coordinates": [ 121.056545, 14.6185571 ] } },
{ "type": "Feature", "properties": { "osmid": 3665596403, "y": 14.6619242, "x": 121.059749, "street_count": 3, "highway": "" }, "geometry": { "type": "Point", "coordinates": [ 121.059749, 14.6619242 ] } },
{ "type": "Feature", "properties": { "osmid": 452866036, "y": 14.6624297, "x": 121.0365962, "street_count": 3, "highway": "" }, "geometry": { "type": "Point", "coordinates": [ 121.0365962, 14.6624297 ] } },
{ "type": "Feature", "properties": { "osmid": 452866039, "y": 14.6593423, "x": 121.0361532, "street_count": 3, "highway": "" }, "geometry": { "type": "Point", "coordinates": [ 121.0361532, 14.6593423 ] } },
{ "type": "Feature", "properties": { "osmid": 1327337466, "y": 14.6575613, "x": 121.0065799, "street_count": 3, "highway": "" }, "geometry": { "type": "Point", "coordinates": [ 121.0065799, 14.6575613 ] } },
{ "type": "Feature", "properties": { "osmid": 1533497339, "y": 14.6632363, "x": 121.0021313, "street_count": 3, "highway": "" }, "geometry": { "type": "Point", "coordinates": [ 121.0021313, 14.6632363 ] } },
{ "type": "Feature", "properties": { "osmid": 957845503, "y": 14.6257127, "x": 121.0483069, "street_count": 3, "highway": "" }, "geometry": { "type": "Point", "coordinates": [ 121.0483069, 14.6257127 ] } },
{ "type": "Feature", "properties": { "osmid": 12075479044, "y": 14.7288838, "x": 121.0424271, "street_count": 3, "highway": "" }, "geometry": { "type": "Point", "coordinates": [ 121.0424271, 14.7288838 ] } },
{ "type": "Feature", "properties": { "osmid": 9765343237, "y": 14.6795181, "x": 121.0228584, "street_count": 3, "highway": "" }, "geometry": { "type": "Point", "coordinates": [ 121.0228584, 14.6795181 ] } },
{ "type": "Feature", "properties": { "osmid": 1327337479, "y": 14.6666125, "x": 121.0072128, "street_count": 3, "highway": "" }, "geometry": { "type": "Point", "coordinates": [ 121.0072128, 14.6666125 ] } },
{ "type": "Feature", "properties": { "osmid": 7418236940, "y": 14.6197125, "x": 121.0507995, "street_count": 3, "highway": "" }, "geometry": { "type": "Point", "coordinates": [ 121.0507995, 14.6197125 ] } },
{ "type": "Feature", "properties": { "osmid": 258486299, "y": 14.6246535, "x": 121.0416551, "street_count": 3, "highway": "" }, "geometry": { "type": "Point", "coordinates": [ 121.0416551, 14.6246535 ] } },
{ "type": "Feature", "properties": { "osmid": 251588642, "y": 14.7065666, "x": 121.0672017, "street_count": 4, "highway": "traffic_signals" }, "geometry": { "type": "Point", "coordinates": [ 121.0672017, 14.7065666 ] } },
{ "type": "Feature", "properties": { "osmid": 35729446, "y": 14.6709693, "x": 121.0393516, "street_count": 4, "highway": "traffic_signals" }, "geometry": { "type": "Point", "coordinates": [ 121.0393516, 14.6709693 ] } },
{ "type": "Feature", "properties": { "osmid": 35729447, "y": 14.6718609, "x": 121.0433331, "street_count": 4, "highway": "traffic_signals" }, "geometry": { "type": "Point", "coordinates": [ 121.0433331, 14.6718609 ] } },
{ "type": "Feature", "properties": { "osmid": 35729448, "y": 14.6719908, "x": 121.0433359, "street_count": 4, "highway": "traffic_signals" }, "geometry": { "type": "Point", "coordinates": [ 121.0433359, 14.6719908 ] } },
{ "type": "Feature", "properties": { "osmid": 35729449, "y": 14.6710826, "x": 121.039322, "street_count": 3, "highway": "traffic_signals" }, "geometry": { "type": "Point", "coordinates": [ 121.039322, 14.6710826 ] } },
{ "type": "Feature", "properties": { "osmid": 225931306, "y": 14.6451734, "x": 120.9942486, "street_count": 3, "highway": "" }, "geometry": { "type": "Point", "coordinates": [ 120.9942486, 14.6451734 ] } },
{ "type": "Feature", "properties": { "osmid": 78041136, "y": 14.621219, "x": 121.049516, "street_count": 3, "highway": "" }, "geometry": { "type": "Point", "coordinates": [ 121.049516, 14.621219 ] } },
{ "type": "Feature", "properties": { "osmid": 225292345, "y": 14.6416138, "x": 121.0004813, "street_count": 4, "highway": "" }, "geometry": { "type": "Point", "coordinates": [ 121.0004813, 14.6416138 ] } },
{ "type": "Feature", "properties": { "osmid": 12074242107, "y": 14.6988457, "x": 121.0337922, "street_count": 3, "highway": "" }, "geometry": { "type": "Point", "coordinates": [ 121.0337922, 14.6988457 ] } },
{ "type": "Feature", "properties": { "osmid": 12074242108, "y": 14.6989573, "x": 121.0339558, "street_count": 3, "highway": "" }, "geometry": { "type": "Point", "coordinates": [ 121.0339558, 14.6989573 ] } },
{ "type": "Feature", "properties": { "osmid": 10041454652, "y": 14.6767546, "x": 121.0827766, "street_count": 3, "highway": "" }, "geometry": { "type": "Point", "coordinates": [ 121.0827766, 14.6767546 ] } },
{ "type": "Feature", "properties": { "osmid": 174583873, "y": 14.6164511, "x": 121.0761226, "street_count": 3, "highway": "" }, "geometry": { "type": "Point", "coordinates": [ 121.0761226, 14.6164511 ] } },
{ "type": "Feature", "properties": { "osmid": 9861132356, "y": 14.6203313, "x": 121.0195938, "street_count": 3, "highway": "" }, "geometry": { "type": "Point", "coordinates": [ 121.0195938, 14.6203313 ] } },
{ "type": "Feature", "properties": { "osmid": 4397322308, "y": 14.6430984, "x": 121.0353767, "street_count": 3, "highway": "" }, "geometry": { "type": "Point", "coordinates": [ 121.0353767, 14.6430984 ] } },
{ "type": "Feature", "properties": { "osmid": 35729479, "y": 14.6918651, "x": 121.0265311, "street_count": 3, "highway": "" }, "geometry": { "type": "Point", "coordinates": [ 121.0265311, 14.6918651 ] } },
{ "type": "Feature", "properties": { "osmid": 4397322312, "y": 14.6427744, "x": 121.035562, "street_count": 3, "highway": "" }, "geometry": { "type": "Point", "coordinates": [ 121.035562, 14.6427744 ] } },
{ "type": "Feature", "properties": { "osmid": 35729481, "y": 14.692283, "x": 121.0245717, "street_count": 3, "highway": "" }, "geometry": { "type": "Point", "coordinates": [ 121.0245717, 14.692283 ] } },
{ "type": "Feature", "properties": { "osmid": 39596127, "y": 14.6326805, "x": 121.0186307, "street_count": 3, "highway": "" }, "geometry": { "type": "Point", "coordinates": [ 121.0186307, 14.6326805 ] } },
{ "type": "Feature", "properties": { "osmid": 8594477153, "y": 14.6272812, "x": 121.0621187, "street_count": 3, "highway": "" }, "geometry": { "type": "Point", "coordinates": [ 121.0621187, 14.6272812 ] } },
{ "type": "Feature", "properties": { "osmid": 61681766, "y": 14.6380461, "x": 120.9931913, "street_count": 3, "highway": "" }, "geometry": { "type": "Point", "coordinates": [ 120.9931913, 14.6380461 ] } },
{ "type": "Feature", "properties": { "osmid": 9932640358, "y": 14.7378808, "x": 121.0589658, "street_count": 3, "highway": "" }, "geometry": { "type": "Point", "coordinates": [ 121.0589658, 14.7378808 ] } },
{ "type": "Feature", "properties": { "osmid": 1425092712, "y": 14.6678154, "x": 121.0339265, "street_count": 4, "highway": "traffic_signals" }, "geometry": { "type": "Point", "coordinates": [ 121.0339265, 14.6678154 ] } },
{ "type": "Feature", "properties": { "osmid": 1425092713, "y": 14.6680306, "x": 121.0339641, "street_count": 4, "highway": "traffic_signals" }, "geometry": { "type": "Point", "coordinates": [ 121.0339641, 14.6680306 ] } },
{ "type": "Feature", "properties": { "osmid": 973541489, "y": 14.6240427, "x": 121.0490754, "street_count": 3, "highway": "" }, "geometry": { "type": "Point", "coordinates": [ 121.0490754, 14.6240427 ] } },
{ "type": "Feature", "properties": { "osmid": 251621489, "y": 14.7348269, "x": 121.0612088, "street_count": 3, "highway": "" }, "geometry": { "type": "Point", "coordinates": [ 121.0612088, 14.7348269 ] } },
{ "type": "Feature", "properties": { "osmid": 5832233084, "y": 14.6483345, "x": 121.0741501, "street_count": 4, "highway": "" }, "geometry": { "type": "Point", "coordinates": [ 121.0741501, 14.6483345 ] } },
{ "type": "Feature", "properties": { "osmid": 8316358783, "y": 14.6832683, "x": 121.0856982, "street_count": 3, "highway": "" }, "geometry": { "type": "Point", "coordinates": [ 121.0856982, 14.6832683 ] } },
{ "type": "Feature", "properties": { "osmid": 8316358784, "y": 14.6833958, "x": 121.0853243, "street_count": 3, "highway": "" }, "geometry": { "type": "Point", "coordinates": [ 121.0853243, 14.6833958 ] } },
{ "type": "Feature", "properties": { "osmid": 337473669, "y": 14.6456256, "x": 121.0277323, "street_count": 4, "highway": "" }, "geometry": { "type": "Point", "coordinates": [ 121.0277323, 14.6456256 ] } },
{ "type": "Feature", "properties": { "osmid": 8310599813, "y": 14.6931193, "x": 121.0964151, "street_count": 3, "highway": "" }, "geometry": { "type": "Point", "coordinates": [ 121.0964151, 14.6931193 ] } },
{ "type": "Feature", "properties": { "osmid": 5677961359, "y": 14.7064225, "x": 121.069344, "street_count": 4, "highway": "traffic_signals" }, "geometry": { "type": "Point", "coordinates": [ 121.069344, 14.7064225 ] } },
{ "type": "Feature", "properties": { "osmid": 1327026327, "y": 14.6682479, "x": 121.0087047, "street_count": 3, "highway": "" }, "geometry": { "type": "Point", "coordinates": [ 121.0087047, 14.6682479 ] } },
{ "type": "Feature", "properties": { "osmid": 1327026328, "y": 14.6699565, "x": 121.0102714, "street_count": 3, "highway": "" }, "geometry": { "type": "Point", "coordinates": [ 121.0102714, 14.6699565 ] } },
{ "type": "Feature", "properties": { "osmid": 61681820, "y": 14.6390656, "x": 121.0008436, "street_count": 4, "highway": "" }, "geometry": { "type": "Point", "coordinates": [ 121.0008436, 14.6390656 ] } },
{ "type": "Feature", "properties": { "osmid": 24621215, "y": 14.7556679, "x": 121.0851001, "street_count": 3, "highway": "" }, "geometry": { "type": "Point", "coordinates": [ 121.0851001, 14.7556679 ] } },
{ "type": "Feature", "properties": { "osmid": 61681824, "y": 14.6397971, "x": 121.0064163, "street_count": 3, "highway": "" }, "geometry": { "type": "Point", "coordinates": [ 121.0064163, 14.6397971 ] } },
{ "type": "Feature", "properties": { "osmid": 219951286, "y": 14.6628047, "x": 121.020428, "street_count": 4, "highway": "" }, "geometry": { "type": "Point", "coordinates": [ 121.020428, 14.6628047 ] } },
{ "type": "Feature", "properties": { "osmid": 8627671239, "y": 14.6212228, "x": 121.0224057, "street_count": 3, "highway": "" }, "geometry": { "type": "Point", "coordinates": [ 121.0224057, 14.6212228 ] } },
{ "type": "Feature", "properties": { "osmid": 5197287639, "y": 14.7417587, "x": 121.0465264, "street_count": 3, "highway": "" }, "geometry": { "type": "Point", "coordinates": [ 121.0465264, 14.7417587 ] } },
{ "type": "Feature", "properties": { "osmid": 5654409434, "y": 14.6984335, "x": 121.0926083, "street_count": 3, "highway": "" }, "geometry": { "type": "Point", "coordinates": [ 121.0926083, 14.6984335 ] } },
{ "type": "Feature", "properties": { "osmid": 5654409440, "y": 14.6981818, "x": 121.092867, "street_count": 3, "highway": "" }, "geometry": { "type": "Point", "coordinates": [ 121.092867, 14.6981818 ] } },
{ "type": "Feature", "properties": { "osmid": 1347571945, "y": 14.6287044, "x": 121.067982, "street_count": 3, "highway": "" }, "geometry": { "type": "Point", "coordinates": [ 121.067982, 14.6287044 ] } },
{ "type": "Feature", "properties": { "osmid": 8239943917, "y": 14.6222977, "x": 121.0065466, "street_count": 3, "highway": "" }, "geometry": { "type": "Point", "coordinates": [ 121.0065466, 14.6222977 ] } },
{ "type": "Feature", "properties": { "osmid": 8671416563, "y": 14.6411687, "x": 121.0469577, "street_count": 3, "highway": "" }, "geometry": { "type": "Point", "coordinates": [ 121.0469577, 14.6411687 ] } },
{ "type": "Feature", "properties": { "osmid": 48754932, "y": 14.6217072, "x": 121.0240688, "street_count": 3, "highway": "" }, "geometry": { "type": "Point", "coordinates": [ 121.0240688, 14.6217072 ] } },
{ "type": "Feature", "properties": { "osmid": 8671416565, "y": 14.6412474, "x": 121.046975, "street_count": 3, "highway": "" }, "geometry": { "type": "Point", "coordinates": [ 121.046975, 14.6412474 ] } },
{ "type": "Feature", "properties": { "osmid": 8671416564, "y": 14.6410368, "x": 121.0469286, "street_count": 3, "highway": "" }, "geometry": { "type": "Point", "coordinates": [ 121.0469286, 14.6410368 ] } },
{ "type": "Feature", "properties": { "osmid": 5284188408, "y": 14.652058, "x": 121.0388248, "street_count": 3, "highway": "" }, "geometry": { "type": "Point", "coordinates": [ 121.0388248, 14.652058 ] } },
{ "type": "Feature", "properties": { "osmid": 5284188410, "y": 14.6538441, "x": 121.0385679, "street_count": 3, "highway": "traffic_signals" }, "geometry": { "type": "Point", "coordinates": [ 121.0385679, 14.6538441 ] } },
{ "type": "Feature", "properties": { "osmid": 5284188411, "y": 14.6536819, "x": 121.0386706, "street_count": 4, "highway": "traffic_signals" }, "geometry": { "type": "Point", "coordinates": [ 121.0386706, 14.6536819 ] } },
{ "type": "Feature", "properties": { "osmid": 219984127, "y": 14.6766301, "x": 121.0385462, "street_count": 3, "highway": "" }, "geometry": { "type": "Point", "coordinates": [ 121.0385462, 14.6766301 ] } },
{ "type": "Feature", "properties": { "osmid": 674492671, "y": 14.6575223, "x": 121.0198308, "street_count": 3, "highway": "" }, "geometry": { "type": "Point", "coordinates": [ 121.0198308, 14.6575223 ] } },
{ "type": "Feature", "properties": { "osmid": 61092097, "y": 14.6087612, "x": 121.0451532, "street_count": 3, "highway": "" }, "geometry": { "type": "Point", "coordinates": [ 121.0451532, 14.6087612 ] } },
{ "type": "Feature", "properties": { "osmid": 249205003, "y": 14.7064212, "x": 121.0672232, "street_count": 4, "highway": "traffic_signals" }, "geometry": { "type": "Point", "coordinates": [ 121.0672232, 14.7064212 ] } },
{ "type": "Feature", "properties": { "osmid": 249205004, "y": 14.7060351, "x": 121.0716051, "street_count": 4, "highway": "traffic_signals" }, "geometry": { "type": "Point", "coordinates": [ 121.0716051, 14.7060351 ] } },
{ "type": "Feature", "properties": { "osmid": 12029284636, "y": 14.6310943, "x": 121.0740455, "street_count": 3, "highway": "" }, "geometry": { "type": "Point", "coordinates": [ 121.0740455, 14.6310943 ] } },
{ "type": "Feature", "properties": { "osmid": 61681951, "y": 14.6400569, "x": 120.9922144, "street_count": 4, "highway": "traffic_signals" }, "geometry": { "type": "Point", "coordinates": [ 120.9922144, 14.6400569 ] } },
{ "type": "Feature", "properties": { "osmid": 6510178595, "y": 14.6327809, "x": 121.0069143, "street_count": 3, "highway": "" }, "geometry": { "type": "Point", "coordinates": [ 121.0069143, 14.6327809 ] } },
{ "type": "Feature", "properties": { "osmid": 88772903, "y": 14.5930397, "x": 121.0586102, "street_count": 4, "highway": "traffic_signals" }, "geometry": { "type": "Point", "coordinates": [ 121.0586102, 14.5930397 ] } },
{ "type": "Feature", "properties": { "osmid": 61681960, "y": 14.6437464, "x": 120.9943765, "street_count": 3, "highway": "" }, "geometry": { "type": "Point", "coordinates": [ 120.9943765, 14.6437464 ] } },
{ "type": "Feature", "properties": { "osmid": 5472104745, "y": 14.630804, "x": 121.0460206, "street_count": 4, "highway": "traffic_signals" }, "geometry": { "type": "Point", "coordinates": [ 121.0460206, 14.630804 ] } },
{ "type": "Feature", "properties": { "osmid": 260903225, "y": 14.7405719, "x": 121.0467748, "street_count": 3, "highway": "" }, "geometry": { "type": "Point", "coordinates": [ 121.0467748, 14.7405719 ] } },
{ "type": "Feature", "properties": { "osmid": 260903234, "y": 14.74196, "x": 121.046492, "street_count": 3, "highway": "" }, "geometry": { "type": "Point", "coordinates": [ 121.046492, 14.74196 ] } },
{ "type": "Feature", "properties": { "osmid": 12055507271, "y": 14.6190259, "x": 121.0029381, "street_count": 3, "highway": "" }, "geometry": { "type": "Point", "coordinates": [ 121.0029381, 14.6190259 ] } },
{ "type": "Feature", "properties": { "osmid": 33452365, "y": 14.6950119, "x": 121.0961769, "street_count": 3, "highway": "" }, "geometry": { "type": "Point", "coordinates": [ 121.0961769, 14.6950119 ] } },
{ "type": "Feature", "properties": { "osmid": 33452367, "y": 14.6958539, "x": 121.0953282, "street_count": 3, "highway": "traffic_signals" }, "geometry": { "type": "Point", "coordinates": [ 121.0953282, 14.6958539 ] } },
{ "type": "Feature", "properties": { "osmid": 1717539153, "y": 14.6259806, "x": 121.0108185, "street_count": 3, "highway": "" }, "geometry": { "type": "Point", "coordinates": [ 121.0108185, 14.6259806 ] } },
{ "type": "Feature", "properties": { "osmid": 2140942674, "y": 14.7301069, "x": 121.0442086, "street_count": 3, "highway": "" }, "geometry": { "type": "Point", "coordinates": [ 121.0442086, 14.7301069 ] } },
{ "type": "Feature", "properties": { "osmid": 33452373, "y": 14.6994575, "x": 121.0873781, "street_count": 3, "highway": "motorway_junction" }, "geometry": { "type": "Point", "coordinates": [ 121.0873781, 14.6994575 ] } },
{ "type": "Feature", "properties": { "osmid": 61682006, "y": 14.6376907, "x": 120.9958945, "street_count": 4, "highway": "traffic_signals" }, "geometry": { "type": "Point", "coordinates": [ 120.9958945, 14.6376907 ] } },
{ "type": "Feature", "properties": { "osmid": 260903256, "y": 14.7384492, "x": 121.0472269, "street_count": 3, "highway": "" }, "geometry": { "type": "Point", "coordinates": [ 121.0472269, 14.7384492 ] } },
{ "type": "Feature", "properties": { "osmid": 101863769, "y": 14.6423066, "x": 121.0061228, "street_count": 4, "highway": "" }, "geometry": { "type": "Point", "coordinates": [ 121.0061228, 14.6423066 ] } },
{ "type": "Feature", "properties": { "osmid": 40825184, "y": 14.6218851, "x": 121.0474561, "street_count": 4, "highway": "" }, "geometry": { "type": "Point", "coordinates": [ 121.0474561, 14.6218851 ] } },
{ "type": "Feature", "properties": { "osmid": 252178791, "y": 14.5906352, "x": 121.0613883, "street_count": 3, "highway": "" }, "geometry": { "type": "Point", "coordinates": [ 121.0613883, 14.5906352 ] } },
{ "type": "Feature", "properties": { "osmid": 22352232, "y": 14.6546178, "x": 121.0350919, "street_count": 4, "highway": "traffic_signals" }, "geometry": { "type": "Point", "coordinates": [ 121.0350919, 14.6546178 ] } },
{ "type": "Feature", "properties": { "osmid": 12132618601, "y": 14.6335362, "x": 121.0412847, "street_count": 3, "highway": "" }, "geometry": { "type": "Point", "coordinates": [ 121.0412847, 14.6335362 ] } },
{ "type": "Feature", "properties": { "osmid": 9732845936, "y": 14.7307634, "x": 121.0611399, "street_count": 3, "highway": "" }, "geometry": { "type": "Point", "coordinates": [ 121.0611399, 14.7307634 ] } },
{ "type": "Feature", "properties": { "osmid": 504009072, "y": 14.6136872, "x": 121.0538758, "street_count": 3, "highway": "" }, "geometry": { "type": "Point", "coordinates": [ 121.0538758, 14.6136872 ] } },
{ "type": "Feature", "properties": { "osmid": 1717539184, "y": 14.6312121, "x": 121.0163798, "street_count": 3, "highway": "" }, "geometry": { "type": "Point", "coordinates": [ 121.0163798, 14.6312121 ] } },
{ "type": "Feature", "properties": { "osmid": 5286064500, "y": 14.6497441, "x": 121.0518167, "street_count": 3, "highway": "" }, "geometry": { "type": "Point", "coordinates": [ 121.0518167, 14.6497441 ] } },
{ "type": "Feature", "properties": { "osmid": 5286064501, "y": 14.6487087, "x": 121.050737, "street_count": 3, "highway": "" }, "geometry": { "type": "Point", "coordinates": [ 121.050737, 14.6487087 ] } },
{ "type": "Feature", "properties": { "osmid": 22352249, "y": 14.6611033, "x": 121.036506, "street_count": 3, "highway": "" }, "geometry": { "type": "Point", "coordinates": [ 121.036506, 14.6611033 ] } },
{ "type": "Feature", "properties": { "osmid": 1717539193, "y": 14.6398086, "x": 121.0164508, "street_count": 3, "highway": "" }, "geometry": { "type": "Point", "coordinates": [ 121.0164508, 14.6398086 ] } },
{ "type": "Feature", "properties": { "osmid": 8318251386, "y": 14.6961289, "x": 121.0235156, "street_count": 3, "highway": "" }, "geometry": { "type": "Point", "coordinates": [ 121.0235156, 14.6961289 ] } },
{ "type": "Feature", "properties": { "osmid": 61682049, "y": 14.6438221, "x": 120.9950789, "street_count": 3, "highway": "" }, "geometry": { "type": "Point", "coordinates": [ 120.9950789, 14.6438221 ] } },
{ "type": "Feature", "properties": { "osmid": 359387522, "y": 14.6664424, "x": 121.0622414, "street_count": 3, "highway": "" }, "geometry": { "type": "Point", "coordinates": [ 121.0622414, 14.6664424 ] } },
{ "type": "Feature", "properties": { "osmid": 314208657, "y": 14.6986634, "x": 121.0229676, "street_count": 4, "highway": "" }, "geometry": { "type": "Point", "coordinates": [ 121.0229676, 14.6986634 ] } },
{ "type": "Feature", "properties": { "osmid": 33452443, "y": 14.6867179, "x": 121.0870945, "street_count": 3, "highway": "" }, "geometry": { "type": "Point", "coordinates": [ 121.0870945, 14.6867179 ] } },
{ "type": "Feature", "properties": { "osmid": 314208685, "y": 14.6971979, "x": 121.0222362, "street_count": 3, "highway": "" }, "geometry": { "type": "Point", "coordinates": [ 121.0222362, 14.6971979 ] } },
{ "type": "Feature", "properties": { "osmid": 61682106, "y": 14.6438403, "x": 120.9956919, "street_count": 3, "highway": "" }, "geometry": { "type": "Point", "coordinates": [ 120.9956919, 14.6438403 ] } },
{ "type": "Feature", "properties": { "osmid": 1828458943, "y": 14.6691205, "x": 121.0685557, "street_count": 3, "highway": "" }, "geometry": { "type": "Point", "coordinates": [ 121.0685557, 14.6691205 ] } },
{ "type": "Feature", "properties": { "osmid": 5285949894, "y": 14.6337616, "x": 121.0451348, "street_count": 3, "highway": "" }, "geometry": { "type": "Point", "coordinates": [ 121.0451348, 14.6337616 ] } },
{ "type": "Feature", "properties": { "osmid": 5404701126, "y": 14.6350203, "x": 121.0351915, "street_count": 3, "highway": "" }, "geometry": { "type": "Point", "coordinates": [ 121.0351915, 14.6350203 ] } },
{ "type": "Feature", "properties": { "osmid": 5404701128, "y": 14.6350583, "x": 121.0352408, "street_count": 3, "highway": "" }, "geometry": { "type": "Point", "coordinates": [ 121.0352408, 14.6350583 ] } },
{ "type": "Feature", "properties": { "osmid": 1101328841, "y": 14.6722717, "x": 121.0435062, "street_count": 3, "highway": "" }, "geometry": { "type": "Point", "coordinates": [ 121.0435062, 14.6722717 ] } },
{ "type": "Feature", "properties": { "osmid": 1101328839, "y": 14.6723134, "x": 121.0433446, "street_count": 3, "highway": "" }, "geometry": { "type": "Point", "coordinates": [ 121.0433446, 14.6723134 ] } },
{ "type": "Feature", "properties": { "osmid": 1828458957, "y": 14.6689802, "x": 121.0685586, "street_count": 3, "highway": "" }, "geometry": { "type": "Point", "coordinates": [ 121.0685586, 14.6689802 ] } },
{ "type": "Feature", "properties": { "osmid": 8247497166, "y": 14.7105854, "x": 121.0609158, "street_count": 3, "highway": "traffic_signals" }, "geometry": { "type": "Point", "coordinates": [ 121.0609158, 14.7105854 ] } },
{ "type": "Feature", "properties": { "osmid": 1101328847, "y": 14.6719359, "x": 121.043091, "street_count": 3, "highway": "" }, "geometry": { "type": "Point", "coordinates": [ 121.043091, 14.6719359 ] } },
{ "type": "Feature", "properties": { "osmid": 1101328851, "y": 14.6720896, "x": 121.0437887, "street_count": 3, "highway": "" }, "geometry": { "type": "Point", "coordinates": [ 121.0437887, 14.6720896 ] } },
{ "type": "Feature", "properties": { "osmid": 5634814422, "y": 14.7218452, "x": 121.0395294, "street_count": 3, "highway": "" }, "geometry": { "type": "Point", "coordinates": [ 121.0395294, 14.7218452 ] } },
{ "type": "Feature", "properties": { "osmid": 249205216, "y": 14.7058543, "x": 121.0721415, "street_count": 3, "highway": "" }, "geometry": { "type": "Point", "coordinates": [ 121.0721415, 14.7058543 ] } },
{ "type": "Feature", "properties": { "osmid": 219738593, "y": 14.6543719, "x": 121.055025, "street_count": 3, "highway": "" }, "geometry": { "type": "Point", "coordinates": [ 121.055025, 14.6543719 ] } },
{ "type": "Feature", "properties": { "osmid": 61682148, "y": 14.6438328, "x": 120.9962511, "street_count": 3, "highway": "" }, "geometry": { "type": "Point", "coordinates": [ 120.9962511, 14.6438328 ] } },
{ "type": "Feature", "properties": { "osmid": 61682151, "y": 14.6380247, "x": 120.9982844, "street_count": 4, "highway": "" }, "geometry": { "type": "Point", "coordinates": [ 120.9982844, 14.6380247 ] } },
{ "type": "Feature", "properties": { "osmid": 4503278060, "y": 14.6423486, "x": 121.0346647, "street_count": 3, "highway": "" }, "geometry": { "type": "Point", "coordinates": [ 121.0346647, 14.6423486 ] } },
{ "type": "Feature", "properties": { "osmid": 314208760, "y": 14.6966075, "x": 121.0325083, "street_count": 3, "highway": "" }, "geometry": { "type": "Point", "coordinates": [ 121.0325083, 14.6966075 ] } },
{ "type": "Feature", "properties": { "osmid": 1137709573, "y": 14.6185458, "x": 121.0104907, "street_count": 3, "highway": "" }, "geometry": { "type": "Point", "coordinates": [ 121.0104907, 14.6185458 ] } },
{ "type": "Feature", "properties": { "osmid": 6622286349, "y": 14.63503, "x": 121.0433372, "street_count": 3, "highway": "motorway_junction" }, "geometry": { "type": "Point", "coordinates": [ 121.0433372, 14.63503 ] } },
{ "type": "Feature", "properties": { "osmid": 33452560, "y": 14.6252352, "x": 121.0097772, "street_count": 3, "highway": "" }, "geometry": { "type": "Point", "coordinates": [ 121.0097772, 14.6252352 ] } },
{ "type": "Feature", "properties": { "osmid": 33452562, "y": 14.6201705, "x": 121.0042329, "street_count": 4, "highway": "traffic_signals" }, "geometry": { "type": "Point", "coordinates": [ 121.0042329, 14.6201705 ] } },
{ "type": "Feature", "properties": { "osmid": 251621911, "y": 14.724543, "x": 121.0612325, "street_count": 3, "highway": "" }, "geometry": { "type": "Point", "coordinates": [ 121.0612325, 14.724543 ] } },
{ "type": "Feature", "properties": { "osmid": 298963478, "y": 14.6013154, "x": 121.0594887, "street_count": 3, "highway": "" }, "geometry": { "type": "Point", "coordinates": [ 121.0594887, 14.6013154 ] } },
{ "type": "Feature", "properties": { "osmid": 612200998, "y": 14.6605585, "x": 121.0001147, "street_count": 3, "highway": "" }, "geometry": { "type": "Point", "coordinates": [ 121.0001147, 14.6605585 ] } },
{ "type": "Feature", "properties": { "osmid": 1586565681, "y": 14.6765595, "x": 121.0822183, "street_count": 3, "highway": "" }, "geometry": { "type": "Point", "coordinates": [ 121.0822183, 14.6765595 ] } },
{ "type": "Feature", "properties": { "osmid": 220017214, "y": 14.6912163, "x": 121.0961716, "street_count": 3, "highway": "" }, "geometry": { "type": "Point", "coordinates": [ 121.0961716, 14.6912163 ] } },
{ "type": "Feature", "properties": { "osmid": 5382926912, "y": 14.6179686, "x": 121.0016555, "street_count": 3, "highway": "" }, "geometry": { "type": "Point", "coordinates": [ 121.0016555, 14.6179686 ] } },
{ "type": "Feature", "properties": { "osmid": 220017221, "y": 14.6870664, "x": 121.1006424, "street_count": 3, "highway": "" }, "geometry": { "type": "Point", "coordinates": [ 121.1006424, 14.6870664 ] } },
{ "type": "Feature", "properties": { "osmid": 220017228, "y": 14.6842005, "x": 121.1048298, "street_count": 4, "highway": "" }, "geometry": { "type": "Point", "coordinates": [ 121.1048298, 14.6842005 ] } },
{ "type": "Feature", "properties": { "osmid": 679547473, "y": 14.6204829, "x": 121.050749, "street_count": 3, "highway": "" }, "geometry": { "type": "Point", "coordinates": [ 121.050749, 14.6204829 ] } },
{ "type": "Feature", "properties": { "osmid": 1596019286, "y": 14.6216196, "x": 121.0236672, "street_count": 3, "highway": "" }, "geometry": { "type": "Point", "coordinates": [ 121.0236672, 14.6216196 ] } },
{ "type": "Feature", "properties": { "osmid": 12093739607, "y": 14.678007, "x": 121.0320086, "street_count": 3, "highway": "" }, "geometry": { "type": "Point", "coordinates": [ 121.0320086, 14.678007 ] } },
{ "type": "Feature", "properties": { "osmid": 5432619612, "y": 14.6458689, "x": 121.0409536, "street_count": 3, "highway": "" }, "geometry": { "type": "Point", "coordinates": [ 121.0409536, 14.6458689 ] } },
{ "type": "Feature", "properties": { "osmid": 763949661, "y": 14.647009, "x": 121.0355544, "street_count": 3, "highway": "" }, "geometry": { "type": "Point", "coordinates": [ 121.0355544, 14.647009 ] } },
{ "type": "Feature", "properties": { "osmid": 12093739614, "y": 14.6802943, "x": 121.0319407, "street_count": 3, "highway": "" }, "geometry": { "type": "Point", "coordinates": [ 121.0319407, 14.6802943 ] } },
{ "type": "Feature", "properties": { "osmid": 5432619613, "y": 14.6458442, "x": 121.0404845, "street_count": 3, "highway": "" }, "geometry": { "type": "Point", "coordinates": [ 121.0404845, 14.6458442 ] } },
{ "type": "Feature", "properties": { "osmid": 1596019305, "y": 14.6219326, "x": 121.0246876, "street_count": 3, "highway": "" }, "geometry": { "type": "Point", "coordinates": [ 121.0246876, 14.6219326 ] } },
{ "type": "Feature", "properties": { "osmid": 60093039, "y": 14.618879, "x": 121.0570234, "street_count": 3, "highway": "" }, "geometry": { "type": "Point", "coordinates": [ 121.0570234, 14.618879 ] } },
{ "type": "Feature", "properties": { "osmid": 5427163796, "y": 14.6304458, "x": 121.0448025, "street_count": 3, "highway": "" }, "geometry": { "type": "Point", "coordinates": [ 121.0448025, 14.6304458 ] } },
{ "type": "Feature", "properties": { "osmid": 61682331, "y": 14.6429094, "x": 121.0002971, "street_count": 4, "highway": "" }, "geometry": { "type": "Point", "coordinates": [ 121.0002971, 14.6429094 ] } },
{ "type": "Feature", "properties": { "osmid": 7236096671, "y": 14.6567798, "x": 121.0193625, "street_count": 3, "highway": "" }, "geometry": { "type": "Point", "coordinates": [ 121.0193625, 14.6567798 ] } },
{ "type": "Feature", "properties": { "osmid": 496095907, "y": 14.6108646, "x": 121.0548742, "street_count": 4, "highway": "traffic_signals" }, "geometry": { "type": "Point", "coordinates": [ 121.0548742, 14.6108646 ] } },
{ "type": "Feature", "properties": { "osmid": 22352553, "y": 14.6472663, "x": 121.0602408, "street_count": 3, "highway": "" }, "geometry": { "type": "Point", "coordinates": [ 121.0602408, 14.6472663 ] } },
{ "type": "Feature", "properties": { "osmid": 61682366, "y": 14.6416741, "x": 120.9928537, "street_count": 3, "highway": "" }, "geometry": { "type": "Point", "coordinates": [ 120.9928537, 14.6416741 ] } },
{ "type": "Feature", "properties": { "osmid": 433181376, "y": 14.6470553, "x": 121.07428, "street_count": 3, "highway": "" }, "geometry": { "type": "Point", "coordinates": [ 121.07428, 14.6470553 ] } },
{ "type": "Feature", "properties": { "osmid": 831025860, "y": 14.6095823, "x": 121.043249, "street_count": 3, "highway": "" }, "geometry": { "type": "Point", "coordinates": [ 121.043249, 14.6095823 ] } },
{ "type": "Feature", "properties": { "osmid": 3922129606, "y": 14.7293637, "x": 121.060926, "street_count": 3, "highway": "" }, "geometry": { "type": "Point", "coordinates": [ 121.060926, 14.7293637 ] } },
{ "type": "Feature", "properties": { "osmid": 260903624, "y": 14.736548, "x": 121.0476408, "street_count": 3, "highway": "" }, "geometry": { "type": "Point", "coordinates": [ 121.0476408, 14.736548 ] } },
{ "type": "Feature", "properties": { "osmid": 3922129613, "y": 14.7302775, "x": 121.061256, "street_count": 3, "highway": "" }, "geometry": { "type": "Point", "coordinates": [ 121.061256, 14.7302775 ] } },
{ "type": "Feature", "properties": { "osmid": 24081110, "y": 14.5996368, "x": 121.059819, "street_count": 3, "highway": "milestone" }, "geometry": { "type": "Point", "coordinates": [ 121.059819, 14.5996368 ] } },
{ "type": "Feature", "properties": { "osmid": 9994744538, "y": 14.647066, "x": 121.0521504, "street_count": 4, "highway": "" }, "geometry": { "type": "Point", "coordinates": [ 121.0521504, 14.647066 ] } },
{ "type": "Feature", "properties": { "osmid": 25006816, "y": 14.619109, "x": 121.0435303, "street_count": 4, "highway": "" }, "geometry": { "type": "Point", "coordinates": [ 121.0435303, 14.619109 ] } },
{ "type": "Feature", "properties": { "osmid": 6980195041, "y": 14.6311387, "x": 121.0209712, "street_count": 3, "highway": "" }, "geometry": { "type": "Point", "coordinates": [ 121.0209712, 14.6311387 ] } },
{ "type": "Feature", "properties": { "osmid": 3922129636, "y": 14.737934, "x": 121.058964, "street_count": 3, "highway": "" }, "geometry": { "type": "Point", "coordinates": [ 121.058964, 14.737934 ] } },
{ "type": "Feature", "properties": { "osmid": 60093157, "y": 14.6171209, "x": 121.0545992, "street_count": 3, "highway": "" }, "geometry": { "type": "Point", "coordinates": [ 121.0545992, 14.6171209 ] } },
{ "type": "Feature", "properties": { "osmid": 5372277506, "y": 14.6542794, "x": 121.0479995, "street_count": 3, "highway": "" }, "geometry": { "type": "Point", "coordinates": [ 121.0479995, 14.6542794 ] } },
{ "type": "Feature", "properties": { "osmid": 32518919, "y": 14.6302889, "x": 121.0710728, "street_count": 3, "highway": "" }, "geometry": { "type": "Point", "coordinates": [ 121.0710728, 14.6302889 ] } },
{ "type": "Feature", "properties": { "osmid": 32928521, "y": 14.6167696, "x": 121.0396456, "street_count": 4, "highway": "traffic_signals" }, "geometry": { "type": "Point", "coordinates": [ 121.0396456, 14.6167696 ] } },
{ "type": "Feature", "properties": { "osmid": 22352654, "y": 14.6472645, "x": 121.0678727, "street_count": 3, "highway": "" }, "geometry": { "type": "Point", "coordinates": [ 121.0678727, 14.6472645 ] } },
{ "type": "Feature", "properties": { "osmid": 32928530, "y": 14.6242483, "x": 121.0350906, "street_count": 4, "highway": "" }, "geometry": { "type": "Point", "coordinates": [ 121.0350906, 14.6242483 ] } },
{ "type": "Feature", "properties": { "osmid": 24654617, "y": 14.6178847, "x": 121.0015163, "street_count": 3, "highway": "" }, "geometry": { "type": "Point", "coordinates": [ 121.0015163, 14.6178847 ] } },
{ "type": "Feature", "properties": { "osmid": 7222203180, "y": 14.6414026, "x": 121.0328216, "street_count": 4, "highway": "" }, "geometry": { "type": "Point", "coordinates": [ 121.0328216, 14.6414026 ] } },
{ "type": "Feature", "properties": { "osmid": 12120666928, "y": 14.6526765, "x": 121.0518085, "street_count": 3, "highway": "" }, "geometry": { "type": "Point", "coordinates": [ 121.0518085, 14.6526765 ] } },
{ "type": "Feature", "properties": { "osmid": 12120666935, "y": 14.6531174, "x": 121.0514684, "street_count": 3, "highway": "" }, "geometry": { "type": "Point", "coordinates": [ 121.0514684, 14.6531174 ] } },
{ "type": "Feature", "properties": { "osmid": 40817467, "y": 14.6304825, "x": 121.0255143, "street_count": 4, "highway": "" }, "geometry": { "type": "Point", "coordinates": [ 121.0255143, 14.6304825 ] } },
{ "type": "Feature", "properties": { "osmid": 9837302593, "y": 14.6475324, "x": 121.0430671, "street_count": 3, "highway": "" }, "geometry": { "type": "Point", "coordinates": [ 121.0430671, 14.6475324 ] } },
{ "type": "Feature", "properties": { "osmid": 313283399, "y": 14.7193895, "x": 121.022699, "street_count": 3, "highway": "" }, "geometry": { "type": "Point", "coordinates": [ 121.022699, 14.7193895 ] } },
{ "type": "Feature", "properties": { "osmid": 12606354248, "y": 14.6212133, "x": 121.0501332, "street_count": 3, "highway": "" }, "geometry": { "type": "Point", "coordinates": [ 121.0501332, 14.6212133 ] } },
{ "type": "Feature", "properties": { "osmid": 6868513611, "y": 14.651609, "x": 121.0386984, "street_count": 3, "highway": "" }, "geometry": { "type": "Point", "coordinates": [ 121.0386984, 14.651609 ] } },
{ "type": "Feature", "properties": { "osmid": 5432562509, "y": 14.646349, "x": 121.0412783, "street_count": 3, "highway": "" }, "geometry": { "type": "Point", "coordinates": [ 121.0412783, 14.646349 ] } },
{ "type": "Feature", "properties": { "osmid": 12606354254, "y": 14.6212893, "x": 121.049652, "street_count": 3, "highway": "" }, "geometry": { "type": "Point", "coordinates": [ 121.049652, 14.6212893 ] } },
{ "type": "Feature", "properties": { "osmid": 5432562511, "y": 14.6474341, "x": 121.0429078, "street_count": 4, "highway": "" }, "geometry": { "type": "Point", "coordinates": [ 121.0429078, 14.6474341 ] } },
{ "type": "Feature", "properties": { "osmid": 5432562512, "y": 14.6459445, "x": 121.0400834, "street_count": 3, "highway": "" }, "geometry": { "type": "Point", "coordinates": [ 121.0400834, 14.6459445 ] } },
{ "type": "Feature", "properties": { "osmid": 5432562513, "y": 14.6460949, "x": 121.0403316, "street_count": 3, "highway": "" }, "geometry": { "type": "Point", "coordinates": [ 121.0403316, 14.6460949 ] } },
{ "type": "Feature", "properties": { "osmid": 17216338, "y": 14.6531486, "x": 121.0511626, "street_count": 3, "highway": "" }, "geometry": { "type": "Point", "coordinates": [ 121.0511626, 14.6531486 ] } },
{ "type": "Feature", "properties": { "osmid": 5432562516, "y": 14.6466264, "x": 121.0403905, "street_count": 3, "highway": "" }, "geometry": { "type": "Point", "coordinates": [ 121.0403905, 14.6466264 ] } },
{ "type": "Feature", "properties": { "osmid": 5634782036, "y": 14.7108253, "x": 121.0609609, "street_count": 3, "highway": "" }, "geometry": { "type": "Point", "coordinates": [ 121.0609609, 14.7108253 ] } },
{ "type": "Feature", "properties": { "osmid": 5634782039, "y": 14.7104833, "x": 121.061238, "street_count": 3, "highway": "" }, "geometry": { "type": "Point", "coordinates": [ 121.061238, 14.7104833 ] } },
{ "type": "Feature", "properties": { "osmid": 12088038234, "y": 14.6733537, "x": 121.0488634, "street_count": 3, "highway": "" }, "geometry": { "type": "Point", "coordinates": [ 121.0488634, 14.6733537 ] } },
{ "type": "Feature", "properties": { "osmid": 8581452636, "y": 14.684294, "x": 121.0861534, "street_count": 3, "highway": "" }, "geometry": { "type": "Point", "coordinates": [ 121.0861534, 14.684294 ] } },
{ "type": "Feature", "properties": { "osmid": 29553506, "y": 14.6356751, "x": 121.056028, "street_count": 3, "highway": "" }, "geometry": { "type": "Point", "coordinates": [ 121.056028, 14.6356751 ] } },
{ "type": "Feature", "properties": { "osmid": 25629540, "y": 14.6335595, "x": 121.0591403, "street_count": 3, "highway": "" }, "geometry": { "type": "Point", "coordinates": [ 121.0591403, 14.6335595 ] } },
{ "type": "Feature", "properties": { "osmid": 25629548, "y": 14.6332046, "x": 121.0543392, "street_count": 4, "highway": "traffic_signals" }, "geometry": { "type": "Point", "coordinates": [ 121.0543392, 14.6332046 ] } },
{ "type": "Feature", "properties": { "osmid": 25629549, "y": 14.6285807, "x": 121.06302, "street_count": 3, "highway": "" }, "geometry": { "type": "Point", "coordinates": [ 121.06302, 14.6285807 ] } },
{ "type": "Feature", "properties": { "osmid": 25629551, "y": 14.6332745, "x": 121.0592506, "street_count": 4, "highway": "" }, "geometry": { "type": "Point", "coordinates": [ 121.0592506, 14.6332745 ] } },
{ "type": "Feature", "properties": { "osmid": 25629553, "y": 14.6292214, "x": 121.0624496, "street_count": 3, "highway": "" }, "geometry": { "type": "Point", "coordinates": [ 121.0624496, 14.6292214 ] } },
{ "type": "Feature", "properties": { "osmid": 25629559, "y": 14.6299795, "x": 121.0616301, "street_count": 4, "highway": "" }, "geometry": { "type": "Point", "coordinates": [ 121.0616301, 14.6299795 ] } },
{ "type": "Feature", "properties": { "osmid": 25629564, "y": 14.6278202, "x": 121.0632203, "street_count": 4, "highway": "traffic_signals" }, "geometry": { "type": "Point", "coordinates": [ 121.0632203, 14.6278202 ] } },
{ "type": "Feature", "properties": { "osmid": 313283452, "y": 14.7083908, "x": 121.0212659, "street_count": 3, "highway": "" }, "geometry": { "type": "Point", "coordinates": [ 121.0212659, 14.7083908 ] } },
{ "type": "Feature", "properties": { "osmid": 60724094, "y": 14.6291481, "x": 121.0123205, "street_count": 3, "highway": "" }, "geometry": { "type": "Point", "coordinates": [ 121.0123205, 14.6291481 ] } },
{ "type": "Feature", "properties": { "osmid": 60724093, "y": 14.6273709, "x": 121.0104749, "street_count": 3, "highway": "" }, "geometry": { "type": "Point", "coordinates": [ 121.0104749, 14.6273709 ] } },
{ "type": "Feature", "properties": { "osmid": 25629569, "y": 14.635628, "x": 121.0585146, "street_count": 4, "highway": "traffic_signals" }, "geometry": { "type": "Point", "coordinates": [ 121.0585146, 14.635628 ] } },
{ "type": "Feature", "properties": { "osmid": 5472105348, "y": 14.6339032, "x": 121.0443959, "street_count": 3, "highway": "" }, "geometry": { "type": "Point", "coordinates": [ 121.0443959, 14.6339032 ] } },
{ "type": "Feature", "properties": { "osmid": 5472105349, "y": 14.633732, "x": 121.0441065, "street_count": 3, "highway": "" }, "geometry": { "type": "Point", "coordinates": [ 121.0441065, 14.633732 ] } },
{ "type": "Feature", "properties": { "osmid": 6615831430, "y": 14.6664286, "x": 121.03259, "street_count": 3, "highway": "" }, "geometry": { "type": "Point", "coordinates": [ 121.03259, 14.6664286 ] } },
{ "type": "Feature", "properties": { "osmid": 6615831431, "y": 14.6665332, "x": 121.0325043, "street_count": 4, "highway": "" }, "geometry": { "type": "Point", "coordinates": [ 121.0325043, 14.6665332 ] } },
{ "type": "Feature", "properties": { "osmid": 60093318, "y": 14.611992, "x": 121.0547218, "street_count": 3, "highway": "" }, "geometry": { "type": "Point", "coordinates": [ 121.0547218, 14.611992 ] } },
{ "type": "Feature", "properties": { "osmid": 25629578, "y": 14.6345204, "x": 121.0588455, "street_count": 4, "highway": "traffic_signals" }, "geometry": { "type": "Point", "coordinates": [ 121.0588455, 14.6345204 ] } },
{ "type": "Feature", "properties": { "osmid": 25629579, "y": 14.6312094, "x": 121.0609659, "street_count": 4, "highway": "" }, "geometry": { "type": "Point", "coordinates": [ 121.0609659, 14.6312094 ] } },
{ "type": "Feature", "properties": { "osmid": 25629582, "y": 14.6324816, "x": 121.0600654, "street_count": 4, "highway": "" }, "geometry": { "type": "Point", "coordinates": [ 121.0600654, 14.6324816 ] } },
{ "type": "Feature", "properties": { "osmid": 260903841, "y": 14.7321292, "x": 121.0354357, "street_count": 3, "highway": "" }, "geometry": { "type": "Point", "coordinates": [ 121.0354357, 14.7321292 ] } },
{ "type": "Feature", "properties": { "osmid": 8651486119, "y": 14.6885409, "x": 121.0260005, "street_count": 3, "highway": "" }, "geometry": { "type": "Point", "coordinates": [ 121.0260005, 14.6885409 ] } },
{ "type": "Feature", "properties": { "osmid": 6048379819, "y": 14.644276, "x": 121.0380271, "street_count": 3, "highway": "" }, "geometry": { "type": "Point", "coordinates": [ 121.0380271, 14.644276 ] } },
{ "type": "Feature", "properties": { "osmid": 6328480697, "y": 14.6442621, "x": 121.0537121, "street_count": 3, "highway": "crossing" }, "geometry": { "type": "Point", "coordinates": [ 121.0537121, 14.6442621 ] } },
{ "type": "Feature", "properties": { "osmid": 6622467002, "y": 14.6418843, "x": 121.0456961, "street_count": 3, "highway": "" }, "geometry": { "type": "Point", "coordinates": [ 121.0456961, 14.6418843 ] } },
{ "type": "Feature", "properties": { "osmid": 1358468027, "y": 14.6374593, "x": 120.9943342, "street_count": 3, "highway": "" }, "geometry": { "type": "Point", "coordinates": [ 120.9943342, 14.6374593 ] } },
{ "type": "Feature", "properties": { "osmid": 260903871, "y": 14.7317765, "x": 121.035636, "street_count": 3, "highway": "" }, "geometry": { "type": "Point", "coordinates": [ 121.035636, 14.7317765 ] } },
{ "type": "Feature", "properties": { "osmid": 24622022, "y": 14.7142386, "x": 121.0933359, "street_count": 3, "highway": "" }, "geometry": { "type": "Point", "coordinates": [ 121.0933359, 14.7142386 ] } },
{ "type": "Feature", "properties": { "osmid": 2071393226, "y": 14.638876, "x": 121.0290676, "street_count": 3, "highway": "" }, "geometry": { "type": "Point", "coordinates": [ 121.0290676, 14.638876 ] } },
{ "type": "Feature", "properties": { "osmid": 2071393230, "y": 14.6390167, "x": 121.028945, "street_count": 3, "highway": "" }, "geometry": { "type": "Point", "coordinates": [ 121.028945, 14.6390167 ] } },
{ "type": "Feature", "properties": { "osmid": 1358468049, "y": 14.6371929, "x": 120.993602, "street_count": 4, "highway": "traffic_signals" }, "geometry": { "type": "Point", "coordinates": [ 120.993602, 14.6371929 ] } },
{ "type": "Feature", "properties": { "osmid": 260903891, "y": 14.7313162, "x": 121.0358974, "street_count": 3, "highway": "" }, "geometry": { "type": "Point", "coordinates": [ 121.0358974, 14.7313162 ] } },
{ "type": "Feature", "properties": { "osmid": 6615831508, "y": 14.6663897, "x": 121.0351837, "street_count": 3, "highway": "" }, "geometry": { "type": "Point", "coordinates": [ 121.0351837, 14.6663897 ] } },
{ "type": "Feature", "properties": { "osmid": 6615831507, "y": 14.6664584, "x": 121.0353078, "street_count": 3, "highway": "" }, "geometry": { "type": "Point", "coordinates": [ 121.0353078, 14.6664584 ] } },
{ "type": "Feature", "properties": { "osmid": 2071393237, "y": 14.6412531, "x": 121.0329215, "street_count": 4, "highway": "" }, "geometry": { "type": "Point", "coordinates": [ 121.0329215, 14.6412531 ] } },
{ "type": "Feature", "properties": { "osmid": 8646775768, "y": 14.6667333, "x": 121.0698351, "street_count": 3, "highway": "" }, "geometry": { "type": "Point", "coordinates": [ 121.0698351, 14.6667333 ] } },
{ "type": "Feature", "properties": { "osmid": 33469402, "y": 14.6247987, "x": 121.0095176, "street_count": 3, "highway": "" }, "geometry": { "type": "Point", "coordinates": [ 121.0095176, 14.6247987 ] } },
{ "type": "Feature", "properties": { "osmid": 33469405, "y": 14.6241106, "x": 121.0087908, "street_count": 3, "highway": "" }, "geometry": { "type": "Point", "coordinates": [ 121.0087908, 14.6241106 ] } },
{ "type": "Feature", "properties": { "osmid": 251622369, "y": 14.7287675, "x": 121.06007, "street_count": 3, "highway": "" }, "geometry": { "type": "Point", "coordinates": [ 121.06007, 14.7287675 ] } },
{ "type": "Feature", "properties": { "osmid": 33469409, "y": 14.6234416, "x": 121.0080519, "street_count": 3, "highway": "traffic_signals" }, "geometry": { "type": "Point", "coordinates": [ 121.0080519, 14.6234416 ] } },
{ "type": "Feature", "properties": { "osmid": 33469411, "y": 14.6217055, "x": 121.0061432, "street_count": 3, "highway": "" }, "geometry": { "type": "Point", "coordinates": [ 121.0061432, 14.6217055 ] } },
{ "type": "Feature", "properties": { "osmid": 7729738721, "y": 14.6562032, "x": 121.0000245, "street_count": 4, "highway": "motorway_junction" }, "geometry": { "type": "Point", "coordinates": [ 121.0000245, 14.6562032 ] } },
{ "type": "Feature", "properties": { "osmid": 2445857766, "y": 14.6845823, "x": 121.1043449, "street_count": 3, "highway": "" }, "geometry": { "type": "Point", "coordinates": [ 121.1043449, 14.6845823 ] } },
{ "type": "Feature", "properties": { "osmid": 33469414, "y": 14.6200283, "x": 121.0042989, "street_count": 4, "highway": "traffic_signals" }, "geometry": { "type": "Point", "coordinates": [ 121.0042989, 14.6200283 ] } },
{ "type": "Feature", "properties": { "osmid": 33469417, "y": 14.6187661, "x": 121.0029066, "street_count": 3, "highway": "" }, "geometry": { "type": "Point", "coordinates": [ 121.0029066, 14.6187661 ] } },
{ "type": "Feature", "properties": { "osmid": 474084331, "y": 14.6577004, "x": 121.0357846, "street_count": 3, "highway": "" }, "geometry": { "type": "Point", "coordinates": [ 121.0357846, 14.6577004 ] } },
{ "type": "Feature", "properties": { "osmid": 8646595564, "y": 14.6719668, "x": 121.0663198, "street_count": 3, "highway": "" }, "geometry": { "type": "Point", "coordinates": [ 121.0663198, 14.6719668 ] } },
{ "type": "Feature", "properties": { "osmid": 260903917, "y": 14.7326774, "x": 121.0351245, "street_count": 3, "highway": "" }, "geometry": { "type": "Point", "coordinates": [ 121.0351245, 14.7326774 ] } },
{ "type": "Feature", "properties": { "osmid": 1116509169, "y": 14.6652457, "x": 121.0660671, "street_count": 3, "highway": "" }, "geometry": { "type": "Point", "coordinates": [ 121.0660671, 14.6652457 ] } },
{ "type": "Feature", "properties": { "osmid": 25629685, "y": 14.6126741, "x": 121.0323848, "street_count": 4, "highway": "traffic_signals" }, "geometry": { "type": "Point", "coordinates": [ 121.0323848, 14.6126741 ] } },
{ "type": "Feature", "properties": { "osmid": 686224377, "y": 14.6302306, "x": 121.0170348, "street_count": 3, "highway": "" }, "geometry": { "type": "Point", "coordinates": [ 121.0170348, 14.6302306 ] } },
{ "type": "Feature", "properties": { "osmid": 25629690, "y": 14.6224433, "x": 121.0264195, "street_count": 4, "highway": "traffic_signals" }, "geometry": { "type": "Point", "coordinates": [ 121.0264195, 14.6224433 ] } },
{ "type": "Feature", "properties": { "osmid": 5427082243, "y": 14.6198651, "x": 121.0453884, "street_count": 4, "highway": "" }, "geometry": { "type": "Point", "coordinates": [ 121.0453884, 14.6198651 ] } },
{ "type": "Feature", "properties": { "osmid": 206091268, "y": 14.7086312, "x": 121.0627727, "street_count": 4, "highway": "traffic_signals" }, "geometry": { "type": "Point", "coordinates": [ 121.0627727, 14.7086312 ] } },
{ "type": "Feature", "properties": { "osmid": 206091269, "y": 14.7085296, "x": 121.0626451, "street_count": 4, "highway": "" }, "geometry": { "type": "Point", "coordinates": [ 121.0626451, 14.7085296 ] } },
{ "type": "Feature", "properties": { "osmid": 314209287, "y": 14.6944591, "x": 121.0266579, "street_count": 4, "highway": "" }, "geometry": { "type": "Point", "coordinates": [ 121.0266579, 14.6944591 ] } },
{ "type": "Feature", "properties": { "osmid": 314209294, "y": 14.6917297, "x": 121.0272094, "street_count": 3, "highway": "" }, "geometry": { "type": "Point", "coordinates": [ 121.0272094, 14.6917297 ] } },
{ "type": "Feature", "properties": { "osmid": 8585081876, "y": 14.6748961, "x": 121.0436675, "street_count": 3, "highway": "" }, "geometry": { "type": "Point", "coordinates": [ 121.0436675, 14.6748961 ] } },
{ "type": "Feature", "properties": { "osmid": 260895764, "y": 14.7102838, "x": 121.0394337, "street_count": 3, "highway": "" }, "geometry": { "type": "Point", "coordinates": [ 121.0394337, 14.7102838 ] } },
{ "type": "Feature", "properties": { "osmid": 6357439508, "y": 14.6150792, "x": 121.0369627, "street_count": 4, "highway": "traffic_signals" }, "geometry": { "type": "Point", "coordinates": [ 121.0369627, 14.6150792 ] } },
{ "type": "Feature", "properties": { "osmid": 8585081877, "y": 14.6749053, "x": 121.0435113, "street_count": 3, "highway": "" }, "geometry": { "type": "Point", "coordinates": [ 121.0435113, 14.6749053 ] } },
{ "type": "Feature", "properties": { "osmid": 5673071641, "y": 14.714814, "x": 121.0965878, "street_count": 3, "highway": "" }, "geometry": { "type": "Point", "coordinates": [ 121.0965878, 14.714814 ] } },
{ "type": "Feature", "properties": { "osmid": 25629724, "y": 14.7384911, "x": 121.0589449, "street_count": 3, "highway": "" }, "geometry": { "type": "Point", "coordinates": [ 121.0589449, 14.7384911 ] } },
{ "type": "Feature", "properties": { "osmid": 314209313, "y": 14.6915487, "x": 121.0269201, "street_count": 3, "highway": "" }, "geometry": { "type": "Point", "coordinates": [ 121.0269201, 14.6915487 ] } },
{ "type": "Feature", "properties": { "osmid": 5585622053, "y": 14.6580788, "x": 121.0599407, "street_count": 3, "highway": "" }, "geometry": { "type": "Point", "coordinates": [ 121.0599407, 14.6580788 ] } },
{ "type": "Feature", "properties": { "osmid": 3052778535, "y": 14.6055075, "x": 121.0790115, "street_count": 3, "highway": "traffic_signals" }, "geometry": { "type": "Point", "coordinates": [ 121.0790115, 14.6055075 ] } },
{ "type": "Feature", "properties": { "osmid": 26506280, "y": 14.6294506, "x": 121.0693075, "street_count": 3, "highway": "traffic_signals" }, "geometry": { "type": "Point", "coordinates": [ 121.0693075, 14.6294506 ] } },
{ "type": "Feature", "properties": { "osmid": 25629740, "y": 14.7352905, "x": 121.0590524, "street_count": 3, "highway": "" }, "geometry": { "type": "Point", "coordinates": [ 121.0590524, 14.7352905 ] } },
{ "type": "Feature", "properties": { "osmid": 4879643696, "y": 14.6396144, "x": 121.0403642, "street_count": 3, "highway": "" }, "geometry": { "type": "Point", "coordinates": [ 121.0403642, 14.6396144 ] } },
{ "type": "Feature", "properties": { "osmid": 4879643711, "y": 14.6383998, "x": 121.0414337, "street_count": 3, "highway": "" }, "geometry": { "type": "Point", "coordinates": [ 121.0414337, 14.6383998 ] } },
{ "type": "Feature", "properties": { "osmid": 1341011029, "y": 14.6610792, "x": 121.0004882, "street_count": 3, "highway": "" }, "geometry": { "type": "Point", "coordinates": [ 121.0004882, 14.6610792 ] } },
{ "type": "Feature", "properties": { "osmid": 12015875169, "y": 14.6132815, "x": 121.0654104, "street_count": 3, "highway": "" }, "geometry": { "type": "Point", "coordinates": [ 121.0654104, 14.6132815 ] } },
{ "type": "Feature", "properties": { "osmid": 8305398882, "y": 14.6391401, "x": 121.0067915, "street_count": 3, "highway": "" }, "geometry": { "type": "Point", "coordinates": [ 121.0067915, 14.6391401 ] } },
{ "type": "Feature", "properties": { "osmid": 6618322017, "y": 14.6177036, "x": 121.0020439, "street_count": 3, "highway": "" }, "geometry": { "type": "Point", "coordinates": [ 121.0020439, 14.6177036 ] } },
{ "type": "Feature", "properties": { "osmid": 1161442412, "y": 14.6543106, "x": 121.0745394, "street_count": 3, "highway": "" }, "geometry": { "type": "Point", "coordinates": [ 121.0745394, 14.6543106 ] } },
{ "type": "Feature", "properties": { "osmid": 305099887, "y": 14.6287874, "x": 121.0466633, "street_count": 3, "highway": "" }, "geometry": { "type": "Point", "coordinates": [ 121.0466633, 14.6287874 ] } },
{ "type": "Feature", "properties": { "osmid": 12081828978, "y": 14.7246207, "x": 121.0611599, "street_count": 4, "highway": "" }, "geometry": { "type": "Point", "coordinates": [ 121.0611599, 14.7246207 ] } },
{ "type": "Feature", "properties": { "osmid": 12081828979, "y": 14.7246209, "x": 121.0612297, "street_count": 3, "highway": "" }, "geometry": { "type": "Point", "coordinates": [ 121.0612297, 14.7246209 ] } },
{ "type": "Feature", "properties": { "osmid": 12081828980, "y": 14.7276883, "x": 121.0611565, "street_count": 3, "highway": "" }, "geometry": { "type": "Point", "coordinates": [ 121.0611565, 14.7276883 ] } },
{ "type": "Feature", "properties": { "osmid": 32519283, "y": 14.6213853, "x": 121.049539, "street_count": 3, "highway": "" }, "geometry": { "type": "Point", "coordinates": [ 121.049539, 14.6213853 ] } },
{ "type": "Feature", "properties": { "osmid": 1161442425, "y": 14.6556708, "x": 121.0745606, "street_count": 3, "highway": "" }, "geometry": { "type": "Point", "coordinates": [ 121.0745606, 14.6556708 ] } },
{ "type": "Feature", "properties": { "osmid": 12007371899, "y": 14.6130857, "x": 121.0645976, "street_count": 3, "highway": "" }, "geometry": { "type": "Point", "coordinates": [ 121.0645976, 14.6130857 ] } },
{ "type": "Feature", "properties": { "osmid": 12007371900, "y": 14.6126796, "x": 121.0629119, "street_count": 3, "highway": "" }, "geometry": { "type": "Point", "coordinates": [ 121.0629119, 14.6126796 ] } },
{ "type": "Feature", "properties": { "osmid": 333526141, "y": 14.6241771, "x": 121.0487909, "street_count": 3, "highway": "motorway_junction" }, "geometry": { "type": "Point", "coordinates": [ 121.0487909, 14.6241771 ] } },
{ "type": "Feature", "properties": { "osmid": 720696446, "y": 14.618171, "x": 121.0518211, "street_count": 3, "highway": "" }, "geometry": { "type": "Point", "coordinates": [ 121.0518211, 14.618171 ] } },
{ "type": "Feature", "properties": { "osmid": 12007371905, "y": 14.612604, "x": 121.0625979, "street_count": 3, "highway": "" }, "geometry": { "type": "Point", "coordinates": [ 121.0625979, 14.612604 ] } },
{ "type": "Feature", "properties": { "osmid": 250541189, "y": 14.6708975, "x": 121.0518196, "street_count": 3, "highway": "" }, "geometry": { "type": "Point", "coordinates": [ 121.0518196, 14.6708975 ] } },
{ "type": "Feature", "properties": { "osmid": 260904070, "y": 14.7414162, "x": 121.0563347, "street_count": 3, "highway": "" }, "geometry": { "type": "Point", "coordinates": [ 121.0563347, 14.7414162 ] } },
{ "type": "Feature", "properties": { "osmid": 1412035727, "y": 14.6574258, "x": 120.9999357, "street_count": 3, "highway": "motorway_junction" }, "geometry": { "type": "Point", "coordinates": [ 120.9999357, 14.6574258 ] } },
{ "type": "Feature", "properties": { "osmid": 5284066448, "y": 14.6566335, "x": 121.0260239, "street_count": 3, "highway": "" }, "geometry": { "type": "Point", "coordinates": [ 121.0260239, 14.6566335 ] } },
{ "type": "Feature", "properties": { "osmid": 5284066454, "y": 14.6570519, "x": 121.0240904, "street_count": 3, "highway": "" }, "geometry": { "type": "Point", "coordinates": [ 121.0240904, 14.6570519 ] } },
{ "type": "Feature", "properties": { "osmid": 12047750296, "y": 14.5922838, "x": 121.0799193, "street_count": 3, "highway": "" }, "geometry": { "type": "Point", "coordinates": [ 121.0799193, 14.5922838 ] } },
{ "type": "Feature", "properties": { "osmid": 8657761433, "y": 14.7249337, "x": 121.0492122, "street_count": 3, "highway": "" }, "geometry": { "type": "Point", "coordinates": [ 121.0492122, 14.7249337 ] } },
{ "type": "Feature", "properties": { "osmid": 8657761434, "y": 14.7248282, "x": 121.0490817, "street_count": 3, "highway": "" }, "geometry": { "type": "Point", "coordinates": [ 121.0490817, 14.7248282 ] } },
{ "type": "Feature", "properties": { "osmid": 8661054619, "y": 14.7218036, "x": 121.0395363, "street_count": 3, "highway": "" }, "geometry": { "type": "Point", "coordinates": [ 121.0395363, 14.7218036 ] } },
{ "type": "Feature", "properties": { "osmid": 8661054620, "y": 14.7218497, "x": 121.039899, "street_count": 4, "highway": "" }, "geometry": { "type": "Point", "coordinates": [ 121.039899, 14.7218497 ] } },
{ "type": "Feature", "properties": { "osmid": 5465027747, "y": 14.6476767, "x": 121.074296, "street_count": 3, "highway": "" }, "geometry": { "type": "Point", "coordinates": [ 121.074296, 14.6476767 ] } },
{ "type": "Feature", "properties": { "osmid": 1249662120, "y": 14.5939703, "x": 121.0589336, "street_count": 3, "highway": "" }, "geometry": { "type": "Point", "coordinates": [ 121.0589336, 14.5939703 ] } },
{ "type": "Feature", "properties": { "osmid": 1341002923, "y": 14.6627276, "x": 121.0205364, "street_count": 3, "highway": "" }, "geometry": { "type": "Point", "coordinates": [ 121.0205364, 14.6627276 ] } },
{ "type": "Feature", "properties": { "osmid": 1497969843, "y": 14.6352265, "x": 121.0231523, "street_count": 3, "highway": "" }, "geometry": { "type": "Point", "coordinates": [ 121.0231523, 14.6352265 ] } },
{ "type": "Feature", "properties": { "osmid": 103814324, "y": 14.6646046, "x": 121.0264061, "street_count": 4, "highway": "traffic_signals" }, "geometry": { "type": "Point", "coordinates": [ 121.0264061, 14.6646046 ] } },
{ "type": "Feature", "properties": { "osmid": 1497969844, "y": 14.635415, "x": 121.0230513, "street_count": 3, "highway": "" }, "geometry": { "type": "Point", "coordinates": [ 121.0230513, 14.635415 ] } },
{ "type": "Feature", "properties": { "osmid": 32519351, "y": 14.6178862, "x": 121.0556878, "street_count": 4, "highway": "traffic_signals" }, "geometry": { "type": "Point", "coordinates": [ 121.0556878, 14.6178862 ] } },
{ "type": "Feature", "properties": { "osmid": 168244409, "y": 14.6185267, "x": 121.0565028, "street_count": 4, "highway": "" }, "geometry": { "type": "Point", "coordinates": [ 121.0565028, 14.6185267 ] } },
{ "type": "Feature", "properties": { "osmid": 32928958, "y": 14.6198013, "x": 121.0148023, "street_count": 3, "highway": "" }, "geometry": { "type": "Point", "coordinates": [ 121.0148023, 14.6198013 ] } },
{ "type": "Feature", "properties": { "osmid": 2123224262, "y": 14.6597733, "x": 121.0762743, "street_count": 4, "highway": "traffic_signals" }, "geometry": { "type": "Point", "coordinates": [ 121.0762743, 14.6597733 ] } },
{ "type": "Feature", "properties": { "osmid": 1075205320, "y": 14.6273697, "x": 121.0473089, "street_count": 3, "highway": "" }, "geometry": { "type": "Point", "coordinates": [ 121.0473089, 14.6273697 ] } },
{ "type": "Feature", "properties": { "osmid": 260895946, "y": 14.7194272, "x": 121.0391006, "street_count": 3, "highway": "" }, "geometry": { "type": "Point", "coordinates": [ 121.0391006, 14.7194272 ] } },
{ "type": "Feature", "properties": { "osmid": 4903638224, "y": 14.6479838, "x": 121.0659836, "street_count": 3, "highway": "" }, "geometry": { "type": "Point", "coordinates": [ 121.0659836, 14.6479838 ] } },
{ "type": "Feature", "properties": { "osmid": 260904152, "y": 14.7400184, "x": 121.0563178, "street_count": 3, "highway": "" }, "geometry": { "type": "Point", "coordinates": [ 121.0563178, 14.7400184 ] } },
{ "type": "Feature", "properties": { "osmid": 32928989, "y": 14.6201855, "x": 121.0096757, "street_count": 4, "highway": "" }, "geometry": { "type": "Point", "coordinates": [ 121.0096757, 14.6201855 ] } },
{ "type": "Feature", "properties": { "osmid": 506426594, "y": 14.6923194, "x": 121.0293433, "street_count": 3, "highway": "" }, "geometry": { "type": "Point", "coordinates": [ 121.0293433, 14.6923194 ] } },
{ "type": "Feature", "properties": { "osmid": 32519396, "y": 14.6239879, "x": 121.0554417, "street_count": 4, "highway": "traffic_signals" }, "geometry": { "type": "Point", "coordinates": [ 121.0554417, 14.6239879 ] } },
{ "type": "Feature", "properties": { "osmid": 260904165, "y": 14.7404075, "x": 121.05623, "street_count": 3, "highway": "" }, "geometry": { "type": "Point", "coordinates": [ 121.05623, 14.7404075 ] } },
{ "type": "Feature", "properties": { "osmid": 5713999079, "y": 14.706415, "x": 121.065424, "street_count": 3, "highway": "" }, "geometry": { "type": "Point", "coordinates": [ 121.065424, 14.706415 ] } },
{ "type": "Feature", "properties": { "osmid": 32929000, "y": 14.6210621, "x": 121.0149671, "street_count": 4, "highway": "" }, "geometry": { "type": "Point", "coordinates": [ 121.0149671, 14.6210621 ] } },
{ "type": "Feature", "properties": { "osmid": 32929006, "y": 14.6186999, "x": 121.0123094, "street_count": 3, "highway": "" }, "geometry": { "type": "Point", "coordinates": [ 121.0123094, 14.6186999 ] } },
{ "type": "Feature", "properties": { "osmid": 686224624, "y": 14.6294045, "x": 121.0304423, "street_count": 3, "highway": "crossing" }, "geometry": { "type": "Point", "coordinates": [ 121.0304423, 14.6294045 ] } },
{ "type": "Feature", "properties": { "osmid": 32929013, "y": 14.6184439, "x": 121.0098084, "street_count": 4, "highway": "traffic_signals" }, "geometry": { "type": "Point", "coordinates": [ 121.0098084, 14.6184439 ] } },
{ "type": "Feature", "properties": { "osmid": 8631620856, "y": 14.7083006, "x": 121.0389787, "street_count": 3, "highway": "" }, "geometry": { "type": "Point", "coordinates": [ 121.0389787, 14.7083006 ] } },
{ "type": "Feature", "properties": { "osmid": 32929017, "y": 14.6193409, "x": 121.0097523, "street_count": 4, "highway": "" }, "geometry": { "type": "Point", "coordinates": [ 121.0097523, 14.6193409 ] } },
{ "type": "Feature", "properties": { "osmid": 32929018, "y": 14.621929, "x": 121.0095075, "street_count": 4, "highway": "" }, "geometry": { "type": "Point", "coordinates": [ 121.0095075, 14.621929 ] } },
{ "type": "Feature", "properties": { "osmid": 2718225659, "y": 14.6554348, "x": 121.0352755, "street_count": 3, "highway": "" }, "geometry": { "type": "Point", "coordinates": [ 121.0352755, 14.6554348 ] } },
{ "type": "Feature", "properties": { "osmid": 32929021, "y": 14.6182932, "x": 121.0078666, "street_count": 4, "highway": "traffic_signals" }, "geometry": { "type": "Point", "coordinates": [ 121.0078666, 14.6182932 ] } },
{ "type": "Feature", "properties": { "osmid": 452842763, "y": 14.6710503, "x": 121.039191, "street_count": 4, "highway": "traffic_signals" }, "geometry": { "type": "Point", "coordinates": [ 121.039191, 14.6710503 ] } },
{ "type": "Feature", "properties": { "osmid": 8605709580, "y": 14.6999296, "x": 121.0881882, "street_count": 3, "highway": "" }, "geometry": { "type": "Point", "coordinates": [ 121.0881882, 14.6999296 ] } },
{ "type": "Feature", "properties": { "osmid": 2548323597, "y": 14.6798541, "x": 121.0204229, "street_count": 3, "highway": "" }, "geometry": { "type": "Point", "coordinates": [ 121.0204229, 14.6798541 ] } },
{ "type": "Feature", "properties": { "osmid": 452842770, "y": 14.6771159, "x": 121.0320391, "street_count": 3, "highway": "" }, "geometry": { "type": "Point", "coordinates": [ 121.0320391, 14.6771159 ] } },
{ "type": "Feature", "properties": { "osmid": 32929043, "y": 14.6277141, "x": 121.0140664, "street_count": 3, "highway": "" }, "geometry": { "type": "Point", "coordinates": [ 121.0140664, 14.6277141 ] } },
{ "type": "Feature", "properties": { "osmid": 452842772, "y": 14.6718056, "x": 121.0321894, "street_count": 3, "highway": "" }, "geometry": { "type": "Point", "coordinates": [ 121.0321894, 14.6718056 ] } },
{ "type": "Feature", "properties": { "osmid": 452842777, "y": 14.6690328, "x": 121.0352385, "street_count": 3, "highway": "" }, "geometry": { "type": "Point", "coordinates": [ 121.0352385, 14.6690328 ] } },
{ "type": "Feature", "properties": { "osmid": 5655491866, "y": 14.6966227, "x": 121.0945284, "street_count": 3, "highway": "" }, "geometry": { "type": "Point", "coordinates": [ 121.0945284, 14.6966227 ] } },
{ "type": "Feature", "properties": { "osmid": 8609576218, "y": 14.6549164, "x": 121.0542273, "street_count": 3, "highway": "" }, "geometry": { "type": "Point", "coordinates": [ 121.0542273, 14.6549164 ] } },
{ "type": "Feature", "properties": { "osmid": 1161442585, "y": 14.6550232, "x": 121.074236, "street_count": 3, "highway": "" }, "geometry": { "type": "Point", "coordinates": [ 121.074236, 14.6550232 ] } },
{ "type": "Feature", "properties": { "osmid": 2057196837, "y": 14.6500351, "x": 121.0468438, "street_count": 3, "highway": "" }, "geometry": { "type": "Point", "coordinates": [ 121.0468438, 14.6500351 ] } },
{ "type": "Feature", "properties": { "osmid": 505017638, "y": 14.6461951, "x": 120.9948298, "street_count": 3, "highway": "" }, "geometry": { "type": "Point", "coordinates": [ 120.9948298, 14.6461951 ] } },
{ "type": "Feature", "properties": { "osmid": 2057196839, "y": 14.6499157, "x": 121.0469256, "street_count": 3, "highway": "" }, "geometry": { "type": "Point", "coordinates": [ 121.0469256, 14.6499157 ] } },
{ "type": "Feature", "properties": { "osmid": 452842794, "y": 14.6663489, "x": 121.0324705, "street_count": 3, "highway": "" }, "geometry": { "type": "Point", "coordinates": [ 121.0324705, 14.6663489 ] } },
{ "type": "Feature", "properties": { "osmid": 9799259437, "y": 14.6353456, "x": 121.022936, "street_count": 3, "highway": "" }, "geometry": { "type": "Point", "coordinates": [ 121.022936, 14.6353456 ] } },
{ "type": "Feature", "properties": { "osmid": 9799259442, "y": 14.6351645, "x": 121.0230517, "street_count": 3, "highway": "" }, "geometry": { "type": "Point", "coordinates": [ 121.0230517, 14.6351645 ] } },
{ "type": "Feature", "properties": { "osmid": 1832662322, "y": 14.6693973, "x": 121.0765867, "street_count": 3, "highway": "" }, "geometry": { "type": "Point", "coordinates": [ 121.0765867, 14.6693973 ] } },
{ "type": "Feature", "properties": { "osmid": 5777831221, "y": 14.7397147, "x": 121.0469506, "street_count": 3, "highway": "" }, "geometry": { "type": "Point", "coordinates": [ 121.0469506, 14.7397147 ] } },
{ "type": "Feature", "properties": { "osmid": 5286171962, "y": 14.6090813, "x": 121.055744, "street_count": 3, "highway": "" }, "geometry": { "type": "Point", "coordinates": [ 121.055744, 14.6090813 ] } },
{ "type": "Feature", "properties": { "osmid": 32929101, "y": 14.6225742, "x": 121.0088849, "street_count": 3, "highway": "" }, "geometry": { "type": "Point", "coordinates": [ 121.0088849, 14.6225742 ] } },
{ "type": "Feature", "properties": { "osmid": 260740442, "y": 14.7195174, "x": 121.0398731, "street_count": 4, "highway": "traffic_signals" }, "geometry": { "type": "Point", "coordinates": [ 121.0398731, 14.7195174 ] } },
{ "type": "Feature", "properties": { "osmid": 12468196701, "y": 14.6485859, "x": 121.0510262, "street_count": 4, "highway": "" }, "geometry": { "type": "Point", "coordinates": [ 121.0510262, 14.6485859 ] } },
{ "type": "Feature", "properties": { "osmid": 4692391269, "y": 14.6906334, "x": 121.0278537, "street_count": 4, "highway": "traffic_signals" }, "geometry": { "type": "Point", "coordinates": [ 121.0278537, 14.6906334 ] } },
{ "type": "Feature", "properties": { "osmid": 260896104, "y": 14.7218666, "x": 121.0355118, "street_count": 3, "highway": "" }, "geometry": { "type": "Point", "coordinates": [ 121.0355118, 14.7218666 ] } },
{ "type": "Feature", "properties": { "osmid": 338597228, "y": 14.5914625, "x": 121.0606739, "street_count": 3, "highway": "" }, "geometry": { "type": "Point", "coordinates": [ 121.0606739, 14.5914625 ] } },
{ "type": "Feature", "properties": { "osmid": 260740462, "y": 14.7220192, "x": 121.0412305, "street_count": 4, "highway": "" }, "geometry": { "type": "Point", "coordinates": [ 121.0412305, 14.7220192 ] } },
{ "type": "Feature", "properties": { "osmid": 12545799535, "y": 14.6278518, "x": 121.013932, "street_count": 3, "highway": "" }, "geometry": { "type": "Point", "coordinates": [ 121.013932, 14.6278518 ] } },
{ "type": "Feature", "properties": { "osmid": 251622768, "y": 14.7288093, "x": 121.0612469, "street_count": 4, "highway": "" }, "geometry": { "type": "Point", "coordinates": [ 121.0612469, 14.7288093 ] } },
{ "type": "Feature", "properties": { "osmid": 1802319218, "y": 14.6618366, "x": 121.0641996, "street_count": 3, "highway": "" }, "geometry": { "type": "Point", "coordinates": [ 121.0641996, 14.6618366 ] } },
{ "type": "Feature", "properties": { "osmid": 40826229, "y": 14.6256225, "x": 121.0481084, "street_count": 3, "highway": "" }, "geometry": { "type": "Point", "coordinates": [ 121.0481084, 14.6256225 ] } },
{ "type": "Feature", "properties": { "osmid": 6608967030, "y": 14.7209515, "x": 121.0291207, "street_count": 3, "highway": "" }, "geometry": { "type": "Point", "coordinates": [ 121.0291207, 14.7209515 ] } },
{ "type": "Feature", "properties": { "osmid": 12545799543, "y": 14.6277418, "x": 121.0137721, "street_count": 3, "highway": "" }, "geometry": { "type": "Point", "coordinates": [ 121.0137721, 14.6277418 ] } },
{ "type": "Feature", "properties": { "osmid": 40826231, "y": 14.6231089, "x": 121.045048, "street_count": 4, "highway": "traffic_signals" }, "geometry": { "type": "Point", "coordinates": [ 121.045048, 14.6231089 ] } },
{ "type": "Feature", "properties": { "osmid": 589927807, "y": 14.6232658, "x": 121.053913, "street_count": 4, "highway": "traffic_signals" }, "geometry": { "type": "Point", "coordinates": [ 121.053913, 14.6232658 ] } },
{ "type": "Feature", "properties": { "osmid": 260740483, "y": 14.7218957, "x": 121.0366198, "street_count": 3, "highway": "" }, "geometry": { "type": "Point", "coordinates": [ 121.0366198, 14.7218957 ] } },
{ "type": "Feature", "properties": { "osmid": 654595461, "y": 14.6734599, "x": 121.0572214, "street_count": 3, "highway": "" }, "geometry": { "type": "Point", "coordinates": [ 121.0572214, 14.6734599 ] } },
{ "type": "Feature", "properties": { "osmid": 654595462, "y": 14.6736741, "x": 121.0558742, "street_count": 4, "highway": "" }, "geometry": { "type": "Point", "coordinates": [ 121.0558742, 14.6736741 ] } },
{ "type": "Feature", "properties": { "osmid": 251622791, "y": 14.7307623, "x": 121.0612591, "street_count": 4, "highway": "" }, "geometry": { "type": "Point", "coordinates": [ 121.0612591, 14.7307623 ] } },
{ "type": "Feature", "properties": { "osmid": 122959239, "y": 14.6760897, "x": 121.043758, "street_count": 3, "highway": "" }, "geometry": { "type": "Point", "coordinates": [ 121.043758, 14.6760897 ] } },
{ "type": "Feature", "properties": { "osmid": 654595463, "y": 14.6737644, "x": 121.055248, "street_count": 4, "highway": "" }, "geometry": { "type": "Point", "coordinates": [ 121.055248, 14.6737644 ] } },
{ "type": "Feature", "properties": { "osmid": 1161442698, "y": 14.6546681, "x": 121.0742491, "street_count": 3, "highway": "" }, "geometry": { "type": "Point", "coordinates": [ 121.0742491, 14.6546681 ] } },
{ "type": "Feature", "properties": { "osmid": 654595465, "y": 14.6739331, "x": 121.0536637, "street_count": 3, "highway": "" }, "geometry": { "type": "Point", "coordinates": [ 121.0536637, 14.6739331 ] } },
{ "type": "Feature", "properties": { "osmid": 654595467, "y": 14.6737311, "x": 121.0509907, "street_count": 3, "highway": "" }, "geometry": { "type": "Point", "coordinates": [ 121.0509907, 14.6737311 ] } },
{ "type": "Feature", "properties": { "osmid": 654595471, "y": 14.6726711, "x": 121.0614765, "street_count": 4, "highway": "" }, "geometry": { "type": "Point", "coordinates": [ 121.0614765, 14.6726711 ] } },
{ "type": "Feature", "properties": { "osmid": 654595474, "y": 14.6718986, "x": 121.0685807, "street_count": 3, "highway": "" }, "geometry": { "type": "Point", "coordinates": [ 121.0685807, 14.6718986 ] } },
{ "type": "Feature", "properties": { "osmid": 8750093717, "y": 14.6447171, "x": 121.0025869, "street_count": 4, "highway": "" }, "geometry": { "type": "Point", "coordinates": [ 121.0025869, 14.6447171 ] } },
{ "type": "Feature", "properties": { "osmid": 260740502, "y": 14.7218946, "x": 121.0370905, "street_count": 3, "highway": "" }, "geometry": { "type": "Point", "coordinates": [ 121.0370905, 14.7218946 ] } },
{ "type": "Feature", "properties": { "osmid": 8750093721, "y": 14.6445171, "x": 121.0014918, "street_count": 3, "highway": "traffic_signals" }, "geometry": { "type": "Point", "coordinates": [ 121.0014918, 14.6445171 ] } },
{ "type": "Feature", "properties": { "osmid": 314209695, "y": 14.6914627, "x": 121.0266574, "street_count": 3, "highway": "" }, "geometry": { "type": "Point", "coordinates": [ 121.0266574, 14.6914627 ] } },
{ "type": "Feature", "properties": { "osmid": 8595223986, "y": 14.6193028, "x": 121.0576408, "street_count": 3, "highway": "" }, "geometry": { "type": "Point", "coordinates": [ 121.0576408, 14.6193028 ] } },
{ "type": "Feature", "properties": { "osmid": 8595223990, "y": 14.6193624, "x": 121.0577177, "street_count": 4, "highway": "traffic_signals" }, "geometry": { "type": "Point", "coordinates": [ 121.0577177, 14.6193624 ] } },
{ "type": "Feature", "properties": { "osmid": 8671598011, "y": 14.7005427, "x": 121.0228452, "street_count": 4, "highway": "" }, "geometry": { "type": "Point", "coordinates": [ 121.0228452, 14.7005427 ] } },
{ "type": "Feature", "properties": { "osmid": 8671598012, "y": 14.7005233, "x": 121.0228, "street_count": 4, "highway": "" }, "geometry": { "type": "Point", "coordinates": [ 121.0228, 14.7005233 ] } },
{ "type": "Feature", "properties": { "osmid": 12097541567, "y": 14.646275, "x": 121.074492, "street_count": 3, "highway": "" }, "geometry": { "type": "Point", "coordinates": [ 121.074492, 14.646275 ] } },
{ "type": "Feature", "properties": { "osmid": 1377334723, "y": 14.629316, "x": 121.0463201, "street_count": 3, "highway": "" }, "geometry": { "type": "Point", "coordinates": [ 121.0463201, 14.629316 ] } },
{ "type": "Feature", "properties": { "osmid": 12042507720, "y": 14.6070459, "x": 121.0787997, "street_count": 3, "highway": "" }, "geometry": { "type": "Point", "coordinates": [ 121.0787997, 14.6070459 ] } },
{ "type": "Feature", "properties": { "osmid": 314209737, "y": 14.6901803, "x": 121.0274832, "street_count": 3, "highway": "" }, "geometry": { "type": "Point", "coordinates": [ 121.0274832, 14.6901803 ] } },
{ "type": "Feature", "properties": { "osmid": 260740558, "y": 14.7254241, "x": 121.0412372, "street_count": 3, "highway": "" }, "geometry": { "type": "Point", "coordinates": [ 121.0412372, 14.7254241 ] } },
{ "type": "Feature", "properties": { "osmid": 260904405, "y": 14.7335815, "x": 121.0524542, "street_count": 3, "highway": "" }, "geometry": { "type": "Point", "coordinates": [ 121.0524542, 14.7335815 ] } },
{ "type": "Feature", "properties": { "osmid": 602633686, "y": 14.6263898, "x": 121.0334102, "street_count": 4, "highway": "" }, "geometry": { "type": "Point", "coordinates": [ 121.0334102, 14.6263898 ] } },
{ "type": "Feature", "properties": { "osmid": 24081884, "y": 14.6330079, "x": 121.0445936, "street_count": 5, "highway": "traffic_signals" }, "geometry": { "type": "Point", "coordinates": [ 121.0445936, 14.6330079 ] } },
{ "type": "Feature", "properties": { "osmid": 260896220, "y": 14.7218771, "x": 121.0386377, "street_count": 3, "highway": "" }, "geometry": { "type": "Point", "coordinates": [ 121.0386377, 14.7218771 ] } },
{ "type": "Feature", "properties": { "osmid": 1723200988, "y": 14.6355416, "x": 121.0743127, "street_count": 3, "highway": "motorway_junction" }, "geometry": { "type": "Point", "coordinates": [ 121.0743127, 14.6355416 ] } },
{ "type": "Feature", "properties": { "osmid": 72979942, "y": 14.6359854, "x": 121.0089616, "street_count": 4, "highway": "traffic_signals" }, "geometry": { "type": "Point", "coordinates": [ 121.0089616, 14.6359854 ] } },
{ "type": "Feature", "properties": { "osmid": 1676080626, "y": 14.6679042, "x": 121.0338444, "street_count": 4, "highway": "traffic_signals" }, "geometry": { "type": "Point", "coordinates": [ 121.0338444, 14.6679042 ] } },
{ "type": "Feature", "properties": { "osmid": 130168307, "y": 14.6123418, "x": 121.0313884, "street_count": 3, "highway": "" }, "geometry": { "type": "Point", "coordinates": [ 121.0313884, 14.6123418 ] } },
{ "type": "Feature", "properties": { "osmid": 32519675, "y": 14.649449, "x": 121.0743076, "street_count": 3, "highway": "" }, "geometry": { "type": "Point", "coordinates": [ 121.0743076, 14.649449 ] } },
{ "type": "Feature", "properties": { "osmid": 72979964, "y": 14.6393042, "x": 121.008088, "street_count": 3, "highway": "" }, "geometry": { "type": "Point", "coordinates": [ 121.008088, 14.6393042 ] } },
{ "type": "Feature", "properties": { "osmid": 31241730, "y": 14.6194149, "x": 121.0577921, "street_count": 4, "highway": "traffic_signals" }, "geometry": { "type": "Point", "coordinates": [ 121.0577921, 14.6194149 ] } },
{ "type": "Feature", "properties": { "osmid": 31241741, "y": 14.6244248, "x": 121.0374542, "street_count": 4, "highway": "traffic_signals" }, "geometry": { "type": "Point", "coordinates": [ 121.0374542, 14.6244248 ] } },
{ "type": "Feature", "properties": { "osmid": 9976329747, "y": 14.644557, "x": 121.0026049, "street_count": 4, "highway": "" }, "geometry": { "type": "Point", "coordinates": [ 121.0026049, 14.644557 ] } },
{ "type": "Feature", "properties": { "osmid": 31241750, "y": 14.6280199, "x": 121.0363646, "street_count": 4, "highway": "traffic_signals" }, "geometry": { "type": "Point", "coordinates": [ 121.0363646, 14.6280199 ] } },
{ "type": "Feature", "properties": { "osmid": 67737112, "y": 14.6436994, "x": 120.9928758, "street_count": 3, "highway": "" }, "geometry": { "type": "Point", "coordinates": [ 120.9928758, 14.6436994 ] } },
{ "type": "Feature", "properties": { "osmid": 260740642, "y": 14.7252917, "x": 121.0389066, "street_count": 4, "highway": "" }, "geometry": { "type": "Point", "coordinates": [ 121.0389066, 14.7252917 ] } },
{ "type": "Feature", "properties": { "osmid": 5293250093, "y": 14.6728555, "x": 121.0435455, "street_count": 3, "highway": "" }, "geometry": { "type": "Point", "coordinates": [ 121.0435455, 14.6728555 ] } },
{ "type": "Feature", "properties": { "osmid": 90027566, "y": 14.6629723, "x": 121.0440272, "street_count": 3, "highway": "" }, "geometry": { "type": "Point", "coordinates": [ 121.0440272, 14.6629723 ] } },
{ "type": "Feature", "properties": { "osmid": 5286794802, "y": 14.6530534, "x": 121.0521109, "street_count": 3, "highway": "" }, "geometry": { "type": "Point", "coordinates": [ 121.0521109, 14.6530534 ] } },
{ "type": "Feature", "properties": { "osmid": 260896307, "y": 14.7171332, "x": 121.0402857, "street_count": 3, "highway": "" }, "geometry": { "type": "Point", "coordinates": [ 121.0402857, 14.7171332 ] } },
{ "type": "Feature", "properties": { "osmid": 314209843, "y": 14.6920077, "x": 121.0257443, "street_count": 3, "highway": "" }, "geometry": { "type": "Point", "coordinates": [ 121.0257443, 14.6920077 ] } },
{ "type": "Feature", "properties": { "osmid": 31241781, "y": 14.6175101, "x": 121.0551616, "street_count": 4, "highway": "traffic_signals" }, "geometry": { "type": "Point", "coordinates": [ 121.0551616, 14.6175101 ] } },
{ "type": "Feature", "properties": { "osmid": 24081972, "y": 14.6327556, "x": 121.0451156, "street_count": 3, "highway": "" }, "geometry": { "type": "Point", "coordinates": [ 121.0451156, 14.6327556 ] } },
{ "type": "Feature", "properties": { "osmid": 248010297, "y": 14.6269658, "x": 121.0148281, "street_count": 3, "highway": "" }, "geometry": { "type": "Point", "coordinates": [ 121.0148281, 14.6269658 ] } },
{ "type": "Feature", "properties": { "osmid": 3221616188, "y": 14.7457138, "x": 121.0789173, "street_count": 3, "highway": "" }, "geometry": { "type": "Point", "coordinates": [ 121.0789173, 14.7457138 ] } },
{ "type": "Feature", "properties": { "osmid": 21739070, "y": 14.6151175, "x": 121.0746538, "street_count": 3, "highway": "" }, "geometry": { "type": "Point", "coordinates": [ 121.0746538, 14.6151175 ] } },
{ "type": "Feature", "properties": { "osmid": 12144457280, "y": 14.6441825, "x": 121.042616, "street_count": 4, "highway": "" }, "geometry": { "type": "Point", "coordinates": [ 121.042616, 14.6441825 ] } },
{ "type": "Feature", "properties": { "osmid": 12144457282, "y": 14.6440934, "x": 121.0425305, "street_count": 4, "highway": "" }, "geometry": { "type": "Point", "coordinates": [ 121.0425305, 14.6440934 ] } },
{ "type": "Feature", "properties": { "osmid": 12144457283, "y": 14.6442455, "x": 121.0426764, "street_count": 3, "highway": "" }, "geometry": { "type": "Point", "coordinates": [ 121.0426764, 14.6442455 ] } },
{ "type": "Feature", "properties": { "osmid": 90027595, "y": 14.6597857, "x": 121.0447715, "street_count": 3, "highway": "" }, "geometry": { "type": "Point", "coordinates": [ 121.0447715, 14.6597857 ] } },
{ "type": "Feature", "properties": { "osmid": 26580561, "y": 14.669213, "x": 121.0538765, "street_count": 3, "highway": "" }, "geometry": { "type": "Point", "coordinates": [ 121.0538765, 14.669213 ] } },
{ "type": "Feature", "properties": { "osmid": 260904532, "y": 14.7290786, "x": 121.0371691, "street_count": 3, "highway": "" }, "geometry": { "type": "Point", "coordinates": [ 121.0371691, 14.7290786 ] } },
{ "type": "Feature", "properties": { "osmid": 260904535, "y": 14.7308663, "x": 121.0361528, "street_count": 3, "highway": "" }, "geometry": { "type": "Point", "coordinates": [ 121.0361528, 14.7308663 ] } },
{ "type": "Feature", "properties": { "osmid": 5575063133, "y": 14.6221715, "x": 121.0516428, "street_count": 4, "highway": "" }, "geometry": { "type": "Point", "coordinates": [ 121.0516428, 14.6221715 ] } },
{ "type": "Feature", "properties": { "osmid": 5575063134, "y": 14.6221972, "x": 121.0516995, "street_count": 4, "highway": "" }, "geometry": { "type": "Point", "coordinates": [ 121.0516995, 14.6221972 ] } },
{ "type": "Feature", "properties": { "osmid": 24622693, "y": 14.7043515, "x": 121.0832236, "street_count": 3, "highway": "" }, "geometry": { "type": "Point", "coordinates": [ 121.0832236, 14.7043515 ] } },
{ "type": "Feature", "properties": { "osmid": 21739121, "y": 14.6323201, "x": 121.0776521, "street_count": 3, "highway": "" }, "geometry": { "type": "Point", "coordinates": [ 121.0776521, 14.6323201 ] } },
{ "type": "Feature", "properties": { "osmid": 260904564, "y": 14.7342329, "x": 121.0342331, "street_count": 3, "highway": "" }, "geometry": { "type": "Point", "coordinates": [ 121.0342331, 14.7342329 ] } },
{ "type": "Feature", "properties": { "osmid": 8586327668, "y": 14.7000423, "x": 121.0881554, "street_count": 4, "highway": "" }, "geometry": { "type": "Point", "coordinates": [ 121.0881554, 14.7000423 ] } },
{ "type": "Feature", "properties": { "osmid": 9958856310, "y": 14.6314462, "x": 121.0215682, "street_count": 3, "highway": "" }, "geometry": { "type": "Point", "coordinates": [ 121.0215682, 14.6314462 ] } },
{ "type": "Feature", "properties": { "osmid": 9958856313, "y": 14.6312373, "x": 121.0214725, "street_count": 3, "highway": "" }, "geometry": { "type": "Point", "coordinates": [ 121.0214725, 14.6312373 ] } },
{ "type": "Feature", "properties": { "osmid": 5647931008, "y": 14.7065391, "x": 121.0385466, "street_count": 2, "highway": "" }, "geometry": { "type": "Point", "coordinates": [ 121.0385466, 14.7065391 ] } },
{ "type": "Feature", "properties": { "osmid": 72685187, "y": 14.725226, "x": 121.0487433, "street_count": 4, "highway": "" }, "geometry": { "type": "Point", "coordinates": [ 121.0487433, 14.725226 ] } },
{ "type": "Feature", "properties": { "osmid": 8658753156, "y": 14.6540787, "x": 121.0370655, "street_count": 3, "highway": "" }, "geometry": { "type": "Point", "coordinates": [ 121.0370655, 14.6540787 ] } },
{ "type": "Feature", "properties": { "osmid": 26580617, "y": 14.628314, "x": 121.0134664, "street_count": 4, "highway": "traffic_signals" }, "geometry": { "type": "Point", "coordinates": [ 121.0134664, 14.628314 ] } },
{ "type": "Feature", "properties": { "osmid": 5713884816, "y": 14.7052974, "x": 121.0738486, "street_count": 3, "highway": "" }, "geometry": { "type": "Point", "coordinates": [ 121.0738486, 14.7052974 ] } },
{ "type": "Feature", "properties": { "osmid": 219969171, "y": 14.6764674, "x": 121.0378245, "street_count": 3, "highway": "" }, "geometry": { "type": "Point", "coordinates": [ 121.0378245, 14.6764674 ] } },
{ "type": "Feature", "properties": { "osmid": 352925332, "y": 14.6728028, "x": 121.0614371, "street_count": 3, "highway": "" }, "geometry": { "type": "Point", "coordinates": [ 121.0614371, 14.6728028 ] } },
{ "type": "Feature", "properties": { "osmid": 324228757, "y": 14.6046476, "x": 121.0580497, "street_count": 3, "highway": "" }, "geometry": { "type": "Point", "coordinates": [ 121.0580497, 14.6046476 ] } },
{ "type": "Feature", "properties": { "osmid": 352925337, "y": 14.6733064, "x": 121.0490987, "street_count": 3, "highway": "" }, "geometry": { "type": "Point", "coordinates": [ 121.0490987, 14.6733064 ] } },
{ "type": "Feature", "properties": { "osmid": 261682861, "y": 14.7013873, "x": 121.0866926, "street_count": 3, "highway": "" }, "geometry": { "type": "Point", "coordinates": [ 121.0866926, 14.7013873 ] } },
{ "type": "Feature", "properties": { "osmid": 5393356464, "y": 14.6538547, "x": 121.0378857, "street_count": 3, "highway": "" }, "geometry": { "type": "Point", "coordinates": [ 121.0378857, 14.6538547 ] } },
{ "type": "Feature", "properties": { "osmid": 21739188, "y": 14.6093639, "x": 121.0766579, "street_count": 3, "highway": "traffic_signals" }, "geometry": { "type": "Point", "coordinates": [ 121.0766579, 14.6093639 ] } },
{ "type": "Feature", "properties": { "osmid": 8657082065, "y": 14.619127, "x": 121.0510709, "street_count": 3, "highway": "" }, "geometry": { "type": "Point", "coordinates": [ 121.0510709, 14.619127 ] } },
{ "type": "Feature", "properties": { "osmid": 6122518227, "y": 14.6817271, "x": 121.0846139, "street_count": 3, "highway": "" }, "geometry": { "type": "Point", "coordinates": [ 121.0846139, 14.6817271 ] } },
{ "type": "Feature", "properties": { "osmid": 252843738, "y": 14.6675541, "x": 121.0740862, "street_count": 3, "highway": "" }, "geometry": { "type": "Point", "coordinates": [ 121.0740862, 14.6675541 ] } },
{ "type": "Feature", "properties": { "osmid": 12468197101, "y": 14.6486636, "x": 121.0510446, "street_count": 4, "highway": "" }, "geometry": { "type": "Point", "coordinates": [ 121.0510446, 14.6486636 ] } },
{ "type": "Feature", "properties": { "osmid": 5440091887, "y": 14.6375415, "x": 121.0258832, "street_count": 3, "highway": "" }, "geometry": { "type": "Point", "coordinates": [ 121.0258832, 14.6375415 ] } },
{ "type": "Feature", "properties": { "osmid": 252843760, "y": 14.7050367, "x": 121.0782789, "street_count": 3, "highway": "" }, "geometry": { "type": "Point", "coordinates": [ 121.0782789, 14.7050367 ] } },
{ "type": "Feature", "properties": { "osmid": 7535900410, "y": 14.689271, "x": 121.0294515, "street_count": 3, "highway": "" }, "geometry": { "type": "Point", "coordinates": [ 121.0294515, 14.689271 ] } },
{ "type": "Feature", "properties": { "osmid": 5472859900, "y": 14.6097432, "x": 121.0503348, "street_count": 3, "highway": "" }, "geometry": { "type": "Point", "coordinates": [ 121.0503348, 14.6097432 ] } },
{ "type": "Feature", "properties": { "osmid": 8314803965, "y": 14.6912142, "x": 121.096267, "street_count": 3, "highway": "" }, "geometry": { "type": "Point", "coordinates": [ 121.096267, 14.6912142 ] } },
{ "type": "Feature", "properties": { "osmid": 5472859903, "y": 14.6103083, "x": 121.0526745, "street_count": 3, "highway": "" }, "geometry": { "type": "Point", "coordinates": [ 121.0526745, 14.6103083 ] } },
{ "type": "Feature", "properties": { "osmid": 5472859904, "y": 14.6104188, "x": 121.0531318, "street_count": 4, "highway": "" }, "geometry": { "type": "Point", "coordinates": [ 121.0531318, 14.6104188 ] } },
{ "type": "Feature", "properties": { "osmid": 286078731, "y": 14.7050424, "x": 121.0755012, "street_count": 3, "highway": "" }, "geometry": { "type": "Point", "coordinates": [ 121.0755012, 14.7050424 ] } },
{ "type": "Feature", "properties": { "osmid": 417249035, "y": 14.6235165, "x": 121.0728777, "street_count": 3, "highway": "" }, "geometry": { "type": "Point", "coordinates": [ 121.0728777, 14.6235165 ] } },
{ "type": "Feature", "properties": { "osmid": 5401163532, "y": 14.6373845, "x": 120.9942581, "street_count": 3, "highway": "" }, "geometry": { "type": "Point", "coordinates": [ 120.9942581, 14.6373845 ] } },
{ "type": "Feature", "properties": { "osmid": 5401163531, "y": 14.6372976, "x": 120.9938535, "street_count": 3, "highway": "" }, "geometry": { "type": "Point", "coordinates": [ 120.9938535, 14.6372976 ] } },
{ "type": "Feature", "properties": { "osmid": 251623183, "y": 14.7275832, "x": 121.0612444, "street_count": 4, "highway": "" }, "geometry": { "type": "Point", "coordinates": [ 121.0612444, 14.7275832 ] } },
{ "type": "Feature", "properties": { "osmid": 1444091675, "y": 14.6075965, "x": 121.0391808, "street_count": 4, "highway": "traffic_signals" }, "geometry": { "type": "Point", "coordinates": [ 121.0391808, 14.6075965 ] } },
{ "type": "Feature", "properties": { "osmid": 32929567, "y": 14.6312095, "x": 121.0345143, "street_count": 4, "highway": "" }, "geometry": { "type": "Point", "coordinates": [ 121.0345143, 14.6312095 ] } },
{ "type": "Feature", "properties": { "osmid": 5286819625, "y": 14.657443, "x": 121.058196, "street_count": 3, "highway": "" }, "geometry": { "type": "Point", "coordinates": [ 121.058196, 14.657443 ] } },
{ "type": "Feature", "properties": { "osmid": 88766249, "y": 14.6445018, "x": 121.0014147, "street_count": 3, "highway": "traffic_signals" }, "geometry": { "type": "Point", "coordinates": [ 121.0014147, 14.6445018 ] } },
{ "type": "Feature", "properties": { "osmid": 12086048555, "y": 14.6669101, "x": 121.0074587, "street_count": 3, "highway": "" }, "geometry": { "type": "Point", "coordinates": [ 121.0074587, 14.6669101 ] } },
{ "type": "Feature", "properties": { "osmid": 12086048556, "y": 14.667215, "x": 121.0077685, "street_count": 3, "highway": "" }, "geometry": { "type": "Point", "coordinates": [ 121.0077685, 14.667215 ] } },
{ "type": "Feature", "properties": { "osmid": 4659861296, "y": 14.6424481, "x": 121.0745932, "street_count": 4, "highway": "traffic_signals" }, "geometry": { "type": "Point", "coordinates": [ 121.0745932, 14.6424481 ] } },
{ "type": "Feature", "properties": { "osmid": 32929588, "y": 14.6332952, "x": 121.0349915, "street_count": 4, "highway": "" }, "geometry": { "type": "Point", "coordinates": [ 121.0349915, 14.6332952 ] } },
{ "type": "Feature", "properties": { "osmid": 251623227, "y": 14.7201353, "x": 121.0612274, "street_count": 4, "highway": "traffic_signals" }, "geometry": { "type": "Point", "coordinates": [ 121.0612274, 14.7201353 ] } },
{ "type": "Feature", "properties": { "osmid": 252843839, "y": 14.6968061, "x": 121.0871697, "street_count": 3, "highway": "" }, "geometry": { "type": "Point", "coordinates": [ 121.0871697, 14.6968061 ] } },
{ "type": "Feature", "properties": { "osmid": 32929602, "y": 14.6340468, "x": 121.0351628, "street_count": 4, "highway": "" }, "geometry": { "type": "Point", "coordinates": [ 121.0351628, 14.6340468 ] } },
{ "type": "Feature", "properties": { "osmid": 12336748358, "y": 14.6489293, "x": 121.0284537, "street_count": 4, "highway": "" }, "geometry": { "type": "Point", "coordinates": [ 121.0284537, 14.6489293 ] } },
{ "type": "Feature", "properties": { "osmid": 12336748359, "y": 14.6508561, "x": 121.0290028, "street_count": 3, "highway": "" }, "geometry": { "type": "Point", "coordinates": [ 121.0290028, 14.6508561 ] } },
{ "type": "Feature", "properties": { "osmid": 5374367558, "y": 14.7126467, "x": 121.0594622, "street_count": 3, "highway": "" }, "geometry": { "type": "Point", "coordinates": [ 121.0594622, 14.7126467 ] } },
{ "type": "Feature", "properties": { "osmid": 5475456844, "y": 14.6640774, "x": 121.0726618, "street_count": 3, "highway": "" }, "geometry": { "type": "Point", "coordinates": [ 121.0726618, 14.6640774 ] } },
{ "type": "Feature", "properties": { "osmid": 1524389709, "y": 14.6874559, "x": 121.0995521, "street_count": 3, "highway": "" }, "geometry": { "type": "Point", "coordinates": [ 121.0995521, 14.6874559 ] } },
{ "type": "Feature", "properties": { "osmid": 5475456845, "y": 14.663992, "x": 121.072831, "street_count": 3, "highway": "" }, "geometry": { "type": "Point", "coordinates": [ 121.072831, 14.663992 ] } },
{ "type": "Feature", "properties": { "osmid": 261044044, "y": 14.6988848, "x": 121.023537, "street_count": 5, "highway": "" }, "geometry": { "type": "Point", "coordinates": [ 121.023537, 14.6988848 ] } },
{ "type": "Feature", "properties": { "osmid": 252843860, "y": 14.7003041, "x": 121.0867971, "street_count": 3, "highway": "" }, "geometry": { "type": "Point", "coordinates": [ 121.0867971, 14.7003041 ] } },
{ "type": "Feature", "properties": { "osmid": 32520021, "y": 14.6494345, "x": 121.074476, "street_count": 3, "highway": "" }, "geometry": { "type": "Point", "coordinates": [ 121.074476, 14.6494345 ] } },
{ "type": "Feature", "properties": { "osmid": 32520022, "y": 14.6483357, "x": 121.0744934, "street_count": 3, "highway": "traffic_signals" }, "geometry": { "type": "Point", "coordinates": [ 121.0744934, 14.6483357 ] } },
{ "type": "Feature", "properties": { "osmid": 32520023, "y": 14.6463482, "x": 121.0744826, "street_count": 3, "highway": "" }, "geometry": { "type": "Point", "coordinates": [ 121.0744826, 14.6463482 ] } },
{ "type": "Feature", "properties": { "osmid": 247019352, "y": 14.6701138, "x": 121.0326143, "street_count": 3, "highway": "" }, "geometry": { "type": "Point", "coordinates": [ 121.0326143, 14.6701138 ] } },
{ "type": "Feature", "properties": { "osmid": 32520025, "y": 14.636667, "x": 121.0745626, "street_count": 3, "highway": "" }, "geometry": { "type": "Point", "coordinates": [ 121.0745626, 14.636667 ] } },
{ "type": "Feature", "properties": { "osmid": 11607504730, "y": 14.6462179, "x": 121.0410721, "street_count": 3, "highway": "" }, "geometry": { "type": "Point", "coordinates": [ 121.0410721, 14.6462179 ] } },
{ "type": "Feature", "properties": { "osmid": 9764771686, "y": 14.6868706, "x": 121.0868245, "street_count": 3, "highway": "" }, "geometry": { "type": "Point", "coordinates": [ 121.0868245, 14.6868706 ] } },
{ "type": "Feature", "properties": { "osmid": 9764771691, "y": 14.686825, "x": 121.087121, "street_count": 3, "highway": "" }, "geometry": { "type": "Point", "coordinates": [ 121.087121, 14.686825 ] } },
{ "type": "Feature", "properties": { "osmid": 32929645, "y": 14.6327602, "x": 121.0348685, "street_count": 4, "highway": "" }, "geometry": { "type": "Point", "coordinates": [ 121.0348685, 14.6327602 ] } },
{ "type": "Feature", "properties": { "osmid": 1629353842, "y": 14.6646055, "x": 121.0436502, "street_count": 4, "highway": "" }, "geometry": { "type": "Point", "coordinates": [ 121.0436502, 14.6646055 ] } },
{ "type": "Feature", "properties": { "osmid": 32929652, "y": 14.6322312, "x": 121.0347415, "street_count": 4, "highway": "" }, "geometry": { "type": "Point", "coordinates": [ 121.0347415, 14.6322312 ] } },
{ "type": "Feature", "properties": { "osmid": 252843900, "y": 14.700998, "x": 121.0865187, "street_count": 3, "highway": "" }, "geometry": { "type": "Point", "coordinates": [ 121.0865187, 14.700998 ] } },
{ "type": "Feature", "properties": { "osmid": 250541951, "y": 14.6795551, "x": 121.0224095, "street_count": 3, "highway": "" }, "geometry": { "type": "Point", "coordinates": [ 121.0224095, 14.6795551 ] } },
{ "type": "Feature", "properties": { "osmid": 252843908, "y": 14.7041731, "x": 121.0835947, "street_count": 3, "highway": "" }, "geometry": { "type": "Point", "coordinates": [ 121.0835947, 14.7041731 ] } },
{ "type": "Feature", "properties": { "osmid": 3677616007, "y": 14.6273258, "x": 121.0335733, "street_count": 4, "highway": "traffic_signals" }, "geometry": { "type": "Point", "coordinates": [ 121.0335733, 14.6273258 ] } },
{ "type": "Feature", "properties": { "osmid": 5372278665, "y": 14.6621088, "x": 121.0514393, "street_count": 3, "highway": "" }, "geometry": { "type": "Point", "coordinates": [ 121.0514393, 14.6621088 ] } },
{ "type": "Feature", "properties": { "osmid": 56137611, "y": 14.6375618, "x": 120.9950266, "street_count": 3, "highway": "" }, "geometry": { "type": "Point", "coordinates": [ 120.9950266, 14.6375618 ] } },
{ "type": "Feature", "properties": { "osmid": 962803598, "y": 14.6492231, "x": 120.9959892, "street_count": 3, "highway": "" }, "geometry": { "type": "Point", "coordinates": [ 120.9959892, 14.6492231 ] } },
{ "type": "Feature", "properties": { "osmid": 1324455825, "y": 14.7338883, "x": 121.0534411, "street_count": 3, "highway": "" }, "geometry": { "type": "Point", "coordinates": [ 121.0534411, 14.7338883 ] } },
{ "type": "Feature", "properties": { "osmid": 32929686, "y": 14.6306775, "x": 121.0343854, "street_count": 4, "highway": "" }, "geometry": { "type": "Point", "coordinates": [ 121.0343854, 14.6306775 ] } },
{ "type": "Feature", "properties": { "osmid": 261683094, "y": 14.7134459, "x": 121.0902325, "street_count": 3, "highway": "" }, "geometry": { "type": "Point", "coordinates": [ 121.0902325, 14.7134459 ] } },
{ "type": "Feature", "properties": { "osmid": 60094369, "y": 14.6234211, "x": 121.0725072, "street_count": 3, "highway": "" }, "geometry": { "type": "Point", "coordinates": [ 121.0725072, 14.6234211 ] } },
{ "type": "Feature", "properties": { "osmid": 32929699, "y": 14.6296665, "x": 121.0341586, "street_count": 4, "highway": "" }, "geometry": { "type": "Point", "coordinates": [ 121.0341586, 14.6296665 ] } },
{ "type": "Feature", "properties": { "osmid": 32929701, "y": 14.6291511, "x": 121.0340544, "street_count": 5, "highway": "" }, "geometry": { "type": "Point", "coordinates": [ 121.0340544, 14.6291511 ] } },
{ "type": "Feature", "properties": { "osmid": 8240805797, "y": 14.65444, "x": 121.0350536, "street_count": 4, "highway": "traffic_signals" }, "geometry": { "type": "Point", "coordinates": [ 121.0350536, 14.65444 ] } },
{ "type": "Feature", "properties": { "osmid": 5337102248, "y": 14.6697785, "x": 121.0101042, "street_count": 3, "highway": "" }, "geometry": { "type": "Point", "coordinates": [ 121.0101042, 14.6697785 ] } },
{ "type": "Feature", "properties": { "osmid": 1044936621, "y": 14.7236069, "x": 121.0309777, "street_count": 3, "highway": "" }, "geometry": { "type": "Point", "coordinates": [ 121.0309777, 14.7236069 ] } },
{ "type": "Feature", "properties": { "osmid": 252843956, "y": 14.7051119, "x": 121.0746957, "street_count": 3, "highway": "" }, "geometry": { "type": "Point", "coordinates": [ 121.0746957, 14.7051119 ] } },
{ "type": "Feature", "properties": { "osmid": 5472868281, "y": 14.6136022, "x": 121.0662816, "street_count": 4, "highway": "traffic_signals" }, "geometry": { "type": "Point", "coordinates": [ 121.0662816, 14.6136022 ] } },
{ "type": "Feature", "properties": { "osmid": 5282305979, "y": 14.6546103, "x": 121.0346388, "street_count": 3, "highway": "" }, "geometry": { "type": "Point", "coordinates": [ 121.0346388, 14.6546103 ] } },
{ "type": "Feature", "properties": { "osmid": 962803644, "y": 14.6504424, "x": 120.9966344, "street_count": 4, "highway": "" }, "geometry": { "type": "Point", "coordinates": [ 120.9966344, 14.6504424 ] } },
{ "type": "Feature", "properties": { "osmid": 5472868284, "y": 14.6130664, "x": 121.0640697, "street_count": 3, "highway": "" }, "geometry": { "type": "Point", "coordinates": [ 121.0640697, 14.6130664 ] } },
{ "type": "Feature", "properties": { "osmid": 5472868285, "y": 14.6129621, "x": 121.0636503, "street_count": 3, "highway": "" }, "geometry": { "type": "Point", "coordinates": [ 121.0636503, 14.6129621 ] } },
{ "type": "Feature", "properties": { "osmid": 12089276, "y": 14.6567625, "x": 121.0000315, "street_count": 3, "highway": "motorway_junction" }, "geometry": { "type": "Point", "coordinates": [ 121.0000315, 14.6567625 ] } },
{ "type": "Feature", "properties": { "osmid": 5472868288, "y": 14.612545, "x": 121.0618918, "street_count": 4, "highway": "milestone" }, "geometry": { "type": "Point", "coordinates": [ 121.0618918, 14.612545 ] } },
{ "type": "Feature", "properties": { "osmid": 5472868289, "y": 14.6123337, "x": 121.0610227, "street_count": 4, "highway": "traffic_signals" }, "geometry": { "type": "Point", "coordinates": [ 121.0610227, 14.6123337 ] } },
{ "type": "Feature", "properties": { "osmid": 5472868290, "y": 14.6121293, "x": 121.060171, "street_count": 4, "highway": "" }, "geometry": { "type": "Point", "coordinates": [ 121.060171, 14.6121293 ] } },
{ "type": "Feature", "properties": { "osmid": 5282305988, "y": 14.6546852, "x": 121.034293, "street_count": 3, "highway": "" }, "geometry": { "type": "Point", "coordinates": [ 121.034293, 14.6546852 ] } },
{ "type": "Feature", "properties": { "osmid": 5472868294, "y": 14.6114389, "x": 121.0572248, "street_count": 3, "highway": "" }, "geometry": { "type": "Point", "coordinates": [ 121.0572248, 14.6114389 ] } },
{ "type": "Feature", "properties": { "osmid": 5472868296, "y": 14.6117418, "x": 121.0585176, "street_count": 4, "highway": "" }, "geometry": { "type": "Point", "coordinates": [ 121.0585176, 14.6117418 ] } },
{ "type": "Feature", "properties": { "osmid": 5472868297, "y": 14.611896, "x": 121.0591756, "street_count": 4, "highway": "" }, "geometry": { "type": "Point", "coordinates": [ 121.0591756, 14.611896 ] } },
{ "type": "Feature", "properties": { "osmid": 5472868298, "y": 14.6120153, "x": 121.0596846, "street_count": 4, "highway": "" }, "geometry": { "type": "Point", "coordinates": [ 121.0596846, 14.6120153 ] } },
{ "type": "Feature", "properties": { "osmid": 10673158094, "y": 14.6137781, "x": 121.0674125, "street_count": 4, "highway": "" }, "geometry": { "type": "Point", "coordinates": [ 121.0674125, 14.6137781 ] } },
{ "type": "Feature", "properties": { "osmid": 1137719247, "y": 14.6189063, "x": 121.0030651, "street_count": 3, "highway": "" }, "geometry": { "type": "Point", "coordinates": [ 121.0030651, 14.6189063 ] } },
{ "type": "Feature", "properties": { "osmid": 32520145, "y": 14.6324764, "x": 121.0754836, "street_count": 3, "highway": "" }, "geometry": { "type": "Point", "coordinates": [ 121.0754836, 14.6324764 ] } },
{ "type": "Feature", "properties": { "osmid": 11438503890, "y": 14.6664645, "x": 121.0621501, "street_count": 3, "highway": "" }, "geometry": { "type": "Point", "coordinates": [ 121.0621501, 14.6664645 ] } },
{ "type": "Feature", "properties": { "osmid": 885692369, "y": 14.6362931, "x": 121.0287717, "street_count": 3, "highway": "" }, "geometry": { "type": "Point", "coordinates": [ 121.0287717, 14.6362931 ] } },
{ "type": "Feature", "properties": { "osmid": 39598039, "y": 14.6375088, "x": 121.0180436, "street_count": 3, "highway": "" }, "geometry": { "type": "Point", "coordinates": [ 121.0180436, 14.6375088 ] } },
{ "type": "Feature", "properties": { "osmid": 12089306, "y": 14.6583302, "x": 121.0001017, "street_count": 3, "highway": "" }, "geometry": { "type": "Point", "coordinates": [ 121.0001017, 14.6583302 ] } },
{ "type": "Feature", "properties": { "osmid": 32929757, "y": 14.6366561, "x": 121.0270675, "street_count": 3, "highway": "" }, "geometry": { "type": "Point", "coordinates": [ 121.0270675, 14.6366561 ] } },
{ "type": "Feature", "properties": { "osmid": 130168798, "y": 14.6188001, "x": 121.0147964, "street_count": 4, "highway": "traffic_signals" }, "geometry": { "type": "Point", "coordinates": [ 121.0147964, 14.6188001 ] } },
{ "type": "Feature", "properties": { "osmid": 130168799, "y": 14.6180047, "x": 121.0042914, "street_count": 3, "highway": "" }, "geometry": { "type": "Point", "coordinates": [ 121.0042914, 14.6180047 ] } },
{ "type": "Feature", "properties": { "osmid": 130168800, "y": 14.618083, "x": 121.0052746, "street_count": 4, "highway": "traffic_signals" }, "geometry": { "type": "Point", "coordinates": [ 121.0052746, 14.618083 ] } },
{ "type": "Feature", "properties": { "osmid": 39598046, "y": 14.6437628, "x": 121.0169224, "street_count": 4, "highway": "" }, "geometry": { "type": "Point", "coordinates": [ 121.0169224, 14.6437628 ] } },
{ "type": "Feature", "properties": { "osmid": 130168803, "y": 14.6183859, "x": 121.0090609, "street_count": 3, "highway": "" }, "geometry": { "type": "Point", "coordinates": [ 121.0090609, 14.6183859 ] } },
{ "type": "Feature", "properties": { "osmid": 6622140388, "y": 14.635568, "x": 121.0585336, "street_count": 4, "highway": "" }, "geometry": { "type": "Point", "coordinates": [ 121.0585336, 14.635568 ] } },
{ "type": "Feature", "properties": { "osmid": 130168802, "y": 14.6184124, "x": 121.0094022, "street_count": 3, "highway": "" }, "geometry": { "type": "Point", "coordinates": [ 121.0094022, 14.6184124 ] } },
{ "type": "Feature", "properties": { "osmid": 32929758, "y": 14.6367382, "x": 121.0256049, "street_count": 3, "highway": "" }, "geometry": { "type": "Point", "coordinates": [ 121.0256049, 14.6367382 ] } },
{ "type": "Feature", "properties": { "osmid": 32929760, "y": 14.6366199, "x": 121.0272463, "street_count": 3, "highway": "" }, "geometry": { "type": "Point", "coordinates": [ 121.0272463, 14.6366199 ] } },
{ "type": "Feature", "properties": { "osmid": 130168804, "y": 14.6183591, "x": 121.0087158, "street_count": 3, "highway": "" }, "geometry": { "type": "Point", "coordinates": [ 121.0087158, 14.6183591 ] } },
{ "type": "Feature", "properties": { "osmid": 130168805, "y": 14.6183331, "x": 121.0083801, "street_count": 3, "highway": "" }, "geometry": { "type": "Point", "coordinates": [ 121.0083801, 14.6183331 ] } },
{ "type": "Feature", "properties": { "osmid": 6622140390, "y": 14.6354069, "x": 121.057893, "street_count": 3, "highway": "" }, "geometry": { "type": "Point", "coordinates": [ 121.057893, 14.6354069 ] } },
{ "type": "Feature", "properties": { "osmid": 130168807, "y": 14.6246257, "x": 121.039841, "street_count": 3, "highway": "traffic_signals" }, "geometry": { "type": "Point", "coordinates": [ 121.039841, 14.6246257 ] } },
{ "type": "Feature", "properties": { "osmid": 39598067, "y": 14.6368873, "x": 121.0255026, "street_count": 3, "highway": "" }, "geometry": { "type": "Point", "coordinates": [ 121.0255026, 14.6368873 ] } },
{ "type": "Feature", "properties": { "osmid": 5778970613, "y": 14.7253384, "x": 121.0488743, "street_count": 3, "highway": "" }, "geometry": { "type": "Point", "coordinates": [ 121.0488743, 14.7253384 ] } },
{ "type": "Feature", "properties": { "osmid": 6640187380, "y": 14.6188713, "x": 121.0431327, "street_count": 4, "highway": "" }, "geometry": { "type": "Point", "coordinates": [ 121.0431327, 14.6188713 ] } },
{ "type": "Feature", "properties": { "osmid": 260904951, "y": 14.7217058, "x": 121.0319168, "street_count": 3, "highway": "" }, "geometry": { "type": "Point", "coordinates": [ 121.0319168, 14.7217058 ] } },
{ "type": "Feature", "properties": { "osmid": 130168824, "y": 14.6215354, "x": 121.0481388, "street_count": 3, "highway": "" }, "geometry": { "type": "Point", "coordinates": [ 121.0481388, 14.6215354 ] } },
{ "type": "Feature", "properties": { "osmid": 260904953, "y": 14.7218073, "x": 121.0338986, "street_count": 3, "highway": "" }, "geometry": { "type": "Point", "coordinates": [ 121.0338986, 14.7218073 ] } },
{ "type": "Feature", "properties": { "osmid": 5778970618, "y": 14.7237126, "x": 121.0500325, "street_count": 3, "highway": "" }, "geometry": { "type": "Point", "coordinates": [ 121.0500325, 14.7237126 ] } },
{ "type": "Feature", "properties": { "osmid": 5778970619, "y": 14.723807, "x": 121.0501526, "street_count": 3, "highway": "" }, "geometry": { "type": "Point", "coordinates": [ 121.0501526, 14.723807 ] } },
{ "type": "Feature", "properties": { "osmid": 32520188, "y": 14.6333049, "x": 121.0744103, "street_count": 3, "highway": "" }, "geometry": { "type": "Point", "coordinates": [ 121.0744103, 14.6333049 ] } },
{ "type": "Feature", "properties": { "osmid": 505042941, "y": 14.619217, "x": 121.0034267, "street_count": 3, "highway": "" }, "geometry": { "type": "Point", "coordinates": [ 121.0034267, 14.619217 ] } },
{ "type": "Feature", "properties": { "osmid": 247019519, "y": 14.6699532, "x": 121.0326729, "street_count": 3, "highway": "" }, "geometry": { "type": "Point", "coordinates": [ 121.0326729, 14.6699532 ] } },
{ "type": "Feature", "properties": { "osmid": 1365497867, "y": 14.6179867, "x": 121.0020266, "street_count": 3, "highway": "" }, "geometry": { "type": "Point", "coordinates": [ 121.0020266, 14.6179867 ] } },
{ "type": "Feature", "properties": { "osmid": 885692429, "y": 14.6362269, "x": 121.029096, "street_count": 5, "highway": "traffic_signals" }, "geometry": { "type": "Point", "coordinates": [ 121.029096, 14.6362269 ] } },
{ "type": "Feature", "properties": { "osmid": 260904977, "y": 14.7231125, "x": 121.0316091, "street_count": 4, "highway": "" }, "geometry": { "type": "Point", "coordinates": [ 121.0316091, 14.7231125 ] } },
{ "type": "Feature", "properties": { "osmid": 8301369364, "y": 14.6468782, "x": 120.9951218, "street_count": 3, "highway": "traffic_signals" }, "geometry": { "type": "Point", "coordinates": [ 120.9951218, 14.6468782 ] } },
{ "type": "Feature", "properties": { "osmid": 5351790617, "y": 14.6334656, "x": 121.0416432, "street_count": 5, "highway": "traffic_signals" }, "geometry": { "type": "Point", "coordinates": [ 121.0416432, 14.6334656 ] } },
{ "type": "Feature", "properties": { "osmid": 6676060192, "y": 14.7398845, "x": 121.0469149, "street_count": 3, "highway": "" }, "geometry": { "type": "Point", "coordinates": [ 121.0469149, 14.7398845 ] } },
{ "type": "Feature", "properties": { "osmid": 60094500, "y": 14.6230252, "x": 121.0709835, "street_count": 3, "highway": "" }, "geometry": { "type": "Point", "coordinates": [ 121.0709835, 14.6230252 ] } },
{ "type": "Feature", "properties": { "osmid": 260904999, "y": 14.7239548, "x": 121.0301961, "street_count": 3, "highway": "" }, "geometry": { "type": "Point", "coordinates": [ 121.0301961, 14.7239548 ] } },
{ "type": "Feature", "properties": { "osmid": 251623463, "y": 14.7230691, "x": 121.0612305, "street_count": 4, "highway": "" }, "geometry": { "type": "Point", "coordinates": [ 121.0612305, 14.7230691 ] } },
{ "type": "Feature", "properties": { "osmid": 1629354032, "y": 14.6738073, "x": 121.0537102, "street_count": 3, "highway": "" }, "geometry": { "type": "Point", "coordinates": [ 121.0537102, 14.6738073 ] } },
{ "type": "Feature", "properties": { "osmid": 259348531, "y": 14.6851724, "x": 121.1033138, "street_count": 3, "highway": "" }, "geometry": { "type": "Point", "coordinates": [ 121.1033138, 14.6851724 ] } },
{ "type": "Feature", "properties": { "osmid": 962951230, "y": 14.6281532, "x": 121.0469454, "street_count": 3, "highway": "" }, "geometry": { "type": "Point", "coordinates": [ 121.0469454, 14.6281532 ] } },
{ "type": "Feature", "properties": { "osmid": 8314624074, "y": 14.6914629, "x": 121.0959516, "street_count": 3, "highway": "traffic_signals" }, "geometry": { "type": "Point", "coordinates": [ 121.0959516, 14.6914629 ] } },
{ "type": "Feature", "properties": { "osmid": 962951247, "y": 14.6280015, "x": 121.0470108, "street_count": 3, "highway": "" }, "geometry": { "type": "Point", "coordinates": [ 121.0470108, 14.6280015 ] } },
{ "type": "Feature", "properties": { "osmid": 5102565466, "y": 14.6384938, "x": 121.017274, "street_count": 4, "highway": "" }, "geometry": { "type": "Point", "coordinates": [ 121.017274, 14.6384938 ] } },
{ "type": "Feature", "properties": { "osmid": 616552540, "y": 14.6825499, "x": 121.0209679, "street_count": 3, "highway": "" }, "geometry": { "type": "Point", "coordinates": [ 121.0209679, 14.6825499 ] } },
{ "type": "Feature", "properties": { "osmid": 616552543, "y": 14.68242, "x": 121.0208544, "street_count": 3, "highway": "" }, "geometry": { "type": "Point", "coordinates": [ 121.0208544, 14.68242 ] } },
{ "type": "Feature", "properties": { "osmid": 5499066464, "y": 14.6667768, "x": 121.0722564, "street_count": 3, "highway": "" }, "geometry": { "type": "Point", "coordinates": [ 121.0722564, 14.6667768 ] } },
{ "type": "Feature", "properties": { "osmid": 261683299, "y": 14.7120713, "x": 121.0905965, "street_count": 3, "highway": "" }, "geometry": { "type": "Point", "coordinates": [ 121.0905965, 14.7120713 ] } },
{ "type": "Feature", "properties": { "osmid": 260905062, "y": 14.7217907, "x": 121.0333816, "street_count": 3, "highway": "" }, "geometry": { "type": "Point", "coordinates": [ 121.0333816, 14.7217907 ] } },
{ "type": "Feature", "properties": { "osmid": 260905064, "y": 14.721773, "x": 121.0328179, "street_count": 3, "highway": "" }, "geometry": { "type": "Point", "coordinates": [ 121.0328179, 14.721773 ] } },
{ "type": "Feature", "properties": { "osmid": 261683305, "y": 14.714736, "x": 121.0960237, "street_count": 3, "highway": "" }, "geometry": { "type": "Point", "coordinates": [ 121.0960237, 14.714736 ] } },
{ "type": "Feature", "properties": { "osmid": 260905066, "y": 14.7241912, "x": 121.0278229, "street_count": 3, "highway": "" }, "geometry": { "type": "Point", "coordinates": [ 121.0278229, 14.7241912 ] } },
{ "type": "Feature", "properties": { "osmid": 40818794, "y": 14.633297, "x": 121.0200274, "street_count": 3, "highway": "" }, "geometry": { "type": "Point", "coordinates": [ 121.0200274, 14.633297 ] } },
{ "type": "Feature", "properties": { "osmid": 251082873, "y": 14.6683955, "x": 121.0088372, "street_count": 4, "highway": "" }, "geometry": { "type": "Point", "coordinates": [ 121.0088372, 14.6683955 ] } },
{ "type": "Feature", "properties": { "osmid": 5475547264, "y": 14.6644014, "x": 121.0686781, "street_count": 3, "highway": "" }, "geometry": { "type": "Point", "coordinates": [ 121.0686781, 14.6644014 ] } },
{ "type": "Feature", "properties": { "osmid": 219986051, "y": 14.6724888, "x": 121.045464, "street_count": 4, "highway": "" }, "geometry": { "type": "Point", "coordinates": [ 121.045464, 14.6724888 ] } },
{ "type": "Feature", "properties": { "osmid": 5475547278, "y": 14.665208, "x": 121.07063, "street_count": 3, "highway": "" }, "geometry": { "type": "Point", "coordinates": [ 121.07063, 14.665208 ] } },
{ "type": "Feature", "properties": { "osmid": 1432336530, "y": 14.6831656, "x": 121.0320477, "street_count": 3, "highway": "" }, "geometry": { "type": "Point", "coordinates": [ 121.0320477, 14.6831656 ] } },
{ "type": "Feature", "properties": { "osmid": 605288596, "y": 14.634822, "x": 121.0587602, "street_count": 2, "highway": "" }, "geometry": { "type": "Point", "coordinates": [ 121.0587602, 14.634822 ] } },
{ "type": "Feature", "properties": { "osmid": 1432336532, "y": 14.6831643, "x": 121.0318751, "street_count": 3, "highway": "" }, "geometry": { "type": "Point", "coordinates": [ 121.0318751, 14.6831643 ] } },
{ "type": "Feature", "properties": { "osmid": 605288600, "y": 14.6352578, "x": 121.0586322, "street_count": 2, "highway": "crossing" }, "geometry": { "type": "Point", "coordinates": [ 121.0586322, 14.6352578 ] } },
{ "type": "Feature", "properties": { "osmid": 1323448476, "y": 14.6851921, "x": 121.0236872, "street_count": 3, "highway": "" }, "geometry": { "type": "Point", "coordinates": [ 121.0236872, 14.6851921 ] } },
{ "type": "Feature", "properties": { "osmid": 306542749, "y": 14.6473967, "x": 121.0600849, "street_count": 3, "highway": "" }, "geometry": { "type": "Point", "coordinates": [ 121.0600849, 14.6473967 ] } },
{ "type": "Feature", "properties": { "osmid": 219986079, "y": 14.6718209, "x": 121.0430903, "street_count": 3, "highway": "" }, "geometry": { "type": "Point", "coordinates": [ 121.0430903, 14.6718209 ] } },
{ "type": "Feature", "properties": { "osmid": 1615157419, "y": 14.6369199, "x": 121.018258, "street_count": 3, "highway": "" }, "geometry": { "type": "Point", "coordinates": [ 121.018258, 14.6369199 ] } },
{ "type": "Feature", "properties": { "osmid": 246782128, "y": 14.6991767, "x": 121.0874404, "street_count": 3, "highway": "" }, "geometry": { "type": "Point", "coordinates": [ 121.0874404, 14.6991767 ] } },
{ "type": "Feature", "properties": { "osmid": 5475547313, "y": 14.6632073, "x": 121.0667275, "street_count": 3, "highway": "" }, "geometry": { "type": "Point", "coordinates": [ 121.0667275, 14.6632073 ] } },
{ "type": "Feature", "properties": { "osmid": 5292873905, "y": 14.6513589, "x": 121.0465813, "street_count": 3, "highway": "" }, "geometry": { "type": "Point", "coordinates": [ 121.0465813, 14.6513589 ] } },
{ "type": "Feature", "properties": { "osmid": 2466216116, "y": 14.6999736, "x": 121.0872363, "street_count": 3, "highway": "" }, "geometry": { "type": "Point", "coordinates": [ 121.0872363, 14.6999736 ] } },
{ "type": "Feature", "properties": { "osmid": 260905148, "y": 14.7257342, "x": 121.0256165, "street_count": 3, "highway": "" }, "geometry": { "type": "Point", "coordinates": [ 121.0256165, 14.7257342 ] } },
{ "type": "Feature", "properties": { "osmid": 1735964860, "y": 14.5911045, "x": 121.0579747, "street_count": 3, "highway": "milestone" }, "geometry": { "type": "Point", "coordinates": [ 121.0579747, 14.5911045 ] } },
{ "type": "Feature", "properties": { "osmid": 306542783, "y": 14.6480544, "x": 121.0743035, "street_count": 3, "highway": "" }, "geometry": { "type": "Point", "coordinates": [ 121.0743035, 14.6480544 ] } },
{ "type": "Feature", "properties": { "osmid": 56137924, "y": 14.6391624, "x": 121.0069868, "street_count": 4, "highway": "traffic_signals" }, "geometry": { "type": "Point", "coordinates": [ 121.0069868, 14.6391624 ] } },
{ "type": "Feature", "properties": { "osmid": 56137932, "y": 14.6391259, "x": 121.0066887, "street_count": 4, "highway": "traffic_signals" }, "geometry": { "type": "Point", "coordinates": [ 121.0066887, 14.6391259 ] } },
{ "type": "Feature", "properties": { "osmid": 1278007501, "y": 14.6216057, "x": 121.0058084, "street_count": 3, "highway": "" }, "geometry": { "type": "Point", "coordinates": [ 121.0058084, 14.6216057 ] } },
{ "type": "Feature", "properties": { "osmid": 260896974, "y": 14.7288496, "x": 121.0423763, "street_count": 3, "highway": "" }, "geometry": { "type": "Point", "coordinates": [ 121.0423763, 14.7288496 ] } },
{ "type": "Feature", "properties": { "osmid": 1278007503, "y": 14.6214942, "x": 121.005905, "street_count": 3, "highway": "" }, "geometry": { "type": "Point", "coordinates": [ 121.005905, 14.6214942 ] } },
{ "type": "Feature", "properties": { "osmid": 8354101457, "y": 14.6290418, "x": 121.0325526, "street_count": 3, "highway": "" }, "geometry": { "type": "Point", "coordinates": [ 121.0325526, 14.6290418 ] } },
{ "type": "Feature", "properties": { "osmid": 1278007505, "y": 14.6245838, "x": 121.0090553, "street_count": 3, "highway": "" }, "geometry": { "type": "Point", "coordinates": [ 121.0090553, 14.6245838 ] } },
{ "type": "Feature", "properties": { "osmid": 3908262098, "y": 14.5923758, "x": 121.0799161, "street_count": 3, "highway": "" }, "geometry": { "type": "Point", "coordinates": [ 121.0799161, 14.5923758 ] } },
{ "type": "Feature", "properties": { "osmid": 8354101458, "y": 14.6289565, "x": 121.0325315, "street_count": 3, "highway": "" }, "geometry": { "type": "Point", "coordinates": [ 121.0325315, 14.6289565 ] } },
{ "type": "Feature", "properties": { "osmid": 1278007506, "y": 14.6245044, "x": 121.0091955, "street_count": 3, "highway": "" }, "geometry": { "type": "Point", "coordinates": [ 121.0091955, 14.6245044 ] } },
{ "type": "Feature", "properties": { "osmid": 251623641, "y": 14.7355408, "x": 121.0694447, "street_count": 4, "highway": "" }, "geometry": { "type": "Point", "coordinates": [ 121.0694447, 14.7355408 ] } },
{ "type": "Feature", "properties": { "osmid": 681146586, "y": 14.6351585, "x": 121.0435568, "street_count": 3, "highway": "" }, "geometry": { "type": "Point", "coordinates": [ 121.0435568, 14.6351585 ] } },
{ "type": "Feature", "properties": { "osmid": 8340814047, "y": 14.6274348, "x": 121.0343282, "street_count": 3, "highway": "" }, "geometry": { "type": "Point", "coordinates": [ 121.0343282, 14.6274348 ] } },
{ "type": "Feature", "properties": { "osmid": 8340814048, "y": 14.628736, "x": 121.0339735, "street_count": 4, "highway": "" }, "geometry": { "type": "Point", "coordinates": [ 121.0339735, 14.628736 ] } },
{ "type": "Feature", "properties": { "osmid": 12029548770, "y": 14.6211241, "x": 121.0492165, "street_count": 3, "highway": "" }, "geometry": { "type": "Point", "coordinates": [ 121.0492165, 14.6211241 ] } },
{ "type": "Feature", "properties": { "osmid": 219936994, "y": 14.6653358, "x": 121.0290869, "street_count": 4, "highway": "" }, "geometry": { "type": "Point", "coordinates": [ 121.0290869, 14.6653358 ] } },
{ "type": "Feature", "properties": { "osmid": 12029548771, "y": 14.6210862, "x": 121.0492344, "street_count": 3, "highway": "" }, "geometry": { "type": "Point", "coordinates": [ 121.0492344, 14.6210862 ] } },
{ "type": "Feature", "properties": { "osmid": 10153777379, "y": 14.6126444, "x": 121.0627701, "street_count": 3, "highway": "" }, "geometry": { "type": "Point", "coordinates": [ 121.0627701, 14.6126444 ] } },
{ "type": "Feature", "properties": { "osmid": 1627781350, "y": 14.6343026, "x": 121.035221, "street_count": 3, "highway": "" }, "geometry": { "type": "Point", "coordinates": [ 121.035221, 14.6343026 ] } },
{ "type": "Feature", "properties": { "osmid": 8657803496, "y": 14.7316236, "x": 121.0611356, "street_count": 3, "highway": "" }, "geometry": { "type": "Point", "coordinates": [ 121.0611356, 14.7316236 ] } },
{ "type": "Feature", "properties": { "osmid": 8657803497, "y": 14.7316228, "x": 121.0612644, "street_count": 3, "highway": "" }, "geometry": { "type": "Point", "coordinates": [ 121.0612644, 14.7316228 ] } },
{ "type": "Feature", "properties": { "osmid": 3812153580, "y": 14.6904594, "x": 121.0277133, "street_count": 4, "highway": "traffic_signals" }, "geometry": { "type": "Point", "coordinates": [ 121.0277133, 14.6904594 ] } },
{ "type": "Feature", "properties": { "osmid": 251082990, "y": 14.6860644, "x": 121.0317931, "street_count": 3, "highway": "" }, "geometry": { "type": "Point", "coordinates": [ 121.0317931, 14.6860644 ] } },
{ "type": "Feature", "properties": { "osmid": 56137973, "y": 14.6383729, "x": 121.0009421, "street_count": 4, "highway": "traffic_signals" }, "geometry": { "type": "Point", "coordinates": [ 121.0009421, 14.6383729 ] } },
{ "type": "Feature", "properties": { "osmid": 72980726, "y": 14.6305837, "x": 121.0111754, "street_count": 4, "highway": "" }, "geometry": { "type": "Point", "coordinates": [ 121.0111754, 14.6305837 ] } },
{ "type": "Feature", "properties": { "osmid": 56137974, "y": 14.6374467, "x": 120.9939068, "street_count": 3, "highway": "" }, "geometry": { "type": "Point", "coordinates": [ 120.9939068, 14.6374467 ] } },
{ "type": "Feature", "properties": { "osmid": 252844280, "y": 14.7001238, "x": 121.0889791, "street_count": 3, "highway": "" }, "geometry": { "type": "Point", "coordinates": [ 121.0889791, 14.7001238 ] } },
{ "type": "Feature", "properties": { "osmid": 677337339, "y": 14.630283, "x": 121.019406, "street_count": 3, "highway": "" }, "geometry": { "type": "Point", "coordinates": [ 121.019406, 14.630283 ] } },
{ "type": "Feature", "properties": { "osmid": 8654092545, "y": 14.6422158, "x": 121.0058497, "street_count": 3, "highway": "" }, "geometry": { "type": "Point", "coordinates": [ 121.0058497, 14.6422158 ] } },
{ "type": "Feature", "properties": { "osmid": 252844302, "y": 14.7001342, "x": 121.0906334, "street_count": 3, "highway": "" }, "geometry": { "type": "Point", "coordinates": [ 121.0906334, 14.7001342 ] } },
{ "type": "Feature", "properties": { "osmid": 7340579087, "y": 14.7050312, "x": 121.0821212, "street_count": 3, "highway": "" }, "geometry": { "type": "Point", "coordinates": [ 121.0821212, 14.7050312 ] } },
{ "type": "Feature", "properties": { "osmid": 129702162, "y": 14.6717115, "x": 121.0789913, "street_count": 3, "highway": "" }, "geometry": { "type": "Point", "coordinates": [ 121.0789913, 14.6717115 ] } },
{ "type": "Feature", "properties": { "osmid": 1497962778, "y": 14.6317936, "x": 121.0455552, "street_count": 3, "highway": "" }, "geometry": { "type": "Point", "coordinates": [ 121.0455552, 14.6317936 ] } },
{ "type": "Feature", "properties": { "osmid": 127457567, "y": 14.6620425, "x": 121.0548798, "street_count": 3, "highway": "" }, "geometry": { "type": "Point", "coordinates": [ 121.0548798, 14.6620425 ] } },
{ "type": "Feature", "properties": { "osmid": 39598048, "y": 14.6466671, "x": 121.0173756, "street_count": 3, "highway": "" }, "geometry": { "type": "Point", "coordinates": [ 121.0173756, 14.6466671 ] } },
{ "type": "Feature", "properties": { "osmid": 764098855, "y": 14.6380048, "x": 121.0461124, "street_count": 3, "highway": "traffic_signals" }, "geometry": { "type": "Point", "coordinates": [ 121.0461124, 14.6380048 ] } },
{ "type": "Feature", "properties": { "osmid": 764098856, "y": 14.6461203, "x": 121.0409187, "street_count": 4, "highway": "traffic_signals" }, "geometry": { "type": "Point", "coordinates": [ 121.0409187, 14.6461203 ] } },
{ "type": "Feature", "properties": { "osmid": 41941291, "y": 14.6243232, "x": 121.0360773, "street_count": 3, "highway": "" }, "geometry": { "type": "Point", "coordinates": [ 121.0360773, 14.6243232 ] } },
{ "type": "Feature", "properties": { "osmid": 764098860, "y": 14.6462749, "x": 121.0406132, "street_count": 4, "highway": "traffic_signals" }, "geometry": { "type": "Point", "coordinates": [ 121.0406132, 14.6462749 ] } },
{ "type": "Feature", "properties": { "osmid": 764098862, "y": 14.6460522, "x": 121.0408097, "street_count": 4, "highway": "traffic_signals" }, "geometry": { "type": "Point", "coordinates": [ 121.0408097, 14.6460522 ] } },
{ "type": "Feature", "properties": { "osmid": 860690743, "y": 14.6914158, "x": 121.0961032, "street_count": 4, "highway": "traffic_signals" }, "geometry": { "type": "Point", "coordinates": [ 121.0961032, 14.6914158 ] } },
{ "type": "Feature", "properties": { "osmid": 860690745, "y": 14.6890279, "x": 121.0936184, "street_count": 4, "highway": "" }, "geometry": { "type": "Point", "coordinates": [ 121.0936184, 14.6890279 ] } },
{ "type": "Feature", "properties": { "osmid": 72980795, "y": 14.6397219, "x": 121.011291, "street_count": 3, "highway": "" }, "geometry": { "type": "Point", "coordinates": [ 121.011291, 14.6397219 ] } },
{ "type": "Feature", "properties": { "osmid": 860690746, "y": 14.6870815, "x": 121.0915898, "street_count": 3, "highway": "" }, "geometry": { "type": "Point", "coordinates": [ 121.0915898, 14.6870815 ] } },
{ "type": "Feature", "properties": { "osmid": 245864761, "y": 14.6408202, "x": 121.0468809, "street_count": 3, "highway": "" }, "geometry": { "type": "Point", "coordinates": [ 121.0468809, 14.6408202 ] } },
{ "type": "Feature", "properties": { "osmid": 260897089, "y": 14.7090816, "x": 121.0391371, "street_count": 3, "highway": "" }, "geometry": { "type": "Point", "coordinates": [ 121.0391371, 14.7090816 ] } },
{ "type": "Feature", "properties": { "osmid": 860690755, "y": 14.6913629, "x": 121.096049, "street_count": 4, "highway": "traffic_signals" }, "geometry": { "type": "Point", "coordinates": [ 121.096049, 14.6913629 ] } },
{ "type": "Feature", "properties": { "osmid": 315791694, "y": 14.6189364, "x": 121.0149879, "street_count": 4, "highway": "traffic_signals" }, "geometry": { "type": "Point", "coordinates": [ 121.0149879, 14.6189364 ] } },
{ "type": "Feature", "properties": { "osmid": 251107667, "y": 14.7005911, "x": 121.0227976, "street_count": 3, "highway": "" }, "geometry": { "type": "Point", "coordinates": [ 121.0227976, 14.7005911 ] } },
{ "type": "Feature", "properties": { "osmid": 614537555, "y": 14.69211, "x": 121.0249443, "street_count": 3, "highway": "" }, "geometry": { "type": "Point", "coordinates": [ 121.0249443, 14.69211 ] } },
{ "type": "Feature", "properties": { "osmid": 614537559, "y": 14.6922555, "x": 121.0249615, "street_count": 3, "highway": "" }, "geometry": { "type": "Point", "coordinates": [ 121.0249615, 14.6922555 ] } },
{ "type": "Feature", "properties": { "osmid": 219986270, "y": 14.6715847, "x": 121.0433222, "street_count": 3, "highway": "" }, "geometry": { "type": "Point", "coordinates": [ 121.0433222, 14.6715847 ] } },
{ "type": "Feature", "properties": { "osmid": 32618855, "y": 14.6328274, "x": 121.0596963, "street_count": 4, "highway": "" }, "geometry": { "type": "Point", "coordinates": [ 121.0596963, 14.6328274 ] } },
{ "type": "Feature", "properties": { "osmid": 39598442, "y": 14.6335441, "x": 121.0181341, "street_count": 4, "highway": "" }, "geometry": { "type": "Point", "coordinates": [ 121.0181341, 14.6335441 ] } },
{ "type": "Feature", "properties": { "osmid": 5286795628, "y": 14.647287, "x": 121.0519439, "street_count": 3, "highway": "" }, "geometry": { "type": "Point", "coordinates": [ 121.0519439, 14.647287 ] } },
{ "type": "Feature", "properties": { "osmid": 5378038126, "y": 14.6380171, "x": 121.0259867, "street_count": 3, "highway": "" }, "geometry": { "type": "Point", "coordinates": [ 121.0259867, 14.6380171 ] } },
{ "type": "Feature", "properties": { "osmid": 5286795634, "y": 14.6488181, "x": 121.0509507, "street_count": 3, "highway": "" }, "geometry": { "type": "Point", "coordinates": [ 121.0509507, 14.6488181 ] } },
{ "type": "Feature", "properties": { "osmid": 251107699, "y": 14.7019754, "x": 121.0226871, "street_count": 4, "highway": "" }, "geometry": { "type": "Point", "coordinates": [ 121.0226871, 14.7019754 ] } },
{ "type": "Feature", "properties": { "osmid": 602954102, "y": 14.6979571, "x": 121.0871565, "street_count": 3, "highway": "" }, "geometry": { "type": "Point", "coordinates": [ 121.0871565, 14.6979571 ] } },
{ "type": "Feature", "properties": { "osmid": 1352563063, "y": 14.6839883, "x": 121.0860169, "street_count": 3, "highway": "" }, "geometry": { "type": "Point", "coordinates": [ 121.0860169, 14.6839883 ] } },
{ "type": "Feature", "properties": { "osmid": 1352563065, "y": 14.6837954, "x": 121.085486, "street_count": 4, "highway": "" }, "geometry": { "type": "Point", "coordinates": [ 121.085486, 14.6837954 ] } },
{ "type": "Feature", "properties": { "osmid": 25008513, "y": 14.6237414, "x": 121.074347, "street_count": 3, "highway": "" }, "geometry": { "type": "Point", "coordinates": [ 121.074347, 14.6237414 ] } },
{ "type": "Feature", "properties": { "osmid": 408787330, "y": 14.7193945, "x": 121.100497, "street_count": 3, "highway": "" }, "geometry": { "type": "Point", "coordinates": [ 121.100497, 14.7193945 ] } },
{ "type": "Feature", "properties": { "osmid": 245864846, "y": 14.6368358, "x": 121.0514868, "street_count": 3, "highway": "" }, "geometry": { "type": "Point", "coordinates": [ 121.0514868, 14.6368358 ] } },
{ "type": "Feature", "properties": { "osmid": 12120709519, "y": 14.6498921, "x": 121.0472805, "street_count": 3, "highway": "" }, "geometry": { "type": "Point", "coordinates": [ 121.0472805, 14.6498921 ] } },
{ "type": "Feature", "properties": { "osmid": 312719760, "y": 14.7200663, "x": 121.0202282, "street_count": 3, "highway": "" }, "geometry": { "type": "Point", "coordinates": [ 121.0202282, 14.7200663 ] } },
{ "type": "Feature", "properties": { "osmid": 32618898, "y": 14.6303914, "x": 121.061399, "street_count": 4, "highway": "" }, "geometry": { "type": "Point", "coordinates": [ 121.061399, 14.6303914 ] } },
{ "type": "Feature", "properties": { "osmid": 12120709523, "y": 14.6503435, "x": 121.046977, "street_count": 3, "highway": "" }, "geometry": { "type": "Point", "coordinates": [ 121.046977, 14.6503435 ] } },
{ "type": "Feature", "properties": { "osmid": 6328416662, "y": 14.6486353, "x": 121.0511513, "street_count": 3, "highway": "crossing" }, "geometry": { "type": "Point", "coordinates": [ 121.0511513, 14.6486353 ] } },
{ "type": "Feature", "properties": { "osmid": 32618910, "y": 14.6308053, "x": 121.0611828, "street_count": 4, "highway": "" }, "geometry": { "type": "Point", "coordinates": [ 121.0611828, 14.6308053 ] } },
{ "type": "Feature", "properties": { "osmid": 10125334943, "y": 14.7107381, "x": 121.0907064, "street_count": 3, "highway": "" }, "geometry": { "type": "Point", "coordinates": [ 121.0907064, 14.7107381 ] } },
{ "type": "Feature", "properties": { "osmid": 5735922081, "y": 14.6867988, "x": 121.0873507, "street_count": 3, "highway": "" }, "geometry": { "type": "Point", "coordinates": [ 121.0873507, 14.6867988 ] } },
{ "type": "Feature", "properties": { "osmid": 260897189, "y": 14.7162277, "x": 121.0404124, "street_count": 3, "highway": "" }, "geometry": { "type": "Point", "coordinates": [ 121.0404124, 14.7162277 ] } },
{ "type": "Feature", "properties": { "osmid": 12083435944, "y": 14.6870917, "x": 121.0248754, "street_count": 3, "highway": "" }, "geometry": { "type": "Point", "coordinates": [ 121.0248754, 14.6870917 ] } },
{ "type": "Feature", "properties": { "osmid": 12083435945, "y": 14.6871327, "x": 121.0248208, "street_count": 4, "highway": "" }, "geometry": { "type": "Point", "coordinates": [ 121.0248208, 14.6871327 ] } },
{ "type": "Feature", "properties": { "osmid": 12083435946, "y": 14.6868341, "x": 121.0245944, "street_count": 3, "highway": "" }, "geometry": { "type": "Point", "coordinates": [ 121.0245944, 14.6868341 ] } },
{ "type": "Feature", "properties": { "osmid": 12083435947, "y": 14.6867915, "x": 121.0246535, "street_count": 4, "highway": "" }, "geometry": { "type": "Point", "coordinates": [ 121.0246535, 14.6867915 ] } },
{ "type": "Feature", "properties": { "osmid": 654596525, "y": 14.6718921, "x": 121.0434804, "street_count": 4, "highway": "traffic_signals" }, "geometry": { "type": "Point", "coordinates": [ 121.0434804, 14.6718921 ] } },
{ "type": "Feature", "properties": { "osmid": 654596527, "y": 14.6723775, "x": 121.0456438, "street_count": 4, "highway": "" }, "geometry": { "type": "Point", "coordinates": [ 121.0456438, 14.6723775 ] } },
{ "type": "Feature", "properties": { "osmid": 251083185, "y": 14.7051721, "x": 121.0755004, "street_count": 4, "highway": "" }, "geometry": { "type": "Point", "coordinates": [ 121.0755004, 14.7051721 ] } },
{ "type": "Feature", "properties": { "osmid": 32618931, "y": 14.6316603, "x": 121.0607189, "street_count": 3, "highway": "traffic_signals" }, "geometry": { "type": "Point", "coordinates": [ 121.0607189, 14.6316603 ] } },
{ "type": "Feature", "properties": { "osmid": 251083189, "y": 14.7050861, "x": 121.0818816, "street_count": 3, "highway": "" }, "geometry": { "type": "Point", "coordinates": [ 121.0818816, 14.7050861 ] } },
{ "type": "Feature", "properties": { "osmid": 260905401, "y": 14.7193131, "x": 121.0232376, "street_count": 3, "highway": "" }, "geometry": { "type": "Point", "coordinates": [ 121.0232376, 14.7193131 ] } },
{ "type": "Feature", "properties": { "osmid": 251107770, "y": 14.6950181, "x": 121.0260205, "street_count": 3, "highway": "" }, "geometry": { "type": "Point", "coordinates": [ 121.0260205, 14.6950181 ] } },
{ "type": "Feature", "properties": { "osmid": 32618943, "y": 14.6298695, "x": 121.0705332, "street_count": 3, "highway": "" }, "geometry": { "type": "Point", "coordinates": [ 121.0705332, 14.6298695 ] } },
{ "type": "Feature", "properties": { "osmid": 251623873, "y": 14.7224861, "x": 121.0612301, "street_count": 4, "highway": "" }, "geometry": { "type": "Point", "coordinates": [ 121.0612301, 14.7224861 ] } },
{ "type": "Feature", "properties": { "osmid": 24623554, "y": 14.7008171, "x": 121.0885158, "street_count": 3, "highway": "" }, "geometry": { "type": "Point", "coordinates": [ 121.0885158, 14.7008171 ] } },
{ "type": "Feature", "properties": { "osmid": 1202895299, "y": 14.6571272, "x": 121.0576801, "street_count": 3, "highway": "" }, "geometry": { "type": "Point", "coordinates": [ 121.0576801, 14.6571272 ] } },
{ "type": "Feature", "properties": { "osmid": 260905412, "y": 14.7244625, "x": 121.0268324, "street_count": 3, "highway": "" }, "geometry": { "type": "Point", "coordinates": [ 121.0268324, 14.7244625 ] } },
{ "type": "Feature", "properties": { "osmid": 32618949, "y": 14.6236128, "x": 121.0732759, "street_count": 3, "highway": "" }, "geometry": { "type": "Point", "coordinates": [ 121.0732759, 14.6236128 ] } },
{ "type": "Feature", "properties": { "osmid": 260905414, "y": 14.7243939, "x": 121.0270506, "street_count": 3, "highway": "" }, "geometry": { "type": "Point", "coordinates": [ 121.0270506, 14.7243939 ] } },
{ "type": "Feature", "properties": { "osmid": 251083214, "y": 14.7148359, "x": 121.0976505, "street_count": 3, "highway": "" }, "geometry": { "type": "Point", "coordinates": [ 121.0976505, 14.7148359 ] } },
{ "type": "Feature", "properties": { "osmid": 251107799, "y": 14.6944614, "x": 121.0260249, "street_count": 3, "highway": "" }, "geometry": { "type": "Point", "coordinates": [ 121.0260249, 14.6944614 ] } },
{ "type": "Feature", "properties": { "osmid": 1886566875, "y": 14.7445126, "x": 121.0779397, "street_count": 3, "highway": "" }, "geometry": { "type": "Point", "coordinates": [ 121.0779397, 14.7445126 ] } },
{ "type": "Feature", "properties": { "osmid": 312719839, "y": 14.7209028, "x": 121.0289928, "street_count": 3, "highway": "" }, "geometry": { "type": "Point", "coordinates": [ 121.0289928, 14.7209028 ] } },
{ "type": "Feature", "properties": { "osmid": 462068195, "y": 14.632551, "x": 121.0448471, "street_count": 3, "highway": "" }, "geometry": { "type": "Point", "coordinates": [ 121.0448471, 14.632551 ] } },
{ "type": "Feature", "properties": { "osmid": 251107812, "y": 14.6958235, "x": 121.0238816, "street_count": 4, "highway": "" }, "geometry": { "type": "Point", "coordinates": [ 121.0238816, 14.6958235 ] } },
{ "type": "Feature", "properties": { "osmid": 2859301350, "y": 14.6906729, "x": 121.0966237, "street_count": 3, "highway": "" }, "geometry": { "type": "Point", "coordinates": [ 121.0966237, 14.6906729 ] } },
{ "type": "Feature", "properties": { "osmid": 245864936, "y": 14.6365901, "x": 121.0526156, "street_count": 3, "highway": "" }, "geometry": { "type": "Point", "coordinates": [ 121.0526156, 14.6365901 ] } },
{ "type": "Feature", "properties": { "osmid": 32618986, "y": 14.6264444, "x": 121.0604218, "street_count": 4, "highway": "traffic_signals" }, "geometry": { "type": "Point", "coordinates": [ 121.0604218, 14.6264444 ] } },
{ "type": "Feature", "properties": { "osmid": 32618987, "y": 14.6211826, "x": 121.062947, "street_count": 4, "highway": "traffic_signals" }, "geometry": { "type": "Point", "coordinates": [ 121.062947, 14.6211826 ] } },
{ "type": "Feature", "properties": { "osmid": 505043437, "y": 14.6193536, "x": 121.0032987, "street_count": 3, "highway": "" }, "geometry": { "type": "Point", "coordinates": [ 121.0032987, 14.6193536 ] } },
{ "type": "Feature", "properties": { "osmid": 364575216, "y": 14.6117388, "x": 121.0756099, "street_count": 4, "highway": "" }, "geometry": { "type": "Point", "coordinates": [ 121.0756099, 14.6117388 ] } },
{ "type": "Feature", "properties": { "osmid": 452811250, "y": 14.6560816, "x": 121.0273055, "street_count": 3, "highway": "" }, "geometry": { "type": "Point", "coordinates": [ 121.0273055, 14.6560816 ] } },
{ "type": "Feature", "properties": { "osmid": 260897272, "y": 14.7084887, "x": 121.039013, "street_count": 3, "highway": "" }, "geometry": { "type": "Point", "coordinates": [ 121.039013, 14.7084887 ] } },
{ "type": "Feature", "properties": { "osmid": 5431114234, "y": 14.6384615, "x": 121.0260831, "street_count": 3, "highway": "" }, "geometry": { "type": "Point", "coordinates": [ 121.0260831, 14.6384615 ] } },
{ "type": "Feature", "properties": { "osmid": 5880330753, "y": 14.6739001, "x": 121.0541389, "street_count": 3, "highway": "" }, "geometry": { "type": "Point", "coordinates": [ 121.0541389, 14.6739001 ] } },
{ "type": "Feature", "properties": { "osmid": 32619010, "y": 14.6209217, "x": 121.0729341, "street_count": 3, "highway": "" }, "geometry": { "type": "Point", "coordinates": [ 121.0729341, 14.6209217 ] } },
{ "type": "Feature", "properties": { "osmid": 5880330754, "y": 14.6737806, "x": 121.0541274, "street_count": 3, "highway": "" }, "geometry": { "type": "Point", "coordinates": [ 121.0541274, 14.6737806 ] } },
{ "type": "Feature", "properties": { "osmid": 6454106629, "y": 14.6939155, "x": 121.0306617, "street_count": 3, "highway": "" }, "geometry": { "type": "Point", "coordinates": [ 121.0306617, 14.6939155 ] } },
{ "type": "Feature", "properties": { "osmid": 5555354118, "y": 14.6554564, "x": 120.999384, "street_count": 3, "highway": "" }, "geometry": { "type": "Point", "coordinates": [ 120.999384, 14.6554564 ] } },
{ "type": "Feature", "properties": { "osmid": 2503531015, "y": 14.6877249, "x": 121.0922449, "street_count": 3, "highway": "" }, "geometry": { "type": "Point", "coordinates": [ 121.0922449, 14.6877249 ] } },
{ "type": "Feature", "properties": { "osmid": 260897301, "y": 14.7098801, "x": 121.0393382, "street_count": 3, "highway": "" }, "geometry": { "type": "Point", "coordinates": [ 121.0393382, 14.7098801 ] } },
{ "type": "Feature", "properties": { "osmid": 860789270, "y": 14.6729027, "x": 121.0479401, "street_count": 3, "highway": "" }, "geometry": { "type": "Point", "coordinates": [ 121.0479401, 14.6729027 ] } },
{ "type": "Feature", "properties": { "osmid": 1848285725, "y": 14.6691214, "x": 121.0351736, "street_count": 4, "highway": "" }, "geometry": { "type": "Point", "coordinates": [ 121.0351736, 14.6691214 ] } },
{ "type": "Feature", "properties": { "osmid": 8310544927, "y": 14.6857908, "x": 121.102597, "street_count": 4, "highway": "" }, "geometry": { "type": "Point", "coordinates": [ 121.102597, 14.6857908 ] } },
{ "type": "Feature", "properties": { "osmid": 8310544928, "y": 14.6857368, "x": 121.1025555, "street_count": 3, "highway": "" }, "geometry": { "type": "Point", "coordinates": [ 121.1025555, 14.6857368 ] } },
{ "type": "Feature", "properties": { "osmid": 12115524128, "y": 14.6317267, "x": 121.0175271, "street_count": 3, "highway": "" }, "geometry": { "type": "Point", "coordinates": [ 121.0175271, 14.6317267 ] } },
{ "type": "Feature", "properties": { "osmid": 860789282, "y": 14.6686004, "x": 121.0685647, "street_count": 3, "highway": "" }, "geometry": { "type": "Point", "coordinates": [ 121.0685647, 14.6686004 ] } },
{ "type": "Feature", "properties": { "osmid": 251623971, "y": 14.7179646, "x": 121.0548063, "street_count": 4, "highway": "" }, "geometry": { "type": "Point", "coordinates": [ 121.0548063, 14.7179646 ] } },
{ "type": "Feature", "properties": { "osmid": 251623968, "y": 14.7277195, "x": 121.0589328, "street_count": 3, "highway": "" }, "geometry": { "type": "Point", "coordinates": [ 121.0589328, 14.7277195 ] } },
{ "type": "Feature", "properties": { "osmid": 219740702, "y": 14.6576182, "x": 121.0454984, "street_count": 4, "highway": "" }, "geometry": { "type": "Point", "coordinates": [ 121.0454984, 14.6576182 ] } },
{ "type": "Feature", "properties": { "osmid": 117086764, "y": 14.623547, "x": 121.0079278, "street_count": 3, "highway": "traffic_signals" }, "geometry": { "type": "Point", "coordinates": [ 121.0079278, 14.623547 ] } },
{ "type": "Feature", "properties": { "osmid": 860789298, "y": 14.673018, "x": 121.0479051, "street_count": 3, "highway": "" }, "geometry": { "type": "Point", "coordinates": [ 121.0479051, 14.673018 ] } },
{ "type": "Feature", "properties": { "osmid": 148904506, "y": 14.7007999, "x": 121.0349215, "street_count": 3, "highway": "traffic_signals" }, "geometry": { "type": "Point", "coordinates": [ 121.0349215, 14.7007999 ] } },
{ "type": "Feature", "properties": { "osmid": 288463431, "y": 14.6494834, "x": 121.0342732, "street_count": 3, "highway": "" }, "geometry": { "type": "Point", "coordinates": [ 121.0342732, 14.6494834 ] } },
{ "type": "Feature", "properties": { "osmid": 11561359948, "y": 14.62124, "x": 121.0224669, "street_count": 3, "highway": "" }, "geometry": { "type": "Point", "coordinates": [ 121.0224669, 14.62124 ] } },
{ "type": "Feature", "properties": { "osmid": 260897357, "y": 14.7217596, "x": 121.0325162, "street_count": 3, "highway": "" }, "geometry": { "type": "Point", "coordinates": [ 121.0325162, 14.7217596 ] } },
{ "type": "Feature", "properties": { "osmid": 88783440, "y": 14.6556223, "x": 121.0293904, "street_count": 3, "highway": "motorway_junction" }, "geometry": { "type": "Point", "coordinates": [ 121.0293904, 14.6556223 ] } },
{ "type": "Feature", "properties": { "osmid": 253180499, "y": 14.6872842, "x": 121.1003348, "street_count": 3, "highway": "" }, "geometry": { "type": "Point", "coordinates": [ 121.1003348, 14.6872842 ] } },
{ "type": "Feature", "properties": { "osmid": 523958868, "y": 14.6214709, "x": 121.0500025, "street_count": 4, "highway": "traffic_signals" }, "geometry": { "type": "Point", "coordinates": [ 121.0500025, 14.6214709 ] } },
{ "type": "Feature", "properties": { "osmid": 251624028, "y": 14.7253427, "x": 121.0612359, "street_count": 3, "highway": "" }, "geometry": { "type": "Point", "coordinates": [ 121.0612359, 14.7253427 ] } },
{ "type": "Feature", "properties": { "osmid": 246782558, "y": 14.6245408, "x": 121.0566024, "street_count": 4, "highway": "" }, "geometry": { "type": "Point", "coordinates": [ 121.0566024, 14.6245408 ] } },
{ "type": "Feature", "properties": { "osmid": 251107938, "y": 14.7114154, "x": 121.0209674, "street_count": 3, "highway": "" }, "geometry": { "type": "Point", "coordinates": [ 121.0209674, 14.7114154 ] } },
{ "type": "Feature", "properties": { "osmid": 251624041, "y": 14.7354341, "x": 121.0674415, "street_count": 4, "highway": "traffic_signals" }, "geometry": { "type": "Point", "coordinates": [ 121.0674415, 14.7354341 ] } },
{ "type": "Feature", "properties": { "osmid": 34019953, "y": 14.6425346, "x": 121.0747606, "street_count": 3, "highway": "traffic_signals" }, "geometry": { "type": "Point", "coordinates": [ 121.0747606, 14.6425346 ] } },
{ "type": "Feature", "properties": { "osmid": 253180532, "y": 14.6892374, "x": 121.0979003, "street_count": 4, "highway": "" }, "geometry": { "type": "Point", "coordinates": [ 121.0979003, 14.6892374 ] } },
{ "type": "Feature", "properties": { "osmid": 6118136437, "y": 14.6641464, "x": 121.0683387, "street_count": 3, "highway": "" }, "geometry": { "type": "Point", "coordinates": [ 121.0683387, 14.6641464 ] } },
{ "type": "Feature", "properties": { "osmid": 246782585, "y": 14.6167047, "x": 121.0158757, "street_count": 3, "highway": "" }, "geometry": { "type": "Point", "coordinates": [ 121.0158757, 14.6167047 ] } },
{ "type": "Feature", "properties": { "osmid": 8382970491, "y": 14.7342875, "x": 121.0545572, "street_count": 3, "highway": "" }, "geometry": { "type": "Point", "coordinates": [ 121.0545572, 14.7342875 ] } },
{ "type": "Feature", "properties": { "osmid": 8641993343, "y": 14.672786, "x": 121.0615415, "street_count": 3, "highway": "" }, "geometry": { "type": "Point", "coordinates": [ 121.0615415, 14.672786 ] } },
{ "type": "Feature", "properties": { "osmid": 246782593, "y": 14.6968016, "x": 121.0875252, "street_count": 3, "highway": "" }, "geometry": { "type": "Point", "coordinates": [ 121.0875252, 14.6968016 ] } },
{ "type": "Feature", "properties": { "osmid": 32569986, "y": 14.6311855, "x": 121.0473446, "street_count": 3, "highway": "" }, "geometry": { "type": "Point", "coordinates": [ 121.0473446, 14.6311855 ] } },
{ "type": "Feature", "properties": { "osmid": 32569985, "y": 14.6325515, "x": 121.0520719, "street_count": 3, "highway": "" }, "geometry": { "type": "Point", "coordinates": [ 121.0520719, 14.6325515 ] } },
{ "type": "Feature", "properties": { "osmid": 8594864819, "y": 14.6179599, "x": 121.0556518, "street_count": 4, "highway": "traffic_signals" }, "geometry": { "type": "Point", "coordinates": [ 121.0556518, 14.6179599 ] } },
{ "type": "Feature", "properties": { "osmid": 8594864823, "y": 14.6174404, "x": 121.0550665, "street_count": 3, "highway": "" }, "geometry": { "type": "Point", "coordinates": [ 121.0550665, 14.6174404 ] } },
{ "type": "Feature", "properties": { "osmid": 12444293816, "y": 14.6553205, "x": 121.0319099, "street_count": 3, "highway": "" }, "geometry": { "type": "Point", "coordinates": [ 121.0319099, 14.6553205 ] } },
{ "type": "Feature", "properties": { "osmid": 8594864824, "y": 14.6175883, "x": 121.0551314, "street_count": 4, "highway": "traffic_signals" }, "geometry": { "type": "Point", "coordinates": [ 121.0551314, 14.6175883 ] } },
{ "type": "Feature", "properties": { "osmid": 12444293818, "y": 14.6552289, "x": 121.0323319, "street_count": 3, "highway": "" }, "geometry": { "type": "Point", "coordinates": [ 121.0323319, 14.6552289 ] } },
{ "type": "Feature", "properties": { "osmid": 12444293821, "y": 14.6907196, "x": 121.0279349, "street_count": 3, "highway": "traffic_signals" }, "geometry": { "type": "Point", "coordinates": [ 121.0279349, 14.6907196 ] } },
{ "type": "Feature", "properties": { "osmid": 5286148799, "y": 14.6543439, "x": 121.0355022, "street_count": 3, "highway": "" }, "geometry": { "type": "Point", "coordinates": [ 121.0355022, 14.6543439 ] } },
{ "type": "Feature", "properties": { "osmid": 12444293820, "y": 14.6906605, "x": 121.0279932, "street_count": 4, "highway": "traffic_signals" }, "geometry": { "type": "Point", "coordinates": [ 121.0279932, 14.6906605 ] } },
{ "type": "Feature", "properties": { "osmid": 260897476, "y": 14.7281085, "x": 121.0377221, "street_count": 3, "highway": "" }, "geometry": { "type": "Point", "coordinates": [ 121.0377221, 14.7281085 ] } },
{ "type": "Feature", "properties": { "osmid": 266640072, "y": 14.5906715, "x": 121.0616022, "street_count": 3, "highway": "" }, "geometry": { "type": "Point", "coordinates": [ 121.0616022, 14.5906715 ] } },
{ "type": "Feature", "properties": { "osmid": 337435339, "y": 14.642785, "x": 121.0270854, "street_count": 4, "highway": "traffic_signals" }, "geometry": { "type": "Point", "coordinates": [ 121.0270854, 14.642785 ] } },
{ "type": "Feature", "properties": { "osmid": 67738325, "y": 14.6376435, "x": 120.9932504, "street_count": 4, "highway": "" }, "geometry": { "type": "Point", "coordinates": [ 120.9932504, 14.6376435 ] } },
{ "type": "Feature", "properties": { "osmid": 1111849690, "y": 14.6617499, "x": 121.0454651, "street_count": 3, "highway": "" }, "geometry": { "type": "Point", "coordinates": [ 121.0454651, 14.6617499 ] } },
{ "type": "Feature", "properties": { "osmid": 5310986973, "y": 14.7028858, "x": 121.0225207, "street_count": 3, "highway": "" }, "geometry": { "type": "Point", "coordinates": [ 121.0225207, 14.7028858 ] } },
{ "type": "Feature", "properties": { "osmid": 219962082, "y": 14.6716242, "x": 121.0323477, "street_count": 3, "highway": "" }, "geometry": { "type": "Point", "coordinates": [ 121.0323477, 14.6716242 ] } },
{ "type": "Feature", "properties": { "osmid": 245865187, "y": 14.6364699, "x": 121.0531791, "street_count": 3, "highway": "" }, "geometry": { "type": "Point", "coordinates": [ 121.0531791, 14.6364699 ] } },
{ "type": "Feature", "properties": { "osmid": 7079099107, "y": 14.6574369, "x": 121.0016296, "street_count": 3, "highway": "motorway_junction" }, "geometry": { "type": "Point", "coordinates": [ 121.0016296, 14.6574369 ] } },
{ "type": "Feature", "properties": { "osmid": 246782704, "y": 14.6989386, "x": 121.092081, "street_count": 3, "highway": "" }, "geometry": { "type": "Point", "coordinates": [ 121.092081, 14.6989386 ] } },
{ "type": "Feature", "properties": { "osmid": 249248505, "y": 14.6463365, "x": 121.0279477, "street_count": 3, "highway": "" }, "geometry": { "type": "Point", "coordinates": [ 121.0279477, 14.6463365 ] } },
{ "type": "Feature", "properties": { "osmid": 2633235193, "y": 14.69937, "x": 121.0916549, "street_count": 3, "highway": "" }, "geometry": { "type": "Point", "coordinates": [ 121.0916549, 14.69937 ] } },
{ "type": "Feature", "properties": { "osmid": 1137646332, "y": 14.6086903, "x": 121.0775225, "street_count": 3, "highway": "" }, "geometry": { "type": "Point", "coordinates": [ 121.0775225, 14.6086903 ] } },
{ "type": "Feature", "properties": { "osmid": 245865214, "y": 14.6363342, "x": 121.0538083, "street_count": 3, "highway": "" }, "geometry": { "type": "Point", "coordinates": [ 121.0538083, 14.6363342 ] } },
{ "type": "Feature", "properties": { "osmid": 1137646334, "y": 14.6085692, "x": 121.0773845, "street_count": 3, "highway": "" }, "geometry": { "type": "Point", "coordinates": [ 121.0773845, 14.6085692 ] } },
{ "type": "Feature", "properties": { "osmid": 9883466496, "y": 14.6442217, "x": 121.0373346, "street_count": 4, "highway": "" }, "geometry": { "type": "Point", "coordinates": [ 121.0373346, 14.6442217 ] } },
{ "type": "Feature", "properties": { "osmid": 2075769602, "y": 14.623761, "x": 121.043777, "street_count": 3, "highway": "" }, "geometry": { "type": "Point", "coordinates": [ 121.043777, 14.623761 ] } },
{ "type": "Feature", "properties": { "osmid": 60979973, "y": 14.6370634, "x": 121.050473, "street_count": 3, "highway": "" }, "geometry": { "type": "Point", "coordinates": [ 121.050473, 14.6370634 ] } },
{ "type": "Feature", "properties": { "osmid": 9883466502, "y": 14.6442919, "x": 121.0372893, "street_count": 4, "highway": "" }, "geometry": { "type": "Point", "coordinates": [ 121.0372893, 14.6442919 ] } },
{ "type": "Feature", "properties": { "osmid": 9883466508, "y": 14.6441029, "x": 121.0377447, "street_count": 4, "highway": "" }, "geometry": { "type": "Point", "coordinates": [ 121.0377447, 14.6441029 ] } },
{ "type": "Feature", "properties": { "osmid": 9883466514, "y": 14.6433821, "x": 121.0382606, "street_count": 3, "highway": "" }, "geometry": { "type": "Point", "coordinates": [ 121.0382606, 14.6433821 ] } },
{ "type": "Feature", "properties": { "osmid": 12099009300, "y": 14.6334585, "x": 121.045019, "street_count": 3, "highway": "" }, "geometry": { "type": "Point", "coordinates": [ 121.045019, 14.6334585 ] } },
{ "type": "Feature", "properties": { "osmid": 11370445592, "y": 14.6871913, "x": 121.1003781, "street_count": 3, "highway": "" }, "geometry": { "type": "Point", "coordinates": [ 121.1003781, 14.6871913 ] } },
{ "type": "Feature", "properties": { "osmid": 12047981341, "y": 14.6017808, "x": 121.0793775, "street_count": 3, "highway": "" }, "geometry": { "type": "Point", "coordinates": [ 121.0793775, 14.6017808 ] } },
{ "type": "Feature", "properties": { "osmid": 5351799586, "y": 14.6343701, "x": 121.0374699, "street_count": 4, "highway": "traffic_signals" }, "geometry": { "type": "Point", "coordinates": [ 121.0374699, 14.6343701 ] } },
{ "type": "Feature", "properties": { "osmid": 246782755, "y": 14.6301845, "x": 121.0172392, "street_count": 3, "highway": "" }, "geometry": { "type": "Point", "coordinates": [ 121.0172392, 14.6301845 ] } },
{ "type": "Feature", "properties": { "osmid": 2461178663, "y": 14.6764877, "x": 121.0420135, "street_count": 3, "highway": "" }, "geometry": { "type": "Point", "coordinates": [ 121.0420135, 14.6764877 ] } },
{ "type": "Feature", "properties": { "osmid": 600218408, "y": 14.6559474, "x": 121.0291062, "street_count": 3, "highway": "" }, "geometry": { "type": "Point", "coordinates": [ 121.0291062, 14.6559474 ] } },
{ "type": "Feature", "properties": { "osmid": 600218410, "y": 14.6560007, "x": 121.0288633, "street_count": 3, "highway": "" }, "geometry": { "type": "Point", "coordinates": [ 121.0288633, 14.6560007 ] } },
{ "type": "Feature", "properties": { "osmid": 600218409, "y": 14.655973, "x": 121.0289865, "street_count": 3, "highway": "" }, "geometry": { "type": "Point", "coordinates": [ 121.0289865, 14.655973 ] } },
{ "type": "Feature", "properties": { "osmid": 122960687, "y": 14.6720261, "x": 121.0434897, "street_count": 4, "highway": "traffic_signals" }, "geometry": { "type": "Point", "coordinates": [ 121.0434897, 14.6720261 ] } },
{ "type": "Feature", "properties": { "osmid": 60980032, "y": 14.6364973, "x": 121.0252101, "street_count": 3, "highway": "" }, "geometry": { "type": "Point", "coordinates": [ 121.0252101, 14.6364973 ] } },
{ "type": "Feature", "properties": { "osmid": 60980035, "y": 14.634865, "x": 121.0225667, "street_count": 3, "highway": "" }, "geometry": { "type": "Point", "coordinates": [ 121.0225667, 14.634865 ] } },
{ "type": "Feature", "properties": { "osmid": 35453764, "y": 14.6567024, "x": 121.0002077, "street_count": 4, "highway": "" }, "geometry": { "type": "Point", "coordinates": [ 121.0002077, 14.6567024 ] } },
{ "type": "Feature", "properties": { "osmid": 1307360068, "y": 14.6858236, "x": 121.1025509, "street_count": 4, "highway": "" }, "geometry": { "type": "Point", "coordinates": [ 121.1025509, 14.6858236 ] } },
{ "type": "Feature", "properties": { "osmid": 127482694, "y": 14.6715685, "x": 121.0784395, "street_count": 3, "highway": "" }, "geometry": { "type": "Point", "coordinates": [ 121.0784395, 14.6715685 ] } },
{ "type": "Feature", "properties": { "osmid": 718388044, "y": 14.6898694, "x": 121.0286611, "street_count": 3, "highway": "" }, "geometry": { "type": "Point", "coordinates": [ 121.0286611, 14.6898694 ] } },
{ "type": "Feature", "properties": { "osmid": 12085967693, "y": 14.6747236, "x": 121.0144237, "street_count": 2, "highway": "" }, "geometry": { "type": "Point", "coordinates": [ 121.0144237, 14.6747236 ] } },
{ "type": "Feature", "properties": { "osmid": 12085967694, "y": 14.6753285, "x": 121.0148979, "street_count": 2, "highway": "" }, "geometry": { "type": "Point", "coordinates": [ 121.0148979, 14.6753285 ] } },
{ "type": "Feature", "properties": { "osmid": 60095311, "y": 14.6198152, "x": 121.0586365, "street_count": 3, "highway": "" }, "geometry": { "type": "Point", "coordinates": [ 121.0586365, 14.6198152 ] } },
{ "type": "Feature", "properties": { "osmid": 246782801, "y": 14.6208788, "x": 121.0213248, "street_count": 3, "highway": "traffic_signals" }, "geometry": { "type": "Point", "coordinates": [ 121.0213248, 14.6208788 ] } },
{ "type": "Feature", "properties": { "osmid": 246782803, "y": 14.6464234, "x": 121.052471, "street_count": 3, "highway": "" }, "geometry": { "type": "Point", "coordinates": [ 121.052471, 14.6464234 ] } },
{ "type": "Feature", "properties": { "osmid": 117087067, "y": 14.6244062, "x": 121.0071118, "street_count": 4, "highway": "" }, "geometry": { "type": "Point", "coordinates": [ 121.0071118, 14.6244062 ] } },
{ "type": "Feature", "properties": { "osmid": 117087069, "y": 14.6251077, "x": 121.0064456, "street_count": 4, "highway": "" }, "geometry": { "type": "Point", "coordinates": [ 121.0064456, 14.6251077 ] } },
{ "type": "Feature", "properties": { "osmid": 728341344, "y": 14.6661136, "x": 121.0719416, "street_count": 3, "highway": "" }, "geometry": { "type": "Point", "coordinates": [ 121.0719416, 14.6661136 ] } },
{ "type": "Feature", "properties": { "osmid": 8302558057, "y": 14.6469285, "x": 121.074471, "street_count": 3, "highway": "" }, "geometry": { "type": "Point", "coordinates": [ 121.074471, 14.6469285 ] } },
{ "type": "Feature", "properties": { "osmid": 191593322, "y": 14.6345198, "x": 121.0454064, "street_count": 3, "highway": "" }, "geometry": { "type": "Point", "coordinates": [ 121.0454064, 14.6345198 ] } },
{ "type": "Feature", "properties": { "osmid": 2162170729, "y": 14.66101, "x": 121.0643419, "street_count": 3, "highway": "" }, "geometry": { "type": "Point", "coordinates": [ 121.0643419, 14.66101 ] } },
{ "type": "Feature", "properties": { "osmid": 246782846, "y": 14.6371169, "x": 121.0419839, "street_count": 3, "highway": "" }, "geometry": { "type": "Point", "coordinates": [ 121.0419839, 14.6371169 ] } },
{ "type": "Feature", "properties": { "osmid": 306543501, "y": 14.5996153, "x": 121.079341, "street_count": 3, "highway": "" }, "geometry": { "type": "Point", "coordinates": [ 121.079341, 14.5996153 ] } },
{ "type": "Feature", "properties": { "osmid": 251108239, "y": 14.7049276, "x": 121.0218237, "street_count": 4, "highway": "" }, "geometry": { "type": "Point", "coordinates": [ 121.0218237, 14.7049276 ] } },
{ "type": "Feature", "properties": { "osmid": 306543505, "y": 14.599616, "x": 121.0795021, "street_count": 3, "highway": "" }, "geometry": { "type": "Point", "coordinates": [ 121.0795021, 14.599616 ] } },
{ "type": "Feature", "properties": { "osmid": 12128566166, "y": 14.6779108, "x": 121.0829056, "street_count": 3, "highway": "" }, "geometry": { "type": "Point", "coordinates": [ 121.0829056, 14.6779108 ] } },
{ "type": "Feature", "properties": { "osmid": 12128566167, "y": 14.6780613, "x": 121.0829773, "street_count": 3, "highway": "" }, "geometry": { "type": "Point", "coordinates": [ 121.0829773, 14.6780613 ] } },
{ "type": "Feature", "properties": { "osmid": 246782872, "y": 14.7111598, "x": 121.0612171, "street_count": 4, "highway": "" }, "geometry": { "type": "Point", "coordinates": [ 121.0612171, 14.7111598 ] } },
{ "type": "Feature", "properties": { "osmid": 246782878, "y": 14.6063774, "x": 121.0181257, "street_count": 3, "highway": "" }, "geometry": { "type": "Point", "coordinates": [ 121.0181257, 14.6063774 ] } },
{ "type": "Feature", "properties": { "osmid": 246782882, "y": 14.6412266, "x": 121.0468488, "street_count": 4, "highway": "traffic_signals" }, "geometry": { "type": "Point", "coordinates": [ 121.0468488, 14.6412266 ] } },
{ "type": "Feature", "properties": { "osmid": 8313142181, "y": 14.6086802, "x": 121.0456728, "street_count": 3, "highway": "" }, "geometry": { "type": "Point", "coordinates": [ 121.0456728, 14.6086802 ] } },
{ "type": "Feature", "properties": { "osmid": 11395472294, "y": 14.6568747, "x": 121.0238004, "street_count": 3, "highway": "" }, "geometry": { "type": "Point", "coordinates": [ 121.0238004, 14.6568747 ] } },
{ "type": "Feature", "properties": { "osmid": 9744178088, "y": 14.6906535, "x": 121.0953411, "street_count": 3, "highway": "" }, "geometry": { "type": "Point", "coordinates": [ 121.0953411, 14.6906535 ] } },
{ "type": "Feature", "properties": { "osmid": 247716777, "y": 14.6929201, "x": 121.0298722, "street_count": 3, "highway": "" }, "geometry": { "type": "Point", "coordinates": [ 121.0298722, 14.6929201 ] } },
{ "type": "Feature", "properties": { "osmid": 25353129, "y": 14.6317342, "x": 121.0743251, "street_count": 4, "highway": "traffic_signals" }, "geometry": { "type": "Point", "coordinates": [ 121.0743251, 14.6317342 ] } },
{ "type": "Feature", "properties": { "osmid": 9744178089, "y": 14.6899657, "x": 121.0946252, "street_count": 3, "highway": "" }, "geometry": { "type": "Point", "coordinates": [ 121.0946252, 14.6899657 ] } },
{ "type": "Feature", "properties": { "osmid": 25353133, "y": 14.6325141, "x": 121.0758115, "street_count": 3, "highway": "" }, "geometry": { "type": "Point", "coordinates": [ 121.0758115, 14.6325141 ] } },
{ "type": "Feature", "properties": { "osmid": 103807919, "y": 14.6545004, "x": 121.0185748, "street_count": 4, "highway": "" }, "geometry": { "type": "Point", "coordinates": [ 121.0185748, 14.6545004 ] } },
{ "type": "Feature", "properties": { "osmid": 103807920, "y": 14.6529944, "x": 121.0183491, "street_count": 4, "highway": "traffic_signals" }, "geometry": { "type": "Point", "coordinates": [ 121.0183491, 14.6529944 ] } },
{ "type": "Feature", "properties": { "osmid": 88791985, "y": 14.6102291, "x": 121.0523463, "street_count": 3, "highway": "" }, "geometry": { "type": "Point", "coordinates": [ 121.0523463, 14.6102291 ] } },
{ "type": "Feature", "properties": { "osmid": 10983889857, "y": 14.6640077, "x": 121.0681276, "street_count": 4, "highway": "traffic_signals" }, "geometry": { "type": "Point", "coordinates": [ 121.0681276, 14.6640077 ] } },
{ "type": "Feature", "properties": { "osmid": 24624083, "y": 14.7215419, "x": 121.1113583, "street_count": 3, "highway": "" }, "geometry": { "type": "Point", "coordinates": [ 121.1113583, 14.7215419 ] } },
{ "type": "Feature", "properties": { "osmid": 246782941, "y": 14.6204968, "x": 121.0607695, "street_count": 3, "highway": "" }, "geometry": { "type": "Point", "coordinates": [ 121.0607695, 14.6204968 ] } },
{ "type": "Feature", "properties": { "osmid": 973552605, "y": 14.6161209, "x": 121.0524458, "street_count": 3, "highway": "" }, "geometry": { "type": "Point", "coordinates": [ 121.0524458, 14.6161209 ] } },
{ "type": "Feature", "properties": { "osmid": 6814792676, "y": 14.640679, "x": 121.0164418, "street_count": 3, "highway": "" }, "geometry": { "type": "Point", "coordinates": [ 121.0164418, 14.640679 ] } },
{ "type": "Feature", "properties": { "osmid": 321313769, "y": 14.6161828, "x": 121.0746143, "street_count": 4, "highway": "traffic_signals" }, "geometry": { "type": "Point", "coordinates": [ 121.0746143, 14.6161828 ] } },
{ "type": "Feature", "properties": { "osmid": 6814792683, "y": 14.6403676, "x": 121.0160671, "street_count": 4, "highway": "" }, "geometry": { "type": "Point", "coordinates": [ 121.0160671, 14.6403676 ] } },
{ "type": "Feature", "properties": { "osmid": 246782960, "y": 14.6242479, "x": 121.0428284, "street_count": 3, "highway": "" }, "geometry": { "type": "Point", "coordinates": [ 121.0428284, 14.6242479 ] } },
{ "type": "Feature", "properties": { "osmid": 681229298, "y": 14.6323519, "x": 121.0772868, "street_count": 3, "highway": "" }, "geometry": { "type": "Point", "coordinates": [ 121.0772868, 14.6323519 ] } },
{ "type": "Feature", "properties": { "osmid": 9735412724, "y": 14.6391837, "x": 121.0071627, "street_count": 3, "highway": "" }, "geometry": { "type": "Point", "coordinates": [ 121.0071627, 14.6391837 ] } },
{ "type": "Feature", "properties": { "osmid": 1338047477, "y": 14.6781462, "x": 121.0172802, "street_count": 3, "highway": "" }, "geometry": { "type": "Point", "coordinates": [ 121.0172802, 14.6781462 ] } },
{ "type": "Feature", "properties": { "osmid": 43080699, "y": 14.6326998, "x": 121.0017254, "street_count": 4, "highway": "traffic_signals" }, "geometry": { "type": "Point", "coordinates": [ 121.0017254, 14.6326998 ] } },
{ "type": "Feature", "properties": { "osmid": 12074204156, "y": 14.6989981, "x": 121.0338836, "street_count": 4, "highway": "" }, "geometry": { "type": "Point", "coordinates": [ 121.0338836, 14.6989981 ] } },
{ "type": "Feature", "properties": { "osmid": 303127547, "y": 14.6067752, "x": 121.0787405, "street_count": 3, "highway": "" }, "geometry": { "type": "Point", "coordinates": [ 121.0787405, 14.6067752 ] } },
{ "type": "Feature", "properties": { "osmid": 35453950, "y": 14.6574299, "x": 121.0007195, "street_count": 3, "highway": "" }, "geometry": { "type": "Point", "coordinates": [ 121.0007195, 14.6574299 ] } },
{ "type": "Feature", "properties": { "osmid": 11510389761, "y": 14.6071185, "x": 121.0386585, "street_count": 3, "highway": "" }, "geometry": { "type": "Point", "coordinates": [ 121.0386585, 14.6071185 ] } },
{ "type": "Feature", "properties": { "osmid": 8318434306, "y": 14.696815, "x": 121.0226941, "street_count": 4, "highway": "" }, "geometry": { "type": "Point", "coordinates": [ 121.0226941, 14.696815 ] } },
{ "type": "Feature", "properties": { "osmid": 4149894148, "y": 14.6835189, "x": 121.0853786, "street_count": 3, "highway": "" }, "geometry": { "type": "Point", "coordinates": [ 121.0853786, 14.6835189 ] } },
{ "type": "Feature", "properties": { "osmid": 5401140244, "y": 14.6336658, "x": 121.0180793, "street_count": 3, "highway": "" }, "geometry": { "type": "Point", "coordinates": [ 121.0180793, 14.6336658 ] } },
{ "type": "Feature", "properties": { "osmid": 973552665, "y": 14.616466, "x": 121.0522781, "street_count": 4, "highway": "traffic_signals" }, "geometry": { "type": "Point", "coordinates": [ 121.0522781, 14.616466 ] } },
{ "type": "Feature", "properties": { "osmid": 9956432921, "y": 14.6397123, "x": 121.0112211, "street_count": 3, "highway": "" }, "geometry": { "type": "Point", "coordinates": [ 121.0112211, 14.6397123 ] } },
{ "type": "Feature", "properties": { "osmid": 12120742939, "y": 14.738696, "x": 121.073559, "street_count": 3, "highway": "" }, "geometry": { "type": "Point", "coordinates": [ 121.073559, 14.738696 ] } },
{ "type": "Feature", "properties": { "osmid": 1162656796, "y": 14.6650635, "x": 121.035997, "street_count": 3, "highway": "" }, "geometry": { "type": "Point", "coordinates": [ 121.035997, 14.6650635 ] } },
{ "type": "Feature", "properties": { "osmid": 12120742940, "y": 14.7387565, "x": 121.0735121, "street_count": 4, "highway": "" }, "geometry": { "type": "Point", "coordinates": [ 121.0735121, 14.7387565 ] } },
{ "type": "Feature", "properties": { "osmid": 973552682, "y": 14.6164458, "x": 121.0526466, "street_count": 4, "highway": "traffic_signals" }, "geometry": { "type": "Point", "coordinates": [ 121.0526466, 14.6164458 ] } },
{ "type": "Feature", "properties": { "osmid": 317496364, "y": 14.6535093, "x": 121.0745134, "street_count": 3, "highway": "" }, "geometry": { "type": "Point", "coordinates": [ 121.0745134, 14.6535093 ] } },
{ "type": "Feature", "properties": { "osmid": 260897838, "y": 14.710702, "x": 121.0395305, "street_count": 3, "highway": "" }, "geometry": { "type": "Point", "coordinates": [ 121.0395305, 14.710702 ] } },
{ "type": "Feature", "properties": { "osmid": 29670456, "y": 14.6177653, "x": 121.0014816, "street_count": 3, "highway": "" }, "geometry": { "type": "Point", "coordinates": [ 121.0014816, 14.6177653 ] } },
{ "type": "Feature", "properties": { "osmid": 246783032, "y": 14.6194217, "x": 121.0440909, "street_count": 4, "highway": "traffic_signals" }, "geometry": { "type": "Point", "coordinates": [ 121.0440909, 14.6194217 ] } },
{ "type": "Feature", "properties": { "osmid": 29670458, "y": 14.617615, "x": 121.0018003, "street_count": 3, "highway": "" }, "geometry": { "type": "Point", "coordinates": [ 121.0018003, 14.617615 ] } },
{ "type": "Feature", "properties": { "osmid": 253180986, "y": 14.6885347, "x": 121.0983637, "street_count": 4, "highway": "" }, "geometry": { "type": "Point", "coordinates": [ 121.0983637, 14.6885347 ] } },
{ "type": "Feature", "properties": { "osmid": 33471551, "y": 14.6319065, "x": 121.074334, "street_count": 4, "highway": "traffic_signals" }, "geometry": { "type": "Point", "coordinates": [ 121.074334, 14.6319065 ] } },
{ "type": "Feature", "properties": { "osmid": 261684287, "y": 14.7221795, "x": 121.1093105, "street_count": 3, "highway": "" }, "geometry": { "type": "Point", "coordinates": [ 121.1093105, 14.7221795 ] } },
{ "type": "Feature", "properties": { "osmid": 33471553, "y": 14.6215848, "x": 121.0502586, "street_count": 4, "highway": "traffic_signals" }, "geometry": { "type": "Point", "coordinates": [ 121.0502586, 14.6215848 ] } },
{ "type": "Feature", "properties": { "osmid": 5766134850, "y": 14.6511367, "x": 121.0591362, "street_count": 3, "highway": "" }, "geometry": { "type": "Point", "coordinates": [ 121.0591362, 14.6511367 ] } },
{ "type": "Feature", "properties": { "osmid": 33471554, "y": 14.6248314, "x": 121.0571838, "street_count": 4, "highway": "traffic_signals" }, "geometry": { "type": "Point", "coordinates": [ 121.0571838, 14.6248314 ] } },
{ "type": "Feature", "properties": { "osmid": 7252220992, "y": 14.6439792, "x": 120.9953438, "street_count": 4, "highway": "motorway_junction" }, "geometry": { "type": "Point", "coordinates": [ 120.9953438, 14.6439792 ] } },
{ "type": "Feature", "properties": { "osmid": 33471556, "y": 14.6277159, "x": 121.0632396, "street_count": 3, "highway": "traffic_signals" }, "geometry": { "type": "Point", "coordinates": [ 121.0632396, 14.6277159 ] } },
{ "type": "Feature", "properties": { "osmid": 33471558, "y": 14.6275702, "x": 121.0741068, "street_count": 3, "highway": "" }, "geometry": { "type": "Point", "coordinates": [ 121.0741068, 14.6275702 ] } },
{ "type": "Feature", "properties": { "osmid": 33471559, "y": 14.6275925, "x": 121.0742358, "street_count": 3, "highway": "motorway_junction" }, "geometry": { "type": "Point", "coordinates": [ 121.0742358, 14.6275925 ] } },
{ "type": "Feature", "properties": { "osmid": 26647626, "y": 14.6305057, "x": 121.0158131, "street_count": 3, "highway": "" }, "geometry": { "type": "Point", "coordinates": [ 121.0158131, 14.6305057 ] } },
{ "type": "Feature", "properties": { "osmid": 1800207443, "y": 14.6659317, "x": 121.0702695, "street_count": 3, "highway": "" }, "geometry": { "type": "Point", "coordinates": [ 121.0702695, 14.6659317 ] } },
{ "type": "Feature", "properties": { "osmid": 591608920, "y": 14.7086767, "x": 121.0390501, "street_count": 3, "highway": "" }, "geometry": { "type": "Point", "coordinates": [ 121.0390501, 14.7086767 ] } },
{ "type": "Feature", "properties": { "osmid": 6791797854, "y": 14.6652748, "x": 121.0434945, "street_count": 3, "highway": "" }, "geometry": { "type": "Point", "coordinates": [ 121.0434945, 14.6652748 ] } },
{ "type": "Feature", "properties": { "osmid": 5286026336, "y": 14.6164636, "x": 121.053576, "street_count": 3, "highway": "" }, "geometry": { "type": "Point", "coordinates": [ 121.053576, 14.6164636 ] } },
{ "type": "Feature", "properties": { "osmid": 35454049, "y": 14.6559966, "x": 120.9996262, "street_count": 3, "highway": "" }, "geometry": { "type": "Point", "coordinates": [ 120.9996262, 14.6559966 ] } },
{ "type": "Feature", "properties": { "osmid": 48749668, "y": 14.6212867, "x": 121.0489373, "street_count": 3, "highway": "" }, "geometry": { "type": "Point", "coordinates": [ 121.0489373, 14.6212867 ] } },
{ "type": "Feature", "properties": { "osmid": 8708136038, "y": 14.6228624, "x": 121.0530901, "street_count": 3, "highway": "" }, "geometry": { "type": "Point", "coordinates": [ 121.0530901, 14.6228624 ] } },
{ "type": "Feature", "properties": { "osmid": 24624248, "y": 14.7270229, "x": 121.1148984, "street_count": 3, "highway": "" }, "geometry": { "type": "Point", "coordinates": [ 121.1148984, 14.7270229 ] } },
{ "type": "Feature", "properties": { "osmid": 1408318589, "y": 14.6504725, "x": 120.9965201, "street_count": 3, "highway": "" }, "geometry": { "type": "Point", "coordinates": [ 120.9965201, 14.6504725 ] } },
{ "type": "Feature", "properties": { "osmid": 246783104, "y": 14.6190316, "x": 121.0435788, "street_count": 4, "highway": "" }, "geometry": { "type": "Point", "coordinates": [ 121.0435788, 14.6190316 ] } },
{ "type": "Feature", "properties": { "osmid": 26647683, "y": 14.6296523, "x": 121.0297457, "street_count": 4, "highway": "traffic_signals" }, "geometry": { "type": "Point", "coordinates": [ 121.0297457, 14.6296523 ] } },
{ "type": "Feature", "properties": { "osmid": 321313925, "y": 14.6161699, "x": 121.0748148, "street_count": 3, "highway": "" }, "geometry": { "type": "Point", "coordinates": [ 121.0748148, 14.6161699 ] } },
{ "type": "Feature", "properties": { "osmid": 321313928, "y": 14.6163311, "x": 121.0761375, "street_count": 3, "highway": "" }, "geometry": { "type": "Point", "coordinates": [ 121.0761375, 14.6163311 ] } },
{ "type": "Feature", "properties": { "osmid": 5286026380, "y": 14.6213533, "x": 121.0483593, "street_count": 3, "highway": "" }, "geometry": { "type": "Point", "coordinates": [ 121.0483593, 14.6213533 ] } },
{ "type": "Feature", "properties": { "osmid": 246783118, "y": 14.6311947, "x": 121.0221953, "street_count": 4, "highway": "" }, "geometry": { "type": "Point", "coordinates": [ 121.0221953, 14.6311947 ] } },
{ "type": "Feature", "properties": { "osmid": 9901530262, "y": 14.6241635, "x": 121.0339789, "street_count": 3, "highway": "" }, "geometry": { "type": "Point", "coordinates": [ 121.0339789, 14.6241635 ] } },
{ "type": "Feature", "properties": { "osmid": 5828730006, "y": 14.7371375, "x": 121.0475124, "street_count": 3, "highway": "" }, "geometry": { "type": "Point", "coordinates": [ 121.0475124, 14.7371375 ] } },
{ "type": "Feature", "properties": { "osmid": 607812776, "y": 14.6162908, "x": 121.0747711, "street_count": 3, "highway": "traffic_signals" }, "geometry": { "type": "Point", "coordinates": [ 121.0747711, 14.6162908 ] } },
{ "type": "Feature", "properties": { "osmid": 5475548328, "y": 14.6639874, "x": 121.0680958, "street_count": 3, "highway": "" }, "geometry": { "type": "Point", "coordinates": [ 121.0680958, 14.6639874 ] } },
{ "type": "Feature", "properties": { "osmid": 6541384873, "y": 14.6558041, "x": 120.9996593, "street_count": 3, "highway": "" }, "geometry": { "type": "Point", "coordinates": [ 120.9996593, 14.6558041 ] } },
{ "type": "Feature", "properties": { "osmid": 148905131, "y": 14.7058189, "x": 121.0382299, "street_count": 3, "highway": "" }, "geometry": { "type": "Point", "coordinates": [ 121.0382299, 14.7058189 ] } },
{ "type": "Feature", "properties": { "osmid": 253181101, "y": 14.6885795, "x": 121.098423, "street_count": 4, "highway": "" }, "geometry": { "type": "Point", "coordinates": [ 121.098423, 14.6885795 ] } },
{ "type": "Feature", "properties": { "osmid": 148905134, "y": 14.714969, "x": 121.040407, "street_count": 3, "highway": "" }, "geometry": { "type": "Point", "coordinates": [ 121.040407, 14.714969 ] } },
{ "type": "Feature", "properties": { "osmid": 12006694065, "y": 14.6135007, "x": 121.0663203, "street_count": 3, "highway": "" }, "geometry": { "type": "Point", "coordinates": [ 121.0663203, 14.6135007 ] } },
{ "type": "Feature", "properties": { "osmid": 1074584753, "y": 14.6658735, "x": 121.0314411, "street_count": 4, "highway": "" }, "geometry": { "type": "Point", "coordinates": [ 121.0314411, 14.6658735 ] } },
{ "type": "Feature", "properties": { "osmid": 1074584763, "y": 14.6652207, "x": 121.0291207, "street_count": 4, "highway": "" }, "geometry": { "type": "Point", "coordinates": [ 121.0291207, 14.6652207 ] } },
{ "type": "Feature", "properties": { "osmid": 189938881, "y": 14.633876, "x": 121.0565849, "street_count": 3, "highway": "" }, "geometry": { "type": "Point", "coordinates": [ 121.0565849, 14.633876 ] } },
{ "type": "Feature", "properties": { "osmid": 250543304, "y": 14.6745093, "x": 121.0469387, "street_count": 4, "highway": "" }, "geometry": { "type": "Point", "coordinates": [ 121.0469387, 14.6745093 ] } },
{ "type": "Feature", "properties": { "osmid": 1137212632, "y": 14.6618944, "x": 121.0648865, "street_count": 3, "highway": "" }, "geometry": { "type": "Point", "coordinates": [ 121.0648865, 14.6618944 ] } },
{ "type": "Feature", "properties": { "osmid": 5682216161, "y": 14.7050947, "x": 121.0818245, "street_count": 3, "highway": "" }, "geometry": { "type": "Point", "coordinates": [ 121.0818245, 14.7050947 ] } },
{ "type": "Feature", "properties": { "osmid": 5682216162, "y": 14.7050778, "x": 121.0819366, "street_count": 3, "highway": "" }, "geometry": { "type": "Point", "coordinates": [ 121.0819366, 14.7050778 ] } },
{ "type": "Feature", "properties": { "osmid": 72686822, "y": 14.7243949, "x": 121.0555208, "street_count": 4, "highway": "" }, "geometry": { "type": "Point", "coordinates": [ 121.0555208, 14.7243949 ] } },
{ "type": "Feature", "properties": { "osmid": 72686823, "y": 14.7267096, "x": 121.0580344, "street_count": 5, "highway": "traffic_signals" }, "geometry": { "type": "Point", "coordinates": [ 121.0580344, 14.7267096 ] } },
{ "type": "Feature", "properties": { "osmid": 250543335, "y": 14.6577024, "x": 121.0159895, "street_count": 3, "highway": "" }, "geometry": { "type": "Point", "coordinates": [ 121.0159895, 14.6577024 ] } },
{ "type": "Feature", "properties": { "osmid": 5682216169, "y": 14.7047117, "x": 121.0818804, "street_count": 3, "highway": "" }, "geometry": { "type": "Point", "coordinates": [ 121.0818804, 14.7047117 ] } },
{ "type": "Feature", "properties": { "osmid": 11572034794, "y": 14.590634, "x": 121.0616461, "street_count": 3, "highway": "" }, "geometry": { "type": "Point", "coordinates": [ 121.0616461, 14.590634 ] } },
{ "type": "Feature", "properties": { "osmid": 5682216170, "y": 14.7047393, "x": 121.0817377, "street_count": 3, "highway": "" }, "geometry": { "type": "Point", "coordinates": [ 121.0817377, 14.7047393 ] } },
{ "type": "Feature", "properties": { "osmid": 117087466, "y": 14.6218395, "x": 121.0060579, "street_count": 3, "highway": "" }, "geometry": { "type": "Point", "coordinates": [ 121.0060579, 14.6218395 ] } },
{ "type": "Feature", "properties": { "osmid": 72686835, "y": 14.7217949, "x": 121.052698, "street_count": 4, "highway": "" }, "geometry": { "type": "Point", "coordinates": [ 121.052698, 14.7217949 ] } },
{ "type": "Feature", "properties": { "osmid": 246783222, "y": 14.6428463, "x": 121.0542395, "street_count": 4, "highway": "" }, "geometry": { "type": "Point", "coordinates": [ 121.0542395, 14.6428463 ] } },
{ "type": "Feature", "properties": { "osmid": 409533688, "y": 14.7196607, "x": 121.1003879, "street_count": 3, "highway": "" }, "geometry": { "type": "Point", "coordinates": [ 121.1003879, 14.7196607 ] } },
{ "type": "Feature", "properties": { "osmid": 72686847, "y": 14.7212575, "x": 121.0521244, "street_count": 4, "highway": "traffic_signals" }, "geometry": { "type": "Point", "coordinates": [ 121.0521244, 14.7212575 ] } },
{ "type": "Feature", "properties": { "osmid": 246783235, "y": 14.6179758, "x": 121.0516027, "street_count": 3, "highway": "" }, "geometry": { "type": "Point", "coordinates": [ 121.0516027, 14.6179758 ] } },
{ "type": "Feature", "properties": { "osmid": 72686853, "y": 14.7213398, "x": 121.0522131, "street_count": 4, "highway": "traffic_signals" }, "geometry": { "type": "Point", "coordinates": [ 121.0522131, 14.7213398 ] } },
{ "type": "Feature", "properties": { "osmid": 5382159624, "y": 14.690075, "x": 121.0947374, "street_count": 3, "highway": "" }, "geometry": { "type": "Point", "coordinates": [ 121.0947374, 14.690075 ] } },
{ "type": "Feature", "properties": { "osmid": 600218891, "y": 14.6583098, "x": 121.0360995, "street_count": 3, "highway": "" }, "geometry": { "type": "Point", "coordinates": [ 121.0360995, 14.6583098 ] } },
{ "type": "Feature", "properties": { "osmid": 600218892, "y": 14.658668, "x": 121.0360028, "street_count": 3, "highway": "" }, "geometry": { "type": "Point", "coordinates": [ 121.0360028, 14.658668 ] } },
{ "type": "Feature", "properties": { "osmid": 600218893, "y": 14.6586192, "x": 121.0361732, "street_count": 3, "highway": "" }, "geometry": { "type": "Point", "coordinates": [ 121.0361732, 14.6586192 ] } },
{ "type": "Feature", "properties": { "osmid": 26082576, "y": 14.6200886, "x": 121.0594669, "street_count": 4, "highway": "traffic_signals" }, "geometry": { "type": "Point", "coordinates": [ 121.0594669, 14.6200886 ] } },
{ "type": "Feature", "properties": { "osmid": 219962641, "y": 14.6704441, "x": 121.0373826, "street_count": 4, "highway": "traffic_signals" }, "geometry": { "type": "Point", "coordinates": [ 121.0373826, 14.6704441 ] } },
{ "type": "Feature", "properties": { "osmid": 32087315, "y": 14.6339702, "x": 121.0590069, "street_count": 4, "highway": "" }, "geometry": { "type": "Point", "coordinates": [ 121.0590069, 14.6339702 ] } },
{ "type": "Feature", "properties": { "osmid": 600218899, "y": 14.6584272, "x": 121.035948, "street_count": 3, "highway": "" }, "geometry": { "type": "Point", "coordinates": [ 121.035948, 14.6584272 ] } },
{ "type": "Feature", "properties": { "osmid": 250543381, "y": 14.6690669, "x": 121.0432187, "street_count": 3, "highway": "" }, "geometry": { "type": "Point", "coordinates": [ 121.0432187, 14.6690669 ] } },
{ "type": "Feature", "properties": { "osmid": 261684505, "y": 14.699728, "x": 121.0913063, "street_count": 3, "highway": "" }, "geometry": { "type": "Point", "coordinates": [ 121.0913063, 14.699728 ] } },
{ "type": "Feature", "properties": { "osmid": 5352193305, "y": 14.6246462, "x": 121.0400846, "street_count": 3, "highway": "traffic_signals" }, "geometry": { "type": "Point", "coordinates": [ 121.0400846, 14.6246462 ] } },
{ "type": "Feature", "properties": { "osmid": 942316831, "y": 14.5928399, "x": 121.0588332, "street_count": 3, "highway": "" }, "geometry": { "type": "Point", "coordinates": [ 121.0588332, 14.5928399 ] } },
{ "type": "Feature", "properties": { "osmid": 9974332704, "y": 14.6765031, "x": 121.0419487, "street_count": 3, "highway": "" }, "geometry": { "type": "Point", "coordinates": [ 121.0419487, 14.6765031 ] } },
{ "type": "Feature", "properties": { "osmid": 251108645, "y": 14.7012832, "x": 121.035264, "street_count": 3, "highway": "" }, "geometry": { "type": "Point", "coordinates": [ 121.035264, 14.7012832 ] } },
{ "type": "Feature", "properties": { "osmid": 26082601, "y": 14.6575654, "x": 121.0742237, "street_count": 4, "highway": "traffic_signals" }, "geometry": { "type": "Point", "coordinates": [ 121.0742237, 14.6575654 ] } },
{ "type": "Feature", "properties": { "osmid": 26082606, "y": 14.6318953, "x": 121.0498081, "street_count": 4, "highway": "traffic_signals" }, "geometry": { "type": "Point", "coordinates": [ 121.0498081, 14.6318953 ] } },
{ "type": "Feature", "properties": { "osmid": 5286026542, "y": 14.619355, "x": 121.04413, "street_count": 4, "highway": "traffic_signals" }, "geometry": { "type": "Point", "coordinates": [ 121.04413, 14.619355 ] } },
{ "type": "Feature", "properties": { "osmid": 5292825911, "y": 14.6346274, "x": 121.0435149, "street_count": 3, "highway": "" }, "geometry": { "type": "Point", "coordinates": [ 121.0435149, 14.6346274 ] } },
{ "type": "Feature", "properties": { "osmid": 5292825920, "y": 14.6377438, "x": 121.0258929, "street_count": 3, "highway": "" }, "geometry": { "type": "Point", "coordinates": [ 121.0258929, 14.6377438 ] } },
{ "type": "Feature", "properties": { "osmid": 26082626, "y": 14.6393331, "x": 121.054832, "street_count": 4, "highway": "" }, "geometry": { "type": "Point", "coordinates": [ 121.054832, 14.6393331 ] } },
{ "type": "Feature", "properties": { "osmid": 246783311, "y": 14.6374732, "x": 121.0459862, "street_count": 3, "highway": "" }, "geometry": { "type": "Point", "coordinates": [ 121.0459862, 14.6374732 ] } },
{ "type": "Feature", "properties": { "osmid": 26082642, "y": 14.6412587, "x": 121.0546535, "street_count": 4, "highway": "" }, "geometry": { "type": "Point", "coordinates": [ 121.0546535, 14.6412587 ] } },
{ "type": "Feature", "properties": { "osmid": 2886434136, "y": 14.6160698, "x": 121.0528257, "street_count": 3, "highway": "" }, "geometry": { "type": "Point", "coordinates": [ 121.0528257, 14.6160698 ] } },
{ "type": "Feature", "properties": { "osmid": 5643246936, "y": 14.7262471, "x": 121.0249475, "street_count": 3, "highway": "" }, "geometry": { "type": "Point", "coordinates": [ 121.0249475, 14.7262471 ] } },
{ "type": "Feature", "properties": { "osmid": 250543455, "y": 14.6778639, "x": 121.0302564, "street_count": 3, "highway": "" }, "geometry": { "type": "Point", "coordinates": [ 121.0302564, 14.6778639 ] } },
{ "type": "Feature", "properties": { "osmid": 5352201573, "y": 14.6240881, "x": 121.0329243, "street_count": 3, "highway": "traffic_signals" }, "geometry": { "type": "Point", "coordinates": [ 121.0329243, 14.6240881 ] } },
{ "type": "Feature", "properties": { "osmid": 4348132724, "y": 14.64713, "x": 121.0608375, "street_count": 3, "highway": "" }, "geometry": { "type": "Point", "coordinates": [ 121.0608375, 14.64713 ] } },
{ "type": "Feature", "properties": { "osmid": 1333640580, "y": 14.6950345, "x": 121.0315295, "street_count": 4, "highway": "" }, "geometry": { "type": "Point", "coordinates": [ 121.0315295, 14.6950345 ] } },
{ "type": "Feature", "properties": { "osmid": 1333640587, "y": 14.7074717, "x": 121.0213567, "street_count": 3, "highway": "" }, "geometry": { "type": "Point", "coordinates": [ 121.0213567, 14.7074717 ] } },
{ "type": "Feature", "properties": { "osmid": 12127788431, "y": 14.6482803, "x": 121.0743065, "street_count": 3, "highway": "traffic_signals" }, "geometry": { "type": "Point", "coordinates": [ 121.0743065, 14.6482803 ] } },
{ "type": "Feature", "properties": { "osmid": 1333640594, "y": 14.6727119, "x": 121.012747, "street_count": 3, "highway": "" }, "geometry": { "type": "Point", "coordinates": [ 121.012747, 14.6727119 ] } },
{ "type": "Feature", "properties": { "osmid": 261684629, "y": 14.7033333, "x": 121.088917, "street_count": 3, "highway": "" }, "geometry": { "type": "Point", "coordinates": [ 121.088917, 14.7033333 ] } },
{ "type": "Feature", "properties": { "osmid": 1239555478, "y": 14.6382447, "x": 121.0055101, "street_count": 3, "highway": "" }, "geometry": { "type": "Point", "coordinates": [ 121.0055101, 14.6382447 ] } },
{ "type": "Feature", "properties": { "osmid": 88784284, "y": 14.6537131, "x": 121.0385301, "street_count": 4, "highway": "traffic_signals" }, "geometry": { "type": "Point", "coordinates": [ 121.0385301, 14.6537131 ] } },
{ "type": "Feature", "properties": { "osmid": 1091403165, "y": 14.6620747, "x": 121.0533928, "street_count": 3, "highway": "" }, "geometry": { "type": "Point", "coordinates": [ 121.0533928, 14.6620747 ] } },
{ "type": "Feature", "properties": { "osmid": 1954897315, "y": 14.6695092, "x": 121.0686679, "street_count": 3, "highway": "" }, "geometry": { "type": "Point", "coordinates": [ 121.0686679, 14.6695092 ] } },
{ "type": "Feature", "properties": { "osmid": 1333640611, "y": 14.6841628, "x": 121.0223439, "street_count": 3, "highway": "" }, "geometry": { "type": "Point", "coordinates": [ 121.0223439, 14.6841628 ] } },
{ "type": "Feature", "properties": { "osmid": 103816612, "y": 14.6637039, "x": 121.0223714, "street_count": 3, "highway": "" }, "geometry": { "type": "Point", "coordinates": [ 121.0223714, 14.6637039 ] } },
{ "type": "Feature", "properties": { "osmid": 8480873896, "y": 14.6668732, "x": 121.0074981, "street_count": 4, "highway": "" }, "geometry": { "type": "Point", "coordinates": [ 121.0074981, 14.6668732 ] } },
{ "type": "Feature", "properties": { "osmid": 1954897321, "y": 14.6697072, "x": 121.0686573, "street_count": 3, "highway": "" }, "geometry": { "type": "Point", "coordinates": [ 121.0686573, 14.6697072 ] } },
{ "type": "Feature", "properties": { "osmid": 321551795, "y": 14.5926507, "x": 121.0584746, "street_count": 3, "highway": "" }, "geometry": { "type": "Point", "coordinates": [ 121.0584746, 14.5926507 ] } },
{ "type": "Feature", "properties": { "osmid": 261684660, "y": 14.7226969, "x": 121.1038139, "street_count": 3, "highway": "" }, "geometry": { "type": "Point", "coordinates": [ 121.1038139, 14.7226969 ] } },
{ "type": "Feature", "properties": { "osmid": 72965559, "y": 14.6395238, "x": 121.0097314, "street_count": 3, "highway": "" }, "geometry": { "type": "Point", "coordinates": [ 121.0097314, 14.6395238 ] } },
{ "type": "Feature", "properties": { "osmid": 250543543, "y": 14.6789581, "x": 121.0253036, "street_count": 3, "highway": "" }, "geometry": { "type": "Point", "coordinates": [ 121.0253036, 14.6789581 ] } },
{ "type": "Feature", "properties": { "osmid": 321551800, "y": 14.5928047, "x": 121.0588768, "street_count": 3, "highway": "" }, "geometry": { "type": "Point", "coordinates": [ 121.0588768, 14.5928047 ] } },
{ "type": "Feature", "properties": { "osmid": 72670651, "y": 14.7218996, "x": 121.0526222, "street_count": 4, "highway": "" }, "geometry": { "type": "Point", "coordinates": [ 121.0526222, 14.7218996 ] } },
{ "type": "Feature", "properties": { "osmid": 12132580801, "y": 14.6332328, "x": 121.0448393, "street_count": 4, "highway": "" }, "geometry": { "type": "Point", "coordinates": [ 121.0448393, 14.6332328 ] } },
{ "type": "Feature", "properties": { "osmid": 315792843, "y": 14.6451507, "x": 121.017144, "street_count": 3, "highway": "traffic_signals" }, "geometry": { "type": "Point", "coordinates": [ 121.017144, 14.6451507 ] } },
{ "type": "Feature", "properties": { "osmid": 12132597201, "y": 14.6331995, "x": 121.0428181, "street_count": 3, "highway": "" }, "geometry": { "type": "Point", "coordinates": [ 121.0428181, 14.6331995 ] } },
{ "type": "Feature", "properties": { "osmid": 1954897360, "y": 14.6705224, "x": 121.0686134, "street_count": 3, "highway": "" }, "geometry": { "type": "Point", "coordinates": [ 121.0686134, 14.6705224 ] } },
{ "type": "Feature", "properties": { "osmid": 61717978, "y": 14.6435135, "x": 121.0049011, "street_count": 3, "highway": "" }, "geometry": { "type": "Point", "coordinates": [ 121.0049011, 14.6435135 ] } },
{ "type": "Feature", "properties": { "osmid": 260898270, "y": 14.7067177, "x": 121.0386197, "street_count": 3, "highway": "" }, "geometry": { "type": "Point", "coordinates": [ 121.0386197, 14.7067177 ] } },
{ "type": "Feature", "properties": { "osmid": 6505184735, "y": 14.647959, "x": 121.0657812, "street_count": 3, "highway": "" }, "geometry": { "type": "Point", "coordinates": [ 121.0657812, 14.647959 ] } },
{ "type": "Feature", "properties": { "osmid": 61718007, "y": 14.6434727, "x": 121.000217, "street_count": 3, "highway": "" }, "geometry": { "type": "Point", "coordinates": [ 121.000217, 14.6434727 ] } },
{ "type": "Feature", "properties": { "osmid": 2468486647, "y": 14.6443726, "x": 121.0014727, "street_count": 4, "highway": "traffic_signals" }, "geometry": { "type": "Point", "coordinates": [ 121.0014727, 14.6443726 ] } },
{ "type": "Feature", "properties": { "osmid": 295525881, "y": 14.6449157, "x": 121.0372773, "street_count": 3, "highway": "" }, "geometry": { "type": "Point", "coordinates": [ 121.0372773, 14.6449157 ] } },
{ "type": "Feature", "properties": { "osmid": 295525883, "y": 14.6448874, "x": 121.0368409, "street_count": 4, "highway": "" }, "geometry": { "type": "Point", "coordinates": [ 121.0368409, 14.6448874 ] } },
{ "type": "Feature", "properties": { "osmid": 5512764926, "y": 14.6144519, "x": 121.0747982, "street_count": 3, "highway": "" }, "geometry": { "type": "Point", "coordinates": [ 121.0747982, 14.6144519 ] } },
{ "type": "Feature", "properties": { "osmid": 8594251263, "y": 14.6081211, "x": 121.0211611, "street_count": 3, "highway": "" }, "geometry": { "type": "Point", "coordinates": [ 121.0211611, 14.6081211 ] } },
{ "type": "Feature", "properties": { "osmid": 61718024, "y": 14.6440856, "x": 121.0049629, "street_count": 3, "highway": "" }, "geometry": { "type": "Point", "coordinates": [ 121.0049629, 14.6440856 ] } },
{ "type": "Feature", "properties": { "osmid": 247889420, "y": 14.6069836, "x": 121.038506, "street_count": 3, "highway": "" }, "geometry": { "type": "Point", "coordinates": [ 121.038506, 14.6069836 ] } },
{ "type": "Feature", "properties": { "osmid": 5822242318, "y": 14.7097564, "x": 121.0211299, "street_count": 3, "highway": "" }, "geometry": { "type": "Point", "coordinates": [ 121.0211299, 14.7097564 ] } },
{ "type": "Feature", "properties": { "osmid": 2467577361, "y": 14.6577779, "x": 121.0199523, "street_count": 3, "highway": "" }, "geometry": { "type": "Point", "coordinates": [ 121.0199523, 14.6577779 ] } },
{ "type": "Feature", "properties": { "osmid": 10125311511, "y": 14.7108046, "x": 121.0907038, "street_count": 3, "highway": "" }, "geometry": { "type": "Point", "coordinates": [ 121.0907038, 14.7108046 ] } },
{ "type": "Feature", "properties": { "osmid": 9927335450, "y": 14.7354488, "x": 121.0681518, "street_count": 3, "highway": "" }, "geometry": { "type": "Point", "coordinates": [ 121.0681518, 14.7354488 ] } },
{ "type": "Feature", "properties": { "osmid": 9927335452, "y": 14.735547, "x": 121.068151, "street_count": 4, "highway": "" }, "geometry": { "type": "Point", "coordinates": [ 121.068151, 14.735547 ] } },
{ "type": "Feature", "properties": { "osmid": 12111420958, "y": 14.6499959, "x": 121.0335962, "street_count": 3, "highway": "" }, "geometry": { "type": "Point", "coordinates": [ 121.0335962, 14.6499959 ] } },
{ "type": "Feature", "properties": { "osmid": 247889442, "y": 14.6182223, "x": 121.0422304, "street_count": 4, "highway": "" }, "geometry": { "type": "Point", "coordinates": [ 121.0422304, 14.6182223 ] } },
{ "type": "Feature", "properties": { "osmid": 5298232867, "y": 14.6764645, "x": 121.0378758, "street_count": 3, "highway": "" }, "geometry": { "type": "Point", "coordinates": [ 121.0378758, 14.6764645 ] } },
{ "type": "Feature", "properties": { "osmid": 2074213929, "y": 14.6450379, "x": 121.0477134, "street_count": 3, "highway": "" }, "geometry": { "type": "Point", "coordinates": [ 121.0477134, 14.6450379 ] } },
{ "type": "Feature", "properties": { "osmid": 48750125, "y": 14.620322, "x": 121.0471219, "street_count": 3, "highway": "" }, "geometry": { "type": "Point", "coordinates": [ 121.0471219, 14.620322 ] } },
{ "type": "Feature", "properties": { "osmid": 2633268791, "y": 14.6864613, "x": 121.089781, "street_count": 3, "highway": "" }, "geometry": { "type": "Point", "coordinates": [ 121.089781, 14.6864613 ] } },
{ "type": "Feature", "properties": { "osmid": 270687801, "y": 14.6405774, "x": 121.0746521, "street_count": 3, "highway": "traffic_signals" }, "geometry": { "type": "Point", "coordinates": [ 121.0746521, 14.6405774 ] } },
{ "type": "Feature", "properties": { "osmid": 671874623, "y": 14.6576737, "x": 121.0143313, "street_count": 3, "highway": "" }, "geometry": { "type": "Point", "coordinates": [ 121.0143313, 14.6576737 ] } },
{ "type": "Feature", "properties": { "osmid": 247889475, "y": 14.6182485, "x": 121.0420994, "street_count": 4, "highway": "" }, "geometry": { "type": "Point", "coordinates": [ 121.0420994, 14.6182485 ] } },
{ "type": "Feature", "properties": { "osmid": 9881763397, "y": 14.6298637, "x": 121.0119487, "street_count": 3, "highway": "" }, "geometry": { "type": "Point", "coordinates": [ 121.0119487, 14.6298637 ] } },
{ "type": "Feature", "properties": { "osmid": 671874629, "y": 14.6575269, "x": 121.0193436, "street_count": 3, "highway": "" }, "geometry": { "type": "Point", "coordinates": [ 121.0193436, 14.6575269 ] } },
{ "type": "Feature", "properties": { "osmid": 2633268807, "y": 14.6878667, "x": 121.0922015, "street_count": 3, "highway": "" }, "geometry": { "type": "Point", "coordinates": [ 121.0922015, 14.6878667 ] } },
{ "type": "Feature", "properties": { "osmid": 9881763401, "y": 14.6292934, "x": 121.0124956, "street_count": 3, "highway": "" }, "geometry": { "type": "Point", "coordinates": [ 121.0124956, 14.6292934 ] } },
{ "type": "Feature", "properties": { "osmid": 1067302475, "y": 14.7263076, "x": 121.0248779, "street_count": 3, "highway": "" }, "geometry": { "type": "Point", "coordinates": [ 121.0248779, 14.7263076 ] } },
{ "type": "Feature", "properties": { "osmid": 1000578636, "y": 14.6660104, "x": 121.0313975, "street_count": 4, "highway": "" }, "geometry": { "type": "Point", "coordinates": [ 121.0313975, 14.6660104 ] } },
{ "type": "Feature", "properties": { "osmid": 247889502, "y": 14.6066134, "x": 121.038087, "street_count": 3, "highway": "" }, "geometry": { "type": "Point", "coordinates": [ 121.038087, 14.6066134 ] } },
{ "type": "Feature", "properties": { "osmid": 1148321374, "y": 14.6647262, "x": 121.0036538, "street_count": 3, "highway": "" }, "geometry": { "type": "Point", "coordinates": [ 121.0036538, 14.6647262 ] } },
{ "type": "Feature", "properties": { "osmid": 253181536, "y": 14.6891895, "x": 121.0978334, "street_count": 4, "highway": "" }, "geometry": { "type": "Point", "coordinates": [ 121.0978334, 14.6891895 ] } },
{ "type": "Feature", "properties": { "osmid": 61718116, "y": 14.6386926, "x": 121.0034172, "street_count": 4, "highway": "" }, "geometry": { "type": "Point", "coordinates": [ 121.0034172, 14.6386926 ] } },
{ "type": "Feature", "properties": { "osmid": 254901865, "y": 14.7079944, "x": 121.0901239, "street_count": 3, "highway": "" }, "geometry": { "type": "Point", "coordinates": [ 121.0901239, 14.7079944 ] } },
{ "type": "Feature", "properties": { "osmid": 1323146858, "y": 14.6655102, "x": 121.0055612, "street_count": 3, "highway": "" }, "geometry": { "type": "Point", "coordinates": [ 121.0055612, 14.6655102 ] } },
{ "type": "Feature", "properties": { "osmid": 6300532332, "y": 14.6950408, "x": 121.0314407, "street_count": 4, "highway": "" }, "geometry": { "type": "Point", "coordinates": [ 121.0314407, 14.6950408 ] } },
{ "type": "Feature", "properties": { "osmid": 6616006253, "y": 14.668544, "x": 121.0432, "street_count": 3, "highway": "" }, "geometry": { "type": "Point", "coordinates": [ 121.0432, 14.668544 ] } },
{ "type": "Feature", "properties": { "osmid": 6616006252, "y": 14.6685403, "x": 121.043331, "street_count": 3, "highway": "" }, "geometry": { "type": "Point", "coordinates": [ 121.043331, 14.6685403 ] } },
{ "type": "Feature", "properties": { "osmid": 254901871, "y": 14.7085047, "x": 121.0904348, "street_count": 3, "highway": "" }, "geometry": { "type": "Point", "coordinates": [ 121.0904348, 14.7085047 ] } },
{ "type": "Feature", "properties": { "osmid": 254901872, "y": 14.7092711, "x": 121.0907465, "street_count": 3, "highway": "" }, "geometry": { "type": "Point", "coordinates": [ 121.0907465, 14.7092711 ] } },
{ "type": "Feature", "properties": { "osmid": 6300532337, "y": 14.696644, "x": 121.0324425, "street_count": 4, "highway": "" }, "geometry": { "type": "Point", "coordinates": [ 121.0324425, 14.696644 ] } },
{ "type": "Feature", "properties": { "osmid": 6300532336, "y": 14.6963274, "x": 121.0322578, "street_count": 4, "highway": "" }, "geometry": { "type": "Point", "coordinates": [ 121.0322578, 14.6963274 ] } },
{ "type": "Feature", "properties": { "osmid": 11961376362, "y": 14.5903419, "x": 121.05772, "street_count": 3, "highway": "" }, "geometry": { "type": "Point", "coordinates": [ 121.05772, 14.5903419 ] } },
{ "type": "Feature", "properties": { "osmid": 11961376363, "y": 14.5903608, "x": 121.0576556, "street_count": 3, "highway": "" }, "geometry": { "type": "Point", "coordinates": [ 121.0576556, 14.5903608 ] } },
{ "type": "Feature", "properties": { "osmid": 6300532342, "y": 14.6985219, "x": 121.0335973, "street_count": 3, "highway": "" }, "geometry": { "type": "Point", "coordinates": [ 121.0335973, 14.6985219 ] } },
{ "type": "Feature", "properties": { "osmid": 59604605, "y": 14.6909155, "x": 121.0953682, "street_count": 3, "highway": "traffic_signals" }, "geometry": { "type": "Point", "coordinates": [ 121.0953682, 14.6909155 ] } },
{ "type": "Feature", "properties": { "osmid": 321699458, "y": 14.6482555, "x": 121.0731224, "street_count": 3, "highway": "" }, "geometry": { "type": "Point", "coordinates": [ 121.0731224, 14.6482555 ] } },
{ "type": "Feature", "properties": { "osmid": 174587525, "y": 14.6145629, "x": 121.0706053, "street_count": 4, "highway": "traffic_signals" }, "geometry": { "type": "Point", "coordinates": [ 121.0706053, 14.6145629 ] } },
{ "type": "Feature", "properties": { "osmid": 11621424777, "y": 14.6857694, "x": 121.1025092, "street_count": 3, "highway": "" }, "geometry": { "type": "Point", "coordinates": [ 121.1025092, 14.6857694 ] } },
{ "type": "Feature", "properties": { "osmid": 254901905, "y": 14.7064466, "x": 121.0883329, "street_count": 3, "highway": "" }, "geometry": { "type": "Point", "coordinates": [ 121.0883329, 14.7064466 ] } },
{ "type": "Feature", "properties": { "osmid": 254901907, "y": 14.7058778, "x": 121.0880922, "street_count": 3, "highway": "" }, "geometry": { "type": "Point", "coordinates": [ 121.0880922, 14.7058778 ] } },
{ "type": "Feature", "properties": { "osmid": 9445326485, "y": 14.6164901, "x": 121.039349, "street_count": 3, "highway": "" }, "geometry": { "type": "Point", "coordinates": [ 121.039349, 14.6164901 ] } },
{ "type": "Feature", "properties": { "osmid": 8666963619, "y": 14.631631, "x": 121.0738146, "street_count": 3, "highway": "" }, "geometry": { "type": "Point", "coordinates": [ 121.0738146, 14.631631 ] } },
{ "type": "Feature", "properties": { "osmid": 5731638965, "y": 14.6166806, "x": 121.05218, "street_count": 3, "highway": "" }, "geometry": { "type": "Point", "coordinates": [ 121.05218, 14.6166806 ] } },
{ "type": "Feature", "properties": { "osmid": 8366775991, "y": 14.607312, "x": 121.0784972, "street_count": 3, "highway": "" }, "geometry": { "type": "Point", "coordinates": [ 121.0784972, 14.607312 ] } },
{ "type": "Feature", "properties": { "osmid": 599621306, "y": 14.7226946, "x": 121.0415823, "street_count": 3, "highway": "" }, "geometry": { "type": "Point", "coordinates": [ 121.0415823, 14.7226946 ] } },
{ "type": "Feature", "properties": { "osmid": 5731638971, "y": 14.616718, "x": 121.0525169, "street_count": 3, "highway": "" }, "geometry": { "type": "Point", "coordinates": [ 121.0525169, 14.616718 ] } },
{ "type": "Feature", "properties": { "osmid": 321707709, "y": 14.5940876, "x": 121.0797793, "street_count": 3, "highway": "" }, "geometry": { "type": "Point", "coordinates": [ 121.0797793, 14.5940876 ] } },
{ "type": "Feature", "properties": { "osmid": 260898495, "y": 14.7180906, "x": 121.0401258, "street_count": 3, "highway": "" }, "geometry": { "type": "Point", "coordinates": [ 121.0401258, 14.7180906 ] } },
{ "type": "Feature", "properties": { "osmid": 26664641, "y": 14.6900636, "x": 121.0972083, "street_count": 4, "highway": "" }, "geometry": { "type": "Point", "coordinates": [ 121.0972083, 14.6900636 ] } },
{ "type": "Feature", "properties": { "osmid": 1894129347, "y": 14.7077883, "x": 121.0899289, "street_count": 3, "highway": "" }, "geometry": { "type": "Point", "coordinates": [ 121.0899289, 14.7077883 ] } },
{ "type": "Feature", "properties": { "osmid": 331136711, "y": 14.6298845, "x": 121.015126, "street_count": 3, "highway": "" }, "geometry": { "type": "Point", "coordinates": [ 121.015126, 14.6298845 ] } },
{ "type": "Feature", "properties": { "osmid": 8740101846, "y": 14.6770239, "x": 121.0162771, "street_count": 3, "highway": "" }, "geometry": { "type": "Point", "coordinates": [ 121.0162771, 14.6770239 ] } },
{ "type": "Feature", "properties": { "osmid": 26664668, "y": 14.6842527, "x": 121.1048947, "street_count": 4, "highway": "" }, "geometry": { "type": "Point", "coordinates": [ 121.1048947, 14.6842527 ] } },
{ "type": "Feature", "properties": { "osmid": 250543841, "y": 14.6790288, "x": 121.018027, "street_count": 3, "highway": "" }, "geometry": { "type": "Point", "coordinates": [ 121.018027, 14.6790288 ] } },
{ "type": "Feature", "properties": { "osmid": 250543852, "y": 14.6577329, "x": 121.0174683, "street_count": 3, "highway": "" }, "geometry": { "type": "Point", "coordinates": [ 121.0174683, 14.6577329 ] } },
{ "type": "Feature", "properties": { "osmid": 321707758, "y": 14.5944416, "x": 121.0796102, "street_count": 3, "highway": "motorway_junction" }, "geometry": { "type": "Point", "coordinates": [ 121.0796102, 14.5944416 ] } },
{ "type": "Feature", "properties": { "osmid": 8657886959, "y": 14.6381209, "x": 121.0278306, "street_count": 3, "highway": "" }, "geometry": { "type": "Point", "coordinates": [ 121.0278306, 14.6381209 ] } },
{ "type": "Feature", "properties": { "osmid": 258776816, "y": 14.6112472, "x": 121.0550775, "street_count": 3, "highway": "" }, "geometry": { "type": "Point", "coordinates": [ 121.0550775, 14.6112472 ] } },
{ "type": "Feature", "properties": { "osmid": 61718265, "y": 14.6389607, "x": 121.0054124, "street_count": 4, "highway": "traffic_signals" }, "geometry": { "type": "Point", "coordinates": [ 121.0054124, 14.6389607 ] } },
{ "type": "Feature", "properties": { "osmid": 61718266, "y": 14.642148, "x": 121.0049581, "street_count": 3, "highway": "" }, "geometry": { "type": "Point", "coordinates": [ 121.0049581, 14.642148 ] } },
{ "type": "Feature", "properties": { "osmid": 61718268, "y": 14.6428406, "x": 121.0048785, "street_count": 3, "highway": "" }, "geometry": { "type": "Point", "coordinates": [ 121.0048785, 14.6428406 ] } },
{ "type": "Feature", "properties": { "osmid": 61718270, "y": 14.6448226, "x": 121.00515, "street_count": 4, "highway": "traffic_signals" }, "geometry": { "type": "Point", "coordinates": [ 121.00515, 14.6448226 ] } },
{ "type": "Feature", "properties": { "osmid": 3309043461, "y": 14.6559197, "x": 121.0292288, "street_count": 3, "highway": "" }, "geometry": { "type": "Point", "coordinates": [ 121.0292288, 14.6559197 ] } },
{ "type": "Feature", "properties": { "osmid": 3309043462, "y": 14.6559347, "x": 121.0291654, "street_count": 3, "highway": "" }, "geometry": { "type": "Point", "coordinates": [ 121.0291654, 14.6559347 ] } },
{ "type": "Feature", "properties": { "osmid": 61718279, "y": 14.6446152, "x": 121.0050889, "street_count": 4, "highway": "traffic_signals" }, "geometry": { "type": "Point", "coordinates": [ 121.0050889, 14.6446152 ] } },
{ "type": "Feature", "properties": { "osmid": 3309043464, "y": 14.6559609, "x": 121.0290445, "street_count": 3, "highway": "" }, "geometry": { "type": "Point", "coordinates": [ 121.0290445, 14.6559609 ] } },
{ "type": "Feature", "properties": { "osmid": 9994714887, "y": 14.724857, "x": 121.1124482, "street_count": 3, "highway": "" }, "geometry": { "type": "Point", "coordinates": [ 121.1124482, 14.724857 ] } },
{ "type": "Feature", "properties": { "osmid": 3309043466, "y": 14.6560143, "x": 121.028798, "street_count": 3, "highway": "" }, "geometry": { "type": "Point", "coordinates": [ 121.028798, 14.6560143 ] } },
{ "type": "Feature", "properties": { "osmid": 103816968, "y": 14.6638553, "x": 121.022995, "street_count": 4, "highway": "" }, "geometry": { "type": "Point", "coordinates": [ 121.022995, 14.6638553 ] } },
{ "type": "Feature", "properties": { "osmid": 2370264844, "y": 14.621422, "x": 121.0503372, "street_count": 3, "highway": "" }, "geometry": { "type": "Point", "coordinates": [ 121.0503372, 14.621422 ] } },
{ "type": "Feature", "properties": { "osmid": 2370264845, "y": 14.6213298, "x": 121.0500806, "street_count": 3, "highway": "" }, "geometry": { "type": "Point", "coordinates": [ 121.0500806, 14.6213298 ] } },
{ "type": "Feature", "properties": { "osmid": 990658318, "y": 14.6402213, "x": 121.0152025, "street_count": 3, "highway": "" }, "geometry": { "type": "Point", "coordinates": [ 121.0152025, 14.6402213 ] } },
{ "type": "Feature", "properties": { "osmid": 750534415, "y": 14.6470775, "x": 121.0401615, "street_count": 3, "highway": "" }, "geometry": { "type": "Point", "coordinates": [ 121.0401615, 14.6470775 ] } },
{ "type": "Feature", "properties": { "osmid": 990658320, "y": 14.6401002, "x": 121.0142045, "street_count": 3, "highway": "" }, "geometry": { "type": "Point", "coordinates": [ 121.0142045, 14.6401002 ] } },
{ "type": "Feature", "properties": { "osmid": 3309043465, "y": 14.6559863, "x": 121.028925, "street_count": 3, "highway": "" }, "geometry": { "type": "Point", "coordinates": [ 121.028925, 14.6559863 ] } },
{ "type": "Feature", "properties": { "osmid": 12057689875, "y": 14.6563223, "x": 121.0000325, "street_count": 3, "highway": "" }, "geometry": { "type": "Point", "coordinates": [ 121.0000325, 14.6563223 ] } },
{ "type": "Feature", "properties": { "osmid": 12057689876, "y": 14.6562162, "x": 121.0000342, "street_count": 3, "highway": "" }, "geometry": { "type": "Point", "coordinates": [ 121.0000342, 14.6562162 ] } },
{ "type": "Feature", "properties": { "osmid": 1005100822, "y": 14.6796001, "x": 121.0319542, "street_count": 3, "highway": "" }, "geometry": { "type": "Point", "coordinates": [ 121.0319542, 14.6796001 ] } },
{ "type": "Feature", "properties": { "osmid": 48750365, "y": 14.620961, "x": 121.0488934, "street_count": 3, "highway": "" }, "geometry": { "type": "Point", "coordinates": [ 121.0488934, 14.620961 ] } },
{ "type": "Feature", "properties": { "osmid": 750534432, "y": 14.6417687, "x": 121.0456185, "street_count": 3, "highway": "" }, "geometry": { "type": "Point", "coordinates": [ 121.0456185, 14.6417687 ] } },
{ "type": "Feature", "properties": { "osmid": 11568414498, "y": 14.633531, "x": 121.0413081, "street_count": 3, "highway": "" }, "geometry": { "type": "Point", "coordinates": [ 121.0413081, 14.633531 ] } },
{ "type": "Feature", "properties": { "osmid": 1005100835, "y": 14.6795995, "x": 121.0321324, "street_count": 3, "highway": "" }, "geometry": { "type": "Point", "coordinates": [ 121.0321324, 14.6795995 ] } },
{ "type": "Feature", "properties": { "osmid": 3117948708, "y": 14.6371042, "x": 121.0262022, "street_count": 4, "highway": "traffic_signals" }, "geometry": { "type": "Point", "coordinates": [ 121.0262022, 14.6371042 ] } },
{ "type": "Feature", "properties": { "osmid": 3117948709, "y": 14.6370382, "x": 121.026104, "street_count": 4, "highway": "traffic_signals" }, "geometry": { "type": "Point", "coordinates": [ 121.026104, 14.6370382 ] } },
{ "type": "Feature", "properties": { "osmid": 10903863077, "y": 14.6288114, "x": 121.0126777, "street_count": 3, "highway": "" }, "geometry": { "type": "Point", "coordinates": [ 121.0126777, 14.6288114 ] } },
{ "type": "Feature", "properties": { "osmid": 8601059112, "y": 14.6389208, "x": 121.0287893, "street_count": 3, "highway": "" }, "geometry": { "type": "Point", "coordinates": [ 121.0287893, 14.6389208 ] } },
{ "type": "Feature", "properties": { "osmid": 3627917096, "y": 14.7028696, "x": 121.0891752, "street_count": 3, "highway": "" }, "geometry": { "type": "Point", "coordinates": [ 121.0891752, 14.7028696 ] } },
{ "type": "Feature", "properties": { "osmid": 258776872, "y": 14.6111089, "x": 121.0547637, "street_count": 3, "highway": "" }, "geometry": { "type": "Point", "coordinates": [ 121.0547637, 14.6111089 ] } },
{ "type": "Feature", "properties": { "osmid": 10903863083, "y": 14.6289288, "x": 121.0128302, "street_count": 3, "highway": "" }, "geometry": { "type": "Point", "coordinates": [ 121.0128302, 14.6289288 ] } },
{ "type": "Feature", "properties": { "osmid": 8601059116, "y": 14.6387792, "x": 121.0289053, "street_count": 3, "highway": "" }, "geometry": { "type": "Point", "coordinates": [ 121.0289053, 14.6387792 ] } },
{ "type": "Feature", "properties": { "osmid": 5825847084, "y": 14.639701, "x": 121.0304028, "street_count": 4, "highway": "traffic_signals" }, "geometry": { "type": "Point", "coordinates": [ 121.0304028, 14.639701 ] } },
{ "type": "Feature", "properties": { "osmid": 312721200, "y": 14.7201859, "x": 121.0274612, "street_count": 3, "highway": "" }, "geometry": { "type": "Point", "coordinates": [ 121.0274612, 14.7201859 ] } },
{ "type": "Feature", "properties": { "osmid": 26664758, "y": 14.7228148, "x": 121.0507977, "street_count": 3, "highway": "" }, "geometry": { "type": "Point", "coordinates": [ 121.0507977, 14.7228148 ] } },
{ "type": "Feature", "properties": { "osmid": 26664759, "y": 14.7213605, "x": 121.0520364, "street_count": 4, "highway": "traffic_signals" }, "geometry": { "type": "Point", "coordinates": [ 121.0520364, 14.7213605 ] } },
{ "type": "Feature", "properties": { "osmid": 61718328, "y": 14.642265, "x": 121.0003887, "street_count": 3, "highway": "" }, "geometry": { "type": "Point", "coordinates": [ 121.0003887, 14.642265 ] } },
{ "type": "Feature", "properties": { "osmid": 288063295, "y": 14.6312798, "x": 121.0734706, "street_count": 3, "highway": "" }, "geometry": { "type": "Point", "coordinates": [ 121.0734706, 14.6312798 ] } },
{ "type": "Feature", "properties": { "osmid": 6627663680, "y": 14.6047015, "x": 121.0580249, "street_count": 3, "highway": "" }, "geometry": { "type": "Point", "coordinates": [ 121.0580249, 14.6047015 ] } },
{ "type": "Feature", "properties": { "osmid": 288063299, "y": 14.6308028, "x": 121.0740353, "street_count": 3, "highway": "" }, "geometry": { "type": "Point", "coordinates": [ 121.0740353, 14.6308028 ] } },
{ "type": "Feature", "properties": { "osmid": 288063300, "y": 14.6305609, "x": 121.0740375, "street_count": 3, "highway": "" }, "geometry": { "type": "Point", "coordinates": [ 121.0740375, 14.6305609 ] } },
{ "type": "Feature", "properties": { "osmid": 250543945, "y": 14.6799174, "x": 121.0321237, "street_count": 3, "highway": "" }, "geometry": { "type": "Point", "coordinates": [ 121.0321237, 14.6799174 ] } },
{ "type": "Feature", "properties": { "osmid": 26664778, "y": 14.6915154, "x": 121.0960077, "street_count": 3, "highway": "traffic_signals" }, "geometry": { "type": "Point", "coordinates": [ 121.0960077, 14.6915154 ] } },
{ "type": "Feature", "properties": { "osmid": 260898636, "y": 14.7288915, "x": 121.0372821, "street_count": 3, "highway": "" }, "geometry": { "type": "Point", "coordinates": [ 121.0372821, 14.7288915 ] } },
{ "type": "Feature", "properties": { "osmid": 26664785, "y": 14.7064238, "x": 121.0694319, "street_count": 4, "highway": "traffic_signals" }, "geometry": { "type": "Point", "coordinates": [ 121.0694319, 14.7064238 ] } },
{ "type": "Feature", "properties": { "osmid": 61718353, "y": 14.6409832, "x": 121.000571, "street_count": 3, "highway": "" }, "geometry": { "type": "Point", "coordinates": [ 121.000571, 14.6409832 ] } },
{ "type": "Feature", "properties": { "osmid": 250543957, "y": 14.6776601, "x": 121.0321831, "street_count": 3, "highway": "" }, "geometry": { "type": "Point", "coordinates": [ 121.0321831, 14.6776601 ] } },
{ "type": "Feature", "properties": { "osmid": 250543960, "y": 14.6763096, "x": 121.042827, "street_count": 3, "highway": "" }, "geometry": { "type": "Point", "coordinates": [ 121.042827, 14.6763096 ] } },
{ "type": "Feature", "properties": { "osmid": 250543962, "y": 14.6851247, "x": 121.0319344, "street_count": 3, "highway": "" }, "geometry": { "type": "Point", "coordinates": [ 121.0319344, 14.6851247 ] } },
{ "type": "Feature", "properties": { "osmid": 1350934367, "y": 14.6575699, "x": 121.0745141, "street_count": 3, "highway": "traffic_signals" }, "geometry": { "type": "Point", "coordinates": [ 121.0745141, 14.6575699 ] } },
{ "type": "Feature", "properties": { "osmid": 312721248, "y": 14.7191983, "x": 121.0241835, "street_count": 3, "highway": "" }, "geometry": { "type": "Point", "coordinates": [ 121.0241835, 14.7191983 ] } },
{ "type": "Feature", "properties": { "osmid": 1253818215, "y": 14.6371967, "x": 121.0259865, "street_count": 4, "highway": "traffic_signals" }, "geometry": { "type": "Point", "coordinates": [ 121.0259865, 14.6371967 ] } },
{ "type": "Feature", "properties": { "osmid": 61718376, "y": 14.641506, "x": 121.0050293, "street_count": 3, "highway": "" }, "geometry": { "type": "Point", "coordinates": [ 121.0050293, 14.641506 ] } },
{ "type": "Feature", "properties": { "osmid": 61718383, "y": 14.6396856, "x": 121.0007554, "street_count": 3, "highway": "" }, "geometry": { "type": "Point", "coordinates": [ 121.0007554, 14.6396856 ] } },
{ "type": "Feature", "properties": { "osmid": 32096113, "y": 14.6357772, "x": 121.031167, "street_count": 4, "highway": "traffic_signals" }, "geometry": { "type": "Point", "coordinates": [ 121.031167, 14.6357772 ] } },
{ "type": "Feature", "properties": { "osmid": 251109239, "y": 14.6763383, "x": 121.0426995, "street_count": 3, "highway": "" }, "geometry": { "type": "Point", "coordinates": [ 121.0426995, 14.6763383 ] } },
{ "type": "Feature", "properties": { "osmid": 5473025914, "y": 14.6643314, "x": 121.0722128, "street_count": 3, "highway": "" }, "geometry": { "type": "Point", "coordinates": [ 121.0722128, 14.6643314 ] } },
{ "type": "Feature", "properties": { "osmid": 1253818236, "y": 14.6372647, "x": 121.0260919, "street_count": 4, "highway": "traffic_signals" }, "geometry": { "type": "Point", "coordinates": [ 121.0260919, 14.6372647 ] } },
{ "type": "Feature", "properties": { "osmid": 1253818245, "y": 14.6374637, "x": 121.0263935, "street_count": 3, "highway": "" }, "geometry": { "type": "Point", "coordinates": [ 121.0263935, 14.6374637 ] } },
{ "type": "Feature", "properties": { "osmid": 417513351, "y": 14.6019927, "x": 121.079369, "street_count": 3, "highway": "" }, "geometry": { "type": "Point", "coordinates": [ 121.079369, 14.6019927 ] } },
{ "type": "Feature", "properties": { "osmid": 250544008, "y": 14.6713983, "x": 121.0412151, "street_count": 4, "highway": "" }, "geometry": { "type": "Point", "coordinates": [ 121.0412151, 14.6713983 ] } },
{ "type": "Feature", "properties": { "osmid": 61718413, "y": 14.6402903, "x": 121.0052067, "street_count": 3, "highway": "" }, "geometry": { "type": "Point", "coordinates": [ 121.0052067, 14.6402903 ] } },
{ "type": "Feature", "properties": { "osmid": 260898703, "y": 14.7206043, "x": 121.0389004, "street_count": 3, "highway": "" }, "geometry": { "type": "Point", "coordinates": [ 121.0389004, 14.7206043 ] } },
{ "type": "Feature", "properties": { "osmid": 250544019, "y": 14.6619483, "x": 121.0200794, "street_count": 3, "highway": "" }, "geometry": { "type": "Point", "coordinates": [ 121.0200794, 14.6619483 ] } },
{ "type": "Feature", "properties": { "osmid": 1253818268, "y": 14.6376379, "x": 121.0259674, "street_count": 3, "highway": "" }, "geometry": { "type": "Point", "coordinates": [ 121.0259674, 14.6376379 ] } },
{ "type": "Feature", "properties": { "osmid": 29523876, "y": 14.6215736, "x": 121.0499577, "street_count": 4, "highway": "traffic_signals" }, "geometry": { "type": "Point", "coordinates": [ 121.0499577, 14.6215736 ] } },
{ "type": "Feature", "properties": { "osmid": 250544038, "y": 14.6884927, "x": 121.0260439, "street_count": 4, "highway": "" }, "geometry": { "type": "Point", "coordinates": [ 121.0260439, 14.6884927 ] } },
{ "type": "Feature", "properties": { "osmid": 61718446, "y": 14.6408951, "x": 121.0051111, "street_count": 3, "highway": "" }, "geometry": { "type": "Point", "coordinates": [ 121.0051111, 14.6408951 ] } },
{ "type": "Feature", "properties": { "osmid": 59604912, "y": 14.692936, "x": 121.0962544, "street_count": 3, "highway": "" }, "geometry": { "type": "Point", "coordinates": [ 121.0962544, 14.692936 ] } },
{ "type": "Feature", "properties": { "osmid": 1253818298, "y": 14.639927, "x": 121.0264258, "street_count": 3, "highway": "" }, "geometry": { "type": "Point", "coordinates": [ 121.0264258, 14.639927 ] } },
{ "type": "Feature", "properties": { "osmid": 5513650116, "y": 14.6153863, "x": 121.0707035, "street_count": 3, "highway": "" }, "geometry": { "type": "Point", "coordinates": [ 121.0707035, 14.6153863 ] } },
{ "type": "Feature", "properties": { "osmid": 5292875721, "y": 14.6472109, "x": 121.0520477, "street_count": 3, "highway": "" }, "geometry": { "type": "Point", "coordinates": [ 121.0520477, 14.6472109 ] } },
{ "type": "Feature", "properties": { "osmid": 331136973, "y": 14.630024, "x": 121.0150215, "street_count": 3, "highway": "" }, "geometry": { "type": "Point", "coordinates": [ 121.0150215, 14.630024 ] } },
{ "type": "Feature", "properties": { "osmid": 127483860, "y": 14.677761, "x": 121.0832922, "street_count": 3, "highway": "" }, "geometry": { "type": "Point", "coordinates": [ 121.0832922, 14.677761 ] } },
{ "type": "Feature", "properties": { "osmid": 30105558, "y": 14.6182005, "x": 121.0781009, "street_count": 3, "highway": "" }, "geometry": { "type": "Point", "coordinates": [ 121.0781009, 14.6182005 ] } },
{ "type": "Feature", "properties": { "osmid": 4242563031, "y": 14.5929439, "x": 121.0589388, "street_count": 3, "highway": "" }, "geometry": { "type": "Point", "coordinates": [ 121.0589388, 14.5929439 ] } },
{ "type": "Feature", "properties": { "osmid": 612237273, "y": 14.6593532, "x": 121.0000996, "street_count": 3, "highway": "motorway_junction" }, "geometry": { "type": "Point", "coordinates": [ 121.0000996, 14.6593532 ] } },
{ "type": "Feature", "properties": { "osmid": 8314642396, "y": 14.682865, "x": 121.0850887, "street_count": 3, "highway": "" }, "geometry": { "type": "Point", "coordinates": [ 121.0850887, 14.682865 ] } },
{ "type": "Feature", "properties": { "osmid": 1315774428, "y": 14.7047274, "x": 121.0818015, "street_count": 3, "highway": "" }, "geometry": { "type": "Point", "coordinates": [ 121.0818015, 14.7047274 ] } },
{ "type": "Feature", "properties": { "osmid": 7899078632, "y": 14.641266, "x": 121.0395831, "street_count": 3, "highway": "motorway_junction" }, "geometry": { "type": "Point", "coordinates": [ 121.0395831, 14.641266 ] } },
{ "type": "Feature", "properties": { "osmid": 250544112, "y": 14.6734318, "x": 121.0492327, "street_count": 3, "highway": "" }, "geometry": { "type": "Point", "coordinates": [ 121.0492327, 14.6734318 ] } },
{ "type": "Feature", "properties": { "osmid": 2397945844, "y": 14.6167773, "x": 121.0524884, "street_count": 3, "highway": "" }, "geometry": { "type": "Point", "coordinates": [ 121.0524884, 14.6167773 ] } },
{ "type": "Feature", "properties": { "osmid": 5473026041, "y": 14.6649477, "x": 121.0702681, "street_count": 3, "highway": "" }, "geometry": { "type": "Point", "coordinates": [ 121.0702681, 14.6649477 ] } },
{ "type": "Feature", "properties": { "osmid": 219725819, "y": 14.633739, "x": 121.0541882, "street_count": 3, "highway": "" }, "geometry": { "type": "Point", "coordinates": [ 121.0541882, 14.633739 ] } },
{ "type": "Feature", "properties": { "osmid": 2611781629, "y": 14.6246385, "x": 121.0093439, "street_count": 3, "highway": "" }, "geometry": { "type": "Point", "coordinates": [ 121.0093439, 14.6246385 ] } }
]
}
