{
  "type": "FeatureCollection",
  "generator": "overpass-turbo",
  "copyright": "The data included in this document is from www.openstreetmap.org. The data is made available under ODbL.",
  "timestamp": "2025-11-03T06:36:55Z",
  "features": [
    {
      "type": "Feature",
      "properties": {
        "@id": "relation/10815177",
        "bus": "share_taxi",
        "colour": "white",
        "disused:route": "bus",
        "name": "UV Express: Araneta City → Cogeo",
        "network": "PH:UV:Metro Manila",
        "public_transport:version": "2",
        "route": "share_taxi",
        "smoking": "no",
        "type": "route",
        "wheelchair": "limited"
      },
      "geometry": {
        "type": "MultiLineString",
        "coordinates": [
          [
            [
              121.1019224,
              14.6206304
            ],
            [
              121.1021196,
              14.6206712
            ],
            [
              121.1023434,
              14.6207165
            ],
            [
              121.1029624,
              14.6208431
            ],
            [
              121.1040122,
              14.6210703
            ],
            [
              121.1049676,
              14.6212435
            ],
            [
              121.1050231,
              14.6212601
            ],
            [
              121.1051141,
              14.6212808
            ],
            [
              121.1051929,
              14.6212989
            ],
            [
              121.1065594,
              14.6215875
            ],
            [
              121.1077938,
              14.6218454
            ],
            [
              121.1081224,
              14.6219103
            ],
            [
              121.1084043,
              14.6219702
            ],
            [
              121.1088307,
              14.6220602
            ],
            [
              121.1097113,
              14.6222462
            ],
            [
              121.1109196,
              14.6225038
            ],
            [
              121.1117142,
              14.6226669
            ],
            [
              121.1121743,
              14.6227614
            ],
            [
              121.1127825,
              14.622887
            ],
            [
              121.1132141,
              14.6229761
            ],
            [
              121.1133135,
              14.6229974
            ],
            [
              121.1133824,
              14.6230118
            ],
            [
              121.1140194,
              14.6231452
            ],
            [
              121.1142007,
              14.6231836
            ],
            [
              121.1146228,
              14.6232729
            ],
            [
              121.115043,
              14.6233629
            ],
            [
              121.1153216,
              14.6234224
            ],
            [
              121.1153659,
              14.6234297
            ],
            [
              121.1154736,
              14.6234524
            ],
            [
              121.1155151,
              14.6234609
            ],
            [
              121.115583,
              14.6234754
            ],
            [
              121.1158481,
              14.6235336
            ],
            [
              121.1158995,
              14.6235459
            ],
            [
              121.1159575,
              14.6235563
            ],
            [
              121.1161912,
              14.6236047
            ],
            [
              121.1165855,
              14.6236863
            ],
            [
              121.1167515,
              14.6237207
            ],
            [
              121.1169135,
              14.6237573
            ],
            [
              121.1171461,
              14.6237995
            ],
            [
              121.1172645,
              14.6238241
            ],
            [
              121.1175687,
              14.623888
            ],
            [
              121.1177379,
              14.6239238
            ],
            [
              121.1185305,
              14.6240913
            ],
            [
              121.1185883,
              14.6241035
            ],
            [
              121.1191395,
              14.6242163
            ],
            [
              121.1193281,
              14.624242
            ],
            [
              121.1196605,
              14.624323
            ],
            [
              121.1205897,
              14.6245222
            ],
            [
              121.1207874,
              14.6245588
            ],
            [
              121.1214976,
              14.6247088
            ],
            [
              121.1216127,
              14.6247335
            ],
            [
              121.1219984,
              14.6248163
            ],
            [
              121.1222729,
              14.6248775
            ],
            [
              121.1233533,
              14.6250949
            ],
            [
              121.1238097,
              14.6251876
            ],
            [
              121.124124,
              14.6252542
            ],
            [
              121.1244896,
              14.6253182
            ],
            [
              121.1246351,
              14.6253536
            ],
            [
              121.1247933,
              14.6253554
            ],
            [
              121.1251111,
              14.6253361
            ],
            [
              121.1255243,
              14.6252824
            ],
            [
              121.125807,
              14.6252433
            ],
            [
              121.1258731,
              14.6252744
            ],
            [
              121.1265045,
              14.6251792
            ],
            [
              121.1267623,
              14.6251403
            ],
            [
              121.127092,
              14.6250906
            ],
            [
              121.127908,
              14.6249676
            ],
            [
              121.1280901,
              14.6249401
            ],
            [
              121.1282378,
              14.6249178
            ],
            [
              121.1283087,
              14.6249071
            ],
            [
              121.1296761,
              14.624701
            ],
            [
              121.1297438,
              14.6246907
            ],
            [
              121.1303247,
              14.6246031
            ],
            [
              121.1304098,
              14.6245903
            ],
            [
              121.1308658,
              14.6245192
            ],
            [
              121.1309472,
              14.6245077
            ],
            [
              121.1310969,
              14.6244864
            ],
            [
              121.1313999,
              14.6244427
            ],
            [
              121.1314864,
              14.6244318
            ],
            [
              121.1317096,
              14.624403
            ],
            [
              121.1317877,
              14.6243942
            ],
            [
              121.1320996,
              14.6243623
            ],
            [
              121.1321792,
              14.6243542
            ],
            [
              121.1322544,
              14.6243465
            ],
            [
              121.1323169,
              14.6243402
            ],
            [
              121.1323559,
              14.6243362
            ],
            [
              121.1323915,
              14.6243349
            ],
            [
              121.1324736,
              14.6243322
            ],
            [
              121.1325321,
              14.6243302
            ],
            [
              121.1325643,
              14.6243291
            ],
            [
              121.1325944,
              14.6243274
            ],
            [
              121.1329281,
              14.6243151
            ],
            [
              121.1330719,
              14.6242778
            ],
            [
              121.133479,
              14.6242604
            ],
            [
              121.1337266,
              14.624252
            ],
            [
              121.1340257,
              14.6242684
            ],
            [
              121.1341134,
              14.6242731
            ],
            [
              121.1341307,
              14.6242741
            ],
            [
              121.1346754,
              14.6243038
            ],
            [
              121.1348337,
              14.6243593
            ],
            [
              121.1351118,
              14.6243894
            ],
            [
              121.1357405,
              14.6244566
            ],
            [
              121.1361506,
              14.6245002
            ],
            [
              121.1362943,
              14.6245156
            ],
            [
              121.1365503,
              14.6245444
            ],
            [
              121.1366263,
              14.6245529
            ],
            [
              121.1369265,
              14.6245873
            ],
            [
              121.1371424,
              14.6246207
            ],
            [
              121.1373887,
              14.6246612
            ],
            [
              121.1378075,
              14.6247376
            ],
            [
              121.1379511,
              14.6247733
            ],
            [
              121.1380616,
              14.6248016
            ],
            [
              121.1381819,
              14.624832
            ],
            [
              121.1385226,
              14.6249179
            ],
            [
              121.1387665,
              14.6249798
            ],
            [
              121.1390147,
              14.6250371
            ],
            [
              121.1395747,
              14.625154
            ],
            [
              121.140867,
              14.6254328
            ],
            [
              121.1418662,
              14.6256133
            ],
            [
              121.1426478,
              14.6256928
            ],
            [
              121.1427278,
              14.625701
            ],
            [
              121.1429986,
              14.6257285
            ],
            [
              121.1432597,
              14.6257551
            ],
            [
              121.1434198,
              14.6257714
            ],
            [
              121.1436198,
              14.6257917
            ],
            [
              121.1442675,
              14.6258349
            ],
            [
              121.1446721,
              14.6258434
            ],
            [
              121.1448663,
              14.6258232
            ],
            [
              121.1449638,
              14.6258004
            ],
            [
              121.1450619,
              14.6257658
            ],
            [
              121.1453802,
              14.6256374
            ],
            [
              121.145441,
              14.6256112
            ],
            [
              121.1454919,
              14.6255893
            ],
            [
              121.1462985,
              14.6252442
            ],
            [
              121.1467027,
              14.6250675
            ],
            [
              121.1469308,
              14.6249582
            ],
            [
              121.1471179,
              14.6248686
            ],
            [
              121.1473221,
              14.6247708
            ],
            [
              121.1473563,
              14.6247545
            ],
            [
              121.1474631,
              14.6247033
            ],
            [
              121.1477663,
              14.624567
            ],
            [
              121.1484858,
              14.6242436
            ],
            [
              121.148627,
              14.6241825
            ],
            [
              121.1487995,
              14.6241078
            ],
            [
              121.1490539,
              14.623991
            ],
            [
              121.1491948,
              14.6239449
            ],
            [
              121.149351,
              14.6239162
            ],
            [
              121.1495216,
              14.6238976
            ],
            [
              121.14957,
              14.6238951
            ],
            [
              121.1501806,
              14.6238994
            ],
            [
              121.1503963,
              14.6239033
            ],
            [
              121.1518394,
              14.6239293
            ],
            [
              121.1523413,
              14.6239383
            ],
            [
              121.1526636,
              14.623933
            ],
            [
              121.1528134,
              14.6239196
            ],
            [
              121.1529035,
              14.6238976
            ],
            [
              121.1531293,
              14.6238423
            ],
            [
              121.1533031,
              14.6237998
            ],
            [
              121.1535781,
              14.6237225
            ],
            [
              121.1538416,
              14.6236496
            ],
            [
              121.1540135,
              14.623601
            ],
            [
              121.1545931,
              14.6234372
            ],
            [
              121.15464,
              14.6234274
            ],
            [
              121.1550164,
              14.6233605
            ],
            [
              121.1550754,
              14.62335
            ],
            [
              121.1553578,
              14.6233036
            ],
            [
              121.1554822,
              14.6232832
            ],
            [
              121.1556007,
              14.6232637
            ],
            [
              121.1556554,
              14.6232547
            ],
            [
              121.1561568,
              14.623177
            ],
            [
              121.1564199,
              14.623131
            ],
            [
              121.1564842,
              14.6231214
            ],
            [
              121.1566935,
              14.6230858
            ],
            [
              121.1570455,
              14.6233247
            ],
            [
              121.1576381,
              14.6237733
            ],
            [
              121.1579757,
              14.6240207
            ],
            [
              121.1580907,
              14.624105
            ],
            [
              121.1584676,
              14.6243826
            ],
            [
              121.1590604,
              14.6247358
            ],
            [
              121.1592917,
              14.6248675
            ],
            [
              121.1594667,
              14.6249728
            ],
            [
              121.1595164,
              14.6250043
            ],
            [
              121.1598402,
              14.6251872
            ],
            [
              121.1605469,
              14.6256033
            ],
            [
              121.1609049,
              14.6258147
            ],
            [
              121.1611249,
              14.6259476
            ],
            [
              121.1612243,
              14.6260059
            ],
            [
              121.1615086,
              14.6261727
            ],
            [
              121.1617513,
              14.6263167
            ],
            [
              121.1620572,
              14.6264981
            ],
            [
              121.1632644,
              14.6272325
            ],
            [
              121.1633179,
              14.6272533
            ],
            [
              121.1633997,
              14.6272598
            ],
            [
              121.1641641,
              14.6268756
            ],
            [
              121.1643483,
              14.626783
            ],
            [
              121.1646142,
              14.6269355
            ],
            [
              121.1647528,
              14.6270146
            ],
            [
              121.1648731,
              14.6271091
            ],
            [
              121.1649455,
              14.6271489
            ],
            [
              121.1650707,
              14.627169
            ],
            [
              121.1652421,
              14.6271435
            ],
            [
              121.1656497,
              14.6273284
            ],
            [
              121.1660958,
              14.6274868
            ],
            [
              121.1665429,
              14.6276291
            ],
            [
              121.1669865,
              14.6277638
            ],
            [
              121.1670572,
              14.6277852
            ],
            [
              121.1670948,
              14.6276546
            ],
            [
              121.1676177,
              14.6258769
            ],
            [
              121.1679612,
              14.6248302
            ],
            [
              121.1680568,
              14.6245091
            ],
            [
              121.1683994,
              14.6233686
            ],
            [
              121.1684784,
              14.6231495
            ],
            [
              121.1685756,
              14.6229989
            ],
            [
              121.1687427,
              14.6228479
            ],
            [
              121.1689431,
              14.6226717
            ],
            [
              121.1690874,
              14.6224649
            ],
            [
              121.169159,
              14.6222339
            ],
            [
              121.1693548,
              14.6213382
            ]
          ],
          [
            [
              121.0528792,
              14.622668
            ],
            [
              121.052882,
              14.6227627
            ],
            [
              121.0530745,
              14.6228555
            ],
            [
              121.0530901,
              14.6228624
            ],
            [
              121.0532206,
              14.6229205
            ],
            [
              121.0532482,
              14.6229328
            ],
            [
              121.0533485,
              14.6229822
            ],
            [
              121.0535251,
              14.6230691
            ],
            [
              121.053913,
              14.6232658
            ],
            [
              121.0541111,
              14.6233584
            ],
            [
              121.0549827,
              14.623768
            ],
            [
              121.0553812,
              14.6239589
            ],
            [
              121.0554417,
              14.6239879
            ],
            [
              121.0560089,
              14.6242553
            ],
            [
              121.0566024,
              14.6245408
            ],
            [
              121.0572034,
              14.6248429
            ],
            [
              121.0577187,
              14.6251015
            ],
            [
              121.0579215,
              14.6252039
            ],
            [
              121.0580485,
              14.6252673
            ],
            [
              121.0582226,
              14.625355
            ],
            [
              121.0587393,
              14.6256155
            ],
            [
              121.0588685,
              14.6256807
            ],
            [
              121.0589342,
              14.6257139
            ],
            [
              121.0594639,
              14.6259799
            ],
            [
              121.059509,
              14.6260026
            ],
            [
              121.0595286,
              14.6260124
            ],
            [
              121.0598101,
              14.6261494
            ],
            [
              121.0598755,
              14.6261812
            ],
            [
              121.0601867,
              14.6263326
            ],
            [
              121.0604418,
              14.6264571
            ],
            [
              121.0605036,
              14.6264871
            ],
            [
              121.0605115,
              14.6264905
            ],
            [
              121.0608529,
              14.6266587
            ],
            [
              121.0612432,
              14.6268597
            ],
            [
              121.0613666,
              14.6269233
            ],
            [
              121.0614448,
              14.6269592
            ],
            [
              121.0615173,
              14.6269954
            ],
            [
              121.0620442,
              14.6272485
            ],
            [
              121.0621187,
              14.6272812
            ],
            [
              121.0623639,
              14.6274017
            ],
            [
              121.0624073,
              14.6274199
            ],
            [
              121.0625685,
              14.6275003
            ],
            [
              121.0626327,
              14.6275255
            ],
            [
              121.0627342,
              14.6275618
            ],
            [
              121.0629963,
              14.6276473
            ],
            [
              121.0632396,
              14.6277159
            ],
            [
              121.0632751,
              14.627723
            ],
            [
              121.0635545,
              14.6277691
            ],
            [
              121.0640374,
              14.6278498
            ],
            [
              121.0641879,
              14.6278749
            ],
            [
              121.0650935,
              14.6280297
            ],
            [
              121.0656267,
              14.6281114
            ],
            [
              121.0664777,
              14.6282469
            ],
            [
              121.0668325,
              14.6283018
            ],
            [
              121.0670844,
              14.6283574
            ],
            [
              121.0673507,
              14.6284441
            ],
            [
              121.0675188,
              14.6285054
            ],
            [
              121.0675922,
              14.6285327
            ],
            [
              121.0677246,
              14.6285906
            ],
            [
              121.0677709,
              14.6286114
            ],
            [
              121.0679417,
              14.6286865
            ],
            [
              121.067982,
              14.6287044
            ],
            [
              121.0684424,
              14.628914
            ],
            [
              121.0685024,
              14.6289426
            ],
            [
              121.0685241,
              14.6289518
            ],
            [
              121.0688567,
              14.6291041
            ],
            [
              121.0692971,
              14.6293081
            ],
            [
              121.0693586,
              14.6293338
            ],
            [
              121.0694432,
              14.6293698
            ],
            [
              121.0695124,
              14.6294019
            ],
            [
              121.069676,
              14.6294778
            ],
            [
              121.0699127,
              14.6295838
            ],
            [
              121.0705332,
              14.6298695
            ],
            [
              121.0711805,
              14.6301564
            ],
            [
              121.0714761,
              14.6303013
            ],
            [
              121.0715556,
              14.6303403
            ],
            [
              121.0716958,
              14.6304052
            ],
            [
              121.072139,
              14.630619
            ],
            [
              121.072386,
              14.630738
            ],
            [
              121.0724579,
              14.6307727
            ],
            [
              121.0728209,
              14.6309477
            ],
            [
              121.0734706,
              14.6312798
            ],
            [
              121.0740613,
              14.6316004
            ],
            [
              121.0742305,
              14.6316867
            ],
            [
              121.0743251,
              14.6317342
            ],
            [
              121.0744739,
              14.6318146
            ],
            [
              121.0746423,
              14.6319055
            ],
            [
              121.0749746,
              14.632085
            ],
            [
              121.0752275,
              14.6322216
            ],
            [
              121.0754302,
              14.6323311
            ],
            [
              121.0756542,
              14.6324438
            ],
            [
              121.0758115,
              14.6325141
            ],
            [
              121.0758973,
              14.6325246
            ],
            [
              121.0761151,
              14.6325806
            ],
            [
              121.0763197,
              14.632608
            ],
            [
              121.0765801,
              14.6325935
            ],
            [
              121.0768686,
              14.6325278
            ],
            [
              121.0771262,
              14.632438
            ],
            [
              121.0772747,
              14.6323627
            ],
            [
              121.0772868,
              14.6323519
            ],
            [
              121.0774013,
              14.6322694
            ],
            [
              121.0777218,
              14.6320366
            ],
            [
              121.0777382,
              14.6320247
            ],
            [
              121.0781082,
              14.6316621
            ],
            [
              121.0783176,
              14.6314447
            ],
            [
              121.0784121,
              14.6313367
            ],
            [
              121.0802127,
              14.6287158
            ],
            [
              121.0809919,
              14.6277326
            ],
            [
              121.081142,
              14.6275738
            ],
            [
              121.0812033,
              14.6275057
            ],
            [
              121.0814232,
              14.6272853
            ],
            [
              121.0817458,
              14.6269394
            ],
            [
              121.082131,
              14.6265426
            ],
            [
              121.0833696,
              14.6252848
            ],
            [
              121.0837464,
              14.6248858
            ],
            [
              121.0841898,
              14.6244163
            ],
            [
              121.0843631,
              14.6241956
            ],
            [
              121.0845542,
              14.6239892
            ],
            [
              121.0846821,
              14.6238545
            ],
            [
              121.087167,
              14.6213178
            ],
            [
              121.0881145,
              14.6203619
            ],
            [
              121.0881556,
              14.6203201
            ],
            [
              121.0882098,
              14.6202622
            ],
            [
              121.0882195,
              14.6202519
            ],
            [
              121.0883312,
              14.6201325
            ],
            [
              121.0885785,
              14.6198683
            ],
            [
              121.0886561,
              14.6197906
            ],
            [
              121.0887719,
              14.6196745
            ],
            [
              121.0889964,
              14.6194495
            ],
            [
              121.0891804,
              14.619291
            ],
            [
              121.0893907,
              14.6191256
            ],
            [
              121.0895574,
              14.6190142
            ],
            [
              121.0896971,
              14.6189299
            ],
            [
              121.0898301,
              14.6188599
            ],
            [
              121.0899106,
              14.6188223
            ],
            [
              121.0900877,
              14.6187346
            ],
            [
              121.0902824,
              14.6186634
            ],
            [
              121.090504,
              14.6185974
            ],
            [
              121.0906198,
              14.6185678
            ],
            [
              121.090975,
              14.6185073
            ],
            [
              121.0910776,
              14.6184948
            ],
            [
              121.0913223,
              14.618484
            ],
            [
              121.0915299,
              14.6184831
            ],
            [
              121.0917579,
              14.6185011
            ],
            [
              121.0919846,
              14.618534
            ],
            [
              121.0921225,
              14.6185596
            ],
            [
              121.092325,
              14.6186033
            ],
            [
              121.0924949,
              14.6186433
            ],
            [
              121.0927097,
              14.618688
            ],
            [
              121.0933896,
              14.6188233
            ],
            [
              121.0943095,
              14.6190192
            ],
            [
              121.0953353,
              14.6192328
            ],
            [
              121.0958505,
              14.6193393
            ],
            [
              121.0963426,
              14.6194418
            ],
            [
              121.0965029,
              14.6194741
            ],
            [
              121.0965744,
              14.6194919
            ],
            [
              121.0966818,
              14.6195146
            ],
            [
              121.096836,
              14.6195429
            ],
            [
              121.097084,
              14.6195945
            ],
            [
              121.0975844,
              14.6196985
            ],
            [
              121.0978959,
              14.6197633
            ],
            [
              121.0991476,
              14.6200244
            ],
            [
              121.0992485,
              14.6200447
            ],
            [
              121.0994489,
              14.6200874
            ],
            [
              121.0996027,
              14.6201228
            ],
            [
              121.09993,
              14.6201966
            ],
            [
              121.1006518,
              14.6203591
            ],
            [
              121.1011744,
              14.6204665
            ],
            [
              121.1014039,
              14.6205183
            ],
            [
              121.1017933,
              14.6206015
            ]
          ]
        ]
      },
      "id": "relation/10815177"
    },
    {
      "type": "Feature",
      "properties": {
        "@id": "relation/12992097",
        "addr:barangay": "Socorro",
        "addr:city": "Quezon City",
        "addr:country": "PH",
        "addr:district": "Cubao",
        "email": "info@aranetacity.com",
        "image": "https://upload.wikimedia.org/wikipedia/en/e/e4/Araneta_City_%282019%29_Logo.png",
        "landuse": "retail",
        "name": "Araneta City",
        "old_name": "Araneta Center",
        "operator": "ACI, Inc.",
        "phone": "+63 2 8588 4000",
        "type": "multipolygon",
        "website": "https://www.aranetacity.com",
        "wikidata": "Q4784082",
        "wikipedia": "en:Araneta City",
        "wikipedia:en": "Araneta City"
      },
      "geometry": {
        "type": "Polygon",
        "coordinates": [
          [
            [
              121.0550377,
              14.6176254
            ],
            [
              121.0552085,
              14.617725
            ],
            [
              121.0555574,
              14.6179997
            ],
            [
              121.0556526,
              14.6180671
            ],
            [
              121.0566039,
              14.6186477
            ],
            [
              121.0578031,
              14.6194927
            ],
            [
              121.0577207,
              14.6196486
            ],
            [
              121.0576798,
              14.6198104
            ],
            [
              121.0581232,
              14.6200457
            ],
            [
              121.0580725,
              14.6201433
            ],
            [
              121.0573258,
              14.6208832
            ],
            [
              121.0570308,
              14.6212035
            ],
            [
              121.0566833,
              14.6220114
            ],
            [
              121.057072,
              14.6221855
            ],
            [
              121.057125,
              14.6222092
            ],
            [
              121.0572086,
              14.6222471
            ],
            [
              121.0570332,
              14.6226396
            ],
            [
              121.0570259,
              14.6226559
            ],
            [
              121.0570087,
              14.6226945
            ],
            [
              121.0563237,
              14.6243562
            ],
            [
              121.0554312,
              14.6239151
            ],
            [
              121.0536607,
              14.6230747
            ],
            [
              121.0517439,
              14.6221408
            ],
            [
              121.0503854,
              14.6215421
            ],
            [
              121.0518304,
              14.618393
            ],
            [
              121.0524237,
              14.6171
            ],
            [
              121.0527193,
              14.6165256
            ],
            [
              121.0529173,
              14.6165169
            ],
            [
              121.053069,
              14.6165104
            ],
            [
              121.0532883,
              14.6165103
            ],
            [
              121.0533691,
              14.6165105
            ],
            [
              121.0534522,
              14.6165173
            ],
            [
              121.0535917,
              14.6165538
            ],
            [
              121.0537137,
              14.6165993
            ],
            [
              121.0538742,
              14.6166972
            ],
            [
              121.0543506,
              14.6170093
            ],
            [
              121.0544567,
              14.6170842
            ],
            [
              121.0549714,
              14.6174299
            ],
            [
              121.0550224,
              14.6174825
            ],
            [
              121.0550432,
              14.617553
            ],
            [
              121.0550377,
              14.6176254
            ]
          ]
        ]
      },
      "id": "relation/12992097"
    },
    {
      "type": "Feature",
      "properties": {
        "@id": "relation/17003747",
        "landuse": "commercial",
        "name": "Bridgetowne Business Park",
        "operator": "Robinsons Land Corporation",
        "type": "multipolygon"
      },
      "geometry": {
        "type": "Polygon",
        "coordinates": [
          [
            [
              121.0819239,
              14.5943714
            ],
            [
              121.0798634,
              14.5942372
            ],
            [
              121.079924,
              14.5931564
            ],
            [
              121.0800565,
              14.5917946
            ],
            [
              121.0807835,
              14.591832
            ],
            [
              121.0809743,
              14.591382
            ],
            [
              121.081136,
              14.5910012
            ],
            [
              121.081282,
              14.590631
            ],
            [
              121.0817981,
              14.5907873
            ],
            [
              121.0818236,
              14.5906004
            ],
            [
              121.0819604,
              14.5906095
            ],
            [
              121.0819646,
              14.5905875
            ],
            [
              121.0820265,
              14.5902679
            ],
            [
              121.0821921,
              14.5902903
            ],
            [
              121.082416,
              14.5903206
            ],
            [
              121.0825014,
              14.5902793
            ],
            [
              121.0826826,
              14.5903105
            ],
            [
              121.0826503,
              14.5905369
            ],
            [
              121.0825826,
              14.5911433
            ],
            [
              121.0825129,
              14.5915706
            ],
            [
              121.0824385,
              14.5917572
            ],
            [
              121.0823154,
              14.5921778
            ],
            [
              121.0822062,
              14.5927265
            ],
            [
              121.0820884,
              14.593386
            ],
            [
              121.082069,
              14.5935967
            ],
            [
              121.0820764,
              14.5938816
            ],
            [
              121.0820946,
              14.5941297
            ],
            [
              121.0821555,
              14.5943865
            ],
            [
              121.0819239,
              14.5943714
            ]
          ]
        ]
      },
      "id": "relation/17003747"
    },
    {
      "type": "Feature",
      "properties": {
        "@id": "relation/18040027",
        "name": "Shuttle Route EC: Eastwood City Shuttle Loop",
        "network": "LTFRB PUB",
        "network:wikidata": "Q6483998",
        "opening_hours": "06:00-17:00",
        "operator": "Eastwood City Estate Association",
        "public_transport:version": "2",
        "ref": "EC",
        "route": "bus",
        "smoking": "no",
        "type": "route",
        "wheelchair": "limited"
      },
      "geometry": {
        "type": "LineString",
        "coordinates": [
          [
            121.0797854,
            14.6088418
          ],
          [
            121.0799536,
            14.6087055
          ],
          [
            121.0800211,
            14.608651
          ],
          [
            121.080195,
            14.6085104
          ],
          [
            121.0802424,
            14.6084388
          ],
          [
            121.0802671,
            14.6083595
          ],
          [
            121.0802639,
            14.6082768
          ],
          [
            121.0802485,
            14.6082191
          ],
          [
            121.0802443,
            14.6082106
          ],
          [
            121.0802121,
            14.6081502
          ],
          [
            121.0801569,
            14.6080977
          ],
          [
            121.0796117,
            14.6078302
          ],
          [
            121.0795261,
            14.6077882
          ],
          [
            121.0795659,
            14.6077074
          ],
          [
            121.0796508,
            14.6077482
          ],
          [
            121.0801955,
            14.6080101
          ],
          [
            121.0802461,
            14.6080464
          ],
          [
            121.0802914,
            14.6081005
          ],
          [
            121.080319,
            14.6081587
          ],
          [
            121.0803441,
            14.6082423
          ],
          [
            121.0803493,
            14.6083377
          ],
          [
            121.0803297,
            14.6084115
          ],
          [
            121.0803065,
            14.6084664
          ],
          [
            121.080256,
            14.6085483
          ],
          [
            121.0801935,
            14.6086098
          ],
          [
            121.0800746,
            14.6086985
          ],
          [
            121.0800439,
            14.6087258
          ],
          [
            121.0800035,
            14.6087528
          ],
          [
            121.0799208,
            14.6088133
          ],
          [
            121.0799035,
            14.6088318
          ],
          [
            121.0798897,
            14.6088529
          ],
          [
            121.0798782,
            14.6088739
          ],
          [
            121.0798739,
            14.6088996
          ],
          [
            121.0798738,
            14.6089462
          ],
          [
            121.0798764,
            14.6089788
          ],
          [
            121.0798866,
            14.60901
          ],
          [
            121.0799051,
            14.6090397
          ],
          [
            121.0799167,
            14.6090565
          ],
          [
            121.0799482,
            14.6090953
          ],
          [
            121.0800083,
            14.6091494
          ],
          [
            121.0800625,
            14.6091979
          ],
          [
            121.0801023,
            14.6092642
          ],
          [
            121.0803745,
            14.6095096
          ],
          [
            121.080388,
            14.6095223
          ],
          [
            121.0804059,
            14.6095403
          ],
          [
            121.0804412,
            14.6095789
          ],
          [
            121.0805221,
            14.6096734
          ],
          [
            121.0805817,
            14.6097554
          ],
          [
            121.0806159,
            14.609812
          ],
          [
            121.0806466,
            14.6098681
          ],
          [
            121.0806813,
            14.6099664
          ],
          [
            121.0807019,
            14.6101043
          ],
          [
            121.0807118,
            14.6102193
          ],
          [
            121.0807075,
            14.6102653
          ],
          [
            121.0807022,
            14.6103229
          ],
          [
            121.0806821,
            14.6104304
          ],
          [
            121.0806453,
            14.6105452
          ],
          [
            121.0806061,
            14.6106282
          ],
          [
            121.0805501,
            14.6107253
          ],
          [
            121.0805149,
            14.610773
          ],
          [
            121.0804452,
            14.6108511
          ],
          [
            121.0804128,
            14.6108812
          ],
          [
            121.080359,
            14.6109243
          ],
          [
            121.080291,
            14.6109707
          ],
          [
            121.0802025,
            14.6110265
          ],
          [
            121.0801075,
            14.6110755
          ],
          [
            121.0799934,
            14.6111104
          ],
          [
            121.0798914,
            14.6111254
          ],
          [
            121.0797865,
            14.61113
          ],
          [
            121.0796633,
            14.6111147
          ],
          [
            121.079537,
            14.6110872
          ],
          [
            121.0794555,
            14.6110581
          ],
          [
            121.0794234,
            14.6110466
          ],
          [
            121.0793213,
            14.6109915
          ],
          [
            121.0793065,
            14.610982
          ],
          [
            121.0792501,
            14.6109459
          ],
          [
            121.0791859,
            14.6108939
          ],
          [
            121.0791285,
            14.6108351
          ],
          [
            121.079057,
            14.6107637
          ],
          [
            121.0788541,
            14.6105756
          ],
          [
            121.0787402,
            14.610468
          ],
          [
            121.0787178,
            14.6104468
          ],
          [
            121.0786356,
            14.6103639
          ],
          [
            121.078621,
            14.6102709
          ],
          [
            121.0786352,
            14.6101851
          ],
          [
            121.078723,
            14.6101281
          ],
          [
            121.0787869,
            14.6100835
          ],
          [
            121.0789115,
            14.6099866
          ],
          [
            121.0789407,
            14.6099627
          ],
          [
            121.0789892,
            14.609915
          ],
          [
            121.079027,
            14.6098695
          ],
          [
            121.0790696,
            14.6098154
          ],
          [
            121.0791098,
            14.6097542
          ],
          [
            121.0791647,
            14.6096556
          ],
          [
            121.0792369,
            14.6094747
          ],
          [
            121.0792979,
            14.6093687
          ],
          [
            121.0793274,
            14.6093342
          ],
          [
            121.0793365,
            14.6093236
          ],
          [
            121.0793649,
            14.6092904
          ],
          [
            121.0794084,
            14.6092463
          ],
          [
            121.0795646,
            14.6090881
          ],
          [
            121.0796192,
            14.6090354
          ],
          [
            121.0797057,
            14.6089133
          ],
          [
            121.0797461,
            14.6088766
          ],
          [
            121.0797854,
            14.6088418
          ]
        ]
      },
      "id": "relation/18040027"
    },
    {
      "type": "Feature",
      "properties": {
        "@id": "way/19571916",
        "addr:city": "Quezon City",
        "addr:postcode": "1109",
        "addr:street": "General Aguinaldo Avenue",
        "addr:street:corner": "P. Tuazon Boulevard",
        "building": "yes",
        "building:levels": "5",
        "height": "30",
        "name": "SM Araneta City",
        "old_name": "SM Cubao",
        "opening_hours": "Mo-Su 10:00-24:00",
        "shop": "supermarket"
      },
      "geometry": {
        "type": "Polygon",
        "coordinates": [
          [
            [
              121.0548615,
              14.6198009
            ],
            [
              121.0549838,
              14.6195619
            ],
            [
              121.055131,
              14.6192742
            ],
            [
              121.0551421,
              14.6192527
            ],
            [
              121.0551531,
              14.6192314
            ],
            [
              121.0553024,
              14.6189357
            ],
            [
              121.0555987,
              14.6183486
            ],
            [
              121.0556782,
              14.6181964
            ],
            [
              121.0560689,
              14.6183825
            ],
            [
              121.0560617,
              14.6183967
            ],
            [
              121.0562312,
              14.6184774
            ],
            [
              121.0562096,
              14.6185199
            ],
            [
              121.0563964,
              14.6186089
            ],
            [
              121.0563238,
              14.6187516
            ],
            [
              121.0561619,
              14.6190697
            ],
            [
              121.0560933,
              14.6192043
            ],
            [
              121.0560325,
              14.6193238
            ],
            [
              121.0559861,
              14.619415
            ],
            [
              121.0556085,
              14.6201569
            ],
            [
              121.0549628,
              14.6198493
            ],
            [
              121.0548615,
              14.6198009
            ]
          ]
        ]
      },
      "id": "way/19571916"
    },
    {
      "type": "Feature",
      "properties": {
        "@id": "way/27349981",
        "building": "yes",
        "name": "Eastwood City Information Centre"
      },
      "geometry": {
        "type": "Polygon",
        "coordinates": [
          [
            [
              121.0806951,
              14.6097662
            ],
            [
              121.0805269,
              14.6095284
            ],
            [
              121.0805428,
              14.6095163
            ],
            [
              121.0805328,
              14.6095045
            ],
            [
              121.0806353,
              14.6094358
            ],
            [
              121.0807279,
              14.609369
            ],
            [
              121.080789,
              14.6093159
            ],
            [
              121.0808376,
              14.6093641
            ],
            [
              121.0808455,
              14.6093565
            ],
            [
              121.0809321,
              14.6094457
            ],
            [
              121.0809026,
              14.6094837
            ],
            [
              121.0808815,
              14.6095141
            ],
            [
              121.0808747,
              14.6095405
            ],
            [
              121.080874,
              14.6095617
            ],
            [
              121.0808795,
              14.6095878
            ],
            [
              121.080894,
              14.6096069
            ],
            [
              121.0808435,
              14.6096585
            ],
            [
              121.0807803,
              14.6097089
            ],
            [
              121.0806951,
              14.6097662
            ]
          ]
        ]
      },
      "id": "way/27349981"
    },
    {
      "type": "Feature",
      "properties": {
        "@id": "way/27350736",
        "landuse": "commercial",
        "name": "Eastwood City",
        "place": "neighbourhood",
        "wikidata": "Q5331012",
        "wikimedia_commons": "Category:Eastwood City",
        "wikipedia": "en:Eastwood City"
      },
      "geometry": {
        "type": "Polygon",
        "coordinates": [
          [
            [
              121.0777214,
              14.6102201
            ],
            [
              121.0779796,
              14.6099995
            ],
            [
              121.078069,
              14.6099232
            ],
            [
              121.0781447,
              14.6098585
            ],
            [
              121.0781772,
              14.6098482
            ],
            [
              121.0782214,
              14.6098094
            ],
            [
              121.078524,
              14.6095371
            ],
            [
              121.07857,
              14.609585
            ],
            [
              121.0797408,
              14.6085283
            ],
            [
              121.0796752,
              14.6084827
            ],
            [
              121.0796349,
              14.6084547
            ],
            [
              121.0790703,
              14.608081
            ],
            [
              121.0790398,
              14.6080608
            ],
            [
              121.0790287,
              14.6080539
            ],
            [
              121.0788779,
              14.6079602
            ],
            [
              121.078765,
              14.60812
            ],
            [
              121.0784844,
              14.6079194
            ],
            [
              121.0784007,
              14.6078596
            ],
            [
              121.0785355,
              14.6076684
            ],
            [
              121.078667,
              14.6074702
            ],
            [
              121.0787302,
              14.6073513
            ],
            [
              121.078884,
              14.607038
            ],
            [
              121.0789554,
              14.6070643
            ],
            [
              121.0789867,
              14.6070758
            ],
            [
              121.079388,
              14.6072232
            ],
            [
              121.0794086,
              14.6072308
            ],
            [
              121.0797975,
              14.6073834
            ],
            [
              121.0802202,
              14.6075462
            ],
            [
              121.0805565,
              14.6072463
            ],
            [
              121.0808092,
              14.6074772
            ],
            [
              121.0808243,
              14.6074982
            ],
            [
              121.0808299,
              14.6074996
            ],
            [
              121.0818918,
              14.6070928
            ],
            [
              121.0820592,
              14.6073347
            ],
            [
              121.0822388,
              14.6079323
            ],
            [
              121.081719,
              14.6083969
            ],
            [
              121.0819584,
              14.6086373
            ],
            [
              121.0820232,
              14.6086769
            ],
            [
              121.0822182,
              14.6088807
            ],
            [
              121.0818207,
              14.6093408
            ],
            [
              121.081648,
              14.6092072
            ],
            [
              121.081374,
              14.6094914
            ],
            [
              121.0815345,
              14.609641
            ],
            [
              121.0814646,
              14.6097079
            ],
            [
              121.0814907,
              14.6097328
            ],
            [
              121.0816156,
              14.6098489
            ],
            [
              121.0816427,
              14.6098801
            ],
            [
              121.081787,
              14.6099751
            ],
            [
              121.0821335,
              14.6103541
            ],
            [
              121.082222,
              14.6104436
            ],
            [
              121.0809304,
              14.6114466
            ],
            [
              121.0808703,
              14.611378
            ],
            [
              121.0803037,
              14.6117851
            ],
            [
              121.0797937,
              14.6121645
            ],
            [
              121.0779426,
              14.6104324
            ],
            [
              121.0777765,
              14.6102815
            ],
            [
              121.0777214,
              14.6102201
            ]
          ]
        ]
      },
      "id": "way/27350736"
    },
    {
      "type": "Feature",
      "properties": {
        "@id": "way/27605497",
        "building": "yes",
        "layer": "1",
        "name": "Eastwood Mall"
      },
      "geometry": {
        "type": "Polygon",
        "coordinates": [
          [
            [
              121.0803184,
              14.6096904
            ],
            [
              121.0804607,
              14.6098377
            ],
            [
              121.0804733,
              14.6098595
            ],
            [
              121.0804989,
              14.6099037
            ],
            [
              121.0805311,
              14.6099922
            ],
            [
              121.0805551,
              14.6100978
            ],
            [
              121.0805675,
              14.6101825
            ],
            [
              121.0805653,
              14.6102919
            ],
            [
              121.080552,
              14.6103931
            ],
            [
              121.080532,
              14.6104609
            ],
            [
              121.0805045,
              14.6105152
            ],
            [
              121.0805141,
              14.6105425
            ],
            [
              121.0805252,
              14.6105859
            ],
            [
              121.0804901,
              14.6106002
            ],
            [
              121.0804615,
              14.6106029
            ],
            [
              121.080445,
              14.6106254
            ],
            [
              121.0804656,
              14.6106427
            ],
            [
              121.0804275,
              14.610697
            ],
            [
              121.0803681,
              14.6107663
            ],
            [
              121.0802865,
              14.6108427
            ],
            [
              121.0802108,
              14.6108914
            ],
            [
              121.0801955,
              14.6108691
            ],
            [
              121.0801769,
              14.6108805
            ],
            [
              121.0801513,
              14.610952
            ],
            [
              121.0800931,
              14.6109302
            ],
            [
              121.0800314,
              14.6109578
            ],
            [
              121.0799471,
              14.610987
            ],
            [
              121.0798498,
              14.6109978
            ],
            [
              121.0797257,
              14.6109973
            ],
            [
              121.079621,
              14.6109789
            ],
            [
              121.0795237,
              14.6109498
            ],
            [
              121.07944,
              14.6109142
            ],
            [
              121.0793497,
              14.6108529
            ],
            [
              121.0792452,
              14.610739
            ],
            [
              121.0793151,
              14.6106732
            ],
            [
              121.0792714,
              14.6106286
            ],
            [
              121.0793848,
              14.6105346
            ],
            [
              121.0795088,
              14.6104648
            ],
            [
              121.0794823,
              14.6104201
            ],
            [
              121.0795331,
              14.6104003
            ],
            [
              121.0795956,
              14.6103842
            ],
            [
              121.0796498,
              14.6103702
            ],
            [
              121.0796839,
              14.6103056
            ],
            [
              121.0797244,
              14.6102578
            ],
            [
              121.0797182,
              14.6102268
            ],
            [
              121.0797229,
              14.6102027
            ],
            [
              121.0797383,
              14.6101745
            ],
            [
              121.0797594,
              14.6101565
            ],
            [
              121.0797916,
              14.6101457
            ],
            [
              121.0798257,
              14.6101509
            ],
            [
              121.0798736,
              14.6101201
            ],
            [
              121.0799297,
              14.6100987
            ],
            [
              121.0799405,
              14.6100392
            ],
            [
              121.079957,
              14.6099714
            ],
            [
              121.0799898,
              14.6099169
            ],
            [
              121.0800348,
              14.6099368
            ],
            [
              121.080115,
              14.6098158
            ],
            [
              121.0802006,
              14.609715
            ],
            [
              121.0802455,
              14.6097518
            ],
            [
              121.0803184,
              14.6096904
            ]
          ]
        ]
      },
      "id": "way/27605497"
    },
    {
      "type": "Feature",
      "properties": {
        "@id": "way/187748449",
        "leisure": "park",
        "name": "Eastwood Mall Open Park"
      },
      "geometry": {
        "type": "Polygon",
        "coordinates": [
          [
            [
              121.0799682,
              14.6094282
            ],
            [
              121.0800277,
              14.6093681
            ],
            [
              121.0800801,
              14.6093188
            ],
            [
              121.0803729,
              14.6096045
            ],
            [
              121.0803796,
              14.6096159
            ],
            [
              121.0803754,
              14.6096288
            ],
            [
              121.0803679,
              14.6096433
            ],
            [
              121.0803184,
              14.6096904
            ],
            [
              121.0802455,
              14.6097518
            ],
            [
              121.0802006,
              14.609715
            ],
            [
              121.080115,
              14.6098158
            ],
            [
              121.0800348,
              14.6099368
            ],
            [
              121.0799898,
              14.6099169
            ],
            [
              121.079957,
              14.6099714
            ],
            [
              121.0799405,
              14.6100392
            ],
            [
              121.0799297,
              14.6100987
            ],
            [
              121.0798736,
              14.6101201
            ],
            [
              121.0798257,
              14.6101509
            ],
            [
              121.0797916,
              14.6101457
            ],
            [
              121.0797594,
              14.6101565
            ],
            [
              121.0797383,
              14.6101745
            ],
            [
              121.0797229,
              14.6102027
            ],
            [
              121.0797182,
              14.6102268
            ],
            [
              121.0797244,
              14.6102578
            ],
            [
              121.0796839,
              14.6103056
            ],
            [
              121.0796498,
              14.6103702
            ],
            [
              121.0795956,
              14.6103842
            ],
            [
              121.0795331,
              14.6104003
            ],
            [
              121.0794823,
              14.6104201
            ],
            [
              121.0795088,
              14.6104648
            ],
            [
              121.0793848,
              14.6105346
            ],
            [
              121.0792714,
              14.6106286
            ],
            [
              121.0793151,
              14.6106732
            ],
            [
              121.0792452,
              14.610739
            ],
            [
              121.0791887,
              14.6107925
            ],
            [
              121.078971,
              14.610597
            ],
            [
              121.0790139,
              14.610549
            ],
            [
              121.0791592,
              14.6105405
            ],
            [
              121.0794532,
              14.6102469
            ],
            [
              121.0793557,
              14.6101531
            ],
            [
              121.0793712,
              14.6101285
            ],
            [
              121.0793793,
              14.6101048
            ],
            [
              121.0793775,
              14.610076
            ],
            [
              121.079366,
              14.6100499
            ],
            [
              121.0794969,
              14.6099167
            ],
            [
              121.0796902,
              14.6097199
            ],
            [
              121.079691,
              14.609736
            ],
            [
              121.0797966,
              14.6097344
            ],
            [
              121.0797968,
              14.6097124
            ],
            [
              121.0798153,
              14.6097125
            ],
            [
              121.0798537,
              14.6097503
            ],
            [
              121.0800059,
              14.6096025
            ],
            [
              121.0800259,
              14.6095837
            ],
            [
              121.0800096,
              14.6095672
            ],
            [
              121.0800497,
              14.6095279
            ],
            [
              121.0800071,
              14.6094904
            ],
            [
              121.0800222,
              14.6094763
            ],
            [
              121.0799682,
              14.6094282
            ]
          ]
        ]
      },
      "id": "way/187748449"
    },
    {
      "type": "Feature",
      "properties": {
        "@id": "way/792917713",
        "addr:city": "Quezon City",
        "addr:postcode": "1109",
        "addr:street": "Times Square Avenue",
        "amenity": "bus_station",
        "building": "roof",
        "bus": "yes",
        "layer": "1",
        "name": "Araneta City Bus Station",
        "old_name": "Araneta Center Bus Terminal",
        "previously": "node:255067301",
        "public_transport": "station",
        "smoking": "no",
        "wheelchair": "yes"
      },
      "geometry": {
        "type": "Polygon",
        "coordinates": [
          [
            [
              121.0551044,
              14.6219823
            ],
            [
              121.0551075,
              14.6219755
            ],
            [
              121.0550534,
              14.6219521
            ],
            [
              121.0553348,
              14.6213283
            ],
            [
              121.0554068,
              14.6211725
            ],
            [
              121.0556123,
              14.6207388
            ],
            [
              121.0556876,
              14.6207713
            ],
            [
              121.0557119,
              14.6207818
            ],
            [
              121.0555106,
              14.6212186
            ],
            [
              121.0553929,
              14.6213529
            ],
            [
              121.0553382,
              14.6214726
            ],
            [
              121.0554579,
              14.6215239
            ],
            [
              121.0552246,
              14.6220338
            ],
            [
              121.0551044,
              14.6219823
            ]
          ]
        ]
      },
      "id": "way/792917713"
    },
    {
      "type": "Feature",
      "properties": {
        "@id": "way/900276075",
        "addr:city": "Quezon City",
        "addr:postcode": "1109",
        "amenity": "bus_station",
        "building": "transportation",
        "building:levels": "1",
        "name": "Araneta City Jeepney Terminal",
        "public_transport": "station",
        "shelter": "yes"
      },
      "geometry": {
        "type": "Polygon",
        "coordinates": [
          [
            [
              121.0546132,
              14.6179013
            ],
            [
              121.05428,
              14.6176438
            ],
            [
              121.0543009,
              14.6176185
            ],
            [
              121.0546341,
              14.617876
            ],
            [
              121.0546132,
              14.6179013
            ]
          ]
        ]
      },
      "id": "way/900276075"
    },
    {
      "type": "Feature",
      "properties": {
        "@id": "way/987363495",
        "name": "Bridgetowne Substation",
        "operator": "Meralco",
        "operator:wikidata": "Q6817918",
        "power": "substation",
        "substation": "distribution",
        "voltage": "115000;34500"
      },
      "geometry": {
        "type": "Polygon",
        "coordinates": [
          [
            [
              121.0820971,
              14.5906691
            ],
            [
              121.0821921,
              14.5902903
            ],
            [
              121.082416,
              14.5903206
            ],
            [
              121.0824979,
              14.5903443
            ],
            [
              121.0823608,
              14.5907375
            ],
            [
              121.0820971,
              14.5906691
            ]
          ]
        ]
      },
      "id": "way/987363495"
    },
    {
      "type": "Feature",
      "properties": {
        "@id": "way/1110151517",
        "bridge": "viaduct",
        "layer": "1",
        "man_made": "bridge",
        "name": "Bridgetowne Viaduct"
      },
      "geometry": {
        "type": "Polygon",
        "coordinates": [
          [
            [
              121.0817533,
              14.5937313
            ],
            [
              121.0817543,
              14.5937191
            ],
            [
              121.0817574,
              14.5936821
            ],
            [
              121.0817618,
              14.5936309
            ],
            [
              121.0817659,
              14.5935821
            ],
            [
              121.0817696,
              14.5935381
            ],
            [
              121.0817704,
              14.5935284
            ],
            [
              121.0830044,
              14.593626
            ],
            [
              121.0830033,
              14.5936393
            ],
            [
              121.083,
              14.5936776
            ],
            [
              121.0829958,
              14.5937275
            ],
            [
              121.0829916,
              14.5937781
            ],
            [
              121.0829882,
              14.5938181
            ],
            [
              121.0829873,
              14.5938288
            ],
            [
              121.0817533,
              14.5937313
            ]
          ]
        ]
      },
      "id": "way/1110151517"
    },
    {
      "type": "Feature",
      "properties": {
        "@id": "way/1314284669",
        "addr:city": "Quezon City",
        "addr:postcode": "1109",
        "addr:street": "Gen. Romulo",
        "air_conditioning": "yes",
        "amenity": "bus_station",
        "bus": "yes",
        "level": "0",
        "name": "Araneta City Busport",
        "network": "LTFRB PUB;P2P",
        "operator": "Araneta City Inc.",
        "previously": "node:4844168622",
        "public_transport": "station",
        "route_ref": "P2P-2;QC7",
        "wheelchair": "yes"
      },
      "geometry": {
        "type": "Polygon",
        "coordinates": [
          [
            [
              121.0575566,
              14.6198718
            ],
            [
              121.0576475,
              14.6199625
            ],
            [
              121.0576039,
              14.6200074
            ],
            [
              121.0575456,
              14.6200738
            ],
            [
              121.057486,
              14.6201424
            ],
            [
              121.0574386,
              14.6202077
            ],
            [
              121.057388,
              14.6202773
            ],
            [
              121.0572726,
              14.620207
            ],
            [
              121.0573835,
              14.6200617
            ],
            [
              121.0575109,
              14.6199126
            ],
            [
              121.0575566,
              14.6198718
            ]
          ]
        ]
      },
      "id": "way/1314284669"
    },
    {
      "type": "Feature",
      "properties": {
        "@id": "way/184582280",
        "air_conditioning": "no",
        "building": "transportation",
        "building:levels": "3",
        "building:min_level": "1",
        "height": "33",
        "internet_access": "wlan",
        "internet_access:fee": "no",
        "layer": "3",
        "min_height": "10",
        "name": "Araneta Center - Cubao",
        "network": "LRT Line 2",
        "operator": "Light Rail Transit Authority",
        "public_transport": "station",
        "railway": "station",
        "roof:height": "3",
        "roof:shape": "round",
        "source:outline": "Bing",
        "start_date": "2003-04-05",
        "station": "subway",
        "subway": "yes",
        "train": "yes",
        "wheelchair": "yes",
        "wikidata": "Q4784087",
        "wikipedia": "en:Araneta Center–Cubao station (LRT)",
        "wikipedia:en": "Araneta Center–Cubao station (LRT)",
        "@relations": [
          {
            "role": "",
            "rel": 8000208,
            "reltags": {
              "name": "Araneta Center - Cubao",
              "public_transport": "stop_area",
              "public_transport:version": "2",
              "type": "public_transport"
            }
          }
        ]
      },
      "geometry": {
        "type": "Polygon",
        "coordinates": [
          [
            [
              121.0521896,
              14.6224042
            ],
            [
              121.0522177,
              14.6223482
            ],
            [
              121.0522189,
              14.6223458
            ],
            [
              121.052485,
              14.6224707
            ],
            [
              121.0525629,
              14.6225072
            ],
            [
              121.0526668,
              14.622556
            ],
            [
              121.0531311,
              14.6227738
            ],
            [
              121.0531117,
              14.6228125
            ],
            [
              121.0541423,
              14.623296
            ],
            [
              121.0541306,
              14.6233193
            ],
            [
              121.0541111,
              14.6233584
            ],
            [
              121.0541018,
              14.6233769
            ],
            [
              121.0530575,
              14.622887
            ],
            [
              121.0530526,
              14.6228969
            ],
            [
              121.0530425,
              14.622917
            ],
            [
              121.0530352,
              14.6229315
            ],
            [
              121.0530231,
              14.6229556
            ],
            [
              121.0530217,
              14.6229584
            ],
            [
              121.0530058,
              14.6229902
            ],
            [
              121.0521073,
              14.6225686
            ],
            [
              121.0521281,
              14.622527
            ],
            [
              121.0521304,
              14.6225224
            ],
            [
              121.0521405,
              14.6225024
            ],
            [
              121.0521476,
              14.6224881
            ],
            [
              121.0521576,
              14.6224682
            ],
            [
              121.0521648,
              14.6224538
            ],
            [
              121.0521815,
              14.6224204
            ],
            [
              121.0521896,
              14.6224042
            ]
          ]
        ]
      },
      "id": "way/184582280"
    },
    {
      "type": "Feature",
      "properties": {
        "@id": "way/793338657",
        "area": "yes",
        "layer": "3",
        "name": "Araneta Center - Cubao",
        "public_transport": "platform",
        "railway": "platform",
        "@relations": [
          {
            "role": "platform",
            "rel": 8000208,
            "reltags": {
              "name": "Araneta Center - Cubao",
              "public_transport": "stop_area",
              "public_transport:version": "2",
              "type": "public_transport"
            }
          }
        ]
      },
      "geometry": {
        "type": "Polygon",
        "coordinates": [
          [
            [
              121.0530058,
              14.6229902
            ],
            [
              121.0521073,
              14.6225686
            ],
            [
              121.0521281,
              14.622527
            ],
            [
              121.0521304,
              14.6225224
            ],
            [
              121.0530231,
              14.6229556
            ],
            [
              121.0530217,
              14.6229584
            ],
            [
              121.0530058,
              14.6229902
            ]
          ]
        ]
      },
      "id": "way/793338657"
    },
    {
      "type": "Feature",
      "properties": {
        "@id": "way/793338658",
        "area": "yes",
        "layer": "3",
        "name": "Araneta Center - Cubao",
        "public_transport": "platform",
        "railway": "platform",
        "@relations": [
          {
            "role": "platform",
            "rel": 8000208,
            "reltags": {
              "name": "Araneta Center - Cubao",
              "public_transport": "stop_area",
              "public_transport:version": "2",
              "type": "public_transport"
            }
          }
        ]
      },
      "geometry": {
        "type": "Polygon",
        "coordinates": [
          [
            [
              121.0521896,
              14.6224042
            ],
            [
              121.0530841,
              14.622837
            ],
            [
              121.0530745,
              14.6228555
            ],
            [
              121.0530575,
              14.622887
            ],
            [
              121.0521648,
              14.6224538
            ],
            [
              121.0521815,
              14.6224204
            ],
            [
              121.0521896,
              14.6224042
            ]
          ]
        ]
      },
      "id": "way/793338658"
    },
    {
      "type": "Feature",
      "properties": {
        "@id": "way/693435892",
        "access:lanes": "||no",
        "bicycle:lanes": "||designated",
        "bus:lanes": "||designated",
        "cycleway:right": "share_busway",
        "foot": "use_sidepath",
        "highway": "tertiary",
        "lanes": "3",
        "lit": "yes",
        "name": "Bridgetowne Boulevard",
        "oneway": "yes",
        "oneway:bicycle": "yes",
        "ownership": "private",
        "sidewalk": "separate",
        "surface": "concrete"
      },
      "geometry": {
        "type": "LineString",
        "coordinates": [
          [
            121.0805274,
            14.5936144
          ],
          [
            121.0812827,
            14.5935626
          ],
          [
            121.0813385,
            14.5935588
          ]
        ]
      },
      "id": "way/693435892"
    },
    {
      "type": "Feature",
      "properties": {
        "@id": "way/693435900",
        "access:lanes": "||no",
        "bicycle:lanes": "||designated",
        "bus:lanes": "||designated",
        "covered": "yes",
        "cycleway:right": "share_busway",
        "foot": "use_sidepath",
        "highway": "tertiary",
        "lanes": "3",
        "lit": "yes",
        "name": "Bridgetowne Boulevard",
        "oneway": "yes",
        "oneway:bicycle": "yes",
        "ownership": "private",
        "sidewalk": "separate",
        "surface": "concrete"
      },
      "geometry": {
        "type": "LineString",
        "coordinates": [
          [
            121.0813357,
            14.5936512
          ],
          [
            121.0812877,
            14.5936547
          ],
          [
            121.0805332,
            14.5937096
          ]
        ]
      },
      "id": "way/693435900"
    },
    {
      "type": "Feature",
      "properties": {
        "@id": "way/901146662",
        "access:lanes": "||no",
        "bicycle:lanes": "||designated",
        "bus:lanes": "||designated",
        "cycleway:right": "share_busway",
        "foot": "use_sidepath",
        "highway": "tertiary",
        "lanes": "3",
        "lit": "yes",
        "name": "Bridgetowne Boulevard",
        "oneway": "yes",
        "oneway:bicycle": "yes",
        "ownership": "private",
        "sidewalk": "separate",
        "surface": "concrete"
      },
      "geometry": {
        "type": "LineString",
        "coordinates": [
          [
            121.0817574,
            14.5936821
          ],
          [
            121.0815279,
            14.5936549
          ],
          [
            121.0813357,
            14.5936512
          ]
        ]
      },
      "id": "way/901146662"
    },
    {
      "type": "Feature",
      "properties": {
        "@id": "way/901193162",
        "access:lanes": "||no",
        "bicycle:lanes": "||designated",
        "bridge": "viaduct",
        "bus:lanes": "||designated",
        "cycleway:right": "share_busway",
        "foot": "use_sidepath",
        "highway": "tertiary",
        "lanes": "3",
        "layer": "1",
        "lit": "yes",
        "name": "Bridgetowne Boulevard",
        "oneway": "yes",
        "oneway:bicycle": "yes",
        "ownership": "private",
        "sidewalk": "separate",
        "surface": "concrete"
      },
      "geometry": {
        "type": "LineString",
        "coordinates": [
          [
            121.0829916,
            14.5937781
          ],
          [
            121.0817574,
            14.5936821
          ]
        ]
      },
      "id": "way/901193162"
    },
    {
      "type": "Feature",
      "properties": {
        "@id": "way/929523582",
        "access:lanes": "||no",
        "bicycle:lanes": "||designated",
        "bus:lanes": "||designated",
        "cycleway:right": "share_busway",
        "foot": "use_sidepath",
        "highway": "tertiary",
        "lanes": "3",
        "lit": "yes",
        "name": "Bridgetowne Boulevard",
        "oneway": "yes",
        "oneway:bicycle": "yes",
        "ownership": "private",
        "sidewalk": "separate",
        "surface": "concrete"
      },
      "geometry": {
        "type": "LineString",
        "coordinates": [
          [
            121.0813385,
            14.5935588
          ],
          [
            121.0815279,
            14.5935602
          ],
          [
            121.0817659,
            14.5935821
          ]
        ]
      },
      "id": "way/929523582"
    },
    {
      "type": "Feature",
      "properties": {
        "@id": "way/929629219",
        "access:lanes": "||no",
        "bicycle:lanes": "||designated",
        "bridge": "viaduct",
        "bus:lanes": "||designated",
        "cycleway:right": "share_busway",
        "foot": "use_sidepath",
        "highway": "tertiary",
        "lanes": "3",
        "layer": "1",
        "lit": "yes",
        "name": "Bridgetowne Boulevard",
        "oneway": "yes",
        "oneway:bicycle": "yes",
        "ownership": "private",
        "sidewalk": "separate",
        "surface": "concrete"
      },
      "geometry": {
        "type": "LineString",
        "coordinates": [
          [
            121.0817659,
            14.5935821
          ],
          [
            121.0826641,
            14.5936516
          ],
          [
            121.083,
            14.5936776
          ]
        ]
      },
      "id": "way/929629219"
    },
    {
      "type": "Feature",
      "properties": {
        "@id": "way/1076400973",
        "access:lanes": "||no",
        "bicycle:lanes": "||designated",
        "bus:lanes": "||designated",
        "cycleway:right": "share_busway",
        "foot": "use_sidepath",
        "highway": "tertiary",
        "lanes": "3",
        "lit": "yes",
        "name": "Bridgetowne Boulevard",
        "oneway": "yes",
        "oneway:bicycle": "yes",
        "ownership": "private",
        "planned:oneway": "yes",
        "sidewalk": "separate",
        "surface": "concrete"
      },
      "geometry": {
        "type": "LineString",
        "coordinates": [
          [
            121.0798624,
            14.593575
          ],
          [
            121.0798737,
            14.5936027
          ],
          [
            121.0798908,
            14.5936225
          ],
          [
            121.0799193,
            14.5936384
          ],
          [
            121.0799555,
            14.5936464
          ],
          [
            121.0805274,
            14.5936144
          ]
        ]
      },
      "id": "way/1076400973"
    },
    {
      "type": "Feature",
      "properties": {
        "@id": "way/1076400974",
        "access:lanes": "||no",
        "bicycle:lanes": "||designated",
        "bus:lanes": "||designated",
        "cycleway:right": "share_busway",
        "foot": "use_sidepath",
        "highway": "tertiary",
        "lanes": "3",
        "lit": "yes",
        "name": "Bridgetowne Boulevard",
        "oneway": "yes",
        "oneway:bicycle": "yes",
        "ownership": "private",
        "planned:oneway": "yes",
        "sidewalk": "separate",
        "surface": "concrete",
        "turn:lanes": "right|right|right"
      },
      "geometry": {
        "type": "LineString",
        "coordinates": [
          [
            121.0805332,
            14.5937096
          ],
          [
            121.0802512,
            14.5937341
          ],
          [
            121.0799675,
            14.593758
          ],
          [
            121.0799287,
            14.5937632
          ],
          [
            121.0798924,
            14.5937753
          ],
          [
            121.0798636,
            14.5937999
          ],
          [
            121.0798291,
            14.5938333
          ]
        ]
      },
      "id": "way/1076400974"
    },
    {
      "type": "Feature",
      "properties": {
        "@id": "node/301828774",
        "name": "Eastwood City Walk 1",
        "opening_hours": "24/7",
        "shop": "mall",
        "wheelchair": "yes"
      },
      "geometry": {
        "type": "Point",
        "coordinates": [
          121.0809112,
          14.6090325
        ]
      },
      "id": "node/301828774"
    },
    {
      "type": "Feature",
      "properties": {
        "@id": "node/301977497",
        "name": "Eastwood City Walk 2",
        "opening_hours": "24/7",
        "shop": "mall"
      },
      "geometry": {
        "type": "Point",
        "coordinates": [
          121.0811298,
          14.6100315
        ]
      },
      "id": "node/301977497"
    },
    {
      "type": "Feature",
      "properties": {
        "@id": "node/301977604",
        "addr:city": "Quezon City",
        "addr:floor": "3",
        "addr:housename": "Eastwood City Walk 2",
        "addr:street": "Orchard Road",
        "amenity": "cinema",
        "name": "Eastwood City Walk Cinemas"
      },
      "geometry": {
        "type": "Point",
        "coordinates": [
          121.0818799,
          14.6090069
        ]
      },
      "id": "node/301977604"
    },
    {
      "type": "Feature",
      "properties": {
        "@id": "node/306408839",
        "addr:city": "Quezon City",
        "addr:street": "Orchard Road",
        "name": "Eastwood Mall",
        "shop": "mall"
      },
      "geometry": {
        "type": "Point",
        "coordinates": [
          121.0798162,
          14.6102364
        ]
      },
      "id": "node/306408839"
    },
    {
      "type": "Feature",
      "properties": {
        "@id": "node/957845497",
        "highway": "bus_stop",
        "name": "Araneta Center-Cubao",
        "network": "LTFRB PUB",
        "network:wikidata": "Q6483998",
        "public_transport": "platform",
        "route_ref": "51;53;59;59C;59E;59N"
      },
      "geometry": {
        "type": "Point",
        "coordinates": [
          121.0510402,
          14.6199262
        ]
      },
      "id": "node/957845497"
    },
    {
      "type": "Feature",
      "properties": {
        "@id": "node/1013381624",
        "amenity": "parking",
        "name": "Eastwood Mall Parking"
      },
      "geometry": {
        "type": "Point",
        "coordinates": [
          121.0801382,
          14.6109172
        ]
      },
      "id": "node/1013381624"
    },
    {
      "type": "Feature",
      "properties": {
        "@id": "node/1688080395",
        "addr:city": "Quezon City",
        "addr:floor": "3",
        "addr:housename": "Eastwood Mall",
        "amenity": "cinema",
        "name": "Eastwood Mall Cinemas"
      },
      "geometry": {
        "type": "Point",
        "coordinates": [
          121.0797006,
          14.6105534
        ]
      },
      "id": "node/1688080395"
    },
    {
      "type": "Feature",
      "properties": {
        "@id": "node/6728505672",
        "name": "Araneta Center - Cubao",
        "operator": "Light Rail Transit Authority",
        "public_transport": "stop_position",
        "railway": "stop",
        "railway:ref": "AC",
        "subway": "yes",
        "tactile_paving": "yes",
        "wheelchair": "yes",
        "wikidata": "Q4784087",
        "wikipedia": "en:Araneta Center–Cubao station (LRT)",
        "wikipedia:en": "Araneta Center–Cubao station (LRT)"
      },
      "geometry": {
        "type": "Point",
        "coordinates": [
          121.0532639,
          14.6229052
        ]
      },
      "id": "node/6728505672"
    },
    {
      "type": "Feature",
      "properties": {
        "@id": "node/7237738033",
        "bus": "yes",
        "name": "Araneta City Bus Port",
        "network": "LTFRB PUB;P2P",
        "public_transport": "stop_position",
        "route_ref": "P2P-2"
      },
      "geometry": {
        "type": "Point",
        "coordinates": [
          121.0574698,
          14.6202737
        ]
      },
      "id": "node/7237738033"
    },
    {
      "type": "Feature",
      "properties": {
        "@id": "node/7400321001",
        "bus": "yes",
        "name": "Araneta City Bus Station",
        "public_transport": "stop_position"
      },
      "geometry": {
        "type": "Point",
        "coordinates": [
          121.0550857,
          14.6216326
        ]
      },
      "id": "node/7400321001"
    },
    {
      "type": "Feature",
      "properties": {
        "@id": "node/7414605812",
        "bus": "yes",
        "name": "Araneta City Bus Station",
        "public_transport": "stop_position"
      },
      "geometry": {
        "type": "Point",
        "coordinates": [
          121.05538,
          14.620999
        ]
      },
      "id": "node/7414605812"
    },
    {
      "type": "Feature",
      "properties": {
        "@id": "node/7836421965",
        "bus": "yes",
        "highway": "bus_stop",
        "name": "Aurora Boulevard & LRT Araneta Center-Cubao Station",
        "network": "LTFRB PUB",
        "network:wikidata": "Q6483998",
        "public_transport": "platform"
      },
      "geometry": {
        "type": "Point",
        "coordinates": [
          121.0524481,
          14.6227381
        ]
      },
      "id": "node/7836421965"
    },
    {
      "type": "Feature",
      "properties": {
        "@id": "node/7836421967",
        "bus": "yes",
        "highway": "bus_stop",
        "name": "Aurora Boulevard & LRT Araneta Center-Cubao Station",
        "network": "LTFRB PUB",
        "network:wikidata": "Q6483998",
        "public_transport": "platform",
        "@relations": [
          {
            "role": "platform_entry_only",
            "rel": 10815177,
            "reltags": {
              "bus": "share_taxi",
              "colour": "white",
              "disused:route": "bus",
              "name": "UV Express: Araneta City → Cogeo",
              "network": "PH:UV:Metro Manila",
              "public_transport:version": "2",
              "route": "share_taxi",
              "smoking": "no",
              "type": "route",
              "wheelchair": "limited"
            }
          }
        ]
      },
      "geometry": {
        "type": "Point",
        "coordinates": [
          121.0528719,
          14.622635
        ]
      },
      "id": "node/7836421967"
    },
    {
      "type": "Feature",
      "properties": {
        "@id": "node/8347084631",
        "name": "Araneta Center - Cubao",
        "public_transport": "stop_position",
        "railway": "stop",
        "railway:ref": "AC",
        "subway": "yes",
        "tactile_paving": "yes",
        "@relations": [
          {
            "role": "stop",
            "rel": 8000208,
            "reltags": {
              "name": "Araneta Center - Cubao",
              "public_transport": "stop_area",
              "public_transport:version": "2",
              "type": "public_transport"
            }
          }
        ]
      },
      "geometry": {
        "type": "Point",
        "coordinates": [
          121.0530406,
          14.6228912
        ]
      },
      "id": "node/8347084631"
    },
    {
      "type": "Feature",
      "properties": {
        "@id": "node/8347084632",
        "name": "Araneta Center - Cubao",
        "public_transport": "stop_position",
        "railway": "stop",
        "railway:ref": "AC",
        "subway": "yes",
        "tactile_paving": "yes",
        "@relations": [
          {
            "role": "stop",
            "rel": 8000208,
            "reltags": {
              "name": "Araneta Center - Cubao",
              "public_transport": "stop_area",
              "public_transport:version": "2",
              "type": "public_transport"
            }
          }
        ]
      },
      "geometry": {
        "type": "Point",
        "coordinates": [
          121.0521523,
          14.622508
        ]
      },
      "id": "node/8347084632"
    },
    {
      "type": "Feature",
      "properties": {
        "@id": "node/12798554301",
        "highway": "bus_stop",
        "name": "Bridgetowne"
      },
      "geometry": {
        "type": "Point",
        "coordinates": [
          121.0798242,
          14.5944501
        ]
      },
      "id": "node/12798554301"
    },
    {
      "type": "Feature",
      "properties": {
        "@id": "node/13069103166",
        "highway": "bus_stop",
        "name": "Eastwood Mall",
        "public_transport": "platform"
      },
      "geometry": {
        "type": "Point",
        "coordinates": [
          121.0798088,
          14.6110189
        ]
      },
      "id": "node/13069103166"
    },
    {
      "type": "Feature",
      "properties": {
        "@id": "node/13235762364",
        "name": "Araneta City Security Office",
        "office": "security"
      },
      "geometry": {
        "type": "Point",
        "coordinates": [
          121.054435,
          14.6218367
        ]
      },
      "id": "node/13235762364"
    },
    {
      "type": "Feature",
      "properties": {
        "@id": "node/13235762369",
        "name": "Araneta City HR Satellite Office",
        "office": "yes"
      },
      "geometry": {
        "type": "Point",
        "coordinates": [
          121.0545121,
          14.6218758
        ]
      },
      "id": "node/13235762369"
    },
    {
      "type": "Feature",
      "properties": {
        "@id": "node/12918197056",
        "@relations": [
          {
            "role": "platform",
            "rel": 18040027,
            "reltags": {
              "name": "Shuttle Route EC: Eastwood City Shuttle Loop",
              "network": "LTFRB PUB",
              "network:wikidata": "Q6483998",
              "opening_hours": "06:00-17:00",
              "operator": "Eastwood City Estate Association",
              "public_transport:version": "2",
              "ref": "EC",
              "route": "bus",
              "smoking": "no",
              "type": "route",
              "wheelchair": "limited"
            }
          }
        ]
      },
      "geometry": {
        "type": "Point",
        "coordinates": [
          121.0788517,
          14.6099689
        ]
      },
      "id": "node/12918197056"
    },
    {
      "type": "Feature",
      "properties": {
        "@id": "node/12918213249",
        "@relations": [
          {
            "role": "platform",
            "rel": 18040027,
            "reltags": {
              "name": "Shuttle Route EC: Eastwood City Shuttle Loop",
              "network": "LTFRB PUB",
              "network:wikidata": "Q6483998",
              "opening_hours": "06:00-17:00",
              "operator": "Eastwood City Estate Association",
              "public_transport:version": "2",
              "ref": "EC",
              "route": "bus",
              "smoking": "no",
              "type": "route",
              "wheelchair": "limited"
            }
          }
        ]
      },
      "geometry": {
        "type": "Point",
        "coordinates": [
          121.0794457,
          14.6091539
        ]
      },
      "id": "node/12918213249"
    },
    {
      "type": "Feature",
      "properties": {
        "@id": "node/12918214209",
        "@relations": [
          {
            "role": "platform",
            "rel": 18040027,
            "reltags": {
              "name": "Shuttle Route EC: Eastwood City Shuttle Loop",
              "network": "LTFRB PUB",
              "network:wikidata": "Q6483998",
              "opening_hours": "06:00-17:00",
              "operator": "Eastwood City Estate Association",
              "public_transport:version": "2",
              "ref": "EC",
              "route": "bus",
              "smoking": "no",
              "type": "route",
              "wheelchair": "limited"
            }
          }
        ]
      },
      "geometry": {
        "type": "Point",
        "coordinates": [
          121.0799709,
          14.6088021
        ]
      },
      "id": "node/12918214209"
    },
    {
      "type": "Feature",
      "properties": {
        "@id": "node/13063150862",
        "@relations": [
          {
            "role": "platform",
            "rel": 18040027,
            "reltags": {
              "name": "Shuttle Route EC: Eastwood City Shuttle Loop",
              "network": "LTFRB PUB",
              "network:wikidata": "Q6483998",
              "opening_hours": "06:00-17:00",
              "operator": "Eastwood City Estate Association",
              "public_transport:version": "2",
              "ref": "EC",
              "route": "bus",
              "smoking": "no",
              "type": "route",
              "wheelchair": "limited"
            }
          }
        ]
      },
      "geometry": {
        "type": "Point",
        "coordinates": [
          121.0788928,
          14.610713
        ]
      },
      "id": "node/13063150862"
    },
    {
      "type": "Feature",
      "properties": {
        "@id": "node/13063152779",
        "@relations": [
          {
            "role": "platform",
            "rel": 18040027,
            "reltags": {
              "name": "Shuttle Route EC: Eastwood City Shuttle Loop",
              "network": "LTFRB PUB",
              "network:wikidata": "Q6483998",
              "opening_hours": "06:00-17:00",
              "operator": "Eastwood City Estate Association",
              "public_transport:version": "2",
              "ref": "EC",
              "route": "bus",
              "smoking": "no",
              "type": "route",
              "wheelchair": "limited"
            }
          }
        ]
      },
      "geometry": {
        "type": "Point",
        "coordinates": [
          121.0797815,
          14.6077391
        ]
      },
      "id": "node/13063152779"
    },
    {
      "type": "Feature",
      "properties": {
        "@id": "node/13063185084",
        "@relations": [
          {
            "role": "platform",
            "rel": 18040027,
            "reltags": {
              "name": "Shuttle Route EC: Eastwood City Shuttle Loop",
              "network": "LTFRB PUB",
              "network:wikidata": "Q6483998",
              "opening_hours": "06:00-17:00",
              "operator": "Eastwood City Estate Association",
              "public_transport:version": "2",
              "ref": "EC",
              "route": "bus",
              "smoking": "no",
              "type": "route",
              "wheelchair": "limited"
            }
          }
        ]
      },
      "geometry": {
        "type": "Point",
        "coordinates": [
          121.0806728,
          14.6099188
        ]
      },
      "id": "node/13063185084"
    },
    {
      "type": "Feature",
      "properties": {
        "@id": "node/13063189916",
        "@relations": [
          {
            "role": "platform",
            "rel": 18040027,
            "reltags": {
              "name": "Shuttle Route EC: Eastwood City Shuttle Loop",
              "network": "LTFRB PUB",
              "network:wikidata": "Q6483998",
              "opening_hours": "06:00-17:00",
              "operator": "Eastwood City Estate Association",
              "public_transport:version": "2",
              "ref": "EC",
              "route": "bus",
              "smoking": "no",
              "type": "route",
              "wheelchair": "limited"
            }
          }
        ]
      },
      "geometry": {
        "type": "Point",
        "coordinates": [
          121.0795235,
          14.6078218
        ]
      },
      "id": "node/13063189916"
    },
    {
      "type": "Feature",
      "properties": {
        "@id": "node/13069124178",
        "@relations": [
          {
            "role": "platform",
            "rel": 18040027,
            "reltags": {
              "name": "Shuttle Route EC: Eastwood City Shuttle Loop",
              "network": "LTFRB PUB",
              "network:wikidata": "Q6483998",
              "opening_hours": "06:00-17:00",
              "operator": "Eastwood City Estate Association",
              "public_transport:version": "2",
              "ref": "EC",
              "route": "bus",
              "smoking": "no",
              "type": "route",
              "wheelchair": "limited"
            }
          }
        ]
      },
      "geometry": {
        "type": "Point",
        "coordinates": [
          121.0800247,
          14.6111338
        ]
      },
      "id": "node/13069124178"
    },
    {
      "type": "Feature",
      "properties": {
        "@id": "node/7284605145",
        "@relations": [
          {
            "role": "stop_exit_only",
            "rel": 10815177,
            "reltags": {
              "bus": "share_taxi",
              "colour": "white",
              "disused:route": "bus",
              "name": "UV Express: Araneta City → Cogeo",
              "network": "PH:UV:Metro Manila",
              "public_transport:version": "2",
              "route": "share_taxi",
              "smoking": "no",
              "type": "route",
              "wheelchair": "limited"
            }
          }
        ]
      },
      "geometry": {
        "type": "Point",
        "coordinates": [
          121.1693548,
          14.6213382
        ]
      },
      "id": "node/7284605145"
    }
  ]
}