{
"type": "FeatureCollection",
"name": "fw_astar_roads",
"crs": { "type": "name", "properties": { "name": "urn:ogc:def:crs:OGC:1.3:CRS84" } },
"features": [
{ "type": "Feature", "properties": { }, "geometry": { "type": "LineString", "coordinates": [ [ 121.061245741950188, 14.722557392957347 ], [ 121.061235066281938, 14.711159771753147 ], [ 121.061229857120551, 14.710751187107102 ], [ 121.061205580356756, 14.710663846745168 ], [ 121.061164455730179, 14.710607127027419 ], [ 121.06271729565465, 14.708725096320698 ], [ 121.063814949184248, 14.707424107092494 ], [ 121.063998364022737, 14.707226369197107 ], [ 121.064220682419531, 14.707037200072635 ], [ 121.064475047619297, 14.706883646024666 ], [ 121.064676390854359, 14.70678605214602 ], [ 121.064959347786527, 14.706683618550638 ], [ 121.065167216811162, 14.70663313607451 ], [ 121.06530690271731, 14.70661510061162 ], [ 121.065604932470009, 14.706600675042594 ], [ 121.067119299023261, 14.70658437695878 ], [ 121.06983021851137, 14.706582876419578 ], [ 121.07030153301551, 14.706576076243824 ], [ 121.070456275232686, 14.706561886512009 ], [ 121.07057598062967, 14.706536423545501 ], [ 121.070694469611112, 14.706499852833591 ], [ 121.071608878859905, 14.706203821084154 ], [ 121.073290459685722, 14.705635328503107 ], [ 121.073794888727022, 14.705473441501111 ], [ 121.074414342148984, 14.705313736188092 ], [ 121.074685322495114, 14.705258982632353 ], [ 121.075131037139798, 14.705211718935518 ], [ 121.075500972216176, 14.705189476952372 ], [ 121.078278641355737, 14.70518517727827 ], [ 121.081233850537942, 14.705160877208064 ], [ 121.081553461053474, 14.705146057850202 ], [ 121.08194109620726, 14.705094624847931 ], [ 121.082745149162051, 14.704891185926886 ], [ 121.083052322399126, 14.704804685034397 ], [ 121.083405524070656, 14.704679999741451 ], [ 121.083675524070685, 14.704547599750846 ], [ 121.083891118153574, 14.704428385805903 ], [ 121.084160947291537, 14.704262068161675 ], [ 121.084442457942814, 14.704064596408539 ], [ 121.084778496169491, 14.703810870335376 ], [ 121.08531061378811, 14.703327054345078 ], [ 121.085632577483096, 14.702996515993568 ], [ 121.085892930769859, 14.702679720232396 ], [ 121.086168666486671, 14.702312862054283 ], [ 121.086434795248351, 14.70189790013848 ], [ 121.086708495248359, 14.70139540015712 ], [ 121.086848064424629, 14.701102494728447 ], [ 121.087058676365942, 14.700583419273388 ], [ 121.087146909072786, 14.700338292064234 ], [ 121.087251907895691, 14.699984636101002 ], [ 121.087360160926266, 14.699925205835319 ], [ 121.087419935866023, 14.699907669340137 ], [ 121.087499046059477, 14.699904424772747 ], [ 121.087573049304211, 14.699913494270094 ], [ 121.087739663790231, 14.699956302261292 ], [ 121.088073438649616, 14.700329876746562 ], [ 121.088415935478622, 14.700739133952229 ], [ 121.088503421913444, 14.700829695662319 ], [ 121.088654781986534, 14.70090399419248 ], [ 121.089114829763091, 14.701077234345217 ], [ 121.08920660273256, 14.701135369785245 ], [ 121.089262815872388, 14.701244004280355 ], [ 121.089284667411022, 14.701331604668797 ], [ 121.089301265259692, 14.701432773091891 ], [ 121.089339942042344, 14.701901075313877 ], [ 121.089344132930577, 14.702379582953203 ], [ 121.089331146452537, 14.702511612147754 ], [ 121.089314522599906, 14.702574668141741 ], [ 121.089250840142739, 14.702704296887935 ], [ 121.088599616039431, 14.703854279244505 ], [ 121.088491615824807, 14.704121928414409 ], [ 121.088399390265494, 14.704428707221242 ], [ 121.08812224808166, 14.705605889226725 ], [ 121.088074280028337, 14.705876552762225 ], [ 121.088082091916093, 14.706092797879348 ], [ 121.0880955832762, 14.706158472927569 ], [ 121.08820856342841, 14.706330900566803 ], [ 121.088320364605195, 14.706459048936145 ], [ 121.088709493127169, 14.706815677549812 ], [ 121.08882216150154, 14.706972900689541 ], [ 121.088915471078991, 14.707140263068041 ], [ 121.089066225856598, 14.707446065805756 ], [ 121.089111871406658, 14.707493066793759 ], [ 121.089165177882734, 14.707525544179928 ], [ 121.089225924144017, 14.707540311834064 ], [ 121.089374467655617, 14.707545429649565 ], [ 121.08956280109976, 14.707574419090614 ], [ 121.089700443654564, 14.707643581303513 ], [ 121.089835952521042, 14.707735897330481 ], [ 121.089916460812773, 14.707800893044993 ], [ 121.090109743715388, 14.708005178194218 ], [ 121.090204993054755, 14.708149740616406 ], [ 121.090418581384753, 14.708512219285561 ], [ 121.090652446587185, 14.708982734606868 ], [ 121.090718031002481, 14.709173874767735 ], [ 121.090728510616628, 14.709271781532204 ], [ 121.090683241497004, 14.710889387911958 ], [ 121.090674446070778, 14.711498366720599 ], [ 121.090644435027599, 14.711811296441718 ], [ 121.090579160981306, 14.712066729586184 ], [ 121.090300852341727, 14.712986354811836 ], [ 121.090250793908154, 14.713183884501218 ], [ 121.090214544996371, 14.713445283724287 ], [ 121.090214149388672, 14.713604968882716 ], [ 121.09029520751659, 14.713940064502227 ], [ 121.090327129992772, 14.714047790840556 ], [ 121.090362557696025, 14.714128980123245 ], [ 121.090412359240091, 14.714203950077883 ], [ 121.090473921503545, 14.714256980424709 ], [ 121.09056340562033, 14.71429834928886 ], [ 121.090661117479556, 14.714322048394955 ], [ 121.090955133094894, 14.714353975168455 ], [ 121.091673624934572, 14.714364675723312 ], [ 121.092502621706629, 14.714354675762918 ], [ 121.092925993586192, 14.7143301386981 ], [ 121.093200900266822, 14.714289779705156 ], [ 121.093342028902015, 14.714254934728883 ], [ 121.094471292166048, 14.713781201399694 ], [ 121.094566815703359, 14.7137738389142 ], [ 121.094664517909663, 14.713796091196517 ], [ 121.094764968519129, 14.713849668315589 ], [ 121.095808695110364, 14.714684726941771 ], [ 121.095904840916361, 14.714730415241155 ], [ 121.09635473786804, 14.714807139246002 ], [ 121.096871064599114, 14.714865869327717 ], [ 121.097187574621444, 14.714878175014235 ], [ 121.097518974621423, 14.714873275014623 ], [ 121.097651317969493, 14.714853365488922 ], [ 121.097831110009025, 14.71486470020356 ], [ 121.098009983287426, 14.714920432520822 ], [ 121.0981069327146, 14.714967393921764 ], [ 121.098133052244322, 14.714984817148904 ] ] } },
{ "type": "Feature", "properties": { }, "geometry": { "type": "LineString", "coordinates": [ [ 121.098158867997313, 14.714959848116271 ], [ 121.098126300291966, 14.714938095152053 ], [ 121.098023596864749, 14.714888214450079 ], [ 121.097837136411059, 14.714830311063134 ], [ 121.09764990568334, 14.714818532462333 ], [ 121.097517162791192, 14.714838543652306 ], [ 121.097187655292117, 14.714843415670629 ], [ 121.096872991101264, 14.7148311553456 ], [ 121.096360146290536, 14.714772777353138 ], [ 121.095917088522171, 14.714697599695956 ], [ 121.095829865640169, 14.714656570508373 ], [ 121.094786448395993, 14.71382179699879 ], [ 121.094676594280557, 14.713763253122165 ], [ 121.094570495103696, 14.713739065236114 ], [ 121.094460057043406, 14.713748072840671 ], [ 121.093330106940442, 14.714222095986784 ], [ 121.093194619076684, 14.714255549782875 ], [ 121.092922849603511, 14.714295510037749 ], [ 121.092568380457365, 14.7143183372146 ], [ 121.091673428361503, 14.714329921207852 ], [ 121.090956491437623, 14.714319236678882 ], [ 121.090666601394716, 14.714287684046205 ], [ 121.090573956802629, 14.714265080704184 ], [ 121.090493290627606, 14.714227512766575 ], [ 121.090439302688893, 14.714180729454727 ], [ 121.090395045247163, 14.714114057141826 ], [ 121.090361368709139, 14.714037193110247 ], [ 121.090330091744022, 14.713931719682909 ], [ 121.090249972700022, 14.713601017651211 ], [ 121.0902504626048, 14.713447089556798 ], [ 121.090286277629758, 14.713189439642999 ], [ 121.090335668597731, 14.712994956499056 ], [ 121.090434556997224, 14.712657336421707 ], [ 121.090613717018883, 14.712076266096584 ], [ 121.09067964145072, 14.711818369577507 ], [ 121.090710289507172, 14.711500905018385 ], [ 121.090719162823987, 14.710890270325725 ], [ 121.090764460752681, 14.709271532018525 ], [ 121.090753264831221, 14.709166546896515 ], [ 121.090685190833469, 14.708968369843992 ], [ 121.090450625035558, 14.708496472493307 ], [ 121.090235892160891, 14.708131999727929 ], [ 121.090137747413081, 14.707983327944088 ], [ 121.089940901311053, 14.707775368099282 ], [ 121.089857245670714, 14.707707892684112 ], [ 121.089718082514182, 14.70761327912002 ], [ 121.08957320414865, 14.707540928616563 ], [ 121.089379023635175, 14.707510938327273 ], [ 121.089230889120657, 14.707505795950016 ], [ 121.089180053445006, 14.707493683477642 ], [ 121.089136171691649, 14.707467372632014 ], [ 121.089097323407444, 14.707428432722361 ], [ 121.08894773250374, 14.70712495203259 ], [ 121.088853315293463, 14.70695555492896 ], [ 121.088737966028745, 14.706794400449972 ], [ 121.088345987855874, 14.706434655117242 ], [ 121.088236824900065, 14.706309403943605 ], [ 121.088128613567875, 14.706144105506651 ], [ 121.088111161006935, 14.706009136418745 ], [ 121.088110177518345, 14.705879217575315 ], [ 121.088157438605833, 14.705612927165078 ], [ 121.0884343296065, 14.704436829972682 ], [ 121.088525826283899, 14.704132572103804 ], [ 121.088631803816781, 14.703869752437191 ], [ 121.089282453915033, 14.702720828490861 ], [ 121.089348909186157, 14.702584894049023 ], [ 121.089366600375996, 14.702517578903752 ], [ 121.089380066298418, 14.702380384436072 ], [ 121.089377862643758, 14.701995949150936 ], [ 121.08936894276134, 14.701763210617353 ], [ 121.089336988668293, 14.701428986184228 ], [ 121.089319765124245, 14.701324123983904 ], [ 121.089296674556635, 14.70123203445528 ], [ 121.089234528383201, 14.70111254282063 ], [ 121.089131325311868, 14.701046250038285 ], [ 121.088668607739294, 14.700871903193498 ], [ 121.088526733781265, 14.700802965121165 ], [ 121.088443462361809, 14.70071678549807 ], [ 121.088101164521362, 14.700307766026713 ], [ 121.087800478308935, 14.699971752013782 ], [ 121.088151184637979, 14.700059193123511 ], [ 121.089384248193014, 14.70034627412347 ], [ 121.089574157135957, 14.700376943003375 ], [ 121.089842256919496, 14.700393353530517 ], [ 121.090117678797597, 14.700379021133296 ], [ 121.090352068456014, 14.700339472340366 ], [ 121.090587019196562, 14.700272577783322 ], [ 121.09068959366391, 14.700231761283453 ], [ 121.091094429539197, 14.700013834800027 ], [ 121.091379092133451, 14.699815126393419 ], [ 121.091834880438014, 14.699346019131912 ], [ 121.093304711111628, 14.697962272254237 ], [ 121.093956102262837, 14.697301296020862 ], [ 121.095304642640627, 14.696011883249977 ], [ 121.09535088325562, 14.695986677946532 ], [ 121.095511724759419, 14.695929700024715 ], [ 121.095581728649634, 14.695887043235402 ], [ 121.096286223775152, 14.695222980337485 ], [ 121.096344456211042, 14.695124090708271 ], [ 121.096395389021041, 14.695015069975986 ], [ 121.096420011439506, 14.69492287688727 ], [ 121.09644134342993, 14.694688576700289 ], [ 121.096425334038599, 14.692207658902818 ], [ 121.096409068976484, 14.691946631337869 ], [ 121.09635326799291, 14.691722987549031 ], [ 121.09626087225287, 14.691569570154982 ], [ 121.096126367546091, 14.691415406657926 ], [ 121.096908954419888, 14.690454026185174 ], [ 121.097914496326425, 14.689248051563597 ], [ 121.098437159726842, 14.688590199157307 ], [ 121.098917818768626, 14.6880096694443 ], [ 121.098997331585352, 14.687904548929506 ], [ 121.09905048087461, 14.687843652791267 ], [ 121.099122563767679, 14.687777633863192 ], [ 121.09921611683987, 14.687712745535018 ], [ 121.099441785881098, 14.68759840669478 ], [ 121.099600437134001, 14.68753337755645 ], [ 121.100341634271075, 14.68730027274786 ], [ 121.100599975402659, 14.687195825894268 ], [ 121.100802803283571, 14.68708642591217 ], [ 121.101887944078484, 14.686306002865818 ], [ 121.1026988928988, 14.685738820748522 ], [ 121.103370810308718, 14.68523593344775 ], [ 121.103810594578434, 14.684866965192189 ], [ 121.104021964752221, 14.684731438452785 ], [ 121.10412505237943, 14.684680729957194 ], [ 121.104433740613601, 14.684571135474879 ], [ 121.104536107714821, 14.684522685680143 ], [ 121.104674694861188, 14.684439526605546 ] ] } },
{ "type": "Feature", "properties": { }, "geometry": { "type": "LineString", "coordinates": [ [ 121.104669257518992, 14.684401956574963 ], [ 121.104517719853291, 14.684492807695978 ], [ 121.104421002849037, 14.684538615854418 ], [ 121.104109656416938, 14.684649308422136 ], [ 121.1040029738637, 14.684701913850336 ], [ 121.10378977386371, 14.684838613859386 ], [ 121.103348400131338, 14.68520875879592 ], [ 121.102677085211582, 14.685711195394145 ], [ 121.101866850901885, 14.686277862287159 ], [ 121.100783619452301, 14.687057022538205 ], [ 121.100584086857907, 14.687164641665534 ], [ 121.10032873503053, 14.687267816136654 ], [ 121.099588456247972, 14.687500600513783 ], [ 121.099427290393777, 14.687566598085033 ], [ 121.099197487006734, 14.687683010185559 ], [ 121.0990987475721, 14.687751580037979 ], [ 121.099025047572098, 14.687819080041875 ], [ 121.098969471987289, 14.687882588674087 ], [ 121.098889533202183, 14.687988229882478 ], [ 121.098408708291473, 14.68856896843036 ], [ 121.097886215410895, 14.689226609089076 ], [ 121.096880861222616, 14.690432354867548 ], [ 121.096101640519137, 14.691389589544302 ], [ 121.096073085217256, 14.691361719146407 ], [ 121.09645710552094, 14.690905263770796 ], [ 121.098377759075575, 14.688545521408178 ], [ 121.098714572859762, 14.688142424610872 ], [ 121.098970539333962, 14.687818349945131 ], [ 121.099097370946552, 14.687702712702484 ], [ 121.09917372985818, 14.687650498128784 ], [ 121.099260276987764, 14.687603183072593 ], [ 121.09941052327774, 14.687532034702263 ], [ 121.099558482560411, 14.687472155882869 ], [ 121.099859445147501, 14.687372533085648 ], [ 121.100367493167212, 14.687215450981657 ], [ 121.100650286332822, 14.687082015450544 ], [ 121.100765209203672, 14.687015722499842 ], [ 121.102646192521064, 14.685694446745797 ], [ 121.103324799929823, 14.685186141231151 ], [ 121.103780105429749, 14.684801876123474 ], [ 121.103927759256962, 14.684704495857771 ], [ 121.104069229188994, 14.684628068440023 ], [ 121.104457241209417, 14.684477247599666 ], [ 121.104588344535216, 14.684404572567601 ], [ 121.104662174108, 14.684353012806113 ] ] } },
{ "type": "Feature", "properties": { }, "geometry": { "type": "LineString", "coordinates": [ [ 121.104655210061523, 14.684315061849572 ], [ 121.104569639380955, 14.684374880600979 ], [ 121.10444203169294, 14.684445740868808 ], [ 121.104053936671647, 14.68459660410133 ], [ 121.103908179226138, 14.684675340423277 ], [ 121.103758979226114, 14.684773740429744 ], [ 121.103302384162916, 14.685158970307494 ], [ 121.10262441593612, 14.685666797274868 ], [ 121.100746088998406, 14.686986282762824 ], [ 121.100633837222631, 14.687051104215207 ], [ 121.100354854784428, 14.687182895677513 ], [ 121.099848083152423, 14.687339556849613 ], [ 121.099546283152421, 14.687439456857133 ], [ 121.099396165849058, 14.687500167347959 ], [ 121.099243060167936, 14.687572669961956 ], [ 121.099155260167962, 14.687620669965284 ], [ 121.099074579284732, 14.687675828317531 ], [ 121.098942676191712, 14.687796382727402 ], [ 121.09868644996088, 14.688120787436052 ], [ 121.098349556346705, 14.688523983035573 ], [ 121.096428985633409, 14.690883624457001 ], [ 121.096048019607409, 14.691336422522754 ], [ 121.095765730599126, 14.691044038132944 ], [ 121.095498324958328, 14.690780329252393 ], [ 121.094327553439811, 14.689650859071781 ], [ 121.093836978962628, 14.68919259714661 ], [ 121.093630665156041, 14.689015193557719 ], [ 121.092208874548959, 14.687666780851742 ], [ 121.091602043184295, 14.687068780777219 ], [ 121.091367451248587, 14.686857288032849 ], [ 121.091205379784824, 14.686730772825872 ], [ 121.09107007465343, 14.686640500543316 ], [ 121.090836374653406, 14.686508200534238 ], [ 121.090679321381174, 14.686444161737038 ], [ 121.090499421381224, 14.686387961732779 ], [ 121.090308426725272, 14.686350858809162 ], [ 121.089809141560792, 14.686270562227676 ], [ 121.089633041560788, 14.686258762226748 ], [ 121.089511666374705, 14.686264744161532 ], [ 121.089412413498735, 14.686280546630128 ], [ 121.088695913498711, 14.686455046643578 ], [ 121.087889824230516, 14.686675145628662 ], [ 121.087519185654642, 14.686767750667372 ], [ 121.08743645897006, 14.68677979968372 ], [ 121.087352325658628, 14.686781483134071 ], [ 121.087239508484416, 14.686761357935568 ], [ 121.087143860267901, 14.686726463576658 ], [ 121.087109739900981, 14.686706504817106 ], [ 121.087007936214107, 14.686375633531602 ], [ 121.086695912765592, 14.685555836142582 ], [ 121.086255571486234, 14.6844849859616 ], [ 121.085021879886369, 14.68170220415206 ], [ 121.084768855132481, 14.681102748211107 ], [ 121.083308433039676, 14.677753552124477 ], [ 121.082854279140193, 14.676853313968715 ], [ 121.082513635826047, 14.676242606301182 ], [ 121.082191135826008, 14.675718806279882 ], [ 121.081719257671679, 14.675067925438467 ], [ 121.081362526762945, 14.674554144411159 ], [ 121.080823442692548, 14.673824732779828 ], [ 121.080466721141605, 14.673369978684818 ], [ 121.080017723991915, 14.672825898811576 ], [ 121.079555585369562, 14.672295915608181 ], [ 121.079004471061879, 14.671699679136298 ], [ 121.078717945410858, 14.671403948374463 ], [ 121.078223345410905, 14.670914648347292 ], [ 121.077477926899377, 14.670223840302876 ], [ 121.076598004541736, 14.669383791106471 ], [ 121.076033257528223, 14.668951053798455 ], [ 121.075370301343909, 14.668424334251183 ], [ 121.075025532877333, 14.668166119414581 ], [ 121.070976861026935, 14.665444901162191 ], [ 121.070588334942741, 14.665156373583962 ], [ 121.070766328409832, 14.665035712563785 ], [ 121.07082614556748, 14.665003237244475 ], [ 121.071083379746966, 14.664887875295294 ], [ 121.071222109808346, 14.664835681625735 ], [ 121.071836710105913, 14.664634645025268 ], [ 121.072231990229511, 14.664489167557861 ], [ 121.072763426717472, 14.664211951073348 ], [ 121.073627124102231, 14.663775103005639 ], [ 121.073839437116092, 14.663658544260556 ], [ 121.073976604402503, 14.663568269995748 ], [ 121.074092961984007, 14.663474320161574 ], [ 121.074276540295415, 14.663301946774395 ], [ 121.074377335975655, 14.663189358404839 ], [ 121.074484815536664, 14.663150855077987 ], [ 121.074698497032784, 14.662911560996493 ], [ 121.074808091004229, 14.662778159487223 ], [ 121.07505204466581, 14.662434224636115 ], [ 121.075121806872772, 14.662291180362445 ], [ 121.075120445349356, 14.662226106393277 ], [ 121.07531049628534, 14.661880105882274 ], [ 121.075699529155315, 14.661039950883724 ], [ 121.07624135929747, 14.659924894684627 ], [ 121.076291830720521, 14.659777104162847 ], [ 121.076304766064823, 14.659688209997976 ], [ 121.076304166064787, 14.659576109997939 ], [ 121.076287327928441, 14.659455452350308 ], [ 121.076190555474284, 14.659252676373372 ], [ 121.076096052339778, 14.659126306491864 ], [ 121.075253163539372, 14.65839180642395 ], [ 121.074836804903313, 14.658013198681154 ], [ 121.074707135710696, 14.657879946909535 ], [ 121.074585175216725, 14.65773449455857 ], [ 121.074542547464802, 14.657651669514273 ], [ 121.074532066305693, 14.657569131895599 ], [ 121.074535966305689, 14.657108823840177 ], [ 121.074563457964643, 14.656076337100721 ], [ 121.074608958235103, 14.654690420936584 ], [ 121.074601616168991, 14.654563009632342 ], [ 121.07455514665736, 14.654282084276645 ], [ 121.074526372145186, 14.653386799212369 ], [ 121.074530280156253, 14.653149899843205 ], [ 121.074481062743146, 14.652928531301496 ], [ 121.074491065432298, 14.651702171389708 ], [ 121.074486966445662, 14.651045269926168 ], [ 121.074494966303916, 14.650363607625048 ], [ 121.074493966639452, 14.649434615052249 ], [ 121.074511366304691, 14.648335694222824 ], [ 121.07449419091968, 14.647195986786986 ] ] } },
{ "type": "Feature", "properties": { }, "geometry": { "type": "LineString", "coordinates": [ [ 121.039731816590276, 14.645796512979567 ], [ 121.039925964625994, 14.645914632330847 ], [ 121.040075834049901, 14.645960425726118 ], [ 121.040589112591761, 14.646279778940407 ], [ 121.040374390148884, 14.646618704796348 ], [ 121.040044259015062, 14.647263771312852 ], [ 121.039651347791363, 14.648112740487887 ], [ 121.039422559995032, 14.648736009210909 ], [ 121.039306278793916, 14.649075431608763 ], [ 121.03910768686076, 14.649678307147006 ], [ 121.038965117244132, 14.650173250974763 ], [ 121.038813611507834, 14.650880954054415 ], [ 121.038654308319352, 14.651750372452668 ], [ 121.038596618591555, 14.652191312207457 ], [ 121.038533004811654, 14.652739154950382 ], [ 121.038468784261994, 14.653435396790567 ], [ 121.038492465716686, 14.653626103331007 ], [ 121.038508791529921, 14.653699907658273 ], [ 121.037886895409216, 14.653836605853071 ], [ 121.03782805713611, 14.65381864184339 ], [ 121.037017143900982, 14.653995331649254 ] ] } },
{ "type": "Feature", "properties": { }, "geometry": { "type": "LineString", "coordinates": [ [ 121.03701137952082, 14.654108851452062 ], [ 121.037850861561452, 14.653924754070507 ], [ 121.037896402906256, 14.653870163850412 ], [ 121.038517382518336, 14.653733671059079 ], [ 121.038545536715702, 14.653831242482131 ], [ 121.037008095964211, 14.654173515568331 ] ] } },
{ "type": "Feature", "properties": { }, "geometry": { "type": "LineString", "coordinates": [ [ 121.037830773591025, 14.653853683121037 ], [ 121.037857495798121, 14.653863187667111 ], [ 121.037836210855403, 14.653892317318634 ], [ 121.037013208710178, 14.654072828640638 ] ] } },
{ "type": "Feature", "properties": { }, "geometry": { "type": "LineString", "coordinates": [ [ 121.037015325480311, 14.654031142402363 ], [ 121.037830773591025, 14.653853683121037 ] ] } },
{ "type": "Feature", "properties": { }, "geometry": { "type": "LineString", "coordinates": [ [ 121.039921567518405, 14.645490218990455 ], [ 121.040236233538707, 14.645695107246524 ], [ 121.04020390359571, 14.645683436161431 ], [ 121.039911879187841, 14.645505857803993 ] ] } },
{ "type": "Feature", "properties": { }, "geometry": { "type": "LineString", "coordinates": [ [ 121.038552466076553, 14.653725967201689 ], [ 121.038658481383933, 14.653702425014226 ], [ 121.038689832546481, 14.653798038629077 ], [ 121.038580552436102, 14.653823303528842 ], [ 121.038552466076553, 14.653725967201689 ] ] } },
{ "type": "Feature", "properties": { }, "geometry": { "type": "LineString", "coordinates": [ [ 121.038689786269003, 14.6517559101781 ], [ 121.038848859440279, 14.650887716543766 ], [ 121.038999861203436, 14.650182141155573 ], [ 121.039142075892912, 14.649688400287566 ], [ 121.03945649862338, 14.648747430277291 ], [ 121.039684643619182, 14.648125820773249 ], [ 121.040076504131278, 14.647279115774889 ], [ 121.040406253652449, 14.646634793225155 ], [ 121.04061927749261, 14.646298696687126 ], [ 121.040732347205989, 14.646364314701962 ], [ 121.040538180845616, 14.646679341876286 ], [ 121.040468159018928, 14.646813571289446 ], [ 121.040311616324075, 14.647147913044 ], [ 121.04020706851513, 14.647390560403627 ], [ 121.039875857044464, 14.64807609554075 ], [ 121.039578839467751, 14.648863550477284 ], [ 121.03943499673403, 14.649294588076021 ], [ 121.039276283776402, 14.649822466488219 ], [ 121.039094022506447, 14.650525072959132 ], [ 121.038971445040133, 14.651067701789733 ], [ 121.038852867810107, 14.651747503061936 ], [ 121.038776770792595, 14.652283556755389 ], [ 121.038655030691515, 14.653412396250319 ], [ 121.038652752245497, 14.653668029438656 ], [ 121.0385438359136, 14.65369221584311 ], [ 121.038528035877334, 14.653621115676062 ], [ 121.038504763741116, 14.653436417746393 ], [ 121.038568764972098, 14.652742572628446 ], [ 121.038689786269003, 14.6517559101781 ] ] } },
{ "type": "Feature", "properties": { }, "geometry": { "type": "LineString", "coordinates": [ [ 121.039954808985485, 14.645844658609727 ], [ 121.040019153816431, 14.645906918956808 ], [ 121.039943065300889, 14.645883974073726 ], [ 121.039750291791123, 14.645766690519903 ] ] } },
{ "type": "Feature", "properties": { }, "geometry": { "type": "LineString", "coordinates": [ [ 121.039771467282904, 14.645732509276261 ], [ 121.039954808985485, 14.645844658609727 ] ] } },
{ "type": "Feature", "properties": { }, "geometry": { "type": "LineString", "coordinates": [ [ 121.04018961932006, 14.645715385808678 ], [ 121.040311993395278, 14.645759562747999 ], [ 121.040782918206986, 14.646055780422177 ], [ 121.040741690648161, 14.646102505006846 ], [ 121.03987395151006, 14.645567080299701 ] ] } },
{ "type": "Feature", "properties": { }, "geometry": { "type": "LineString", "coordinates": [ [ 121.039893570379704, 14.645535411709604 ], [ 121.04018961932006, 14.645715385808678 ] ] } },
{ "type": "Feature", "properties": { }, "geometry": { "type": "LineString", "coordinates": [ [ 121.040640651093938, 14.646270561040716 ], [ 121.040685412940974, 14.646219830966286 ], [ 121.040787165053644, 14.646283183806766 ], [ 121.040752020160539, 14.646335192123649 ], [ 121.040640651093938, 14.646270561040716 ] ] } },
{ "type": "Feature", "properties": { }, "geometry": { "type": "LineString", "coordinates": [ [ 121.04065491978038, 14.646200845329018 ], [ 121.040610146195363, 14.646251588710852 ], [ 121.04009466371707, 14.645930814983396 ], [ 121.039975701043133, 14.645816307641311 ], [ 121.039789945581873, 14.645702681806933 ] ] } },
{ "type": "Feature", "properties": { }, "geometry": { "type": "LineString", "coordinates": [ [ 121.039807312558736, 14.645674648217984 ], [ 121.04065491978038, 14.646200845329018 ] ] } },
{ "type": "Feature", "properties": { }, "geometry": { "type": "LineString", "coordinates": [ [ 121.040708956623533, 14.646193148131296 ], [ 121.040748723324299, 14.646148079205197 ], [ 121.040840282415971, 14.646204579344184 ], [ 121.04080682862292, 14.646254085145706 ], [ 121.040708956623533, 14.646193148131296 ] ] } },
{ "type": "Feature", "properties": { }, "geometry": { "type": "LineString", "coordinates": [ [ 121.040718133823503, 14.646129202747245 ], [ 121.04067846346291, 14.646174162491715 ], [ 121.039825791403956, 14.645644819859054 ] ] } },
{ "type": "Feature", "properties": { }, "geometry": { "type": "LineString", "coordinates": [ [ 121.039855471409666, 14.645596910695343 ], [ 121.040718133823503, 14.646129202747245 ] ] } },
{ "type": "Feature", "properties": { }, "geometry": { "type": "LineString", "coordinates": [ [ 121.040772280148929, 14.64612138146709 ], [ 121.040813158579624, 14.646075052565148 ], [ 121.040893775121404, 14.646125419410508 ], [ 121.040859946722549, 14.646175479581608 ], [ 121.040772280148929, 14.64612138146709 ] ] } },
{ "type": "Feature", "properties": { }, "geometry": { "type": "LineString", "coordinates": [ [ 121.04106222887674, 14.646232423526117 ], [ 121.041267978875496, 14.646363237721216 ], [ 121.041507260030372, 14.646536243590408 ], [ 121.042789561914972, 14.647348358075966 ], [ 121.042818057382036, 14.647374829568719 ], [ 121.040890243682711, 14.646194175511875 ], [ 121.040923881960879, 14.646144396690739 ], [ 121.04106222887674, 14.646232423526117 ] ] } },
{ "type": "Feature", "properties": { }, "geometry": { "type": "LineString", "coordinates": [ [ 121.041267908957167, 14.646679093978044 ], [ 121.041324351247781, 14.646698353669709 ], [ 121.042798995390925, 14.647591372621276 ], [ 121.042642420773177, 14.647535697293511 ], [ 121.041311768198099, 14.646735970552379 ], [ 121.041267908957167, 14.646679093978044 ] ] } },
{ "type": "Feature", "properties": { }, "geometry": { "type": "LineString", "coordinates": [ [ 121.041338175751605, 14.646666207208796 ], [ 121.041226133002397, 14.646627975074901 ], [ 121.04078257772963, 14.646353502384578 ], [ 121.040817382320455, 14.64630199766011 ], [ 121.042687463928743, 14.647453074756916 ], [ 121.042795384183862, 14.647548172409696 ], [ 121.041338175751605, 14.646666207208796 ] ] } },
{ "type": "Feature", "properties": { }, "geometry": { "type": "LineString", "coordinates": [ [ 121.050900688363583, 14.673728834427886 ], [ 121.05098745853121, 14.67374819510116 ], [ 121.051578058531163, 14.673852995092965 ], [ 121.052127988827749, 14.673916418712841 ], [ 121.052541297482136, 14.673950158356858 ], [ 121.052920180252997, 14.673964880288169 ], [ 121.053297147695332, 14.673965265241328 ], [ 121.053907487930047, 14.673937412282962 ], [ 121.054141078758235, 14.673917352029974 ], [ 121.055250272867923, 14.673781640674264 ], [ 121.055876848879976, 14.673691290381296 ], [ 121.061544331457313, 14.672803163574859 ], [ 121.062970370098824, 14.672592787435184 ], [ 121.065390558111417, 14.672248403354779 ], [ 121.066394133150638, 14.672097678156572 ], [ 121.06718903180527, 14.671969257531442 ], [ 121.068431350181413, 14.671949677156993 ], [ 121.068527298330594, 14.671943483097252 ], [ 121.068572638677878, 14.671925838970305 ], [ 121.068594108447996, 14.671910168393815 ], [ 121.068614276046333, 14.67187800388338 ], [ 121.068620298111298, 14.67184301289512 ], [ 121.068631361979755, 14.670522931580914 ], [ 121.068699679763128, 14.669253059856224 ], [ 121.06875785203006, 14.668952387530599 ], [ 121.068857633190049, 14.668703975056554 ], [ 121.069046388883621, 14.668341637602543 ], [ 121.069711701536534, 14.667007112568161 ], [ 121.069990848277257, 14.666474804842236 ], [ 121.070285173748417, 14.665940199014608 ], [ 121.070401502546858, 14.66574902900712 ], [ 121.070478308867763, 14.665641180878625 ], [ 121.070594403931622, 14.665707204401601 ], [ 121.070954317713344, 14.665942786131547 ], [ 121.07393368121204, 14.667904528694246 ], [ 121.075055614929781, 14.668681475830004 ], [ 121.075434945215065, 14.66896247601297 ], [ 121.07575479698157, 14.669201615638634 ], [ 121.076383501030364, 14.669716491343893 ], [ 121.076971251457763, 14.670210881384703 ], [ 121.077563171098717, 14.670741560216999 ], [ 121.078426499209058, 14.671580501610045 ], [ 121.079038035273555, 14.672227310880087 ], [ 121.079567119239726, 14.672826852729106 ], [ 121.080019775375291, 14.673372741666874 ], [ 121.080267822046196, 14.673686022078185 ], [ 121.080639278103149, 14.674175699941362 ], [ 121.080950767375853, 14.674607007545692 ], [ 121.081207050970917, 14.674977595225922 ], [ 121.081530761506457, 14.675467559792418 ], [ 121.081666924020908, 14.675655895988342 ], [ 121.081871058281394, 14.676014876946184 ], [ 121.082202480681616, 14.676567766092782 ], [ 121.082537275732037, 14.677226765815824 ], [ 121.082744153532204, 14.677614730659002 ], [ 121.083155295522445, 14.678474491182495 ], [ 121.084369847536394, 14.681201959042493 ], [ 121.085072039666841, 14.682871505084501 ], [ 121.085361920418563, 14.683525369997511 ], [ 121.08546925300594, 14.68380169338378 ], [ 121.085896557612486, 14.684609053617667 ], [ 121.086383272644397, 14.685698791652472 ], [ 121.0866821435433, 14.686467090871531 ], [ 121.086807117692601, 14.686875027231549 ], [ 121.086977689560641, 14.687645690057689 ], [ 121.087058884714665, 14.688377464836821 ], [ 121.087087943449419, 14.688875956943983 ], [ 121.087131135052772, 14.691060717421569 ], [ 121.087149932191181, 14.692841646302645 ], [ 121.087140734001608, 14.693470701648446 ], [ 121.08714733408658, 14.694452014838078 ], [ 121.087161132831085, 14.695278188700312 ], [ 121.087146934866581, 14.697384388981094 ], [ 121.087124540840932, 14.698557497463556 ], [ 121.087102329787157, 14.698956623835473 ], [ 121.087048450902032, 14.699298619485635 ], [ 121.086972885267542, 14.699625205189097 ], [ 121.086779963560929, 14.70029882875796 ], [ 121.086626072920879, 14.70070684342117 ], [ 121.086502170821163, 14.700991189263695 ], [ 121.086363122910953, 14.701303598208538 ], [ 121.086055206584078, 14.701851459725964 ], [ 121.085879400243911, 14.70213354673799 ], [ 121.085610996775856, 14.70247689987249 ], [ 121.085326765711301, 14.702798143844106 ], [ 121.084665077165042, 14.703461030716412 ], [ 121.084576499728087, 14.703537322249391 ], [ 121.084240781189692, 14.703797628566381 ], [ 121.084005722482772, 14.703935401029726 ], [ 121.083586423574047, 14.704157672850158 ], [ 121.083216740758758, 14.704335391575597 ], [ 121.082562223315378, 14.70454528787692 ], [ 121.082184290187257, 14.704635034536953 ], [ 121.081734535717473, 14.704722192195403 ], [ 121.081474497087768, 14.70476370258622 ], [ 121.081231048306549, 14.704793809686029 ], [ 121.080883111482365, 14.704820563712532 ], [ 121.079573460977571, 14.704988475158276 ], [ 121.07827870815764, 14.705019322363329 ], [ 121.075501146908934, 14.705025022248353 ], [ 121.075120624220432, 14.705044250076449 ], [ 121.074693524220436, 14.705094650080429 ], [ 121.074498889805696, 14.705124138743713 ], [ 121.074074189805714, 14.705215738750837 ], [ 121.0738430954015, 14.705280857929363 ], [ 121.072135748487511, 14.705837836752449 ], [ 121.070659032306807, 14.706334407219405 ], [ 121.070490422861567, 14.706376288342243 ], [ 121.070287100743656, 14.706403427724752 ], [ 121.069995022362917, 14.70640532239517 ], [ 121.06864539999998, 14.706398622281828 ], [ 121.067223237043777, 14.706403821503924 ], [ 121.065423284032732, 14.706397636085715 ], [ 121.065180451347601, 14.706428125681214 ], [ 121.065027298640118, 14.706460666468393 ], [ 121.064860948059945, 14.706509381488834 ], [ 121.064602869229546, 14.706605507017475 ], [ 121.064376490551993, 14.706713254715851 ], [ 121.064175696820399, 14.706831874664546 ], [ 121.064020478853308, 14.70694587303959 ], [ 121.063872978853297, 14.707076273047255 ], [ 121.063760129766408, 14.707189123802785 ], [ 121.063600629766384, 14.707370023812132 ], [ 121.0609971118282, 14.7104601948549 ], [ 121.058838965364387, 14.713047450976486 ], [ 121.058628078729356, 14.71330905274738 ], [ 121.057359912539198, 14.714822494219804 ], [ 121.057218175414832, 14.715000531315573 ], [ 121.057176747869036, 14.715042194812888 ], [ 121.054906196509364, 14.717823790298478 ], [ 121.054792597023877, 14.71795336159869 ], [ 121.054715940838733, 14.718056748074748 ], [ 121.054698583136897, 14.718077998576376 ] ] } },
{ "type": "Feature", "properties": { }, "geometry": { "type": "LineString", "coordinates": [ [ 121.042465140096724, 14.644127215447217 ], [ 121.042393077554181, 14.644190527152675 ], [ 121.041891196575961, 14.644709890623968 ], [ 121.041163085770037, 14.645570703453718 ], [ 121.040806395578997, 14.6460291486902 ], [ 121.040330825323053, 14.645729952642537 ], [ 121.040234873602557, 14.645647641811024 ], [ 121.039941428624218, 14.645458159373717 ] ] } },
{ "type": "Feature", "properties": { }, "geometry": { "type": "LineString", "coordinates": [ [ 121.046480103822191, 14.639694606543031 ], [ 121.046490956001293, 14.639744746775056 ], [ 121.046798055049436, 14.641088615008826 ], [ 121.045158637778073, 14.642005134350871 ], [ 121.044589007130909, 14.642371303261033 ], [ 121.044118578262498, 14.642711024996498 ], [ 121.0438152782625, 14.642945725011021 ], [ 121.043518873256772, 14.64318914792339 ], [ 121.042465140096724, 14.644127215447217 ] ] } },
{ "type": "Feature", "properties": { }, "geometry": { "type": "LineString", "coordinates": [ [ 121.042551791294642, 14.644216347307685 ], [ 121.041983777337805, 14.644795595841201 ], [ 121.041259450459279, 14.64563721122755 ], [ 121.041060733875355, 14.645893624321879 ], [ 121.040913758073202, 14.646096520687863 ], [ 121.040836679728599, 14.646048364397986 ], [ 121.041191140329232, 14.645592428745147 ], [ 121.041918629820231, 14.644732351030475 ], [ 121.042418817392502, 14.644214795377607 ], [ 121.043542329114672, 14.643215485871496 ], [ 121.043837926677668, 14.642972716401159 ], [ 121.044140823597289, 14.64273832832785 ], [ 121.044444143673005, 14.642516905685323 ], [ 121.044610174635011, 14.642399400802432 ], [ 121.04517706271416, 14.642034986940571 ], [ 121.046806356505613, 14.64112409375608 ], [ 121.046828469667659, 14.641218457839498 ], [ 121.046212611632583, 14.641575904761073 ], [ 121.045686751268718, 14.641869455845418 ], [ 121.045247617840673, 14.642128378305884 ], [ 121.044614496898518, 14.642549892292172 ], [ 121.0437792486061, 14.643148901502457 ], [ 121.043314128174757, 14.643532004106067 ], [ 121.042551791294642, 14.644216347307685 ] ] } },
{ "type": "Feature", "properties": { }, "geometry": { "type": "LineString", "coordinates": [ [ 121.042663694407977, 14.64423321005248 ], [ 121.042331630744741, 14.644553571990302 ], [ 121.042122695132136, 14.644769109023889 ], [ 121.041539631873306, 14.645426736472016 ], [ 121.041067321146613, 14.64603080157209 ], [ 121.041048754938998, 14.646090683976874 ], [ 121.041052659690919, 14.646184715560716 ], [ 121.040943870900946, 14.646115505889183 ], [ 121.041089771831807, 14.645914102025365 ], [ 121.041287273405644, 14.645659216226813 ], [ 121.04201115029646, 14.644818121531944 ], [ 121.04257656982837, 14.644241529069827 ], [ 121.043338365845997, 14.643557672750047 ], [ 121.043801063071996, 14.643176534044198 ], [ 121.044635348743512, 14.642578210218726 ], [ 121.045267572909736, 14.642157294061594 ], [ 121.045705252858951, 14.641899259630261 ], [ 121.046230893560761, 14.641605834619684 ], [ 121.04683688939518, 14.641254426101515 ], [ 121.046846845103246, 14.641296978722849 ], [ 121.04621990582713, 14.641636265736118 ], [ 121.045338403130103, 14.642147025405365 ], [ 121.045029544040844, 14.642342795455244 ], [ 121.044652267223768, 14.642602488224648 ], [ 121.043832314899333, 14.643211870818673 ], [ 121.043368826671056, 14.64358950425224 ], [ 121.042898330521211, 14.644008612247184 ], [ 121.042663694407977, 14.64423321005248 ] ] } },
{ "type": "Feature", "properties": { }, "geometry": { "type": "LineString", "coordinates": [ [ 121.042710497760908, 14.647426348905412 ], [ 121.040837045889759, 14.646272899001547 ], [ 121.040870579376104, 14.646223275271977 ], [ 121.042771573992809, 14.647392176955949 ], [ 121.042899161968236, 14.647449386662428 ], [ 121.045678052145789, 14.649185701364562 ], [ 121.046561780983637, 14.649725519370696 ], [ 121.046916380983603, 14.649930619356736 ], [ 121.046958394084811, 14.649945647586998 ], [ 121.047043247463762, 14.649961517182778 ], [ 121.047126795444072, 14.649960279853532 ], [ 121.047224367415282, 14.649936328666174 ], [ 121.047101165995457, 14.650107153332886 ], [ 121.046993054510153, 14.650278165124085 ], [ 121.046973875762362, 14.650189908108469 ], [ 121.04694059846608, 14.650120286137783 ], [ 121.046891718975658, 14.650055951481093 ], [ 121.046853556857215, 14.650020504321681 ], [ 121.046556712358296, 14.649849891673183 ], [ 121.042966031688067, 14.647651521394124 ], [ 121.042710497760908, 14.647426348905412 ] ] } },
{ "type": "Feature", "properties": { }, "geometry": { "type": "LineString", "coordinates": [ [ 121.043076761186455, 14.647517744706134 ], [ 121.042918960606514, 14.647420369954029 ], [ 121.042810639969602, 14.647320156462555 ], [ 121.041527408304347, 14.646507453017557 ], [ 121.041289056646505, 14.64633507724723 ], [ 121.041089659227325, 14.646208264187944 ], [ 121.04108461077216, 14.646093342987854 ], [ 121.04109812450362, 14.646048763114942 ], [ 121.041567885602589, 14.645448220737318 ], [ 121.042149090609044, 14.64479269935763 ], [ 121.042357339406237, 14.644577861683929 ], [ 121.042922906936795, 14.644033976218051 ], [ 121.043392277208753, 14.643615848138962 ], [ 121.043854435981658, 14.6432392706483 ], [ 121.044673630170053, 14.642630442590393 ], [ 121.045050003740101, 14.642371376676415 ], [ 121.04535727433209, 14.642176612256266 ], [ 121.046238106664447, 14.641666242325245 ], [ 121.046855040248914, 14.641332131554925 ], [ 121.047695850278288, 14.645041621510678 ], [ 121.048423718211794, 14.648126011089744 ], [ 121.048430218225292, 14.648198355723668 ], [ 121.048426307164036, 14.6482717482585 ], [ 121.048400526473685, 14.64843195090096 ], [ 121.048377935748192, 14.648522614501641 ], [ 121.048311913491659, 14.64871907851879 ], [ 121.048235659737799, 14.64888925345279 ], [ 121.048171985503217, 14.64900076930587 ], [ 121.048137178276775, 14.649055888697118 ], [ 121.047875448028222, 14.64925827169133 ], [ 121.047716559054138, 14.64939212704035 ], [ 121.047498019950766, 14.649605591578347 ], [ 121.047216237182496, 14.649727369035023 ], [ 121.047140471686049, 14.649749280651966 ], [ 121.04702966540637, 14.649769231651819 ], [ 121.046877266540648, 14.649770507366821 ], [ 121.046729799781488, 14.649750656070767 ], [ 121.046579079428639, 14.649694978424938 ], [ 121.045697470001642, 14.649156449984366 ], [ 121.043076761186455, 14.647517744706134 ] ] } },
{ "type": "Feature", "properties": { }, "geometry": { "type": "LineString", "coordinates": [ [ 121.037006287798334, 14.654209124340783 ], [ 121.039496179889881, 14.653654150143593 ], [ 121.044898490341438, 14.652478247863868 ], [ 121.045699064878377, 14.652279536716515 ], [ 121.045948722983979, 14.652191973389284 ], [ 121.046179691395579, 14.65216681824695 ], [ 121.046250736336276, 14.652195109677985 ], [ 121.046287550783148, 14.652231570986656 ], [ 121.046381687927735, 14.652440130050101 ], [ 121.046473454634139, 14.652668498332371 ], [ 121.04657397724111, 14.652855564321275 ], [ 121.046664806402376, 14.653098818710342 ], [ 121.046749723975083, 14.653259154637048 ], [ 121.046850804412571, 14.653409928334227 ], [ 121.046987494819859, 14.653583770004413 ], [ 121.046947837728453, 14.653663887850705 ], [ 121.046944647016602, 14.653731970595482 ], [ 121.046963663662254, 14.653802267050423 ], [ 121.046990796967009, 14.653844392376998 ], [ 121.047229751886249, 14.654080789435064 ], [ 121.047257242369355, 14.654149469046734 ], [ 121.047265468974089, 14.654213863503577 ], [ 121.047261698984073, 14.654276256838372 ], [ 121.047237328673404, 14.654348889922931 ], [ 121.047173136243813, 14.65446882901167 ], [ 121.046534053383354, 14.655419701708482 ], [ 121.046346903586326, 14.655713582823735 ], [ 121.046101089017668, 14.656126396366806 ], [ 121.04594170292971, 14.656411020396902 ], [ 121.045738978054317, 14.656796128823633 ], [ 121.045459239996504, 14.657368406682467 ], [ 121.045140202546605, 14.658094094239129 ], [ 121.044912579905784, 14.658742942679456 ], [ 121.044830045705908, 14.659011301974061 ], [ 121.044625941257337, 14.659754018084445 ], [ 121.044182159060611, 14.661706839021305 ], [ 121.043927380790819, 14.662790946576079 ], [ 121.043531172621627, 14.664582378493133 ], [ 121.043333670659464, 14.665419949525317 ], [ 121.043116025168047, 14.666416691469383 ], [ 121.043106103430461, 14.666523870093796 ], [ 121.043169649061994, 14.668235738528063 ] ] } },
{ "type": "Feature", "properties": { }, "geometry": { "type": "LineString", "coordinates": [ [ 121.043305067071117, 14.665730343750132 ], [ 121.043368832871721, 14.665427125533256 ], [ 121.043566260669593, 14.664589872522381 ], [ 121.043962488267425, 14.662798359574616 ], [ 121.044217219209187, 14.661714453442928 ], [ 121.044660765640003, 14.659762594412749 ], [ 121.044864690453466, 14.659020528561584 ], [ 121.044946930145429, 14.658753149763299 ], [ 121.045173885059512, 14.658106206747835 ], [ 121.045491863774643, 14.657382979707695 ], [ 121.045771319290893, 14.656811279797097 ], [ 121.045973400051224, 14.656427395699161 ], [ 121.046132405812088, 14.65614344258289 ], [ 121.046377587383418, 14.655731674320842 ], [ 121.046564274072111, 14.655438509308247 ], [ 121.047203715464178, 14.654487095458537 ], [ 121.04727062437631, 14.654362091461339 ], [ 121.047297435686275, 14.654280514366787 ], [ 121.047301456939422, 14.65421273881174 ], [ 121.047292029895388, 14.654140274553987 ], [ 121.047259655739282, 14.654061048587655 ], [ 121.047018210588561, 14.653821852959764 ], [ 121.046997189386602, 14.653789243145113 ], [ 121.046980480596005, 14.653727485238436 ], [ 121.046983362254323, 14.653670932694714 ], [ 121.047012320335, 14.653613759053032 ], [ 121.047165427339465, 14.653796121197431 ], [ 121.04726561920161, 14.653892506859707 ], [ 121.047372963143886, 14.653981308150065 ], [ 121.047486769648117, 14.654062134824668 ], [ 121.047606525850057, 14.654134578271824 ], [ 121.047731532794543, 14.654198238888158 ], [ 121.047911772344847, 14.654269201706038 ], [ 121.047636316614998, 14.654290755887104 ], [ 121.047547605785994, 14.65430713115 ], [ 121.047493565238184, 14.6543348503176 ], [ 121.047443784119693, 14.654378665300992 ], [ 121.047386434901824, 14.654442623343579 ], [ 121.047067880436984, 14.654877415909693 ], [ 121.046808525506279, 14.655252495610673 ], [ 121.04646220674563, 14.655786966315477 ], [ 121.046172077841177, 14.656277447782342 ], [ 121.045901876444105, 14.656777650386921 ], [ 121.04542688257078, 14.657726826075939 ], [ 121.045201774847328, 14.65827910410046 ], [ 121.045078410052099, 14.658614945698691 ], [ 121.044957712428229, 14.658999167601088 ], [ 121.04488833190166, 14.659236435142795 ], [ 121.044753922048187, 14.659782105610716 ], [ 121.044124818249415, 14.662448790510412 ], [ 121.043901959298552, 14.663447238623291 ], [ 121.043477896264449, 14.665264581360297 ], [ 121.043226726151204, 14.666409286990911 ], [ 121.043213342338788, 14.666527539107078 ], [ 121.043219649908238, 14.666724138250791 ], [ 121.043260162991288, 14.667645992178194 ], [ 121.043302615380526, 14.668364371208467 ] ] } },
{ "type": "Feature", "properties": { }, "geometry": { "type": "LineString", "coordinates": [ [ 121.043206893556899, 14.66827176915805 ], [ 121.043141993596592, 14.66652586766218 ], [ 121.043151400776097, 14.666422878645635 ], [ 121.043305067071117, 14.665730343750132 ] ] } },
{ "type": "Feature", "properties": { }, "geometry": { "type": "LineString", "coordinates": [ [ 121.043340782272054, 14.66840129415076 ], [ 121.043296044510143, 14.66764413474141 ], [ 121.043255554466484, 14.66672276130017 ], [ 121.043249296958038, 14.666527685958656 ], [ 121.0432620600278, 14.666415665478524 ], [ 121.043513086292975, 14.665271655460833 ], [ 121.043937025610788, 14.663454826070939 ], [ 121.044159893821316, 14.662456352158324 ], [ 121.044361466723217, 14.661605339169776 ], [ 121.044375593633333, 14.661598482594597 ], [ 121.044455040779226, 14.661590714333135 ], [ 121.044651274483414, 14.66159929234882 ], [ 121.044777674240791, 14.661622224968344 ], [ 121.046423090977711, 14.661963206834745 ], [ 121.046668689553115, 14.662007874531792 ], [ 121.046870055847833, 14.662058191241568 ], [ 121.047265142483383, 14.662193433904299 ], [ 121.047436485883097, 14.662207163378495 ], [ 121.048072912229784, 14.662188379068619 ], [ 121.049869928849361, 14.662162978323948 ], [ 121.05716105312159, 14.662010365089905 ], [ 121.057228898026366, 14.66203854852025 ], [ 121.057991766763919, 14.662026069272958 ], [ 121.058970334118243, 14.661997373566372 ], [ 121.059112795276604, 14.661954512743426 ], [ 121.060580255623165, 14.661924669677919 ], [ 121.061694289670243, 14.661849151359467 ], [ 121.062068872798847, 14.661832773959247 ], [ 121.062559374251663, 14.661822981199119 ], [ 121.062986399303625, 14.661822881333583 ], [ 121.064090229508736, 14.661848565891857 ], [ 121.064194840127996, 14.661853767524452 ], [ 121.064271519313024, 14.661891371787789 ], [ 121.064335195117835, 14.661897893327984 ], [ 121.064791192377498, 14.661925148192543 ], [ 121.064882142884244, 14.661912587947482 ], [ 121.06641965906428, 14.662933418193106 ], [ 121.066717185084812, 14.663221531118134 ], [ 121.067211995609995, 14.663559571757201 ], [ 121.06796521195875, 14.664053487769598 ], [ 121.067793253912797, 14.664243942424747 ], [ 121.067622486423616, 14.664401199416611 ], [ 121.067532383445823, 14.664473993923458 ], [ 121.067320442001645, 14.664614242083719 ], [ 121.066418685544122, 14.665078632454435 ], [ 121.065999509256557, 14.665254547693094 ], [ 121.065513131363574, 14.665439237069148 ], [ 121.065177068170826, 14.665543254650746 ], [ 121.064949625386134, 14.665600309214595 ], [ 121.06483167805608, 14.665620032849917 ], [ 121.064687314304891, 14.665630741144135 ], [ 121.064463952933821, 14.665618572108503 ], [ 121.06389942006011, 14.665522098870746 ], [ 121.063744277883373, 14.665546504065839 ], [ 121.063629065512046, 14.66558795385505 ], [ 121.063506483600563, 14.665664080124975 ], [ 121.063426087390511, 14.665726331958085 ], [ 121.062763387258173, 14.666181597050695 ], [ 121.062608045239529, 14.666281573587245 ], [ 121.062518027856726, 14.666333068250854 ], [ 121.062397603294372, 14.666379960104285 ], [ 121.06167114200629, 14.66656918775187 ], [ 121.061382793012939, 14.666660787216014 ], [ 121.060055323264677, 14.667128927396496 ], [ 121.059764056030446, 14.667196418362941 ], [ 121.059082563193982, 14.667327582268529 ], [ 121.058807033811632, 14.66736910880573 ], [ 121.05817234278642, 14.667486562553044 ], [ 121.057690228260569, 14.66761356368638 ], [ 121.056070709439595, 14.66799512212479 ], [ 121.055855869834346, 14.668069131637493 ], [ 121.055610670399176, 14.668175208845609 ], [ 121.055322534139961, 14.668322782888763 ], [ 121.054945335697539, 14.668529782048225 ], [ 121.054328006210042, 14.668896084325485 ], [ 121.053214853699004, 14.669617525800435 ], [ 121.053067329547588, 14.669723268806232 ], [ 121.052735820333623, 14.670006347099463 ], [ 121.052243814683706, 14.670488099640066 ], [ 121.051469376683457, 14.671197744368062 ], [ 121.05127815087863, 14.671383667673298 ], [ 121.050883598640596, 14.671713566504343 ], [ 121.049920699510736, 14.672456310771249 ], [ 121.049570322938266, 14.672859280381022 ], [ 121.049567107208929, 14.672862500571112 ] ] } },
{ "type": "Feature", "properties": { }, "geometry": { "type": "LineString", "coordinates": [ [ 121.044371262034048, 14.661563925884058 ], [ 121.044385324253113, 14.661503397203319 ], [ 121.044458755717343, 14.661538889563202 ], [ 121.044528146779712, 14.661560096197698 ], [ 121.044453852231513, 14.661555954222205 ], [ 121.044371262034048, 14.661563925884058 ] ] } },
{ "type": "Feature", "properties": { }, "geometry": { "type": "LineString", "coordinates": [ [ 121.044540216484592, 14.652521550636438 ], [ 121.038724917200184, 14.653790070677777 ], [ 121.038693696269348, 14.653694854235539 ], [ 121.045897288382662, 14.652097381863058 ], [ 121.046015826455431, 14.652039055561699 ], [ 121.046125626455435, 14.651963355566595 ], [ 121.046202966549899, 14.651899721567641 ], [ 121.046277541029824, 14.651820186232955 ], [ 121.046490351833427, 14.651474057783789 ], [ 121.046552799153332, 14.651412084906513 ], [ 121.046518611498939, 14.651621660608381 ], [ 121.046504073939417, 14.651756637213147 ], [ 121.04648763714485, 14.652164159349656 ], [ 121.046502362902473, 14.652442480886023 ], [ 121.046545331551613, 14.652727026365449 ], [ 121.046506589774708, 14.652655016752895 ], [ 121.046415045365833, 14.652427201660874 ], [ 121.046318447757798, 14.6522133327737 ], [ 121.046271052250191, 14.652165993314627 ], [ 121.046184159811318, 14.652131801555136 ], [ 121.045940101512983, 14.652158122792166 ], [ 121.045689290788118, 14.652246072861876 ], [ 121.044890271609347, 14.652444404596713 ], [ 121.044540216484592, 14.652521550636438 ] ] } },
{ "type": "Feature", "properties": { }, "geometry": { "type": "LineString", "coordinates": [ [ 121.046588790670569, 14.639644870387253 ], [ 121.046863353814359, 14.640823938184127 ], [ 121.046908314997921, 14.641027955828045 ], [ 121.046830690861043, 14.641070610329963 ], [ 121.04652606495317, 14.639737345075265 ], [ 121.046513506307591, 14.639679321243003 ] ] } },
{ "type": "Feature", "properties": { }, "geometry": { "type": "LineString", "coordinates": [ [ 121.046463135409965, 14.651451266271666 ], [ 121.04624759662147, 14.651800888714563 ], [ 121.046177202296789, 14.651875463921547 ], [ 121.046104152610866, 14.651935472526228 ], [ 121.045996060193005, 14.65200999526362 ], [ 121.045885756337114, 14.652064321131332 ], [ 121.038688752321946, 14.653660321574241 ], [ 121.038690858537876, 14.653415176344989 ], [ 121.038812450982491, 14.65228767369234 ], [ 121.038888359061147, 14.651752937477459 ], [ 121.039006636548294, 14.65107473569625 ], [ 121.039129015037091, 14.650532974523898 ], [ 121.039310951548245, 14.64983160994135 ], [ 121.039469368973158, 14.64930472210402 ], [ 121.039612891374901, 14.648874652182791 ], [ 121.039909162255086, 14.648089153662328 ], [ 121.040239768980115, 14.647404975146664 ], [ 121.040344655628559, 14.647161584208661 ], [ 121.040500412028337, 14.64682890064425 ], [ 121.040569494687361, 14.646696401102963 ], [ 121.040762918042901, 14.646382604842136 ], [ 121.041205758899409, 14.646656634913299 ], [ 121.041289918054218, 14.646763764517859 ], [ 121.04262501990813, 14.647566165578143 ], [ 121.042947112990319, 14.647681079144609 ], [ 121.046534898030103, 14.649877667943205 ], [ 121.046642877374154, 14.650029479375032 ], [ 121.04668827607145, 14.650103498987248 ], [ 121.04672804556408, 14.650186858191939 ], [ 121.04677634377417, 14.650330178946444 ], [ 121.046799889127513, 14.650486129966785 ], [ 121.046806503633519, 14.650636512707075 ], [ 121.046660654189495, 14.651011425192479 ], [ 121.046565024284817, 14.651350151476482 ], [ 121.046463135409965, 14.651451266271666 ] ] } },
{ "type": "Feature", "properties": { }, "geometry": { "type": "LineString", "coordinates": [ [ 121.046780375371398, 14.653240990648637 ], [ 121.046697214927306, 14.653083777803381 ], [ 121.046608117502586, 14.652844680235694 ], [ 121.04657845396963, 14.65271064868486 ], [ 121.046538086272292, 14.65243871366301 ], [ 121.046523571239248, 14.652164426834648 ], [ 121.046530647683923, 14.651892850758305 ], [ 121.046554235123637, 14.65162622116236 ], [ 121.046598868562043, 14.65136257159236 ], [ 121.046642438786151, 14.651191473911881 ], [ 121.046755199785807, 14.650856375899483 ], [ 121.046841250883105, 14.650645692132372 ], [ 121.046927939795935, 14.650467945111906 ], [ 121.047024678152212, 14.650294672007007 ], [ 121.04713094354554, 14.650126617473402 ], [ 121.047253892433602, 14.649956142969335 ], [ 121.04738439215086, 14.649791307220344 ], [ 121.047521862841322, 14.649631737701558 ], [ 121.047740642677326, 14.649417932360457 ], [ 121.047898079982971, 14.649285277065244 ], [ 121.048161298490612, 14.649081721938192 ], [ 121.048497930266947, 14.648883895505231 ], [ 121.048716721049544, 14.648774134841462 ], [ 121.048916652452135, 14.648691535014677 ], [ 121.049333108071949, 14.648562076480104 ], [ 121.049685267962772, 14.648521183057435 ], [ 121.049966695420849, 14.648526940250148 ], [ 121.050076391735814, 14.648539084845718 ], [ 121.050364987655911, 14.64859559035067 ], [ 121.05061077891736, 14.648673730380882 ], [ 121.050729200220758, 14.648724369110317 ], [ 121.050941210534887, 14.648832882920091 ], [ 121.051106906404115, 14.648943313812017 ], [ 121.05131219621137, 14.64912289334392 ], [ 121.051409291992911, 14.649219492212371 ], [ 121.051587087159604, 14.649426687974774 ], [ 121.05174434049718, 14.649649197122805 ], [ 121.051800400610574, 14.649751464953253 ], [ 121.051893356914164, 14.649981803655011 ], [ 121.051957684362421, 14.650232867606118 ], [ 121.051977632300563, 14.65034739457283 ], [ 121.052013548734863, 14.650694794885579 ], [ 121.0520140479601, 14.651029589801595 ], [ 121.051981212946728, 14.651362815085538 ], [ 121.051915441452437, 14.651691474558996 ], [ 121.051870341452556, 14.651852801434211 ], [ 121.051687087734379, 14.652328231405653 ], [ 121.051612223852487, 14.652484123265856 ], [ 121.051528231724191, 14.652635607299437 ], [ 121.05137231385514, 14.65287755092381 ], [ 121.051229863499941, 14.653054747266181 ], [ 121.050922111231586, 14.653371589511101 ], [ 121.050655265987473, 14.653628348899453 ], [ 121.050521828013032, 14.653742511402603 ], [ 121.050381236496378, 14.65384812892313 ], [ 121.050233673878878, 14.653944979326681 ], [ 121.050081225012732, 14.654031767325199 ], [ 121.049910580379404, 14.654114802452801 ], [ 121.049734523514076, 14.654186238624023 ], [ 121.049553794145055, 14.654245753137591 ], [ 121.049369109975132, 14.654293192209105 ], [ 121.0490918874589, 14.654340546132625 ], [ 121.048850836082366, 14.654359225930223 ], [ 121.048729822366724, 14.654361014310396 ], [ 121.048488286190491, 14.65434919072476 ], [ 121.048248744980171, 14.654317099679643 ], [ 121.048004583063047, 14.654262715413335 ], [ 121.047873458372237, 14.654220062774858 ], [ 121.04774648148063, 14.654166619652134 ], [ 121.047623864603679, 14.654104122677312 ], [ 121.047506397591405, 14.654033008579102 ], [ 121.047394774195709, 14.65395367375598 ], [ 121.047289493935196, 14.653866517937709 ], [ 121.047191469018827, 14.653772149187361 ], [ 121.046879806772907, 14.653389394252264 ], [ 121.046780375371398, 14.653240990648637 ] ] } },
{ "type": "Feature", "properties": { }, "geometry": { "type": "LineString", "coordinates": [ [ 121.046895651672386, 14.650452682461548 ], [ 121.046839451542482, 14.650567915280048 ], [ 121.046835577649773, 14.650481987642189 ], [ 121.046811392748722, 14.650322235439937 ], [ 121.046761881352481, 14.650175111904799 ], [ 121.046719650834092, 14.650086529662937 ], [ 121.046616224121308, 14.649924528693576 ], [ 121.04683280559982, 14.650048999107542 ], [ 121.046864636154567, 14.650078886516196 ], [ 121.046908772819791, 14.650136522679388 ], [ 121.046939837832227, 14.650201320862649 ], [ 121.046956893314913, 14.650270876740541 ], [ 121.046958904175938, 14.650339337417424 ], [ 121.046895651672386, 14.650452682461548 ] ] } },
{ "type": "Feature", "properties": { }, "geometry": { "type": "LineString", "coordinates": [ [ 121.046937326521928, 14.641159697556853 ], [ 121.046861048238029, 14.641200253231728 ], [ 121.046838970901021, 14.641106042017613 ], [ 121.046916138960981, 14.641063638137068 ], [ 121.046937326521928, 14.641159697556853 ] ] } },
{ "type": "Feature", "properties": { }, "geometry": { "type": "LineString", "coordinates": [ [ 121.046945157799513, 14.641195203066147 ], [ 121.046954681729275, 14.641238528686998 ], [ 121.046879595408114, 14.641279491209378 ], [ 121.04686931009816, 14.641235529802175 ], [ 121.046945157799513, 14.641195203066147 ] ] } },
{ "type": "Feature", "properties": { }, "geometry": { "type": "LineString", "coordinates": [ [ 121.046969274455947, 14.649912486914447 ], [ 121.046933333566869, 14.649899921461286 ], [ 121.046737816100759, 14.649786834527374 ], [ 121.046876255441859, 14.649805281565611 ], [ 121.047034687147416, 14.649803688804933 ], [ 121.047147987147426, 14.649783288806523 ], [ 121.047227645537973, 14.649760354084435 ], [ 121.047445108364698, 14.649666533391008 ], [ 121.047269005311648, 14.649878089708944 ], [ 121.047200371471305, 14.649908757860484 ], [ 121.047124329917139, 14.649925549974109 ], [ 121.047046360802867, 14.649926790608827 ], [ 121.046969274455947, 14.649912486914447 ] ] } },
{ "type": "Feature", "properties": { }, "geometry": { "type": "LineString", "coordinates": [ [ 121.047166740751948, 14.642188879270753 ], [ 121.04779590364025, 14.645008649712485 ], [ 121.048536968573316, 14.648065234105706 ], [ 121.04856642142208, 14.648131032669344 ], [ 121.048605165900838, 14.648188006381204 ], [ 121.048662443014535, 14.648246943769172 ], [ 121.048753947078865, 14.648319006500989 ], [ 121.048895546358665, 14.648406940817292 ], [ 121.048989464874651, 14.648455410556981 ], [ 121.049117030883465, 14.648505861799073 ], [ 121.049259145269801, 14.648547357844217 ], [ 121.048904367902466, 14.64865885899996 ], [ 121.04870152078864, 14.648742631608716 ], [ 121.048480183633018, 14.648853665093597 ], [ 121.048204954583596, 14.649015102443091 ], [ 121.048268119931308, 14.648904168961213 ], [ 121.048345256751119, 14.648732049071709 ], [ 121.048412530353531, 14.648532024071754 ], [ 121.048435767295047, 14.648438758073354 ], [ 121.048462027078017, 14.648275559799579 ], [ 121.04846613535544, 14.648197080144431 ], [ 121.048459219998222, 14.648120631603044 ], [ 121.047730931946759, 14.645034100025271 ], [ 121.046887861485175, 14.641314893181208 ], [ 121.046962582797462, 14.641274129792023 ], [ 121.047166740751948, 14.642188879270753 ] ] } },
{ "type": "Feature", "properties": { }, "geometry": { "type": "LineString", "coordinates": [ [ 121.05102404661551, 14.648644115957623 ], [ 121.05103482923802, 14.648645799362003 ], [ 121.050944110073218, 14.648794649894185 ], [ 121.05078738636962, 14.64871455845177 ], [ 121.050944669637801, 14.648676860322235 ], [ 121.051012376340438, 14.648628381373257 ], [ 121.05102404661551, 14.648644115957623 ] ] } },
{ "type": "Feature", "properties": { }, "geometry": { "type": "LineString", "coordinates": [ [ 121.051130993008826, 14.648557373070666 ], [ 121.051957323153033, 14.647298968237909 ], [ 121.051999176245644, 14.647268284039022 ], [ 121.05195512252206, 14.647356735646033 ], [ 121.051134978074444, 14.648628035222416 ], [ 121.051112312020024, 14.648692157021575 ], [ 121.051114289256645, 14.64880742140134 ], [ 121.051130191480965, 14.648862938962296 ], [ 121.051177340814775, 14.648957234945046 ], [ 121.051128192085685, 14.648915285360106 ], [ 121.050974663780622, 14.648812963741593 ], [ 121.051130993008826, 14.648557373070666 ] ] } },
{ "type": "Feature", "properties": { }, "geometry": { "type": "LineString", "coordinates": [ [ 121.051862176004448, 14.647334988302722 ], [ 121.051915065640969, 14.647251895064622 ], [ 121.051941487428707, 14.647226646792205 ], [ 121.051927218551469, 14.647279984122799 ], [ 121.051059986879466, 14.648606236802316 ], [ 121.05104467432416, 14.648611217995379 ], [ 121.051044272256092, 14.64859104758119 ], [ 121.051391827276603, 14.648047125961201 ], [ 121.051782924295907, 14.647445841002101 ], [ 121.051862176004448, 14.647334988302722 ] ] } },
{ "type": "Feature", "properties": { }, "geometry": { "type": "LineString", "coordinates": [ [ 121.052034555675888, 14.647198727336407 ], [ 121.051974244240725, 14.647242944107177 ], [ 121.051991897715112, 14.647176955075931 ], [ 121.052486063692172, 14.646432873313636 ], [ 121.053094995906037, 14.645473658189569 ], [ 121.053485746703387, 14.644777590782907 ], [ 121.053728418411239, 14.644269372308562 ], [ 121.053990983959707, 14.643604301689079 ], [ 121.054293172461996, 14.642748610002247 ], [ 121.054474711028533, 14.642145651809447 ], [ 121.054566166928197, 14.64177826988489 ], [ 121.054671290697613, 14.641261124465652 ], [ 121.054785832618748, 14.64045811662692 ], [ 121.054840595534117, 14.639863041386768 ], [ 121.05485486592633, 14.6392748870429 ], [ 121.054850266278009, 14.638227869494234 ], [ 121.05483042789497, 14.637934263922284 ], [ 121.054798645442517, 14.637656825912835 ] ] } },
{ "type": "Feature", "properties": { }, "geometry": { "type": "LineString", "coordinates": [ [ 121.054865401656599, 14.637653652832814 ], [ 121.054869893541181, 14.637685193553583 ], [ 121.054902549566307, 14.638217883954095 ], [ 121.054912835429036, 14.63856400822768 ], [ 121.054917236582767, 14.639331869785032 ], [ 121.054894269823748, 14.639863100908331 ], [ 121.054818585233818, 14.640596728918739 ], [ 121.054714795120063, 14.641272713238203 ], [ 121.054635867769591, 14.641681331722966 ], [ 121.054527368146339, 14.642166072317284 ], [ 121.054435269591806, 14.642489464973107 ], [ 121.054281770698935, 14.642964732037081 ], [ 121.054046917701768, 14.64361384935496 ], [ 121.053782632161216, 14.644289045993691 ], [ 121.053525329120973, 14.644822521438591 ], [ 121.053313986311608, 14.645229733224385 ], [ 121.053004345474321, 14.645734074242425 ], [ 121.052545101184123, 14.646463321603147 ], [ 121.052034555675888, 14.647198727336407 ] ] } },
{ "type": "Feature", "properties": { }, "geometry": { "type": "LineString", "coordinates": [ [ 121.052059228867932, 14.647008988006233 ], [ 121.051961086758652, 14.647159054858978 ], [ 121.051886836123359, 14.647230183203757 ], [ 121.051752645135934, 14.647427117548606 ], [ 121.051023394250663, 14.648558783542333 ], [ 121.050989919059589, 14.64860112630463 ], [ 121.050931590888382, 14.648644270593557 ], [ 121.050738648744726, 14.648690400613672 ], [ 121.05050086456238, 14.648597872929203 ], [ 121.05037434547873, 14.648562017194148 ], [ 121.050082763646742, 14.648504863052754 ], [ 121.049968863008701, 14.648492233363546 ], [ 121.049684212780377, 14.648486417684992 ], [ 121.049330350643615, 14.648527382540337 ], [ 121.049128818592806, 14.648473020038475 ], [ 121.048950525465642, 14.648397194337122 ], [ 121.048774610825518, 14.648290557909668 ], [ 121.0486863743496, 14.648221005684169 ], [ 121.048614815380859, 14.648142501236645 ], [ 121.048571297804216, 14.648054933256997 ], [ 121.047830930226795, 14.645000890721281 ], [ 121.046898465210319, 14.640816547461213 ], [ 121.046622076515163, 14.639629638459732 ] ] } },
{ "type": "Feature", "properties": { }, "geometry": { "type": "LineString", "coordinates": [ [ 121.054762696059299, 14.637658534671637 ], [ 121.054794598542458, 14.637936926631172 ], [ 121.054814334725677, 14.638228483881965 ], [ 121.054818928938261, 14.639274348346023 ], [ 121.054804747279434, 14.639860580137585 ], [ 121.054750130976601, 14.640454170488889 ], [ 121.054635793647208, 14.641255696156252 ], [ 121.054531134261396, 14.641770527088656 ], [ 121.054440005820538, 14.642136637852174 ], [ 121.054258913420767, 14.642738119826983 ], [ 121.05395728246117, 14.643592236718604 ], [ 121.053695530318336, 14.644255355481679 ], [ 121.053453822921085, 14.644761626434281 ], [ 121.0530637817333, 14.64545643323706 ], [ 121.052455767404425, 14.646414178091007 ], [ 121.052059228867932, 14.647008988006233 ] ] } },
{ "type": "Feature", "properties": { }, "geometry": { "type": "LineString", "coordinates": [ [ 121.054723049804224, 14.718104107618911 ], [ 121.054744397569237, 14.718077972173091 ], [ 121.054820477558764, 14.717975297093068 ], [ 121.054934195727313, 14.717845574439131 ], [ 121.057204477266524, 14.715064316115978 ], [ 121.057246035449069, 14.715022501342833 ], [ 121.057388013210016, 14.714844154903091 ], [ 121.058656131672194, 14.713330772455254 ], [ 121.058866973323617, 14.713069223221842 ], [ 121.060918091694703, 14.710610331949672 ], [ 121.061035020053325, 14.710708476956624 ], [ 121.05944814792386, 14.712635872075836 ], [ 121.058791993003396, 14.713430517521218 ], [ 121.055518944773681, 14.717344050953193 ], [ 121.05480918799168, 14.718196027983939 ] ] } },
{ "type": "Feature", "properties": { }, "geometry": { "type": "LineString", "coordinates": [ [ 121.054833615381796, 14.718222095098577 ], [ 121.055547235515007, 14.717365488443091 ], [ 121.058819975168888, 14.713452320581029 ], [ 121.061062046137437, 14.710731492776493 ], [ 121.061117145673308, 14.710783261246291 ], [ 121.061134986747376, 14.710827161583133 ], [ 121.061140633758072, 14.711159602743123 ], [ 121.061145404930585, 14.722519847415299 ] ] } },
{ "type": "Feature", "properties": { }, "geometry": { "type": "LineString", "coordinates": [ [ 121.055020716574475, 14.654388780621208 ], [ 121.05587623880615, 14.654566227672991 ], [ 121.056670845602568, 14.654694688992702 ], [ 121.056926341872284, 14.654720278372789 ], [ 121.058405425847212, 14.654749029898621 ], [ 121.058403856719522, 14.654874758260068 ], [ 121.056280270167974, 14.654861518210193 ], [ 121.05607615006015, 14.654865442499831 ], [ 121.055915275093838, 14.654878964333969 ], [ 121.055860572548511, 14.654893160327532 ], [ 121.055787998250764, 14.654923611969755 ], [ 121.055742537897245, 14.654952899937097 ], [ 121.055691692412765, 14.655028220824958 ], [ 121.055677863076113, 14.655073217746629 ], [ 121.055676015252729, 14.65512796483813 ], [ 121.055687021614716, 14.655172715464769 ], [ 121.055718952942726, 14.655247427282024 ], [ 121.054132866315896, 14.65417790942103 ], [ 121.055020716574475, 14.654388780621208 ] ] } },
{ "type": "Feature", "properties": { }, "geometry": { "type": "LineString", "coordinates": [ [ 121.057485581320819, 14.673402134863055 ], [ 121.055871418507706, 14.673656928740469 ], [ 121.055245538851565, 14.673747182552974 ], [ 121.0541370161408, 14.673882813115728 ], [ 121.053904608022563, 14.673902762312009 ], [ 121.053296035859617, 14.67393051930231 ], [ 121.052740213311836, 14.673925032436358 ], [ 121.052543407193014, 14.673915456466304 ], [ 121.052131319155265, 14.673881806434867 ], [ 121.051583986413064, 14.67381870641292 ], [ 121.050994381127836, 14.673714082913566 ], [ 121.050816146106101, 14.673674311202722 ] ] } },
{ "type": "Feature", "properties": { }, "geometry": { "type": "LineString", "coordinates": [ [ 121.050587263218816, 14.673522229118609 ], [ 121.051051365668457, 14.673623778388464 ], [ 121.051511384802026, 14.673707809160673 ], [ 121.051974184802006, 14.673771109155693 ], [ 121.052440984728634, 14.673813852537753 ], [ 121.052746464271564, 14.673830572580821 ], [ 121.053204720292584, 14.67383877900213 ], [ 121.053910390920009, 14.673816163461026 ], [ 121.054128946177215, 14.673797915830459 ], [ 121.055231556198834, 14.673647689327828 ], [ 121.055867404497064, 14.673555735581136 ], [ 121.057200297534024, 14.673336953166414 ], [ 121.061479259667422, 14.672688274144893 ], [ 121.06296676973939, 14.672465387637082 ], [ 121.066373073969402, 14.671976901162362 ], [ 121.067178374734155, 14.671855253208379 ], [ 121.06837744591229, 14.671826375114499 ], [ 121.068427546065294, 14.671818788109206 ], [ 121.068468266979323, 14.67179295095297 ], [ 121.068484853882381, 14.671750046235347 ], [ 121.068499761274254, 14.670517141410409 ], [ 121.068573642838558, 14.669121388056352 ], [ 121.068582641524614, 14.66860207794762 ], [ 121.068605131125011, 14.668480594823789 ], [ 121.068658154067933, 14.668298278999742 ], [ 121.068790549716098, 14.667990261443441 ], [ 121.068859657062461, 14.667860438361744 ], [ 121.068954276310649, 14.667719459837526 ], [ 121.069977796564416, 14.665733696644855 ], [ 121.0701284123042, 14.665503464432611 ], [ 121.070171495097085, 14.665521831779941 ], [ 121.070084406977699, 14.665638736710989 ], [ 121.069988901101269, 14.665804005231054 ], [ 121.068932922137591, 14.667856843176992 ], [ 121.068840721750391, 14.668046343333673 ], [ 121.068656173986852, 14.668535901263564 ], [ 121.068642034533553, 14.668610167994277 ], [ 121.068645634533539, 14.668970467993999 ], [ 121.068663804374197, 14.669251092355823 ], [ 121.068595434467966, 14.670522238706935 ], [ 121.068585533140563, 14.671818404268965 ], [ 121.06858068607832, 14.671865256545132 ], [ 121.068555382794727, 14.671895301471881 ], [ 121.068490938807471, 14.671913646314882 ], [ 121.067184440549809, 14.671934756958631 ], [ 121.066388553583963, 14.672063338707169 ], [ 121.065385276789698, 14.672214019618808 ], [ 121.062965067797506, 14.672558407133826 ], [ 121.061538785414697, 14.672768819142721 ], [ 121.057485581320819, 14.673402134863055 ] ] } },
{ "type": "Feature", "properties": { }, "geometry": { "type": "LineString", "coordinates": [ [ 121.057689944998828, 14.657112657731068 ], [ 121.056322503526573, 14.656223561872391 ], [ 121.054837104584522, 14.655293197198047 ], [ 121.05423766418204, 14.654902196956591 ], [ 121.053864524257634, 14.654624998680067 ], [ 121.053478651496178, 14.654322120674482 ], [ 121.05261730408921, 14.653687612141914 ], [ 121.051856225459758, 14.653193884932188 ], [ 121.051679167091464, 14.653128737885233 ], [ 121.051506866423168, 14.653101656904731 ], [ 121.051407297920107, 14.653101849102809 ], [ 121.05121010361141, 14.653125410190885 ], [ 121.051332110351481, 14.652990218073102 ], [ 121.051401737871274, 14.652897513103547 ], [ 121.051559074283134, 14.652653451966247 ], [ 121.051644593571368, 14.652499223984158 ], [ 121.051754812009136, 14.652257223189167 ], [ 121.051768503425677, 14.652589383625971 ], [ 121.051817092359528, 14.652779300887063 ], [ 121.051870772870728, 14.652877056067794 ], [ 121.051963058619435, 14.652976648044607 ], [ 121.052101741191748, 14.653068353812879 ], [ 121.052549119152914, 14.653324826505116 ], [ 121.053087599327995, 14.653654060838353 ], [ 121.054034905920105, 14.654153789869001 ], [ 121.056480980103899, 14.655799795619696 ], [ 121.05894384727597, 14.657430173965416 ], [ 121.059464365862908, 14.657785052519312 ], [ 121.064331691263646, 14.66102430281193 ], [ 121.065617952716195, 14.661888376860455 ], [ 121.068854382383378, 14.663967171022131 ], [ 121.069795140961546, 14.664657646993483 ], [ 121.070257685305592, 14.66496186759437 ], [ 121.070469998732563, 14.665114576063672 ], [ 121.070333845626635, 14.66523185861548 ], [ 121.070175772588371, 14.665391468998058 ], [ 121.069748917980107, 14.665082871083387 ], [ 121.069365146951071, 14.664822425901487 ], [ 121.068688597791436, 14.664387280171939 ], [ 121.068348736199823, 14.664131983631766 ], [ 121.066797521402535, 14.663096805865585 ], [ 121.066440662053594, 14.662905201540255 ], [ 121.064896864165121, 14.661880200427237 ], [ 121.064347832731769, 14.661494413349423 ], [ 121.063093296112484, 14.660653422609442 ], [ 121.058898687340246, 14.657895782409309 ], [ 121.058206275317374, 14.657428741720528 ], [ 121.057689944998828, 14.657112657731068 ] ] } },
{ "type": "Feature", "properties": { }, "geometry": { "type": "LineString", "coordinates": [ [ 121.058969944442353, 14.661931824196895 ], [ 121.059033538994825, 14.661942285637883 ], [ 121.058966768651274, 14.661962698286342 ], [ 121.057990713955888, 14.66199132063991 ], [ 121.057233594613649, 14.662003712260226 ], [ 121.057203128523554, 14.661990508732076 ], [ 121.057235261774395, 14.661971464983754 ], [ 121.058969944442353, 14.661931824196895 ] ] } },
{ "type": "Feature", "properties": { }, "geometry": { "type": "LineString", "coordinates": [ [ 121.059453845840764, 14.661912620153025 ], [ 121.059111087987375, 14.661919781138295 ], [ 121.058970674920147, 14.661897026169177 ], [ 121.057229572381033, 14.661936823671564 ], [ 121.057159448839869, 14.661975628727367 ], [ 121.049869199044068, 14.662128222951727 ], [ 121.048072157138975, 14.662153624046093 ], [ 121.047437402893323, 14.662172405409519 ], [ 121.047274175082677, 14.662159658202398 ], [ 121.046880685166727, 14.662024979946997 ], [ 121.04667709302106, 14.661974071038564 ], [ 121.046430314496789, 14.661929153457859 ], [ 121.04465752241012, 14.661565059270698 ], [ 121.044472032900316, 14.661506575877205 ], [ 121.04442265772704, 14.661486216941078 ], [ 121.044395060914212, 14.661460985681405 ], [ 121.044923184684251, 14.659244900358861 ], [ 121.045112651525997, 14.658625494933142 ], [ 121.0452953759482, 14.65813642301516 ], [ 121.045459664554315, 14.657741065014431 ], [ 121.045933816618231, 14.656793577305281 ], [ 121.04620376343729, 14.656293845974989 ], [ 121.046493292534905, 14.655804403948233 ], [ 121.046901147141526, 14.655180244308768 ], [ 121.047097478844336, 14.654897131209827 ], [ 121.047415099303421, 14.654463600645277 ], [ 121.047514510853887, 14.654363252863385 ], [ 121.047557144112446, 14.654340757017902 ], [ 121.047639797641409, 14.654325372951853 ], [ 121.047998010040914, 14.654296968183663 ], [ 121.048118265645712, 14.654326522509132 ], [ 121.048363625000079, 14.654370165537904 ], [ 121.048607580978256, 14.654392374597812 ], [ 121.048851774407552, 14.654393979824711 ], [ 121.049095915497162, 14.65437509288188 ], [ 121.049217857890412, 14.654357793693267 ], [ 121.04937706476818, 14.654327095959111 ], [ 121.04956478910654, 14.654278854795374 ], [ 121.049747848672979, 14.654218529206352 ], [ 121.04992617272994, 14.654146128404934 ], [ 121.050176166604686, 14.65401961769083 ], [ 121.050401886376889, 14.653876584230604 ], [ 121.05054520171204, 14.653768920946566 ], [ 121.050680340888633, 14.653653255168297 ], [ 121.05094785001144, 14.653395848268001 ], [ 121.051171395953361, 14.653165063047249 ], [ 121.051468283328063, 14.653134793052766 ], [ 121.051596760599153, 14.653147760297653 ], [ 121.051668696154806, 14.653162010759401 ], [ 121.051838117433149, 14.653223951497395 ], [ 121.052596050637547, 14.653715646157051 ], [ 121.053456581392226, 14.654349555008732 ], [ 121.053842231094166, 14.654652266338026 ], [ 121.054217256426455, 14.654930812167708 ], [ 121.054817436129028, 14.655322290935434 ], [ 121.056302615670916, 14.656252515426131 ], [ 121.057670021185146, 14.65714158897668 ], [ 121.058186054212641, 14.657457480550951 ], [ 121.058878401362662, 14.657924475910905 ], [ 121.063073035362308, 14.660682132352155 ], [ 121.06432325531398, 14.661520230164065 ], [ 121.06438358663253, 14.661650334317567 ], [ 121.064382677035084, 14.661724864054959 ], [ 121.064370386823242, 14.661752193605915 ], [ 121.064330339896486, 14.661786964373773 ], [ 121.064197811626087, 14.661819106870796 ], [ 121.06298730556243, 14.661788128611731 ], [ 121.062558555963548, 14.661788226706445 ], [ 121.062067965733348, 14.6617980217452 ], [ 121.061692388870881, 14.661814436460872 ], [ 121.060578660920328, 14.661889940334378 ], [ 121.059453845840764, 14.661912620153025 ] ] } },
{ "type": "Feature", "properties": { }, "geometry": { "type": "LineString", "coordinates": [ [ 121.059484741655197, 14.657756418535884 ], [ 121.05896425390317, 14.657401560538201 ], [ 121.055775960456415, 14.655285774939552 ], [ 121.05572100931569, 14.655161373352637 ], [ 121.055711843010741, 14.655123791501822 ], [ 121.055713571513252, 14.655078122646 ], [ 121.055741961107344, 14.655010370594512 ], [ 121.05576520489609, 14.654980037002991 ], [ 121.05580332218031, 14.654955107216827 ], [ 121.055872849260766, 14.654925897828791 ], [ 121.055988939844227, 14.65490472215812 ], [ 121.0562805631739, 14.654896281413574 ], [ 121.056653747290611, 14.654895681921069 ], [ 121.058421228533106, 14.654909779827019 ], [ 121.058437190999285, 14.65490086634316 ], [ 121.058441455865719, 14.654733706768594 ], [ 121.059761906788452, 14.648056173680141 ], [ 121.059834953352365, 14.647814294170914 ], [ 121.059879842292787, 14.647714672227307 ], [ 121.059976431006547, 14.647544482723198 ], [ 121.060097633034331, 14.647409027422508 ], [ 121.060250927534625, 14.647280806757889 ], [ 121.060406098678115, 14.647210695099171 ], [ 121.060595064967089, 14.647167786207788 ], [ 121.060706097094368, 14.647153725319344 ], [ 121.061133964136332, 14.647146681703799 ], [ 121.061331506962063, 14.647155026978405 ], [ 121.061462345382395, 14.647168538006328 ], [ 121.061685954396623, 14.647206662292222 ], [ 121.063651690372382, 14.647673883559765 ], [ 121.063943856747201, 14.647711280406675 ], [ 121.064086272922907, 14.647717663953497 ], [ 121.064291673604629, 14.64770783865271 ], [ 121.064460105139801, 14.647689223184514 ], [ 121.064567566634466, 14.647693352537138 ], [ 121.065026711443934, 14.647743929802413 ], [ 121.065235559198015, 14.647778161412743 ], [ 121.065382119284479, 14.647818299723285 ], [ 121.065709562465273, 14.647954309567575 ], [ 121.065775690909391, 14.647975545006215 ], [ 121.065919091142206, 14.647998538227657 ], [ 121.065984078024755, 14.648001176205524 ], [ 121.066165120826042, 14.647988764369915 ], [ 121.066295186226057, 14.647964220779212 ], [ 121.066435505678456, 14.647919723099719 ], [ 121.066906005678462, 14.647720423114199 ], [ 121.067188753195609, 14.647585381914825 ], [ 121.067683587849828, 14.647364145509465 ], [ 121.067941900414908, 14.647256529682791 ], [ 121.068027372314162, 14.647237201379804 ], [ 121.068244760333712, 14.647224980191815 ], [ 121.069355340599969, 14.647214280981586 ], [ 121.069610667432414, 14.647211885421187 ], [ 121.069844915233588, 14.64721995262798 ], [ 121.070219381142891, 14.647254965287493 ], [ 121.070515768450534, 14.647295381735352 ], [ 121.070812991793389, 14.647349766669688 ], [ 121.071018686681285, 14.647409017890119 ], [ 121.071126097101171, 14.647456298089804 ], [ 121.071216096628177, 14.647509036034654 ], [ 121.07157088461085, 14.647741983446117 ], [ 121.071973634718276, 14.647995827433377 ], [ 121.072092845502326, 14.648062169532773 ], [ 121.072249161473181, 14.648139036285711 ], [ 121.072424871258036, 14.648198607248103 ], [ 121.072533382836355, 14.64822784588576 ], [ 121.072741052355283, 14.64826444683913 ], [ 121.07292819593242, 14.648275979979296 ], [ 121.073120125678244, 14.648272920945031 ], [ 121.073253848788127, 14.648308329829188 ], [ 121.073468779647513, 14.648323735330429 ], [ 121.073804993059838, 14.648346179795027 ], [ 121.074289645915712, 14.648352413395106 ], [ 121.074281534057093, 14.652614326743075 ], [ 121.074263738331553, 14.653589892416706 ], [ 121.074218034236324, 14.655023064986349 ], [ 121.074202534236321, 14.656953564987544 ], [ 121.074205737945519, 14.657565778098354 ], [ 121.074212962744483, 14.657624479568749 ], [ 121.074247107741215, 14.657715328781554 ], [ 121.074286160248533, 14.657780971758406 ], [ 121.074344577278055, 14.65785557258563 ], [ 121.074425377278075, 14.657933972581233 ], [ 121.075956174965839, 14.659248999322957 ], [ 121.07604523161973, 14.659343139337546 ], [ 121.076086678540847, 14.659415006014481 ], [ 121.076110937066105, 14.659506264274185 ], [ 121.07611837890525, 14.659586120932177 ], [ 121.076097231394471, 14.659692435237819 ], [ 121.076031199603761, 14.659839600264316 ], [ 121.075494039578842, 14.660949307663095 ], [ 121.074979487987079, 14.662064500977511 ], [ 121.07490378058381, 14.662203672184418 ], [ 121.074828465605862, 14.66231387251079 ], [ 121.074484685995458, 14.662737545255567 ], [ 121.074138766708387, 14.663183084022686 ], [ 121.074032574377966, 14.663299713538002 ], [ 121.073916961248727, 14.663404561281073 ], [ 121.073755473648731, 14.663515485021833 ], [ 121.072653492894233, 14.66406198843017 ], [ 121.072320404915672, 14.664245598682914 ], [ 121.072040467653196, 14.664413868141629 ], [ 121.071869459969406, 14.664504284862966 ], [ 121.071683733349445, 14.664573204126013 ], [ 121.071199605372229, 14.664729215012233 ], [ 121.071026407256454, 14.664793258592699 ], [ 121.070815819966867, 14.664890375913426 ], [ 121.070701830181207, 14.664951411159347 ], [ 121.070562835183793, 14.66503970237518 ], [ 121.070497994996316, 14.665091395736166 ], [ 121.070278200553005, 14.664933325809804 ], [ 121.069816486880498, 14.664629679858287 ], [ 121.068874756397122, 14.663938531922758 ], [ 121.065638287815261, 14.661859716012355 ], [ 121.064352070048514, 14.660995671486459 ], [ 121.059484741655197, 14.657756418535884 ] ] } },
{ "type": "Feature", "properties": { }, "geometry": { "type": "LineString", "coordinates": [ [ 121.060055730674293, 14.672867927328143 ], [ 121.057194612442018, 14.6733026301231 ], [ 121.055861569379303, 14.673521435886842 ], [ 121.055226303631528, 14.673613302018714 ], [ 121.054125430396738, 14.673763319550883 ], [ 121.05390843093268, 14.673781452657209 ], [ 121.053541033804336, 14.673797331045956 ], [ 121.053204454785018, 14.673804018919641 ], [ 121.052747775638281, 14.673795834341309 ], [ 121.052443354509407, 14.673779166035553 ], [ 121.051978805106486, 14.673736634752228 ], [ 121.051516826326903, 14.673673447070627 ], [ 121.051058419411874, 14.673589691967882 ], [ 121.05049698248942, 14.673466883609864 ] ] } },
{ "type": "Feature", "properties": { }, "geometry": { "type": "LineString", "coordinates": [ [ 121.049596771077574, 14.672882803752373 ], [ 121.04994594192469, 14.672481129968702 ], [ 121.050906262342167, 14.671740541695517 ], [ 121.051302125850825, 14.671409568384869 ], [ 121.051494381652319, 14.671222709013726 ], [ 121.052268963957459, 14.670512928629002 ], [ 121.052760331994818, 14.670031774834028 ], [ 121.053090347554942, 14.669749969843988 ], [ 121.053235127302656, 14.669646229174935 ], [ 121.054347140697303, 14.668925509823991 ], [ 121.054963331719364, 14.668559871207204 ], [ 121.055339882702611, 14.668353227414626 ], [ 121.055627445387103, 14.668205959125642 ], [ 121.05586988781991, 14.668101146058016 ], [ 121.056080177460998, 14.668028666869406 ], [ 121.057698881156142, 14.667647303580594 ], [ 121.058180733907761, 14.667520367093493 ], [ 121.058813316294675, 14.667403335886712 ], [ 121.059089205669792, 14.667361746736571 ], [ 121.059771405669792, 14.667230446746807 ], [ 121.060064690545744, 14.667162501441792 ], [ 121.061394295050789, 14.66669372124006 ], [ 121.0616807872035, 14.666602677969735 ], [ 121.062408557040087, 14.666413078170951 ], [ 121.062533949326991, 14.666364287009982 ], [ 121.062627551403992, 14.666310771136127 ], [ 121.062784067846877, 14.666210026025482 ], [ 121.063446965116356, 14.665754631478316 ], [ 121.063526713223837, 14.665692824248049 ], [ 121.063645181375094, 14.665619136866999 ], [ 121.063753543347872, 14.665580173083612 ], [ 121.063897534358574, 14.665557045497016 ], [ 121.064458458579082, 14.665652930102642 ], [ 121.064554108442607, 14.665662564080698 ], [ 121.064689673327365, 14.66566543010549 ], [ 121.064835273749338, 14.665654630075046 ], [ 121.064958172665385, 14.665634082833442 ], [ 121.065187125982746, 14.665576629420459 ], [ 121.065524936470595, 14.665472071198854 ], [ 121.066013166986991, 14.665286700984741 ], [ 121.066433627285932, 14.665110254839339 ], [ 121.067338430369304, 14.664644336795009 ], [ 121.067553261392106, 14.664502299900761 ], [ 121.067646399991602, 14.664427148132289 ], [ 121.067819411578895, 14.664267778874414 ], [ 121.06799443872373, 14.664073786935408 ], [ 121.068764025914518, 14.664646291583066 ], [ 121.069965204650387, 14.665432659121537 ], [ 121.069979615713805, 14.665461717494303 ], [ 121.069979454132749, 14.665497265332844 ], [ 121.06966725032656, 14.666066284007151 ], [ 121.068846915767338, 14.66767725554014 ], [ 121.068757033871449, 14.667977724205723 ], [ 121.068624752164979, 14.668285406712682 ], [ 121.06857030517574, 14.668471992672172 ], [ 121.068546789782943, 14.668599027691402 ], [ 121.068537742875094, 14.66911988208297 ], [ 121.068463857424717, 14.670515706985041 ], [ 121.068450235054144, 14.671710803546279 ], [ 121.068445291456911, 14.671760740545722 ], [ 121.068431177825204, 14.671779478173436 ], [ 121.068376049622216, 14.671791637000098 ], [ 121.067174028112561, 14.671820727632767 ], [ 121.066367826988497, 14.671942512706078 ], [ 121.062961349995348, 14.672431024388409 ], [ 121.060055730674293, 14.672867927328143 ] ] } },
{ "type": "Feature", "properties": { }, "geometry": { "type": "LineString", "coordinates": [ [ 121.060750744920227, 14.647116132930138 ], [ 121.060588972030857, 14.64713351911589 ], [ 121.060396352002229, 14.647177210446864 ], [ 121.06022962094643, 14.64725269235139 ], [ 121.06007253453339, 14.647384089666525 ], [ 121.059946851758468, 14.647524572985345 ], [ 121.059847230665383, 14.647700053575882 ], [ 121.059801630665376, 14.647801253579095 ], [ 121.059771458781512, 14.647893892849117 ], [ 121.059726751940161, 14.648048942804703 ], [ 121.058408714603885, 14.654714323754487 ], [ 121.056927808191475, 14.654685536093563 ], [ 121.056674894859782, 14.654660145186204 ], [ 121.055882682063768, 14.654532026003549 ], [ 121.05523053933031, 14.654399219114174 ], [ 121.054050948100212, 14.654122657237426 ], [ 121.053105309304968, 14.653623807470035 ], [ 121.052568099014692, 14.653295306902063 ], [ 121.052120560251083, 14.653038733653286 ], [ 121.051985152537412, 14.652949150185593 ], [ 121.051900330378572, 14.652857074131482 ], [ 121.051851367559365, 14.652768653037112 ], [ 121.051804182303712, 14.652584604891617 ], [ 121.05178749630349, 14.652177229526499 ], [ 121.051904420861547, 14.651863842860688 ], [ 121.051950243159638, 14.651700138194274 ], [ 121.052016714756974, 14.651368198498984 ], [ 121.052037538645521, 14.65120026843927 ], [ 121.052049961786793, 14.651030789830807 ], [ 121.052049460554429, 14.650693560220049 ], [ 121.052029276126987, 14.650459060614677 ], [ 121.051993016519233, 14.650226511585295 ], [ 121.05192725652735, 14.649970229437624 ], [ 121.051833320912451, 14.649737500228335 ], [ 121.051775672250329, 14.649632155833041 ], [ 121.051616186334144, 14.649406287528056 ], [ 121.05152831777005, 14.649298250109046 ], [ 121.051435380158807, 14.649195581616679 ], [ 121.051247350948529, 14.649017291104334 ], [ 121.051163877261601, 14.648850635930646 ], [ 121.051149802920591, 14.648801563393937 ], [ 121.051147930878599, 14.648697900035168 ], [ 121.05116762817002, 14.648642803367634 ], [ 121.051986183717048, 14.647374237432572 ], [ 121.052063276942235, 14.647219666997755 ], [ 121.052575719306645, 14.646481521687379 ], [ 121.053345855798966, 14.645245800281183 ], [ 121.053557779370749, 14.644837453739401 ], [ 121.053816001821517, 14.644301956227988 ], [ 121.054080601821511, 14.643625956246959 ], [ 121.054315857374505, 14.642975743156565 ], [ 121.054469627636607, 14.642499648947336 ], [ 121.054562120817693, 14.642174917571984 ], [ 121.054671027563728, 14.641688518068049 ], [ 121.054750116083866, 14.641279115484934 ], [ 121.054854171285754, 14.640601554269466 ], [ 121.05493008321028, 14.639865969921944 ], [ 121.054953165774322, 14.639332433690189 ], [ 121.054948758883754, 14.638563200396389 ], [ 121.054938432371969, 14.638216032116025 ], [ 121.054905651667312, 14.637681739414155 ], [ 121.054901408653123, 14.637651941335479 ] ] } },
{ "type": "Feature", "properties": { }, "geometry": { "type": "LineString", "coordinates": [ [ 121.074264263079471, 14.647035649902506 ], [ 121.074285462778718, 14.648050995649756 ], [ 121.074242747021032, 14.6481475221703 ], [ 121.07417660382319, 14.648193657967218 ], [ 121.074069360567663, 14.648228452448317 ], [ 121.073819978834138, 14.648231414226849 ], [ 121.073260300688489, 14.648213727377058 ], [ 121.073120616993535, 14.648238143720507 ], [ 121.072928326544954, 14.648241208504254 ], [ 121.072744393179946, 14.648229817907243 ], [ 121.072542228846885, 14.648194141845682 ], [ 121.07243572586485, 14.6481654641603 ], [ 121.072262471257787, 14.648106726956216 ], [ 121.072110358057358, 14.648031809960948 ], [ 121.071992918230649, 14.647966488396049 ], [ 121.071590356196509, 14.647712764160781 ], [ 121.071235107513303, 14.647479531999119 ], [ 121.07114194025057, 14.647425078168073 ], [ 121.071032440250576, 14.647376878164602 ], [ 121.070822526708852, 14.647316240296497 ], [ 121.070661554769032, 14.647283654273378 ], [ 121.070224007463182, 14.647220487702901 ], [ 121.069847828229953, 14.647185298184642 ], [ 121.069610725780166, 14.647177118394049 ], [ 121.068244256596628, 14.647190218131527 ], [ 121.068020410902122, 14.647203073777925 ], [ 121.067929848610333, 14.647223752666745 ], [ 121.067668953417339, 14.647332394244167 ], [ 121.067173441453349, 14.647553930750526 ], [ 121.066891203868238, 14.647688742277582 ], [ 121.066421889130879, 14.647887540224422 ], [ 121.066285078949861, 14.647930842080219 ], [ 121.066159104295352, 14.647954480797534 ], [ 121.06598373401016, 14.64796640803254 ], [ 121.065922930212793, 14.647963964149817 ], [ 121.065785936342223, 14.647942207272928 ], [ 121.065723253310153, 14.647922156487867 ], [ 121.065394595771636, 14.647785693515534 ], [ 121.065312523766536, 14.647760404804195 ], [ 121.065167537617683, 14.647729005961409 ], [ 121.064569413009096, 14.647658631308724 ], [ 121.064458697050128, 14.647654430924582 ], [ 121.064288771018042, 14.647673185780796 ], [ 121.064087197714429, 14.647682903525764 ], [ 121.063813227517002, 14.647662560039704 ], [ 121.063657881287767, 14.647639630338899 ], [ 121.06159996235543, 14.647154362695005 ], [ 121.061466606779732, 14.647134015746349 ], [ 121.061222277695265, 14.647113848871872 ], [ 121.060750744920227, 14.647116132930138 ] ] } },
{ "type": "Feature", "properties": { }, "geometry": { "type": "LineString", "coordinates": [ [ 121.061012008457382, 14.710497700800756 ], [ 121.06111769513879, 14.710608659642761 ], [ 121.061057301106118, 14.710681162018581 ], [ 121.060940665098101, 14.710583262386855 ], [ 121.061012008457382, 14.710497700800756 ] ] } },
{ "type": "Feature", "properties": { }, "geometry": { "type": "LineString", "coordinates": [ [ 121.061104732793126, 14.710387371271766 ], [ 121.063628095447953, 14.707392434173084 ], [ 121.063787105100246, 14.707212090319832 ], [ 121.063897629380108, 14.707101566046056 ], [ 121.064044116253939, 14.706972061725935 ], [ 121.06419569934576, 14.706860755300394 ], [ 121.064393676508018, 14.70674378087784 ], [ 121.064618005894658, 14.70663703790019 ], [ 121.064873234549196, 14.706542048287167 ], [ 121.065037031864421, 14.706494129391226 ], [ 121.065187481090348, 14.70646221592154 ], [ 121.065337844623983, 14.706441743426172 ], [ 121.065525378365336, 14.706428480793999 ], [ 121.067223336982451, 14.706438577211275 ], [ 121.068645315721582, 14.706433377716799 ], [ 121.069431938251199, 14.706441177676789 ], [ 121.070288120489536, 14.706438177325621 ], [ 121.070366547520294, 14.706430375319231 ], [ 121.07055330023897, 14.706399005168983 ], [ 121.070670293965009, 14.706367416005353 ], [ 121.072147349731722, 14.70587073114423 ], [ 121.073853866989893, 14.705314016041875 ], [ 121.074082573380792, 14.705249539778874 ], [ 121.074506147496706, 14.705158182618522 ], [ 121.074698177555206, 14.70512911430713 ], [ 121.075124357634067, 14.705078822866538 ], [ 121.075501695911242, 14.705059776484564 ], [ 121.078278919514148, 14.705054077816341 ], [ 121.079577169272511, 14.705023050693287 ], [ 121.080887256696613, 14.704855089926069 ], [ 121.081235178567027, 14.704828337521521 ], [ 121.081480025533523, 14.704798045911874 ], [ 121.081741101883793, 14.704756363485771 ], [ 121.082191732372848, 14.704669038668866 ], [ 121.082571483664395, 14.70457887669126 ], [ 121.083230898331919, 14.704367379453251 ], [ 121.08360269627677, 14.704188661825736 ], [ 121.083903351557794, 14.704031283130423 ], [ 121.08426041088515, 14.703826762197261 ], [ 121.084600047920986, 14.703563578320537 ], [ 121.084690366661746, 14.703485728787259 ], [ 121.085353750013113, 14.702821099317134 ], [ 121.085639330854619, 14.702498281008491 ], [ 121.085908630854604, 14.702153781025029 ], [ 121.086086584614293, 14.701868400083649 ], [ 121.086395084614253, 14.701319500104516 ], [ 121.086659355852234, 14.700719949531527 ], [ 121.086814434516711, 14.700308667983505 ], [ 121.087007593625259, 14.699634210777161 ], [ 121.087083652507602, 14.699305608271755 ], [ 121.087137991716034, 14.698960916822445 ], [ 121.087152313469048, 14.698781131807882 ], [ 121.087174465264312, 14.697957287110365 ], [ 121.08719536559461, 14.696030954612995 ], [ 121.087197065987894, 14.695278203363182 ], [ 121.087176666991283, 14.69347066255564 ], [ 121.087185865369378, 14.692841522579025 ], [ 121.087159364334696, 14.690557442583099 ], [ 121.08712386296726, 14.688874964984514 ], [ 121.08709467499915, 14.688374350102785 ], [ 121.087012974911886, 14.68763909218379 ], [ 121.086841725820619, 14.686865661970202 ], [ 121.086716049584965, 14.686455568370469 ], [ 121.086416650034465, 14.685685914246633 ], [ 121.085929292827771, 14.684594707110602 ], [ 121.085502472611523, 14.683788397169231 ], [ 121.085395124824387, 14.683512079162774 ], [ 121.085105263637487, 14.682858263176209 ], [ 121.084402901804907, 14.681188327137971 ], [ 121.083188196431138, 14.678460514990959 ], [ 121.082776604719001, 14.677599800111052 ], [ 121.082569446926769, 14.677211281948258 ], [ 121.082234424267909, 14.676551834160781 ], [ 121.081902301310123, 14.675997700282693 ], [ 121.081697860599718, 14.675638181943542 ], [ 121.08156083679367, 14.675448534916878 ], [ 121.081237056991014, 14.674958470983992 ], [ 121.080883702666995, 14.674451350315772 ], [ 121.080668448776137, 14.674155402432014 ], [ 121.080296535659954, 14.673665123760266 ], [ 121.079717494530939, 14.672949481540019 ], [ 121.079065164239921, 14.672204515202255 ], [ 121.078452757337331, 14.671556769733693 ], [ 121.07758843261081, 14.670716837738041 ], [ 121.076995305143228, 14.670185056748752 ], [ 121.076406808301243, 14.669690034402768 ], [ 121.075777708301274, 14.669174834371541 ], [ 121.075456886536458, 14.668934947725422 ], [ 121.07507674127406, 14.668653355739648 ], [ 121.073954216519709, 14.667876002910985 ], [ 121.070974467955608, 14.665914004487135 ], [ 121.070614067955589, 14.665678104471622 ], [ 121.070371605823325, 14.665533052531019 ], [ 121.07026906299231, 14.665458916115602 ], [ 121.070417628505794, 14.665306963969812 ], [ 121.070559273133924, 14.665178787501553 ], [ 121.070955956333805, 14.665473179056264 ], [ 121.074875918083464, 14.668104286274618 ], [ 121.075131338382576, 14.668286871986531 ], [ 121.076010641324729, 14.668978066355789 ], [ 121.076574777727259, 14.669410336815618 ], [ 121.077452776052723, 14.670248666985882 ], [ 121.078197859720561, 14.670939154585557 ], [ 121.078692139020461, 14.671428137294789 ], [ 121.078978064212279, 14.671723253370626 ], [ 121.079255706626284, 14.672018985501381 ], [ 121.07979665457195, 14.672622692755727 ], [ 121.080180770974422, 14.673075458449585 ], [ 121.080438336384319, 14.673391293395346 ], [ 121.080794668327911, 14.67384555311941 ], [ 121.081054025060837, 14.674189762963826 ], [ 121.081333001816276, 14.674573956719589 ], [ 121.08168967884292, 14.675087663320815 ], [ 121.082160608973467, 14.675737153739012 ], [ 121.08248255413524, 14.676260052556966 ], [ 121.082822712407463, 14.676869925610257 ], [ 121.083159892560303, 14.677531700097633 ], [ 121.083340967423183, 14.677914603788262 ], [ 121.084735694830428, 14.681116136980162 ], [ 121.084988770560244, 14.681715710420649 ], [ 121.086136866995815, 14.68430080292163 ], [ 121.086662180638726, 14.685567815943459 ], [ 121.086974052350911, 14.686387217391788 ], [ 121.087077140653861, 14.686722403916532 ], [ 121.087292908399959, 14.687732354974917 ], [ 121.087331258099297, 14.687972712957814 ], [ 121.08737327437548, 14.688420520629276 ], [ 121.087394346052804, 14.688827473637378 ], [ 121.087402834152911, 14.689126055040225 ], [ 121.087413435102675, 14.690732417598996 ], [ 121.087455635075059, 14.692314568022672 ], [ 121.087491734571671, 14.69452678642018 ], [ 121.087511932118503, 14.698014688449017 ], [ 121.087458115506777, 14.698908469462825 ], [ 121.087422677305483, 14.699173758247987 ], [ 121.087360624818686, 14.699453442655178 ], [ 121.087188291679311, 14.700083828034087 ], [ 121.087112603725942, 14.700327944126487 ], [ 121.086915778391742, 14.70084694253879 ], [ 121.086814899585747, 14.701089111549287 ], [ 121.086676482687579, 14.701379607541895 ], [ 121.086403299792494, 14.701881158180981 ], [ 121.086138481288074, 14.702293995783959 ], [ 121.085864095390164, 14.702658978933384 ], [ 121.085605904597173, 14.702973215793026 ], [ 121.085285592889349, 14.703302103735023 ], [ 121.084754502681065, 14.703784985939851 ], [ 121.084420593963998, 14.704037013314235 ], [ 121.084140289882939, 14.704233625193046 ], [ 121.083872908249546, 14.70439842081932 ], [ 121.083658873514196, 14.704516797580544 ], [ 121.083390234545604, 14.704648530180529 ], [ 121.083041704769073, 14.704771476283359 ], [ 121.082199029598058, 14.704996715937707 ], [ 121.081932937468551, 14.705060764650165 ], [ 121.081551015137379, 14.705111375740058 ], [ 121.081233194006217, 14.705126125671432 ], [ 121.078278414946197, 14.70515042229186 ], [ 121.075500371249703, 14.705154722205052 ], [ 121.075127542062006, 14.705177125684674 ], [ 121.074680542062012, 14.705224525688417 ], [ 121.074405893100376, 14.705279953075541 ], [ 121.073784143607284, 14.70544027414984 ], [ 121.073278566841211, 14.705602531313955 ], [ 121.071597329943287, 14.706170908979153 ], [ 121.070683409826614, 14.706466784435486 ], [ 121.070567117188844, 14.706502734852286 ], [ 121.070394961389127, 14.706535496832249 ], [ 121.069829869561218, 14.706548122542888 ], [ 121.067201630878984, 14.706549222422419 ], [ 121.065604159428844, 14.706565927520815 ], [ 121.065302676710289, 14.706580581094054 ], [ 121.065159621818637, 14.706599146173552 ], [ 121.064949628331121, 14.706650144596013 ], [ 121.064662763814425, 14.70675387565181 ], [ 121.064457178047448, 14.706853486224542 ], [ 121.064199696064989, 14.707008965489811 ], [ 121.063972326975048, 14.70720239517153 ], [ 121.063787389111113, 14.707401802606356 ], [ 121.062867938901618, 14.708489862347651 ], [ 121.061139981654293, 14.710580763888744 ], [ 121.061034858337706, 14.710470396501011 ], [ 121.061104732793126, 14.710387371271766 ] ] } },
{ "type": "Feature", "properties": { }, "geometry": { "type": "LineString", "coordinates": [ [ 121.061181344010592, 14.722535107523544 ], [ 121.06117656630208, 14.711159488976827 ], [ 121.061170539874013, 14.710821649792642 ], [ 121.061146169499523, 14.710762599141789 ], [ 121.061084312087715, 14.710704131193442 ], [ 121.061141883859889, 14.710635016918355 ], [ 121.061173145102359, 14.710678988051495 ], [ 121.061194054607853, 14.710754873134983 ], [ 121.06119913387144, 14.711159919504016 ], [ 121.061209795839872, 14.72254495351209 ] ] } },
{ "type": "Feature", "properties": { }, "geometry": { "type": "LineString", "coordinates": [ [ 121.064397300161701, 14.661775535620592 ], [ 121.06441831129716, 14.661731078274714 ], [ 121.064419346050599, 14.661644492335798 ], [ 121.064381585390478, 14.661561089866249 ], [ 121.064840282589998, 14.661883406304824 ], [ 121.064791538813537, 14.661890340133345 ], [ 121.064338456632981, 14.661863272652933 ], [ 121.064281769928002, 14.66185773537503 ], [ 121.064250193788737, 14.661842111336888 ], [ 121.064346614694671, 14.661818542919727 ], [ 121.064397300161701, 14.661775535620592 ] ] } },
{ "type": "Feature", "properties": { }, "geometry": { "type": "LineString", "coordinates": [ [ 121.067232347390913, 14.663530922339172 ], [ 121.066739105319115, 14.663193944251454 ], [ 121.066533941363105, 14.662995012100692 ], [ 121.066777808636445, 14.663125882716741 ], [ 121.068328159839368, 14.664160488010506 ], [ 121.068503743500855, 14.664292408586164 ], [ 121.068000649594538, 14.664034670874889 ], [ 121.067232347390913, 14.663530922339172 ] ] } },
{ "type": "Feature", "properties": { }, "geometry": { "type": "LineString", "coordinates": [ [ 121.068668899573353, 14.664416354289047 ], [ 121.069345065949932, 14.664851253759476 ], [ 121.069728061054946, 14.665111178954728 ], [ 121.070152412456636, 14.665417976853115 ], [ 121.070116767690536, 14.665460512318898 ], [ 121.069988027282264, 14.66540562681833 ], [ 121.068784622758741, 14.664617802357661 ], [ 121.068170948643399, 14.664161251498149 ], [ 121.068668899573353, 14.664416354289047 ] ] } },
{ "type": "Feature", "properties": { }, "geometry": { "type": "LineString", "coordinates": [ [ 121.068677982487785, 14.66861153556156 ], [ 121.068690884468964, 14.668545114251934 ], [ 121.068874199635303, 14.668058995501854 ], [ 121.070058280632068, 14.665751112168532 ], [ 121.070114904114391, 14.665657127639008 ], [ 121.070205345157703, 14.665536262965404 ], [ 121.070261590615331, 14.665559920205965 ], [ 121.070355567103391, 14.665564441881216 ], [ 121.070447765213501, 14.665622798247009 ], [ 121.070371017247581, 14.665730620229084 ], [ 121.070253710460833, 14.665923407322005 ], [ 121.06995902731785, 14.666458657246293 ], [ 121.069679423324629, 14.666991837861186 ], [ 121.069014082215787, 14.6683264194851 ], [ 121.068825155999477, 14.668689077864489 ], [ 121.06872324936873, 14.668942743292652 ], [ 121.068690695129391, 14.669110550034185 ], [ 121.068681560865528, 14.668969671533873 ], [ 121.068677982487785, 14.66861153556156 ] ] } },
{ "type": "Feature", "properties": { }, "geometry": { "type": "LineString", "coordinates": [ [ 121.07001453329481, 14.66550703108334 ], [ 121.070015357992176, 14.665455266347196 ], [ 121.070094660178768, 14.665489074997403 ], [ 121.069945959971847, 14.665717570137577 ], [ 121.068922580336618, 14.667703054768651 ], [ 121.06883944005223, 14.667826749143831 ], [ 121.068879810823859, 14.667691332178402 ], [ 121.069699453876893, 14.666081706107114 ], [ 121.07001453329481, 14.66550703108334 ] ] } },
{ "type": "Feature", "properties": { }, "geometry": { "type": "LineString", "coordinates": [ [ 121.070150519815954, 14.665474901755982 ], [ 121.070181228224541, 14.665438810083275 ], [ 121.070216720147386, 14.665464470038659 ], [ 121.070193952160949, 14.665493418129135 ], [ 121.070150519815954, 14.665474901755982 ] ] } },
{ "type": "Feature", "properties": { }, "geometry": { "type": "LineString", "coordinates": [ [ 121.070243882950194, 14.665487227007189 ], [ 121.070245571237038, 14.665485328801322 ], [ 121.070303633229841, 14.665527306458575 ], [ 121.070269880184483, 14.665525788277536 ], [ 121.070227749279383, 14.665507826745781 ], [ 121.070243882950194, 14.665487227007189 ] ] } },
{ "type": "Feature", "properties": { }, "geometry": { "type": "LineString", "coordinates": [ [ 121.070468822542992, 14.665211510459633 ], [ 121.070311753491453, 14.665360750958312 ], [ 121.070240211902629, 14.665438057350416 ], [ 121.070204705273895, 14.665412386759874 ], [ 121.070358961593215, 14.665256724393323 ], [ 121.070499446506659, 14.665135756649311 ], [ 121.070529446540348, 14.665157334450694 ], [ 121.070468822542992, 14.665211510459633 ] ] } },
{ "type": "Feature", "properties": { }, "geometry": { "type": "LineString", "coordinates": [ [ 121.073820020528387, 14.648266181028747 ], [ 121.074078112264104, 14.648262280365049 ], [ 121.074193893812392, 14.648224347590304 ], [ 121.074270252976802, 14.648170845571121 ], [ 121.07428662512757, 14.64813669661722 ], [ 121.074289414945639, 14.648317647583328 ], [ 121.073806072989143, 14.648311427908004 ], [ 121.073259965652625, 14.648273989097405 ], [ 121.073202956281619, 14.648258857241576 ], [ 121.073261037977247, 14.648248535367536 ], [ 121.073820020528387, 14.648266181028747 ] ] } },
{ "type": "Feature", "properties": { }, "geometry": { "type": "LineString", "coordinates": [ [ 121.07426705487353, 14.654668719977648 ], [ 121.074299658618173, 14.653590808427412 ], [ 121.07431746625862, 14.652614539781201 ], [ 121.074325579119744, 14.648352539904035 ], [ 121.074475172032393, 14.648353023501777 ], [ 121.074458033745174, 14.649434541353539 ], [ 121.074459033753698, 14.650363465190749 ], [ 121.074451033754073, 14.651045255155005 ], [ 121.074455133159276, 14.651701966799003 ], [ 121.074445133725419, 14.652930432339646 ], [ 121.074494402186929, 14.653153311344308 ], [ 121.074490447731634, 14.653387686975506 ], [ 121.074519240948604, 14.654283493895964 ], [ 121.074566016766454, 14.654567831905755 ], [ 121.074573018782289, 14.654690120632333 ], [ 121.074500039652463, 14.657108152393933 ], [ 121.074500356501687, 14.657616328911075 ], [ 121.074507747836151, 14.65766070573936 ], [ 121.07452472873149, 14.657703733344773 ], [ 121.074556098021205, 14.657754946042965 ], [ 121.074680221277347, 14.657902981734283 ], [ 121.074811018676456, 14.658037414498102 ], [ 121.07522898051856, 14.658417519019872 ], [ 121.076068064749578, 14.659148186139701 ], [ 121.076159794238322, 14.659270753177555 ], [ 121.076252705153465, 14.659465262881913 ], [ 121.076268239899449, 14.65957740432804 ], [ 121.076268827108436, 14.659687114537478 ], [ 121.076256737994257, 14.65976932051473 ], [ 121.076208379164427, 14.659911055137316 ], [ 121.075666940702519, 14.661025305352776 ], [ 121.075277951264013, 14.661865359511049 ], [ 121.075089887188142, 14.662207659678964 ], [ 121.075015125103178, 14.662233226776021 ], [ 121.074936810591666, 14.662365221411612 ], [ 121.074829642857992, 14.662522869642183 ], [ 121.074548493411939, 14.662855355031752 ], [ 121.074362494560702, 14.663057578003077 ], [ 121.07434954523977, 14.663167295500582 ], [ 121.074250899905721, 14.663277581089019 ], [ 121.074132298745184, 14.663389416417809 ], [ 121.073955331385235, 14.663540249011801 ], [ 121.073820224104011, 14.663629163779182 ], [ 121.073610301111813, 14.663744385398081 ], [ 121.07274667589779, 14.664181197024009 ], [ 121.072216518465538, 14.664457756165541 ], [ 121.071824675284233, 14.664601890112486 ], [ 121.071210331205052, 14.664802839321231 ], [ 121.071069356901447, 14.66485586931258 ], [ 121.070847726808367, 14.664952664416241 ], [ 121.070748115475055, 14.665005738286355 ], [ 121.070558508349194, 14.665134920530912 ], [ 121.070527627612009, 14.665112709273094 ], [ 121.070583598638038, 14.665068082942605 ], [ 121.070795166174861, 14.664940228384234 ], [ 121.070982118694857, 14.664850742717292 ], [ 121.071160342041139, 14.664779534509044 ], [ 121.071695462966048, 14.664606062605575 ], [ 121.071885816295975, 14.664535251829141 ], [ 121.072058935825282, 14.664443690956253 ], [ 121.072338525314649, 14.664275619267364 ], [ 121.072670404084207, 14.664092661750779 ], [ 121.073773661919105, 14.663545474053246 ], [ 121.07393950385503, 14.663431639656112 ], [ 121.074058346357987, 14.663323945929685 ], [ 121.074212830300411, 14.663149156746485 ], [ 121.074513066289683, 14.662758867697532 ], [ 121.074857246893473, 14.662334689503625 ], [ 121.07496349995732, 14.662172622092429 ], [ 121.075135358835198, 14.661816486215098 ], [ 121.075526642335504, 14.660963923697382 ], [ 121.0759676161139, 14.660056076607949 ], [ 121.07613160241354, 14.659702924961149 ], [ 121.076154382244724, 14.659588679422367 ], [ 121.076146404836834, 14.659500345420998 ], [ 121.076120453035671, 14.659402745296761 ], [ 121.076073153564451, 14.659321165088635 ], [ 121.075980728888339, 14.65922360267583 ], [ 121.074450437189896, 14.65790905333758 ], [ 121.074370895252457, 14.657831874027723 ], [ 121.074315510102409, 14.657760887423464 ], [ 121.074263456298823, 14.657661069872498 ], [ 121.074248411190993, 14.657618505547596 ], [ 121.074241660847505, 14.657564312648296 ], [ 121.074238466658841, 14.656953723522701 ], [ 121.074253963816204, 14.655023577568187 ], [ 121.07426705487353, 14.654668719977648 ] ] } },
{ "type": "Feature", "properties": { }, "geometry": { "type": "LineString", "coordinates": [ [ 121.074387376759063, 14.663149015341482 ], [ 121.074394446561584, 14.663074990347344 ], [ 121.074576179451299, 14.662877517978156 ], [ 121.074858776130938, 14.662543246087571 ], [ 121.074967362134615, 14.662383524470242 ], [ 121.07504090907986, 14.662259032884529 ], [ 121.075085282521684, 14.662245509551052 ], [ 121.075086772631394, 14.662281730677739 ], [ 121.075020062239133, 14.662418337345779 ], [ 121.074779601397282, 14.662756974580017 ], [ 121.074671120309389, 14.662889043603416 ], [ 121.074462005349702, 14.663123361761075 ], [ 121.074387376759063, 14.663149015341482 ] ] } },
{ "type": "Feature", "properties": { }, "geometry": { "type": "LineString", "coordinates": [ [ 121.07445795310305, 14.64717071687264 ], [ 121.074475427702026, 14.648318259470123 ], [ 121.074325360026833, 14.648317774337512 ], [ 121.074300217571547, 14.64706072226006 ] ] } },
{ "type": "Feature", "properties": { }, "geometry": { "type": "LineString", "coordinates": [ [ 121.087493864885516, 14.692670025883668 ], [ 121.08749156087174, 14.692313872604483 ], [ 121.087449363130844, 14.690731845940553 ], [ 121.087438766274701, 14.689125767729747 ], [ 121.087430243811951, 14.688825930623693 ], [ 121.087409092761519, 14.688417729118932 ], [ 121.087366856072109, 14.687967949109483 ], [ 121.087328207554776, 14.68772584432344 ], [ 121.087229253994607, 14.687254063739768 ], [ 121.087266678820697, 14.687190937528946 ], [ 121.08734029097927, 14.687112939653149 ], [ 121.087438205665862, 14.687059593746707 ], [ 121.087575093741464, 14.687016074419596 ], [ 121.089497480048877, 14.686520669927651 ], [ 121.089782669314076, 14.686478617111954 ], [ 121.089873824270526, 14.686473814324307 ], [ 121.090032398917657, 14.686485176369779 ], [ 121.090460952765042, 14.686554357609296 ], [ 121.090628880106493, 14.68660103705518 ], [ 121.090773101880899, 14.686658489654144 ], [ 121.091005414967455, 14.686801131069894 ], [ 121.091144606096776, 14.686901162295397 ], [ 121.091489388398131, 14.687199072714794 ], [ 121.09303702761251, 14.688695419495508 ], [ 121.09350570113034, 14.689126585222606 ], [ 121.094246538728001, 14.689833230273511 ], [ 121.09535532387693, 14.690927620086622 ], [ 121.095994590589143, 14.691527312741782 ], [ 121.096098858909315, 14.691656565897524 ], [ 121.096147620961474, 14.691731969146911 ], [ 121.096198213469449, 14.691954379701574 ], [ 121.096214155669827, 14.692120733095312 ], [ 121.096236433450372, 14.692936214715662 ], [ 121.096235534554069, 14.693762070014722 ], [ 121.0962448303532, 14.694681154669038 ], [ 121.096239409492384, 14.694819041655816 ], [ 121.096224515942438, 14.694883007544702 ], [ 121.096162298292455, 14.695001494320845 ], [ 121.095315435632429, 14.695841669318112 ], [ 121.094516104417451, 14.696610018746847 ], [ 121.09386700376227, 14.697211913759901 ], [ 121.093181301665396, 14.697871213667932 ], [ 121.092854258855581, 14.698169547574707 ], [ 121.092068357917313, 14.698926251984023 ], [ 121.091294264670566, 14.699715013573419 ], [ 121.091037897968278, 14.699902102719431 ], [ 121.090829250851996, 14.700024789614426 ], [ 121.09062689012633, 14.700117950796724 ], [ 121.090336025610824, 14.700203493352642 ], [ 121.090106247161572, 14.700244974256464 ], [ 121.0898457138629, 14.700253212071905 ], [ 121.08959092308578, 14.700244775290527 ], [ 121.089406589415276, 14.700212385653241 ], [ 121.087963104305558, 14.699856301250806 ], [ 121.087631853432427, 14.699767967677944 ], [ 121.087555037847054, 14.699732005322671 ], [ 121.087498131618403, 14.699688057935472 ], [ 121.087453530240253, 14.699624597620787 ], [ 121.087396611233515, 14.699456887629065 ], [ 121.087457966348609, 14.699180346438144 ], [ 121.087493818178515, 14.698912426965949 ], [ 121.087547866198619, 14.698015040008528 ], [ 121.087527665919623, 14.694526486074096 ], [ 121.087493864885516, 14.692670025883668 ] ] } },
{ "type": "Feature", "properties": { }, "geometry": { "type": "LineString", "coordinates": [ [ 121.090819243081427, 14.686538775615141 ], [ 121.091051351819431, 14.686670174776095 ], [ 121.091183343967245, 14.686758235836582 ], [ 121.091343419392516, 14.686883136393408 ], [ 121.091577261217907, 14.687093952978081 ], [ 121.092183676079159, 14.687691560806069 ], [ 121.093605820145541, 14.689040307897153 ], [ 121.093812287480532, 14.689217851686982 ], [ 121.094302180381021, 14.689675471385684 ], [ 121.095472750518724, 14.69080474516594 ], [ 121.0957396195749, 14.691067917411152 ], [ 121.096024366637295, 14.691362847727524 ], [ 121.095951023274424, 14.691438148925741 ], [ 121.095380899148637, 14.690903203991008 ], [ 121.094271906132235, 14.689808613133623 ], [ 121.093530814303989, 14.689101724876226 ], [ 121.093062228492997, 14.688670642004316 ], [ 121.091514466566338, 14.687174171743198 ], [ 121.091166714468685, 14.686873749420812 ], [ 121.091025228180754, 14.68677212701942 ], [ 121.090789666401008, 14.686627569551213 ], [ 121.090639762039032, 14.686567896684881 ], [ 121.090469962039037, 14.686520696681271 ], [ 121.090037367189311, 14.686450743430461 ], [ 121.089873564564087, 14.686439025799002 ], [ 121.089778643470623, 14.686444070839299 ], [ 121.089627108272978, 14.686463479957776 ], [ 121.089488688424993, 14.686486955538376 ], [ 121.087564390426479, 14.686982889572009 ], [ 121.087425677126575, 14.687026992280268 ], [ 121.087369220832301, 14.687052448139571 ], [ 121.087317559543237, 14.687085920398561 ], [ 121.087272698851066, 14.68712851223018 ], [ 121.087218434761482, 14.687202444384392 ], [ 121.087121975787937, 14.686754281785381 ], [ 121.087229641489799, 14.686794784892285 ], [ 121.087348505466011, 14.686816049141296 ], [ 121.087439618501776, 14.686814425024719 ], [ 121.087525762104008, 14.686801924998134 ], [ 121.087899269972894, 14.686708681918077 ], [ 121.088704933172309, 14.686488693279646 ], [ 121.089420462883453, 14.686314429602133 ], [ 121.089514536164131, 14.686299405373722 ], [ 121.0896316454659, 14.686293510610685 ], [ 121.089805825152865, 14.686305181934609 ], [ 121.090301675159267, 14.686384999649682 ], [ 121.09048936100973, 14.686421345160767 ], [ 121.090667542704978, 14.686477008365415 ], [ 121.090819243081427, 14.686538775615141 ] ] } },
{ "type": "Feature", "properties": { }, "geometry": { "type": "LineString", "coordinates": [ [ 121.096007004915705, 14.691490568612865 ], [ 121.095976834919611, 14.691462334657649 ], [ 121.096049326967616, 14.691387907507805 ], [ 121.096078313410416, 14.691416198702184 ], [ 121.096007004915705, 14.691490568612865 ] ] } },
{ "type": "Feature", "properties": { }, "geometry": { "type": "LineString", "coordinates": [ [ 121.096191768683269, 14.695021655269946 ], [ 121.096259227277358, 14.694892118370467 ], [ 121.096275115247067, 14.694823548843848 ], [ 121.096280753329026, 14.694682060395932 ], [ 121.096271466398306, 14.69376182414933 ], [ 121.096272360343804, 14.692935552328198 ], [ 121.096250060016331, 14.692119240197188 ], [ 121.09623354656047, 14.691947965362527 ], [ 121.096180717713722, 14.691717821423014 ], [ 121.096128422710308, 14.691636802687283 ], [ 121.096031742913681, 14.691515881194302 ], [ 121.096102566238628, 14.691442017291338 ], [ 121.096231473020367, 14.691589667255309 ], [ 121.096319454982776, 14.691735262261881 ], [ 121.096373461359775, 14.691951778732584 ], [ 121.096389440208426, 14.692209326011572 ], [ 121.096405430520193, 14.694687322154934 ], [ 121.096384533260149, 14.69491726400839 ], [ 121.096361001384309, 14.695004876490133 ], [ 121.096312087085238, 14.695108978668918 ], [ 121.096256248872734, 14.695203651447212 ], [ 121.095559408373418, 14.695859679556737 ], [ 121.095495440274362, 14.695898633267415 ], [ 121.095336351613128, 14.69595479854712 ], [ 121.09528103018117, 14.69598557844439 ], [ 121.093930706903535, 14.697276705146047 ], [ 121.093279437281979, 14.697937563887507 ], [ 121.091809342297935, 14.699321566986436 ], [ 121.091355288406504, 14.699788983990297 ], [ 121.09107589771196, 14.699984041568554 ], [ 121.090673270453877, 14.700200783462435 ], [ 121.090574241732611, 14.700240080576934 ], [ 121.090342913161294, 14.700305848459596 ], [ 121.09011257498949, 14.700344601571572 ], [ 121.08984139329084, 14.700358592286008 ], [ 121.089577359394625, 14.700342313503146 ], [ 121.089391510653002, 14.700312232214076 ], [ 121.089215123755864, 14.700274783609615 ], [ 121.088033155927235, 14.699994864420944 ], [ 121.08757875832292, 14.699879159596824 ], [ 121.087500551269315, 14.699869636962053 ], [ 121.087413146871327, 14.699873405171674 ], [ 121.087346862516426, 14.699892851198934 ], [ 121.08726539000547, 14.699935383681073 ], [ 121.087378774697001, 14.699522705009025 ], [ 121.087421576622276, 14.699640748365958 ], [ 121.087471024457145, 14.699711156036935 ], [ 121.08753582200049, 14.699761502806648 ], [ 121.087619172787598, 14.699800564918908 ], [ 121.087954067282041, 14.699889941003274 ], [ 121.089232037740402, 14.700207905426872 ], [ 121.089399688825978, 14.700246498378149 ], [ 121.089585788825971, 14.700279198375586 ], [ 121.089846286988347, 14.700287968928368 ], [ 121.090111496221567, 14.700279383227098 ], [ 121.090345526413856, 14.700237026657963 ], [ 121.090638626413892, 14.700150826664526 ], [ 121.090847132719148, 14.700054949635881 ], [ 121.091058820736478, 14.699930372789536 ], [ 121.091318474416852, 14.69974078009772 ], [ 121.092093818776121, 14.698950778761006 ], [ 121.092879537012337, 14.698194251033316 ], [ 121.093206465973154, 14.697896025147223 ], [ 121.093892081656591, 14.697236806254894 ], [ 121.09454106421903, 14.696635026904739 ], [ 121.095341062939468, 14.69586603290379 ], [ 121.096191768683269, 14.695021655269946 ] ] } },
{ "type": "Feature", "properties": { }, "geometry": { "type": "LineString", "coordinates": [ [ 121.068046159391471, 14.706477119595396 ], [ 121.068135990919885, 14.706390231015007 ], [ 121.068225822448312, 14.706390231015007 ], [ 121.068315653976725, 14.706390231015007 ], [ 121.068405485505139, 14.706390231015007 ], [ 121.068495317033552, 14.706390231015007 ], [ 121.068585148561951, 14.706390231015007 ], [ 121.068674980090364, 14.706390231015007 ], [ 121.068764811618777, 14.706390231015007 ], [ 121.068854643147162, 14.706390231015007 ], [ 121.068944474675575, 14.706390231015007 ], [ 121.069034306204003, 14.706390231015007 ], [ 121.069124137732416, 14.706390231015007 ], [ 121.069213969260829, 14.706390231015007 ], [ 121.069303800789243, 14.706390231015007 ], [ 121.06939363231767, 14.706390231015007 ], [ 121.069483463846083, 14.706390231015007 ], [ 121.069573295374497, 14.706390231015007 ], [ 121.069663126902896, 14.706390231015007 ], [ 121.069752958431309, 14.706390231015007 ], [ 121.069842789959722, 14.706390231015007 ], [ 121.069932621488107, 14.706390231015007 ], [ 121.07002245301652, 14.706390231015007 ], [ 121.070112284544948, 14.706390231015007 ], [ 121.070202116073361, 14.706390231015007 ], [ 121.070291947601774, 14.706390231015007 ], [ 121.070381779130187, 14.706390231015007 ], [ 121.070471610658586, 14.706390231015007 ], [ 121.070561442187028, 14.706390231015007 ], [ 121.070651273715441, 14.706390231015007 ], [ 121.07074110524384, 14.706390231015007 ], [ 121.070830936772253, 14.706390231015007 ], [ 121.070920768300667, 14.706390231015007 ], [ 121.07101059982908, 14.706303342400027 ], [ 121.071100431357465, 14.70621645375047 ], [ 121.071190262885864, 14.70621645375047 ], [ 121.071280094414305, 14.70612956506632 ], [ 121.071369925942719, 14.70612956506632 ], [ 121.071459757471132, 14.70612956506632 ], [ 121.071549588999531, 14.706042676347595 ], [ 121.071639420527973, 14.706042676347595 ], [ 121.071729252056386, 14.706042676347595 ], [ 121.071819083584785, 14.705955787594291 ], [ 121.071908915113198, 14.705955787594291 ], [ 121.071998746641611, 14.705955787594291 ], [ 121.072088578170025, 14.705868898806397 ], [ 121.072178409698438, 14.705868898806397 ], [ 121.072268241226809, 14.705868898806397 ], [ 121.072358072755222, 14.705782009983926 ], [ 121.072447904283663, 14.705782009983926 ], [ 121.072537735812077, 14.705782009983926 ], [ 121.072627567340476, 14.705695121126865 ], [ 121.072717398868889, 14.705695121126865 ], [ 121.072807230397331, 14.705695121126865 ], [ 121.07289706192573, 14.705608232235226 ], [ 121.072986893454143, 14.705608232235226 ], [ 121.073076724982556, 14.705521343309 ], [ 121.073166556510969, 14.705521343309 ], [ 121.073256388039383, 14.705521343309 ], [ 121.073346219567753, 14.705434454348197 ], [ 121.073436051096166, 14.705434454348197 ], [ 121.073525882624608, 14.705434454348197 ], [ 121.073615714153021, 14.705347565352808 ], [ 121.07370554568142, 14.705347565352808 ], [ 121.073795377209834, 14.705347565352808 ], [ 121.073885208738247, 14.705260676322848 ], [ 121.073975040266674, 14.705260676322848 ], [ 121.074064871795088, 14.705260676322848 ], [ 121.074154703323501, 14.705260676322848 ], [ 121.074244534851914, 14.705173787258294 ], [ 121.074334366380327, 14.705173787258294 ], [ 121.074424197908726, 14.705173787258294 ], [ 121.074514029437111, 14.705173787258294 ], [ 121.074603860965524, 14.705173787258294 ], [ 121.074693692493966, 14.705086898159166 ], [ 121.074783524022365, 14.705086898159166 ], [ 121.074873355550778, 14.705086898159166 ], [ 121.074963187079192, 14.705086898159166 ], [ 121.075053018607619, 14.705086898159166 ], [ 121.075142850136032, 14.705000009025458 ], [ 121.075232681664446, 14.705000009025458 ], [ 121.075322513192859, 14.705000009025458 ], [ 121.075412344721272, 14.705000009025458 ], [ 121.075502176249671, 14.705000009025458 ], [ 121.075592007778084, 14.705000009025458 ], [ 121.075681839306469, 14.705000009025458 ], [ 121.075771670834882, 14.705000009025458 ], [ 121.07586150236331, 14.705000009025458 ], [ 121.075951333891723, 14.705000009025458 ], [ 121.076041165420136, 14.705000009025458 ], [ 121.07613099694855, 14.705000009025458 ], [ 121.076220828476977, 14.705000009025458 ], [ 121.07631066000539, 14.705000009025458 ], [ 121.076400491533803, 14.705000009025458 ], [ 121.076490323062217, 14.705000009025458 ], [ 121.076580154590616, 14.705000009025458 ], [ 121.076669986119029, 14.705000009025458 ], [ 121.076759817647414, 14.705000009025458 ], [ 121.076849649175827, 14.705000009025458 ], [ 121.076939480704254, 14.705000009025458 ], [ 121.077029312232668, 14.705000009025458 ], [ 121.077119143761081, 14.705000009025458 ], [ 121.077208975289494, 14.705000009025458 ], [ 121.077298806817893, 14.705000009025458 ], [ 121.077388638346335, 14.705000009025458 ], [ 121.077478469874748, 14.705000009025458 ], [ 121.077568301403161, 14.705000009025458 ], [ 121.07765813293156, 14.705000009025458 ], [ 121.077747964459974, 14.705000009025458 ], [ 121.077837795988387, 14.705000009025458 ], [ 121.077927627516772, 14.705000009025458 ], [ 121.078017459045185, 14.705000009025458 ], [ 121.078107290573612, 14.705000009025458 ], [ 121.078197122102026, 14.705000009025458 ], [ 121.078286953630439, 14.705000009025458 ], [ 121.078376785158838, 14.705000009025458 ], [ 121.07846661668728, 14.705000009025458 ], [ 121.078556448215693, 14.705000009025458 ], [ 121.078646279744106, 14.705000009025458 ], [ 121.078736111272505, 14.705000009025458 ], [ 121.078825942800918, 14.705000009025458 ], [ 121.078915774329332, 14.705000009025458 ], [ 121.079005605857716, 14.705000009025458 ], [ 121.07909543738613, 14.705000009025458 ], [ 121.079185268914529, 14.705000009025458 ], [ 121.07927510044297, 14.705000009025458 ], [ 121.079364931971384, 14.705000009025458 ], [ 121.079454763499783, 14.705000009025458 ], [ 121.079544595028196, 14.705000009025458 ], [ 121.079634426556638, 14.705000009025458 ], [ 121.079724258085051, 14.705000009025458 ], [ 121.07981408961345, 14.705000009025458 ], [ 121.079903921141863, 14.705000009025458 ], [ 121.079993752670276, 14.704913119857162 ], [ 121.08008358419869, 14.704913119857162 ], [ 121.080173415727074, 14.704913119857162 ], [ 121.080263247255473, 14.704913119857162 ], [ 121.080353078783915, 14.704913119857162 ], [ 121.080442910312328, 14.704913119857162 ], [ 121.080532741840727, 14.704913119857162 ], [ 121.080622573369141, 14.704913119857162 ], [ 121.080712404897582, 14.704826230654296 ], [ 121.080802236425995, 14.704826230654296 ], [ 121.080892067954395, 14.704826230654296 ], [ 121.080981899482808, 14.704826230654296 ], [ 121.081071731011221, 14.704826230654296 ], [ 121.081161562539634, 14.704826230654296 ], [ 121.081251394068033, 14.704826230654296 ], [ 121.081341225596418, 14.704826230654296 ], [ 121.081431057124831, 14.704826230654296 ], [ 121.081520888653273, 14.70473934141684 ], [ 121.081610720181672, 14.70473934141684 ], [ 121.081700551710085, 14.70473934141684 ], [ 121.081790383238499, 14.70473934141684 ], [ 121.08188021476694, 14.704652452144803 ], [ 121.081970046295339, 14.704652452144803 ], [ 121.082059877823752, 14.704652452144803 ], [ 121.082149709352166, 14.704652452144803 ], [ 121.082239540880579, 14.704652452144803 ], [ 121.082329372408978, 14.704652452144803 ], [ 121.082419203937363, 14.704565562838194 ], [ 121.082509035465776, 14.704565562838194 ], [ 121.082598866994218, 14.704565562838194 ], [ 121.082688698522617, 14.704478673497004 ], [ 121.08277853005103, 14.704478673497004 ], [ 121.082868361579443, 14.704478673497004 ], [ 121.082958193107856, 14.704391784121224 ], [ 121.083048024636284, 14.704391784121224 ], [ 121.083137856164697, 14.704391784121224 ], [ 121.08322768769311, 14.704304894710875 ], [ 121.083317519221524, 14.704304894710875 ], [ 121.083407350749923, 14.70421800526594 ], [ 121.083497182278336, 14.70421800526594 ], [ 121.083587013806721, 14.704131115786433 ], [ 121.083676845335134, 14.704131115786433 ], [ 121.083766676863561, 14.704044226272337 ], [ 121.083856508391975, 14.704044226272337 ], [ 121.083946339920388, 14.70395733672367 ], [ 121.084036171448801, 14.70395733672367 ], [ 121.084126002977229, 14.703870447140426 ], [ 121.084215834505642, 14.703783557522593 ], [ 121.084305666034055, 14.703783557522593 ], [ 121.084395497562468, 14.703696667870192 ], [ 121.084485329090867, 14.70360977818321 ], [ 121.084575160619281, 14.703522888461647 ], [ 121.084664992147694, 14.703435998705508 ], [ 121.084754823676079, 14.703349108914797 ], [ 121.084844655204492, 14.703262219089503 ], [ 121.084934486732919, 14.703175329229634 ], [ 121.085024318261333, 14.703088439335188 ], [ 121.085114149789746, 14.70300154940616 ], [ 121.085203981318145, 14.702914659442564 ], [ 121.085293812846587, 14.702827769444381 ], [ 121.085383644375, 14.702740879411632 ], [ 121.085473475903413, 14.702653989344306 ], [ 121.085563307431812, 14.702567099242396 ], [ 121.085563307431812, 14.70248020910592 ], [ 121.085653138960225, 14.702393318934861 ], [ 121.085742970488639, 14.702306428729234 ], [ 121.085832802017023, 14.702219538489027 ], [ 121.085922633545437, 14.702132648214247 ], [ 121.085922633545437, 14.702045757904886 ], [ 121.086012465073864, 14.701958867560959 ], [ 121.086012465073864, 14.701871977182449 ], [ 121.086102296602277, 14.701785086769373 ], [ 121.086192128130691, 14.701698196321724 ], [ 121.086192128130691, 14.701611305839492 ], [ 121.08628195965909, 14.701524415322689 ], [ 121.08628195965909, 14.70143752477132 ], [ 121.086371791187503, 14.701350634185374 ], [ 121.086371791187503, 14.701263743564855 ], [ 121.086461622715944, 14.701176852909756 ], [ 121.086461622715944, 14.701089962220092 ], [ 121.086461622715944, 14.701003071495855 ], [ 121.086551454244358, 14.700916180737041 ], [ 121.086551454244358, 14.700829289943663 ], [ 121.086641285772757, 14.700742399115711 ], [ 121.086641285772757, 14.700655508253181 ], [ 121.086641285772757, 14.700568617356089 ], [ 121.08673111730117, 14.700481726424419 ], [ 121.08673111730117, 14.700394835458175 ], [ 121.086820948829583, 14.700307944457368 ], [ 121.086820948829583, 14.700221053421977 ], [ 121.086820948829583, 14.700134162352027 ], [ 121.086820948829583, 14.700047271247509 ], [ 121.086910780357996, 14.699960380108411 ], [ 121.086910780357996, 14.699873488934756 ], [ 121.086910780357996, 14.699786597726522 ], [ 121.087000611886381, 14.699699706483711 ], [ 121.087000611886381, 14.699612815206345 ], [ 121.087000611886381, 14.6995259238944 ], [ 121.087000611886381, 14.699439032547879 ], [ 121.087000611886381, 14.6993521411668 ], [ 121.087000611886381, 14.699265249751157 ], [ 121.08709044341478, 14.699178358300937 ], [ 121.08709044341478, 14.699091466816157 ], [ 121.08709044341478, 14.699004575296808 ], [ 121.08709044341478, 14.698917683742883 ], [ 121.08709044341478, 14.698830792154395 ], [ 121.08709044341478, 14.69874390053133 ], [ 121.08709044341478, 14.698657008873713 ], [ 121.08709044341478, 14.698570117181513 ], [ 121.08709044341478, 14.698483225454757 ], [ 121.08709044341478, 14.698396333693433 ], [ 121.08709044341478, 14.698309441897534 ], [ 121.08709044341478, 14.698222550067079 ], [ 121.08709044341478, 14.698135658202055 ], [ 121.087180274943222, 14.69804876630246 ], [ 121.087180274943222, 14.697961874368307 ], [ 121.087180274943222, 14.697874982399579 ], [ 121.087180274943222, 14.697788090396287 ], [ 121.087180274943222, 14.697701198358436 ], [ 121.087180274943222, 14.69761430628602 ], [ 121.087180274943222, 14.697527414179032 ], [ 121.087180274943222, 14.697440522037484 ], [ 121.087180274943222, 14.697353629861363 ], [ 121.087180274943222, 14.69726673765069 ], [ 121.087180274943222, 14.697179845405444 ], [ 121.087180274943222, 14.697092953125637 ], [ 121.087180274943222, 14.697006060811269 ], [ 121.087180274943222, 14.696919168462335 ], [ 121.087180274943222, 14.696832276078823 ], [ 121.087180274943222, 14.696745383660767 ], [ 121.087180274943222, 14.69665849120814 ], [ 121.087180274943222, 14.696571598720954 ], [ 121.087180274943222, 14.696484706199209 ], [ 121.087180274943222, 14.696397813642891 ], [ 121.087180274943222, 14.696310921052019 ], [ 121.087180274943222, 14.696224028426574 ], [ 121.087180274943222, 14.696137135766582 ], [ 121.087180274943222, 14.696050243072012 ], [ 121.087180274943222, 14.695963350342891 ], [ 121.087180274943222, 14.695876457579203 ], [ 121.087180274943222, 14.695789564780963 ], [ 121.087180274943222, 14.695702671948149 ], [ 121.087180274943222, 14.695615779080782 ], [ 121.087180274943222, 14.695528886178858 ], [ 121.087180274943222, 14.695441993242365 ], [ 121.087180274943222, 14.695355100271314 ], [ 121.087180274943222, 14.695268207265705 ], [ 121.087180274943222, 14.695181314225529 ], [ 121.087180274943222, 14.695094421150795 ], [ 121.087180274943222, 14.695007528041517 ], [ 121.087180274943222, 14.69492063489766 ], [ 121.087180274943222, 14.69483374171925 ], [ 121.087180274943222, 14.694746848506288 ], [ 121.087180274943222, 14.694659955258759 ], [ 121.087180274943222, 14.694573061976669 ], [ 121.087180274943222, 14.694486168660029 ], [ 121.087180274943222, 14.694399275308822 ], [ 121.087180274943222, 14.694312381923066 ], [ 121.087180274943222, 14.694225488502742 ], [ 121.087180274943222, 14.694138595047869 ], [ 121.087180274943222, 14.694051701558431 ], [ 121.087180274943222, 14.693964808034442 ], [ 121.087180274943222, 14.693877914475895 ], [ 121.087180274943222, 14.693791020882786 ], [ 121.087180274943222, 14.693704127255126 ], [ 121.087180274943222, 14.693617233592907 ], [ 121.087180274943222, 14.693530339896132 ], [ 121.087180274943222, 14.693443446164791 ], [ 121.087180274943222, 14.693356552398905 ], [ 121.087180274943222, 14.693269658598465 ], [ 121.087180274943222, 14.693182764763469 ], [ 121.087180274943222, 14.693095870893906 ], [ 121.087180274943222, 14.693008976989798 ], [ 121.087180274943222, 14.692922083051135 ], [ 121.087180274943222, 14.692835189077915 ], [ 121.087180274943222, 14.692748295070141 ], [ 121.087180274943222, 14.692661401027809 ], [ 121.087180274943222, 14.692574506950923 ], [ 121.087180274943222, 14.692487612839484 ], [ 121.087180274943222, 14.692400718693486 ], [ 121.087180274943222, 14.692313824512942 ], [ 121.087180274943222, 14.692226930297837 ], [ 121.087180274943222, 14.692140036048187 ], [ 121.087180274943222, 14.692053141763981 ], [ 121.087180274943222, 14.691966247445226 ], [ 121.087180274943222, 14.69187935309191 ], [ 121.087180274943222, 14.691792458704038 ], [ 121.087180274943222, 14.691705564281625 ], [ 121.087180274943222, 14.691618669824647 ], [ 121.087180274943222, 14.691531775333127 ], [ 121.087180274943222, 14.691444880807047 ], [ 121.087180274943222, 14.691357986246423 ], [ 121.087180274943222, 14.691271091651245 ], [ 121.087180274943222, 14.691184197021514 ], [ 121.087180274943222, 14.691097302357232 ], [ 121.087180274943222, 14.6910104076584 ], [ 121.087180274943222, 14.690923512925016 ], [ 121.087180274943222, 14.690836618157077 ], [ 121.087180274943222, 14.690749723354594 ], [ 121.087180274943222, 14.69066282851756 ], [ 121.08709044341478, 14.69057593364597 ], [ 121.08709044341478, 14.690489038739836 ], [ 121.08709044341478, 14.690402143799155 ], [ 121.08709044341478, 14.690315248823918 ], [ 121.08709044341478, 14.690228353814133 ], [ 121.08709044341478, 14.690141458769803 ], [ 121.08709044341478, 14.690054563690921 ], [ 121.08709044341478, 14.689967668577488 ], [ 121.08709044341478, 14.689880773429509 ], [ 121.08709044341478, 14.689793878246975 ], [ 121.08709044341478, 14.6897069830299 ], [ 121.08709044341478, 14.689620087778279 ], [ 121.08709044341478, 14.689533192492107 ], [ 121.08709044341478, 14.68944629717139 ], [ 121.08709044341478, 14.689359401816123 ], [ 121.08709044341478, 14.689272506426303 ], [ 121.08709044341478, 14.689185611001941 ], [ 121.08709044341478, 14.689098715543029 ], [ 121.08709044341478, 14.689011820049574 ], [ 121.08709044341478, 14.688924924521571 ], [ 121.08709044341478, 14.688838028959017 ], [ 121.08709044341478, 14.688751133361924 ], [ 121.08709044341478, 14.688664237730286 ], [ 121.08709044341478, 14.688577342064097 ], [ 121.08709044341478, 14.688490446363359 ], [ 121.08709044341478, 14.688403550628083 ], [ 121.08709044341478, 14.688316654858259 ], [ 121.08709044341478, 14.688229759053884 ], [ 121.08709044341478, 14.688142863214972 ], [ 121.08709044341478, 14.688055967341517 ], [ 121.087000611886381, 14.687969071433514 ], [ 121.087000611886381, 14.687882175490962 ], [ 121.087000611886381, 14.687795279513875 ], [ 121.087000611886381, 14.687708383502239 ], [ 121.087000611886381, 14.687621487456054 ], [ 121.087000611886381, 14.687534591375337 ], [ 121.086910780357996, 14.687447695260067 ], [ 121.086910780357996, 14.687360799110253 ], [ 121.086910780357996, 14.687273902925906 ], [ 121.086910780357996, 14.687187006707003 ], [ 121.086910780357996, 14.687100110453567 ], [ 121.086910780357996, 14.687013214165587 ], [ 121.086820948829583, 14.686926317843062 ], [ 121.08673111730117, 14.686839421485999 ], [ 121.086641285772757, 14.686752525094393 ], [ 121.086641285772757, 14.686665628668237 ], [ 121.086551454244358, 14.686578732207547 ], [ 121.086551454244358, 14.686491835712312 ], [ 121.086461622715944, 14.686404939182539 ], [ 121.086461622715944, 14.686318042618225 ], [ 121.086461622715944, 14.686231146019365 ], [ 121.086371791187503, 14.686144249385972 ], [ 121.086371791187503, 14.686057352718036 ], [ 121.08628195965909, 14.685970456015554 ], [ 121.08628195965909, 14.685883559278539 ], [ 121.086192128130691, 14.685796662506984 ], [ 121.086192128130691, 14.685709765700885 ], [ 121.086192128130691, 14.685622868860252 ], [ 121.086192128130691, 14.68553597198507 ], [ 121.086102296602277, 14.685449075075358 ], [ 121.086012465073864, 14.685362178131106 ], [ 121.086012465073864, 14.685275281152309 ], [ 121.086012465073864, 14.68518838413898 ], [ 121.085922633545437, 14.685101487091108 ], [ 121.085922633545437, 14.685014590008704 ], [ 121.085832802017023, 14.684927692891756 ], [ 121.085832802017023, 14.684840795740271 ], [ 121.085832802017023, 14.684753898554249 ], [ 121.085742970488639, 14.684667001333692 ], [ 121.085742970488639, 14.684580104078597 ], [ 121.085653138960225, 14.684493206788952 ], [ 121.085653138960225, 14.684406309464791 ], [ 121.085653138960225, 14.684319412106079 ], [ 121.085653138960225, 14.684232514712837 ], [ 121.085653138960225, 14.684145617285061 ], [ 121.085563307431812, 14.684058719822737 ], [ 121.085563307431812, 14.683971822325891 ], [ 121.085473475903413, 14.683884924794496 ], [ 121.085473475903413, 14.683798027228574 ], [ 121.085473475903413, 14.683711129628119 ], [ 121.085383644375, 14.68362423199312 ], [ 121.085383644375, 14.683537334323589 ], [ 121.085293812846587, 14.683450436619523 ], [ 121.085293812846587, 14.683363538880931 ], [ 121.085293812846587, 14.683276641107796 ], [ 121.085203981318145, 14.683189743300124 ], [ 121.085203981318145, 14.683102845457922 ], [ 121.085114149789746, 14.683015947581188 ], [ 121.085114149789746, 14.682929049669909 ], [ 121.085024318261333, 14.682842151724111 ], [ 121.085024318261333, 14.682755253743768 ], [ 121.085024318261333, 14.682668355728902 ], [ 121.084934486732919, 14.682581457679502 ], [ 121.084934486732919, 14.682494559595565 ], [ 121.084844655204492, 14.6824076614771 ], [ 121.084844655204492, 14.682320763324098 ], [ 121.084844655204492, 14.68223386513656 ], [ 121.084754823676079, 14.6821469669145 ], [ 121.084754823676079, 14.682060068657899 ], [ 121.084664992147694, 14.681973170366772 ], [ 121.084664992147694, 14.681886272041107 ], [ 121.084664992147694, 14.681799373680908 ], [ 121.084575160619281, 14.681712475286194 ], [ 121.084575160619281, 14.681625576856941 ], [ 121.084485329090867, 14.681538678393153 ], [ 121.084485329090867, 14.681451779894834 ], [ 121.084485329090867, 14.68136488136199 ], [ 121.084395497562468, 14.68127798279461 ], [ 121.084395497562468, 14.681191084192706 ], [ 121.084305666034055, 14.68110418555627 ], [ 121.084305666034055, 14.681017286885302 ], [ 121.084215834505642, 14.68093038817981 ], [ 121.084215834505642, 14.680843489439784 ], [ 121.084215834505642, 14.680756590665229 ], [ 121.084126002977229, 14.680669691856144 ], [ 121.084126002977229, 14.680582793012539 ], [ 121.084036171448801, 14.680495894134394 ], [ 121.084036171448801, 14.680408995221732 ], [ 121.083946339920388, 14.680322096274528 ], [ 121.083946339920388, 14.680235197292804 ], [ 121.083946339920388, 14.680148298276546 ], [ 121.083856508391975, 14.680061399225767 ], [ 121.083856508391975, 14.679974500140469 ], [ 121.083766676863561, 14.679887601020631 ], [ 121.083766676863561, 14.679800701866268 ], [ 121.083676845335134, 14.67971380267738 ], [ 121.083676845335134, 14.679626903453961 ], [ 121.083676845335134, 14.679540004196021 ], [ 121.083587013806721, 14.679453104903555 ], [ 121.083587013806721, 14.679366205576553 ], [ 121.083497182278336, 14.679279306215035 ], [ 121.083497182278336, 14.679192406818991 ], [ 121.083407350749923, 14.679105507388419 ], [ 121.083407350749923, 14.679018607923329 ], [ 121.083407350749923, 14.678931708423701 ], [ 121.083317519221524, 14.678844808889549 ], [ 121.083317519221524, 14.678757909320881 ], [ 121.08322768769311, 14.678671009717679 ], [ 121.08322768769311, 14.67858411007996 ], [ 121.083137856164697, 14.678497210407716 ], [ 121.083137856164697, 14.678410310700942 ], [ 121.083048024636284, 14.678323410959649 ], [ 121.083048024636284, 14.678236511183833 ], [ 121.082958193107856, 14.678149611373492 ], [ 121.082958193107856, 14.678062711528629 ], [ 121.082868361579443, 14.67797581164924 ], [ 121.082868361579443, 14.677888911735328 ], [ 121.082868361579443, 14.677802011786898 ], [ 121.08277853005103, 14.677715111803947 ], [ 121.08277853005103, 14.677628211786464 ], [ 121.082688698522617, 14.677541311734462 ], [ 121.082688698522617, 14.677454411647936 ], [ 121.082598866994218, 14.677367511526894 ], [ 121.082598866994218, 14.67728061137133 ], [ 121.082509035465776, 14.677193711181241 ], [ 121.082509035465776, 14.677106810956628 ], [ 121.082419203937363, 14.677019910697503 ], [ 121.082419203937363, 14.676933010403848 ], [ 121.082329372408978, 14.676846110075674 ], [ 121.082329372408978, 14.676759209712984 ], [ 121.082239540880579, 14.676672309315773 ], [ 121.082239540880579, 14.676585408884042 ], [ 121.082149709352166, 14.67649850841779 ], [ 121.082149709352166, 14.676411607917018 ], [ 121.082059877823752, 14.676324707381724 ], [ 121.082059877823752, 14.67623780681191 ], [ 121.081970046295339, 14.676150906207585 ], [ 121.08188021476694, 14.676064005568728 ], [ 121.08188021476694, 14.675977104895363 ], [ 121.081790383238499, 14.675890204187468 ], [ 121.081790383238499, 14.675803303445067 ], [ 121.081700551710085, 14.675716402668144 ], [ 121.081610720181672, 14.675629501856704 ], [ 121.081610720181672, 14.675542601010738 ], [ 121.081520888653273, 14.675455700130263 ], [ 121.081431057124831, 14.675368799215265 ], [ 121.081431057124831, 14.675281898265753 ], [ 121.081341225596418, 14.675194997281725 ], [ 121.081251394068033, 14.67510809626318 ], [ 121.081251394068033, 14.675021195210112 ], [ 121.081161562539634, 14.674934294122531 ], [ 121.081161562539634, 14.67484739300043 ], [ 121.081071731011221, 14.674760491843825 ], [ 121.080981899482808, 14.674673590652692 ], [ 121.080981899482808, 14.674586689427043 ], [ 121.080892067954395, 14.674499788166882 ], [ 121.080802236425995, 14.674412886872206 ], [ 121.080712404897582, 14.674325985543012 ], [ 121.080622573369141, 14.674239084179309 ], [ 121.080622573369141, 14.674152182781082 ], [ 121.080532741840727, 14.674065281348344 ], [ 121.080442910312328, 14.673978379881095 ], [ 121.080353078783915, 14.673891478379323 ], [ 121.080353078783915, 14.673804576843047 ], [ 121.080263247255473, 14.673717675272254 ], [ 121.080173415727074, 14.673630773666943 ], [ 121.08008358419869, 14.673543872027123 ], [ 121.08008358419869, 14.67345697035279 ], [ 121.079993752670276, 14.673370068643939 ], [ 121.079903921141863, 14.673283166900578 ], [ 121.07981408961345, 14.6731962651227 ], [ 121.079724258085051, 14.673109363310315 ], [ 121.079724258085051, 14.673022461463418 ], [ 121.079634426556638, 14.672935559582003 ], [ 121.079544595028196, 14.672848657666082 ], [ 121.079454763499783, 14.672761755715642 ], [ 121.079364931971384, 14.672674853730694 ], [ 121.07927510044297, 14.672587951711236 ], [ 121.07927510044297, 14.67250104965726 ], [ 121.079185268914529, 14.672414147568778 ], [ 121.07909543738613, 14.672327245445791 ], [ 121.079005605857716, 14.672240343288287 ], [ 121.078915774329332, 14.672153441096269 ], [ 121.078825942800918, 14.672066538869741 ], [ 121.078736111272505, 14.671979636608704 ], [ 121.078646279744106, 14.671892734313154 ], [ 121.078556448215693, 14.6718058319831 ], [ 121.07846661668728, 14.671718929618537 ], [ 121.078376785158838, 14.671632027219454 ], [ 121.078286953630439, 14.671545124785872 ], [ 121.078197122102026, 14.671458222317781 ], [ 121.078107290573612, 14.671371319815176 ], [ 121.078017459045185, 14.671284417278066 ], [ 121.077927627516772, 14.671197514706449 ], [ 121.077837795988387, 14.671110612100318 ], [ 121.077747964459974, 14.671023709459678 ], [ 121.07765813293156, 14.670936806784534 ], [ 121.077568301403161, 14.670849904074887 ], [ 121.077478469874748, 14.670763001330721 ], [ 121.077388638346335, 14.670676098552056 ], [ 121.077298806817893, 14.670589195738874 ], [ 121.077208975289494, 14.670502292891193 ], [ 121.077119143761081, 14.670415390009001 ], [ 121.077029312232668, 14.670328487092309 ], [ 121.076939480704254, 14.670241584141104 ], [ 121.076849649175827, 14.670154681155394 ], [ 121.076759817647414, 14.670067778135172 ], [ 121.076669986119029, 14.66998087508046 ], [ 121.076580154590616, 14.66998087508046 ], [ 121.076490323062217, 14.669893971991225 ], [ 121.076400491533803, 14.669807068867499 ], [ 121.07631066000539, 14.66972016570926 ], [ 121.076220828476977, 14.669633262516507 ], [ 121.07613099694855, 14.66954635928926 ], [ 121.076041165420136, 14.669459456027516 ], [ 121.075951333891723, 14.66937255273125 ], [ 121.07586150236331, 14.66937255273125 ], [ 121.075771670834882, 14.669285649400488 ], [ 121.075681839306469, 14.669198746035219 ], [ 121.075592007778084, 14.669111842635441 ], [ 121.075502176249671, 14.669024939201172 ], [ 121.075412344721272, 14.66893803573239 ], [ 121.075322513192859, 14.66893803573239 ], [ 121.075232681664446, 14.668851132229108 ], [ 121.075142850136032, 14.668764228691323 ], [ 121.075053018607619, 14.668677325119033 ], [ 121.074963187079192, 14.668677325119033 ], [ 121.074873355550778, 14.66859042151224 ], [ 121.074783524022365, 14.66850351787094 ], [ 121.074693692493966, 14.66850351787094 ], [ 121.074603860965524, 14.668416614195143 ], [ 121.074514029437111, 14.668329710484844 ], [ 121.074424197908726, 14.668242806740034 ], [ 121.074334366380327, 14.668242806740034 ], [ 121.074244534851914, 14.668155902960732 ], [ 121.074154703323501, 14.66806899914692 ], [ 121.074064871795088, 14.667982095298614 ], [ 121.073975040266674, 14.667982095298614 ], [ 121.073885208738247, 14.667895191415804 ], [ 121.073795377209834, 14.667808287498493 ], [ 121.07370554568142, 14.667808287498493 ], [ 121.073615714153021, 14.667721383546676 ], [ 121.073525882624608, 14.66763447956037 ], [ 121.073436051096166, 14.66763447956037 ], [ 121.073346219567753, 14.667547575539551 ], [ 121.073256388039383, 14.667460671484227 ], [ 121.073166556510969, 14.667460671484227 ], [ 121.073076724982556, 14.66737376739442 ], [ 121.072986893454143, 14.6672868632701 ], [ 121.07289706192573, 14.6672868632701 ], [ 121.072807230397331, 14.667199959111286 ], [ 121.072717398868889, 14.667113054917969 ], [ 121.072627567340476, 14.667113054917969 ], [ 121.072537735812077, 14.667026150690155 ], [ 121.072447904283663, 14.666939246427843 ], [ 121.072358072755222, 14.666939246427843 ], [ 121.072268241226809, 14.666852342131026 ], [ 121.072178409698438, 14.666765437799702 ], [ 121.072088578170025, 14.666765437799702 ], [ 121.071998746641611, 14.666678533433895 ], [ 121.071908915113198, 14.666591629033585 ], [ 121.071819083584785, 14.666504724598774 ], [ 121.071729252056386, 14.666504724598774 ], [ 121.071639420527973, 14.666417820129464 ], [ 121.071549588999531, 14.666330915625654 ], [ 121.071459757471132, 14.666330915625654 ], [ 121.071369925942719, 14.666244011087349 ], [ 121.071280094414305, 14.666157106514548 ], [ 121.071190262885864, 14.666070201907251 ], [ 121.071100431357465, 14.666070201907251 ], [ 121.07101059982908, 14.665983297265452 ], [ 121.070920768300667, 14.665896392589156 ], [ 121.070830936772253, 14.665896392589156 ], [ 121.07074110524384, 14.665809487878361 ], [ 121.070651273715441, 14.665722583133073 ], [ 121.070561442187028, 14.665722583133073 ], [ 121.070471610658586, 14.665635678353281 ], [ 121.070381779130187, 14.665635678353281 ], [ 121.070291947601774, 14.665635678353281 ], [ 121.070202116073361, 14.665635678353281 ], [ 121.070112284544948, 14.665548773539003 ], [ 121.07002245301652, 14.665461868690226 ], [ 121.069932621488107, 14.665374963806945 ], [ 121.069842789959722, 14.665374963806945 ], [ 121.069752958431309, 14.66528805888918 ], [ 121.069663126902896, 14.665201153936916 ], [ 121.069573295374497, 14.66511424895015 ], [ 121.069483463846083, 14.66511424895015 ], [ 121.06939363231767, 14.665027343928898 ], [ 121.069303800789243, 14.664940438873137 ], [ 121.069213969260829, 14.664940438873137 ], [ 121.069124137732416, 14.664853533782889 ], [ 121.069034306204003, 14.664766628658141 ], [ 121.068944474675575, 14.664766628658141 ], [ 121.068854643147162, 14.664679723498912 ], [ 121.068764811618777, 14.664592818305175 ], [ 121.068674980090364, 14.664592818305175 ], [ 121.068585148561951, 14.664505913076951 ], [ 121.068495317033552, 14.664419007814228 ], [ 121.068405485505139, 14.664332102517019 ], [ 121.068315653976725, 14.664332102517019 ], [ 121.068225822448312, 14.664245197185311 ], [ 121.068135990919885, 14.66415829181911 ], [ 121.068046159391471, 14.66415829181911 ], [ 121.067956327863058, 14.664071386418406 ], [ 121.067866496334659, 14.663984480983224 ], [ 121.067776664806217, 14.663897575513543 ], [ 121.067686833277804, 14.663810670009367 ], [ 121.067597001749419, 14.663810670009367 ], [ 121.067507170221006, 14.663723764470699 ], [ 121.067417338692607, 14.66363685889754 ], [ 121.067327507164194, 14.66363685889754 ], [ 121.067237675635781, 14.663549953289889 ], [ 121.067147844107367, 14.663463047647745 ], [ 121.06705801257894, 14.663463047647745 ], [ 121.066968181050527, 14.66337614197111 ], [ 121.066878349522113, 14.663289236259983 ], [ 121.066788517993714, 14.663289236259983 ], [ 121.066698686465273, 14.663202330514366 ], [ 121.06660885493686, 14.663115424734254 ], [ 121.066519023408446, 14.663028518919651 ], [ 121.066429191880061, 14.662941613070561 ], [ 121.066339360351662, 14.66285470718698 ], [ 121.066249528823249, 14.66285470718698 ], [ 121.066159697294836, 14.662767801268901 ], [ 121.066069865766423, 14.662680895316344 ], [ 121.065980034238024, 14.662680895316344 ], [ 121.065890202709582, 14.66259398932929 ], [ 121.065800371181169, 14.662507083307741 ], [ 121.06571053965277, 14.662507083307741 ], [ 121.065620708124356, 14.662420177251715 ], [ 121.065530876595915, 14.662333271161184 ], [ 121.065441045067502, 14.662333271161184 ], [ 121.065351213539117, 14.662246365036175 ], [ 121.065261382010718, 14.662159458876674 ], [ 121.065171550482304, 14.662072552682675 ], [ 121.065081718953891, 14.662072552682675 ], [ 121.064991887425478, 14.661985646454193 ], [ 121.064902055897079, 14.661898740191232 ], [ 121.064812224368637, 14.661898740191232 ], [ 121.064722392840224, 14.661898740191232 ], [ 121.064632561311825, 14.661811833893772 ], [ 121.064542729783412, 14.661724927561833 ], [ 121.064452898254999, 14.661638021195396 ], [ 121.064363066726557, 14.661551114794477 ], [ 121.064273235198158, 14.661464208359064 ], [ 121.064183403669773, 14.661464208359064 ], [ 121.06409357214136, 14.661377301889164 ], [ 121.064003740612947, 14.66129039538478 ], [ 121.063913909084533, 14.66129039538478 ], [ 121.063824077556134, 14.66120348884591 ], [ 121.063734246027721, 14.661116582272548 ], [ 121.063644414499279, 14.661116582272548 ], [ 121.06355458297088, 14.661029675664699 ], [ 121.063464751442467, 14.660942769022373 ], [ 121.063374919914054, 14.660855862345553 ], [ 121.063285088385612, 14.660855862345553 ], [ 121.063195256857213, 14.660768955634254 ], [ 121.063105425328828, 14.660682048888455 ], [ 121.063015593800415, 14.660682048888455 ], [ 121.062925762272002, 14.660595142108178 ], [ 121.062835930743589, 14.660508235293419 ], [ 121.06274609921519, 14.660508235293419 ], [ 121.062656267686776, 14.660421328444167 ], [ 121.062566436158363, 14.660334421560435 ], [ 121.062476604629936, 14.660247514642217 ], [ 121.062386773101522, 14.660247514642217 ], [ 121.062296941573109, 14.660160607689507 ], [ 121.062207110044696, 14.660073700702325 ], [ 121.062117278516268, 14.660073700702325 ], [ 121.062027446987855, 14.659986793680655 ], [ 121.06193761545947, 14.659899886624491 ], [ 121.061847783931057, 14.659899886624491 ], [ 121.061757952402644, 14.659812979533852 ], [ 121.061668120874245, 14.659726072408727 ], [ 121.061578289345832, 14.659639165249114 ], [ 121.061488457817418, 14.659639165249114 ], [ 121.061398626288991, 14.659552258055015 ], [ 121.061308794760578, 14.659552258055015 ], [ 121.061218963232164, 14.659465350826441 ], [ 121.061129131703751, 14.659378443563382 ], [ 121.061039300175338, 14.659378443563382 ], [ 121.060949468646911, 14.65929153626584 ], [ 121.060859637118497, 14.659204628933816 ], [ 121.060769805590112, 14.659204628933816 ], [ 121.060679974061699, 14.659117721567306 ], [ 121.0605901425333, 14.659030814166311 ], [ 121.060500311004887, 14.659030814166311 ], [ 121.060410479476474, 14.65894390673084 ], [ 121.06032064794806, 14.658856999260884 ], [ 121.060230816419633, 14.658856999260884 ], [ 121.06014098489122, 14.658770091756448 ], [ 121.060051153362807, 14.658683184217521 ], [ 121.059961321834393, 14.658683184217521 ], [ 121.059871490305966, 14.658596276644124 ], [ 121.059781658777553, 14.658509369036228 ], [ 121.059691827249168, 14.658509369036228 ], [ 121.059601995720755, 14.658422461393871 ], [ 121.059512164192355, 14.658335553717027 ], [ 121.059422332663942, 14.658248646005703 ], [ 121.059332501135529, 14.658248646005703 ], [ 121.059242669607116, 14.658161738259896 ], [ 121.059152838078717, 14.658161738259896 ], [ 121.059063006550275, 14.658074830479608 ], [ 121.058973175021862, 14.657987922664839 ], [ 121.058883343493449, 14.657901014815589 ], [ 121.05879351196505, 14.657901014815589 ], [ 121.058703680436608, 14.657814106931857 ], [ 121.058613848908195, 14.657814106931857 ], [ 121.05852401737981, 14.657727199013653 ], [ 121.058434185851411, 14.657640291060966 ], [ 121.058344354322998, 14.657553383073795 ], [ 121.058254522794584, 14.657553383073795 ], [ 121.058164691266171, 14.657466475052153 ], [ 121.058074859737772, 14.657379566996026 ], [ 121.05798502820933, 14.657379566996026 ], [ 121.057895196680917, 14.657292658905424 ], [ 121.057805365152504, 14.657205750780339 ], [ 121.057715533624105, 14.657205750780339 ], [ 121.057625702095692, 14.657118842620781 ], [ 121.05753587056725, 14.657031934426739 ], [ 121.057446039038851, 14.657031934426739 ], [ 121.057356207510466, 14.656945026198226 ], [ 121.057266375982053, 14.656858117935226 ], [ 121.05717654445364, 14.656858117935226 ], [ 121.057086712925226, 14.656771209637753 ], [ 121.056996881396827, 14.656684301305805 ], [ 121.056907049868414, 14.656684301305805 ], [ 121.056817218339972, 14.656597392939375 ], [ 121.056727386811559, 14.656510484538472 ], [ 121.05663755528316, 14.656510484538472 ], [ 121.056547723754747, 14.656423576103091 ], [ 121.056457892226305, 14.65633666763323 ], [ 121.056368060697906, 14.656249759128896 ], [ 121.056278229169521, 14.656249759128896 ], [ 121.056188397641108, 14.65616285059008 ], [ 121.056098566112695, 14.65616285059008 ], [ 121.056008734584282, 14.656075942016797 ], [ 121.055918903055883, 14.655989033409032 ], [ 121.055829071527469, 14.655902124766785 ], [ 121.055739239999028, 14.655815216090071 ], [ 121.055649408470615, 14.655728307378881 ], [ 121.055559576942215, 14.655641398633218 ], [ 121.055469745413802, 14.655554489853081 ], [ 121.055379913885389, 14.655467581038465 ], [ 121.055290082356962, 14.655380672189366 ], [ 121.055200250828548, 14.655293763305801 ], [ 121.055110419300163, 14.655206854387758 ], [ 121.05502058777175, 14.655119945435246 ], [ 121.054930756243337, 14.655033036448261 ] ] } }
]
}
