{
"type": "FeatureCollection",
"name": "fw_dijkstra_roads",
"crs": { "type": "name", "properties": { "name": "urn:ogc:def:crs:OGC:1.3:CRS84" } },
"features": [
{ "type": "Feature", "properties": { "u": 247717923, "v": 250545941, "key": 0, "osmid": "119004839", "highway": "primary", "lanes": "4", "maxspeed": "60", "name": "Mindanao Avenue", "oneway": true, "reversed": "False", "length": 169.81246224646651, "ref": "128", "width": null, "bridge": null, "tunnel": null, "junction": null, "access": null }, "geometry": { "type": "LineString", "coordinates": [ [ 121.0311628, 14.6879598 ], [ 121.030995300000015, 14.6881537 ], [ 121.030767599999976, 14.688384 ], [ 121.03052289999998, 14.6885972 ], [ 121.030262400000012, 14.6887922 ], [ 121.0299877, 14.688968 ] ] } },
{ "type": "Feature", "properties": { "u": 250545941, "v": 597009224, "key": 0, "osmid": "119004839", "highway": "primary", "lanes": "4", "maxspeed": "60", "name": "Mindanao Avenue", "oneway": true, "reversed": "False", "length": 31.546639552060796, "ref": "128", "width": null, "bridge": null, "tunnel": null, "junction": null, "access": null }, "geometry": { "type": "LineString", "coordinates": [ [ 121.0299877, 14.688968 ], [ 121.029861199999985, 14.6890397 ], [ 121.029732299999978, 14.6891074 ] ] } },
{ "type": "Feature", "properties": { "u": 9788850216, "v": 8740101846, "key": 0, "osmid": "1304910500", "highway": "primary", "lanes": "4", "maxspeed": null, "name": "Quirino Highway", "oneway": false, "reversed": "False", "length": 13.095074103662965, "ref": "127", "width": null, "bridge": null, "tunnel": null, "junction": null, "access": null }, "geometry": { "type": "LineString", "coordinates": [ [ 121.016199699999973, 14.676933 ], [ 121.016277099999982, 14.6770239 ] ] } },
{ "type": "Feature", "properties": { "u": 9788850216, "v": 311733953, "key": 0, "osmid": "1304910500", "highway": "primary", "lanes": "4", "maxspeed": null, "name": "Quirino Highway", "oneway": false, "reversed": "True", "length": 193.71328075000005, "ref": "127", "width": null, "bridge": null, "tunnel": null, "junction": null, "access": null }, "geometry": { "type": "LineString", "coordinates": [ [ 121.016199699999973, 14.676933 ], [ 121.01550060000001, 14.6761026 ], [ 121.0154408, 14.6760274 ], [ 121.0152592, 14.6757958 ], [ 121.015147499999983, 14.6756493 ], [ 121.0150803, 14.6755687 ] ] } },
{ "type": "Feature", "properties": { "u": 8740101846, "v": 9788850216, "key": 0, "osmid": "1304910500", "highway": "primary", "lanes": "4", "maxspeed": null, "name": "Quirino Highway", "oneway": false, "reversed": "True", "length": 13.095074103662965, "ref": "127", "width": null, "bridge": null, "tunnel": null, "junction": null, "access": null }, "geometry": { "type": "LineString", "coordinates": [ [ 121.016277099999982, 14.6770239 ], [ 121.016199699999973, 14.676933 ] ] } },
{ "type": "Feature", "properties": { "u": 8740101846, "v": 612918165, "key": 0, "osmid": [ 1304910500, 129814575 ], "highway": "primary", "lanes": "4", "maxspeed": null, "name": "Quirino Highway", "oneway": false, "reversed": "False", "length": 149.90941107364637, "ref": "127", "width": null, "bridge": null, "tunnel": null, "junction": null, "access": null }, "geometry": { "type": "LineString", "coordinates": [ [ 121.016277099999982, 14.6770239 ], [ 121.0163531, 14.6771053 ], [ 121.016384399999978, 14.6771406 ], [ 121.016450100000014, 14.6772219 ], [ 121.0166909, 14.6774761 ], [ 121.0167521, 14.6775458 ], [ 121.016944099999975, 14.6777645 ], [ 121.017066, 14.6779029 ], [ 121.0171886, 14.6780433 ] ] } },
{ "type": "Feature", "properties": { "u": 311733953, "v": 9788850216, "key": 0, "osmid": "1304910500", "highway": "primary", "lanes": "4", "maxspeed": null, "name": "Quirino Highway", "oneway": false, "reversed": "False", "length": 193.71328075000008, "ref": "127", "width": null, "bridge": null, "tunnel": null, "junction": null, "access": null }, "geometry": { "type": "LineString", "coordinates": [ [ 121.0150803, 14.6755687 ], [ 121.015147499999983, 14.6756493 ], [ 121.0152592, 14.6757958 ], [ 121.0154408, 14.6760274 ], [ 121.01550060000001, 14.6761026 ], [ 121.016199699999973, 14.676933 ] ] } },
{ "type": "Feature", "properties": { "u": 311733953, "v": 12085967694, "key": 0, "osmid": "1304910500", "highway": "primary", "lanes": "4", "maxspeed": null, "name": "Quirino Highway", "oneway": false, "reversed": "True", "length": 33.151369797166929, "ref": "127", "width": null, "bridge": null, "tunnel": null, "junction": null, "access": null }, "geometry": { "type": "LineString", "coordinates": [ [ 121.0150803, 14.6755687 ], [ 121.015022, 14.6754977 ], [ 121.01489789999998, 14.6753285 ] ] } },
{ "type": "Feature", "properties": { "u": 2323816496, "v": 9765343237, "key": 0, "osmid": "129814578", "highway": "secondary", "lanes": "2", "maxspeed": "40", "name": "Tandang Sora Avenue", "oneway": false, "reversed": "False", "length": 7.1276090061694539, "ref": null, "width": null, "bridge": null, "tunnel": null, "junction": null, "access": null }, "geometry": { "type": "LineString", "coordinates": [ [ 121.022924299999985, 14.6795114 ], [ 121.022858399999976, 14.6795181 ] ] } },
{ "type": "Feature", "properties": { "u": 2323816496, "v": 9765274695, "key": 0, "osmid": "129814578", "highway": "secondary", "lanes": "2", "maxspeed": "40", "name": "Tandang Sora Avenue", "oneway": false, "reversed": "True", "length": 54.78707423008516, "ref": null, "width": null, "bridge": null, "tunnel": null, "junction": null, "access": null }, "geometry": { "type": "LineString", "coordinates": [ [ 121.022924299999985, 14.6795114 ], [ 121.0232108, 14.6794793 ], [ 121.02338730000001, 14.6794574 ], [ 121.02343, 14.6794527 ] ] } },
{ "type": "Feature", "properties": { "u": 9765343237, "v": 2323816496, "key": 0, "osmid": "129814578", "highway": "secondary", "lanes": "2", "maxspeed": "40", "name": "Tandang Sora Avenue", "oneway": false, "reversed": "True", "length": 7.1276090061694539, "ref": null, "width": null, "bridge": null, "tunnel": null, "junction": null, "access": null }, "geometry": { "type": "LineString", "coordinates": [ [ 121.022858399999976, 14.6795181 ], [ 121.022924299999985, 14.6795114 ] ] } },
{ "type": "Feature", "properties": { "u": 9765343237, "v": 250541951, "key": 0, "osmid": "129814578", "highway": "secondary", "lanes": "2", "maxspeed": "40", "name": "Tandang Sora Avenue", "oneway": false, "reversed": "False", "length": 48.461107450033111, "ref": null, "width": null, "bridge": null, "tunnel": null, "junction": null, "access": null }, "geometry": { "type": "LineString", "coordinates": [ [ 121.022858399999976, 14.6795181 ], [ 121.0225578, 14.6795429 ], [ 121.022409499999981, 14.6795551 ] ] } },
{ "type": "Feature", "properties": { "u": 9765274695, "v": 1180306206, "key": 0, "osmid": "129814578", "highway": "secondary", "lanes": "2", "maxspeed": "40", "name": "Tandang Sora Avenue", "oneway": false, "reversed": "True", "length": 5.5186614566794088, "ref": null, "width": null, "bridge": null, "tunnel": null, "junction": null, "access": null }, "geometry": { "type": "LineString", "coordinates": [ [ 121.02343, 14.6794527 ], [ 121.023480600000013, 14.6794445 ] ] } },
{ "type": "Feature", "properties": { "u": 9765274695, "v": 2323816496, "key": 0, "osmid": "129814578", "highway": "secondary", "lanes": "2", "maxspeed": "40", "name": "Tandang Sora Avenue", "oneway": false, "reversed": "False", "length": 54.787074230085153, "ref": null, "width": null, "bridge": null, "tunnel": null, "junction": null, "access": null }, "geometry": { "type": "LineString", "coordinates": [ [ 121.02343, 14.6794527 ], [ 121.02338730000001, 14.6794574 ], [ 121.0232108, 14.6794793 ], [ 121.022924299999985, 14.6795114 ] ] } },
{ "type": "Feature", "properties": { "u": 247717937, "v": 32425204, "key": 0, "osmid": "4928675", "highway": "secondary", "lanes": "2", "maxspeed": "40", "name": "Tandang Sora Avenue", "oneway": false, "reversed": "True", "length": 43.561727178664668, "ref": null, "width": null, "bridge": null, "tunnel": null, "junction": null, "access": null }, "geometry": { "type": "LineString", "coordinates": [ [ 121.0321992, 14.6770434 ], [ 121.0324335, 14.676934 ], [ 121.0325645, 14.6768743 ] ] } },
{ "type": "Feature", "properties": { "u": 247717937, "v": 250543957, "key": 0, "osmid": "834542161", "highway": "primary", "lanes": "4", "maxspeed": "60", "name": "Mindanao Avenue", "oneway": true, "reversed": "False", "length": 68.595873968826254, "ref": "128", "width": null, "bridge": null, "tunnel": null, "junction": null, "access": null }, "geometry": { "type": "LineString", "coordinates": [ [ 121.0321992, 14.6770434 ], [ 121.03219510000001, 14.6771987 ], [ 121.032183099999983, 14.6776601 ] ] } },
{ "type": "Feature", "properties": { "u": 32425204, "v": 247717937, "key": 0, "osmid": "4928675", "highway": "secondary", "lanes": "2", "maxspeed": "40", "name": "Tandang Sora Avenue", "oneway": false, "reversed": "False", "length": 43.561727178664668, "ref": null, "width": null, "bridge": null, "tunnel": null, "junction": null, "access": null }, "geometry": { "type": "LineString", "coordinates": [ [ 121.0325645, 14.6768743 ], [ 121.0324335, 14.676934 ], [ 121.0321992, 14.6770434 ] ] } },
{ "type": "Feature", "properties": { "u": 32425204, "v": 250544196, "key": 0, "osmid": "4928675", "highway": "secondary", "lanes": "2", "maxspeed": "40", "name": "Tandang Sora Avenue", "oneway": false, "reversed": "True", "length": 186.87884055844017, "ref": null, "width": null, "bridge": null, "tunnel": null, "junction": null, "access": null }, "geometry": { "type": "LineString", "coordinates": [ [ 121.0325645, 14.6768743 ], [ 121.03262890000002, 14.6768506 ], [ 121.0327383, 14.6768213 ], [ 121.0329111, 14.6767982 ], [ 121.033018799999979, 14.6767924 ], [ 121.0332994, 14.6767781 ], [ 121.033544300000017, 14.6767703 ], [ 121.033804700000019, 14.6767621 ], [ 121.034290500000012, 14.6767473 ] ] } },
{ "type": "Feature", "properties": { "u": 250543957, "v": 250544538, "key": 0, "osmid": "834542161", "highway": "primary", "lanes": "4", "maxspeed": "60", "name": "Mindanao Avenue", "oneway": true, "reversed": "False", "length": 174.12037292784231, "ref": "128", "width": null, "bridge": null, "tunnel": null, "junction": null, "access": null }, "geometry": { "type": "LineString", "coordinates": [ [ 121.032183099999983, 14.6776601 ], [ 121.0321786, 14.6778319 ], [ 121.032154199999965, 14.6787651 ], [ 121.0321422, 14.6792255 ] ] } },
{ "type": "Feature", "properties": { "u": 251109441, "v": 250546021, "key": 0, "osmid": "1238810735", "highway": "secondary", "lanes": "2", "maxspeed": "40", "name": "Tandang Sora Avenue", "oneway": false, "reversed": "False", "length": 43.570178043627273, "ref": null, "width": "6.7", "bridge": null, "tunnel": null, "junction": null, "access": null }, "geometry": { "type": "LineString", "coordinates": [ [ 121.041923499999982, 14.6765084 ], [ 121.041529399999988, 14.6765989 ] ] } },
{ "type": "Feature", "properties": { "u": 251109441, "v": 9974332704, "key": 0, "osmid": "1238810735", "highway": "secondary", "lanes": "2", "maxspeed": "40", "name": "Tandang Sora Avenue", "oneway": false, "reversed": "True", "length": 2.7740121444203916, "ref": null, "width": "6.7", "bridge": null, "tunnel": null, "junction": null, "access": null }, "geometry": { "type": "LineString", "coordinates": [ [ 121.041923499999982, 14.6765084 ], [ 121.0419487, 14.6765031 ] ] } },
{ "type": "Feature", "properties": { "u": 250546021, "v": 251109441, "key": 0, "osmid": "1238810735", "highway": "secondary", "lanes": "2", "maxspeed": "40", "name": "Tandang Sora Avenue", "oneway": false, "reversed": "True", "length": 43.570178043627273, "ref": null, "width": "6.7", "bridge": null, "tunnel": null, "junction": null, "access": null }, "geometry": { "type": "LineString", "coordinates": [ [ 121.041529399999988, 14.6765989 ], [ 121.041923499999982, 14.6765084 ] ] } },
{ "type": "Feature", "properties": { "u": 250546021, "v": 251109473, "key": 0, "osmid": "1238810735", "highway": "secondary", "lanes": "2", "maxspeed": "40", "name": "Tandang Sora Avenue", "oneway": false, "reversed": "False", "length": 81.144127289079449, "ref": null, "width": "6.7", "bridge": null, "tunnel": null, "junction": null, "access": null }, "geometry": { "type": "LineString", "coordinates": [ [ 121.041529399999988, 14.6765989 ], [ 121.0411638, 14.6766767 ], [ 121.0408575, 14.6767405 ], [ 121.0407923, 14.6767541 ] ] } },
{ "type": "Feature", "properties": { "u": 9974332704, "v": 251109441, "key": 0, "osmid": "1238810735", "highway": "secondary", "lanes": "2", "maxspeed": "40", "name": "Tandang Sora Avenue", "oneway": false, "reversed": "False", "length": 2.7740121444203916, "ref": null, "width": "6.7", "bridge": null, "tunnel": null, "junction": null, "access": null }, "geometry": { "type": "LineString", "coordinates": [ [ 121.0419487, 14.6765031 ], [ 121.041923499999982, 14.6765084 ] ] } },
{ "type": "Feature", "properties": { "u": 9974332704, "v": 2461178663, "key": 0, "osmid": "1238810735", "highway": "secondary", "lanes": "2", "maxspeed": "40", "name": "Tandang Sora Avenue", "oneway": false, "reversed": "True", "length": 7.1776024529528204, "ref": null, "width": "6.7", "bridge": null, "tunnel": null, "junction": null, "access": null }, "geometry": { "type": "LineString", "coordinates": [ [ 121.0419487, 14.6765031 ], [ 121.042013499999982, 14.6764877 ] ] } },
{ "type": "Feature", "properties": { "u": 250544196, "v": 32425204, "key": 0, "osmid": "4928675", "highway": "secondary", "lanes": "2", "maxspeed": "40", "name": "Tandang Sora Avenue", "oneway": false, "reversed": "False", "length": 186.87884055844017, "ref": null, "width": null, "bridge": null, "tunnel": null, "junction": null, "access": null }, "geometry": { "type": "LineString", "coordinates": [ [ 121.034290500000012, 14.6767473 ], [ 121.033804700000019, 14.6767621 ], [ 121.033544300000017, 14.6767703 ], [ 121.0332994, 14.6767781 ], [ 121.033018799999979, 14.6767924 ], [ 121.0329111, 14.6767982 ], [ 121.0327383, 14.6768213 ], [ 121.03262890000002, 14.6768506 ], [ 121.0325645, 14.6768743 ] ] } },
{ "type": "Feature", "properties": { "u": 250544196, "v": 219963934, "key": 0, "osmid": "4928675", "highway": "secondary", "lanes": "2", "maxspeed": "40", "name": "Tandang Sora Avenue", "oneway": false, "reversed": "True", "length": 58.381132764139885, "ref": null, "width": null, "bridge": null, "tunnel": null, "junction": null, "access": null }, "geometry": { "type": "LineString", "coordinates": [ [ 121.034290500000012, 14.6767473 ], [ 121.034679, 14.6767361 ], [ 121.034833, 14.6767316 ] ] } },
{ "type": "Feature", "properties": { "u": 219963934, "v": 250547036, "key": 0, "osmid": "4928675", "highway": "secondary", "lanes": "2", "maxspeed": "40", "name": "Tandang Sora Avenue", "oneway": false, "reversed": "True", "length": 32.892008445699211, "ref": null, "width": null, "bridge": null, "tunnel": null, "junction": null, "access": null }, "geometry": { "type": "LineString", "coordinates": [ [ 121.034833, 14.6767316 ], [ 121.0351385, 14.6767189 ] ] } },
{ "type": "Feature", "properties": { "u": 219963934, "v": 250544196, "key": 0, "osmid": "4928675", "highway": "secondary", "lanes": "2", "maxspeed": "40", "name": "Tandang Sora Avenue", "oneway": false, "reversed": "False", "length": 58.381132764139885, "ref": null, "width": null, "bridge": null, "tunnel": null, "junction": null, "access": null }, "geometry": { "type": "LineString", "coordinates": [ [ 121.034833, 14.6767316 ], [ 121.034679, 14.6767361 ], [ 121.034290500000012, 14.6767473 ] ] } },
{ "type": "Feature", "properties": { "u": 251109473, "v": 32425195, "key": 0, "osmid": [ 4928675, 1238810735 ], "highway": "secondary", "lanes": "2", "maxspeed": "40", "name": "Tandang Sora Avenue", "oneway": false, "reversed": "False", "length": 204.95477040364102, "ref": null, "width": "6.7", "bridge": null, "tunnel": null, "junction": null, "access": null }, "geometry": { "type": "LineString", "coordinates": [ [ 121.0407923, 14.6767541 ], [ 121.0406437, 14.6767843 ], [ 121.0404901, 14.6768113 ], [ 121.0403648, 14.676833 ], [ 121.040243399999966, 14.6768513 ], [ 121.040175099999985, 14.6768615 ], [ 121.0401114, 14.6768698 ], [ 121.040062499999976, 14.6768762 ], [ 121.0399163, 14.6768837 ], [ 121.0398525, 14.6768847 ], [ 121.0398128, 14.6768853 ], [ 121.039732, 14.6768851 ], [ 121.039618300000015, 14.6768739 ], [ 121.039445, 14.6768509 ], [ 121.039290899999969, 14.6768217 ], [ 121.0391001, 14.6767781 ], [ 121.038972699999974, 14.6767472 ], [ 121.038914700000021, 14.6767317 ] ] } },
{ "type": "Feature", "properties": { "u": 251109473, "v": 250546021, "key": 0, "osmid": "1238810735", "highway": "secondary", "lanes": "2", "maxspeed": "40", "name": "Tandang Sora Avenue", "oneway": false, "reversed": "True", "length": 81.144127289079449, "ref": null, "width": "6.7", "bridge": null, "tunnel": null, "junction": null, "access": null }, "geometry": { "type": "LineString", "coordinates": [ [ 121.0407923, 14.6767541 ], [ 121.0408575, 14.6767405 ], [ 121.0411638, 14.6766767 ], [ 121.041529399999988, 14.6765989 ] ] } },
{ "type": "Feature", "properties": { "u": 32425195, "v": 219984127, "key": 0, "osmid": "4928675", "highway": "secondary", "lanes": "2", "maxspeed": "40", "name": "Tandang Sora Avenue", "oneway": false, "reversed": "False", "length": 41.21783073286133, "ref": null, "width": null, "bridge": null, "tunnel": null, "junction": null, "access": null }, "geometry": { "type": "LineString", "coordinates": [ [ 121.038914700000021, 14.6767317 ], [ 121.0388384, 14.6767117 ], [ 121.0385462, 14.6766301 ] ] } },
{ "type": "Feature", "properties": { "u": 32425195, "v": 251109473, "key": 0, "osmid": [ 4928675, 1238810735 ], "highway": "secondary", "lanes": "2", "maxspeed": "40", "name": "Tandang Sora Avenue", "oneway": false, "reversed": "True", "length": 204.95477040364099, "ref": null, "width": "6.7", "bridge": null, "tunnel": null, "junction": null, "access": null }, "geometry": { "type": "LineString", "coordinates": [ [ 121.038914700000021, 14.6767317 ], [ 121.038972699999974, 14.6767472 ], [ 121.0391001, 14.6767781 ], [ 121.039290899999969, 14.6768217 ], [ 121.039445, 14.6768509 ], [ 121.039618300000015, 14.6768739 ], [ 121.039732, 14.6768851 ], [ 121.0398128, 14.6768853 ], [ 121.0398525, 14.6768847 ], [ 121.0399163, 14.6768837 ], [ 121.040062499999976, 14.6768762 ], [ 121.0401114, 14.6768698 ], [ 121.040175099999985, 14.6768615 ], [ 121.040243399999966, 14.6768513 ], [ 121.0403648, 14.676833 ], [ 121.0404901, 14.6768113 ], [ 121.0406437, 14.6767843 ], [ 121.0407923, 14.6767541 ] ] } },
{ "type": "Feature", "properties": { "u": 5432844416, "v": 21834569, "key": 0, "osmid": "1040177953", "highway": "primary", "lanes": "8", "maxspeed": "60", "name": "Elliptical Road", "oneway": true, "reversed": "False", "length": 33.627076631795859, "ref": "170;173;174", "width": null, "bridge": null, "tunnel": null, "junction": null, "access": null }, "geometry": { "type": "LineString", "coordinates": [ [ 121.0475085, 14.6496201 ], [ 121.0476279, 14.6495012 ], [ 121.0477284, 14.6494052 ] ] } },
{ "type": "Feature", "properties": { "u": 21834569, "v": 5404836122, "key": 0, "osmid": "85238985", "highway": "primary", "lanes": "8", "maxspeed": "60", "name": "Elliptical Road", "oneway": true, "reversed": "False", "length": 58.970617158191246, "ref": "170;173;174", "width": null, "bridge": null, "tunnel": null, "junction": null, "access": null }, "geometry": { "type": "LineString", "coordinates": [ [ 121.0477284, 14.6494052 ], [ 121.0477422, 14.6493935 ], [ 121.0478866, 14.6492719 ], [ 121.0480511, 14.6491459 ], [ 121.0481509, 14.6490675 ] ] } },
{ "type": "Feature", "properties": { "u": 8314429600, "v": 1333677504, "key": 0, "osmid": "420340721", "highway": "secondary", "lanes": "2", "maxspeed": "40", "name": "Susano Road", "oneway": false, "reversed": "False", "length": 62.712407281940571, "ref": null, "width": null, "bridge": null, "tunnel": null, "junction": null, "access": null }, "geometry": { "type": "LineString", "coordinates": [ [ 121.0387402, 14.7261039 ], [ 121.03871580000002, 14.7262077 ], [ 121.038670200000013, 14.7263429 ], [ 121.038622599999982, 14.7264791 ], [ 121.038558600000016, 14.7266391 ] ] } },
{ "type": "Feature", "properties": { "u": 8314429600, "v": 260740642, "key": 0, "osmid": "420340721", "highway": "secondary", "lanes": "2", "maxspeed": "40", "name": "Susano Road", "oneway": false, "reversed": "True", "length": 92.070297640442703, "ref": null, "width": null, "bridge": null, "tunnel": null, "junction": null, "access": null }, "geometry": { "type": "LineString", "coordinates": [ [ 121.0387402, 14.7261039 ], [ 121.038748699999971, 14.7260679 ], [ 121.0388339, 14.7256493 ], [ 121.038906600000018, 14.7252917 ] ] } },
{ "type": "Feature", "properties": { "u": 1333677504, "v": 5633396043, "key": 0, "osmid": "1160607519", "highway": "secondary", "lanes": "2", "maxspeed": "40", "name": "Susano Road", "oneway": false, "reversed": "False", "length": 31.940375428699593, "ref": null, "width": null, "bridge": null, "tunnel": null, "junction": null, "access": null }, "geometry": { "type": "LineString", "coordinates": [ [ 121.038558600000016, 14.7266391 ], [ 121.038415299999969, 14.7268907 ] ] } },
{ "type": "Feature", "properties": { "u": 1333677504, "v": 8314429600, "key": 0, "osmid": "420340721", "highway": "secondary", "lanes": "2", "maxspeed": "40", "name": "Susano Road", "oneway": false, "reversed": "True", "length": 62.712407281940564, "ref": null, "width": null, "bridge": null, "tunnel": null, "junction": null, "access": null }, "geometry": { "type": "LineString", "coordinates": [ [ 121.038558600000016, 14.7266391 ], [ 121.038622599999982, 14.7264791 ], [ 121.038670200000013, 14.7263429 ], [ 121.03871580000002, 14.7262077 ], [ 121.0387402, 14.7261039 ] ] } },
{ "type": "Feature", "properties": { "u": 260740642, "v": 5634814422, "key": 0, "osmid": "26599298", "highway": "secondary", "lanes": "2", "maxspeed": "40", "name": "Susano Road", "oneway": false, "reversed": "True", "length": 389.10620240377227, "ref": null, "width": null, "bridge": null, "tunnel": null, "junction": null, "access": null }, "geometry": { "type": "LineString", "coordinates": [ [ 121.038906600000018, 14.7252917 ], [ 121.0390202, 14.7247531 ], [ 121.0391577, 14.7240539 ], [ 121.039277299999981, 14.7232823 ], [ 121.039383700000016, 14.7226661 ], [ 121.039509499999966, 14.7219702 ], [ 121.0395294, 14.7218452 ] ] } },
{ "type": "Feature", "properties": { "u": 260740642, "v": 8314429600, "key": 0, "osmid": "420340721", "highway": "secondary", "lanes": "2", "maxspeed": "40", "name": "Susano Road", "oneway": false, "reversed": "False", "length": 92.070297640442718, "ref": null, "width": null, "bridge": null, "tunnel": null, "junction": null, "access": null }, "geometry": { "type": "LineString", "coordinates": [ [ 121.038906600000018, 14.7252917 ], [ 121.0388339, 14.7256493 ], [ 121.038748699999971, 14.7260679 ], [ 121.0387402, 14.7261039 ] ] } },
{ "type": "Feature", "properties": { "u": 452853934, "v": 219962082, "key": 0, "osmid": "834542177", "highway": "primary", "lanes": "4", "maxspeed": "60", "name": "Mindanao Avenue", "oneway": true, "reversed": "False", "length": 145.75234149231665, "ref": "128", "width": null, "bridge": null, "tunnel": null, "junction": null, "access": null }, "geometry": { "type": "LineString", "coordinates": [ [ 121.032544900000019, 14.6703309 ], [ 121.032471700000016, 14.67061 ], [ 121.0324152, 14.6708927 ], [ 121.032367599999986, 14.6712572 ], [ 121.0323477, 14.6716242 ] ] } },
{ "type": "Feature", "properties": { "u": 219962082, "v": 247717937, "key": 0, "osmid": [ 369688330, 1112806243, 934030022, 1351044014 ], "highway": "primary", "lanes": "4", "maxspeed": "30", "name": "Mindanao Avenue", "oneway": true, "reversed": "False", "length": 603.76389320887097, "ref": "128", "width": null, "bridge": null, "tunnel": null, "junction": null, "access": null }, "geometry": { "type": "LineString", "coordinates": [ [ 121.0323477, 14.6716242 ], [ 121.032328399999969, 14.6724394 ], [ 121.0323876, 14.672819 ], [ 121.0323222, 14.6746942 ], [ 121.032304699999983, 14.6751775 ], [ 121.0323026, 14.6753171 ], [ 121.032292, 14.6757023 ], [ 121.032288, 14.6758122 ], [ 121.032283, 14.6759819 ], [ 121.032280900000018, 14.6761057 ], [ 121.0322725, 14.676461 ], [ 121.0321992, 14.6770434 ] ] } },
{ "type": "Feature", "properties": { "u": 452853932, "v": 452847232, "key": 0, "osmid": "33192048", "highway": "primary", "lanes": "4", "maxspeed": "60", "name": "Mindanao Avenue", "oneway": true, "reversed": "False", "length": 278.94644288659651, "ref": "128", "width": null, "bridge": null, "tunnel": null, "junction": null, "access": null }, "geometry": { "type": "LineString", "coordinates": [ [ 121.03238, 14.6702898 ], [ 121.032476200000019, 14.6699959 ], [ 121.0325901, 14.6697079 ], [ 121.03272130000002, 14.6694269 ], [ 121.0328692, 14.6691538 ], [ 121.0329366, 14.669041 ], [ 121.033006900000018, 14.6689299 ], [ 121.0331362, 14.6687404 ], [ 121.033273799999975, 14.6685564 ], [ 121.0334195, 14.6683784 ], [ 121.033572899999982, 14.6682066 ], [ 121.033647599999981, 14.6681283 ] ] } },
{ "type": "Feature", "properties": { "u": 452847232, "v": 1676080626, "key": 0, "osmid": "805866549", "highway": "primary", "lanes": "4", "maxspeed": "60", "name": "Mindanao Avenue", "oneway": true, "reversed": "False", "length": 32.697347414183767, "ref": "128", "width": null, "bridge": null, "tunnel": null, "junction": null, "access": null }, "geometry": { "type": "LineString", "coordinates": [ [ 121.033647599999981, 14.6681283 ], [ 121.033844399999978, 14.6679042 ] ] } },
{ "type": "Feature", "properties": { "u": 5284282552, "v": 35456915, "key": 0, "osmid": [ 877734554, 38342026, 45179919 ], "highway": "secondary", "lanes": "3", "maxspeed": null, "name": "Congressional Avenue", "oneway": true, "reversed": "False", "length": 155.17197703997817, "ref": "129", "width": "9.9", "bridge": "yes", "tunnel": null, "junction": null, "access": null }, "geometry": { "type": "LineString", "coordinates": [ [ 121.02007009999997, 14.6604664 ], [ 121.020076, 14.6605525 ], [ 121.0200818, 14.6606372 ], [ 121.020096, 14.6607884 ], [ 121.0201587, 14.6613583 ], [ 121.020178799999982, 14.6615964 ], [ 121.020205500000017, 14.6618556 ] ] } },
{ "type": "Feature", "properties": { "u": 35456915, "v": 1341002923, "key": 0, "osmid": "38342026", "highway": "secondary", "lanes": "3", "maxspeed": null, "name": "Congressional Avenue", "oneway": true, "reversed": "False", "length": 104.78927490699201, "ref": "129", "width": null, "bridge": null, "tunnel": null, "junction": null, "access": null }, "geometry": { "type": "LineString", "coordinates": [ [ 121.020205500000017, 14.6618556 ], [ 121.02022759999997, 14.6620116 ], [ 121.0202533, 14.6621471 ], [ 121.02028, 14.6622469 ], [ 121.020320100000021, 14.6623651 ], [ 121.020379599999984, 14.6624907 ], [ 121.020460699999973, 14.6626233 ], [ 121.0205364, 14.6627276 ] ] } },
{ "type": "Feature", "properties": { "u": 72671422, "v": 72686853, "key": 0, "osmid": [ 941651666, 444678942 ], "highway": "primary", "lanes": "4", "maxspeed": "60", "name": "Commonwealth Avenue", "oneway": true, "reversed": "False", "length": 328.14256230350986, "ref": "170", "width": null, "bridge": null, "tunnel": null, "junction": null, "access": null }, "geometry": { "type": "LineString", "coordinates": [ [ 121.054130200000017, 14.719044 ], [ 121.0538418, 14.71939 ], [ 121.0525195, 14.7209766 ], [ 121.052242199999981, 14.7213053 ], [ 121.052213099999975, 14.7213398 ] ] } },
{ "type": "Feature", "properties": { "u": 72686853, "v": 33452007, "key": 0, "osmid": "610046352", "highway": "primary", "lanes": "4", "maxspeed": "60", "name": "Commonwealth Avenue", "oneway": true, "reversed": "False", "length": 14.85251001911956, "ref": "170", "width": null, "bridge": null, "tunnel": null, "junction": null, "access": null }, "geometry": { "type": "LineString", "coordinates": [ [ 121.052213099999975, 14.7213398 ], [ 121.052125799999985, 14.7214433 ] ] } },
{ "type": "Feature", "properties": { "u": 72686853, "v": 72686835, "key": 0, "osmid": "610046351", "highway": "secondary", "lanes": "3", "maxspeed": null, "name": "Mindanao Avenue", "oneway": true, "reversed": "False", "length": 72.666231924034378, "ref": null, "width": null, "bridge": null, "tunnel": null, "junction": null, "access": null }, "geometry": { "type": "LineString", "coordinates": [ [ 121.052213099999975, 14.7213398 ], [ 121.0522921, 14.7214141 ], [ 121.052666699999989, 14.7217663 ], [ 121.052698, 14.7217949 ] ] } },
{ "type": "Feature", "properties": { "u": 250544330, "v": 1432336530, "key": 0, "osmid": [ 834542176, 38341971, 33192079 ], "highway": "primary", "lanes": "4", "maxspeed": "60", "name": "Mindanao Avenue", "oneway": true, "reversed": "False", "length": 138.31394197708838, "ref": "128", "width": null, "bridge": "yes", "tunnel": null, "junction": null, "access": null }, "geometry": { "type": "LineString", "coordinates": [ [ 121.032069199999981, 14.6819219 ], [ 121.0320637, 14.6821224 ], [ 121.0320615, 14.6822625 ], [ 121.03205890000001, 14.6824343 ], [ 121.0320506, 14.6829791 ], [ 121.032047700000021, 14.6831656 ] ] } },
{ "type": "Feature", "properties": { "u": 1432336530, "v": 250543962, "key": 0, "osmid": "38341971", "highway": "primary", "lanes": "4", "maxspeed": "60", "name": "Mindanao Avenue", "oneway": true, "reversed": "False", "length": 218.20989412412931, "ref": "128", "width": null, "bridge": null, "tunnel": null, "junction": null, "access": null }, "geometry": { "type": "LineString", "coordinates": [ [ 121.032047700000021, 14.6831656 ], [ 121.0320424, 14.6833573 ], [ 121.0320399, 14.6835077 ], [ 121.031948299999968, 14.6849036 ], [ 121.031937399999975, 14.6850765 ], [ 121.031934400000011, 14.6851247 ] ] } },
{ "type": "Feature", "properties": { "u": 9941573839, "v": 6300532332, "key": 0, "osmid": "168525276", "highway": "primary", "lanes": "2", "maxspeed": null, "name": "Quirino Highway", "oneway": true, "reversed": "False", "length": 44.112992890048147, "ref": "127", "width": null, "bridge": null, "tunnel": null, "junction": null, "access": null }, "geometry": { "type": "LineString", "coordinates": [ [ 121.0316566, 14.6953781 ], [ 121.0314407, 14.6950408 ] ] } },
{ "type": "Feature", "properties": { "u": 6300532332, "v": 10052765811, "key": 0, "osmid": "168525276", "highway": "primary", "lanes": "2", "maxspeed": null, "name": "Quirino Highway", "oneway": true, "reversed": "False", "length": 117.61113261634711, "ref": "127", "width": null, "bridge": null, "tunnel": null, "junction": null, "access": null }, "geometry": { "type": "LineString", "coordinates": [ [ 121.0314407, 14.6950408 ], [ 121.0313851, 14.6949578 ], [ 121.0312977, 14.6948257 ], [ 121.031145699999982, 14.6945857 ], [ 121.0310732, 14.6944772 ], [ 121.031043900000014, 14.6944371 ], [ 121.0309026, 14.6942439 ], [ 121.0308624, 14.6941827 ], [ 121.030843, 14.6941555 ] ] } },
{ "type": "Feature", "properties": { "u": 298098895, "v": 5383119712, "key": 0, "osmid": "643299350", "highway": "primary", "lanes": "3", "maxspeed": "60", "name": "EDSA", "oneway": true, "reversed": "False", "length": 9.2200670523392407, "ref": "1", "width": null, "bridge": null, "tunnel": null, "junction": null, "access": null }, "geometry": { "type": "LineString", "coordinates": [ [ 121.037414, 14.6440036 ], [ 121.037460899999985, 14.6439342 ] ] } },
{ "type": "Feature", "properties": { "u": 298098895, "v": 286082780, "key": 0, "osmid": [ 1411376725, 1411376733, 1411376732 ], "highway": "primary", "lanes": "3", "maxspeed": "60", "name": "Quezon Avenue", "oneway": true, "reversed": "False", "length": 41.385858120410262, "ref": null, "width": null, "bridge": null, "tunnel": "yes", "junction": null, "access": null }, "geometry": { "type": "LineString", "coordinates": [ [ 121.037414, 14.6440036 ], [ 121.037467299999975, 14.6440366 ], [ 121.0376704, 14.6441625 ], [ 121.0377379, 14.6442044 ] ] } },
{ "type": "Feature", "properties": { "u": 5383119712, "v": 288458254, "key": 0, "osmid": "558265451", "highway": "primary", "lanes": "2", "maxspeed": "60", "name": "EDSA", "oneway": true, "reversed": "False", "length": 28.06264215173044, "ref": "1", "width": null, "bridge": null, "tunnel": null, "junction": null, "access": null }, "geometry": { "type": "LineString", "coordinates": [ [ 121.037460899999985, 14.6439342 ], [ 121.0376029, 14.6437225 ] ] } },
{ "type": "Feature", "properties": { "u": 5383119712, "v": 9883466508, "key": 0, "osmid": [ 1077998022, 1411376726, 1411376727 ], "highway": "primary", "lanes": "1", "maxspeed": "60", "name": "Quezon Avenue", "oneway": true, "reversed": "False", "length": 35.834247893571998, "ref": "170", "width": null, "bridge": null, "tunnel": "yes", "junction": null, "access": null }, "geometry": { "type": "LineString", "coordinates": [ [ 121.037460899999985, 14.6439342 ], [ 121.0375171, 14.6439674 ], [ 121.0377162, 14.6440859 ], [ 121.0377447, 14.6441029 ] ] } },
{ "type": "Feature", "properties": { "u": 286082780, "v": 286082839, "key": 0, "osmid": "643299353", "highway": "primary", "lanes": "4", "maxspeed": "60", "name": "EDSA", "oneway": true, "reversed": "False", "length": 24.777637180509466, "ref": "1", "width": null, "bridge": null, "tunnel": null, "junction": null, "access": null }, "geometry": { "type": "LineString", "coordinates": [ [ 121.0377379, 14.6442044 ], [ 121.0376169, 14.644394 ] ] } },
{ "type": "Feature", "properties": { "u": 286082780, "v": 286082765, "key": 0, "osmid": "26131628", "highway": "primary", "lanes": "2", "maxspeed": "60", "name": "Quezon Avenue", "oneway": true, "reversed": "False", "length": 326.58134083974636, "ref": "170", "width": null, "bridge": null, "tunnel": null, "junction": null, "access": null }, "geometry": { "type": "LineString", "coordinates": [ [ 121.0377379, 14.6442044 ], [ 121.040195899999986, 14.6456991 ], [ 121.04032, 14.6457439 ] ] } },
{ "type": "Feature", "properties": { "u": 12083790031, "v": 4208396791, "key": 0, "osmid": "946773525", "highway": "secondary", "lanes": "3", "maxspeed": null, "name": "Visayas Avenue", "oneway": true, "reversed": "False", "length": 14.667818583737862, "ref": null, "width": null, "bridge": null, "tunnel": null, "junction": null, "access": null }, "geometry": { "type": "LineString", "coordinates": [ [ 121.0443759, 14.6614647 ], [ 121.044346, 14.6615934 ] ] } },
{ "type": "Feature", "properties": { "u": 12083790031, "v": 12083790033, "key": 0, "osmid": "1304705866", "highway": "secondary", "lanes": null, "maxspeed": "40", "name": "Central Avenue", "oneway": true, "reversed": "False", "length": 33.110973945786434, "ref": null, "width": null, "bridge": null, "tunnel": null, "junction": null, "access": null }, "geometry": { "type": "LineString", "coordinates": [ [ 121.0443759, 14.6614647 ], [ 121.044391100000013, 14.6614861 ], [ 121.0444139, 14.6615015 ], [ 121.044465800000012, 14.6615229 ], [ 121.044613, 14.6615677 ], [ 121.0446528, 14.6615819 ] ] } },
{ "type": "Feature", "properties": { "u": 4208396791, "v": 967511310, "key": 0, "osmid": "946773525", "highway": "secondary", "lanes": "3", "maxspeed": null, "name": "Visayas Avenue", "oneway": true, "reversed": "False", "length": 16.151561823465165, "ref": null, "width": null, "bridge": null, "tunnel": null, "junction": null, "access": null }, "geometry": { "type": "LineString", "coordinates": [ [ 121.044346, 14.6615934 ], [ 121.0443445, 14.6615991 ], [ 121.044313, 14.6617351 ] ] } },
{ "type": "Feature", "properties": { "u": 12083790033, "v": 4208396791, "key": 0, "osmid": "93885860", "highway": "secondary", "lanes": null, "maxspeed": "40", "name": "Central Avenue", "oneway": true, "reversed": "False", "length": 33.399948689355583, "ref": null, "width": null, "bridge": null, "tunnel": null, "junction": null, "access": null }, "geometry": { "type": "LineString", "coordinates": [ [ 121.0446528, 14.6615819 ], [ 121.0446097, 14.6615822 ], [ 121.044455, 14.6615733 ], [ 121.0444001, 14.6615767 ], [ 121.0443699, 14.6615818 ], [ 121.044346, 14.6615934 ] ] } },
{ "type": "Feature", "properties": { "u": 12083790033, "v": 1111849690, "key": 0, "osmid": [ 93885864, 1304705865, 93885861 ], "highway": "secondary", "lanes": "4", "maxspeed": "40", "name": "Central Avenue", "oneway": false, "reversed": "True", "length": 89.362787827489228, "ref": null, "width": null, "bridge": "yes", "tunnel": null, "junction": null, "access": null }, "geometry": { "type": "LineString", "coordinates": [ [ 121.0446528, 14.6615819 ], [ 121.044703799999979, 14.6615907 ], [ 121.0447813, 14.6616052 ], [ 121.045465099999987, 14.6617499 ] ] } },
{ "type": "Feature", "properties": { "u": 1111849690, "v": 12083790033, "key": 0, "osmid": [ 93885864, 1304705865, 93885861 ], "highway": "secondary", "lanes": "4", "maxspeed": "40", "name": "Central Avenue", "oneway": false, "reversed": "False", "length": 89.362787827489228, "ref": null, "width": null, "bridge": "yes", "tunnel": null, "junction": null, "access": null }, "geometry": { "type": "LineString", "coordinates": [ [ 121.045465099999987, 14.6617499 ], [ 121.0447813, 14.6616052 ], [ 121.044703799999979, 14.6615907 ], [ 121.0446528, 14.6615819 ] ] } },
{ "type": "Feature", "properties": { "u": 1111849690, "v": 5372278665, "key": 0, "osmid": "93885864", "highway": "secondary", "lanes": "4", "maxspeed": "40", "name": "Central Avenue", "oneway": false, "reversed": "True", "length": 648.88730968038635, "ref": null, "width": null, "bridge": null, "tunnel": null, "junction": null, "access": null }, "geometry": { "type": "LineString", "coordinates": [ [ 121.045465099999987, 14.6617499 ], [ 121.0464268, 14.6619462 ], [ 121.04667259999998, 14.6619909 ], [ 121.046875099999966, 14.6620415 ], [ 121.047032800000011, 14.6620914 ], [ 121.04727, 14.6621767 ], [ 121.0473621, 14.6621865 ], [ 121.047437299999984, 14.6621898 ], [ 121.04770259999998, 14.6621811 ], [ 121.04783519999998, 14.6621767 ], [ 121.047858800000014, 14.6621761 ], [ 121.0480726, 14.662171 ], [ 121.048256699999982, 14.6621692 ], [ 121.048357, 14.6621676 ], [ 121.048583, 14.6621641 ], [ 121.0487567, 14.6621622 ], [ 121.0490366, 14.6621579 ], [ 121.049377, 14.6621538 ], [ 121.049406600000012, 14.6621538 ], [ 121.04986959999998, 14.6621456 ], [ 121.050591700000012, 14.6621272 ], [ 121.0510311, 14.6621184 ], [ 121.051439300000013, 14.6621088 ] ] } },
{ "type": "Feature", "properties": { "u": 1354391763, "v": 1797775936, "key": 0, "osmid": [ 805866544, 753615425, 753615427, 753615424 ], "highway": "primary", "lanes": [ "4", "2", "3" ], "maxspeed": null, "name": "Quirino Highway", "oneway": true, "reversed": "False", "length": 201.667537075338, "ref": "127", "width": null, "bridge": null, "tunnel": null, "junction": null, "access": null }, "geometry": { "type": "LineString", "coordinates": [ [ 121.028176799999969, 14.6908633 ], [ 121.028351599999979, 14.6910617 ], [ 121.028420399999987, 14.6911387 ], [ 121.0286385, 14.6913826 ], [ 121.028940700000021, 14.6917317 ], [ 121.029193799999973, 14.6920343 ], [ 121.029382199999972, 14.6922523 ] ] } },
{ "type": "Feature", "properties": { "u": 1797775936, "v": 7041200008, "key": 0, "osmid": "753615424", "highway": "primary", "lanes": "4", "maxspeed": null, "name": "Quirino Highway", "oneway": true, "reversed": "False", "length": 3.8499976295870564, "ref": "127", "width": null, "bridge": null, "tunnel": null, "junction": null, "access": null }, "geometry": { "type": "LineString", "coordinates": [ [ 121.029382199999972, 14.6922523 ], [ 121.029406300000019, 14.6922779 ] ] } },
{ "type": "Feature", "properties": { "u": 9941573841, "v": 9941573839, "key": 0, "osmid": "168525276", "highway": "primary", "lanes": "2", "maxspeed": null, "name": "Quirino Highway", "oneway": true, "reversed": "False", "length": 34.743960741834329, "ref": "127", "width": null, "bridge": null, "tunnel": null, "junction": null, "access": null }, "geometry": { "type": "LineString", "coordinates": [ [ 121.031824899999989, 14.6956448 ], [ 121.0316566, 14.6953781 ] ] } },
{ "type": "Feature", "properties": { "u": 9941573842, "v": 260901766, "key": 0, "osmid": "168525275", "highway": "primary", "lanes": "2", "maxspeed": null, "name": "Quirino Highway", "oneway": true, "reversed": "False", "length": 90.762896975911843, "ref": "127", "width": null, "bridge": null, "tunnel": null, "junction": null, "access": null }, "geometry": { "type": "LineString", "coordinates": [ [ 121.0318875, 14.6956053 ], [ 121.0320156, 14.6958065 ], [ 121.032062799999977, 14.6958805 ], [ 121.032154899999981, 14.6960241 ], [ 121.032226499999965, 14.6961406 ], [ 121.032298399999974, 14.6962577 ], [ 121.0323261, 14.6963026 ] ] } },
{ "type": "Feature", "properties": { "u": 260901766, "v": 314208760, "key": 0, "osmid": "168525275", "highway": "primary", "lanes": "2", "maxspeed": null, "name": "Quirino Highway", "oneway": true, "reversed": "False", "length": 39.159651888888718, "ref": "127", "width": null, "bridge": null, "tunnel": null, "junction": null, "access": null }, "geometry": { "type": "LineString", "coordinates": [ [ 121.0323261, 14.6963026 ], [ 121.032508299999989, 14.6966075 ] ] } },
{ "type": "Feature", "properties": { "u": 9941573840, "v": 9941573842, "key": 0, "osmid": "168525275", "highway": "primary", "lanes": "2", "maxspeed": null, "name": "Quirino Highway", "oneway": true, "reversed": "False", "length": 34.387559546847072, "ref": "127", "width": null, "bridge": null, "tunnel": null, "junction": null, "access": null }, "geometry": { "type": "LineString", "coordinates": [ [ 121.0317226, 14.6953404 ], [ 121.0318208, 14.6955028 ], [ 121.0318875, 14.6956053 ] ] } },
{ "type": "Feature", "properties": { "u": 5292826839, "v": 337435339, "key": 0, "osmid": "547798618", "highway": "primary", "lanes": "4", "maxspeed": null, "name": "West Avenue", "oneway": false, "reversed": "False", "length": 8.5788600478502701, "ref": "171", "width": "14", "bridge": null, "tunnel": null, "junction": null, "access": null }, "geometry": { "type": "LineString", "coordinates": [ [ 121.02706670000002, 14.64271 ], [ 121.027085399999976, 14.642785 ] ] } },
{ "type": "Feature", "properties": { "u": 5292826839, "v": 1247193351, "key": 0, "osmid": [ 547798616, 1059021912 ], "highway": "primary", "lanes": "4", "maxspeed": null, "name": "West Avenue", "oneway": false, "reversed": "True", "length": 8.8558175526522867, "ref": "171", "width": "14", "bridge": null, "tunnel": null, "junction": null, "access": null }, "geometry": { "type": "LineString", "coordinates": [ [ 121.02706670000002, 14.64271 ], [ 121.0270577, 14.6426696 ], [ 121.027049100000013, 14.6426322 ] ] } },
{ "type": "Feature", "properties": { "u": 337435339, "v": 5292826839, "key": 0, "osmid": "547798618", "highway": "primary", "lanes": "4", "maxspeed": null, "name": "West Avenue", "oneway": false, "reversed": "True", "length": 8.5788600478502701, "ref": "171", "width": "14", "bridge": null, "tunnel": null, "junction": null, "access": null }, "geometry": { "type": "LineString", "coordinates": [ [ 121.027085399999976, 14.642785 ], [ 121.02706670000002, 14.64271 ] ] } },
{ "type": "Feature", "properties": { "u": 337435339, "v": 6115599988, "key": 0, "osmid": "369677728", "highway": "primary", "lanes": "4", "maxspeed": null, "name": "West Avenue", "oneway": false, "reversed": "False", "length": 227.63458226800952, "ref": "171", "width": "14", "bridge": null, "tunnel": null, "junction": null, "access": null }, "geometry": { "type": "LineString", "coordinates": [ [ 121.027085399999976, 14.642785 ], [ 121.0271065, 14.642883 ], [ 121.0273028, 14.643711 ], [ 121.027317, 14.6437903 ], [ 121.027355400000019, 14.6439684 ], [ 121.027424100000019, 14.6442624 ], [ 121.0275187, 14.6446936 ], [ 121.027538099999987, 14.6447846 ] ] } },
{ "type": "Feature", "properties": { "u": 1247193351, "v": 5440112941, "key": 0, "osmid": "564705353", "highway": "primary", "lanes": "4", "maxspeed": null, "name": "West Avenue", "oneway": false, "reversed": "True", "length": 17.565730689227781, "ref": "171", "width": "14", "bridge": null, "tunnel": null, "junction": null, "access": null }, "geometry": { "type": "LineString", "coordinates": [ [ 121.027049100000013, 14.6426322 ], [ 121.027037099999987, 14.6425792 ], [ 121.0270141, 14.6424779 ] ] } },
{ "type": "Feature", "properties": { "u": 1247193351, "v": 5292826839, "key": 0, "osmid": [ 1059021912, 547798616 ], "highway": "primary", "lanes": "4", "maxspeed": null, "name": "West Avenue", "oneway": false, "reversed": "False", "length": 8.8558175526522867, "ref": "171", "width": "14", "bridge": null, "tunnel": null, "junction": null, "access": null }, "geometry": { "type": "LineString", "coordinates": [ [ 121.027049100000013, 14.6426322 ], [ 121.0270577, 14.6426696 ], [ 121.02706670000002, 14.64271 ] ] } },
{ "type": "Feature", "properties": { "u": 5292826840, "v": 337473669, "key": 0, "osmid": "30544675", "highway": "primary", "lanes": "4", "maxspeed": null, "name": "West Avenue", "oneway": false, "reversed": "True", "length": 30.271215299348057, "ref": "171", "width": "14", "bridge": null, "tunnel": null, "junction": null, "access": null }, "geometry": { "type": "LineString", "coordinates": [ [ 121.027838800000012, 14.645872 ], [ 121.02779649999998, 14.6457079 ], [ 121.027732300000011, 14.6456256 ] ] } },
{ "type": "Feature", "properties": { "u": 5292826840, "v": 249248505, "key": 0, "osmid": "547798621", "highway": "primary", "lanes": "4", "maxspeed": null, "name": "West Avenue", "oneway": true, "reversed": "False", "length": 52.962215700259954, "ref": "171", "width": "14", "bridge": null, "tunnel": null, "junction": null, "access": null }, "geometry": { "type": "LineString", "coordinates": [ [ 121.027838800000012, 14.645872 ], [ 121.027863700000012, 14.6459794 ], [ 121.027947700000013, 14.6463365 ] ] } },
{ "type": "Feature", "properties": { "u": 337473669, "v": 5292826840, "key": 0, "osmid": "30544675", "highway": "primary", "lanes": "4", "maxspeed": null, "name": "West Avenue", "oneway": false, "reversed": "False", "length": 30.271215299348057, "ref": "171", "width": "14", "bridge": null, "tunnel": null, "junction": null, "access": null }, "geometry": { "type": "LineString", "coordinates": [ [ 121.027732300000011, 14.6456256 ], [ 121.02779649999998, 14.6457079 ], [ 121.027838800000012, 14.645872 ] ] } },
{ "type": "Feature", "properties": { "u": 337473669, "v": 6115599988, "key": 0, "osmid": "369677728", "highway": "primary", "lanes": "4", "maxspeed": null, "name": "West Avenue", "oneway": false, "reversed": "True", "length": 95.822583443036777, "ref": "171", "width": "14", "bridge": null, "tunnel": null, "junction": null, "access": null }, "geometry": { "type": "LineString", "coordinates": [ [ 121.027732300000011, 14.6456256 ], [ 121.0277077, 14.6455256 ], [ 121.0276639, 14.6453349 ], [ 121.027635099999983, 14.6452039 ], [ 121.027591500000014, 14.6450125 ], [ 121.027538099999987, 14.6447846 ] ] } },
{ "type": "Feature", "properties": { "u": 249248505, "v": 1255073108, "key": 0, "osmid": "244428675", "highway": "primary", "lanes": "4", "maxspeed": null, "name": "West Avenue", "oneway": true, "reversed": "False", "length": 179.18520885368275, "ref": "171", "width": "14", "bridge": null, "tunnel": null, "junction": null, "access": null }, "geometry": { "type": "LineString", "coordinates": [ [ 121.027947700000013, 14.6463365 ], [ 121.028274400000015, 14.6477833 ], [ 121.028304199999965, 14.6479106 ] ] } },
{ "type": "Feature", "properties": { "u": 5413937368, "v": 7245082388, "key": 0, "osmid": "1177125219", "highway": "secondary", "lanes": "4", "maxspeed": null, "name": "Senator Miriam P. Defensor-Santiago Avenue", "oneway": true, "reversed": "False", "length": 102.78634311385186, "ref": null, "width": null, "bridge": null, "tunnel": null, "junction": null, "access": null }, "geometry": { "type": "LineString", "coordinates": [ [ 121.0384867, 14.6534367 ], [ 121.0385509, 14.6527407 ], [ 121.0385804, 14.6525169 ] ] } },
{ "type": "Feature", "properties": { "u": 7245082388, "v": 3842089231, "key": 0, "osmid": "1177125219", "highway": "secondary", "lanes": "4", "maxspeed": null, "name": "Senator Miriam P. Defensor-Santiago Avenue", "oneway": true, "reversed": "False", "length": 53.872535737484654, "ref": null, "width": null, "bridge": null, "tunnel": null, "junction": null, "access": null }, "geometry": { "type": "LineString", "coordinates": [ [ 121.0385804, 14.6525169 ], [ 121.038596499999969, 14.6523715 ], [ 121.0386145, 14.652193 ], [ 121.0386218, 14.6521525 ], [ 121.0386376, 14.6520357 ] ] } },
{ "type": "Feature", "properties": { "u": 5413937377, "v": 5284188411, "key": 0, "osmid": "834266676", "highway": "secondary", "lanes": "2", "maxspeed": null, "name": "Senator Miriam P. Defensor-Santiago Avenue", "oneway": true, "reversed": "False", "length": 29.767952244791783, "ref": null, "width": null, "bridge": null, "tunnel": null, "junction": null, "access": null }, "geometry": { "type": "LineString", "coordinates": [ [ 121.03867289999998, 14.6534142 ], [ 121.0386706, 14.6536819 ] ] } },
{ "type": "Feature", "properties": { "u": 5284188411, "v": 5413937378, "key": 0, "osmid": "103493552", "highway": "primary", "lanes": "4", "maxspeed": null, "name": "North Avenue", "oneway": true, "reversed": "False", "length": 24.004441660774049, "ref": "173", "width": null, "bridge": null, "tunnel": null, "junction": null, "access": null }, "geometry": { "type": "LineString", "coordinates": [ [ 121.0386706, 14.6536819 ], [ 121.038888699999973, 14.6536363 ] ] } },
{ "type": "Feature", "properties": { "u": 5284188411, "v": 8610309234, "key": 0, "osmid": "546849202", "highway": "secondary", "lanes": "2", "maxspeed": null, "name": "Senator Miriam P. Defensor-Santiago Avenue", "oneway": true, "reversed": "False", "length": 15.01362630692598, "ref": null, "width": null, "bridge": null, "tunnel": null, "junction": null, "access": null }, "geometry": { "type": "LineString", "coordinates": [ [ 121.0386706, 14.6536819 ], [ 121.038712800000013, 14.6538106 ] ] } },
{ "type": "Feature", "properties": { "u": 5413937378, "v": 5292873905, "key": 0, "osmid": [ 676149602, 676149603, 665482468, 1232095493, 702461319, 18578431 ], "highway": "primary", "lanes": [ "4", "2" ], "maxspeed": null, "name": "North Avenue", "oneway": true, "reversed": "False", "length": 884.5054703936471, "ref": "173", "width": null, "bridge": null, "tunnel": null, "junction": null, "access": null }, "geometry": { "type": "LineString", "coordinates": [ [ 121.038888699999973, 14.6536363 ], [ 121.039471600000013, 14.6535028 ], [ 121.040362, 14.6533041 ], [ 121.0407661, 14.6532139 ], [ 121.042432599999984, 14.6528448 ], [ 121.04527539999998, 14.6522151 ], [ 121.045321299999969, 14.6522051 ], [ 121.045891899999972, 14.6520808 ], [ 121.0460054, 14.6520249 ], [ 121.0461152, 14.6519492 ], [ 121.046189699999985, 14.651888 ], [ 121.0462621, 14.6518113 ], [ 121.046476, 14.6514634 ], [ 121.046581300000014, 14.6513589 ] ] } },
{ "type": "Feature", "properties": { "u": 5292873905, "v": 11867480481, "key": 0, "osmid": [ 1278335126, 936510015 ], "highway": "primary", "lanes": "8", "maxspeed": "60", "name": "Elliptical Road", "oneway": true, "reversed": "False", "length": 84.326660515988692, "ref": [ "170;173;174", "170" ], "width": null, "bridge": null, "tunnel": null, "junction": "roundabout", "access": null }, "geometry": { "type": "LineString", "coordinates": [ [ 121.046581300000014, 14.6513589 ], [ 121.046625100000014, 14.6511869 ], [ 121.04667760000001, 14.6510172 ], [ 121.046738399999967, 14.6508502 ], [ 121.04680759999998, 14.6506862 ], [ 121.0468246, 14.6506391 ] ] } },
{ "type": "Feature", "properties": { "u": 5292826857, "v": 5286095322, "key": 0, "osmid": "547071735", "highway": "primary", "lanes": "2", "maxspeed": null, "name": "North Avenue", "oneway": true, "reversed": "False", "length": 67.653223379882775, "ref": "173", "width": null, "bridge": null, "tunnel": null, "junction": null, "access": null }, "geometry": { "type": "LineString", "coordinates": [ [ 121.0306512, 14.6549377 ], [ 121.0306196, 14.6550262 ], [ 121.030603500000012, 14.6550833 ], [ 121.030591299999969, 14.655134 ], [ 121.0305847, 14.6551767 ], [ 121.03058129999998, 14.6551993 ], [ 121.030583099999959, 14.6552286 ], [ 121.030589400000011, 14.6552623 ], [ 121.0306013, 14.6552921 ], [ 121.0306196, 14.6553207 ], [ 121.03063760000002, 14.6553433 ], [ 121.0306559, 14.6553599 ], [ 121.030679199999966, 14.6553775 ], [ 121.0307035, 14.6553915 ], [ 121.0307296, 14.6554038 ], [ 121.0307627, 14.6554141 ], [ 121.030801199999985, 14.6554209 ] ] } },
{ "type": "Feature", "properties": { "u": 5292826857, "v": 5475044862, "key": 0, "osmid": [ 550866361, 621109814 ], "highway": "trunk", "lanes": "4", "maxspeed": "60", "name": "EDSA", "oneway": true, "reversed": "False", "length": 144.95931155603841, "ref": "1", "width": "19.2", "bridge": null, "tunnel": null, "junction": null, "access": null }, "geometry": { "type": "LineString", "coordinates": [ [ 121.0306512, 14.6549377 ], [ 121.0305836, 14.6550383 ], [ 121.0303697, 14.6553525 ], [ 121.030322899999987, 14.6554157 ], [ 121.0302802, 14.655466 ], [ 121.030238900000015, 14.6555145 ], [ 121.030207499999975, 14.6555489 ], [ 121.03017029999998, 14.6555821 ], [ 121.0301086, 14.6556287 ], [ 121.0300487, 14.6556711 ], [ 121.0299846, 14.6557061 ], [ 121.029915800000012, 14.6557359 ], [ 121.029856099999989, 14.6557596 ], [ 121.029796699999977, 14.6557826 ], [ 121.029706699999977, 14.6558087 ] ] } },
{ "type": "Feature", "properties": { "u": 5286095322, "v": 9958498733, "key": 0, "osmid": "902564617", "highway": "primary", "lanes": "2", "maxspeed": null, "name": "North Avenue", "oneway": true, "reversed": "False", "length": 225.32890550124162, "ref": "173", "width": null, "bridge": null, "tunnel": "building_passage", "junction": null, "access": null }, "geometry": { "type": "LineString", "coordinates": [ [ 121.030801199999985, 14.6554209 ], [ 121.0314596, 14.6552856 ], [ 121.032249599999972, 14.6551185 ], [ 121.03240959999998, 14.6550844 ], [ 121.032551200000015, 14.6550543 ], [ 121.0326523, 14.6550328 ], [ 121.0328484, 14.6549924 ] ] } },
{ "type": "Feature", "properties": { "u": 5475044862, "v": 12429019653, "key": 0, "osmid": [ 832081921, 642764203, 1343298478 ], "highway": "trunk", "lanes": "4", "maxspeed": "60", "name": "EDSA", "oneway": true, "reversed": "False", "length": 45.368166232436295, "ref": "1", "width": "19.2", "bridge": null, "tunnel": "building_passage", "junction": null, "access": null }, "geometry": { "type": "LineString", "coordinates": [ [ 121.029706699999977, 14.6558087 ], [ 121.029681200000013, 14.6558152 ], [ 121.0294496, 14.6558697 ], [ 121.029333, 14.6558972 ], [ 121.0292969, 14.655905 ] ] } },
{ "type": "Feature", "properties": { "u": 3842089231, "v": 6868513611, "key": 0, "osmid": "118663612", "highway": "secondary", "lanes": "4", "maxspeed": null, "name": "Senator Miriam P. Defensor-Santiago Avenue", "oneway": true, "reversed": "False", "length": 47.913672282017458, "ref": null, "width": null, "bridge": null, "tunnel": null, "junction": null, "access": null }, "geometry": { "type": "LineString", "coordinates": [ [ 121.0386376, 14.6520357 ], [ 121.038640500000014, 14.6520125 ], [ 121.03865709999998, 14.6518786 ], [ 121.038672, 14.6517534 ], [ 121.038698400000015, 14.651609 ] ] } },
{ "type": "Feature", "properties": { "u": 6868513611, "v": 750534415, "key": 0, "osmid": [ 859217264, 118663612, 1302826709 ], "highway": "secondary", "lanes": [ "4", "3" ], "maxspeed": null, "name": "Senator Miriam P. Defensor-Santiago Avenue", "oneway": true, "reversed": "False", "length": 530.09257374617266, "ref": null, "width": null, "bridge": null, "tunnel": null, "junction": null, "access": null }, "geometry": { "type": "LineString", "coordinates": [ [ 121.038698400000015, 14.651609 ], [ 121.0387691, 14.6512415 ], [ 121.0388312, 14.6508845 ], [ 121.0389096, 14.6505205 ], [ 121.0389747, 14.650214 ], [ 121.0389824, 14.650178 ], [ 121.039100499999989, 14.6497757 ], [ 121.03912480000001, 14.6496836 ], [ 121.039204199999986, 14.6494433 ], [ 121.039323400000015, 14.6490807 ], [ 121.039439500000015, 14.6487418 ], [ 121.039562899999979, 14.6484039 ], [ 121.039612099999971, 14.6482699 ], [ 121.039667899999984, 14.6481195 ], [ 121.039748, 14.6479359 ], [ 121.0400603, 14.6472716 ], [ 121.0401615, 14.6470775 ] ] } },
{ "type": "Feature", "properties": { "u": 5404836121, "v": 5286064501, "key": 0, "osmid": [ 85238992, 883266547, 883266542 ], "highway": "primary", "lanes": "8", "maxspeed": "60", "name": "Elliptical Road", "oneway": true, "reversed": "False", "length": 155.04789317167615, "ref": "170;173;174", "width": null, "bridge": null, "tunnel": null, "junction": null, "access": null }, "geometry": { "type": "LineString", "coordinates": [ [ 121.049329400000019, 14.648545 ], [ 121.0496842, 14.6485038 ], [ 121.0498295, 14.6485039 ], [ 121.0499681, 14.6485096 ], [ 121.0500792, 14.6485219 ], [ 121.0503693, 14.6485787 ], [ 121.0504947, 14.6486142 ], [ 121.050617500000016, 14.6486576 ], [ 121.050737, 14.6487087 ] ] } },
{ "type": "Feature", "properties": { "u": 5286064501, "v": 5286795634, "key": 0, "osmid": "547154521", "highway": "primary", "lanes": "8", "maxspeed": "60", "name": "Elliptical Road", "oneway": true, "reversed": "False", "length": 26.011461790778093, "ref": "170;173;174", "width": null, "bridge": null, "tunnel": null, "junction": null, "access": null }, "geometry": { "type": "LineString", "coordinates": [ [ 121.050737, 14.6487087 ], [ 121.05090970000002, 14.648796 ], [ 121.0509507, 14.6488181 ] ] } },
{ "type": "Feature", "properties": { "u": 5286064501, "v": 12468196701, "key": 0, "osmid": "702461305", "highway": "secondary", "lanes": "2", "maxspeed": "40", "name": "Kalayaan Avenue", "oneway": true, "reversed": "False", "length": 35.009103956896077, "ref": null, "width": null, "bridge": null, "tunnel": null, "junction": null, "access": null }, "geometry": { "type": "LineString", "coordinates": [ [ 121.050737, 14.6487087 ], [ 121.0509386, 14.6486605 ], [ 121.0509722, 14.6486406 ], [ 121.051003, 14.6486131 ], [ 121.05102620000001, 14.6485859 ] ] } },
{ "type": "Feature", "properties": { "u": 5404836122, "v": 2074213929, "key": 0, "osmid": [ 18578491, 9793995, 936510013 ], "highway": "primary", "lanes": [ "2", "3" ], "maxspeed": null, "name": "East Avenue", "oneway": true, "reversed": "False", "length": 463.22231394138413, "ref": "174", "width": null, "bridge": null, "tunnel": null, "junction": null, "access": null }, "geometry": { "type": "LineString", "coordinates": [ [ 121.0481509, 14.6490675 ], [ 121.0481874, 14.6490097 ], [ 121.0482207, 14.6489548 ], [ 121.048251800000017, 14.6488969 ], [ 121.0482774, 14.6488431 ], [ 121.048328699999971, 14.6487253 ], [ 121.048349, 14.6486685 ], [ 121.0483717, 14.6486044 ], [ 121.048395299999981, 14.6485271 ], [ 121.0484099, 14.648468 ], [ 121.048418099999978, 14.6484356 ], [ 121.04842739999998, 14.6483869 ], [ 121.048435799999979, 14.6483383 ], [ 121.0484442, 14.6482734 ], [ 121.0484473, 14.6482278 ], [ 121.0484482, 14.6481981 ], [ 121.0484456, 14.6481553 ], [ 121.04844150000001, 14.6481235 ], [ 121.048436900000013, 14.6480969 ], [ 121.0481958, 14.6470773 ], [ 121.04819, 14.6470528 ], [ 121.047951, 14.6460424 ], [ 121.0479437, 14.6460115 ], [ 121.0478772, 14.6457303 ], [ 121.0477134, 14.6450379 ] ] } },
{ "type": "Feature", "properties": { "u": 5404836122, "v": 5404836121, "key": 0, "osmid": [ 398689858, 398689859 ], "highway": "primary", "lanes": [ "8", "10" ], "maxspeed": "60", "name": "Elliptical Road", "oneway": true, "reversed": "False", "length": 140.14054273184377, "ref": "170;173;174", "width": null, "bridge": null, "tunnel": null, "junction": null, "access": null }, "geometry": { "type": "LineString", "coordinates": [ [ 121.0481509, 14.6490675 ], [ 121.0482652, 14.6489998 ], [ 121.0483759, 14.6489323 ], [ 121.0484892, 14.6488687 ], [ 121.0486048, 14.6488092 ], [ 121.048654, 14.648784 ], [ 121.048709299999985, 14.6487583 ], [ 121.048910199999966, 14.6486753 ], [ 121.0491168, 14.6486067 ], [ 121.049289899999977, 14.6485566 ], [ 121.049329400000019, 14.648545 ] ] } },
{ "type": "Feature", "properties": { "u": 2074213929, "v": 5393303820, "key": 0, "osmid": [ 106618133, 1307844910 ], "highway": "primary", "lanes": "3", "maxspeed": null, "name": "East Avenue", "oneway": true, "reversed": "False", "length": 424.8222454599466, "ref": "174", "width": null, "bridge": null, "tunnel": null, "junction": null, "access": null }, "geometry": { "type": "LineString", "coordinates": [ [ 121.0477134, 14.6450379 ], [ 121.047522, 14.644193 ], [ 121.047502300000019, 14.6441061 ], [ 121.047460199999975, 14.6439203 ], [ 121.0473749, 14.6435439 ], [ 121.0473567, 14.6434636 ], [ 121.047351799999987, 14.6434419 ], [ 121.0473486, 14.6434276 ], [ 121.047328799999974, 14.6433404 ], [ 121.047321199999985, 14.6433069 ], [ 121.0472672, 14.6430686 ], [ 121.0471467, 14.6425365 ], [ 121.047074800000019, 14.6422194 ], [ 121.0470579, 14.6421448 ], [ 121.0468865, 14.6413882 ], [ 121.0468674, 14.6413061 ] ] } },
{ "type": "Feature", "properties": { "u": 311001394, "v": 251472593, "key": 0, "osmid": "578164927", "highway": "primary", "lanes": "2", "maxspeed": null, "name": "Quirino Highway", "oneway": true, "reversed": "False", "length": 404.95056619328659, "ref": "127", "width": null, "bridge": null, "tunnel": null, "junction": null, "access": null }, "geometry": { "type": "LineString", "coordinates": [ [ 121.0704895, 14.7365007 ], [ 121.0712468, 14.7372262 ], [ 121.0713217, 14.7372909 ], [ 121.071410899999989, 14.7373511 ], [ 121.0715696, 14.7374505 ], [ 121.071820299999985, 14.7375793 ], [ 121.0725068, 14.73792 ], [ 121.0726613, 14.7380128 ], [ 121.0728238, 14.7381202 ], [ 121.0734989, 14.7386467 ] ] } },
{ "type": "Feature", "properties": { "u": 251472593, "v": 12120742939, "key": 0, "osmid": "578164927", "highway": "primary", "lanes": "2", "maxspeed": null, "name": "Quirino Highway", "oneway": true, "reversed": "False", "length": 8.4747238722450078, "ref": "127", "width": null, "bridge": null, "tunnel": null, "junction": null, "access": null }, "geometry": { "type": "LineString", "coordinates": [ [ 121.0734989, 14.7386467 ], [ 121.073559, 14.738696 ] ] } },
{ "type": "Feature", "properties": { "u": 8723530092, "v": 260904405, "key": 0, "osmid": "610043908", "highway": "primary", "lanes": "4", "maxspeed": null, "name": "Quirino Highway", "oneway": false, "reversed": "False", "length": 51.306218228221908, "ref": "127", "width": null, "bridge": null, "tunnel": null, "junction": null, "access": null }, "geometry": { "type": "LineString", "coordinates": [ [ 121.0529089, 14.7337212 ], [ 121.052751300000011, 14.7336734 ], [ 121.0526765, 14.7336503 ], [ 121.0524542, 14.7335815 ] ] } },
{ "type": "Feature", "properties": { "u": 8723530092, "v": 1324455825, "key": 0, "osmid": "610043908", "highway": "primary", "lanes": "4", "maxspeed": null, "name": "Quirino Highway", "oneway": false, "reversed": "True", "length": 60.200983448489751, "ref": "127", "width": null, "bridge": null, "tunnel": null, "junction": null, "access": null }, "geometry": { "type": "LineString", "coordinates": [ [ 121.0529089, 14.7337212 ], [ 121.052986299999972, 14.7337467 ], [ 121.053077, 14.7337813 ], [ 121.053441099999986, 14.7338883 ] ] } },
{ "type": "Feature", "properties": { "u": 260904405, "v": 11545406859, "key": 0, "osmid": "610043908", "highway": "primary", "lanes": "4", "maxspeed": null, "name": "Quirino Highway", "oneway": false, "reversed": "False", "length": 15.407649860739689, "ref": "127", "width": null, "bridge": null, "tunnel": null, "junction": null, "access": null }, "geometry": { "type": "LineString", "coordinates": [ [ 121.0524542, 14.7335815 ], [ 121.052391, 14.7335612 ], [ 121.052318, 14.7335385 ] ] } },
{ "type": "Feature", "properties": { "u": 260904405, "v": 8723530092, "key": 0, "osmid": "610043908", "highway": "primary", "lanes": "4", "maxspeed": null, "name": "Quirino Highway", "oneway": false, "reversed": "True", "length": 51.306218228221908, "ref": "127", "width": null, "bridge": null, "tunnel": null, "junction": null, "access": null }, "geometry": { "type": "LineString", "coordinates": [ [ 121.0524542, 14.7335815 ], [ 121.0526765, 14.7336503 ], [ 121.052751300000011, 14.7336734 ], [ 121.0529089, 14.7337212 ] ] } },
{ "type": "Feature", "properties": { "u": 1324455825, "v": 8723530092, "key": 0, "osmid": "610043908", "highway": "primary", "lanes": "4", "maxspeed": null, "name": "Quirino Highway", "oneway": false, "reversed": "False", "length": 60.200983448489751, "ref": "127", "width": null, "bridge": null, "tunnel": null, "junction": null, "access": null }, "geometry": { "type": "LineString", "coordinates": [ [ 121.053441099999986, 14.7338883 ], [ 121.053077, 14.7337813 ], [ 121.052986299999972, 14.7337467 ], [ 121.0529089, 14.7337212 ] ] } },
{ "type": "Feature", "properties": { "u": 1324455825, "v": 243672102, "key": 0, "osmid": "610043908", "highway": "primary", "lanes": "4", "maxspeed": null, "name": "Quirino Highway", "oneway": false, "reversed": "True", "length": 121.81556959236657, "ref": "127", "width": null, "bridge": null, "tunnel": null, "junction": null, "access": null }, "geometry": { "type": "LineString", "coordinates": [ [ 121.053441099999986, 14.7338883 ], [ 121.0535722, 14.7339307 ], [ 121.053905599999979, 14.73404 ], [ 121.053980200000012, 14.7340672 ], [ 121.0541309, 14.7341117 ], [ 121.0543384, 14.7341868 ], [ 121.0543846, 14.7342029 ], [ 121.0544214, 14.7342178 ], [ 121.054505, 14.7342607 ] ] } },
{ "type": "Feature", "properties": { "u": 5530804608, "v": 260903917, "key": 0, "osmid": "941731840", "highway": "secondary", "lanes": "2", "maxspeed": "40", "name": "Susano Road", "oneway": false, "reversed": "False", "length": 55.48450462862538, "ref": null, "width": null, "bridge": null, "tunnel": null, "junction": null, "access": null }, "geometry": { "type": "LineString", "coordinates": [ [ 121.0353728, 14.73224 ], [ 121.0351245, 14.7326774 ] ] } },
{ "type": "Feature", "properties": { "u": 5530804608, "v": 260903841, "key": 0, "osmid": "941731840", "highway": "secondary", "lanes": "2", "maxspeed": "40", "name": "Susano Road", "oneway": false, "reversed": "True", "length": 14.055160818977175, "ref": null, "width": null, "bridge": null, "tunnel": null, "junction": null, "access": null }, "geometry": { "type": "LineString", "coordinates": [ [ 121.0353728, 14.73224 ], [ 121.0354357, 14.7321292 ] ] } },
{ "type": "Feature", "properties": { "u": 260903917, "v": 5530804608, "key": 0, "osmid": "941731840", "highway": "secondary", "lanes": "2", "maxspeed": "40", "name": "Susano Road", "oneway": false, "reversed": "True", "length": 55.48450462862538, "ref": null, "width": null, "bridge": null, "tunnel": null, "junction": null, "access": null }, "geometry": { "type": "LineString", "coordinates": [ [ 121.0351245, 14.7326774 ], [ 121.0353728, 14.73224 ] ] } },
{ "type": "Feature", "properties": { "u": 260903917, "v": 260904564, "key": 0, "osmid": [ 941731840, 710056994, 1304682078 ], "highway": "secondary", "lanes": "2", "maxspeed": "40", "name": "Susano Road", "oneway": false, "reversed": "False", "length": 197.75573352435617, "ref": null, "width": null, "bridge": "yes", "tunnel": null, "junction": null, "access": null }, "geometry": { "type": "LineString", "coordinates": [ [ 121.0351245, 14.7326774 ], [ 121.0349077, 14.7330592 ], [ 121.0348799, 14.7331056 ], [ 121.0348496, 14.7331564 ], [ 121.0348109, 14.7332227 ], [ 121.0346647, 14.7334735 ], [ 121.0342331, 14.7342329 ] ] } },
{ "type": "Feature", "properties": { "u": 260903841, "v": 5530804608, "key": 0, "osmid": "941731840", "highway": "secondary", "lanes": "2", "maxspeed": "40", "name": "Susano Road", "oneway": false, "reversed": "False", "length": 14.055160818977175, "ref": null, "width": null, "bridge": null, "tunnel": null, "junction": null, "access": null }, "geometry": { "type": "LineString", "coordinates": [ [ 121.0354357, 14.7321292 ], [ 121.0353728, 14.73224 ] ] } },
{ "type": "Feature", "properties": { "u": 260903841, "v": 260903871, "key": 0, "osmid": "941731840", "highway": "secondary", "lanes": "2", "maxspeed": "40", "name": "Susano Road", "oneway": false, "reversed": "True", "length": 44.744510512692152, "ref": null, "width": null, "bridge": null, "tunnel": null, "junction": null, "access": null }, "geometry": { "type": "LineString", "coordinates": [ [ 121.0354357, 14.7321292 ], [ 121.035636, 14.7317765 ] ] } },
{ "type": "Feature", "properties": { "u": 1081729409, "v": 8610309234, "key": 0, "osmid": [ 676146953, 1303406106, 18578627, 1232095492 ], "highway": "primary", "lanes": [ "4", "2", "3" ], "maxspeed": null, "name": "North Avenue", "oneway": true, "reversed": "False", "length": 681.73398761251804, "ref": "173", "width": null, "bridge": null, "tunnel": null, "junction": null, "access": null }, "geometry": { "type": "LineString", "coordinates": [ [ 121.044894499999984, 14.6524613 ], [ 121.044544199999976, 14.6525385 ], [ 121.044480899999982, 14.6525524 ], [ 121.0436714, 14.6527307 ], [ 121.042462599999979, 14.6529929 ], [ 121.0408024, 14.653353 ], [ 121.0394922, 14.6536372 ], [ 121.0391441, 14.6537147 ], [ 121.038712800000013, 14.6538106 ] ] } },
{ "type": "Feature", "properties": { "u": 8610309234, "v": 5284188410, "key": 0, "osmid": "1078362941", "highway": "primary", "lanes": "3", "maxspeed": null, "name": "North Avenue", "oneway": true, "reversed": "False", "length": 16.026971432717854, "ref": "173", "width": null, "bridge": null, "tunnel": null, "junction": null, "access": null }, "geometry": { "type": "LineString", "coordinates": [ [ 121.038712800000013, 14.6538106 ], [ 121.038567900000018, 14.6538441 ] ] } },
{ "type": "Feature", "properties": { "u": 8349434254, "v": 311733853, "key": 0, "osmid": "1309416092", "highway": "primary", "lanes": "4", "maxspeed": null, "name": "Quirino Highway", "oneway": false, "reversed": "True", "length": 22.336693368974615, "ref": "127", "width": null, "bridge": null, "tunnel": null, "junction": null, "access": null }, "geometry": { "type": "LineString", "coordinates": [ [ 121.019052200000019, 14.6802493 ], [ 121.0189261, 14.6800897 ] ] } },
{ "type": "Feature", "properties": { "u": 8349434254, "v": 5870290011, "key": 0, "osmid": "129814574", "highway": "primary", "lanes": "4", "maxspeed": null, "name": "Quirino Highway", "oneway": false, "reversed": "False", "length": 167.87919803286042, "ref": "127", "width": null, "bridge": null, "tunnel": null, "junction": null, "access": null }, "geometry": { "type": "LineString", "coordinates": [ [ 121.019052200000019, 14.6802493 ], [ 121.019071100000019, 14.6802727 ], [ 121.0191301, 14.680346 ], [ 121.0192447, 14.6804891 ], [ 121.019455, 14.6807509 ], [ 121.01946879999997, 14.6807685 ], [ 121.019622899999987, 14.680956 ], [ 121.0198706, 14.6812569 ], [ 121.0200206, 14.6814332 ] ] } },
{ "type": "Feature", "properties": { "u": 311733853, "v": 8349434254, "key": 0, "osmid": "1309416092", "highway": "primary", "lanes": "4", "maxspeed": null, "name": "Quirino Highway", "oneway": false, "reversed": "False", "length": 22.336693368974615, "ref": "127", "width": null, "bridge": null, "tunnel": null, "junction": null, "access": null }, "geometry": { "type": "LineString", "coordinates": [ [ 121.0189261, 14.6800897 ], [ 121.019052200000019, 14.6802493 ] ] } },
{ "type": "Feature", "properties": { "u": 311733853, "v": 597896900, "key": 0, "osmid": "134891386", "highway": "secondary", "lanes": "2", "maxspeed": "40", "name": "Tandang Sora Avenue", "oneway": false, "reversed": "True", "length": 25.502831145185958, "ref": null, "width": null, "bridge": null, "tunnel": null, "junction": null, "access": null }, "geometry": { "type": "LineString", "coordinates": [ [ 121.0189261, 14.6800897 ], [ 121.019067599999985, 14.6800701 ], [ 121.0191609, 14.6800579 ] ] } },
{ "type": "Feature", "properties": { "u": 311733853, "v": 261041578, "key": 0, "osmid": [ 934022937, 319768659, 346005254 ], "highway": "secondary", "lanes": "2", "maxspeed": "30", "name": "Tandang Sora Avenue Extension", "oneway": false, "reversed": "False", "length": 353.47870006549812, "ref": null, "width": null, "bridge": null, "tunnel": null, "junction": null, "access": null }, "geometry": { "type": "LineString", "coordinates": [ [ 121.0189261, 14.6800897 ], [ 121.018769399999982, 14.6801049 ], [ 121.018456900000018, 14.6801316 ], [ 121.0183648, 14.6801445 ], [ 121.0181688, 14.6802155 ], [ 121.0178833, 14.6803252 ], [ 121.0176276, 14.6804045 ], [ 121.0175671, 14.6804174 ], [ 121.0171838, 14.6804975 ], [ 121.0169165, 14.6805413 ], [ 121.016649, 14.680587 ], [ 121.016515199999986, 14.6806083 ], [ 121.01617389999997, 14.6806369 ], [ 121.0158596, 14.6806435 ], [ 121.015712099999988, 14.6806459 ] ] } },
{ "type": "Feature", "properties": { "u": 311733853, "v": 250543841, "key": 0, "osmid": [ 1168884921, 129814575, 834542159 ], "highway": "primary", "lanes": "4", "maxspeed": null, "name": "Quirino Highway", "oneway": false, "reversed": "True", "length": 152.55205605570913, "ref": "127", "width": null, "bridge": null, "tunnel": null, "junction": null, "access": null }, "geometry": { "type": "LineString", "coordinates": [ [ 121.0189261, 14.6800897 ], [ 121.01885630000001, 14.6800062 ], [ 121.018847900000011, 14.6799954 ], [ 121.018689799999962, 14.6798162 ], [ 121.0186336, 14.6797491 ], [ 121.0186007, 14.6797084 ], [ 121.0184196, 14.6794922 ], [ 121.018027, 14.6790288 ] ] } },
{ "type": "Feature", "properties": { "u": 5870290011, "v": 616552543, "key": 0, "osmid": "129814574", "highway": "primary", "lanes": "4", "maxspeed": null, "name": "Quirino Highway", "oneway": false, "reversed": "False", "length": 141.72431565697127, "ref": "127", "width": null, "bridge": null, "tunnel": null, "junction": null, "access": null }, "geometry": { "type": "LineString", "coordinates": [ [ 121.0200206, 14.6814332 ], [ 121.020062, 14.6814796 ], [ 121.0201046, 14.6815328 ], [ 121.020267, 14.6817247 ], [ 121.020406, 14.6818926 ], [ 121.0206904, 14.6822259 ], [ 121.020854400000019, 14.68242 ] ] } },
{ "type": "Feature", "properties": { "u": 5870290011, "v": 8349434254, "key": 0, "osmid": "129814574", "highway": "primary", "lanes": "4", "maxspeed": null, "name": "Quirino Highway", "oneway": false, "reversed": "True", "length": 167.87919803286044, "ref": "127", "width": null, "bridge": null, "tunnel": null, "junction": null, "access": null }, "geometry": { "type": "LineString", "coordinates": [ [ 121.0200206, 14.6814332 ], [ 121.0198706, 14.6812569 ], [ 121.019622899999987, 14.680956 ], [ 121.01946879999997, 14.6807685 ], [ 121.019455, 14.6807509 ], [ 121.0192447, 14.6804891 ], [ 121.0191301, 14.680346 ], [ 121.019071100000019, 14.6802727 ], [ 121.019052200000019, 14.6802493 ] ] } },
{ "type": "Feature", "properties": { "u": 250544538, "v": 1005100835, "key": 0, "osmid": "834542161", "highway": "primary", "lanes": "4", "maxspeed": "60", "name": "Mindanao Avenue", "oneway": true, "reversed": "False", "length": 41.600319318774808, "ref": "128", "width": null, "bridge": null, "tunnel": null, "junction": null, "access": null }, "geometry": { "type": "LineString", "coordinates": [ [ 121.0321422, 14.6792255 ], [ 121.0321324, 14.6795995 ] ] } },
{ "type": "Feature", "properties": { "u": 1005100835, "v": 250543945, "key": 0, "osmid": "834542176", "highway": "primary", "lanes": "4", "maxspeed": "60", "name": "Mindanao Avenue", "oneway": true, "reversed": "False", "length": 35.361302268324309, "ref": "128", "width": null, "bridge": null, "tunnel": null, "junction": null, "access": null }, "geometry": { "type": "LineString", "coordinates": [ [ 121.0321324, 14.6795995 ], [ 121.032123700000014, 14.6799174 ] ] } },
{ "type": "Feature", "properties": { "u": 260899233, "v": 260900333, "key": 0, "osmid": "1307294933", "highway": "primary", "lanes": "4", "maxspeed": null, "name": "Quirino Highway", "oneway": false, "reversed": "True", "length": 43.502524653473138, "ref": "127", "width": null, "bridge": null, "tunnel": null, "junction": null, "access": null }, "geometry": { "type": "LineString", "coordinates": [ [ 121.0370133, 14.7036391 ], [ 121.037221699999989, 14.7039744 ] ] } },
{ "type": "Feature", "properties": { "u": 260899233, "v": 251108645, "key": 0, "osmid": [ 1058687152, 1304698353, 1307294933 ], "highway": "primary", "lanes": "4", "maxspeed": null, "name": "Quirino Highway", "oneway": false, "reversed": [ false, true ], "length": 322.75657239087508, "ref": "127", "width": null, "bridge": null, "tunnel": null, "junction": null, "access": null }, "geometry": { "type": "LineString", "coordinates": [ [ 121.0370133, 14.7036391 ], [ 121.0368402, 14.7033758 ], [ 121.036721200000017, 14.7031996 ], [ 121.036509399999986, 14.7028857 ], [ 121.0364578, 14.7028146 ], [ 121.036181199999987, 14.702434 ], [ 121.036111399999982, 14.7023428 ], [ 121.03606969999997, 14.7022895 ], [ 121.0359963, 14.7021957 ], [ 121.035985499999967, 14.7021821 ], [ 121.0359552, 14.7021463 ], [ 121.035839899999971, 14.7020034 ], [ 121.0357768, 14.701924 ], [ 121.0356205, 14.7017266 ], [ 121.035506299999966, 14.701591 ], [ 121.035264, 14.7012832 ] ] } },
{ "type": "Feature", "properties": { "u": 260900333, "v": 260899233, "key": 0, "osmid": "1307294933", "highway": "primary", "lanes": "4", "maxspeed": null, "name": "Quirino Highway", "oneway": false, "reversed": "False", "length": 43.502524653473138, "ref": "127", "width": null, "bridge": null, "tunnel": null, "junction": null, "access": null }, "geometry": { "type": "LineString", "coordinates": [ [ 121.037221699999989, 14.7039744 ], [ 121.0370133, 14.7036391 ] ] } },
{ "type": "Feature", "properties": { "u": 260900333, "v": 148905131, "key": 0, "osmid": "1307294933", "highway": "primary", "lanes": "4", "maxspeed": null, "name": "Quirino Highway", "oneway": false, "reversed": "True", "length": 232.5451704910848, "ref": "127", "width": null, "bridge": null, "tunnel": null, "junction": null, "access": null }, "geometry": { "type": "LineString", "coordinates": [ [ 121.037221699999989, 14.7039744 ], [ 121.03745760000001, 14.7043501 ], [ 121.0375594, 14.7045122 ], [ 121.037777, 14.70485 ], [ 121.0378951, 14.7050621 ], [ 121.038009699999975, 14.7053144 ], [ 121.0382299, 14.7058189 ] ] } },
{ "type": "Feature", "properties": { "u": 251108645, "v": 502956581, "key": 0, "osmid": "1304698353", "highway": "primary", "lanes": "4", "maxspeed": null, "name": "Quirino Highway", "oneway": false, "reversed": "True", "length": 8.4721918458885188, "ref": "127", "width": null, "bridge": null, "tunnel": null, "junction": null, "access": null }, "geometry": { "type": "LineString", "coordinates": [ [ 121.035264, 14.7012832 ], [ 121.035217499999987, 14.7012217 ] ] } },
{ "type": "Feature", "properties": { "u": 251108645, "v": 260899233, "key": 0, "osmid": [ 1058687152, 1304698353, 1307294933 ], "highway": "primary", "lanes": "4", "maxspeed": null, "name": "Quirino Highway", "oneway": false, "reversed": [ false, true ], "length": 322.75657239087508, "ref": "127", "width": null, "bridge": null, "tunnel": null, "junction": null, "access": null }, "geometry": { "type": "LineString", "coordinates": [ [ 121.035264, 14.7012832 ], [ 121.035506299999966, 14.701591 ], [ 121.0356205, 14.7017266 ], [ 121.0357768, 14.701924 ], [ 121.035839899999971, 14.7020034 ], [ 121.0359552, 14.7021463 ], [ 121.035985499999967, 14.7021821 ], [ 121.0359963, 14.7021957 ], [ 121.03606969999997, 14.7022895 ], [ 121.036111399999982, 14.7023428 ], [ 121.036181199999987, 14.702434 ], [ 121.0364578, 14.7028146 ], [ 121.036509399999986, 14.7028857 ], [ 121.036721200000017, 14.7031996 ], [ 121.0368402, 14.7033758 ], [ 121.0370133, 14.7036391 ] ] } },
{ "type": "Feature", "properties": { "u": 11867480481, "v": 2074398236, "key": 0, "osmid": "5019422", "highway": "primary", "lanes": "3", "maxspeed": "60", "name": "Quezon Avenue", "oneway": true, "reversed": "False", "length": 93.198122753982659, "ref": "170", "width": null, "bridge": null, "tunnel": null, "junction": null, "access": null }, "geometry": { "type": "LineString", "coordinates": [ [ 121.0468246, 14.6506391 ], [ 121.0468178, 14.6504845 ], [ 121.0467939, 14.6503262 ], [ 121.046744800000013, 14.6501805 ], [ 121.0467042, 14.6500954 ], [ 121.0466582, 14.6500204 ], [ 121.04660530000001, 14.6499394 ], [ 121.0465473, 14.6498647 ] ] } },
{ "type": "Feature", "properties": { "u": 11867480481, "v": 12120709523, "key": 0, "osmid": "670619384", "highway": "primary", "lanes": "8", "maxspeed": "60", "name": "Elliptical Road", "oneway": true, "reversed": "False", "length": 36.74437148842636, "ref": "170;173;174", "width": null, "bridge": null, "tunnel": null, "junction": null, "access": null }, "geometry": { "type": "LineString", "coordinates": [ [ 121.0468246, 14.6506391 ], [ 121.046911900000012, 14.6504601 ], [ 121.046977, 14.6503435 ] ] } },
{ "type": "Feature", "properties": { "u": 2074398236, "v": 5286055371, "key": 0, "osmid": "25819903", "highway": "primary", "lanes": "4", "maxspeed": "60", "name": "Quezon Avenue", "oneway": true, "reversed": "False", "length": 457.32934210790143, "ref": "170", "width": null, "bridge": null, "tunnel": null, "junction": null, "access": null }, "geometry": { "type": "LineString", "coordinates": [ [ 121.0465473, 14.6498647 ], [ 121.0458098, 14.6494107 ], [ 121.04570019999997, 14.6493439 ], [ 121.0429551, 14.6476654 ] ] } },
{ "type": "Feature", "properties": { "u": 12120709523, "v": 12120709519, "key": 0, "osmid": [ 670619384, 481337821 ], "highway": "primary", "lanes": "8", "maxspeed": "60", "name": "Elliptical Road", "oneway": true, "reversed": "False", "length": 59.9367924407168, "ref": "170;173;174", "width": null, "bridge": null, "tunnel": null, "junction": null, "access": null }, "geometry": { "type": "LineString", "coordinates": [ [ 121.046977, 14.6503435 ], [ 121.047009100000011, 14.650286 ], [ 121.04711589999998, 14.6501171 ], [ 121.0472393, 14.649946 ], [ 121.0472805, 14.6498921 ] ] } },
{ "type": "Feature", "properties": { "u": 12120709523, "v": 2057196837, "key": 0, "osmid": "1308862963", "highway": "primary", "lanes": null, "maxspeed": null, "name": "Quezon Avenue", "oneway": true, "reversed": "False", "length": 38.497433687341143, "ref": "170", "width": null, "bridge": null, "tunnel": null, "junction": null, "access": null }, "geometry": { "type": "LineString", "coordinates": [ [ 121.046977, 14.6503435 ], [ 121.0469748, 14.6502686 ], [ 121.046956900000012, 14.6501956 ], [ 121.0469243, 14.6501276 ], [ 121.0468782, 14.6500674 ], [ 121.0468438, 14.6500351 ] ] } },
{ "type": "Feature", "properties": { "u": 24265131, "v": 29025724, "key": 0, "osmid": [ 883216505, 4180002 ], "highway": "secondary", "lanes": "4", "maxspeed": "40", "name": "Carlos P. Garcia Avenue", "oneway": false, "reversed": "False", "length": 17.837297542324738, "ref": null, "width": null, "bridge": null, "tunnel": null, "junction": null, "access": null }, "geometry": { "type": "LineString", "coordinates": [ [ 121.05842149999998, 14.6548924 ], [ 121.058423, 14.6548112 ], [ 121.058423500000018, 14.654732 ] ] } },
{ "type": "Feature", "properties": { "u": 24265131, "v": 5475576580, "key": 0, "osmid": [ 1065527808, 29251656 ], "highway": "secondary", "lanes": "3", "maxspeed": null, "name": "University Avenue", "oneway": true, "reversed": "False", "length": 328.75214834882394, "ref": "175", "width": null, "bridge": null, "tunnel": null, "junction": null, "access": null }, "geometry": { "type": "LineString", "coordinates": [ [ 121.05842149999998, 14.6548924 ], [ 121.058250499999986, 14.6548899 ], [ 121.057834599999978, 14.6548869 ], [ 121.0566538, 14.6548783 ], [ 121.0562803, 14.6548789 ], [ 121.0561569, 14.6548822 ], [ 121.05607710000001, 14.6548828 ], [ 121.0559873, 14.6548874 ], [ 121.0559176, 14.6548962 ], [ 121.055866699999982, 14.6549095 ], [ 121.055832200000012, 14.6549249 ], [ 121.055794799999973, 14.6549397 ], [ 121.0557526, 14.6549673 ], [ 121.05572669999998, 14.6550011 ], [ 121.0557076, 14.6550363 ], [ 121.055695700000015, 14.6550753 ], [ 121.0556938, 14.6551255 ], [ 121.055703800000018, 14.6551665 ], [ 121.0557188, 14.6552044 ], [ 121.0557616, 14.6552973 ] ] } },
{ "type": "Feature", "properties": { "u": 29025724, "v": 5766134850, "key": 0, "osmid": "244415606", "highway": "secondary", "lanes": "4", "maxspeed": "40", "name": "Carlos P. Garcia Avenue", "oneway": false, "reversed": "False", "length": 407.06562076075591, "ref": null, "width": null, "bridge": null, "tunnel": null, "junction": null, "access": null }, "geometry": { "type": "LineString", "coordinates": [ [ 121.058423500000018, 14.654732 ], [ 121.0584641, 14.6545275 ], [ 121.0585807, 14.6539389 ], [ 121.058581, 14.6539377 ], [ 121.0585898, 14.6538934 ], [ 121.0585979, 14.6538521 ], [ 121.05872530000002, 14.6532094 ], [ 121.0588114, 14.6527753 ], [ 121.058890199999979, 14.6523777 ], [ 121.058914, 14.6522573 ], [ 121.058926900000017, 14.6521927 ], [ 121.058956699999982, 14.6520422 ], [ 121.0590106, 14.6517704 ], [ 121.059096, 14.6513396 ], [ 121.059136199999969, 14.6511367 ] ] } },
{ "type": "Feature", "properties": { "u": 29025724, "v": 24265131, "key": 0, "osmid": [ 883216505, 4180002 ], "highway": "secondary", "lanes": "4", "maxspeed": "40", "name": "Carlos P. Garcia Avenue", "oneway": false, "reversed": "True", "length": 17.837297542324738, "ref": null, "width": null, "bridge": null, "tunnel": null, "junction": null, "access": null }, "geometry": { "type": "LineString", "coordinates": [ [ 121.058423500000018, 14.654732 ], [ 121.058423, 14.6548112 ], [ 121.05842149999998, 14.6548924 ] ] } },
{ "type": "Feature", "properties": { "u": 5475576580, "v": 5475576590, "key": 0, "osmid": [ 846604781, 846602460, 846602461, 846604780 ], "highway": "primary", "lanes": [ "6", "5" ], "maxspeed": "60", "name": "Commonwealth Avenue", "oneway": true, "reversed": "False", "length": 237.94162945455477, "ref": "170", "width": null, "bridge": null, "tunnel": null, "junction": null, "access": null }, "geometry": { "type": "LineString", "coordinates": [ [ 121.0557616, 14.6552973 ], [ 121.056491199999968, 14.6557855 ], [ 121.0565834, 14.6558465 ], [ 121.05751930000001, 14.6564651 ], [ 121.057585, 14.6565085 ] ] } },
{ "type": "Feature", "properties": { "u": 9958498733, "v": 12100102403, "key": 0, "osmid": [ 324169537, 902564617 ], "highway": "primary", "lanes": "2", "maxspeed": null, "name": "North Avenue", "oneway": true, "reversed": "False", "length": 53.05124006193347, "ref": "173", "width": null, "bridge": null, "tunnel": "building_passage", "junction": null, "access": null }, "geometry": { "type": "LineString", "coordinates": [ [ 121.0328484, 14.6549924 ], [ 121.033103900000015, 14.6549387 ], [ 121.0333303, 14.6548911 ] ] } },
{ "type": "Feature", "properties": { "u": 12100102403, "v": 5282305988, "key": 0, "osmid": "324169537", "highway": "primary", "lanes": "2", "maxspeed": null, "name": "North Avenue", "oneway": true, "reversed": "False", "length": 106.06551883718431, "ref": "173", "width": null, "bridge": null, "tunnel": null, "junction": null, "access": null }, "geometry": { "type": "LineString", "coordinates": [ [ 121.0333303, 14.6548911 ], [ 121.034293, 14.6546852 ] ] } },
{ "type": "Feature", "properties": { "u": 9958498734, "v": 12444293818, "key": 0, "osmid": [ 1333425572, 324169527 ], "highway": "primary", "lanes": "2", "maxspeed": null, "name": "North Avenue", "oneway": true, "reversed": "False", "length": 59.69780304961845, "ref": "173", "width": null, "bridge": null, "tunnel": "building_passage", "junction": null, "access": null }, "geometry": { "type": "LineString", "coordinates": [ [ 121.032873, 14.6551098 ], [ 121.0325772, 14.6551754 ], [ 121.032530899999983, 14.6551857 ], [ 121.0324383, 14.6552058 ], [ 121.032331900000017, 14.6552289 ] ] } },
{ "type": "Feature", "properties": { "u": 12444293818, "v": 12444293816, "key": 0, "osmid": "324169527", "highway": "primary", "lanes": "2", "maxspeed": null, "name": "North Avenue", "oneway": true, "reversed": "False", "length": 46.52625108240867, "ref": "173", "width": null, "bridge": null, "tunnel": "building_passage", "junction": null, "access": null }, "geometry": { "type": "LineString", "coordinates": [ [ 121.032331900000017, 14.6552289 ], [ 121.0319099, 14.6553205 ] ] } },
{ "type": "Feature", "properties": { "u": 5282193839, "v": 250545678, "key": 0, "osmid": "801352112", "highway": "primary", "lanes": "2", "maxspeed": null, "name": "West Avenue", "oneway": true, "reversed": "False", "length": 391.14159319869225, "ref": "171", "width": "7", "bridge": null, "tunnel": null, "junction": null, "access": null }, "geometry": { "type": "LineString", "coordinates": [ [ 121.029683699999978, 14.6543151 ], [ 121.029316300000019, 14.6527007 ], [ 121.029289300000016, 14.6525824 ], [ 121.02891769999998, 14.6509495 ], [ 121.0289004, 14.6508801 ] ] } },
{ "type": "Feature", "properties": { "u": 250545678, "v": 12336748358, "key": 0, "osmid": "11626571", "highway": "primary", "lanes": "2", "maxspeed": null, "name": "West Avenue", "oneway": true, "reversed": "False", "length": 222.1791462596903, "ref": "171", "width": "7", "bridge": null, "tunnel": null, "junction": null, "access": null }, "geometry": { "type": "LineString", "coordinates": [ [ 121.0289004, 14.6508801 ], [ 121.0288812, 14.6507926 ], [ 121.0284537, 14.6489293 ] ] } },
{ "type": "Feature", "properties": { "u": 8314110425, "v": 313283399, "key": 0, "osmid": "164437555", "highway": "primary", "lanes": "2", "maxspeed": "40", "name": "General Luis Street", "oneway": false, "reversed": "False", "length": 12.687234641445352, "ref": "118", "width": null, "bridge": null, "tunnel": null, "junction": null, "access": null }, "geometry": { "type": "LineString", "coordinates": [ [ 121.0228157, 14.7193728 ], [ 121.022699, 14.7193895 ] ] } },
{ "type": "Feature", "properties": { "u": 8314110425, "v": 260905401, "key": 0, "osmid": "164437555", "highway": "primary", "lanes": "2", "maxspeed": "40", "name": "General Luis Street", "oneway": false, "reversed": "True", "length": 45.857029567168389, "ref": "118", "width": null, "bridge": null, "tunnel": null, "junction": null, "access": null }, "geometry": { "type": "LineString", "coordinates": [ [ 121.0228157, 14.7193728 ], [ 121.0231674, 14.7193224 ], [ 121.023237599999987, 14.7193131 ] ] } },
{ "type": "Feature", "properties": { "u": 313283399, "v": 8314110425, "key": 0, "osmid": "164437555", "highway": "primary", "lanes": "2", "maxspeed": "40", "name": "General Luis Street", "oneway": false, "reversed": "True", "length": 12.687234641445352, "ref": "118", "width": null, "bridge": null, "tunnel": null, "junction": null, "access": null }, "geometry": { "type": "LineString", "coordinates": [ [ 121.022699, 14.7193895 ], [ 121.0228157, 14.7193728 ] ] } },
{ "type": "Feature", "properties": { "u": 313283399, "v": 5817156714, "key": 0, "osmid": "164437555", "highway": "primary", "lanes": "2", "maxspeed": "40", "name": "General Luis Street", "oneway": false, "reversed": "False", "length": 33.490184192738113, "ref": "118", "width": null, "bridge": null, "tunnel": null, "junction": null, "access": null }, "geometry": { "type": "LineString", "coordinates": [ [ 121.022699, 14.7193895 ], [ 121.0225982, 14.719404 ], [ 121.02239179999998, 14.7194387 ] ] } },
{ "type": "Feature", "properties": { "u": 260905401, "v": 8314110425, "key": 0, "osmid": "164437555", "highway": "primary", "lanes": "2", "maxspeed": "40", "name": "General Luis Street", "oneway": false, "reversed": "False", "length": 45.857029567168389, "ref": "118", "width": null, "bridge": null, "tunnel": null, "junction": null, "access": null }, "geometry": { "type": "LineString", "coordinates": [ [ 121.023237599999987, 14.7193131 ], [ 121.0231674, 14.7193224 ], [ 121.0228157, 14.7193728 ] ] } },
{ "type": "Feature", "properties": { "u": 260905401, "v": 312721248, "key": 0, "osmid": "164437555", "highway": "primary", "lanes": "2", "maxspeed": "40", "name": "General Luis Street", "oneway": false, "reversed": "True", "length": 102.53424978920181, "ref": "118", "width": null, "bridge": null, "tunnel": null, "junction": null, "access": null }, "geometry": { "type": "LineString", "coordinates": [ [ 121.023237599999987, 14.7193131 ], [ 121.023592099999988, 14.7192674 ], [ 121.0238175, 14.7192375 ], [ 121.0239227, 14.7192254 ], [ 121.0240351, 14.7192125 ], [ 121.024183500000021, 14.7191983 ] ] } },
{ "type": "Feature", "properties": { "u": 250544641, "v": 12083435947, "key": 0, "osmid": "134642131", "highway": "primary", "lanes": "2", "maxspeed": null, "name": "Quirino Highway", "oneway": true, "reversed": "False", "length": 81.372139943989211, "ref": "127", "width": null, "bridge": null, "tunnel": null, "junction": null, "access": null }, "geometry": { "type": "LineString", "coordinates": [ [ 121.0242267, 14.68619 ], [ 121.0243063, 14.6862711 ], [ 121.024375299999988, 14.6863792 ], [ 121.0244163, 14.6864527 ], [ 121.0244968, 14.6865791 ], [ 121.024615, 14.6867393 ], [ 121.0246535, 14.6867915 ] ] } },
{ "type": "Feature", "properties": { "u": 250544641, "v": 250546982, "key": 0, "osmid": [ 129814574, 1061522807 ], "highway": "primary", "lanes": "4", "maxspeed": null, "name": "Quirino Highway", "oneway": false, "reversed": "True", "length": 24.813273995688089, "ref": "127", "width": null, "bridge": null, "tunnel": null, "junction": null, "access": null }, "geometry": { "type": "LineString", "coordinates": [ [ 121.0242267, 14.68619 ], [ 121.0241988, 14.686135 ], [ 121.024124799999981, 14.6859898 ] ] } },
{ "type": "Feature", "properties": { "u": 12083435947, "v": 12083435944, "key": 0, "osmid": "134642131", "highway": "primary", "lanes": "2", "maxspeed": null, "name": "Quirino Highway", "oneway": true, "reversed": "False", "length": 41.036028078846947, "ref": "127", "width": null, "bridge": null, "tunnel": null, "junction": null, "access": null }, "geometry": { "type": "LineString", "coordinates": [ [ 121.0246535, 14.6867915 ], [ 121.024832099999969, 14.6870331 ], [ 121.024875400000013, 14.6870917 ] ] } },
{ "type": "Feature", "properties": { "u": 250546982, "v": 250544641, "key": 0, "osmid": [ 129814574, 1061522807 ], "highway": "primary", "lanes": "4", "maxspeed": null, "name": "Quirino Highway", "oneway": false, "reversed": "False", "length": 24.813273995688089, "ref": "127", "width": null, "bridge": null, "tunnel": null, "junction": null, "access": null }, "geometry": { "type": "LineString", "coordinates": [ [ 121.024124799999981, 14.6859898 ], [ 121.0241988, 14.686135 ], [ 121.0242267, 14.68619 ] ] } },
{ "type": "Feature", "properties": { "u": 250546982, "v": 1323448476, "key": 0, "osmid": "129814574", "highway": "primary", "lanes": "4", "maxspeed": null, "name": "Quirino Highway", "oneway": false, "reversed": "True", "length": 100.45706180235157, "ref": "127", "width": null, "bridge": null, "tunnel": null, "junction": null, "access": null }, "geometry": { "type": "LineString", "coordinates": [ [ 121.024124799999981, 14.6859898 ], [ 121.0238815, 14.6855301 ], [ 121.0238246, 14.6854215 ], [ 121.0237592, 14.6853046 ], [ 121.023687199999969, 14.6851921 ] ] } },
{ "type": "Feature", "properties": { "u": 11568439828, "v": 251622768, "key": 0, "osmid": "51801731", "highway": "primary", "lanes": "2", "maxspeed": null, "name": "Regalado Highway", "oneway": true, "reversed": "False", "length": 124.63871966573772, "ref": null, "width": null, "bridge": null, "tunnel": null, "junction": null, "access": null }, "geometry": { "type": "LineString", "coordinates": [ [ 121.061245099999979, 14.7276884 ], [ 121.0612469, 14.7288093 ] ] } },
{ "type": "Feature", "properties": { "u": 251622768, "v": 5536826869, "key": 0, "osmid": "51801731", "highway": "primary", "lanes": "2", "maxspeed": null, "name": "Regalado Highway", "oneway": true, "reversed": "False", "length": 96.007591609352616, "ref": null, "width": null, "bridge": null, "tunnel": null, "junction": null, "access": null }, "geometry": { "type": "LineString", "coordinates": [ [ 121.0612469, 14.7288093 ], [ 121.0612523, 14.7296727 ] ] } },
{ "type": "Feature", "properties": { "u": 452821528, "v": 614537559, "key": 0, "osmid": "46702708", "highway": "primary", "lanes": "4", "maxspeed": "60", "name": "Mindanao Avenue", "oneway": true, "reversed": "False", "length": 133.04332741536035, "ref": "128", "width": null, "bridge": null, "tunnel": null, "junction": null, "access": null }, "geometry": { "type": "LineString", "coordinates": [ [ 121.026172, 14.6920386 ], [ 121.0260513, 14.6920866 ], [ 121.025918899999979, 14.6921249 ], [ 121.02578579999998, 14.6921552 ], [ 121.025678599999978, 14.6921764 ], [ 121.025562799999989, 14.6921943 ], [ 121.0252374, 14.6922348 ], [ 121.024961500000018, 14.6922555 ] ] } },
{ "type": "Feature", "properties": { "u": 614537559, "v": 35729481, "key": 0, "osmid": "46702708", "highway": "primary", "lanes": "4", "maxspeed": "60", "name": "Mindanao Avenue", "oneway": true, "reversed": "False", "length": 42.037948828730912, "ref": "128", "width": null, "bridge": null, "tunnel": null, "junction": null, "access": null }, "geometry": { "type": "LineString", "coordinates": [ [ 121.024961500000018, 14.6922555 ], [ 121.0245717, 14.692283 ] ] } },
{ "type": "Feature", "properties": { "u": 250547036, "v": 219963934, "key": 0, "osmid": "4928675", "highway": "secondary", "lanes": "2", "maxspeed": "40", "name": "Tandang Sora Avenue", "oneway": false, "reversed": "False", "length": 32.892008445699211, "ref": null, "width": null, "bridge": null, "tunnel": null, "junction": null, "access": null }, "geometry": { "type": "LineString", "coordinates": [ [ 121.0351385, 14.6767189 ], [ 121.034833, 14.6767316 ] ] } },
{ "type": "Feature", "properties": { "u": 250547036, "v": 32425200, "key": 0, "osmid": "4928675", "highway": "secondary", "lanes": "2", "maxspeed": "40", "name": "Tandang Sora Avenue", "oneway": false, "reversed": "True", "length": 31.667171098659367, "ref": null, "width": null, "bridge": null, "tunnel": null, "junction": null, "access": null }, "geometry": { "type": "LineString", "coordinates": [ [ 121.0351385, 14.6767189 ], [ 121.0354323, 14.6767008 ] ] } },
{ "type": "Feature", "properties": { "u": 452821536, "v": 452821539, "key": 0, "osmid": "38342373", "highway": "primary", "lanes": "4", "maxspeed": "60", "name": "Mindanao Avenue", "oneway": true, "reversed": "False", "length": 130.99421030910747, "ref": "128", "width": null, "bridge": null, "tunnel": null, "junction": null, "access": null }, "geometry": { "type": "LineString", "coordinates": [ [ 121.0297696, 14.6888846 ], [ 121.030082399999984, 14.6887117 ], [ 121.030203799999981, 14.6886263 ], [ 121.030327799999981, 14.6885477 ], [ 121.030744199999987, 14.6881866 ] ] } },
{ "type": "Feature", "properties": { "u": 452821539, "v": 2562992127, "key": 0, "osmid": "38342373", "highway": "primary", "lanes": "4", "maxspeed": "60", "name": "Mindanao Avenue", "oneway": true, "reversed": "False", "length": 194.46710234804095, "ref": "128", "width": null, "bridge": null, "tunnel": null, "junction": null, "access": null }, "geometry": { "type": "LineString", "coordinates": [ [ 121.030744199999987, 14.6881866 ], [ 121.03086780000001, 14.6880605 ], [ 121.031052099999982, 14.6878616 ], [ 121.0312006, 14.6876534 ], [ 121.0313138, 14.6874404 ], [ 121.031379399999977, 14.6872545 ], [ 121.031423799999985, 14.6870249 ], [ 121.031461799999988, 14.6868258 ], [ 121.0314827, 14.6867164 ], [ 121.03149639999998, 14.6866458 ] ] } },
{ "type": "Feature", "properties": { "u": 2562992127, "v": 9735505174, "key": 0, "osmid": "38342373", "highway": "primary", "lanes": "4", "maxspeed": "60", "name": "Mindanao Avenue", "oneway": true, "reversed": "False", "length": 13.384291910639938, "ref": "128", "width": null, "bridge": null, "tunnel": null, "junction": null, "access": null }, "geometry": { "type": "LineString", "coordinates": [ [ 121.03149639999998, 14.6866458 ], [ 121.0314998, 14.6866267 ], [ 121.031518800000015, 14.6865274 ] ] } },
{ "type": "Feature", "properties": { "u": 502956581, "v": 251108645, "key": 0, "osmid": "1304698353", "highway": "primary", "lanes": "4", "maxspeed": null, "name": "Quirino Highway", "oneway": false, "reversed": "False", "length": 8.4721918458885188, "ref": "127", "width": null, "bridge": null, "tunnel": null, "junction": null, "access": null }, "geometry": { "type": "LineString", "coordinates": [ [ 121.035217499999987, 14.7012217 ], [ 121.035264, 14.7012832 ] ] } },
{ "type": "Feature", "properties": { "u": 502956581, "v": 148904506, "key": 0, "osmid": "1304698352", "highway": "primary", "lanes": "4", "maxspeed": null, "name": "Quirino Highway", "oneway": false, "reversed": "True", "length": 56.759524659232831, "ref": "127", "width": null, "bridge": null, "tunnel": null, "junction": null, "access": null }, "geometry": { "type": "LineString", "coordinates": [ [ 121.035217499999987, 14.7012217 ], [ 121.035068799999976, 14.7010328 ], [ 121.03492150000001, 14.7007999 ] ] } },
{ "type": "Feature", "properties": { "u": 148904506, "v": 502956581, "key": 0, "osmid": "1304698352", "highway": "primary", "lanes": "4", "maxspeed": null, "name": "Quirino Highway", "oneway": false, "reversed": "False", "length": 56.759524659232831, "ref": "127", "width": null, "bridge": null, "tunnel": null, "junction": null, "access": null }, "geometry": { "type": "LineString", "coordinates": [ [ 121.03492150000001, 14.7007999 ], [ 121.035068799999976, 14.7010328 ], [ 121.035217499999987, 14.7012217 ] ] } },
{ "type": "Feature", "properties": { "u": 148904506, "v": 260901837, "key": 0, "osmid": [ 1304960969, 1377595118, 1377595119, 1377595120, 1058687153, 1303783637 ], "highway": "primary", "lanes": "4", "maxspeed": null, "name": "Quirino Highway", "oneway": false, "reversed": "True", "length": 146.57265830987336, "ref": "127", "width": null, "bridge": null, "tunnel": null, "junction": null, "access": null }, "geometry": { "type": "LineString", "coordinates": [ [ 121.03492150000001, 14.7007999 ], [ 121.0348698, 14.7006976 ], [ 121.034790300000012, 14.7005403 ], [ 121.0347128, 14.7003919 ], [ 121.0346368, 14.7002487 ], [ 121.0345918, 14.7001647 ], [ 121.034483799999975, 14.6999633 ], [ 121.034463300000013, 14.699925 ], [ 121.0344356, 14.699869 ], [ 121.0344009, 14.6998032 ], [ 121.034361, 14.6997329 ], [ 121.0343122, 14.699641 ], [ 121.0343037, 14.6996251 ] ] } },
{ "type": "Feature", "properties": { "u": 1704239655, "v": 2140942674, "key": 0, "osmid": "1160607520", "highway": "primary", "lanes": "4", "maxspeed": null, "name": "Quirino Highway", "oneway": false, "reversed": "False", "length": 181.07104444473319, "ref": "127", "width": null, "bridge": null, "tunnel": null, "junction": null, "access": null }, "geometry": { "type": "LineString", "coordinates": [ [ 121.045679199999981, 14.7308344 ], [ 121.045538300000018, 14.7308165 ], [ 121.045500299999986, 14.7308104 ], [ 121.045339200000015, 14.7307848 ], [ 121.045260399999975, 14.7307655 ], [ 121.0451746, 14.7307363 ], [ 121.045082, 14.7306991 ], [ 121.0450002, 14.7306557 ], [ 121.044895699999984, 14.7305877 ], [ 121.0447237, 14.7304684 ], [ 121.0442086, 14.7301069 ] ] } },
{ "type": "Feature", "properties": { "u": 1704239655, "v": 911527341, "key": 0, "osmid": "1160607520", "highway": "primary", "lanes": "4", "maxspeed": null, "name": "Quirino Highway", "oneway": false, "reversed": "True", "length": 184.89775552599778, "ref": "127", "width": null, "bridge": null, "tunnel": null, "junction": null, "access": null }, "geometry": { "type": "LineString", "coordinates": [ [ 121.045679199999981, 14.7308344 ], [ 121.0460466, 14.73089 ], [ 121.0461151, 14.7309004 ], [ 121.046202199999968, 14.7309136 ], [ 121.0464175, 14.7309462 ], [ 121.0464684, 14.7309539 ], [ 121.046532, 14.7309635 ], [ 121.0469451, 14.7310261 ], [ 121.0469905, 14.7310329 ], [ 121.04720420000001, 14.7310642 ], [ 121.047315700000013, 14.7310806 ], [ 121.047378100000017, 14.73109 ] ] } },
{ "type": "Feature", "properties": { "u": 2140942674, "v": 12075479044, "key": 0, "osmid": "1160607520", "highway": "primary", "lanes": "4", "maxspeed": null, "name": "Quirino Highway", "oneway": false, "reversed": "False", "length": 234.95300628925906, "ref": "127", "width": null, "bridge": null, "tunnel": null, "junction": null, "access": null }, "geometry": { "type": "LineString", "coordinates": [ [ 121.0442086, 14.7301069 ], [ 121.0441605, 14.7300736 ], [ 121.044129499999983, 14.7300523 ], [ 121.0440699, 14.7300117 ], [ 121.0440162, 14.7299748 ], [ 121.043896199999978, 14.7298924 ], [ 121.0437678, 14.7298043 ], [ 121.043328799999983, 14.7295017 ], [ 121.042965099999989, 14.7292476 ], [ 121.0424271, 14.7288838 ] ] } },
{ "type": "Feature", "properties": { "u": 2140942674, "v": 1704239655, "key": 0, "osmid": "1160607520", "highway": "primary", "lanes": "4", "maxspeed": null, "name": "Quirino Highway", "oneway": false, "reversed": "True", "length": 181.07104444473316, "ref": "127", "width": null, "bridge": null, "tunnel": null, "junction": null, "access": null }, "geometry": { "type": "LineString", "coordinates": [ [ 121.0442086, 14.7301069 ], [ 121.0447237, 14.7304684 ], [ 121.044895699999984, 14.7305877 ], [ 121.0450002, 14.7306557 ], [ 121.045082, 14.7306991 ], [ 121.0451746, 14.7307363 ], [ 121.045260399999975, 14.7307655 ], [ 121.045339200000015, 14.7307848 ], [ 121.045500299999986, 14.7308104 ], [ 121.045538300000018, 14.7308165 ], [ 121.045679199999981, 14.7308344 ] ] } },
{ "type": "Feature", "properties": { "u": 911527341, "v": 911527342, "key": 0, "osmid": "941645837", "highway": "primary", "lanes": "4", "maxspeed": null, "name": "Quirino Highway", "oneway": false, "reversed": "True", "length": 14.30634742667182, "ref": "127", "width": null, "bridge": null, "tunnel": null, "junction": null, "access": "yes" }, "geometry": { "type": "LineString", "coordinates": [ [ 121.047378100000017, 14.73109 ], [ 121.0475101, 14.731106 ] ] } },
{ "type": "Feature", "properties": { "u": 911527341, "v": 72685187, "key": 0, "osmid": [ 941651668, 9473117 ], "highway": "primary", "lanes": "3", "maxspeed": "60", "name": "Commonwealth Avenue", "oneway": true, "reversed": "False", "length": 701.86669953530793, "ref": "170", "width": null, "bridge": null, "tunnel": null, "junction": null, "access": null }, "geometry": { "type": "LineString", "coordinates": [ [ 121.047378100000017, 14.73109 ], [ 121.0473753, 14.7310191 ], [ 121.0473209, 14.7296351 ], [ 121.0473088, 14.7290294 ], [ 121.047303899999974, 14.728781 ], [ 121.0472972, 14.7284431 ], [ 121.0472888, 14.7279917 ], [ 121.0472795, 14.7274974 ], [ 121.047283300000018, 14.7274067 ], [ 121.0473282, 14.7272148 ], [ 121.0473819, 14.7270452 ], [ 121.047440900000012, 14.7269066 ], [ 121.047533299999984, 14.7267379 ], [ 121.0476582, 14.7265623 ], [ 121.0486017, 14.7253943 ], [ 121.048743299999984, 14.725226 ] ] } },
{ "type": "Feature", "properties": { "u": 911527341, "v": 1704239655, "key": 0, "osmid": "1160607520", "highway": "primary", "lanes": "4", "maxspeed": null, "name": "Quirino Highway", "oneway": false, "reversed": "False", "length": 184.89775552599781, "ref": "127", "width": null, "bridge": null, "tunnel": null, "junction": null, "access": null }, "geometry": { "type": "LineString", "coordinates": [ [ 121.047378100000017, 14.73109 ], [ 121.047315700000013, 14.7310806 ], [ 121.04720420000001, 14.7310642 ], [ 121.0469905, 14.7310329 ], [ 121.0469451, 14.7310261 ], [ 121.046532, 14.7309635 ], [ 121.0464684, 14.7309539 ], [ 121.0464175, 14.7309462 ], [ 121.046202199999968, 14.7309136 ], [ 121.0461151, 14.7309004 ], [ 121.0460466, 14.73089 ], [ 121.045679199999981, 14.7308344 ] ] } },
{ "type": "Feature", "properties": { "u": 8655323690, "v": 311001394, "key": 0, "osmid": "1059048815", "highway": "primary", "lanes": "1", "maxspeed": null, "name": "Quirino Highway", "oneway": true, "reversed": "False", "length": 140.15513060711186, "ref": "127", "width": null, "bridge": null, "tunnel": null, "junction": null, "access": null }, "geometry": { "type": "LineString", "coordinates": [ [ 121.0695511, 14.735626 ], [ 121.069853, 14.7359074 ], [ 121.0704895, 14.7365007 ] ] } },
{ "type": "Feature", "properties": { "u": 2467398191, "v": 298098895, "key": 0, "osmid": "643299359", "highway": "primary", "lanes": "3", "maxspeed": "60", "name": "EDSA", "oneway": true, "reversed": "False", "length": 25.042520107673763, "ref": "1", "width": null, "bridge": null, "tunnel": null, "junction": null, "access": null }, "geometry": { "type": "LineString", "coordinates": [ [ 121.0372887, 14.6441934 ], [ 121.037414, 14.6440036 ] ] } },
{ "type": "Feature", "properties": { "u": 2467398191, "v": 286083494, "key": 0, "osmid": "238932950", "highway": "primary", "lanes": "2", "maxspeed": "60", "name": "Quezon Avenue", "oneway": true, "reversed": "False", "length": 332.66637072579027, "ref": "170", "width": null, "bridge": null, "tunnel": null, "junction": null, "access": null }, "geometry": { "type": "LineString", "coordinates": [ [ 121.0372887, 14.6441934 ], [ 121.036438100000012, 14.6436616 ], [ 121.036404799999985, 14.6436411 ], [ 121.03468, 14.6425872 ] ] } },
{ "type": "Feature", "properties": { "u": 286083494, "v": 4503317119, "key": 0, "osmid": "481320505", "highway": "primary", "lanes": "4", "maxspeed": "60", "name": "Quezon Avenue", "oneway": true, "reversed": "False", "length": 15.344336496093206, "ref": "170", "width": null, "bridge": null, "tunnel": null, "junction": null, "access": null }, "geometry": { "type": "LineString", "coordinates": [ [ 121.03468, 14.6425872 ], [ 121.0346318, 14.6425588 ], [ 121.0345837, 14.6424896 ] ] } },
{ "type": "Feature", "properties": { "u": 7041200008, "v": 7041200005, "key": 0, "osmid": "753615422", "highway": "primary", "lanes": "2", "maxspeed": null, "name": "Quirino Highway", "oneway": true, "reversed": "False", "length": 110.04509077640054, "ref": "127", "width": null, "bridge": null, "tunnel": null, "junction": null, "access": null }, "geometry": { "type": "LineString", "coordinates": [ [ 121.029406300000019, 14.6922779 ], [ 121.02971909999998, 14.6926236 ], [ 121.029856099999989, 14.6927834 ], [ 121.030063100000021, 14.6930364 ] ] } },
{ "type": "Feature", "properties": { "u": 250544714, "v": 12111441723, "key": 0, "osmid": "1333442521", "highway": "primary", "lanes": "2", "maxspeed": null, "name": "West Avenue", "oneway": true, "reversed": "False", "length": 6.7426468447711088, "ref": "171", "width": "7", "bridge": null, "tunnel": null, "junction": null, "access": null }, "geometry": { "type": "LineString", "coordinates": [ [ 121.02854619999998, 14.6488756 ], [ 121.028558799999985, 14.648935 ] ] } },
{ "type": "Feature", "properties": { "u": 12111441723, "v": 12336748359, "key": 0, "osmid": "1333442521", "highway": "primary", "lanes": "2", "maxspeed": null, "name": "West Avenue", "oneway": true, "reversed": "False", "length": 218.89608245193998, "ref": "171", "width": "7", "bridge": null, "tunnel": null, "junction": null, "access": null }, "geometry": { "type": "LineString", "coordinates": [ [ 121.028558799999985, 14.648935 ], [ 121.0285779, 14.6490189 ], [ 121.0286515, 14.6493176 ], [ 121.028682, 14.6494493 ], [ 121.0289835, 14.6507714 ], [ 121.029002800000015, 14.6508561 ] ] } },
{ "type": "Feature", "properties": { "u": 250544720, "v": 1323448476, "key": 0, "osmid": "129814574", "highway": "primary", "lanes": "4", "maxspeed": null, "name": "Quirino Highway", "oneway": false, "reversed": "False", "length": 95.79695178564458, "ref": "127", "width": null, "bridge": null, "tunnel": null, "junction": null, "access": null }, "geometry": { "type": "LineString", "coordinates": [ [ 121.022987, 14.684671 ], [ 121.023161900000019, 14.6847744 ], [ 121.023243600000015, 14.6848253 ], [ 121.0234156, 14.684931 ], [ 121.023513699999981, 14.6850068 ], [ 121.0235999, 14.6850854 ], [ 121.023687199999969, 14.6851921 ] ] } },
{ "type": "Feature", "properties": { "u": 250544720, "v": 7556408810, "key": 0, "osmid": "129814574", "highway": "primary", "lanes": "4", "maxspeed": null, "name": "Quirino Highway", "oneway": false, "reversed": "True", "length": 16.402460776749379, "ref": "127", "width": null, "bridge": null, "tunnel": null, "junction": null, "access": null }, "geometry": { "type": "LineString", "coordinates": [ [ 121.022987, 14.684671 ], [ 121.022939600000015, 14.6846412 ], [ 121.022855899999982, 14.6845958 ] ] } },
{ "type": "Feature", "properties": { "u": 1323448476, "v": 250546982, "key": 0, "osmid": "129814574", "highway": "primary", "lanes": "4", "maxspeed": null, "name": "Quirino Highway", "oneway": false, "reversed": "False", "length": 100.45706180235157, "ref": "127", "width": null, "bridge": null, "tunnel": null, "junction": null, "access": null }, "geometry": { "type": "LineString", "coordinates": [ [ 121.023687199999969, 14.6851921 ], [ 121.0237592, 14.6853046 ], [ 121.0238246, 14.6854215 ], [ 121.0238815, 14.6855301 ], [ 121.024124799999981, 14.6859898 ] ] } },
{ "type": "Feature", "properties": { "u": 1323448476, "v": 250544720, "key": 0, "osmid": "129814574", "highway": "primary", "lanes": "4", "maxspeed": null, "name": "Quirino Highway", "oneway": false, "reversed": "True", "length": 95.79695178564458, "ref": "127", "width": null, "bridge": null, "tunnel": null, "junction": null, "access": null }, "geometry": { "type": "LineString", "coordinates": [ [ 121.023687199999969, 14.6851921 ], [ 121.0235999, 14.6850854 ], [ 121.023513699999981, 14.6850068 ], [ 121.0234156, 14.684931 ], [ 121.023243600000015, 14.6848253 ], [ 121.023161900000019, 14.6847744 ], [ 121.022987, 14.684671 ] ] } },
{ "type": "Feature", "properties": { "u": 7556408810, "v": 311733809, "key": 0, "osmid": "129814574", "highway": "primary", "lanes": "4", "maxspeed": null, "name": "Quirino Highway", "oneway": false, "reversed": "True", "length": 15.030080777468285, "ref": "127", "width": null, "bridge": null, "tunnel": null, "junction": null, "access": null }, "geometry": { "type": "LineString", "coordinates": [ [ 121.022855899999982, 14.6845958 ], [ 121.0227389, 14.6845219 ] ] } },
{ "type": "Feature", "properties": { "u": 7556408810, "v": 250544720, "key": 0, "osmid": "129814574", "highway": "primary", "lanes": "4", "maxspeed": null, "name": "Quirino Highway", "oneway": false, "reversed": "False", "length": 16.402460776749379, "ref": "127", "width": null, "bridge": null, "tunnel": null, "junction": null, "access": null }, "geometry": { "type": "LineString", "coordinates": [ [ 121.022855899999982, 14.6845958 ], [ 121.022939600000015, 14.6846412 ], [ 121.022987, 14.684671 ] ] } },
{ "type": "Feature", "properties": { "u": 250544749, "v": 12093739607, "key": 0, "osmid": "1351044017", "highway": "primary", "lanes": "4", "maxspeed": "30", "name": "Mindanao Avenue", "oneway": true, "reversed": "False", "length": 6.1187937536163783, "ref": "128", "width": null, "bridge": null, "tunnel": null, "junction": null, "access": null }, "geometry": { "type": "LineString", "coordinates": [ [ 121.0320068, 14.678062 ], [ 121.0320086, 14.678007 ] ] } },
{ "type": "Feature", "properties": { "u": 12093739607, "v": 452842770, "key": 0, "osmid": "1351044016", "highway": "primary", "lanes": "4", "maxspeed": "30", "name": "Mindanao Avenue", "oneway": true, "reversed": "False", "length": 99.140238494678485, "ref": "128", "width": null, "bridge": null, "tunnel": null, "junction": null, "access": null }, "geometry": { "type": "LineString", "coordinates": [ [ 121.0320086, 14.678007 ], [ 121.0320211, 14.6776428 ], [ 121.0320281, 14.677438 ], [ 121.032031099999969, 14.67735 ], [ 121.0320391, 14.6771159 ] ] } },
{ "type": "Feature", "properties": { "u": 671874629, "v": 674492671, "key": 0, "osmid": "1264385327", "highway": "trunk", "lanes": "4", "maxspeed": "60", "name": "EDSA", "oneway": true, "reversed": "False", "length": 52.413672736588808, "ref": "1", "width": "19.2", "bridge": null, "tunnel": null, "junction": null, "access": null }, "geometry": { "type": "LineString", "coordinates": [ [ 121.019343600000013, 14.6575269 ], [ 121.01983079999998, 14.6575223 ] ] } },
{ "type": "Feature", "properties": { "u": 671874629, "v": 566895698, "key": 0, "osmid": "52977071", "highway": "secondary", "lanes": "2", "maxspeed": "40", "name": "Fernando Poe Jr. Avenue", "oneway": true, "reversed": "False", "length": 151.38072812835807, "ref": null, "width": "7", "bridge": null, "tunnel": null, "junction": null, "access": null }, "geometry": { "type": "LineString", "coordinates": [ [ 121.019343600000013, 14.6575269 ], [ 121.019380499999983, 14.657516 ], [ 121.019402900000017, 14.6575071 ], [ 121.01942, 14.6574992 ], [ 121.019438099999974, 14.6574869 ], [ 121.019455799999974, 14.6574712 ], [ 121.019469, 14.6574564 ], [ 121.019479700000019, 14.6574402 ], [ 121.0194878, 14.6574246 ], [ 121.0194924, 14.6574071 ], [ 121.0194957, 14.6573916 ], [ 121.019496500000017, 14.6573733 ], [ 121.019495799999973, 14.6573532 ], [ 121.0194938, 14.6573409 ], [ 121.019489400000012, 14.6573211 ], [ 121.019310600000011, 14.6568168 ], [ 121.019150300000021, 14.6564043 ], [ 121.019149400000018, 14.6563017 ] ] } },
{ "type": "Feature", "properties": { "u": 8655192699, "v": 5284282552, "key": 0, "osmid": "910339876", "highway": "secondary", "lanes": "3", "maxspeed": null, "name": "Congressional Avenue", "oneway": true, "reversed": "False", "length": 184.2398441992726, "ref": "129", "width": "9.9", "bridge": null, "tunnel": null, "junction": null, "access": null }, "geometry": { "type": "LineString", "coordinates": [ [ 121.0198855, 14.6588194 ], [ 121.0198946, 14.6589335 ], [ 121.019937900000016, 14.6593747 ], [ 121.01994980000002, 14.6595098 ], [ 121.019954499999969, 14.6595625 ], [ 121.019991, 14.6598363 ], [ 121.0200611, 14.6603948 ], [ 121.02007009999997, 14.6604664 ] ] } },
{ "type": "Feature", "properties": { "u": 1418830464, "v": 286083466, "key": 0, "osmid": "481337824", "highway": "primary", "lanes": "1", "maxspeed": "60", "name": "EDSA", "oneway": true, "reversed": "False", "length": 59.484567497847259, "ref": "1", "width": null, "bridge": null, "tunnel": null, "junction": null, "access": null }, "geometry": { "type": "LineString", "coordinates": [ [ 121.038648, 14.642125 ], [ 121.0389001, 14.641808 ], [ 121.0390017, 14.6417155 ] ] } },
{ "type": "Feature", "properties": { "u": 286083466, "v": 4879643696, "key": 0, "osmid": "351863424", "highway": "trunk", "lanes": "3", "maxspeed": "60", "name": "EDSA", "oneway": true, "reversed": "False", "length": 275.80933405511519, "ref": "1", "width": null, "bridge": null, "tunnel": null, "junction": null, "access": null }, "geometry": { "type": "LineString", "coordinates": [ [ 121.0390017, 14.6417155 ], [ 121.0390052, 14.64171 ], [ 121.0397151, 14.6406155 ], [ 121.0398037, 14.6404788 ], [ 121.0400734, 14.6400629 ], [ 121.0400817, 14.6400501 ], [ 121.040364200000013, 14.6396144 ] ] } },
{ "type": "Feature", "properties": { "u": 5413945987, "v": 12951332914, "key": 0, "osmid": "884320794", "highway": "secondary", "lanes": "4", "maxspeed": null, "name": "Senator Miriam P. Defensor-Santiago Avenue", "oneway": true, "reversed": "False", "length": 57.275442851695033, "ref": null, "width": null, "bridge": null, "tunnel": null, "junction": null, "access": null }, "geometry": { "type": "LineString", "coordinates": [ [ 121.040553700000018, 14.6466881 ], [ 121.0404842, 14.6468214 ], [ 121.0403373, 14.6471355 ], [ 121.0403282, 14.6471546 ] ] } },
{ "type": "Feature", "properties": { "u": 12951332914, "v": 5284188408, "key": 0, "osmid": [ 884320794, 733208066 ], "highway": "secondary", "lanes": "4", "maxspeed": null, "name": "Senator Miriam P. Defensor-Santiago Avenue", "oneway": true, "reversed": "False", "length": 571.18402059829657, "ref": null, "width": null, "bridge": null, "tunnel": null, "junction": null, "access": null }, "geometry": { "type": "LineString", "coordinates": [ [ 121.0403282, 14.6471546 ], [ 121.040235799999977, 14.6473691 ], [ 121.040223499999982, 14.6473976 ], [ 121.0399167, 14.6480311 ], [ 121.0398926, 14.6480824 ], [ 121.0398465, 14.648197 ], [ 121.039810099999983, 14.6482895 ], [ 121.039595899999981, 14.648869 ], [ 121.039522600000012, 14.6490838 ], [ 121.0394522, 14.6492996 ], [ 121.039399599999982, 14.6494686 ], [ 121.0393848, 14.6495162 ], [ 121.0393203, 14.6497337 ], [ 121.0392936, 14.6498271 ], [ 121.039185900000021, 14.6502267 ], [ 121.039177199999969, 14.6502622 ], [ 121.039111500000018, 14.6505291 ], [ 121.039042699999968, 14.6508328 ], [ 121.038989, 14.6510714 ], [ 121.038922299999982, 14.6514435 ], [ 121.038870599999981, 14.6517503 ], [ 121.038824799999986, 14.652058 ] ] } },
{ "type": "Feature", "properties": { "u": 84509345, "v": 430697473, "key": 0, "osmid": "83145375", "highway": "secondary", "lanes": "3", "maxspeed": null, "name": "Visayas Avenue", "oneway": true, "reversed": "False", "length": 139.97476677211836, "ref": null, "width": null, "bridge": null, "tunnel": null, "junction": null, "access": null }, "geometry": { "type": "LineString", "coordinates": [ [ 121.0449298, 14.6587479 ], [ 121.044987, 14.6585833 ], [ 121.045104, 14.6582422 ], [ 121.045157100000011, 14.6581 ], [ 121.0452403, 14.6579005 ], [ 121.045334700000012, 14.6576915 ], [ 121.045386600000015, 14.6575701 ] ] } },
{ "type": "Feature", "properties": { "u": 430697473, "v": 799958464, "key": 0, "osmid": "83145375", "highway": "secondary", "lanes": "3", "maxspeed": null, "name": "Visayas Avenue", "oneway": true, "reversed": "False", "length": 299.95027575590899, "ref": null, "width": null, "bridge": null, "tunnel": null, "junction": null, "access": null }, "geometry": { "type": "LineString", "coordinates": [ [ 121.045386600000015, 14.6575701 ], [ 121.0454153, 14.657509 ], [ 121.045475499999966, 14.6573758 ], [ 121.04552510000002, 14.6572737 ], [ 121.045621, 14.6570764 ], [ 121.0457273, 14.6568603 ], [ 121.045755199999988, 14.6568036 ], [ 121.0459369, 14.6564583 ], [ 121.045957500000014, 14.6564193 ], [ 121.0461167, 14.656135 ], [ 121.0462821, 14.6558541 ], [ 121.046362200000019, 14.6557227 ], [ 121.0465491, 14.6554292 ], [ 121.046705500000016, 14.6551973 ] ] } },
{ "type": "Feature", "properties": { "u": 8374846113, "v": 5536826882, "key": 0, "osmid": [ 837686176, 577597241 ], "highway": "primary", "lanes": [ "2", "3" ], "maxspeed": null, "name": "Regalado Highway", "oneway": true, "reversed": "False", "length": 308.48348536401915, "ref": null, "width": null, "bridge": null, "tunnel": null, "junction": null, "access": null }, "geometry": { "type": "LineString", "coordinates": [ [ 121.0611343, 14.7319366 ], [ 121.0611347, 14.7321094 ], [ 121.0611355, 14.7321828 ], [ 121.061141799999973, 14.7330693 ], [ 121.0611393, 14.7338374 ], [ 121.0611389, 14.7339149 ], [ 121.0611446, 14.7345331 ], [ 121.0612088, 14.7346996 ] ] } },
{ "type": "Feature", "properties": { "u": 5536826882, "v": 251621489, "key": 0, "osmid": "934145301", "highway": "primary", "lanes": "6", "maxspeed": null, "name": "Regalado Highway", "oneway": true, "reversed": "False", "length": 14.155134158038948, "ref": null, "width": "15", "bridge": null, "tunnel": null, "junction": null, "access": null }, "geometry": { "type": "LineString", "coordinates": [ [ 121.0612088, 14.7346996 ], [ 121.0612088, 14.7348269 ] ] } },
{ "type": "Feature", "properties": { "u": 6098125544, "v": 1081729409, "key": 0, "osmid": [ 1303406108, 4114181 ], "highway": "primary", "lanes": "2", "maxspeed": null, "name": "North Avenue", "oneway": true, "reversed": "False", "length": 235.18288418044042, "ref": "173", "width": null, "bridge": null, "tunnel": null, "junction": null, "access": null }, "geometry": { "type": "LineString", "coordinates": [ [ 121.0465907, 14.652849 ], [ 121.04649019999998, 14.6526622 ], [ 121.0463983, 14.6524335 ], [ 121.04630269999997, 14.6522217 ], [ 121.046261, 14.6521804 ], [ 121.0461824, 14.6521491 ], [ 121.046038699999968, 14.6521626 ], [ 121.045944399999982, 14.652175 ], [ 121.0456946, 14.6522627 ], [ 121.044894499999984, 14.6524613 ] ] } },
{ "type": "Feature", "properties": { "u": 6098125544, "v": 5292873905, "key": 0, "osmid": [ 729447305, 481337819 ], "highway": "primary", "lanes": "8", "maxspeed": "60", "name": "Elliptical Road", "oneway": true, "reversed": "False", "length": 166.92466366927761, "ref": "170;173;174", "width": null, "bridge": null, "tunnel": null, "junction": null, "access": null }, "geometry": { "type": "LineString", "coordinates": [ [ 121.0465907, 14.652849 ], [ 121.0465608, 14.6527139 ], [ 121.0465373, 14.6525776 ], [ 121.046520199999975, 14.6524404 ], [ 121.0465096, 14.6523026 ], [ 121.046505599999989, 14.6521645 ], [ 121.0465084, 14.6520263 ], [ 121.046512699999965, 14.651892 ], [ 121.046522, 14.6517578 ], [ 121.046536399999965, 14.6516241 ], [ 121.0465559, 14.651491 ], [ 121.046581300000014, 14.6513589 ] ] } },
{ "type": "Feature", "properties": { "u": 566895345, "v": 566895348, "key": 0, "osmid": "910339875", "highway": "secondary", "lanes": "1", "maxspeed": null, "name": "Congressional Avenue", "oneway": true, "reversed": "False", "length": 65.631329125943694, "ref": "129", "width": "6.9", "bridge": null, "tunnel": null, "junction": null, "access": null }, "geometry": { "type": "LineString", "coordinates": [ [ 121.0197314, 14.6582106 ], [ 121.0197104, 14.6581148 ], [ 121.0196956, 14.6580642 ], [ 121.0196829, 14.6580273 ], [ 121.019668100000018, 14.6579968 ], [ 121.01965, 14.6579643 ], [ 121.0196327, 14.6579388 ], [ 121.019610499999985, 14.6579111 ], [ 121.0195836, 14.6578832 ], [ 121.0195599, 14.6578621 ], [ 121.01953469999998, 14.657845 ], [ 121.019501199999979, 14.6578255 ], [ 121.0194703, 14.6578092 ], [ 121.019438099999974, 14.6577931 ], [ 121.019382900000011, 14.6577689 ] ] } },
{ "type": "Feature", "properties": { "u": 5374378758, "v": 566895345, "key": 0, "osmid": "45179921", "highway": "secondary", "lanes": "3", "maxspeed": null, "name": "Congressional Avenue", "oneway": true, "reversed": "False", "length": 253.27556886029868, "ref": "129", "width": "9.9", "bridge": null, "tunnel": null, "junction": null, "access": null }, "geometry": { "type": "LineString", "coordinates": [ [ 121.0199414, 14.660479 ], [ 121.0199328, 14.6604111 ], [ 121.0198876, 14.6600523 ], [ 121.019846, 14.6595616 ], [ 121.019824299999982, 14.6593063 ], [ 121.019793599999986, 14.6589443 ], [ 121.019784899999976, 14.6588543 ], [ 121.0197314, 14.6582106 ] ] } },
{ "type": "Feature", "properties": { "u": 260899603, "v": 260897089, "key": 0, "osmid": "120880944", "highway": "primary", "lanes": "4", "maxspeed": null, "name": "Quirino Highway", "oneway": false, "reversed": "False", "length": 45.155180077692421, "ref": "127", "width": null, "bridge": null, "tunnel": null, "junction": null, "access": null }, "geometry": { "type": "LineString", "coordinates": [ [ 121.039227600000018, 14.7094781 ], [ 121.0391857, 14.709308 ], [ 121.0391371, 14.7090816 ] ] } },
{ "type": "Feature", "properties": { "u": 260899603, "v": 260897301, "key": 0, "osmid": "120880944", "highway": "primary", "lanes": "4", "maxspeed": null, "name": "Quirino Highway", "oneway": false, "reversed": "True", "length": 46.273325911540127, "ref": "127", "width": null, "bridge": null, "tunnel": null, "junction": null, "access": null }, "geometry": { "type": "LineString", "coordinates": [ [ 121.039227600000018, 14.7094781 ], [ 121.0392496, 14.7095741 ], [ 121.039285600000014, 14.7097075 ], [ 121.039323, 14.7098321 ], [ 121.0393382, 14.7098801 ] ] } },
{ "type": "Feature", "properties": { "u": 260897089, "v": 591608920, "key": 0, "osmid": "120880944", "highway": "primary", "lanes": "4", "maxspeed": null, "name": "Quirino Highway", "oneway": false, "reversed": "False", "length": 46.004972408311005, "ref": "127", "width": null, "bridge": null, "tunnel": null, "junction": null, "access": null }, "geometry": { "type": "LineString", "coordinates": [ [ 121.0391371, 14.7090816 ], [ 121.039127599999972, 14.7090316 ], [ 121.0391015, 14.7089216 ], [ 121.0390849, 14.7088482 ], [ 121.039067, 14.7087771 ], [ 121.039050100000011, 14.7086767 ] ] } },
{ "type": "Feature", "properties": { "u": 260897089, "v": 260899603, "key": 0, "osmid": "120880944", "highway": "primary", "lanes": "4", "maxspeed": null, "name": "Quirino Highway", "oneway": false, "reversed": "True", "length": 45.155180077692421, "ref": "127", "width": null, "bridge": null, "tunnel": null, "junction": null, "access": null }, "geometry": { "type": "LineString", "coordinates": [ [ 121.0391371, 14.7090816 ], [ 121.0391857, 14.709308 ], [ 121.039227600000018, 14.7094781 ] ] } },
{ "type": "Feature", "properties": { "u": 260897301, "v": 260899909, "key": 0, "osmid": "120880944", "highway": "primary", "lanes": "4", "maxspeed": null, "name": "Quirino Highway", "oneway": false, "reversed": "True", "length": 22.201022158276825, "ref": "127", "width": null, "bridge": null, "tunnel": null, "junction": null, "access": null }, "geometry": { "type": "LineString", "coordinates": [ [ 121.0393382, 14.7098801 ], [ 121.039379100000019, 14.7100758 ] ] } },
{ "type": "Feature", "properties": { "u": 260897301, "v": 260899603, "key": 0, "osmid": "120880944", "highway": "primary", "lanes": "4", "maxspeed": null, "name": "Quirino Highway", "oneway": false, "reversed": "False", "length": 46.273325911540127, "ref": "127", "width": null, "bridge": null, "tunnel": null, "junction": null, "access": null }, "geometry": { "type": "LineString", "coordinates": [ [ 121.0393382, 14.7098801 ], [ 121.039323, 14.7098321 ], [ 121.039285600000014, 14.7097075 ], [ 121.0392496, 14.7095741 ], [ 121.039227600000018, 14.7094781 ] ] } },
{ "type": "Feature", "properties": { "u": 1848288032, "v": 35729446, "key": 0, "osmid": "865188126", "highway": "primary", "lanes": "3", "maxspeed": "60", "name": "Congressional Avenue", "oneway": true, "reversed": "False", "length": 13.964937531193655, "ref": "129", "width": "7.5", "bridge": null, "tunnel": null, "junction": null, "access": null }, "geometry": { "type": "LineString", "coordinates": [ [ 121.039226199999959, 14.6709368 ], [ 121.039351599999975, 14.6709693 ] ] } },
{ "type": "Feature", "properties": { "u": 35729446, "v": 250544008, "key": 0, "osmid": "1193904712", "highway": "primary", "lanes": "3", "maxspeed": "60", "name": "Congressional Avenue", "oneway": true, "reversed": "False", "length": 206.05401856504895, "ref": "129", "width": "7.5", "bridge": null, "tunnel": null, "junction": null, "access": null }, "geometry": { "type": "LineString", "coordinates": [ [ 121.039351599999975, 14.6709693 ], [ 121.039424, 14.6709866 ], [ 121.039799200000019, 14.671073 ], [ 121.0412151, 14.6713983 ] ] } },
{ "type": "Feature", "properties": { "u": 84509474, "v": 84509345, "key": 0, "osmid": "949576804", "highway": "secondary", "lanes": "3", "maxspeed": null, "name": "Visayas Avenue", "oneway": true, "reversed": "False", "length": 116.53369537276143, "ref": null, "width": null, "bridge": null, "tunnel": null, "junction": null, "access": null }, "geometry": { "type": "LineString", "coordinates": [ [ 121.0446433, 14.6597585 ], [ 121.044692899999987, 14.6595787 ], [ 121.044755600000016, 14.6593473 ], [ 121.0448474, 14.6590158 ], [ 121.0449298, 14.6587479 ] ] } },
{ "type": "Feature", "properties": { "u": 1334493991, "v": 250545008, "key": 0, "osmid": "946777809", "highway": "secondary", "lanes": "4", "maxspeed": null, "name": "Visayas Avenue", "oneway": true, "reversed": "False", "length": 102.5699550217191, "ref": null, "width": null, "bridge": null, "tunnel": null, "junction": null, "access": null }, "geometry": { "type": "LineString", "coordinates": [ [ 121.043237599999983, 14.6667234 ], [ 121.043278099999981, 14.667645 ] ] } },
{ "type": "Feature", "properties": { "u": 250545008, "v": 6616006252, "key": 0, "osmid": "83145370", "highway": "secondary", "lanes": "4", "maxspeed": null, "name": "Visayas Avenue", "oneway": true, "reversed": "False", "length": 99.71546646469254, "ref": null, "width": null, "bridge": null, "tunnel": null, "junction": null, "access": null }, "geometry": { "type": "LineString", "coordinates": [ [ 121.043278099999981, 14.667645 ], [ 121.0433165, 14.6682947 ], [ 121.0433189, 14.6683347 ], [ 121.0433226, 14.6683982 ], [ 121.043331, 14.6685403 ] ] } },
{ "type": "Feature", "properties": { "u": 1316913983, "v": 26504623, "key": 0, "osmid": "675768339", "highway": "secondary", "lanes": "3", "maxspeed": "40", "name": "Kalayaan Avenue", "oneway": true, "reversed": "False", "length": 69.082656464142218, "ref": null, "width": null, "bridge": null, "tunnel": null, "junction": null, "access": null }, "geometry": { "type": "LineString", "coordinates": [ [ 121.052666, 14.6461153 ], [ 121.05271070000002, 14.6460436 ], [ 121.052813799999981, 14.6458872 ], [ 121.052933400000015, 14.6457033 ], [ 121.0530027, 14.6455864 ] ] } },
{ "type": "Feature", "properties": { "u": 26504623, "v": 6328480697, "key": 0, "osmid": "1324904148", "highway": "secondary", "lanes": "3", "maxspeed": "40", "name": "Kalayaan Avenue", "oneway": true, "reversed": "False", "length": 165.98127226350724, "ref": null, "width": null, "bridge": null, "tunnel": null, "junction": null, "access": null }, "geometry": { "type": "LineString", "coordinates": [ [ 121.0530027, 14.6455864 ], [ 121.0530793, 14.6454652 ], [ 121.053236, 14.645193 ], [ 121.05346990000001, 14.6447694 ], [ 121.053527, 14.6446509 ], [ 121.0537121, 14.6442621 ] ] } },
{ "type": "Feature", "properties": { "u": 1060913988, "v": 11545406859, "key": 0, "osmid": "610043908", "highway": "primary", "lanes": "4", "maxspeed": null, "name": "Quirino Highway", "oneway": false, "reversed": "True", "length": 5.3222986696765293, "ref": "127", "width": null, "bridge": null, "tunnel": null, "junction": null, "access": null }, "geometry": { "type": "LineString", "coordinates": [ [ 121.0522709, 14.7335238 ], [ 121.052318, 14.7335385 ] ] } },
{ "type": "Feature", "properties": { "u": 1060913988, "v": 32425339, "key": 0, "osmid": "610043908", "highway": "primary", "lanes": "4", "maxspeed": null, "name": "Quirino Highway", "oneway": false, "reversed": "False", "length": 206.92229769336885, "ref": "127", "width": null, "bridge": null, "tunnel": null, "junction": null, "access": null }, "geometry": { "type": "LineString", "coordinates": [ [ 121.0522709, 14.7335238 ], [ 121.0520194, 14.7334454 ], [ 121.051398, 14.7332519 ], [ 121.050836, 14.7330769 ], [ 121.050575200000011, 14.7329426 ], [ 121.0504682, 14.7328875 ] ] } },
{ "type": "Feature", "properties": { "u": 11545406859, "v": 1060913988, "key": 0, "osmid": "610043908", "highway": "primary", "lanes": "4", "maxspeed": null, "name": "Quirino Highway", "oneway": false, "reversed": "False", "length": 5.3222986696765293, "ref": "127", "width": null, "bridge": null, "tunnel": null, "junction": null, "access": null }, "geometry": { "type": "LineString", "coordinates": [ [ 121.052318, 14.7335385 ], [ 121.0522709, 14.7335238 ] ] } },
{ "type": "Feature", "properties": { "u": 11545406859, "v": 260904405, "key": 0, "osmid": "610043908", "highway": "primary", "lanes": "4", "maxspeed": null, "name": "Quirino Highway", "oneway": false, "reversed": "True", "length": 15.407649860739689, "ref": "127", "width": null, "bridge": null, "tunnel": null, "junction": null, "access": null }, "geometry": { "type": "LineString", "coordinates": [ [ 121.052318, 14.7335385 ], [ 121.052391, 14.7335612 ], [ 121.0524542, 14.7335815 ] ] } },
{ "type": "Feature", "properties": { "u": 32425339, "v": 256214377, "key": 0, "osmid": "610043908", "highway": "primary", "lanes": "4", "maxspeed": null, "name": "Quirino Highway", "oneway": false, "reversed": "False", "length": 107.44374905936272, "ref": "127", "width": null, "bridge": null, "tunnel": null, "junction": null, "access": null }, "geometry": { "type": "LineString", "coordinates": [ [ 121.0504682, 14.7328875 ], [ 121.0503969, 14.7328391 ], [ 121.050216399999982, 14.7327129 ], [ 121.049657699999983, 14.7323225 ] ] } },
{ "type": "Feature", "properties": { "u": 32425339, "v": 1060913988, "key": 0, "osmid": "610043908", "highway": "primary", "lanes": "4", "maxspeed": null, "name": "Quirino Highway", "oneway": false, "reversed": "True", "length": 206.92229769336882, "ref": "127", "width": null, "bridge": null, "tunnel": null, "junction": null, "access": null }, "geometry": { "type": "LineString", "coordinates": [ [ 121.0504682, 14.7328875 ], [ 121.050575200000011, 14.7329426 ], [ 121.050836, 14.7330769 ], [ 121.051398, 14.7332519 ], [ 121.0520194, 14.7334454 ], [ 121.0522709, 14.7335238 ] ] } },
{ "type": "Feature", "properties": { "u": 597009224, "v": 7535900410, "key": 0, "osmid": "46702713", "highway": "primary", "lanes": "2", "maxspeed": "60", "name": "Mindanao Avenue", "oneway": true, "reversed": "False", "length": 35.258415129039925, "ref": "128", "width": null, "bridge": null, "tunnel": null, "junction": null, "access": null }, "geometry": { "type": "LineString", "coordinates": [ [ 121.029732299999978, 14.6891074 ], [ 121.029451499999979, 14.689271 ] ] } },
{ "type": "Feature", "properties": { "u": 597009224, "v": 452821528, "key": 0, "osmid": [ 832081914, 315146212, 46702710 ], "highway": "primary", "lanes": "2", "maxspeed": "60", "name": "Mindanao Avenue", "oneway": true, "reversed": "False", "length": 506.65840016366883, "ref": "128", "width": null, "bridge": null, "tunnel": "yes", "junction": null, "access": null }, "geometry": { "type": "LineString", "coordinates": [ [ 121.029732299999978, 14.6891074 ], [ 121.0294676, 14.6891938 ], [ 121.0292302, 14.6893274 ], [ 121.028816599999985, 14.6896342 ], [ 121.027951300000012, 14.6904256 ], [ 121.0275813, 14.690764 ], [ 121.0268524, 14.6915068 ], [ 121.0266341, 14.6916921 ], [ 121.02645840000001, 14.6918218 ], [ 121.026289199999979, 14.691931 ], [ 121.026172, 14.6920386 ] ] } },
{ "type": "Feature", "properties": { "u": 7535900410, "v": 718388044, "key": 0, "osmid": "46702713", "highway": "primary", "lanes": "2", "maxspeed": "60", "name": "Mindanao Avenue", "oneway": true, "reversed": "False", "length": 108.15243376236802, "ref": "128", "width": null, "bridge": null, "tunnel": null, "junction": null, "access": null }, "geometry": { "type": "LineString", "coordinates": [ [ 121.029451499999979, 14.689271 ], [ 121.029046399999984, 14.6895419 ], [ 121.0289227, 14.6896408 ], [ 121.028721599999969, 14.6898165 ], [ 121.028661099999979, 14.6898694 ] ] } },
{ "type": "Feature", "properties": { "u": 597009225, "v": 452821536, "key": 0, "osmid": "38342373", "highway": "primary", "lanes": "4", "maxspeed": "60", "name": "Mindanao Avenue", "oneway": true, "reversed": "False", "length": 41.137202803083277, "ref": "128", "width": null, "bridge": null, "tunnel": null, "junction": null, "access": null }, "geometry": { "type": "LineString", "coordinates": [ [ 121.029439600000018, 14.6890716 ], [ 121.0297696, 14.6888846 ] ] } },
{ "type": "Feature", "properties": { "u": 1337860943, "v": 2560837068, "key": 0, "osmid": "474938544", "highway": "primary", "lanes": "2", "maxspeed": null, "name": "Quirino Highway", "oneway": true, "reversed": "False", "length": 24.739895980919027, "ref": "127", "width": null, "bridge": null, "tunnel": null, "junction": null, "access": null }, "geometry": { "type": "LineString", "coordinates": [ [ 121.0277657, 14.6904101 ], [ 121.0279178, 14.690577 ] ] } },
{ "type": "Feature", "properties": { "u": 1337860943, "v": 5641030413, "key": 0, "osmid": "249490426", "highway": "primary", "lanes": "2", "maxspeed": "60", "name": "Mindanao Avenue", "oneway": true, "reversed": "False", "length": 201.16808707814019, "ref": "128", "width": null, "bridge": null, "tunnel": null, "junction": null, "access": null }, "geometry": { "type": "LineString", "coordinates": [ [ 121.0277657, 14.6904101 ], [ 121.028015399999987, 14.6901576 ], [ 121.028497799999968, 14.6896829 ], [ 121.028803900000014, 14.6894293 ], [ 121.029151199999973, 14.6892045 ] ] } },
{ "type": "Feature", "properties": { "u": 2560837068, "v": 12444293820, "key": 0, "osmid": "168525277", "highway": "primary", "lanes": "2", "maxspeed": null, "name": "Quirino Highway", "oneway": true, "reversed": "False", "length": 12.328010822289963, "ref": "127", "width": null, "bridge": null, "tunnel": null, "junction": null, "access": null }, "geometry": { "type": "LineString", "coordinates": [ [ 121.0279178, 14.690577 ], [ 121.0279932, 14.6906605 ] ] } },
{ "type": "Feature", "properties": { "u": 2560837068, "v": 4692391269, "key": 0, "osmid": "474939472", "highway": "primary", "lanes": "2", "maxspeed": "60", "name": "Mindanao Avenue", "oneway": true, "reversed": "False", "length": 9.320192325603168, "ref": "128", "width": null, "bridge": null, "tunnel": null, "junction": null, "access": null }, "geometry": { "type": "LineString", "coordinates": [ [ 121.0279178, 14.690577 ], [ 121.027853699999966, 14.6906334 ] ] } },
{ "type": "Feature", "properties": { "u": 5641030413, "v": 597009225, "key": 0, "osmid": "249490426", "highway": "primary", "lanes": "2", "maxspeed": "60", "name": "Mindanao Avenue", "oneway": true, "reversed": "False", "length": 34.360691590533712, "ref": "128", "width": null, "bridge": null, "tunnel": null, "junction": null, "access": null }, "geometry": { "type": "LineString", "coordinates": [ [ 121.029151199999973, 14.6892045 ], [ 121.029439600000018, 14.6890716 ] ] } },
{ "type": "Feature", "properties": { "u": 246784858, "v": 5404836121, "key": 0, "osmid": [ 198153419, 18578588, 936510014 ], "highway": "primary", "lanes": [ "3", "2" ], "maxspeed": null, "name": "East Avenue", "oneway": true, "reversed": "False", "length": 340.12048381132723, "ref": "174", "width": null, "bridge": null, "tunnel": null, "junction": null, "access": null }, "geometry": { "type": "LineString", "coordinates": [ [ 121.048050700000019, 14.6459836 ], [ 121.0482142, 14.6466581 ], [ 121.04830339999998, 14.647026 ], [ 121.0483094, 14.6470508 ], [ 121.0484176, 14.6474972 ], [ 121.048544399999983, 14.6480202 ], [ 121.048554, 14.6480597 ], [ 121.0485649, 14.6480911 ], [ 121.0485823, 14.6481229 ], [ 121.0485998, 14.6481521 ], [ 121.0486189, 14.6481768 ], [ 121.048642, 14.6482033 ], [ 121.0486742, 14.6482338 ], [ 121.048703699999976, 14.6482585 ], [ 121.048764, 14.6483046 ], [ 121.048833200000018, 14.6483498 ], [ 121.048904899999968, 14.6483921 ], [ 121.048942, 14.6484125 ], [ 121.048996700000018, 14.6484395 ], [ 121.049065299999981, 14.6484687 ], [ 121.0491228, 14.6484894 ], [ 121.0491795, 14.648508 ], [ 121.049242199999981, 14.6485258 ], [ 121.049329400000019, 14.648545 ] ] } },
{ "type": "Feature", "properties": { "u": 5383119711, "v": 286082780, "key": 0, "osmid": "558265203", "highway": "primary", "lanes": "4", "maxspeed": "60", "name": "EDSA", "oneway": true, "reversed": "False", "length": 9.974279368292402, "ref": "1", "width": null, "bridge": null, "tunnel": null, "junction": null, "access": null }, "geometry": { "type": "LineString", "coordinates": [ [ 121.037787800000018, 14.6441288 ], [ 121.0377379, 14.6442044 ] ] } },
{ "type": "Feature", "properties": { "u": 5383119711, "v": 6048379819, "key": 0, "osmid": "643299351", "highway": "primary", "lanes": "1", "maxspeed": "60", "name": "Quezon Avenue", "oneway": true, "reversed": "False", "length": 30.50724235397815, "ref": "170", "width": null, "bridge": null, "tunnel": null, "junction": null, "access": null }, "geometry": { "type": "LineString", "coordinates": [ [ 121.037787800000018, 14.6441288 ], [ 121.038027099999965, 14.644276 ] ] } },
{ "type": "Feature", "properties": { "u": 6048379819, "v": 286082765, "key": 0, "osmid": [ 643299352, 846602450 ], "highway": "primary", "lanes": "1", "maxspeed": "60", "name": "Quezon Avenue", "oneway": true, "reversed": "False", "length": 295.95184078349672, "ref": "170", "width": null, "bridge": null, "tunnel": null, "junction": null, "access": null }, "geometry": { "type": "LineString", "coordinates": [ [ 121.038027099999965, 14.644276 ], [ 121.038216, 14.6443975 ], [ 121.038490800000019, 14.6445718 ], [ 121.0385176, 14.6445888 ], [ 121.039360899999977, 14.6451042 ], [ 121.0394466, 14.6451596 ], [ 121.0397442, 14.6453517 ], [ 121.0402249, 14.6456621 ], [ 121.04032, 14.6457439 ] ] } },
{ "type": "Feature", "properties": { "u": 288458254, "v": 5282138764, "key": 0, "osmid": "481337823", "highway": "primary", "lanes": "3", "maxspeed": "60", "name": "EDSA", "oneway": true, "reversed": "False", "length": 84.007483270933463, "ref": "1", "width": null, "bridge": null, "tunnel": null, "junction": null, "access": null }, "geometry": { "type": "LineString", "coordinates": [ [ 121.0376029, 14.6437225 ], [ 121.0378519, 14.6433476 ], [ 121.0380242, 14.6430864 ] ] } },
{ "type": "Feature", "properties": { "u": 246784877, "v": 103807920, "key": 0, "osmid": "85461824", "highway": "secondary", "lanes": "4", "maxspeed": "40", "name": "Fernando Poe Jr. Avenue", "oneway": false, "reversed": "False", "length": 89.461738498196496, "ref": null, "width": "14", "bridge": null, "tunnel": null, "junction": null, "access": null }, "geometry": { "type": "LineString", "coordinates": [ [ 121.0182276, 14.6521985 ], [ 121.0182455, 14.6523211 ], [ 121.0182678, 14.6524743 ], [ 121.018277399999974, 14.6525406 ], [ 121.018336099999985, 14.6529133 ], [ 121.01834909999998, 14.6529944 ] ] } },
{ "type": "Feature", "properties": { "u": 246784877, "v": 246784891, "key": 0, "osmid": "85461824", "highway": "secondary", "lanes": "4", "maxspeed": "40", "name": "Fernando Poe Jr. Avenue", "oneway": false, "reversed": "True", "length": 21.378734772964364, "ref": null, "width": "14", "bridge": null, "tunnel": null, "junction": null, "access": null }, "geometry": { "type": "LineString", "coordinates": [ [ 121.0182276, 14.6521985 ], [ 121.0182126, 14.652095 ], [ 121.0182, 14.6520081 ] ] } },
{ "type": "Feature", "properties": { "u": 103807920, "v": 103807919, "key": 0, "osmid": "85461824", "highway": "secondary", "lanes": "4", "maxspeed": "40", "name": "Fernando Poe Jr. Avenue", "oneway": false, "reversed": "False", "length": 169.21259989725317, "ref": null, "width": "14", "bridge": null, "tunnel": null, "junction": null, "access": null }, "geometry": { "type": "LineString", "coordinates": [ [ 121.01834909999998, 14.6529944 ], [ 121.0183641, 14.6530832 ], [ 121.0185748, 14.6545004 ] ] } },
{ "type": "Feature", "properties": { "u": 103807920, "v": 246784877, "key": 0, "osmid": "85461824", "highway": "secondary", "lanes": "4", "maxspeed": "40", "name": "Fernando Poe Jr. Avenue", "oneway": false, "reversed": "True", "length": 89.461738498196496, "ref": null, "width": "14", "bridge": null, "tunnel": null, "junction": null, "access": null }, "geometry": { "type": "LineString", "coordinates": [ [ 121.01834909999998, 14.6529944 ], [ 121.018336099999985, 14.6529133 ], [ 121.018277399999974, 14.6525406 ], [ 121.0182678, 14.6524743 ], [ 121.0182455, 14.6523211 ], [ 121.0182276, 14.6521985 ] ] } },
{ "type": "Feature", "properties": { "u": 246784891, "v": 246784877, "key": 0, "osmid": "85461824", "highway": "secondary", "lanes": "4", "maxspeed": "40", "name": "Fernando Poe Jr. Avenue", "oneway": false, "reversed": "False", "length": 21.378734772964364, "ref": null, "width": "14", "bridge": null, "tunnel": null, "junction": null, "access": null }, "geometry": { "type": "LineString", "coordinates": [ [ 121.0182, 14.6520081 ], [ 121.0182126, 14.652095 ], [ 121.0182276, 14.6521985 ] ] } },
{ "type": "Feature", "properties": { "u": 246784891, "v": 250546390, "key": 0, "osmid": "85461824", "highway": "secondary", "lanes": "4", "maxspeed": "40", "name": "Fernando Poe Jr. Avenue", "oneway": false, "reversed": "True", "length": 163.16256956317605, "ref": null, "width": "14", "bridge": null, "tunnel": null, "junction": null, "access": null }, "geometry": { "type": "LineString", "coordinates": [ [ 121.0182, 14.6520081 ], [ 121.018151299999957, 14.6516995 ], [ 121.0181121, 14.6514039 ], [ 121.0180275, 14.6508226 ], [ 121.018013399999973, 14.6507255 ], [ 121.0180059, 14.650674 ], [ 121.0180015, 14.6506436 ], [ 121.017988699999975, 14.6505551 ] ] } },
{ "type": "Feature", "properties": { "u": 260899695, "v": 6608967030, "key": 0, "osmid": "972736953", "highway": "primary", "lanes": "4", "maxspeed": "40", "name": "General Luis Street", "oneway": false, "reversed": "False", "length": 51.726163027511063, "ref": "118", "width": null, "bridge": null, "tunnel": null, "junction": null, "access": null }, "geometry": { "type": "LineString", "coordinates": [ [ 121.029571100000013, 14.7211147 ], [ 121.0293596, 14.7210386 ], [ 121.0291776, 14.7209723 ], [ 121.029120700000021, 14.7209515 ] ] } },
{ "type": "Feature", "properties": { "u": 260899695, "v": 260904951, "key": 0, "osmid": "972736953", "highway": "primary", "lanes": "4", "maxspeed": "40", "name": "General Luis Street", "oneway": false, "reversed": "True", "length": 261.26377780712545, "ref": "118", "width": null, "bridge": null, "tunnel": null, "junction": null, "access": null }, "geometry": { "type": "LineString", "coordinates": [ [ 121.029571100000013, 14.7211147 ], [ 121.029844700000012, 14.7212003 ], [ 121.03011530000002, 14.7212853 ], [ 121.030180499999972, 14.7213066 ], [ 121.0303612, 14.7213625 ], [ 121.030751599999988, 14.7214845 ], [ 121.03080270000001, 14.7214993 ], [ 121.0308761, 14.7215191 ], [ 121.0308998, 14.7215251 ], [ 121.031042700000015, 14.7215564 ], [ 121.0311814, 14.721586 ], [ 121.0316618, 14.7216702 ], [ 121.0319168, 14.7217058 ] ] } },
{ "type": "Feature", "properties": { "u": 6608967030, "v": 312719839, "key": 0, "osmid": "972736953", "highway": "primary", "lanes": "4", "maxspeed": "40", "name": "General Luis Street", "oneway": false, "reversed": "False", "length": 14.783103148107109, "ref": "118", "width": null, "bridge": null, "tunnel": null, "junction": null, "access": null }, "geometry": { "type": "LineString", "coordinates": [ [ 121.029120700000021, 14.7209515 ], [ 121.029091600000015, 14.7209409 ], [ 121.02904430000001, 14.7209228 ], [ 121.028992799999969, 14.7209028 ] ] } },
{ "type": "Feature", "properties": { "u": 6608967030, "v": 260899695, "key": 0, "osmid": "972736953", "highway": "primary", "lanes": "4", "maxspeed": "40", "name": "General Luis Street", "oneway": false, "reversed": "True", "length": 51.726163027511063, "ref": "118", "width": null, "bridge": null, "tunnel": null, "junction": null, "access": null }, "geometry": { "type": "LineString", "coordinates": [ [ 121.029120700000021, 14.7209515 ], [ 121.0291776, 14.7209723 ], [ 121.0293596, 14.7210386 ], [ 121.029571100000013, 14.7211147 ] ] } },
{ "type": "Feature", "properties": { "u": 260904951, "v": 260904977, "key": 0, "osmid": "89993886", "highway": "secondary", "lanes": "2", "maxspeed": "40", "name": "Llano Road", "oneway": false, "reversed": "False", "length": 159.88018282740194, "ref": null, "width": null, "bridge": null, "tunnel": null, "junction": null, "access": null }, "geometry": { "type": "LineString", "coordinates": [ [ 121.0319168, 14.7217058 ], [ 121.0318862, 14.7218459 ], [ 121.0318543, 14.7219923 ], [ 121.0316091, 14.7231125 ] ] } },
{ "type": "Feature", "properties": { "u": 260904951, "v": 260899695, "key": 0, "osmid": "972736953", "highway": "primary", "lanes": "4", "maxspeed": "40", "name": "General Luis Street", "oneway": false, "reversed": "False", "length": 261.26377780712545, "ref": "118", "width": null, "bridge": null, "tunnel": null, "junction": null, "access": null }, "geometry": { "type": "LineString", "coordinates": [ [ 121.0319168, 14.7217058 ], [ 121.0316618, 14.7216702 ], [ 121.0311814, 14.721586 ], [ 121.031042700000015, 14.7215564 ], [ 121.0308998, 14.7215251 ], [ 121.0308761, 14.7215191 ], [ 121.03080270000001, 14.7214993 ], [ 121.030751599999988, 14.7214845 ], [ 121.0303612, 14.7213625 ], [ 121.030180499999972, 14.7213066 ], [ 121.03011530000002, 14.7212853 ], [ 121.029844700000012, 14.7212003 ], [ 121.029571100000013, 14.7211147 ] ] } },
{ "type": "Feature", "properties": { "u": 260904951, "v": 260897357, "key": 0, "osmid": "1302439172", "highway": "primary", "lanes": "4", "maxspeed": "40", "name": "General Luis Street", "oneway": false, "reversed": "True", "length": 64.7393680154143, "ref": "118", "width": null, "bridge": null, "tunnel": null, "junction": null, "access": null }, "geometry": { "type": "LineString", "coordinates": [ [ 121.0319168, 14.7217058 ], [ 121.0321803, 14.7217299 ], [ 121.0324676, 14.7217553 ], [ 121.0325162, 14.7217596 ] ] } },
{ "type": "Feature", "properties": { "u": 6616006252, "v": 4208396794, "key": 0, "osmid": "83145370", "highway": "secondary", "lanes": "4", "maxspeed": null, "name": "Visayas Avenue", "oneway": true, "reversed": "False", "length": 14.712815088269661, "ref": null, "width": null, "bridge": null, "tunnel": null, "junction": null, "access": null }, "geometry": { "type": "LineString", "coordinates": [ [ 121.043331, 14.6685403 ], [ 121.043338799999972, 14.6686724 ] ] } },
{ "type": "Feature", "properties": { "u": 250545015, "v": 250543455, "key": 0, "osmid": "38341975", "highway": "secondary", "lanes": "2", "maxspeed": "40", "name": "Tandang Sora Avenue", "oneway": false, "reversed": "False", "length": 40.309511432807277, "ref": null, "width": null, "bridge": null, "tunnel": null, "junction": null, "access": null }, "geometry": { "type": "LineString", "coordinates": [ [ 121.030595499999976, 14.6777096 ], [ 121.030256399999985, 14.6778639 ] ] } },
{ "type": "Feature", "properties": { "u": 250545015, "v": 452842770, "key": 0, "osmid": "38341975", "highway": "secondary", "lanes": "2", "maxspeed": "40", "name": "Tandang Sora Avenue", "oneway": false, "reversed": "True", "length": 168.73872691149205, "ref": null, "width": null, "bridge": null, "tunnel": null, "junction": null, "access": null }, "geometry": { "type": "LineString", "coordinates": [ [ 121.030595499999976, 14.6777096 ], [ 121.030946799999981, 14.6775655 ], [ 121.031543500000012, 14.6773208 ], [ 121.0316258, 14.677287 ], [ 121.0317662, 14.6772279 ], [ 121.031838599999986, 14.6771997 ], [ 121.0318863, 14.6771783 ], [ 121.0320391, 14.6771159 ] ] } },
{ "type": "Feature", "properties": { "u": 250543455, "v": 250545015, "key": 0, "osmid": "38341975", "highway": "secondary", "lanes": "2", "maxspeed": "40", "name": "Tandang Sora Avenue", "oneway": false, "reversed": "True", "length": 40.309511432807277, "ref": null, "width": null, "bridge": null, "tunnel": null, "junction": null, "access": null }, "geometry": { "type": "LineString", "coordinates": [ [ 121.030256399999985, 14.6778639 ], [ 121.030595499999976, 14.6777096 ] ] } },
{ "type": "Feature", "properties": { "u": 250543455, "v": 250545864, "key": 0, "osmid": "38341975", "highway": "secondary", "lanes": "2", "maxspeed": "40", "name": "Tandang Sora Avenue", "oneway": false, "reversed": "False", "length": 63.138961412733636, "ref": null, "width": null, "bridge": null, "tunnel": null, "junction": null, "access": null }, "geometry": { "type": "LineString", "coordinates": [ [ 121.030256399999985, 14.6778639 ], [ 121.029849200000015, 14.678038 ], [ 121.02971669999998, 14.6780868 ] ] } },
{ "type": "Feature", "properties": { "u": 452842770, "v": 250545015, "key": 0, "osmid": "38341975", "highway": "secondary", "lanes": "2", "maxspeed": "40", "name": "Tandang Sora Avenue", "oneway": false, "reversed": "False", "length": 168.73872691149205, "ref": null, "width": null, "bridge": null, "tunnel": null, "junction": null, "access": null }, "geometry": { "type": "LineString", "coordinates": [ [ 121.0320391, 14.6771159 ], [ 121.0318863, 14.6771783 ], [ 121.031838599999986, 14.6771997 ], [ 121.0317662, 14.6772279 ], [ 121.0316258, 14.677287 ], [ 121.031543500000012, 14.6773208 ], [ 121.030946799999981, 14.6775655 ], [ 121.030595499999976, 14.6777096 ] ] } },
{ "type": "Feature", "properties": { "u": 452842770, "v": 452842772, "key": 0, "osmid": [ 1061506164, 834542178, 1112806244, 934030023 ], "highway": "primary", "lanes": "4", "maxspeed": "30", "name": "Mindanao Avenue", "oneway": true, "reversed": "False", "length": 592.04165221747121, "ref": "128", "width": null, "bridge": null, "tunnel": null, "junction": null, "access": null }, "geometry": { "type": "LineString", "coordinates": [ [ 121.0320391, 14.6771159 ], [ 121.031988700000014, 14.6764576 ], [ 121.031995099999975, 14.6762692 ], [ 121.03203019999998, 14.6752343 ], [ 121.03203520000001, 14.6748739 ], [ 121.0320618, 14.673972 ], [ 121.0320794, 14.673423 ], [ 121.032093499999974, 14.672819 ], [ 121.0321881, 14.6724356 ], [ 121.0321894, 14.6718056 ] ] } },
{ "type": "Feature", "properties": { "u": 12094006136, "v": 314209695, "key": 0, "osmid": "46702712", "highway": "primary", "lanes": "2", "maxspeed": "60", "name": "Mindanao Avenue", "oneway": true, "reversed": "False", "length": 57.219147206846614, "ref": "128", "width": null, "bridge": null, "tunnel": null, "junction": null, "access": null }, "geometry": { "type": "LineString", "coordinates": [ [ 121.0262386, 14.6917798 ], [ 121.026369899999978, 14.6916871 ], [ 121.0266574, 14.6914627 ] ] } },
{ "type": "Feature", "properties": { "u": 314209695, "v": 2528913567, "key": 0, "osmid": "46702712", "highway": "primary", "lanes": "2", "maxspeed": "60", "name": "Mindanao Avenue", "oneway": true, "reversed": "False", "length": 61.399228409171613, "ref": "128", "width": null, "bridge": null, "tunnel": null, "junction": null, "access": null }, "geometry": { "type": "LineString", "coordinates": [ [ 121.0266574, 14.6914627 ], [ 121.0270682, 14.6910793 ] ] } },
{ "type": "Feature", "properties": { "u": 250546390, "v": 246784891, "key": 0, "osmid": "85461824", "highway": "secondary", "lanes": "4", "maxspeed": "40", "name": "Fernando Poe Jr. Avenue", "oneway": false, "reversed": "False", "length": 163.16256956317608, "ref": null, "width": "14", "bridge": null, "tunnel": null, "junction": null, "access": null }, "geometry": { "type": "LineString", "coordinates": [ [ 121.017988699999975, 14.6505551 ], [ 121.0180015, 14.6506436 ], [ 121.0180059, 14.650674 ], [ 121.018013399999973, 14.6507255 ], [ 121.0180275, 14.6508226 ], [ 121.0181121, 14.6514039 ], [ 121.018151299999957, 14.6516995 ], [ 121.0182, 14.6520081 ] ] } },
{ "type": "Feature", "properties": { "u": 612918165, "v": 1338047477, "key": 0, "osmid": "129814575", "highway": "primary", "lanes": "4", "maxspeed": null, "name": "Quirino Highway", "oneway": false, "reversed": "False", "length": 15.099723105161724, "ref": "127", "width": null, "bridge": null, "tunnel": null, "junction": null, "access": null }, "geometry": { "type": "LineString", "coordinates": [ [ 121.0171886, 14.6780433 ], [ 121.0172802, 14.6781462 ] ] } },
{ "type": "Feature", "properties": { "u": 612918165, "v": 8740101846, "key": 0, "osmid": [ 1304910500, 129814575 ], "highway": "primary", "lanes": "4", "maxspeed": null, "name": "Quirino Highway", "oneway": false, "reversed": "True", "length": 149.9094110736464, "ref": "127", "width": null, "bridge": null, "tunnel": null, "junction": null, "access": null }, "geometry": { "type": "LineString", "coordinates": [ [ 121.0171886, 14.6780433 ], [ 121.017066, 14.6779029 ], [ 121.016944099999975, 14.6777645 ], [ 121.0167521, 14.6775458 ], [ 121.0166909, 14.6774761 ], [ 121.016450100000014, 14.6772219 ], [ 121.016384399999978, 14.6771406 ], [ 121.0163531, 14.6771053 ], [ 121.016277099999982, 14.6770239 ] ] } },
{ "type": "Feature", "properties": { "u": 1338047477, "v": 612918165, "key": 0, "osmid": "129814575", "highway": "primary", "lanes": "4", "maxspeed": null, "name": "Quirino Highway", "oneway": false, "reversed": "True", "length": 15.099723105161724, "ref": "127", "width": null, "bridge": null, "tunnel": null, "junction": null, "access": null }, "geometry": { "type": "LineString", "coordinates": [ [ 121.0172802, 14.6781462 ], [ 121.0171886, 14.6780433 ] ] } },
{ "type": "Feature", "properties": { "u": 1338047477, "v": 250543841, "key": 0, "osmid": "129814575", "highway": "primary", "lanes": "4", "maxspeed": null, "name": "Quirino Highway", "oneway": false, "reversed": "False", "length": 126.83244248669843, "ref": "127", "width": null, "bridge": null, "tunnel": null, "junction": null, "access": null }, "geometry": { "type": "LineString", "coordinates": [ [ 121.0172802, 14.6781462 ], [ 121.0174252, 14.6783214 ], [ 121.017558400000013, 14.6784825 ], [ 121.017636599999989, 14.678577 ], [ 121.0177353, 14.67869 ], [ 121.018027, 14.6790288 ] ] } },
{ "type": "Feature", "properties": { "u": 260899737, "v": 148905134, "key": 0, "osmid": "134642135", "highway": "primary", "lanes": "4", "maxspeed": null, "name": "Quirino Highway", "oneway": false, "reversed": "False", "length": 49.695673966139395, "ref": "127", "width": null, "bridge": null, "tunnel": null, "junction": null, "access": null }, "geometry": { "type": "LineString", "coordinates": [ [ 121.0403245, 14.7145293 ], [ 121.040334499999986, 14.7145724 ], [ 121.040407, 14.714969 ] ] } },
{ "type": "Feature", "properties": { "u": 260899737, "v": 260899889, "key": 0, "osmid": [ 120880944, 134642135 ], "highway": "primary", "lanes": "4", "maxspeed": null, "name": "Quirino Highway", "oneway": false, "reversed": [ false, true ], "length": 299.02376168177977, "ref": "127", "width": null, "bridge": null, "tunnel": null, "junction": null, "access": null }, "geometry": { "type": "LineString", "coordinates": [ [ 121.0403245, 14.7145293 ], [ 121.040300299999984, 14.7144067 ], [ 121.0402872, 14.7143402 ], [ 121.040242300000017, 14.7141124 ], [ 121.0402003, 14.7138993 ], [ 121.039990599999982, 14.7128348 ], [ 121.0399502, 14.7126284 ], [ 121.0399376, 14.7125645 ], [ 121.03992980000001, 14.7125254 ], [ 121.0399182, 14.7124689 ], [ 121.039858699999982, 14.7121806 ], [ 121.039845499999984, 14.7121166 ], [ 121.039814, 14.7119637 ], [ 121.039798499999975, 14.7118887 ] ] } },
{ "type": "Feature", "properties": { "u": 148905134, "v": 260897189, "key": 0, "osmid": "134642135", "highway": "primary", "lanes": "4", "maxspeed": null, "name": "Quirino Highway", "oneway": false, "reversed": "False", "length": 140.74067963677956, "ref": "127", "width": null, "bridge": null, "tunnel": null, "junction": null, "access": null }, "geometry": { "type": "LineString", "coordinates": [ [ 121.040407, 14.714969 ], [ 121.0404538, 14.7152968 ], [ 121.0404633, 14.7153812 ], [ 121.0404713, 14.7155061 ], [ 121.040471399999973, 14.7156305 ], [ 121.040465899999987, 14.7157794 ], [ 121.040460200000012, 14.7158561 ], [ 121.040448400000017, 14.7159426 ], [ 121.0404124, 14.7162277 ] ] } },
{ "type": "Feature", "properties": { "u": 148905134, "v": 260899737, "key": 0, "osmid": "134642135", "highway": "primary", "lanes": "4", "maxspeed": null, "name": "Quirino Highway", "oneway": false, "reversed": "True", "length": 49.695673966139395, "ref": "127", "width": null, "bridge": null, "tunnel": null, "junction": null, "access": null }, "geometry": { "type": "LineString", "coordinates": [ [ 121.040407, 14.714969 ], [ 121.040334499999986, 14.7145724 ], [ 121.0403245, 14.7145293 ] ] } },
{ "type": "Feature", "properties": { "u": 260899889, "v": 260897838, "key": 0, "osmid": "120880944", "highway": "primary", "lanes": "4", "maxspeed": null, "name": "Quirino Highway", "oneway": false, "reversed": "False", "length": 135.08289224956906, "ref": "127", "width": null, "bridge": null, "tunnel": null, "junction": null, "access": null }, "geometry": { "type": "LineString", "coordinates": [ [ 121.039798499999975, 14.7118887 ], [ 121.039788700000017, 14.7118395 ], [ 121.039740400000014, 14.7115965 ], [ 121.0395926, 14.7109804 ], [ 121.0395305, 14.710702 ] ] } },
{ "type": "Feature", "properties": { "u": 260899889, "v": 260899737, "key": 0, "osmid": [ 120880944, 134642135 ], "highway": "primary", "lanes": "4", "maxspeed": null, "name": "Quirino Highway", "oneway": false, "reversed": [ false, true ], "length": 299.02376168177983, "ref": "127", "width": null, "bridge": null, "tunnel": null, "junction": null, "access": null }, "geometry": { "type": "LineString", "coordinates": [ [ 121.039798499999975, 14.7118887 ], [ 121.039814, 14.7119637 ], [ 121.039845499999984, 14.7121166 ], [ 121.039858699999982, 14.7121806 ], [ 121.0399182, 14.7124689 ], [ 121.03992980000001, 14.7125254 ], [ 121.0399376, 14.7125645 ], [ 121.0399502, 14.7126284 ], [ 121.039990599999982, 14.7128348 ], [ 121.0402003, 14.7138993 ], [ 121.040242300000017, 14.7141124 ], [ 121.0402872, 14.7143402 ], [ 121.040300299999984, 14.7144067 ], [ 121.0403245, 14.7145293 ] ] } },
{ "type": "Feature", "properties": { "u": 8377426842, "v": 5282305979, "key": 0, "osmid": "1072076552", "highway": "primary", "lanes": "3", "maxspeed": null, "name": "North Avenue", "oneway": true, "reversed": "False", "length": 10.681266040431582, "ref": "173", "width": null, "bridge": null, "tunnel": null, "junction": null, "access": null }, "geometry": { "type": "LineString", "coordinates": [ [ 121.034541600000011, 14.6546299 ], [ 121.03463880000001, 14.6546103 ] ] } },
{ "type": "Feature", "properties": { "u": 5282305979, "v": 206874037, "key": 0, "osmid": "886248170", "highway": "primary", "lanes": "2", "maxspeed": null, "name": "North Avenue", "oneway": true, "reversed": "False", "length": 47.416387506848864, "ref": "173", "width": null, "bridge": null, "tunnel": null, "junction": null, "access": null }, "geometry": { "type": "LineString", "coordinates": [ [ 121.03463880000001, 14.6546103 ], [ 121.035069, 14.6545175 ] ] } },
{ "type": "Feature", "properties": { "u": 5282305979, "v": 8240805797, "key": 0, "osmid": "886248171", "highway": "primary", "lanes": "1", "maxspeed": null, "name": "North Avenue", "oneway": true, "reversed": "False", "length": 50.04556742128711, "ref": "173", "width": null, "bridge": null, "tunnel": null, "junction": null, "access": null }, "geometry": { "type": "LineString", "coordinates": [ [ 121.03463880000001, 14.6546103 ], [ 121.034752, 14.6545067 ], [ 121.0350536, 14.65444 ] ] } },
{ "type": "Feature", "properties": { "u": 84509606, "v": 967511311, "key": 0, "osmid": "949576804", "highway": "secondary", "lanes": "3", "maxspeed": null, "name": "Visayas Avenue", "oneway": true, "reversed": "False", "length": 141.56663179812335, "ref": null, "width": null, "bridge": null, "tunnel": null, "junction": null, "access": null }, "geometry": { "type": "LineString", "coordinates": [ [ 121.0439136, 14.6629532 ], [ 121.0439449, 14.6627948 ], [ 121.044199699999979, 14.6617106 ] ] } },
{ "type": "Feature", "properties": { "u": 967511311, "v": 84509474, "key": 0, "osmid": "949576804", "highway": "secondary", "lanes": "3", "maxspeed": null, "name": "Visayas Avenue", "oneway": true, "reversed": "False", "length": 222.24830431954626, "ref": null, "width": null, "bridge": null, "tunnel": null, "junction": null, "access": null }, "geometry": { "type": "LineString", "coordinates": [ [ 121.044199699999979, 14.6617106 ], [ 121.044300800000016, 14.6612576 ], [ 121.04433760000002, 14.6610937 ], [ 121.0445914, 14.6599888 ], [ 121.0446433, 14.6597585 ] ] } },
{ "type": "Feature", "properties": { "u": 5432533963, "v": 5393356464, "key": 0, "osmid": [ 1220204923, 1387977165 ], "highway": "primary", "lanes": "2", "maxspeed": null, "name": "North Avenue", "oneway": true, "reversed": "False", "length": 105.65394363017248, "ref": "173", "width": null, "bridge": null, "tunnel": null, "junction": null, "access": null }, "geometry": { "type": "LineString", "coordinates": [ [ 121.0369297, 14.6540322 ], [ 121.037015, 14.6540134 ], [ 121.037832, 14.6538356 ], [ 121.037885699999975, 14.6538547 ] ] } },
{ "type": "Feature", "properties": { "u": 5393356464, "v": 6332131559, "key": 0, "osmid": "106509727", "highway": "primary", "lanes": "3", "maxspeed": null, "name": "North Avenue", "oneway": true, "reversed": "False", "length": 48.719869319286644, "ref": "173", "width": null, "bridge": null, "tunnel": null, "junction": null, "access": null }, "geometry": { "type": "LineString", "coordinates": [ [ 121.037885699999975, 14.6538547 ], [ 121.038327199999969, 14.6537571 ] ] } },
{ "type": "Feature", "properties": { "u": 5432533964, "v": 5475044862, "key": 0, "osmid": "547071733", "highway": "primary", "lanes": "3", "maxspeed": null, "name": "North Avenue", "oneway": true, "reversed": "False", "length": 128.61676535914611, "ref": "173", "width": null, "bridge": null, "tunnel": null, "junction": null, "access": null }, "geometry": { "type": "LineString", "coordinates": [ [ 121.030805700000016, 14.6555622 ], [ 121.030636, 14.6556073 ], [ 121.0305538, 14.6556356 ], [ 121.0304973, 14.6556674 ], [ 121.030446, 14.6557042 ], [ 121.0303733, 14.6557637 ], [ 121.0303316, 14.6557928 ], [ 121.0302785, 14.6558229 ], [ 121.030235300000015, 14.6558431 ], [ 121.0301848, 14.6558596 ], [ 121.0301304, 14.655873 ], [ 121.030082600000014, 14.6558799 ], [ 121.0300239, 14.6558843 ], [ 121.029966500000015, 14.6558851 ], [ 121.029907400000013, 14.6558769 ], [ 121.0298569, 14.6558652 ], [ 121.0297894, 14.6558429 ], [ 121.029706699999977, 14.6558087 ] ] } },
{ "type": "Feature", "properties": { "u": 6417179613, "v": 5432533963, "key": 0, "osmid": "1220204922", "highway": "primary", "lanes": "2", "maxspeed": null, "name": "North Avenue", "oneway": true, "reversed": "False", "length": 9.1433160879756183, "ref": "173", "width": null, "bridge": null, "tunnel": null, "junction": null, "access": null }, "geometry": { "type": "LineString", "coordinates": [ [ 121.036846699999984, 14.6540499 ], [ 121.0369297, 14.6540322 ] ] } },
{ "type": "Feature", "properties": { "u": 246784992, "v": 12144457282, "key": 0, "osmid": "1342460065", "highway": "secondary", "lanes": "2", "maxspeed": null, "name": "Senator Miriam P. Defensor-Santiago Avenue", "oneway": true, "reversed": "False", "length": 7.736017203398049, "ref": null, "width": null, "bridge": null, "tunnel": null, "junction": null, "access": null }, "geometry": { "type": "LineString", "coordinates": [ [ 121.042477199999965, 14.6441401 ], [ 121.0425305, 14.6440934 ] ] } },
{ "type": "Feature", "properties": { "u": 12144457282, "v": 750534432, "key": 0, "osmid": [ 705098896, 858768907, 61045948 ], "highway": "secondary", "lanes": "2", "maxspeed": null, "name": "Senator Miriam P. Defensor-Santiago Avenue", "oneway": true, "reversed": "False", "length": 422.24792514145616, "ref": null, "width": null, "bridge": null, "tunnel": null, "junction": null, "access": null }, "geometry": { "type": "LineString", "coordinates": [ [ 121.0425305, 14.6440934 ], [ 121.042601799999986, 14.6440308 ], [ 121.0431733, 14.6435197 ], [ 121.043242, 14.6434539 ], [ 121.043530499999974, 14.6432024 ], [ 121.0438265, 14.6429593 ], [ 121.0441298, 14.6427246 ], [ 121.044433499999982, 14.6425029 ], [ 121.044528, 14.6424374 ], [ 121.044599799999972, 14.6423852 ], [ 121.04473489999998, 14.6422984 ], [ 121.045167600000013, 14.6420202 ], [ 121.0452608, 14.6419683 ], [ 121.045403499999978, 14.6418889 ], [ 121.0454476, 14.641864 ], [ 121.0455515, 14.641806 ], [ 121.045618500000018, 14.6417687 ] ] } },
{ "type": "Feature", "properties": { "u": 11541980162, "v": 11541980163, "key": 0, "osmid": "941737970", "highway": "secondary", "lanes": "2", "maxspeed": "40", "name": "Susano Road", "oneway": false, "reversed": "False", "length": 5.0011220429523364, "ref": null, "width": null, "bridge": null, "tunnel": null, "junction": null, "access": null }, "geometry": { "type": "LineString", "coordinates": [ [ 121.033846699999984, 14.7348881 ], [ 121.033823900000016, 14.7349273 ] ] } },
{ "type": "Feature", "properties": { "u": 11541980162, "v": 260904564, "key": 0, "osmid": [ 941737970, 710056994 ], "highway": "secondary", "lanes": "2", "maxspeed": "40", "name": "Susano Road", "oneway": false, "reversed": "True", "length": 83.872966552568727, "ref": null, "width": null, "bridge": null, "tunnel": null, "junction": null, "access": null }, "geometry": { "type": "LineString", "coordinates": [ [ 121.033846699999984, 14.7348881 ], [ 121.033995500000017, 14.734632 ], [ 121.0342331, 14.7342329 ] ] } },
{ "type": "Feature", "properties": { "u": 11541980163, "v": 11541980162, "key": 0, "osmid": "941737970", "highway": "secondary", "lanes": "2", "maxspeed": "40", "name": "Susano Road", "oneway": false, "reversed": "True", "length": 5.0011220429523364, "ref": null, "width": null, "bridge": null, "tunnel": null, "junction": null, "access": null }, "geometry": { "type": "LineString", "coordinates": [ [ 121.033823900000016, 14.7349273 ], [ 121.033846699999984, 14.7348881 ] ] } },
{ "type": "Feature", "properties": { "u": 260904564, "v": 11541980162, "key": 0, "osmid": [ 710056994, 941737970 ], "highway": "secondary", "lanes": "2", "maxspeed": "40", "name": "Susano Road", "oneway": false, "reversed": "False", "length": 83.872966552568727, "ref": null, "width": null, "bridge": null, "tunnel": null, "junction": null, "access": null }, "geometry": { "type": "LineString", "coordinates": [ [ 121.0342331, 14.7342329 ], [ 121.033995500000017, 14.734632 ], [ 121.033846699999984, 14.7348881 ] ] } },
{ "type": "Feature", "properties": { "u": 260904564, "v": 260903917, "key": 0, "osmid": [ 941731840, 710056994, 1304682078 ], "highway": "secondary", "lanes": "2", "maxspeed": "40", "name": "Susano Road", "oneway": false, "reversed": "True", "length": 197.75573352435615, "ref": null, "width": null, "bridge": "yes", "tunnel": null, "junction": null, "access": null }, "geometry": { "type": "LineString", "coordinates": [ [ 121.0342331, 14.7342329 ], [ 121.0346647, 14.7334735 ], [ 121.0348109, 14.7332227 ], [ 121.0348496, 14.7331564 ], [ 121.0348799, 14.7331056 ], [ 121.0349077, 14.7330592 ], [ 121.0351245, 14.7326774 ] ] } },
{ "type": "Feature", "properties": { "u": 243672102, "v": 8382970491, "key": 0, "osmid": "117159471", "highway": "primary", "lanes": "4", "maxspeed": null, "name": "Quirino Highway", "oneway": false, "reversed": "True", "length": 6.3554757067476091, "ref": "127", "width": null, "bridge": null, "tunnel": null, "junction": null, "access": "yes" }, "geometry": { "type": "LineString", "coordinates": [ [ 121.054505, 14.7342607 ], [ 121.0545572, 14.7342875 ] ] } },
{ "type": "Feature", "properties": { "u": 243672102, "v": 1324455825, "key": 0, "osmid": "610043908", "highway": "primary", "lanes": "4", "maxspeed": null, "name": "Quirino Highway", "oneway": false, "reversed": "False", "length": 121.81556959236656, "ref": "127", "width": null, "bridge": null, "tunnel": null, "junction": null, "access": null }, "geometry": { "type": "LineString", "coordinates": [ [ 121.054505, 14.7342607 ], [ 121.0544214, 14.7342178 ], [ 121.0543846, 14.7342029 ], [ 121.0543384, 14.7341868 ], [ 121.0541309, 14.7341117 ], [ 121.053980200000012, 14.7340672 ], [ 121.053905599999979, 14.73404 ], [ 121.0535722, 14.7339307 ], [ 121.053441099999986, 14.7338883 ] ] } },
{ "type": "Feature", "properties": { "u": 8382970491, "v": 243672102, "key": 0, "osmid": "117159471", "highway": "primary", "lanes": "4", "maxspeed": null, "name": "Quirino Highway", "oneway": false, "reversed": "False", "length": 6.3554757067476091, "ref": "127", "width": null, "bridge": null, "tunnel": null, "junction": null, "access": "yes" }, "geometry": { "type": "LineString", "coordinates": [ [ 121.0545572, 14.7342875 ], [ 121.054505, 14.7342607 ] ] } },
{ "type": "Feature", "properties": { "u": 8382970491, "v": 11454312135, "key": 0, "osmid": "117159471", "highway": "primary", "lanes": "4", "maxspeed": null, "name": "Quirino Highway", "oneway": false, "reversed": "True", "length": 22.674742481144083, "ref": "127", "width": null, "bridge": null, "tunnel": null, "junction": null, "access": "yes" }, "geometry": { "type": "LineString", "coordinates": [ [ 121.0545572, 14.7342875 ], [ 121.054743499999987, 14.734383 ] ] } },
{ "type": "Feature", "properties": { "u": 1316799535, "v": 9979537322, "key": 0, "osmid": "114100851", "highway": "trunk", "lanes": "4", "maxspeed": "60", "name": "EDSA", "oneway": true, "reversed": "False", "length": 203.00952352072443, "ref": "1", "width": "19.2", "bridge": null, "tunnel": null, "junction": null, "access": null }, "geometry": { "type": "LineString", "coordinates": [ [ 121.024162600000011, 14.6567889 ], [ 121.0242507, 14.6567682 ], [ 121.024437100000014, 14.6567245 ], [ 121.0251291, 14.6565593 ], [ 121.0253173, 14.6565164 ], [ 121.025998399999978, 14.6563663 ] ] } },
{ "type": "Feature", "properties": { "u": 9979537322, "v": 452811250, "key": 0, "osmid": "114100851", "highway": "trunk", "lanes": "4", "maxspeed": "60", "name": "EDSA", "oneway": true, "reversed": "False", "length": 144.13391679936655, "ref": "1", "width": "19.2", "bridge": null, "tunnel": null, "junction": null, "access": null }, "geometry": { "type": "LineString", "coordinates": [ [ 121.025998399999978, 14.6563663 ], [ 121.0262098, 14.6563192 ], [ 121.026360199999985, 14.6562873 ], [ 121.0273055, 14.6560816 ] ] } },
{ "type": "Feature", "properties": { "u": 260897838, "v": 260895764, "key": 0, "osmid": "120880944", "highway": "primary", "lanes": "4", "maxspeed": null, "name": "Quirino Highway", "oneway": false, "reversed": "False", "length": 47.653767368273265, "ref": "127", "width": null, "bridge": null, "tunnel": null, "junction": null, "access": null }, "geometry": { "type": "LineString", "coordinates": [ [ 121.0395305, 14.710702 ], [ 121.039487899999969, 14.7105237 ], [ 121.0394337, 14.7102838 ] ] } },
{ "type": "Feature", "properties": { "u": 260897838, "v": 260899889, "key": 0, "osmid": "120880944", "highway": "primary", "lanes": "4", "maxspeed": null, "name": "Quirino Highway", "oneway": false, "reversed": "True", "length": 135.08289224956906, "ref": "127", "width": null, "bridge": null, "tunnel": null, "junction": null, "access": null }, "geometry": { "type": "LineString", "coordinates": [ [ 121.0395305, 14.710702 ], [ 121.0395926, 14.7109804 ], [ 121.039740400000014, 14.7115965 ], [ 121.039788700000017, 14.7118395 ], [ 121.039798499999975, 14.7118887 ] ] } },
{ "type": "Feature", "properties": { "u": 260899909, "v": 260897301, "key": 0, "osmid": "120880944", "highway": "primary", "lanes": "4", "maxspeed": null, "name": "Quirino Highway", "oneway": false, "reversed": "False", "length": 22.201022158276825, "ref": "127", "width": null, "bridge": null, "tunnel": null, "junction": null, "access": null }, "geometry": { "type": "LineString", "coordinates": [ [ 121.039379100000019, 14.7100758 ], [ 121.0393382, 14.7098801 ] ] } },
{ "type": "Feature", "properties": { "u": 260899909, "v": 260895764, "key": 0, "osmid": "120880944", "highway": "primary", "lanes": "4", "maxspeed": null, "name": "Quirino Highway", "oneway": false, "reversed": "True", "length": 23.862406360395404, "ref": "127", "width": null, "bridge": null, "tunnel": null, "junction": null, "access": null }, "geometry": { "type": "LineString", "coordinates": [ [ 121.039379100000019, 14.7100758 ], [ 121.0394337, 14.7102838 ] ] } },
{ "type": "Feature", "properties": { "u": 260895764, "v": 260899909, "key": 0, "osmid": "120880944", "highway": "primary", "lanes": "4", "maxspeed": null, "name": "Quirino Highway", "oneway": false, "reversed": "False", "length": 23.862406360395404, "ref": "127", "width": null, "bridge": null, "tunnel": null, "junction": null, "access": null }, "geometry": { "type": "LineString", "coordinates": [ [ 121.0394337, 14.7102838 ], [ 121.039379100000019, 14.7100758 ] ] } },
{ "type": "Feature", "properties": { "u": 260895764, "v": 260897838, "key": 0, "osmid": "120880944", "highway": "primary", "lanes": "4", "maxspeed": null, "name": "Quirino Highway", "oneway": false, "reversed": "True", "length": 47.653767368273265, "ref": "127", "width": null, "bridge": null, "tunnel": null, "junction": null, "access": null }, "geometry": { "type": "LineString", "coordinates": [ [ 121.0394337, 14.7102838 ], [ 121.039487899999969, 14.7105237 ], [ 121.0395305, 14.710702 ] ] } },
{ "type": "Feature", "properties": { "u": 1180306206, "v": 9765274695, "key": 0, "osmid": "129814578", "highway": "secondary", "lanes": "2", "maxspeed": "40", "name": "Tandang Sora Avenue", "oneway": false, "reversed": "False", "length": 5.5186614566794088, "ref": null, "width": null, "bridge": null, "tunnel": null, "junction": null, "access": null }, "geometry": { "type": "LineString", "coordinates": [ [ 121.023480600000013, 14.6794445 ], [ 121.02343, 14.6794527 ] ] } },
{ "type": "Feature", "properties": { "u": 1180306206, "v": 5870209637, "key": 0, "osmid": "129814578", "highway": "secondary", "lanes": "2", "maxspeed": "40", "name": "Tandang Sora Avenue", "oneway": false, "reversed": "True", "length": 30.714309645332335, "ref": null, "width": null, "bridge": null, "tunnel": null, "junction": null, "access": null }, "geometry": { "type": "LineString", "coordinates": [ [ 121.023480600000013, 14.6794445 ], [ 121.0237573, 14.6793763 ] ] } },
{ "type": "Feature", "properties": { "u": 566895691, "v": 671835824, "key": 0, "osmid": "548380352", "highway": "secondary", "lanes": "4", "maxspeed": "40", "name": "Fernando Poe Jr. Avenue", "oneway": false, "reversed": "False", "length": 76.393212910721061, "ref": null, "width": "14", "bridge": null, "tunnel": null, "junction": null, "access": null }, "geometry": { "type": "LineString", "coordinates": [ [ 121.0187097, 14.6551104 ], [ 121.0187821, 14.6553554 ], [ 121.018929500000013, 14.6557634 ] ] } },
{ "type": "Feature", "properties": { "u": 566895691, "v": 103807919, "key": 0, "osmid": [ 548380352, 53058048, 85461824 ], "highway": "secondary", "lanes": "4", "maxspeed": "40", "name": "Fernando Poe Jr. Avenue", "oneway": false, "reversed": "True", "length": 69.38959343768218, "ref": null, "width": "14", "bridge": "yes", "tunnel": null, "junction": null, "access": null }, "geometry": { "type": "LineString", "coordinates": [ [ 121.0187097, 14.6551104 ], [ 121.0186894, 14.6550312 ], [ 121.0186443, 14.6548359 ], [ 121.0186345, 14.6547996 ], [ 121.018589399999982, 14.6545904 ], [ 121.0185748, 14.6545004 ] ] } },
{ "type": "Feature", "properties": { "u": 671835824, "v": 566895698, "key": 0, "osmid": "53329757", "highway": "secondary", "lanes": "4", "maxspeed": "40", "name": "Fernando Poe Jr. Avenue", "oneway": false, "reversed": "False", "length": 64.361429831257283, "ref": null, "width": "14", "bridge": null, "tunnel": null, "junction": null, "access": null }, "geometry": { "type": "LineString", "coordinates": [ [ 121.018929500000013, 14.6557634 ], [ 121.019149400000018, 14.6563017 ] ] } },
{ "type": "Feature", "properties": { "u": 671835824, "v": 566895691, "key": 0, "osmid": "548380352", "highway": "secondary", "lanes": "4", "maxspeed": "40", "name": "Fernando Poe Jr. Avenue", "oneway": false, "reversed": "True", "length": 76.393212910721061, "ref": null, "width": "14", "bridge": null, "tunnel": null, "junction": null, "access": null }, "geometry": { "type": "LineString", "coordinates": [ [ 121.018929500000013, 14.6557634 ], [ 121.0187821, 14.6553554 ], [ 121.0187097, 14.6551104 ] ] } },
{ "type": "Feature", "properties": { "u": 103807919, "v": 566895691, "key": 0, "osmid": [ 85461824, 53058048, 548380352 ], "highway": "secondary", "lanes": "4", "maxspeed": "40", "name": "Fernando Poe Jr. Avenue", "oneway": false, "reversed": "False", "length": 69.38959343768218, "ref": null, "width": "14", "bridge": "yes", "tunnel": null, "junction": null, "access": null }, "geometry": { "type": "LineString", "coordinates": [ [ 121.0185748, 14.6545004 ], [ 121.018589399999982, 14.6545904 ], [ 121.0186345, 14.6547996 ], [ 121.0186443, 14.6548359 ], [ 121.0186894, 14.6550312 ], [ 121.0187097, 14.6551104 ] ] } },
{ "type": "Feature", "properties": { "u": 103807919, "v": 103807920, "key": 0, "osmid": "85461824", "highway": "secondary", "lanes": "4", "maxspeed": "40", "name": "Fernando Poe Jr. Avenue", "oneway": false, "reversed": "True", "length": 169.21259989725317, "ref": null, "width": "14", "bridge": null, "tunnel": null, "junction": null, "access": null }, "geometry": { "type": "LineString", "coordinates": [ [ 121.0185748, 14.6545004 ], [ 121.0183641, 14.6530832 ], [ 121.01834909999998, 14.6529944 ] ] } },
{ "type": "Feature", "properties": { "u": 566895698, "v": 671835824, "key": 0, "osmid": "53329757", "highway": "secondary", "lanes": "4", "maxspeed": "40", "name": "Fernando Poe Jr. Avenue", "oneway": false, "reversed": "True", "length": 64.361429831257283, "ref": null, "width": "14", "bridge": null, "tunnel": null, "junction": null, "access": null }, "geometry": { "type": "LineString", "coordinates": [ [ 121.019149400000018, 14.6563017 ], [ 121.018929500000013, 14.6557634 ] ] } },
{ "type": "Feature", "properties": { "u": 566895698, "v": 7236096671, "key": 0, "osmid": "844435277", "highway": "secondary", "lanes": "2", "maxspeed": "40", "name": "Fernando Poe Jr. Avenue", "oneway": true, "reversed": "False", "length": 58.190048351021176, "ref": null, "width": "7", "bridge": null, "tunnel": null, "junction": null, "access": null }, "geometry": { "type": "LineString", "coordinates": [ [ 121.019149400000018, 14.6563017 ], [ 121.0192108, 14.6563866 ], [ 121.019362499999957, 14.6567798 ] ] } },
{ "type": "Feature", "properties": { "u": 7236096671, "v": 674492671, "key": 0, "osmid": "53329758", "highway": "secondary", "lanes": "2", "maxspeed": "40", "name": "Fernando Poe Jr. Avenue", "oneway": true, "reversed": "False", "length": 102.32697776984084, "ref": null, "width": "7", "bridge": null, "tunnel": null, "junction": null, "access": null }, "geometry": { "type": "LineString", "coordinates": [ [ 121.019362499999957, 14.6567798 ], [ 121.019588399999989, 14.6573669 ], [ 121.0195964, 14.657385 ], [ 121.019607800000017, 14.6574051 ], [ 121.0196206, 14.6574208 ], [ 121.019638599999979, 14.6574395 ], [ 121.0196534, 14.6574518 ], [ 121.01967329999998, 14.6574642 ], [ 121.0196909, 14.6574752 ], [ 121.0197157, 14.6574862 ], [ 121.0197411, 14.6574964 ], [ 121.019768, 14.657505 ], [ 121.01983079999998, 14.6575223 ] ] } },
{ "type": "Feature", "properties": { "u": 204604504, "v": 35458397, "key": 0, "osmid": "880371464", "highway": "primary", "lanes": "4", "maxspeed": null, "name": "Mindanao Avenue", "oneway": true, "reversed": "False", "length": 11.430253238206864, "ref": "128", "width": null, "bridge": null, "tunnel": null, "junction": null, "access": null }, "geometry": { "type": "LineString", "coordinates": [ [ 121.0352072, 14.6544868 ], [ 121.03523, 14.6545872 ] ] } },
{ "type": "Feature", "properties": { "u": 204604504, "v": 8660954055, "key": 0, "osmid": "1329132803", "highway": "primary", "lanes": "1", "maxspeed": null, "name": "North Avenue", "oneway": true, "reversed": "False", "length": 83.552709879543357, "ref": "173", "width": null, "bridge": null, "tunnel": null, "junction": null, "access": null }, "geometry": { "type": "LineString", "coordinates": [ [ 121.0352072, 14.6544868 ], [ 121.035632199999981, 14.6543927 ], [ 121.0356446, 14.6543908 ], [ 121.0359647, 14.654321 ] ] } },
{ "type": "Feature", "properties": { "u": 35458397, "v": 22352232, "key": 0, "osmid": "880371465", "highway": "primary", "lanes": "3", "maxspeed": null, "name": "North Avenue", "oneway": true, "reversed": "False", "length": 15.241150256833066, "ref": "173", "width": null, "bridge": null, "tunnel": null, "junction": null, "access": "no" }, "geometry": { "type": "LineString", "coordinates": [ [ 121.03523, 14.6545872 ], [ 121.035091899999983, 14.6546178 ] ] } },
{ "type": "Feature", "properties": { "u": 35458397, "v": 600218891, "key": 0, "osmid": "923720398", "highway": "primary", "lanes": "4", "maxspeed": null, "name": "Mindanao Avenue", "oneway": true, "reversed": "False", "length": 424.37179632807528, "ref": "128", "width": null, "bridge": null, "tunnel": null, "junction": null, "access": null }, "geometry": { "type": "LineString", "coordinates": [ [ 121.03523, 14.6545872 ], [ 121.035250800000014, 14.6546754 ], [ 121.0354746, 14.655634 ], [ 121.0360995, 14.6583098 ] ] } },
{ "type": "Feature", "properties": { "u": 8660954055, "v": 8660954057, "key": 0, "osmid": "1329132803", "highway": "primary", "lanes": "1", "maxspeed": null, "name": "North Avenue", "oneway": true, "reversed": "False", "length": 30.574253086717704, "ref": "173", "width": null, "bridge": null, "tunnel": null, "junction": null, "access": null }, "geometry": { "type": "LineString", "coordinates": [ [ 121.0359647, 14.654321 ], [ 121.036241800000013, 14.6542599 ] ] } },
{ "type": "Feature", "properties": { "u": 616552543, "v": 616552540, "key": 0, "osmid": "129814574", "highway": "primary", "lanes": "4", "maxspeed": null, "name": "Quirino Highway", "oneway": false, "reversed": "False", "length": 18.912536378274211, "ref": "127", "width": null, "bridge": null, "tunnel": null, "junction": null, "access": null }, "geometry": { "type": "LineString", "coordinates": [ [ 121.020854400000019, 14.68242 ], [ 121.020967900000016, 14.6825499 ] ] } },
{ "type": "Feature", "properties": { "u": 616552543, "v": 5870290011, "key": 0, "osmid": "129814574", "highway": "primary", "lanes": "4", "maxspeed": null, "name": "Quirino Highway", "oneway": false, "reversed": "True", "length": 141.72431565697127, "ref": "127", "width": null, "bridge": null, "tunnel": null, "junction": null, "access": null }, "geometry": { "type": "LineString", "coordinates": [ [ 121.020854400000019, 14.68242 ], [ 121.0206904, 14.6822259 ], [ 121.020406, 14.6818926 ], [ 121.020267, 14.6817247 ], [ 121.0201046, 14.6815328 ], [ 121.020062, 14.6814796 ], [ 121.0200206, 14.6814332 ] ] } },
{ "type": "Feature", "properties": { "u": 6123488349, "v": 8367008725, "key": 0, "osmid": "168525275", "highway": "primary", "lanes": "2", "maxspeed": null, "name": "Quirino Highway", "oneway": true, "reversed": "False", "length": 41.663297029002017, "ref": "127", "width": null, "bridge": null, "tunnel": null, "junction": null, "access": null }, "geometry": { "type": "LineString", "coordinates": [ [ 121.033666699999984, 14.6984834 ], [ 121.033718300000018, 14.6985665 ], [ 121.033725500000017, 14.6985788 ], [ 121.0338658, 14.6988048 ] ] } },
{ "type": "Feature", "properties": { "u": 8367008725, "v": 12074242108, "key": 0, "osmid": "168525275", "highway": "primary", "lanes": "2", "maxspeed": null, "name": "Quirino Highway", "oneway": true, "reversed": "False", "length": 19.525661535534272, "ref": "127", "width": null, "bridge": null, "tunnel": null, "junction": null, "access": null }, "geometry": { "type": "LineString", "coordinates": [ [ 121.0338658, 14.6988048 ], [ 121.033955799999973, 14.6989573 ] ] } },
{ "type": "Feature", "properties": { "u": 5817156714, "v": 614524044, "key": 0, "osmid": "164437555", "highway": "primary", "lanes": "2", "maxspeed": "40", "name": "General Luis Street", "oneway": false, "reversed": "False", "length": 8.8587172540778436, "ref": "118", "width": null, "bridge": null, "tunnel": null, "junction": null, "access": null }, "geometry": { "type": "LineString", "coordinates": [ [ 121.02239179999998, 14.7194387 ], [ 121.0223104, 14.7194509 ] ] } },
{ "type": "Feature", "properties": { "u": 5817156714, "v": 313283399, "key": 0, "osmid": "164437555", "highway": "primary", "lanes": "2", "maxspeed": "40", "name": "General Luis Street", "oneway": false, "reversed": "True", "length": 33.490184192738113, "ref": "118", "width": null, "bridge": null, "tunnel": null, "junction": null, "access": null }, "geometry": { "type": "LineString", "coordinates": [ [ 121.02239179999998, 14.7194387 ], [ 121.0225982, 14.719404 ], [ 121.022699, 14.7193895 ] ] } },
{ "type": "Feature", "properties": { "u": 614524044, "v": 5817156714, "key": 0, "osmid": "164437555", "highway": "primary", "lanes": "2", "maxspeed": "40", "name": "General Luis Street", "oneway": false, "reversed": "True", "length": 8.8587172540778436, "ref": "118", "width": null, "bridge": null, "tunnel": null, "junction": null, "access": null }, "geometry": { "type": "LineString", "coordinates": [ [ 121.0223104, 14.7194509 ], [ 121.02239179999998, 14.7194387 ] ] } },
{ "type": "Feature", "properties": { "u": 5284188410, "v": 88784284, "key": 0, "osmid": "546849203", "highway": "secondary", "lanes": "2", "maxspeed": null, "name": "Senator Miriam P. Defensor-Santiago Avenue", "oneway": true, "reversed": "False", "length": 15.123511510874167, "ref": null, "width": null, "bridge": null, "tunnel": null, "junction": null, "access": null }, "geometry": { "type": "LineString", "coordinates": [ [ 121.038567900000018, 14.6538441 ], [ 121.038530099999988, 14.6537131 ] ] } },
{ "type": "Feature", "properties": { "u": 5284188410, "v": 35458397, "key": 0, "osmid": "676144956", "highway": "primary", "lanes": "3", "maxspeed": null, "name": "North Avenue", "oneway": true, "reversed": "False", "length": 368.46866082573308, "ref": "173", "width": null, "bridge": null, "tunnel": null, "junction": null, "access": null }, "geometry": { "type": "LineString", "coordinates": [ [ 121.038567900000018, 14.6538441 ], [ 121.03523, 14.6545872 ] ] } },
{ "type": "Feature", "properties": { "u": 8382424181, "v": 6264891389, "key": 0, "osmid": "902495447", "highway": "primary", "lanes": "2", "maxspeed": "40", "name": "EDSA", "oneway": true, "reversed": "False", "length": 11.037378570869668, "ref": "1", "width": null, "bridge": null, "tunnel": null, "junction": null, "access": null }, "geometry": { "type": "LineString", "coordinates": [ [ 121.033619300000012, 14.6504981 ], [ 121.0335653, 14.6505825 ] ] } },
{ "type": "Feature", "properties": { "u": 6264891389, "v": 8375781324, "key": 0, "osmid": "914986294", "highway": "primary", "lanes": "2", "maxspeed": "40", "name": "EDSA", "oneway": true, "reversed": "False", "length": 37.090551934799024, "ref": "1", "width": null, "bridge": null, "tunnel": null, "junction": null, "access": null }, "geometry": { "type": "LineString", "coordinates": [ [ 121.0335653, 14.6505825 ], [ 121.0335016, 14.6506796 ], [ 121.0333168, 14.6508053 ] ] } },
{ "type": "Feature", "properties": { "u": 8382424184, "v": 288463431, "key": 0, "osmid": "902495447", "highway": "primary", "lanes": "2", "maxspeed": "40", "name": "EDSA", "oneway": true, "reversed": "False", "length": 49.53611206453941, "ref": "1", "width": null, "bridge": null, "tunnel": null, "junction": null, "access": null }, "geometry": { "type": "LineString", "coordinates": [ [ 121.0344794, 14.6490914 ], [ 121.03445379999998, 14.649209 ], [ 121.0342732, 14.6494834 ] ] } },
{ "type": "Feature", "properties": { "u": 8382424184, "v": 8375781324, "key": 0, "osmid": "902495449", "highway": "trunk", "lanes": "2", "maxspeed": "60", "name": "EDSA", "oneway": true, "reversed": "False", "length": 228.80506280357329, "ref": "1", "width": null, "bridge": null, "tunnel": null, "junction": null, "access": null }, "geometry": { "type": "LineString", "coordinates": [ [ 121.0344794, 14.6490914 ], [ 121.0343844, 14.6491586 ], [ 121.0333168, 14.6508053 ] ] } },
{ "type": "Feature", "properties": { "u": 288463431, "v": 8382424181, "key": 0, "osmid": "902495447", "highway": "primary", "lanes": "2", "maxspeed": "40", "name": "EDSA", "oneway": true, "reversed": "False", "length": 132.96553664103055, "ref": "1", "width": null, "bridge": null, "tunnel": null, "junction": null, "access": null }, "geometry": { "type": "LineString", "coordinates": [ [ 121.0342732, 14.6494834 ], [ 121.034085, 14.6497692 ], [ 121.033619300000012, 14.6504981 ] ] } },
{ "type": "Feature", "properties": { "u": 8375781324, "v": 5292826857, "key": 0, "osmid": [ 876010912, 117517701, 902495446, 706375888 ], "highway": "trunk", "lanes": "4", "maxspeed": "60", "name": "EDSA", "oneway": true, "reversed": "False", "length": 541.707170196677, "ref": "1", "width": "19.2", "bridge": null, "tunnel": "building_passage", "junction": null, "access": null }, "geometry": { "type": "LineString", "coordinates": [ [ 121.0333168, 14.6508053 ], [ 121.0326823, 14.6518327 ], [ 121.032472900000016, 14.6521775 ], [ 121.0323275, 14.6524047 ], [ 121.0312334, 14.6540466 ], [ 121.0306512, 14.6549377 ] ] } },
{ "type": "Feature", "properties": { "u": 8382424186, "v": 8382424184, "key": 0, "osmid": [ 902495448, 1338232971 ], "highway": "trunk", "lanes": "4", "maxspeed": "60", "name": "EDSA", "oneway": true, "reversed": "False", "length": 86.929803126572608, "ref": "1", "width": null, "bridge": null, "tunnel": null, "junction": null, "access": null }, "geometry": { "type": "LineString", "coordinates": [ [ 121.034916699999982, 14.648434 ], [ 121.0345667, 14.6489601 ], [ 121.0344794, 14.6490914 ] ] } },
{ "type": "Feature", "properties": { "u": 31908997, "v": 250543304, "key": 0, "osmid": [ 1305140316, 548435292 ], "highway": "secondary", "lanes": [ "3", "2" ], "maxspeed": "40", "name": "Tandang Sora Avenue", "oneway": false, "reversed": "False", "length": 241.13542083615201, "ref": null, "width": "13.4", "bridge": null, "tunnel": null, "junction": null, "access": null }, "geometry": { "type": "LineString", "coordinates": [ [ 121.048910300000017, 14.6734863 ], [ 121.0488006, 14.6735383 ], [ 121.048585700000018, 14.6736388 ], [ 121.048153700000015, 14.6738408 ], [ 121.0479258, 14.6739476 ], [ 121.047567899999976, 14.674118 ], [ 121.047418399999984, 14.6741986 ], [ 121.04736290000001, 14.6742304 ], [ 121.0472607, 14.674289 ], [ 121.0471071, 14.6743913 ], [ 121.0470709, 14.6744154 ], [ 121.0469387, 14.6745093 ] ] } },
{ "type": "Feature", "properties": { "u": 31908997, "v": 12088038234, "key": 0, "osmid": "1305140317", "highway": "secondary", "lanes": null, "maxspeed": "40", "name": "Tandang Sora Avenue", "oneway": true, "reversed": "False", "length": 15.78431552802952, "ref": null, "width": null, "bridge": null, "tunnel": null, "junction": null, "access": null }, "geometry": { "type": "LineString", "coordinates": [ [ 121.048910300000017, 14.6734863 ], [ 121.0489054, 14.6734549 ], [ 121.048899299999974, 14.6734299 ], [ 121.048892099999975, 14.6734037 ], [ 121.048880799999978, 14.673379 ], [ 121.0488634, 14.6733537 ] ] } },
{ "type": "Feature", "properties": { "u": 250543304, "v": 31908999, "key": 0, "osmid": "548435292", "highway": "secondary", "lanes": "2", "maxspeed": "40", "name": "Tandang Sora Avenue", "oneway": false, "reversed": "False", "length": 183.08951530619976, "ref": null, "width": "13.4", "bridge": null, "tunnel": null, "junction": null, "access": null }, "geometry": { "type": "LineString", "coordinates": [ [ 121.0469387, 14.6745093 ], [ 121.0467746, 14.6746207 ], [ 121.04669949999996, 14.6746717 ], [ 121.046595499999967, 14.6747424 ], [ 121.0462298, 14.6749806 ], [ 121.045902, 14.6751884 ], [ 121.0457764, 14.6752578 ], [ 121.0457422, 14.6752794 ], [ 121.045520499999981, 14.6754189 ] ] } },
{ "type": "Feature", "properties": { "u": 250543304, "v": 31908997, "key": 0, "osmid": [ 548435292, 1305140316 ], "highway": "secondary", "lanes": [ "2", "3" ], "maxspeed": "40", "name": "Tandang Sora Avenue", "oneway": false, "reversed": "True", "length": 241.13542083615201, "ref": null, "width": "13.4", "bridge": null, "tunnel": null, "junction": null, "access": null }, "geometry": { "type": "LineString", "coordinates": [ [ 121.0469387, 14.6745093 ], [ 121.0470709, 14.6744154 ], [ 121.0471071, 14.6743913 ], [ 121.0472607, 14.674289 ], [ 121.04736290000001, 14.6742304 ], [ 121.047418399999984, 14.6741986 ], [ 121.047567899999976, 14.674118 ], [ 121.0479258, 14.6739476 ], [ 121.048153700000015, 14.6738408 ], [ 121.048585700000018, 14.6736388 ], [ 121.0488006, 14.6735383 ], [ 121.048910300000017, 14.6734863 ] ] } },
{ "type": "Feature", "properties": { "u": 12088038234, "v": 860789298, "key": 0, "osmid": "1305140315", "highway": "primary", "lanes": "2", "maxspeed": "60", "name": "Congressional Avenue Extension", "oneway": true, "reversed": "False", "length": 109.66153413930525, "ref": "129", "width": null, "bridge": null, "tunnel": null, "junction": null, "access": null }, "geometry": { "type": "LineString", "coordinates": [ [ 121.0488634, 14.6733537 ], [ 121.0487996, 14.6733306 ], [ 121.048408100000017, 14.6731878 ], [ 121.0481518, 14.6730941 ], [ 121.047905099999966, 14.673018 ] ] } },
{ "type": "Feature", "properties": { "u": 31908999, "v": 250543304, "key": 0, "osmid": "548435292", "highway": "secondary", "lanes": "2", "maxspeed": "40", "name": "Tandang Sora Avenue", "oneway": false, "reversed": "True", "length": 183.08951530619979, "ref": null, "width": "13.4", "bridge": null, "tunnel": null, "junction": null, "access": null }, "geometry": { "type": "LineString", "coordinates": [ [ 121.045520499999981, 14.6754189 ], [ 121.0457422, 14.6752794 ], [ 121.0457764, 14.6752578 ], [ 121.045902, 14.6751884 ], [ 121.0462298, 14.6749806 ], [ 121.046595499999967, 14.6747424 ], [ 121.04669949999996, 14.6746717 ], [ 121.0467746, 14.6746207 ], [ 121.0469387, 14.6745093 ] ] } },
{ "type": "Feature", "properties": { "u": 31908999, "v": 1829366654, "key": 0, "osmid": "1041851053", "highway": "secondary", "lanes": "2", "maxspeed": "40", "name": "Tandang Sora Avenue", "oneway": false, "reversed": "False", "length": 123.06086540713071, "ref": null, "width": "13.4", "bridge": null, "tunnel": null, "junction": null, "access": null }, "geometry": { "type": "LineString", "coordinates": [ [ 121.045520499999981, 14.6754189 ], [ 121.045456800000011, 14.6754587 ], [ 121.04539290000001, 14.6754997 ], [ 121.045306, 14.6755554 ], [ 121.04523279999998, 14.675602 ], [ 121.045155599999987, 14.6756515 ], [ 121.0450612, 14.6756996 ], [ 121.0449547, 14.6757439 ], [ 121.0448053, 14.6757951 ], [ 121.0444945, 14.67589 ] ] } },
{ "type": "Feature", "properties": { "u": 1829366654, "v": 31908999, "key": 0, "osmid": "1041851053", "highway": "secondary", "lanes": "2", "maxspeed": "40", "name": "Tandang Sora Avenue", "oneway": false, "reversed": "True", "length": 123.06086540713071, "ref": null, "width": "13.4", "bridge": null, "tunnel": null, "junction": null, "access": null }, "geometry": { "type": "LineString", "coordinates": [ [ 121.0444945, 14.67589 ], [ 121.0448053, 14.6757951 ], [ 121.0449547, 14.6757439 ], [ 121.0450612, 14.6756996 ], [ 121.045155599999987, 14.6756515 ], [ 121.04523279999998, 14.675602 ], [ 121.045306, 14.6755554 ], [ 121.04539290000001, 14.6754997 ], [ 121.045456800000011, 14.6754587 ], [ 121.045520499999981, 14.6754189 ] ] } },
{ "type": "Feature", "properties": { "u": 1829366654, "v": 1829366657, "key": 0, "osmid": "1041851057", "highway": "secondary", "lanes": "2", "maxspeed": "40", "name": "Tandang Sora Avenue", "oneway": false, "reversed": "False", "length": 50.881223804128922, "ref": null, "width": "13.4", "bridge": null, "tunnel": null, "junction": null, "access": null }, "geometry": { "type": "LineString", "coordinates": [ [ 121.0444945, 14.67589 ], [ 121.044271499999965, 14.6759539 ], [ 121.044040399999986, 14.6760181 ] ] } },
{ "type": "Feature", "properties": { "u": 31909001, "v": 250543960, "key": 0, "osmid": [ 72508160, 1238810735 ], "highway": "secondary", "lanes": "2", "maxspeed": "40", "name": "Tandang Sora Avenue", "oneway": false, "reversed": "False", "length": 87.303236990445313, "ref": null, "width": "6.7", "bridge": null, "tunnel": null, "junction": null, "access": null }, "geometry": { "type": "LineString", "coordinates": [ [ 121.043616, 14.6761268 ], [ 121.043393, 14.6761876 ], [ 121.04314429999998, 14.6762449 ], [ 121.042827, 14.6763096 ] ] } },
{ "type": "Feature", "properties": { "u": 31909001, "v": 8585081877, "key": 0, "osmid": "135358499", "highway": "secondary", "lanes": "4", "maxspeed": null, "name": "Visayas Avenue", "oneway": true, "reversed": "False", "length": 136.29139166769036, "ref": null, "width": "10", "bridge": null, "tunnel": null, "junction": null, "access": null }, "geometry": { "type": "LineString", "coordinates": [ [ 121.043616, 14.6761268 ], [ 121.0436076, 14.6760389 ], [ 121.0435113, 14.6749053 ] ] } },
{ "type": "Feature", "properties": { "u": 250543960, "v": 251109239, "key": 0, "osmid": "1238810735", "highway": "secondary", "lanes": "2", "maxspeed": "40", "name": "Tandang Sora Avenue", "oneway": false, "reversed": "False", "length": 14.081198979744507, "ref": null, "width": "6.7", "bridge": null, "tunnel": null, "junction": null, "access": null }, "geometry": { "type": "LineString", "coordinates": [ [ 121.042827, 14.6763096 ], [ 121.0426995, 14.6763383 ] ] } },
{ "type": "Feature", "properties": { "u": 250543960, "v": 31909001, "key": 0, "osmid": [ 72508160, 1238810735 ], "highway": "secondary", "lanes": "2", "maxspeed": "40", "name": "Tandang Sora Avenue", "oneway": false, "reversed": "True", "length": 87.303236990445313, "ref": null, "width": "6.7", "bridge": null, "tunnel": null, "junction": null, "access": null }, "geometry": { "type": "LineString", "coordinates": [ [ 121.042827, 14.6763096 ], [ 121.04314429999998, 14.6762449 ], [ 121.043393, 14.6761876 ], [ 121.043616, 14.6761268 ] ] } },
{ "type": "Feature", "properties": { "u": 8585081877, "v": 219982329, "key": 0, "osmid": "135358499", "highway": "secondary", "lanes": "4", "maxspeed": null, "name": "Visayas Avenue", "oneway": true, "reversed": "False", "length": 228.36413114972189, "ref": null, "width": "10", "bridge": null, "tunnel": null, "junction": null, "access": null }, "geometry": { "type": "LineString", "coordinates": [ [ 121.0435113, 14.6749053 ], [ 121.0434159, 14.6737126 ], [ 121.043366, 14.6728565 ] ] } },
{ "type": "Feature", "properties": { "u": 6626911460, "v": 3665596403, "key": 0, "osmid": "149993688", "highway": "secondary", "lanes": "2", "maxspeed": "40", "name": "Central Avenue", "oneway": false, "reversed": "True", "length": 68.777608343000423, "ref": null, "width": null, "bridge": null, "tunnel": null, "junction": null, "access": null }, "geometry": { "type": "LineString", "coordinates": [ [ 121.0591098, 14.6619372 ], [ 121.0593762, 14.6619306 ], [ 121.0594022, 14.6619304 ], [ 121.0594541, 14.66193 ], [ 121.059749, 14.6619242 ] ] } },
{ "type": "Feature", "properties": { "u": 6626911460, "v": 6626911466, "key": 0, "osmid": "705356173", "highway": "secondary", "lanes": "2", "maxspeed": "40", "name": "Central Avenue", "oneway": true, "reversed": "False", "length": 210.71477151842839, "ref": null, "width": null, "bridge": null, "tunnel": null, "junction": null, "access": null }, "geometry": { "type": "LineString", "coordinates": [ [ 121.0591098, 14.6619372 ], [ 121.0589698, 14.66198 ], [ 121.05834769999997, 14.6619979 ], [ 121.058074600000012, 14.6620057 ], [ 121.057991099999967, 14.6620087 ], [ 121.0576025, 14.6620109 ], [ 121.05723, 14.6620212 ], [ 121.057164699999987, 14.6619929 ] ] } },
{ "type": "Feature", "properties": { "u": 3665596403, "v": 6626911460, "key": 0, "osmid": "149993688", "highway": "secondary", "lanes": "2", "maxspeed": "40", "name": "Central Avenue", "oneway": false, "reversed": "False", "length": 68.777608343000423, "ref": null, "width": null, "bridge": null, "tunnel": null, "junction": null, "access": null }, "geometry": { "type": "LineString", "coordinates": [ [ 121.059749, 14.6619242 ], [ 121.0594541, 14.66193 ], [ 121.0594022, 14.6619304 ], [ 121.0593762, 14.6619306 ], [ 121.0591098, 14.6619372 ] ] } },
{ "type": "Feature", "properties": { "u": 6626911466, "v": 6626911460, "key": 0, "osmid": "705356174", "highway": "secondary", "lanes": "2", "maxspeed": "40", "name": "Central Avenue", "oneway": true, "reversed": "False", "length": 210.72393117341394, "ref": null, "width": null, "bridge": null, "tunnel": null, "junction": null, "access": null }, "geometry": { "type": "LineString", "coordinates": [ [ 121.057164699999987, 14.6619929 ], [ 121.05723, 14.6619542 ], [ 121.057959400000016, 14.6619374 ], [ 121.057987900000015, 14.6619367 ], [ 121.0579995, 14.6619366 ], [ 121.058072, 14.6619357 ], [ 121.0583472, 14.6619306 ], [ 121.0584904, 14.661928 ], [ 121.0589712, 14.6619144 ], [ 121.0591098, 14.6619372 ] ] } },
{ "type": "Feature", "properties": { "u": 6626911466, "v": 127457567, "key": 0, "osmid": "705356175", "highway": "secondary", "lanes": "4", "maxspeed": "40", "name": "Central Avenue", "oneway": false, "reversed": "False", "length": 245.85793687870824, "ref": null, "width": null, "bridge": null, "tunnel": null, "junction": null, "access": null }, "geometry": { "type": "LineString", "coordinates": [ [ 121.057164699999987, 14.6619929 ], [ 121.056861699999985, 14.6619995 ], [ 121.0565459, 14.6620063 ], [ 121.056028199999986, 14.6620175 ], [ 121.055719699999983, 14.6620242 ], [ 121.055649200000019, 14.6620257 ], [ 121.055610099999967, 14.6620266 ], [ 121.055082199999987, 14.6620381 ], [ 121.0548798, 14.6620425 ] ] } },
{ "type": "Feature", "properties": { "u": 127457567, "v": 1091403165, "key": 0, "osmid": "705356175", "highway": "secondary", "lanes": "4", "maxspeed": "40", "name": "Central Avenue", "oneway": false, "reversed": "False", "length": 160.00330568163182, "ref": null, "width": null, "bridge": null, "tunnel": null, "junction": null, "access": null }, "geometry": { "type": "LineString", "coordinates": [ [ 121.0548798, 14.6620425 ], [ 121.0548018, 14.662045 ], [ 121.054787600000012, 14.6620453 ], [ 121.054700199999985, 14.6620473 ], [ 121.0541781, 14.6620577 ], [ 121.053392799999983, 14.6620747 ] ] } },
{ "type": "Feature", "properties": { "u": 127457567, "v": 6626911466, "key": 0, "osmid": "705356175", "highway": "secondary", "lanes": "4", "maxspeed": "40", "name": "Central Avenue", "oneway": false, "reversed": "True", "length": 245.85793687870819, "ref": null, "width": null, "bridge": null, "tunnel": null, "junction": null, "access": null }, "geometry": { "type": "LineString", "coordinates": [ [ 121.0548798, 14.6620425 ], [ 121.055082199999987, 14.6620381 ], [ 121.055610099999967, 14.6620266 ], [ 121.055649200000019, 14.6620257 ], [ 121.055719699999983, 14.6620242 ], [ 121.056028199999986, 14.6620175 ], [ 121.0565459, 14.6620063 ], [ 121.056861699999985, 14.6619995 ], [ 121.057164699999987, 14.6619929 ] ] } },
{ "type": "Feature", "properties": { "u": 219984127, "v": 32425196, "key": 0, "osmid": "4928675", "highway": "secondary", "lanes": "2", "maxspeed": "40", "name": "Tandang Sora Avenue", "oneway": false, "reversed": "False", "length": 15.638315165499307, "ref": null, "width": null, "bridge": null, "tunnel": null, "junction": null, "access": null }, "geometry": { "type": "LineString", "coordinates": [ [ 121.0385462, 14.6766301 ], [ 121.0384067, 14.6765905 ] ] } },
{ "type": "Feature", "properties": { "u": 219984127, "v": 32425195, "key": 0, "osmid": "4928675", "highway": "secondary", "lanes": "2", "maxspeed": "40", "name": "Tandang Sora Avenue", "oneway": false, "reversed": "True", "length": 41.21783073286133, "ref": null, "width": null, "bridge": null, "tunnel": null, "junction": null, "access": null }, "geometry": { "type": "LineString", "coordinates": [ [ 121.0385462, 14.6766301 ], [ 121.0388384, 14.6767117 ], [ 121.038914700000021, 14.6767317 ] ] } },
{ "type": "Feature", "properties": { "u": 32425196, "v": 219984127, "key": 0, "osmid": "4928675", "highway": "secondary", "lanes": "2", "maxspeed": "40", "name": "Tandang Sora Avenue", "oneway": false, "reversed": "True", "length": 15.638315165499307, "ref": null, "width": null, "bridge": null, "tunnel": null, "junction": null, "access": null }, "geometry": { "type": "LineString", "coordinates": [ [ 121.0384067, 14.6765905 ], [ 121.0385462, 14.6766301 ] ] } },
{ "type": "Feature", "properties": { "u": 32425196, "v": 5298232867, "key": 0, "osmid": "4928675", "highway": "secondary", "lanes": "2", "maxspeed": "40", "name": "Tandang Sora Avenue", "oneway": false, "reversed": "False", "length": 58.944175165709765, "ref": null, "width": null, "bridge": null, "tunnel": null, "junction": null, "access": null }, "geometry": { "type": "LineString", "coordinates": [ [ 121.0384067, 14.6765905 ], [ 121.038119, 14.6765127 ], [ 121.038104, 14.6765082 ], [ 121.038034199999984, 14.6764896 ], [ 121.0379779, 14.676475 ], [ 121.0379239, 14.6764665 ], [ 121.0378758, 14.6764645 ] ] } },
{ "type": "Feature", "properties": { "u": 5298232867, "v": 219969171, "key": 0, "osmid": "4928675", "highway": "secondary", "lanes": "2", "maxspeed": "40", "name": "Tandang Sora Avenue", "oneway": false, "reversed": "False", "length": 5.5276009961083501, "ref": null, "width": null, "bridge": null, "tunnel": null, "junction": null, "access": null }, "geometry": { "type": "LineString", "coordinates": [ [ 121.0378758, 14.6764645 ], [ 121.037824500000013, 14.6764674 ] ] } },
{ "type": "Feature", "properties": { "u": 5298232867, "v": 32425196, "key": 0, "osmid": "4928675", "highway": "secondary", "lanes": "2", "maxspeed": "40", "name": "Tandang Sora Avenue", "oneway": false, "reversed": "True", "length": 58.944175165709765, "ref": null, "width": null, "bridge": null, "tunnel": null, "junction": null, "access": null }, "geometry": { "type": "LineString", "coordinates": [ [ 121.0378758, 14.6764645 ], [ 121.0379239, 14.6764665 ], [ 121.0379779, 14.676475 ], [ 121.038034199999984, 14.6764896 ], [ 121.038104, 14.6765082 ], [ 121.038119, 14.6765127 ], [ 121.0384067, 14.6765905 ] ] } },
{ "type": "Feature", "properties": { "u": 32425200, "v": 250547036, "key": 0, "osmid": "4928675", "highway": "secondary", "lanes": "2", "maxspeed": "40", "name": "Tandang Sora Avenue", "oneway": false, "reversed": "False", "length": 31.667171098659367, "ref": null, "width": null, "bridge": null, "tunnel": null, "junction": null, "access": null }, "geometry": { "type": "LineString", "coordinates": [ [ 121.0354323, 14.6767008 ], [ 121.0351385, 14.6767189 ] ] } },
{ "type": "Feature", "properties": { "u": 32425200, "v": 250652617, "key": 0, "osmid": "4928675", "highway": "secondary", "lanes": "2", "maxspeed": "40", "name": "Tandang Sora Avenue", "oneway": false, "reversed": "True", "length": 192.18304449532988, "ref": null, "width": null, "bridge": null, "tunnel": null, "junction": null, "access": null }, "geometry": { "type": "LineString", "coordinates": [ [ 121.0354323, 14.6767008 ], [ 121.035744300000019, 14.6766748 ], [ 121.0359368, 14.6766552 ], [ 121.0362486, 14.6766249 ], [ 121.0367557, 14.6765732 ], [ 121.036781300000015, 14.6765706 ], [ 121.037210099999982, 14.6765295 ] ] } },
{ "type": "Feature", "properties": { "u": 250652617, "v": 32425200, "key": 0, "osmid": "4928675", "highway": "secondary", "lanes": "2", "maxspeed": "40", "name": "Tandang Sora Avenue", "oneway": false, "reversed": "False", "length": 192.18304449532985, "ref": null, "width": null, "bridge": null, "tunnel": null, "junction": null, "access": null }, "geometry": { "type": "LineString", "coordinates": [ [ 121.037210099999982, 14.6765295 ], [ 121.036781300000015, 14.6765706 ], [ 121.0367557, 14.6765732 ], [ 121.0362486, 14.6766249 ], [ 121.0359368, 14.6766552 ], [ 121.035744300000019, 14.6766748 ], [ 121.0354323, 14.6767008 ] ] } },
{ "type": "Feature", "properties": { "u": 250652617, "v": 219969171, "key": 0, "osmid": "4928675", "highway": "secondary", "lanes": "2", "maxspeed": "40", "name": "Tandang Sora Avenue", "oneway": false, "reversed": "True", "length": 66.451786637847661, "ref": null, "width": null, "bridge": null, "tunnel": null, "junction": null, "access": null }, "geometry": { "type": "LineString", "coordinates": [ [ 121.037210099999982, 14.6765295 ], [ 121.0374316, 14.6765052 ], [ 121.0375021, 14.676498 ], [ 121.0376725, 14.6764805 ], [ 121.037824500000013, 14.6764674 ] ] } },
{ "type": "Feature", "properties": { "u": 9735505174, "v": 250545468, "key": 0, "osmid": "38342373", "highway": "primary", "lanes": "4", "maxspeed": "60", "name": "Mindanao Avenue", "oneway": true, "reversed": "False", "length": 149.13010915394659, "ref": "128", "width": null, "bridge": null, "tunnel": null, "junction": null, "access": null }, "geometry": { "type": "LineString", "coordinates": [ [ 121.031518800000015, 14.6865274 ], [ 121.031548, 14.6863743 ], [ 121.031554799999967, 14.686339 ], [ 121.03157, 14.6862592 ], [ 121.0315994, 14.6861051 ], [ 121.0316101, 14.6860491 ], [ 121.031703899999968, 14.6854345 ], [ 121.0317302, 14.6852624 ], [ 121.0317392, 14.6852035 ] ] } },
{ "type": "Feature", "properties": { "u": 250545468, "v": 250547032, "key": 0, "osmid": "38342373", "highway": "primary", "lanes": "4", "maxspeed": "60", "name": "Mindanao Avenue", "oneway": true, "reversed": "False", "length": 174.96501617726489, "ref": "128", "width": null, "bridge": null, "tunnel": null, "junction": null, "access": null }, "geometry": { "type": "LineString", "coordinates": [ [ 121.0317392, 14.6852035 ], [ 121.031810199999981, 14.6843727 ], [ 121.0318385, 14.684026 ], [ 121.031864100000021, 14.6836347 ] ] } },
{ "type": "Feature", "properties": { "u": 9735505173, "v": 2562992122, "key": 0, "osmid": "38341971", "highway": "primary", "lanes": "4", "maxspeed": "60", "name": "Mindanao Avenue", "oneway": true, "reversed": "False", "length": 14.514354091530773, "ref": "128", "width": null, "bridge": null, "tunnel": null, "junction": null, "access": null }, "geometry": { "type": "LineString", "coordinates": [ [ 121.031706199999974, 14.6865702 ], [ 121.031684299999966, 14.686699 ] ] } },
{ "type": "Feature", "properties": { "u": 2562992122, "v": 247717923, "key": 0, "osmid": [ 38341971, 1112806252 ], "highway": "primary", "lanes": "4", "maxspeed": "60", "name": "Mindanao Avenue", "oneway": true, "reversed": "False", "length": 153.35572464113051, "ref": "128", "width": null, "bridge": null, "tunnel": null, "junction": null, "access": null }, "geometry": { "type": "LineString", "coordinates": [ [ 121.031684299999966, 14.686699 ], [ 121.0315486, 14.6873128 ], [ 121.031482200000013, 14.6874882 ], [ 121.031395299999986, 14.6876413 ], [ 121.0312424, 14.6878589 ], [ 121.0311628, 14.6879598 ] ] } },
{ "type": "Feature", "properties": { "u": 35456301, "v": 5284066448, "key": 0, "osmid": [ 642764201, 546835727 ], "highway": "trunk", "lanes": [ "3", "2" ], "maxspeed": "60", "name": "EDSA", "oneway": true, "reversed": "False", "length": 275.15103825193091, "ref": "1", "width": "19.2", "bridge": null, "tunnel": null, "junction": null, "access": null }, "geometry": { "type": "LineString", "coordinates": [ [ 121.0285161, 14.6560771 ], [ 121.027401099999977, 14.6563229 ], [ 121.0272979, 14.6563456 ], [ 121.02666330000001, 14.6564904 ], [ 121.02636480000001, 14.6565585 ], [ 121.026023900000013, 14.6566335 ] ] } },
{ "type": "Feature", "properties": { "u": 5284066448, "v": 8392436550, "key": 0, "osmid": "546835727", "highway": "trunk", "lanes": "2", "maxspeed": "60", "name": "EDSA", "oneway": true, "reversed": "False", "length": 12.883376686682565, "ref": "1", "width": "19.2", "bridge": null, "tunnel": null, "junction": null, "access": null }, "geometry": { "type": "LineString", "coordinates": [ [ 121.026023900000013, 14.6566335 ], [ 121.0259071, 14.6566591 ] ] } },
{ "type": "Feature", "properties": { "u": 250547032, "v": 1432336532, "key": 0, "osmid": "38342373", "highway": "primary", "lanes": "4", "maxspeed": "60", "name": "Mindanao Avenue", "oneway": true, "reversed": "False", "length": 52.325836351741302, "ref": "128", "width": null, "bridge": null, "tunnel": null, "junction": null, "access": null }, "geometry": { "type": "LineString", "coordinates": [ [ 121.031864100000021, 14.6836347 ], [ 121.0318718, 14.6834611 ], [ 121.031875099999979, 14.6831643 ] ] } },
{ "type": "Feature", "properties": { "u": 1255073108, "v": 250544714, "key": 0, "osmid": [ 1333442521, 85461868 ], "highway": "primary", "lanes": [ "4", "2" ], "maxspeed": null, "name": "West Avenue", "oneway": true, "reversed": "False", "length": 110.45555645330812, "ref": "171", "width": [ "14", "7" ], "bridge": null, "tunnel": null, "junction": null, "access": null }, "geometry": { "type": "LineString", "coordinates": [ [ 121.028304199999965, 14.6479106 ], [ 121.0283288, 14.6480056 ], [ 121.028376300000019, 14.6482325 ], [ 121.028497099999981, 14.6486658 ], [ 121.028504500000011, 14.6486966 ], [ 121.0285158, 14.6487432 ], [ 121.028527699999984, 14.648792 ], [ 121.02854619999998, 14.6488756 ] ] } },
{ "type": "Feature", "properties": { "u": 256214377, "v": 32425340, "key": 0, "osmid": "610043908", "highway": "primary", "lanes": "4", "maxspeed": null, "name": "Quirino Highway", "oneway": false, "reversed": "False", "length": 127.52899921300838, "ref": "127", "width": null, "bridge": null, "tunnel": null, "junction": null, "access": null }, "geometry": { "type": "LineString", "coordinates": [ [ 121.049657699999983, 14.7323225 ], [ 121.0489592, 14.7318146 ], [ 121.048869599999989, 14.7317478 ], [ 121.048711, 14.7316318 ] ] } },
{ "type": "Feature", "properties": { "u": 256214377, "v": 32425339, "key": 0, "osmid": "610043908", "highway": "primary", "lanes": "4", "maxspeed": null, "name": "Quirino Highway", "oneway": false, "reversed": "True", "length": 107.44374905936272, "ref": "127", "width": null, "bridge": null, "tunnel": null, "junction": null, "access": null }, "geometry": { "type": "LineString", "coordinates": [ [ 121.049657699999983, 14.7323225 ], [ 121.050216399999982, 14.7327129 ], [ 121.0503969, 14.7328391 ], [ 121.0504682, 14.7328875 ] ] } },
{ "type": "Feature", "properties": { "u": 32425340, "v": 12075935217, "key": 0, "osmid": "23649492", "highway": "secondary", "lanes": "4", "maxspeed": "30", "name": "Zabarte Road", "oneway": false, "reversed": "False", "length": 194.11917332539676, "ref": null, "width": null, "bridge": null, "tunnel": null, "junction": null, "access": null }, "geometry": { "type": "LineString", "coordinates": [ [ 121.048711, 14.7316318 ], [ 121.048681699999989, 14.7317668 ], [ 121.048612799999987, 14.7320829 ], [ 121.0485734, 14.7322638 ], [ 121.048528799999985, 14.7324688 ], [ 121.048442300000019, 14.7328662 ], [ 121.0484371, 14.7328903 ], [ 121.0483935, 14.7330903 ], [ 121.048376300000015, 14.7331695 ], [ 121.0483504, 14.7332884 ], [ 121.048341899999983, 14.7333272 ], [ 121.0483391, 14.7333401 ] ] } },
{ "type": "Feature", "properties": { "u": 32425340, "v": 256214377, "key": 0, "osmid": "610043908", "highway": "primary", "lanes": "4", "maxspeed": null, "name": "Quirino Highway", "oneway": false, "reversed": "True", "length": 127.52899921300838, "ref": "127", "width": null, "bridge": null, "tunnel": null, "junction": null, "access": null }, "geometry": { "type": "LineString", "coordinates": [ [ 121.048711, 14.7316318 ], [ 121.048869599999989, 14.7317478 ], [ 121.0489592, 14.7318146 ], [ 121.049657699999983, 14.7323225 ] ] } },
{ "type": "Feature", "properties": { "u": 32425340, "v": 8077109183, "key": 0, "osmid": [ 941645836, 941645838 ], "highway": "primary", "lanes": "4", "maxspeed": null, "name": "Quirino Highway", "oneway": false, "reversed": "False", "length": 119.46214977257922, "ref": "127", "width": null, "bridge": null, "tunnel": null, "junction": null, "access": "yes" }, "geometry": { "type": "LineString", "coordinates": [ [ 121.048711, 14.7316318 ], [ 121.0486543, 14.7315866 ], [ 121.0485948, 14.7315424 ], [ 121.048493600000015, 14.7314608 ], [ 121.0483637, 14.7313725 ], [ 121.04826239999997, 14.7313131 ], [ 121.0481602, 14.7312641 ], [ 121.048085300000011, 14.7312342 ], [ 121.0479705, 14.731195 ], [ 121.0478923, 14.7311727 ], [ 121.047801799999988, 14.7311514 ], [ 121.047741699999989, 14.7311373 ] ] } },
{ "type": "Feature", "properties": { "u": 577406331, "v": 12111420958, "key": 0, "osmid": [ 621109798, 801352111, 975020177, 876010910, 876010911 ], "highway": "trunk", "lanes": "4", "maxspeed": "60", "name": "EDSA", "oneway": true, "reversed": "False", "length": 651.12380447416683, "ref": "1", "width": "19.2", "bridge": null, "tunnel": "building_passage", "junction": null, "access": null }, "geometry": { "type": "LineString", "coordinates": [ [ 121.0303425, 14.6549334 ], [ 121.030363399999985, 14.6549038 ], [ 121.030430499999966, 14.6548012 ], [ 121.0310124, 14.6539106 ], [ 121.0320982, 14.6522517 ], [ 121.032240700000017, 14.6520416 ], [ 121.032603399999985, 14.6515005 ], [ 121.032617799999983, 14.651479 ], [ 121.0326403, 14.6514453 ], [ 121.032901, 14.6510544 ], [ 121.0329232, 14.6510204 ], [ 121.033596200000019, 14.6499959 ] ] } },
{ "type": "Feature", "properties": { "u": 12111420958, "v": 250545550, "key": 0, "osmid": "621109798", "highway": "trunk", "lanes": "4", "maxspeed": "60", "name": "EDSA", "oneway": true, "reversed": "False", "length": 5.5890092442807928, "ref": "1", "width": "19.2", "bridge": null, "tunnel": null, "junction": null, "access": null }, "geometry": { "type": "LineString", "coordinates": [ [ 121.033596200000019, 14.6499959 ], [ 121.033624099999983, 14.6499535 ] ] } },
{ "type": "Feature", "properties": { "u": 12075935217, "v": 12075935215, "key": 0, "osmid": "23649492", "highway": "secondary", "lanes": "4", "maxspeed": "30", "name": "Zabarte Road", "oneway": false, "reversed": "False", "length": 6.2373028403408579, "ref": null, "width": null, "bridge": null, "tunnel": null, "junction": null, "access": null }, "geometry": { "type": "LineString", "coordinates": [ [ 121.0483391, 14.7333401 ], [ 121.0483319, 14.7333734 ], [ 121.0483272, 14.733395 ] ] } },
{ "type": "Feature", "properties": { "u": 12075935217, "v": 32425340, "key": 0, "osmid": "23649492", "highway": "secondary", "lanes": "4", "maxspeed": "30", "name": "Zabarte Road", "oneway": false, "reversed": "True", "length": 194.11917332539679, "ref": null, "width": null, "bridge": null, "tunnel": null, "junction": null, "access": null }, "geometry": { "type": "LineString", "coordinates": [ [ 121.0483391, 14.7333401 ], [ 121.048341899999983, 14.7333272 ], [ 121.0483504, 14.7332884 ], [ 121.048376300000015, 14.7331695 ], [ 121.0483935, 14.7330903 ], [ 121.0484371, 14.7328903 ], [ 121.048442300000019, 14.7328662 ], [ 121.048528799999985, 14.7324688 ], [ 121.0485734, 14.7322638 ], [ 121.048612799999987, 14.7320829 ], [ 121.048681699999989, 14.7317668 ], [ 121.048711, 14.7316318 ] ] } },
{ "type": "Feature", "properties": { "u": 8077109183, "v": 911527342, "key": 0, "osmid": "941645835", "highway": "primary", "lanes": "4", "maxspeed": null, "name": "Quirino Highway", "oneway": false, "reversed": "False", "length": 25.148302233866588, "ref": "127", "width": null, "bridge": null, "tunnel": null, "junction": null, "access": "yes" }, "geometry": { "type": "LineString", "coordinates": [ [ 121.047741699999989, 14.7311373 ], [ 121.047589, 14.7311168 ], [ 121.0475101, 14.731106 ] ] } },
{ "type": "Feature", "properties": { "u": 8077109183, "v": 32425340, "key": 0, "osmid": [ 941645836, 941645838 ], "highway": "primary", "lanes": "4", "maxspeed": null, "name": "Quirino Highway", "oneway": false, "reversed": "True", "length": 119.46214977257921, "ref": "127", "width": null, "bridge": null, "tunnel": null, "junction": null, "access": "yes" }, "geometry": { "type": "LineString", "coordinates": [ [ 121.047741699999989, 14.7311373 ], [ 121.047801799999988, 14.7311514 ], [ 121.0478923, 14.7311727 ], [ 121.0479705, 14.731195 ], [ 121.048085300000011, 14.7312342 ], [ 121.0481602, 14.7312641 ], [ 121.04826239999997, 14.7313131 ], [ 121.0483637, 14.7313725 ], [ 121.048493600000015, 14.7314608 ], [ 121.0485948, 14.7315424 ], [ 121.0486543, 14.7315866 ], [ 121.048711, 14.7316318 ] ] } },
{ "type": "Feature", "properties": { "u": 32425348, "v": 260740558, "key": 0, "osmid": "610043907", "highway": "primary", "lanes": "4", "maxspeed": null, "name": "Quirino Highway", "oneway": false, "reversed": "False", "length": 59.419911681167342, "ref": "127", "width": null, "bridge": null, "tunnel": null, "junction": null, "access": null }, "geometry": { "type": "LineString", "coordinates": [ [ 121.041212299999984, 14.7259569 ], [ 121.041203600000017, 14.7258374 ], [ 121.0412089, 14.7257634 ], [ 121.041229, 14.7255224 ], [ 121.041237199999983, 14.7254241 ] ] } },
{ "type": "Feature", "properties": { "u": 32425348, "v": 260896974, "key": 0, "osmid": "610043907", "highway": "primary", "lanes": "4", "maxspeed": null, "name": "Quirino Highway", "oneway": false, "reversed": "True", "length": 359.39941323418901, "ref": "127", "width": null, "bridge": null, "tunnel": null, "junction": null, "access": null }, "geometry": { "type": "LineString", "coordinates": [ [ 121.041212299999984, 14.7259569 ], [ 121.0412185, 14.7260085 ], [ 121.0412428, 14.7262095 ], [ 121.041393899999974, 14.7268558 ], [ 121.041428600000017, 14.7269895 ], [ 121.041444200000015, 14.7270553 ], [ 121.041484100000019, 14.7272234 ], [ 121.041512, 14.7273396 ], [ 121.0415993, 14.7276998 ], [ 121.0417225, 14.728186 ], [ 121.0417597, 14.7283146 ], [ 121.0418177, 14.7284256 ], [ 121.041878, 14.7284953 ], [ 121.0419407, 14.7285466 ], [ 121.0420128, 14.7286056 ], [ 121.042192, 14.7287296 ], [ 121.0423233, 14.7288165 ], [ 121.0423763, 14.7288496 ] ] } },
{ "type": "Feature", "properties": { "u": 260740558, "v": 599621306, "key": 0, "osmid": "610043907", "highway": "primary", "lanes": "4", "maxspeed": null, "name": "Quirino Highway", "oneway": false, "reversed": "False", "length": 306.20427206223098, "ref": "127", "width": null, "bridge": null, "tunnel": null, "junction": null, "access": null }, "geometry": { "type": "LineString", "coordinates": [ [ 121.041237199999983, 14.7254241 ], [ 121.0412787, 14.7250513 ], [ 121.0413201, 14.7246786 ], [ 121.041335, 14.7245452 ], [ 121.0413498, 14.7244119 ], [ 121.0413747, 14.7241032 ], [ 121.0414022, 14.7237622 ], [ 121.04143790000002, 14.7234173 ], [ 121.041453600000011, 14.7232564 ], [ 121.041456299999979, 14.7232389 ], [ 121.0414939, 14.7230564 ], [ 121.041515799999971, 14.7229387 ], [ 121.041582299999973, 14.7226946 ] ] } },
{ "type": "Feature", "properties": { "u": 260740558, "v": 32425348, "key": 0, "osmid": "610043907", "highway": "primary", "lanes": "4", "maxspeed": null, "name": "Quirino Highway", "oneway": false, "reversed": "True", "length": 59.419911681167342, "ref": "127", "width": null, "bridge": null, "tunnel": null, "junction": null, "access": null }, "geometry": { "type": "LineString", "coordinates": [ [ 121.041237199999983, 14.7254241 ], [ 121.041229, 14.7255224 ], [ 121.0412089, 14.7257634 ], [ 121.041203600000017, 14.7258374 ], [ 121.041212299999984, 14.7259569 ] ] } },
{ "type": "Feature", "properties": { "u": 260896974, "v": 12075479044, "key": 0, "osmid": "1160607520", "highway": "primary", "lanes": "4", "maxspeed": null, "name": "Quirino Highway", "oneway": false, "reversed": "True", "length": 6.6563663519296812, "ref": "127", "width": null, "bridge": null, "tunnel": null, "junction": null, "access": null }, "geometry": { "type": "LineString", "coordinates": [ [ 121.0423763, 14.7288496 ], [ 121.0424271, 14.7288838 ] ] } },
{ "type": "Feature", "properties": { "u": 260896974, "v": 32425348, "key": 0, "osmid": "610043907", "highway": "primary", "lanes": "4", "maxspeed": null, "name": "Quirino Highway", "oneway": false, "reversed": "False", "length": 359.39941323418901, "ref": "127", "width": null, "bridge": null, "tunnel": null, "junction": null, "access": null }, "geometry": { "type": "LineString", "coordinates": [ [ 121.0423763, 14.7288496 ], [ 121.0423233, 14.7288165 ], [ 121.042192, 14.7287296 ], [ 121.0420128, 14.7286056 ], [ 121.0419407, 14.7285466 ], [ 121.041878, 14.7284953 ], [ 121.0418177, 14.7284256 ], [ 121.0417597, 14.7283146 ], [ 121.0417225, 14.728186 ], [ 121.0415993, 14.7276998 ], [ 121.041512, 14.7273396 ], [ 121.041484100000019, 14.7272234 ], [ 121.041444200000015, 14.7270553 ], [ 121.041428600000017, 14.7269895 ], [ 121.041393899999974, 14.7268558 ], [ 121.0412428, 14.7262095 ], [ 121.0412185, 14.7260085 ], [ 121.041212299999984, 14.7259569 ] ] } },
{ "type": "Feature", "properties": { "u": 32425350, "v": 260740462, "key": 0, "osmid": "28189051", "highway": "primary", "lanes": "4", "maxspeed": null, "name": "Quirino Highway", "oneway": false, "reversed": "False", "length": 55.824912523481146, "ref": "127", "width": null, "bridge": null, "tunnel": null, "junction": null, "access": null }, "geometry": { "type": "LineString", "coordinates": [ [ 121.041666500000019, 14.7222561 ], [ 121.0416398, 14.7222137 ], [ 121.0416058, 14.7221721 ], [ 121.041536799999975, 14.7221213 ], [ 121.0414695, 14.7220862 ], [ 121.041407099999986, 14.7220603 ], [ 121.041335100000012, 14.7220393 ], [ 121.0412305, 14.7220192 ] ] } },
{ "type": "Feature", "properties": { "u": 32425350, "v": 599621306, "key": 0, "osmid": "1290221251", "highway": "primary", "lanes": "4", "maxspeed": null, "name": "Quirino Highway", "oneway": false, "reversed": "True", "length": 50.309979010000404, "ref": "127", "width": null, "bridge": null, "tunnel": null, "junction": null, "access": null }, "geometry": { "type": "LineString", "coordinates": [ [ 121.041666500000019, 14.7222561 ], [ 121.041677, 14.7222986 ], [ 121.041677199999967, 14.7223502 ], [ 121.0416703, 14.7223956 ], [ 121.0416602, 14.7224481 ], [ 121.0416409, 14.7225206 ], [ 121.041582299999973, 14.7226946 ] ] } },
{ "type": "Feature", "properties": { "u": 260740462, "v": 32425350, "key": 0, "osmid": "28189051", "highway": "primary", "lanes": "4", "maxspeed": null, "name": "Quirino Highway", "oneway": false, "reversed": "True", "length": 55.824912523481153, "ref": "127", "width": null, "bridge": null, "tunnel": null, "junction": null, "access": null }, "geometry": { "type": "LineString", "coordinates": [ [ 121.0412305, 14.7220192 ], [ 121.041335100000012, 14.7220393 ], [ 121.041407099999986, 14.7220603 ], [ 121.0414695, 14.7220862 ], [ 121.041536799999975, 14.7221213 ], [ 121.0416058, 14.7221721 ], [ 121.0416398, 14.7222137 ], [ 121.041666500000019, 14.7222561 ] ] } },
{ "type": "Feature", "properties": { "u": 260740462, "v": 8661054620, "key": 0, "osmid": [ 866633330, 941761810 ], "highway": "primary", "lanes": "4", "maxspeed": null, "name": "Quirino Highway", "oneway": false, "reversed": "False", "length": 144.43069308289671, "ref": "127", "width": null, "bridge": null, "tunnel": null, "junction": null, "access": null }, "geometry": { "type": "LineString", "coordinates": [ [ 121.0412305, 14.7220192 ], [ 121.041097799999974, 14.7220023 ], [ 121.04035949999998, 14.7219083 ], [ 121.0401482, 14.7218815 ], [ 121.0399633, 14.7218579 ], [ 121.039899, 14.7218497 ] ] } },
{ "type": "Feature", "properties": { "u": 599621306, "v": 260740558, "key": 0, "osmid": "610043907", "highway": "primary", "lanes": "4", "maxspeed": null, "name": "Quirino Highway", "oneway": false, "reversed": "True", "length": 306.20427206223104, "ref": "127", "width": null, "bridge": null, "tunnel": null, "junction": null, "access": null }, "geometry": { "type": "LineString", "coordinates": [ [ 121.041582299999973, 14.7226946 ], [ 121.041515799999971, 14.7229387 ], [ 121.0414939, 14.7230564 ], [ 121.041456299999979, 14.7232389 ], [ 121.041453600000011, 14.7232564 ], [ 121.04143790000002, 14.7234173 ], [ 121.0414022, 14.7237622 ], [ 121.0413747, 14.7241032 ], [ 121.0413498, 14.7244119 ], [ 121.041335, 14.7245452 ], [ 121.0413201, 14.7246786 ], [ 121.0412787, 14.7250513 ], [ 121.041237199999983, 14.7254241 ] ] } },
{ "type": "Feature", "properties": { "u": 599621306, "v": 32425350, "key": 0, "osmid": "1290221251", "highway": "primary", "lanes": "4", "maxspeed": null, "name": "Quirino Highway", "oneway": false, "reversed": "False", "length": 50.309979010000404, "ref": "127", "width": null, "bridge": null, "tunnel": null, "junction": null, "access": null }, "geometry": { "type": "LineString", "coordinates": [ [ 121.041582299999973, 14.7226946 ], [ 121.0416409, 14.7225206 ], [ 121.0416602, 14.7224481 ], [ 121.0416703, 14.7223956 ], [ 121.041677199999967, 14.7223502 ], [ 121.041677, 14.7222986 ], [ 121.041666500000019, 14.7222561 ] ] } },
{ "type": "Feature", "properties": { "u": 32425355, "v": 260740502, "key": 0, "osmid": "46995217", "highway": "primary", "lanes": "3", "maxspeed": "40", "name": "General Luis Street", "oneway": false, "reversed": "False", "length": 79.916612655872683, "ref": "118", "width": null, "bridge": null, "tunnel": null, "junction": null, "access": null }, "geometry": { "type": "LineString", "coordinates": [ [ 121.037833599999971, 14.721893 ], [ 121.037534, 14.7218937 ], [ 121.0371387, 14.7218945 ], [ 121.0370905, 14.7218946 ] ] } },
{ "type": "Feature", "properties": { "u": 32425355, "v": 260896220, "key": 0, "osmid": [ 46995217, 1105389349 ], "highway": "primary", "lanes": "3", "maxspeed": "40", "name": "General Luis Street", "oneway": false, "reversed": "True", "length": 86.526429892116326, "ref": "118", "width": null, "bridge": null, "tunnel": null, "junction": null, "access": null }, "geometry": { "type": "LineString", "coordinates": [ [ 121.037833599999971, 14.721893 ], [ 121.037921099999977, 14.7218928 ], [ 121.038282, 14.721892 ], [ 121.0383001, 14.7218892 ], [ 121.038637699999967, 14.7218771 ] ] } },
{ "type": "Feature", "properties": { "u": 260740502, "v": 260740483, "key": 0, "osmid": [ 46995217, 1121065732 ], "highway": "primary", "lanes": "3", "maxspeed": "40", "name": "General Luis Street", "oneway": false, "reversed": "False", "length": 50.621406725998483, "ref": "118", "width": null, "bridge": null, "tunnel": null, "junction": null, "access": null }, "geometry": { "type": "LineString", "coordinates": [ [ 121.0370905, 14.7218946 ], [ 121.036947500000011, 14.721895 ], [ 121.0366198, 14.7218957 ] ] } },
{ "type": "Feature", "properties": { "u": 260740502, "v": 32425355, "key": 0, "osmid": "46995217", "highway": "primary", "lanes": "3", "maxspeed": "40", "name": "General Luis Street", "oneway": false, "reversed": "True", "length": 79.916612655872683, "ref": "118", "width": null, "bridge": null, "tunnel": null, "junction": null, "access": null }, "geometry": { "type": "LineString", "coordinates": [ [ 121.0370905, 14.7218946 ], [ 121.0371387, 14.7218945 ], [ 121.037534, 14.7218937 ], [ 121.037833599999971, 14.721893 ] ] } },
{ "type": "Feature", "properties": { "u": 260896220, "v": 260898703, "key": 0, "osmid": [ 1105389348, 591483173 ], "highway": "primary", "lanes": "2", "maxspeed": "20", "name": "Buenamar Street", "oneway": true, "reversed": "False", "length": 144.32259869062304, "ref": null, "width": null, "bridge": null, "tunnel": null, "junction": null, "access": null }, "geometry": { "type": "LineString", "coordinates": [ [ 121.038637699999967, 14.7218771 ], [ 121.0386488, 14.7218273 ], [ 121.0388267, 14.7209705 ], [ 121.038900399999989, 14.7206043 ] ] } },
{ "type": "Feature", "properties": { "u": 260896220, "v": 32425355, "key": 0, "osmid": [ 46995217, 1105389349 ], "highway": "primary", "lanes": "3", "maxspeed": "40", "name": "General Luis Street", "oneway": false, "reversed": "False", "length": 86.526429892116326, "ref": "118", "width": null, "bridge": null, "tunnel": null, "junction": null, "access": null }, "geometry": { "type": "LineString", "coordinates": [ [ 121.038637699999967, 14.7218771 ], [ 121.0383001, 14.7218892 ], [ 121.038282, 14.721892 ], [ 121.037921099999977, 14.7218928 ], [ 121.037833599999971, 14.721893 ] ] } },
{ "type": "Feature", "properties": { "u": 32425354, "v": 260896220, "key": 0, "osmid": "866633329", "highway": "primary", "lanes": "3", "maxspeed": "40", "name": "General Luis Street", "oneway": true, "reversed": "False", "length": 21.599051976497414, "ref": "118", "width": null, "bridge": null, "tunnel": null, "junction": null, "access": null }, "geometry": { "type": "LineString", "coordinates": [ [ 121.0388384, 14.7218699 ], [ 121.038637699999967, 14.7218771 ] ] } },
{ "type": "Feature", "properties": { "u": 32425357, "v": 260896104, "key": 0, "osmid": "972736954", "highway": "primary", "lanes": "4", "maxspeed": "40", "name": "General Luis Street", "oneway": false, "reversed": "True", "length": 91.492093313722137, "ref": "118", "width": null, "bridge": null, "tunnel": null, "junction": null, "access": null }, "geometry": { "type": "LineString", "coordinates": [ [ 121.0346617, 14.7218354 ], [ 121.034792, 14.7218401 ], [ 121.0349068, 14.7218463 ], [ 121.035084, 14.7218518 ], [ 121.0352593, 14.7218573 ], [ 121.0355118, 14.7218666 ] ] } },
{ "type": "Feature", "properties": { "u": 32425357, "v": 260904953, "key": 0, "osmid": "1302437639", "highway": "primary", "lanes": "4", "maxspeed": "40", "name": "General Luis Street", "oneway": false, "reversed": "False", "length": 82.128647296425711, "ref": "118", "width": null, "bridge": null, "tunnel": null, "junction": null, "access": null }, "geometry": { "type": "LineString", "coordinates": [ [ 121.0346617, 14.7218354 ], [ 121.03459220000002, 14.7218328 ], [ 121.0345423, 14.7218317 ], [ 121.034507199999965, 14.7218309 ], [ 121.034405400000011, 14.721826 ], [ 121.0343788, 14.721825 ], [ 121.034093699999985, 14.7218149 ], [ 121.033898599999986, 14.7218073 ] ] } },
{ "type": "Feature", "properties": { "u": 260896104, "v": 32425357, "key": 0, "osmid": "972736954", "highway": "primary", "lanes": "4", "maxspeed": "40", "name": "General Luis Street", "oneway": false, "reversed": "False", "length": 91.492093313722123, "ref": "118", "width": null, "bridge": null, "tunnel": null, "junction": null, "access": null }, "geometry": { "type": "LineString", "coordinates": [ [ 121.0355118, 14.7218666 ], [ 121.0352593, 14.7218573 ], [ 121.035084, 14.7218518 ], [ 121.0349068, 14.7218463 ], [ 121.034792, 14.7218401 ], [ 121.0346617, 14.7218354 ] ] } },
{ "type": "Feature", "properties": { "u": 260896104, "v": 260740483, "key": 0, "osmid": "972736954", "highway": "primary", "lanes": "4", "maxspeed": "40", "name": "General Luis Street", "oneway": false, "reversed": "True", "length": 119.20419275455987, "ref": "118", "width": null, "bridge": null, "tunnel": null, "junction": null, "access": null }, "geometry": { "type": "LineString", "coordinates": [ [ 121.0355118, 14.7218666 ], [ 121.035608499999981, 14.7218686 ], [ 121.035734299999973, 14.7218713 ], [ 121.0361627, 14.7218842 ], [ 121.036308100000014, 14.7218875 ], [ 121.0364655, 14.7218916 ], [ 121.0365258, 14.7218932 ], [ 121.0366198, 14.7218957 ] ] } },
{ "type": "Feature", "properties": { "u": 260904953, "v": 260905062, "key": 0, "osmid": "1302437639", "highway": "primary", "lanes": "4", "maxspeed": "40", "name": "General Luis Street", "oneway": false, "reversed": "False", "length": 55.631228054367284, "ref": "118", "width": null, "bridge": null, "tunnel": null, "junction": null, "access": null }, "geometry": { "type": "LineString", "coordinates": [ [ 121.033898599999986, 14.7218073 ], [ 121.0333816, 14.7217907 ] ] } },
{ "type": "Feature", "properties": { "u": 260904953, "v": 32425357, "key": 0, "osmid": "1302437639", "highway": "primary", "lanes": "4", "maxspeed": "40", "name": "General Luis Street", "oneway": false, "reversed": "True", "length": 82.128647296425726, "ref": "118", "width": null, "bridge": null, "tunnel": null, "junction": null, "access": null }, "geometry": { "type": "LineString", "coordinates": [ [ 121.033898599999986, 14.7218073 ], [ 121.034093699999985, 14.7218149 ], [ 121.0343788, 14.721825 ], [ 121.034405400000011, 14.721826 ], [ 121.034507199999965, 14.7218309 ], [ 121.0345423, 14.7218317 ], [ 121.03459220000002, 14.7218328 ], [ 121.0346617, 14.7218354 ] ] } },
{ "type": "Feature", "properties": { "u": 250545550, "v": 763949661, "key": 0, "osmid": "621109798", "highway": "trunk", "lanes": "4", "maxspeed": "60", "name": "EDSA", "oneway": true, "reversed": "False", "length": 387.71903331597468, "ref": "1", "width": "19.2", "bridge": null, "tunnel": null, "junction": null, "access": null }, "geometry": { "type": "LineString", "coordinates": [ [ 121.033624099999983, 14.6499535 ], [ 121.033661, 14.649894 ], [ 121.0337364, 14.6497789 ], [ 121.034689699999973, 14.6483258 ], [ 121.035066699999973, 14.6477548 ], [ 121.0355544, 14.647009 ] ] } },
{ "type": "Feature", "properties": { "u": 763949661, "v": 5286078046, "key": 0, "osmid": "795531115", "highway": "trunk", "lanes": "4", "maxspeed": "60", "name": "EDSA", "oneway": true, "reversed": "False", "length": 27.807171124278383, "ref": "1", "width": "19.2", "bridge": null, "tunnel": null, "junction": null, "access": null }, "geometry": { "type": "LineString", "coordinates": [ [ 121.0355544, 14.647009 ], [ 121.035691, 14.6467967 ] ] } },
{ "type": "Feature", "properties": { "u": 32425361, "v": 312721200, "key": 0, "osmid": "164437555", "highway": "primary", "lanes": "2", "maxspeed": "40", "name": "General Luis Street", "oneway": false, "reversed": "False", "length": 80.167497283747394, "ref": "118", "width": null, "bridge": null, "tunnel": null, "junction": null, "access": null }, "geometry": { "type": "LineString", "coordinates": [ [ 121.028119300000014, 14.7205244 ], [ 121.02807540000002, 14.7205033 ], [ 121.0280309, 14.7204812 ], [ 121.0278971, 14.7204145 ], [ 121.0274612, 14.7201859 ] ] } },
{ "type": "Feature", "properties": { "u": 32425361, "v": 312719839, "key": 0, "osmid": "972736953", "highway": "primary", "lanes": "4", "maxspeed": "40", "name": "General Luis Street", "oneway": false, "reversed": "True", "length": 102.93940247086861, "ref": "118", "width": null, "bridge": null, "tunnel": null, "junction": null, "access": null }, "geometry": { "type": "LineString", "coordinates": [ [ 121.028119300000014, 14.7205244 ], [ 121.02816009999998, 14.7205441 ], [ 121.0287533, 14.7208005 ], [ 121.028939599999987, 14.7208812 ], [ 121.028992799999969, 14.7209028 ] ] } },
{ "type": "Feature", "properties": { "u": 312721200, "v": 312721248, "key": 0, "osmid": "164437555", "highway": "primary", "lanes": "2", "maxspeed": "40", "name": "General Luis Street", "oneway": false, "reversed": "False", "length": 376.0606239108393, "ref": "118", "width": null, "bridge": null, "tunnel": null, "junction": null, "access": null }, "geometry": { "type": "LineString", "coordinates": [ [ 121.0274612, 14.7201859 ], [ 121.0267711, 14.7198239 ], [ 121.026659600000016, 14.7197654 ], [ 121.0263505, 14.7195872 ], [ 121.0262323, 14.7195249 ], [ 121.026136100000016, 14.7194805 ], [ 121.026025199999978, 14.7194394 ], [ 121.0259575, 14.7194177 ], [ 121.025898200000015, 14.7194001 ], [ 121.02579320000001, 14.7193751 ], [ 121.025680499999979, 14.7193545 ], [ 121.025030299999983, 14.7192615 ], [ 121.024813, 14.7192306 ], [ 121.0245554, 14.7191991 ], [ 121.024418400000016, 14.7191918 ], [ 121.024284099999988, 14.7191926 ], [ 121.024183500000021, 14.7191983 ] ] } },
{ "type": "Feature", "properties": { "u": 312721200, "v": 32425361, "key": 0, "osmid": "164437555", "highway": "primary", "lanes": "2", "maxspeed": "40", "name": "General Luis Street", "oneway": false, "reversed": "True", "length": 80.16749728374738, "ref": "118", "width": null, "bridge": null, "tunnel": null, "junction": null, "access": null }, "geometry": { "type": "LineString", "coordinates": [ [ 121.0274612, 14.7201859 ], [ 121.0278971, 14.7204145 ], [ 121.0280309, 14.7204812 ], [ 121.02807540000002, 14.7205033 ], [ 121.028119300000014, 14.7205244 ] ] } },
{ "type": "Feature", "properties": { "u": 312719839, "v": 32425361, "key": 0, "osmid": "972736953", "highway": "primary", "lanes": "4", "maxspeed": "40", "name": "General Luis Street", "oneway": false, "reversed": "False", "length": 102.93940247086861, "ref": "118", "width": null, "bridge": null, "tunnel": null, "junction": null, "access": null }, "geometry": { "type": "LineString", "coordinates": [ [ 121.028992799999969, 14.7209028 ], [ 121.028939599999987, 14.7208812 ], [ 121.0287533, 14.7208005 ], [ 121.02816009999998, 14.7205441 ], [ 121.028119300000014, 14.7205244 ] ] } },
{ "type": "Feature", "properties": { "u": 312719839, "v": 6608967030, "key": 0, "osmid": "972736953", "highway": "primary", "lanes": "4", "maxspeed": "40", "name": "General Luis Street", "oneway": false, "reversed": "True", "length": 14.783103148107108, "ref": "118", "width": null, "bridge": null, "tunnel": null, "junction": null, "access": null }, "geometry": { "type": "LineString", "coordinates": [ [ 121.028992799999969, 14.7209028 ], [ 121.02904430000001, 14.7209228 ], [ 121.029091600000015, 14.7209409 ], [ 121.029120700000021, 14.7209515 ] ] } },
{ "type": "Feature", "properties": { "u": 7987103145, "v": 5291822143, "key": 0, "osmid": [ 481337817, 1338232970, 1303398639 ], "highway": "primary", "lanes": "3", "maxspeed": "60", "name": "EDSA", "oneway": true, "reversed": "False", "length": 317.87792055075471, "ref": "1", "width": null, "bridge": null, "tunnel": null, "junction": null, "access": null }, "geometry": { "type": "LineString", "coordinates": [ [ 121.0369444, 14.6454251 ], [ 121.0367385, 14.6457477 ], [ 121.0361436, 14.6466676 ], [ 121.035916300000011, 14.6470104 ], [ 121.035581, 14.6475163 ], [ 121.035365500000012, 14.6478414 ] ] } },
{ "type": "Feature", "properties": { "u": 5291822143, "v": 8382424186, "key": 0, "osmid": "1072111791", "highway": "primary", "lanes": "2", "maxspeed": "60", "name": "EDSA", "oneway": true, "reversed": "False", "length": 82.634708252498086, "ref": "1", "width": null, "bridge": null, "tunnel": null, "junction": null, "access": null }, "geometry": { "type": "LineString", "coordinates": [ [ 121.035365500000012, 14.6478414 ], [ 121.0350145, 14.6483722 ], [ 121.034916699999982, 14.648434 ] ] } },
{ "type": "Feature", "properties": { "u": 9858631082, "v": 764098856, "key": 0, "osmid": [ 1303399972, 1303399973, 839789711, 858768911, 858768913, 559120882 ], "highway": "secondary", "lanes": [ "1", "2" ], "maxspeed": null, "name": "Senator Miriam P. Defensor-Santiago Avenue", "oneway": true, "reversed": "False", "length": 275.20788920394591, "ref": null, "width": null, "bridge": null, "tunnel": null, "junction": null, "access": null }, "geometry": { "type": "LineString", "coordinates": [ [ 121.042564, 14.6442291 ], [ 121.0424994, 14.6442937 ], [ 121.0420742, 14.6447256 ], [ 121.0419976, 14.6448067 ], [ 121.0414342, 14.6454632 ], [ 121.04127320000002, 14.6456484 ], [ 121.0410753, 14.6459038 ], [ 121.0409947, 14.6460118 ], [ 121.040966699999984, 14.6460525 ], [ 121.0409187, 14.6461203 ] ] } },
{ "type": "Feature", "properties": { "u": 764098856, "v": 5286055373, "key": 0, "osmid": "61045949", "highway": "secondary", "lanes": "3", "maxspeed": null, "name": "Senator Miriam P. Defensor-Santiago Avenue", "oneway": true, "reversed": "False", "length": 31.671767547047157, "ref": null, "width": null, "bridge": null, "tunnel": null, "junction": null, "access": null }, "geometry": { "type": "LineString", "coordinates": [ [ 121.0409187, 14.6461203 ], [ 121.0407576, 14.6463587 ] ] } },
{ "type": "Feature", "properties": { "u": 764098856, "v": 11607504730, "key": 0, "osmid": "733208062", "highway": "primary", "lanes": "3", "maxspeed": "60", "name": "Quezon Avenue", "oneway": true, "reversed": "False", "length": 19.751729871195657, "ref": "170", "width": null, "bridge": null, "tunnel": null, "junction": null, "access": null }, "geometry": { "type": "LineString", "coordinates": [ [ 121.0409187, 14.6461203 ], [ 121.0410044, 14.6461748 ], [ 121.0410721, 14.6462179 ] ] } },
{ "type": "Feature", "properties": { "u": 206874037, "v": 204604504, "key": 0, "osmid": "324169530", "highway": "primary", "lanes": "2", "maxspeed": null, "name": "North Avenue", "oneway": true, "reversed": "False", "length": 15.254127908012652, "ref": "173", "width": null, "bridge": null, "tunnel": null, "junction": null, "access": null }, "geometry": { "type": "LineString", "coordinates": [ [ 121.035069, 14.6545175 ], [ 121.0352072, 14.6544868 ] ] } },
{ "type": "Feature", "properties": { "u": 206874037, "v": 8240805797, "key": 0, "osmid": "886248169", "highway": "primary", "lanes": "2", "maxspeed": null, "name": "Mindanao Avenue", "oneway": true, "reversed": "False", "length": 8.7754205505435419, "ref": "128", "width": null, "bridge": null, "tunnel": null, "junction": null, "access": null }, "geometry": { "type": "LineString", "coordinates": [ [ 121.035069, 14.6545175 ], [ 121.0350536, 14.65444 ] ] } },
{ "type": "Feature", "properties": { "u": 8240805797, "v": 6616206168, "key": 0, "osmid": "563787606", "highway": "primary", "lanes": "2", "maxspeed": null, "name": "North Avenue", "oneway": true, "reversed": "False", "length": 13.856642382170863, "ref": "173", "width": null, "bridge": null, "tunnel": null, "junction": null, "access": null }, "geometry": { "type": "LineString", "coordinates": [ [ 121.0350536, 14.65444 ], [ 121.0351793, 14.6544128 ] ] } },
{ "type": "Feature", "properties": { "u": 5766134850, "v": 306542749, "key": 0, "osmid": "244415606", "highway": "secondary", "lanes": "4", "maxspeed": "40", "name": "Carlos P. Garcia Avenue", "oneway": false, "reversed": "False", "length": 431.86121074043297, "ref": null, "width": null, "bridge": null, "tunnel": null, "junction": null, "access": null }, "geometry": { "type": "LineString", "coordinates": [ [ 121.059136199999969, 14.6511367 ], [ 121.0591485, 14.6510744 ], [ 121.0597444, 14.6480522 ], [ 121.0597886, 14.6478991 ], [ 121.059818099999987, 14.6478082 ], [ 121.0598637, 14.647707 ], [ 121.0599616, 14.6475345 ], [ 121.060084899999978, 14.6473967 ] ] } },
{ "type": "Feature", "properties": { "u": 5766134850, "v": 29025724, "key": 0, "osmid": "244415606", "highway": "secondary", "lanes": "4", "maxspeed": "40", "name": "Carlos P. Garcia Avenue", "oneway": false, "reversed": "True", "length": 407.06562076075585, "ref": null, "width": null, "bridge": null, "tunnel": null, "junction": null, "access": null }, "geometry": { "type": "LineString", "coordinates": [ [ 121.059136199999969, 14.6511367 ], [ 121.059096, 14.6513396 ], [ 121.0590106, 14.6517704 ], [ 121.058956699999982, 14.6520422 ], [ 121.058926900000017, 14.6521927 ], [ 121.058914, 14.6522573 ], [ 121.058890199999979, 14.6523777 ], [ 121.0588114, 14.6527753 ], [ 121.05872530000002, 14.6532094 ], [ 121.0585979, 14.6538521 ], [ 121.0585898, 14.6538934 ], [ 121.058581, 14.6539377 ], [ 121.0585807, 14.6539389 ], [ 121.0584641, 14.6545275 ], [ 121.058423500000018, 14.654732 ] ] } },
{ "type": "Feature", "properties": { "u": 219940288, "v": 103816968, "key": 0, "osmid": "38342024", "highway": "secondary", "lanes": "3", "maxspeed": null, "name": "Congressional Avenue", "oneway": true, "reversed": "False", "length": 376.37620934173685, "ref": "129", "width": null, "bridge": null, "tunnel": null, "junction": null, "access": null }, "geometry": { "type": "LineString", "coordinates": [ [ 121.026373100000015, 14.6647362 ], [ 121.0262598, 14.6647061 ], [ 121.02624320000001, 14.6647017 ], [ 121.0246938, 14.6643127 ], [ 121.022995, 14.6638553 ] ] } },
{ "type": "Feature", "properties": { "u": 103816968, "v": 103816612, "key": 0, "osmid": "38342024", "highway": "secondary", "lanes": "3", "maxspeed": null, "name": "Congressional Avenue", "oneway": true, "reversed": "False", "length": 69.162848205734349, "ref": "129", "width": null, "bridge": null, "tunnel": null, "junction": null, "access": null }, "geometry": { "type": "LineString", "coordinates": [ [ 121.022995, 14.6638553 ], [ 121.022371399999983, 14.6637039 ] ] } },
{ "type": "Feature", "properties": { "u": 799958464, "v": 294053508, "key": 0, "osmid": "83145375", "highway": "secondary", "lanes": "3", "maxspeed": null, "name": "Visayas Avenue", "oneway": true, "reversed": "False", "length": 12.679233733384494, "ref": null, "width": null, "bridge": null, "tunnel": null, "junction": null, "access": null }, "geometry": { "type": "LineString", "coordinates": [ [ 121.046705500000016, 14.6551973 ], [ 121.0467699, 14.6551018 ] ] } },
{ "type": "Feature", "properties": { "u": 294053508, "v": 5284185615, "key": 0, "osmid": [ 27926549, 83145375 ], "highway": "secondary", "lanes": [ "3", "2" ], "maxspeed": null, "name": "Visayas Avenue", "oneway": true, "reversed": "False", "length": 197.82632291472905, "ref": null, "width": null, "bridge": null, "tunnel": null, "junction": null, "access": null }, "geometry": { "type": "LineString", "coordinates": [ [ 121.0467699, 14.6551018 ], [ 121.0469658, 14.6548132 ], [ 121.047188599999984, 14.6544777 ], [ 121.0472151, 14.6544307 ], [ 121.047254, 14.6543555 ], [ 121.0472795, 14.6542795 ], [ 121.0472835, 14.6542133 ], [ 121.0472748, 14.6541452 ], [ 121.047245299999986, 14.6540715 ], [ 121.047175600000017, 14.6539972 ], [ 121.047087, 14.6539182 ], [ 121.0470039, 14.6538325 ], [ 121.0469805, 14.6537962 ], [ 121.046962399999984, 14.6537293 ], [ 121.0469656, 14.6536665 ], [ 121.047008500000018, 14.6535818 ] ] } },
{ "type": "Feature", "properties": { "u": 249226694, "v": 249226705, "key": 0, "osmid": "198153419", "highway": "primary", "lanes": "3", "maxspeed": null, "name": "East Avenue", "oneway": true, "reversed": "False", "length": 68.4633734858363, "ref": "174", "width": null, "bridge": null, "tunnel": null, "junction": null, "access": null }, "geometry": { "type": "LineString", "coordinates": [ [ 121.0478134, 14.6450047 ], [ 121.047958, 14.6456043 ] ] } },
{ "type": "Feature", "properties": { "u": 249226705, "v": 246784858, "key": 0, "osmid": "198153419", "highway": "primary", "lanes": "3", "maxspeed": null, "name": "East Avenue", "oneway": true, "reversed": "False", "length": 43.339332805205551, "ref": "174", "width": null, "bridge": null, "tunnel": null, "junction": null, "access": null }, "geometry": { "type": "LineString", "coordinates": [ [ 121.047958, 14.6456043 ], [ 121.048050700000019, 14.6459836 ] ] } },
{ "type": "Feature", "properties": { "u": 5284251079, "v": 295525883, "key": 0, "osmid": "481337815", "highway": "primary", "lanes": "2", "maxspeed": "60", "name": "EDSA", "oneway": true, "reversed": "False", "length": 16.758450550259216, "ref": "1", "width": null, "bridge": null, "tunnel": null, "junction": null, "access": null }, "geometry": { "type": "LineString", "coordinates": [ [ 121.036758499999976, 14.6450153 ], [ 121.036840899999987, 14.6448874 ] ] } },
{ "type": "Feature", "properties": { "u": 295525883, "v": 6054242043, "key": 0, "osmid": [ 26131673, 1077998028 ], "highway": "primary", "lanes": [ "3", "2" ], "maxspeed": "60", "name": "EDSA", "oneway": true, "reversed": "False", "length": 81.706099393513924, "ref": "1", "width": null, "bridge": null, "tunnel": null, "junction": null, "access": null }, "geometry": { "type": "LineString", "coordinates": [ [ 121.036840899999987, 14.6448874 ], [ 121.037044100000017, 14.6445699 ], [ 121.0372426, 14.6442638 ] ] } },
{ "type": "Feature", "properties": { "u": 13088466377, "v": 12468197101, "key": 0, "osmid": "146448723", "highway": "secondary", "lanes": "2", "maxspeed": "40", "name": "Kalayaan Avenue", "oneway": false, "reversed": "False", "length": 5.6018885771915894, "ref": null, "width": null, "bridge": null, "tunnel": null, "junction": null, "access": null }, "geometry": { "type": "LineString", "coordinates": [ [ 121.051071899999968, 14.6486207 ], [ 121.0510446, 14.6486636 ] ] } },
{ "type": "Feature", "properties": { "u": 13088466377, "v": 5286795628, "key": 0, "osmid": [ 716030315, 146448723 ], "highway": "secondary", "lanes": "2", "maxspeed": "40", "name": "Kalayaan Avenue", "oneway": false, "reversed": "True", "length": 175.48798756813434, "ref": null, "width": null, "bridge": null, "tunnel": null, "junction": null, "access": null }, "geometry": { "type": "LineString", "coordinates": [ [ 121.051071899999968, 14.6486207 ], [ 121.0510869, 14.648597 ], [ 121.0511156, 14.6485484 ], [ 121.0516352, 14.6477562 ], [ 121.051943900000012, 14.647287 ] ] } },
{ "type": "Feature", "properties": { "u": 13088466377, "v": 12468196701, "key": 0, "osmid": "1424044459", "highway": "secondary", "lanes": null, "maxspeed": null, "name": null, "oneway": true, "reversed": "False", "length": 9.30031596774975, "ref": null, "width": null, "bridge": null, "tunnel": null, "junction": null, "access": null }, "geometry": { "type": "LineString", "coordinates": [ [ 121.051071899999968, 14.6486207 ], [ 121.051047, 14.6486288 ], [ 121.0510315, 14.6486283 ], [ 121.051026799999974, 14.648616 ], [ 121.05102620000001, 14.6485859 ] ] } },
{ "type": "Feature", "properties": { "u": 12468197101, "v": 5286795634, "key": 0, "osmid": "146448723", "highway": "secondary", "lanes": "2", "maxspeed": "40", "name": "Kalayaan Avenue", "oneway": false, "reversed": "False", "length": 19.929546311321303, "ref": null, "width": null, "bridge": null, "tunnel": null, "junction": null, "access": null }, "geometry": { "type": "LineString", "coordinates": [ [ 121.0510446, 14.6486636 ], [ 121.0509507, 14.6488181 ] ] } },
{ "type": "Feature", "properties": { "u": 12468197101, "v": 13088466377, "key": 0, "osmid": "146448723", "highway": "secondary", "lanes": "2", "maxspeed": "40", "name": "Kalayaan Avenue", "oneway": false, "reversed": "True", "length": 5.6018885771915894, "ref": null, "width": null, "bridge": null, "tunnel": null, "junction": null, "access": null }, "geometry": { "type": "LineString", "coordinates": [ [ 121.0510446, 14.6486636 ], [ 121.051071899999968, 14.6486207 ] ] } },
{ "type": "Feature", "properties": { "u": 5286795628, "v": 315795077, "key": 0, "osmid": "547804362", "highway": "secondary", "lanes": "1", "maxspeed": "40", "name": "Kalayaan Avenue", "oneway": true, "reversed": "False", "length": 13.43853517811297, "ref": null, "width": null, "bridge": null, "tunnel": null, "junction": null, "access": null }, "geometry": { "type": "LineString", "coordinates": [ [ 121.051943900000012, 14.647287 ], [ 121.0519752, 14.64717 ] ] } },
{ "type": "Feature", "properties": { "u": 5286795628, "v": 13088466377, "key": 0, "osmid": [ 146448723, 716030315 ], "highway": "secondary", "lanes": "2", "maxspeed": "40", "name": "Kalayaan Avenue", "oneway": false, "reversed": "False", "length": 175.48798756813432, "ref": null, "width": null, "bridge": null, "tunnel": null, "junction": null, "access": null }, "geometry": { "type": "LineString", "coordinates": [ [ 121.051943900000012, 14.647287 ], [ 121.0516352, 14.6477562 ], [ 121.0511156, 14.6485484 ], [ 121.0510869, 14.648597 ], [ 121.051071899999968, 14.6486207 ] ] } },
{ "type": "Feature", "properties": { "u": 12468196701, "v": 315795077, "key": 0, "osmid": [ 716030314, 1333425571, 547804363, 1065527798 ], "highway": "secondary", "lanes": "2", "maxspeed": "40", "name": "Kalayaan Avenue", "oneway": true, "reversed": "False", "length": 187.94368381884306, "ref": null, "width": null, "bridge": null, "tunnel": null, "junction": null, "access": null }, "geometry": { "type": "LineString", "coordinates": [ [ 121.05102620000001, 14.6485859 ], [ 121.0510385, 14.6485682 ], [ 121.051192, 14.6483275 ], [ 121.051376600000012, 14.6480379 ], [ 121.051582700000012, 14.6477243 ], [ 121.051767899999973, 14.6474363 ], [ 121.051847399999971, 14.6473251 ], [ 121.051900900000021, 14.647241 ], [ 121.0519752, 14.64717 ] ] } },
{ "type": "Feature", "properties": { "u": 5284251078, "v": 7987103145, "key": 0, "osmid": "856644227", "highway": "primary", "lanes": "3", "maxspeed": "60", "name": "EDSA", "oneway": true, "reversed": "False", "length": 28.587752280213824, "ref": "1", "width": null, "bridge": null, "tunnel": null, "junction": null, "access": null }, "geometry": { "type": "LineString", "coordinates": [ [ 121.037084600000014, 14.6452067 ], [ 121.0369444, 14.6454251 ] ] } },
{ "type": "Feature", "properties": { "u": 12444293820, "v": 1354391763, "key": 0, "osmid": "168525277", "highway": "primary", "lanes": "2", "maxspeed": null, "name": "Quirino Highway", "oneway": true, "reversed": "False", "length": 29.975035716597596, "ref": "127", "width": null, "bridge": null, "tunnel": null, "junction": null, "access": null }, "geometry": { "type": "LineString", "coordinates": [ [ 121.0279932, 14.6906605 ], [ 121.028176799999969, 14.6908633 ] ] } },
{ "type": "Feature", "properties": { "u": 4692391269, "v": 3812153580, "key": 0, "osmid": "669485897", "highway": "primary", "lanes": "2", "maxspeed": null, "name": "Quirino Highway", "oneway": true, "reversed": "False", "length": 24.543762447242084, "ref": "127", "width": null, "bridge": null, "tunnel": null, "junction": null, "access": null }, "geometry": { "type": "LineString", "coordinates": [ [ 121.027853699999966, 14.6906334 ], [ 121.027713299999988, 14.6904594 ] ] } },
{ "type": "Feature", "properties": { "u": 4692391269, "v": 12081875681, "key": 0, "osmid": "1006936019", "highway": "primary", "lanes": "2", "maxspeed": "60", "name": "Mindanao Avenue", "oneway": true, "reversed": "False", "length": 15.648877265311924, "ref": "128", "width": null, "bridge": null, "tunnel": null, "junction": null, "access": null }, "geometry": { "type": "LineString", "coordinates": [ [ 121.027853699999966, 14.6906334 ], [ 121.0277505, 14.6907326 ] ] } },
{ "type": "Feature", "properties": { "u": 256214484, "v": 5777831221, "key": 0, "osmid": "1296525060", "highway": "secondary", "lanes": "4", "maxspeed": "30", "name": "Zabarte Road", "oneway": false, "reversed": "False", "length": 17.542644204663834, "ref": null, "width": null, "bridge": null, "tunnel": null, "junction": null, "access": null }, "geometry": { "type": "LineString", "coordinates": [ [ 121.0469846, 14.7395604 ], [ 121.046950599999988, 14.7397147 ] ] } },
{ "type": "Feature", "properties": { "u": 256214484, "v": 260903256, "key": 0, "osmid": [ 1393458465, 23649492, 1296525061 ], "highway": "secondary", "lanes": "4", "maxspeed": "30", "name": "Zabarte Road", "oneway": false, "reversed": "True", "length": 126.27766157907658, "ref": null, "width": null, "bridge": null, "tunnel": null, "junction": null, "access": null }, "geometry": { "type": "LineString", "coordinates": [ [ 121.0469846, 14.7395604 ], [ 121.046997499999975, 14.7395003 ], [ 121.0470054, 14.7394633 ], [ 121.047011499999982, 14.7394349 ], [ 121.047047599999985, 14.7392727 ], [ 121.047076600000011, 14.7391394 ], [ 121.0471986, 14.7385791 ], [ 121.0472025, 14.7385613 ], [ 121.047226899999984, 14.7384492 ] ] } },
{ "type": "Feature", "properties": { "u": 5777831221, "v": 6676060192, "key": 0, "osmid": "610042098", "highway": "secondary", "lanes": "4", "maxspeed": "30", "name": "Zabarte Road", "oneway": false, "reversed": "False", "length": 19.267264244014012, "ref": null, "width": null, "bridge": null, "tunnel": null, "junction": null, "access": null }, "geometry": { "type": "LineString", "coordinates": [ [ 121.046950599999988, 14.7397147 ], [ 121.046914899999962, 14.7398845 ] ] } },
{ "type": "Feature", "properties": { "u": 5777831221, "v": 256214484, "key": 0, "osmid": "1296525060", "highway": "secondary", "lanes": "4", "maxspeed": "30", "name": "Zabarte Road", "oneway": false, "reversed": "True", "length": 17.542644204663834, "ref": null, "width": null, "bridge": null, "tunnel": null, "junction": null, "access": null }, "geometry": { "type": "LineString", "coordinates": [ [ 121.046950599999988, 14.7397147 ], [ 121.0469846, 14.7395604 ] ] } },
{ "type": "Feature", "properties": { "u": 260903256, "v": 256214484, "key": 0, "osmid": [ 1393458465, 23649492, 1296525061 ], "highway": "secondary", "lanes": "4", "maxspeed": "30", "name": "Zabarte Road", "oneway": false, "reversed": "False", "length": 126.27766157907658, "ref": null, "width": null, "bridge": null, "tunnel": null, "junction": null, "access": null }, "geometry": { "type": "LineString", "coordinates": [ [ 121.047226899999984, 14.7384492 ], [ 121.0472025, 14.7385613 ], [ 121.0471986, 14.7385791 ], [ 121.047076600000011, 14.7391394 ], [ 121.047047599999985, 14.7392727 ], [ 121.047011499999982, 14.7394349 ], [ 121.0470054, 14.7394633 ], [ 121.046997499999975, 14.7395003 ], [ 121.0469846, 14.7395604 ] ] } },
{ "type": "Feature", "properties": { "u": 260903256, "v": 5828730006, "key": 0, "osmid": "23649492", "highway": "secondary", "lanes": "4", "maxspeed": "30", "name": "Zabarte Road", "oneway": false, "reversed": "True", "length": 149.06218663824359, "ref": null, "width": null, "bridge": null, "tunnel": null, "junction": null, "access": null }, "geometry": { "type": "LineString", "coordinates": [ [ 121.047226899999984, 14.7384492 ], [ 121.047262900000021, 14.7382616 ], [ 121.0472799, 14.7381773 ], [ 121.047443200000018, 14.7374369 ], [ 121.047492499999976, 14.7372291 ], [ 121.0475124, 14.7371375 ] ] } },
{ "type": "Feature", "properties": { "u": 5536826840, "v": 12081828980, "key": 0, "osmid": "577597244", "highway": "primary", "lanes": "2", "maxspeed": null, "name": "Regalado Highway", "oneway": true, "reversed": "False", "length": 115.18891696899554, "ref": null, "width": null, "bridge": null, "tunnel": null, "junction": null, "access": null }, "geometry": { "type": "LineString", "coordinates": [ [ 121.0611503, 14.7287242 ], [ 121.061156499999981, 14.7276883 ] ] } },
{ "type": "Feature", "properties": { "u": 12081828980, "v": 6609055514, "key": 0, "osmid": "577597244", "highway": "primary", "lanes": "2", "maxspeed": null, "name": "Regalado Highway", "oneway": true, "reversed": "False", "length": 11.586707392249076, "ref": null, "width": null, "bridge": null, "tunnel": null, "junction": null, "access": null }, "geometry": { "type": "LineString", "coordinates": [ [ 121.061156499999981, 14.7276883 ], [ 121.061157099999988, 14.7275841 ] ] } },
{ "type": "Feature", "properties": { "u": 7556408794, "v": 7556361080, "key": 0, "osmid": "129814578", "highway": "secondary", "lanes": "2", "maxspeed": "40", "name": "Tandang Sora Avenue", "oneway": false, "reversed": "True", "length": 8.149450380561218, "ref": null, "width": null, "bridge": null, "tunnel": null, "junction": null, "access": null }, "geometry": { "type": "LineString", "coordinates": [ [ 121.0247169, 14.6791159 ], [ 121.0247901, 14.679097 ] ] } },
{ "type": "Feature", "properties": { "u": 7556408794, "v": 5870209637, "key": 0, "osmid": "129814578", "highway": "secondary", "lanes": "2", "maxspeed": "40", "name": "Tandang Sora Avenue", "oneway": false, "reversed": "False", "length": 107.20447406829143, "ref": null, "width": null, "bridge": null, "tunnel": null, "junction": null, "access": null }, "geometry": { "type": "LineString", "coordinates": [ [ 121.0247169, 14.6791159 ], [ 121.0244921, 14.6791776 ], [ 121.024104399999985, 14.6792824 ], [ 121.0239583, 14.6793219 ], [ 121.0237573, 14.6793763 ] ] } },
{ "type": "Feature", "properties": { "u": 7556361080, "v": 7556408794, "key": 0, "osmid": "129814578", "highway": "secondary", "lanes": "2", "maxspeed": "40", "name": "Tandang Sora Avenue", "oneway": false, "reversed": "False", "length": 8.149450380561218, "ref": null, "width": null, "bridge": null, "tunnel": null, "junction": null, "access": null }, "geometry": { "type": "LineString", "coordinates": [ [ 121.0247901, 14.679097 ], [ 121.0247169, 14.6791159 ] ] } },
{ "type": "Feature", "properties": { "u": 7556361080, "v": 250543543, "key": 0, "osmid": [ 129814578, 129814579, 38341975 ], "highway": "secondary", "lanes": "2", "maxspeed": "40", "name": "Tandang Sora Avenue", "oneway": false, "reversed": "True", "length": 57.353768180900971, "ref": null, "width": null, "bridge": "cantilever", "tunnel": null, "junction": null, "access": null }, "geometry": { "type": "LineString", "coordinates": [ [ 121.0247901, 14.679097 ], [ 121.024840900000015, 14.6790832 ], [ 121.025090099999971, 14.6790159 ], [ 121.025303599999972, 14.6789581 ] ] } },
{ "type": "Feature", "properties": { "u": 5870209637, "v": 1180306206, "key": 0, "osmid": "129814578", "highway": "secondary", "lanes": "2", "maxspeed": "40", "name": "Tandang Sora Avenue", "oneway": false, "reversed": "False", "length": 30.714309645332335, "ref": null, "width": null, "bridge": null, "tunnel": null, "junction": null, "access": null }, "geometry": { "type": "LineString", "coordinates": [ [ 121.0237573, 14.6793763 ], [ 121.023480600000013, 14.6794445 ] ] } },
{ "type": "Feature", "properties": { "u": 5870209637, "v": 7556408794, "key": 0, "osmid": "129814578", "highway": "secondary", "lanes": "2", "maxspeed": "40", "name": "Tandang Sora Avenue", "oneway": false, "reversed": "True", "length": 107.20447406829143, "ref": null, "width": null, "bridge": null, "tunnel": null, "junction": null, "access": null }, "geometry": { "type": "LineString", "coordinates": [ [ 121.0237573, 14.6793763 ], [ 121.0239583, 14.6793219 ], [ 121.024104399999985, 14.6792824 ], [ 121.0244921, 14.6791776 ], [ 121.0247169, 14.6791159 ] ] } },
{ "type": "Feature", "properties": { "u": 256214501, "v": 260903624, "key": 0, "osmid": "23649492", "highway": "secondary", "lanes": "4", "maxspeed": "30", "name": "Zabarte Road", "oneway": false, "reversed": "False", "length": 141.68767290688348, "ref": null, "width": null, "bridge": null, "tunnel": null, "junction": null, "access": null }, "geometry": { "type": "LineString", "coordinates": [ [ 121.047912199999985, 14.7353011 ], [ 121.0478157, 14.7357444 ], [ 121.047785600000012, 14.7358828 ], [ 121.047663400000019, 14.7364441 ], [ 121.0476498, 14.7365063 ], [ 121.0476408, 14.736548 ] ] } },
{ "type": "Feature", "properties": { "u": 256214501, "v": 256214563, "key": 0, "osmid": "23649492", "highway": "secondary", "lanes": "4", "maxspeed": "30", "name": "Zabarte Road", "oneway": false, "reversed": "True", "length": 107.04273785651039, "ref": null, "width": null, "bridge": null, "tunnel": null, "junction": null, "access": null }, "geometry": { "type": "LineString", "coordinates": [ [ 121.047912199999985, 14.7353011 ], [ 121.04810879999998, 14.7343983 ], [ 121.0481173, 14.7343591 ] ] } },
{ "type": "Feature", "properties": { "u": 260903624, "v": 5828730006, "key": 0, "osmid": "23649492", "highway": "secondary", "lanes": "4", "maxspeed": "30", "name": "Zabarte Road", "oneway": false, "reversed": "False", "length": 66.987999453310024, "ref": null, "width": null, "bridge": null, "tunnel": null, "junction": null, "access": null }, "geometry": { "type": "LineString", "coordinates": [ [ 121.0476408, 14.736548 ], [ 121.0475124, 14.7371375 ] ] } },
{ "type": "Feature", "properties": { "u": 260903624, "v": 256214501, "key": 0, "osmid": "23649492", "highway": "secondary", "lanes": "4", "maxspeed": "30", "name": "Zabarte Road", "oneway": false, "reversed": "True", "length": 141.68767290688351, "ref": null, "width": null, "bridge": null, "tunnel": null, "junction": null, "access": null }, "geometry": { "type": "LineString", "coordinates": [ [ 121.0476408, 14.736548 ], [ 121.0476498, 14.7365063 ], [ 121.047663400000019, 14.7364441 ], [ 121.047785600000012, 14.7358828 ], [ 121.0478157, 14.7357444 ], [ 121.047912199999985, 14.7353011 ] ] } },
{ "type": "Feature", "properties": { "u": 256214563, "v": 256214501, "key": 0, "osmid": "23649492", "highway": "secondary", "lanes": "4", "maxspeed": "30", "name": "Zabarte Road", "oneway": false, "reversed": "False", "length": 107.04273785651039, "ref": null, "width": null, "bridge": null, "tunnel": null, "junction": null, "access": null }, "geometry": { "type": "LineString", "coordinates": [ [ 121.0481173, 14.7343591 ], [ 121.04810879999998, 14.7343983 ], [ 121.047912199999985, 14.7353011 ] ] } },
{ "type": "Feature", "properties": { "u": 256214563, "v": 12075935215, "key": 0, "osmid": "23649492", "highway": "secondary", "lanes": "4", "maxspeed": "30", "name": "Zabarte Road", "oneway": false, "reversed": "True", "length": 109.55380039794464, "ref": null, "width": null, "bridge": null, "tunnel": null, "junction": null, "access": null }, "geometry": { "type": "LineString", "coordinates": [ [ 121.0481173, 14.7343591 ], [ 121.04813590000002, 14.7342738 ], [ 121.048152400000021, 14.7341977 ], [ 121.048249, 14.7337543 ], [ 121.048273, 14.733644 ], [ 121.048299899999975, 14.7335206 ], [ 121.0483272, 14.733395 ] ] } },
{ "type": "Feature", "properties": { "u": 5536826853, "v": 5536826852, "key": 0, "osmid": [ 577597210, 577597244, 577597206 ], "highway": "primary", "lanes": "2", "maxspeed": null, "name": "Regalado Highway", "oneway": true, "reversed": "False", "length": 64.882550384538519, "ref": null, "width": null, "bridge": "yes", "tunnel": null, "junction": null, "access": null }, "geometry": { "type": "LineString", "coordinates": [ [ 121.061163099999987, 14.7230696 ], [ 121.061163499999978, 14.7228262 ], [ 121.0611629, 14.7227237 ], [ 121.0611628, 14.7224861 ] ] } },
{ "type": "Feature", "properties": { "u": 5536826852, "v": 5536826851, "key": 0, "osmid": "577597210", "highway": "primary", "lanes": "2", "maxspeed": null, "name": "Regalado Highway", "oneway": true, "reversed": "False", "length": 261.48637823839886, "ref": null, "width": null, "bridge": null, "tunnel": null, "junction": null, "access": null }, "geometry": { "type": "LineString", "coordinates": [ [ 121.0611628, 14.7224861 ], [ 121.0611626, 14.7220759 ], [ 121.0611626, 14.7219189 ], [ 121.061161899999988, 14.7201345 ] ] } },
{ "type": "Feature", "properties": { "u": 256214504, "v": 260903225, "key": 0, "osmid": "610042098", "highway": "secondary", "lanes": "4", "maxspeed": "30", "name": "Zabarte Road", "oneway": false, "reversed": "True", "length": 11.719321642050289, "ref": null, "width": null, "bridge": null, "tunnel": null, "junction": null, "access": null }, "geometry": { "type": "LineString", "coordinates": [ [ 121.0467537, 14.7406753 ], [ 121.0467748, 14.7405719 ] ] } },
{ "type": "Feature", "properties": { "u": 256214504, "v": 5197287639, "key": 0, "osmid": "610042098", "highway": "secondary", "lanes": "4", "maxspeed": "30", "name": "Zabarte Road", "oneway": false, "reversed": "False", "length": 122.92554750352957, "ref": null, "width": null, "bridge": null, "tunnel": null, "junction": null, "access": null }, "geometry": { "type": "LineString", "coordinates": [ [ 121.0467537, 14.7406753 ], [ 121.0466729, 14.7410719 ], [ 121.046638399999978, 14.7412412 ], [ 121.0465264, 14.7417587 ] ] } },
{ "type": "Feature", "properties": { "u": 260903225, "v": 256214504, "key": 0, "osmid": "610042098", "highway": "secondary", "lanes": "4", "maxspeed": "30", "name": "Zabarte Road", "oneway": false, "reversed": "False", "length": 11.719321642050289, "ref": null, "width": null, "bridge": null, "tunnel": null, "junction": null, "access": null }, "geometry": { "type": "LineString", "coordinates": [ [ 121.0467748, 14.7405719 ], [ 121.0467537, 14.7406753 ] ] } },
{ "type": "Feature", "properties": { "u": 260903225, "v": 6676060192, "key": 0, "osmid": "610042098", "highway": "secondary", "lanes": "4", "maxspeed": "30", "name": "Zabarte Road", "oneway": false, "reversed": "True", "length": 77.906117630319898, "ref": null, "width": null, "bridge": null, "tunnel": null, "junction": null, "access": null }, "geometry": { "type": "LineString", "coordinates": [ [ 121.0467748, 14.7405719 ], [ 121.046841799999982, 14.7402434 ], [ 121.0468785, 14.7400631 ], [ 121.0468994, 14.7399602 ], [ 121.046914899999962, 14.7398845 ] ] } },
{ "type": "Feature", "properties": { "u": 5197287639, "v": 260903234, "key": 0, "osmid": "610042098", "highway": "secondary", "lanes": "4", "maxspeed": "30", "name": "Zabarte Road", "oneway": false, "reversed": "False", "length": 22.687183052497463, "ref": null, "width": null, "bridge": null, "tunnel": null, "junction": null, "access": null }, "geometry": { "type": "LineString", "coordinates": [ [ 121.0465264, 14.7417587 ], [ 121.046492, 14.74196 ] ] } },
{ "type": "Feature", "properties": { "u": 5197287639, "v": 256214504, "key": 0, "osmid": "610042098", "highway": "secondary", "lanes": "4", "maxspeed": "30", "name": "Zabarte Road", "oneway": false, "reversed": "True", "length": 122.92554750352956, "ref": null, "width": null, "bridge": null, "tunnel": null, "junction": null, "access": null }, "geometry": { "type": "LineString", "coordinates": [ [ 121.0465264, 14.7417587 ], [ 121.046638399999978, 14.7412412 ], [ 121.0466729, 14.7410719 ], [ 121.0467537, 14.7406753 ] ] } },
{ "type": "Feature", "properties": { "u": 311733809, "v": 7556408810, "key": 0, "osmid": "129814574", "highway": "primary", "lanes": "4", "maxspeed": null, "name": "Quirino Highway", "oneway": false, "reversed": "False", "length": 15.030080777468285, "ref": "127", "width": null, "bridge": null, "tunnel": null, "junction": null, "access": null }, "geometry": { "type": "LineString", "coordinates": [ [ 121.0227389, 14.6845219 ], [ 121.022855899999982, 14.6845958 ] ] } },
{ "type": "Feature", "properties": { "u": 311733809, "v": 1333640611, "key": 0, "osmid": "129814574", "highway": "primary", "lanes": "4", "maxspeed": null, "name": "Quirino Highway", "oneway": false, "reversed": "True", "length": 58.515825412051662, "ref": "127", "width": null, "bridge": null, "tunnel": null, "junction": null, "access": null }, "geometry": { "type": "LineString", "coordinates": [ [ 121.0227389, 14.6845219 ], [ 121.0226227, 14.6844392 ], [ 121.0225508, 14.6843747 ], [ 121.0224818, 14.6843125 ], [ 121.02242320000002, 14.6842534 ], [ 121.022343899999981, 14.6841628 ] ] } },
{ "type": "Feature", "properties": { "u": 5536826858, "v": 5536826853, "key": 0, "osmid": "577597244", "highway": "primary", "lanes": "2", "maxspeed": null, "name": "Regalado Highway", "oneway": true, "reversed": "False", "length": 163.70183505392026, "ref": null, "width": null, "bridge": null, "tunnel": null, "junction": null, "access": null }, "geometry": { "type": "LineString", "coordinates": [ [ 121.0611596, 14.7245418 ], [ 121.0611624, 14.723371 ], [ 121.061163099999987, 14.7230696 ] ] } },
{ "type": "Feature", "properties": { "u": 148905131, "v": 5647931008, "key": 0, "osmid": "1307294931", "highway": "primary", "lanes": "4", "maxspeed": null, "name": "Quirino Highway", "oneway": true, "reversed": "False", "length": 87.99597993500808, "ref": "127", "width": null, "bridge": null, "tunnel": null, "junction": null, "access": null }, "geometry": { "type": "LineString", "coordinates": [ [ 121.0382299, 14.7058189 ], [ 121.0382831, 14.7058728 ], [ 121.038448299999985, 14.7062354 ], [ 121.038486300000017, 14.7063248 ], [ 121.038535199999984, 14.7064446 ], [ 121.038546600000018, 14.7065391 ] ] } },
{ "type": "Feature", "properties": { "u": 148905131, "v": 260900333, "key": 0, "osmid": "1307294933", "highway": "primary", "lanes": "4", "maxspeed": null, "name": "Quirino Highway", "oneway": false, "reversed": "False", "length": 232.5451704910848, "ref": "127", "width": null, "bridge": null, "tunnel": null, "junction": null, "access": null }, "geometry": { "type": "LineString", "coordinates": [ [ 121.0382299, 14.7058189 ], [ 121.038009699999975, 14.7053144 ], [ 121.0378951, 14.7050621 ], [ 121.037777, 14.70485 ], [ 121.0375594, 14.7045122 ], [ 121.03745760000001, 14.7043501 ], [ 121.037221699999989, 14.7039744 ] ] } },
{ "type": "Feature", "properties": { "u": 250545643, "v": 1000578636, "key": 0, "osmid": "38342024", "highway": "secondary", "lanes": "3", "maxspeed": null, "name": "Congressional Avenue", "oneway": true, "reversed": "False", "length": 119.32787178505431, "ref": "129", "width": null, "bridge": null, "tunnel": null, "junction": null, "access": null }, "geometry": { "type": "LineString", "coordinates": [ [ 121.032399700000013, 14.6664625 ], [ 121.0323218, 14.6664152 ], [ 121.032226, 14.6663566 ], [ 121.032109, 14.6662975 ], [ 121.0319725, 14.6662303 ], [ 121.031833399999968, 14.6661682 ], [ 121.0316921, 14.6661111 ], [ 121.0314279, 14.6660192 ], [ 121.031397499999969, 14.6660104 ] ] } },
{ "type": "Feature", "properties": { "u": 1000578636, "v": 35457022, "key": 0, "osmid": "38342024", "highway": "secondary", "lanes": "3", "maxspeed": null, "name": "Congressional Avenue", "oneway": true, "reversed": "False", "length": 184.50484974178997, "ref": "129", "width": null, "bridge": null, "tunnel": null, "junction": null, "access": null }, "geometry": { "type": "LineString", "coordinates": [ [ 121.031397499999969, 14.6660104 ], [ 121.030873699999987, 14.6658565 ], [ 121.030474599999977, 14.6657383 ], [ 121.0301026, 14.6656194 ], [ 121.030071599999971, 14.6656103 ], [ 121.0298356, 14.6655419 ], [ 121.029759299999981, 14.6655192 ] ] } },
{ "type": "Feature", "properties": { "u": 12075935215, "v": 256214563, "key": 0, "osmid": "23649492", "highway": "secondary", "lanes": "4", "maxspeed": "30", "name": "Zabarte Road", "oneway": false, "reversed": "False", "length": 109.55380039794463, "ref": null, "width": null, "bridge": null, "tunnel": null, "junction": null, "access": null }, "geometry": { "type": "LineString", "coordinates": [ [ 121.0483272, 14.733395 ], [ 121.048299899999975, 14.7335206 ], [ 121.048273, 14.733644 ], [ 121.048249, 14.7337543 ], [ 121.048152400000021, 14.7341977 ], [ 121.04813590000002, 14.7342738 ], [ 121.0481173, 14.7343591 ] ] } },
{ "type": "Feature", "properties": { "u": 12075935215, "v": 12075935217, "key": 0, "osmid": "23649492", "highway": "secondary", "lanes": "4", "maxspeed": "30", "name": "Zabarte Road", "oneway": false, "reversed": "True", "length": 6.2373028403408579, "ref": null, "width": null, "bridge": null, "tunnel": null, "junction": null, "access": null }, "geometry": { "type": "LineString", "coordinates": [ [ 121.0483272, 14.733395 ], [ 121.0483319, 14.7333734 ], [ 121.0483391, 14.7333401 ] ] } },
{ "type": "Feature", "properties": { "u": 5536826867, "v": 5536826840, "key": 0, "osmid": "577597244", "highway": "primary", "lanes": "2", "maxspeed": null, "name": "Regalado Highway", "oneway": true, "reversed": "False", "length": 65.017118226789464, "ref": null, "width": null, "bridge": null, "tunnel": null, "junction": null, "access": null }, "geometry": { "type": "LineString", "coordinates": [ [ 121.0611464, 14.7293089 ], [ 121.0611503, 14.7287242 ] ] } },
{ "type": "Feature", "properties": { "u": 5536826868, "v": 5536826869, "key": 0, "osmid": "577597220", "highway": "secondary", "lanes": "3", "maxspeed": null, "name": "Mindanao Avenue", "oneway": true, "reversed": "False", "length": 15.901113696575665, "ref": null, "width": null, "bridge": null, "tunnel": null, "junction": null, "access": null }, "geometry": { "type": "LineString", "coordinates": [ [ 121.061146, 14.7295733 ], [ 121.0612523, 14.7296727 ] ] } },
{ "type": "Feature", "properties": { "u": 5536826868, "v": 5536826870, "key": 0, "osmid": "577597223", "highway": "primary", "lanes": "1", "maxspeed": null, "name": "Regalado Highway", "oneway": false, "reversed": "True", "length": 19.75960342022983, "ref": null, "width": null, "bridge": null, "tunnel": null, "junction": null, "access": null }, "geometry": { "type": "LineString", "coordinates": [ [ 121.061146, 14.7295733 ], [ 121.061145099999976, 14.729751 ] ] } },
{ "type": "Feature", "properties": { "u": 5536826868, "v": 5536826867, "key": 0, "osmid": "577597228", "highway": "primary", "lanes": "2", "maxspeed": null, "name": "Regalado Highway", "oneway": true, "reversed": "False", "length": 29.400011606368967, "ref": null, "width": null, "bridge": null, "tunnel": null, "junction": null, "access": null }, "geometry": { "type": "LineString", "coordinates": [ [ 121.061146, 14.7295733 ], [ 121.0611464, 14.7293089 ] ] } },
{ "type": "Feature", "properties": { "u": 5536826869, "v": 31393684, "key": 0, "osmid": "577597225", "highway": "primary", "lanes": "1", "maxspeed": null, "name": "Regalado Highway", "oneway": true, "reversed": "False", "length": 19.726362550137942, "ref": null, "width": null, "bridge": null, "tunnel": null, "junction": null, "access": null }, "geometry": { "type": "LineString", "coordinates": [ [ 121.0612523, 14.7296727 ], [ 121.061253400000012, 14.7298501 ] ] } },
{ "type": "Feature", "properties": { "u": 5536826870, "v": 5536826868, "key": 0, "osmid": "577597223", "highway": "primary", "lanes": "1", "maxspeed": null, "name": "Regalado Highway", "oneway": false, "reversed": "False", "length": 19.75960342022983, "ref": null, "width": null, "bridge": null, "tunnel": null, "junction": null, "access": null }, "geometry": { "type": "LineString", "coordinates": [ [ 121.061145099999976, 14.729751 ], [ 121.061146, 14.7295733 ] ] } },
{ "type": "Feature", "properties": { "u": 5536826870, "v": 251622369, "key": 0, "osmid": "47497873", "highway": "secondary", "lanes": "3", "maxspeed": null, "name": "Mindanao Avenue", "oneway": true, "reversed": "False", "length": 159.14476123548405, "ref": null, "width": null, "bridge": null, "tunnel": null, "junction": null, "access": null }, "geometry": { "type": "LineString", "coordinates": [ [ 121.061145099999976, 14.729751 ], [ 121.0609445, 14.7295675 ], [ 121.06007, 14.7287675 ] ] } },
{ "type": "Feature", "properties": { "u": 5536826870, "v": 9732845936, "key": 0, "osmid": [ 1339417993, 839532356 ], "highway": "primary", "lanes": "2", "maxspeed": null, "name": "Regalado Highway", "oneway": true, "reversed": "False", "length": 112.57529170932708, "ref": null, "width": null, "bridge": null, "tunnel": null, "junction": null, "access": null }, "geometry": { "type": "LineString", "coordinates": [ [ 121.061145099999976, 14.729751 ], [ 121.0611434, 14.7300826 ], [ 121.061141799999973, 14.7303925 ], [ 121.0611399, 14.7307634 ] ] } },
{ "type": "Feature", "properties": { "u": 31393684, "v": 5536826870, "key": 0, "osmid": "4864482", "highway": "secondary", "lanes": "2", "maxspeed": null, "name": "Mindanao Avenue", "oneway": true, "reversed": "False", "length": 16.033483980915243, "ref": null, "width": null, "bridge": null, "tunnel": null, "junction": null, "access": null }, "geometry": { "type": "LineString", "coordinates": [ [ 121.061253400000012, 14.7298501 ], [ 121.061145099999976, 14.729751 ] ] } },
{ "type": "Feature", "properties": { "u": 31393684, "v": 3922129613, "key": 0, "osmid": "1112806253", "highway": "primary", "lanes": "2", "maxspeed": null, "name": "Regalado Highway", "oneway": true, "reversed": "False", "length": 47.525601287227005, "ref": null, "width": null, "bridge": null, "tunnel": null, "junction": null, "access": null }, "geometry": { "type": "LineString", "coordinates": [ [ 121.061253400000012, 14.7298501 ], [ 121.061256, 14.7302775 ] ] } },
{ "type": "Feature", "properties": { "u": 251622369, "v": 251623968, "key": 0, "osmid": "47497873", "highway": "secondary", "lanes": "3", "maxspeed": null, "name": "Mindanao Avenue", "oneway": true, "reversed": "False", "length": 168.9434300874199, "ref": null, "width": null, "bridge": null, "tunnel": null, "junction": null, "access": null }, "geometry": { "type": "LineString", "coordinates": [ [ 121.06007, 14.7287675 ], [ 121.0596212, 14.7283598 ], [ 121.059386099999983, 14.728131 ], [ 121.05893279999998, 14.7277195 ] ] } },
{ "type": "Feature", "properties": { "u": 9732845936, "v": 5536826871, "key": 0, "osmid": "839532356", "highway": "primary", "lanes": "2", "maxspeed": null, "name": "Regalado Highway", "oneway": true, "reversed": "False", "length": 17.591272621286631, "ref": null, "width": null, "bridge": null, "tunnel": null, "junction": null, "access": null }, "geometry": { "type": "LineString", "coordinates": [ [ 121.0611399, 14.7307634 ], [ 121.0611391, 14.7309216 ] ] } },
{ "type": "Feature", "properties": { "u": 8096007672, "v": 1814490259, "key": 0, "osmid": "868558196", "highway": "primary", "lanes": "3", "maxspeed": "60", "name": "Quezon Avenue", "oneway": true, "reversed": "False", "length": 21.743792178576008, "ref": "170", "width": null, "bridge": null, "tunnel": null, "junction": null, "access": null }, "geometry": { "type": "LineString", "coordinates": [ [ 121.035061, 14.6425413 ], [ 121.035233499999975, 14.6426432 ] ] } },
{ "type": "Feature", "properties": { "u": 1814490259, "v": 298098895, "key": 0, "osmid": "696675894", "highway": "primary", "lanes": "3", "maxspeed": "60", "name": "Quezon Avenue", "oneway": true, "reversed": "False", "length": 279.12869867145673, "ref": "170", "width": null, "bridge": null, "tunnel": null, "junction": null, "access": null }, "geometry": { "type": "LineString", "coordinates": [ [ 121.035233499999975, 14.6426432 ], [ 121.037414, 14.6440036 ] ] } },
{ "type": "Feature", "properties": { "u": 5536826871, "v": 8657803496, "key": 0, "osmid": "839532356", "highway": "primary", "lanes": "2", "maxspeed": null, "name": "Regalado Highway", "oneway": true, "reversed": "False", "length": 78.05985967455473, "ref": null, "width": null, "bridge": null, "tunnel": null, "junction": null, "access": null }, "geometry": { "type": "LineString", "coordinates": [ [ 121.0611391, 14.7309216 ], [ 121.0611359, 14.7315503 ], [ 121.0611357, 14.7315981 ], [ 121.0611356, 14.7316236 ] ] } },
{ "type": "Feature", "properties": { "u": 8657803496, "v": 5536826876, "key": 0, "osmid": "839532356", "highway": "primary", "lanes": "2", "maxspeed": null, "name": "Regalado Highway", "oneway": true, "reversed": "False", "length": 24.730123323686971, "ref": null, "width": null, "bridge": null, "tunnel": null, "junction": null, "access": null }, "geometry": { "type": "LineString", "coordinates": [ [ 121.0611356, 14.7316236 ], [ 121.061134399999972, 14.731846 ] ] } },
{ "type": "Feature", "properties": { "u": 8096007670, "v": 4397322312, "key": 0, "osmid": "1354045300", "highway": "primary", "lanes": "2", "maxspeed": "60", "name": "Quezon Avenue", "oneway": true, "reversed": "False", "length": 14.492654141006755, "ref": "170", "width": null, "bridge": null, "tunnel": null, "junction": null, "access": null }, "geometry": { "type": "LineString", "coordinates": [ [ 121.0354467, 14.642707 ], [ 121.035562, 14.6427744 ] ] } },
{ "type": "Feature", "properties": { "u": 4397322312, "v": 286083393, "key": 0, "osmid": "563756783", "highway": "primary", "lanes": "2", "maxspeed": "60", "name": "Quezon Avenue", "oneway": true, "reversed": "False", "length": 204.20313561197131, "ref": "170", "width": null, "bridge": null, "tunnel": null, "junction": null, "access": null }, "geometry": { "type": "LineString", "coordinates": [ [ 121.035562, 14.6427744 ], [ 121.036538399999969, 14.6433752 ], [ 121.037163899999967, 14.6437595 ] ] } },
{ "type": "Feature", "properties": { "u": 5536826876, "v": 8374846113, "key": 0, "osmid": "577597241", "highway": "primary", "lanes": "2", "maxspeed": null, "name": "Regalado Highway", "oneway": true, "reversed": "False", "length": 10.074280324758156, "ref": null, "width": null, "bridge": null, "tunnel": null, "junction": null, "access": null }, "geometry": { "type": "LineString", "coordinates": [ [ 121.061134399999972, 14.731846 ], [ 121.0611343, 14.7319366 ] ] } },
{ "type": "Feature", "properties": { "u": 249226753, "v": 26831988, "key": 0, "osmid": "839789713", "highway": "secondary", "lanes": "4", "maxspeed": "40", "name": "V. Luna Road", "oneway": false, "reversed": "False", "length": 38.733746955493899, "ref": null, "width": null, "bridge": null, "tunnel": null, "junction": null, "access": null }, "geometry": { "type": "LineString", "coordinates": [ [ 121.0476882, 14.6376579 ], [ 121.0479562, 14.6375989 ], [ 121.0480395, 14.6375817 ] ] } },
{ "type": "Feature", "properties": { "u": 249226753, "v": 26832095, "key": 0, "osmid": "839789713", "highway": "secondary", "lanes": "4", "maxspeed": "40", "name": "V. Luna Road", "oneway": false, "reversed": "True", "length": 162.01790850209554, "ref": null, "width": null, "bridge": null, "tunnel": null, "junction": null, "access": null }, "geometry": { "type": "LineString", "coordinates": [ [ 121.0476882, 14.6376579 ], [ 121.047575299999977, 14.6376828 ], [ 121.0475398, 14.6376906 ], [ 121.0473056, 14.6377421 ], [ 121.046936800000012, 14.6378233 ], [ 121.046309799999989, 14.6379613 ], [ 121.0462198, 14.6379812 ] ] } },
{ "type": "Feature", "properties": { "u": 26831988, "v": 249226753, "key": 0, "osmid": "839789713", "highway": "secondary", "lanes": "4", "maxspeed": "40", "name": "V. Luna Road", "oneway": false, "reversed": "True", "length": 38.733746955493899, "ref": null, "width": null, "bridge": null, "tunnel": null, "junction": null, "access": null }, "geometry": { "type": "LineString", "coordinates": [ [ 121.0480395, 14.6375817 ], [ 121.0479562, 14.6375989 ], [ 121.0476882, 14.6376579 ] ] } },
{ "type": "Feature", "properties": { "u": 26831988, "v": 203263778, "key": 0, "osmid": "920587403", "highway": "secondary", "lanes": "4", "maxspeed": "40", "name": "V. Luna Road", "oneway": false, "reversed": "False", "length": 75.771507940485932, "ref": null, "width": null, "bridge": null, "tunnel": null, "junction": null, "access": null }, "geometry": { "type": "LineString", "coordinates": [ [ 121.0480395, 14.6375817 ], [ 121.048098499999981, 14.6375706 ], [ 121.0486136, 14.637466 ], [ 121.048635800000014, 14.6374615 ], [ 121.048729100000017, 14.6374433 ] ] } },
{ "type": "Feature", "properties": { "u": 26832095, "v": 764098855, "key": 0, "osmid": "839789714", "highway": "secondary", "lanes": "4", "maxspeed": "40", "name": "V. Luna Road", "oneway": false, "reversed": "True", "length": 11.848970972509589, "ref": null, "width": null, "bridge": null, "tunnel": null, "junction": null, "access": null }, "geometry": { "type": "LineString", "coordinates": [ [ 121.0462198, 14.6379812 ], [ 121.04611239999997, 14.6380048 ] ] } },
{ "type": "Feature", "properties": { "u": 26832095, "v": 249226753, "key": 0, "osmid": "839789713", "highway": "secondary", "lanes": "4", "maxspeed": "40", "name": "V. Luna Road", "oneway": false, "reversed": "False", "length": 162.01790850209554, "ref": null, "width": null, "bridge": null, "tunnel": null, "junction": null, "access": null }, "geometry": { "type": "LineString", "coordinates": [ [ 121.0462198, 14.6379812 ], [ 121.046309799999989, 14.6379613 ], [ 121.046936800000012, 14.6378233 ], [ 121.0473056, 14.6377421 ], [ 121.0475398, 14.6376906 ], [ 121.047575299999977, 14.6376828 ], [ 121.0476882, 14.6376579 ] ] } },
{ "type": "Feature", "properties": { "u": 26832095, "v": 245864761, "key": 0, "osmid": [ 839789715, 846604779 ], "highway": "primary", "lanes": "3", "maxspeed": null, "name": "East Avenue", "oneway": true, "reversed": "False", "length": 323.59621956657486, "ref": "174", "width": null, "bridge": null, "tunnel": null, "junction": null, "access": null }, "geometry": { "type": "LineString", "coordinates": [ [ 121.0462198, 14.6379812 ], [ 121.0464548, 14.6389904 ], [ 121.046483, 14.6391147 ], [ 121.046623699999969, 14.6397178 ], [ 121.04673750000002, 14.6402056 ], [ 121.0468362, 14.6406284 ], [ 121.046880900000019, 14.6408202 ] ] } },
{ "type": "Feature", "properties": { "u": 251621489, "v": 5536826909, "key": 0, "osmid": [ 1112585932, 934145301 ], "highway": "primary", "lanes": [ "6", "7" ], "maxspeed": null, "name": "Regalado Highway", "oneway": true, "reversed": "False", "length": 56.398476625915848, "ref": null, "width": [ "15", "17.5" ], "bridge": null, "tunnel": null, "junction": null, "access": null }, "geometry": { "type": "LineString", "coordinates": [ [ 121.0612088, 14.7348269 ], [ 121.0612088, 14.7349119 ], [ 121.0612088, 14.7350254 ], [ 121.0612074, 14.7353341 ] ] } },
{ "type": "Feature", "properties": { "u": 12336748358, "v": 12430263874, "key": 0, "osmid": "11626571", "highway": "primary", "lanes": "2", "maxspeed": null, "name": "West Avenue", "oneway": true, "reversed": "False", "length": 113.76821914157017, "ref": "171", "width": "7", "bridge": null, "tunnel": null, "junction": null, "access": null }, "geometry": { "type": "LineString", "coordinates": [ [ 121.0284537, 14.6489293 ], [ 121.0284244, 14.6488114 ], [ 121.0284135, 14.6487679 ], [ 121.028304, 14.648249 ], [ 121.028236299999989, 14.6479281 ] ] } },
{ "type": "Feature", "properties": { "u": 5284185615, "v": 6098125544, "key": 0, "osmid": "880371466", "highway": "primary", "lanes": "8", "maxspeed": "60", "name": "Elliptical Road", "oneway": true, "reversed": "False", "length": 93.765415632038327, "ref": "170;173;174", "width": null, "bridge": null, "tunnel": null, "junction": null, "access": null }, "geometry": { "type": "LineString", "coordinates": [ [ 121.047008500000018, 14.6535818 ], [ 121.0469762, 14.6535406 ], [ 121.0468651, 14.6533994 ], [ 121.04676480000002, 14.6532497 ], [ 121.046680800000019, 14.6530909 ], [ 121.0466141, 14.6529246 ], [ 121.0465907, 14.652849 ] ] } },
{ "type": "Feature", "properties": { "u": 5282138764, "v": 286083465, "key": 0, "osmid": "880088307", "highway": "primary", "lanes": "2", "maxspeed": "60", "name": "EDSA", "oneway": true, "reversed": "False", "length": 7.0270624622838938, "ref": "1", "width": null, "bridge": null, "tunnel": null, "junction": null, "access": null }, "geometry": { "type": "LineString", "coordinates": [ [ 121.0380242, 14.6430864 ], [ 121.0380583, 14.6430325 ] ] } },
{ "type": "Feature", "properties": { "u": 249226767, "v": 4879643711, "key": 0, "osmid": "856644225", "highway": "trunk", "lanes": "4", "maxspeed": "60", "name": "EDSA", "oneway": true, "reversed": "False", "length": 149.10668146456379, "ref": "1", "width": null, "bridge": null, "tunnel": null, "junction": null, "access": null }, "geometry": { "type": "LineString", "coordinates": [ [ 121.0421727, 14.6372654 ], [ 121.041779199999979, 14.6378648 ], [ 121.0415095, 14.6382812 ], [ 121.0414337, 14.6383998 ] ] } },
{ "type": "Feature", "properties": { "u": 4879643711, "v": 7899078632, "key": 0, "osmid": "581405388", "highway": "trunk", "lanes": "4", "maxspeed": "60", "name": "EDSA", "oneway": true, "reversed": "False", "length": 375.78913377919361, "ref": "1", "width": null, "bridge": null, "tunnel": null, "junction": null, "access": null }, "geometry": { "type": "LineString", "coordinates": [ [ 121.0414337, 14.6383998 ], [ 121.041030899999981, 14.6390236 ], [ 121.0408988, 14.6392282 ], [ 121.0405473, 14.6397779 ], [ 121.040485100000012, 14.6398689 ], [ 121.040444699999981, 14.6399315 ], [ 121.039583099999973, 14.641266 ] ] } },
{ "type": "Feature", "properties": { "u": 312264218, "v": 5383119711, "key": 0, "osmid": "26131624", "highway": "primary", "lanes": "4", "maxspeed": "60", "name": "EDSA", "oneway": true, "reversed": "False", "length": 28.563414372021036, "ref": "1", "width": null, "bridge": null, "tunnel": null, "junction": null, "access": null }, "geometry": { "type": "LineString", "coordinates": [ [ 121.037926899999974, 14.64391 ], [ 121.037787800000018, 14.6441288 ] ] } },
{ "type": "Feature", "properties": { "u": 5536826909, "v": 5400621023, "key": 0, "osmid": [ 4372928, 1059048809 ], "highway": "primary", "lanes": [ "1", "2" ], "maxspeed": null, "name": "Quirino Highway", "oneway": true, "reversed": "False", "length": 230.19643309120084, "ref": "127", "width": null, "bridge": null, "tunnel": null, "junction": null, "access": null }, "geometry": { "type": "LineString", "coordinates": [ [ 121.0612074, 14.7353341 ], [ 121.061536799999971, 14.7353497 ], [ 121.06160389999998, 14.7353518 ], [ 121.0618423, 14.7353579 ], [ 121.062211599999983, 14.7353657 ], [ 121.0626086, 14.7353709 ], [ 121.06288779999997, 14.7353745 ], [ 121.0633473, 14.7353806 ] ] } },
{ "type": "Feature", "properties": { "u": 5536826909, "v": 25629740, "key": 0, "osmid": [ 616877228, 1059048813 ], "highway": "primary", "lanes": "6", "maxspeed": null, "name": "Quirino Highway", "oneway": true, "reversed": "False", "length": 231.80476228702869, "ref": "127", "width": "18", "bridge": null, "tunnel": null, "junction": null, "access": null }, "geometry": { "type": "LineString", "coordinates": [ [ 121.0612074, 14.7353341 ], [ 121.061064699999989, 14.7353288 ], [ 121.0609238, 14.7353262 ], [ 121.060678200000012, 14.7353177 ], [ 121.0606016, 14.7353151 ], [ 121.0605578, 14.7353142 ], [ 121.060019600000018, 14.7353035 ], [ 121.059702299999984, 14.7353003 ], [ 121.059442199999978, 14.7352976 ], [ 121.059094699999989, 14.735291 ], [ 121.059052400000013, 14.7352905 ] ] } },
{ "type": "Feature", "properties": { "u": 5400621023, "v": 251624041, "key": 0, "osmid": "4372928", "highway": "primary", "lanes": "1", "maxspeed": null, "name": "Quirino Highway", "oneway": true, "reversed": "False", "length": 440.32211890136767, "ref": "127", "width": null, "bridge": null, "tunnel": null, "junction": null, "access": null }, "geometry": { "type": "LineString", "coordinates": [ [ 121.0633473, 14.7353806 ], [ 121.063898099999989, 14.7353878 ], [ 121.064027099999961, 14.7353894 ], [ 121.064244300000013, 14.7353923 ], [ 121.0644978, 14.7353956 ], [ 121.0645949, 14.7353969 ], [ 121.064659099999972, 14.7353977 ], [ 121.064710500000018, 14.7353984 ], [ 121.0651367, 14.735404 ], [ 121.065366499999982, 14.735407 ], [ 121.0655856, 14.7354098 ], [ 121.065848399999965, 14.7354133 ], [ 121.06605829999998, 14.735416 ], [ 121.067218400000016, 14.7354312 ], [ 121.067347200000015, 14.7354329 ], [ 121.0674415, 14.7354341 ] ] } },
{ "type": "Feature", "properties": { "u": 25629740, "v": 31393667, "key": 0, "osmid": [ 1083879689, 1358626781, 837686174 ], "highway": "primary", "lanes": [ "6", "5" ], "maxspeed": null, "name": "Quirino Highway", "oneway": true, "reversed": "False", "length": 297.66758784821087, "ref": "127", "width": [ "15", "18" ], "bridge": null, "tunnel": null, "junction": null, "access": null }, "geometry": { "type": "LineString", "coordinates": [ [ 121.059052400000013, 14.7352905 ], [ 121.058947100000012, 14.7352894 ], [ 121.0589181, 14.7352888 ], [ 121.05824029999998, 14.7352692 ], [ 121.0581692, 14.7352674 ], [ 121.0581078, 14.735264 ], [ 121.057980199999975, 14.7352486 ], [ 121.057849299999987, 14.7352272 ], [ 121.057736399999968, 14.7351997 ], [ 121.057066500000019, 14.7349964 ], [ 121.056357500000018, 14.7347812 ] ] } },
{ "type": "Feature", "properties": { "u": 25629740, "v": 9932640358, "key": 0, "osmid": [ 156577555, 1358626782 ], "highway": "secondary", "lanes": "4", "maxspeed": "30", "name": "Maligaya Street", "oneway": false, "reversed": "False", "length": 288.17988981529402, "ref": null, "width": null, "bridge": null, "tunnel": null, "junction": null, "access": null }, "geometry": { "type": "LineString", "coordinates": [ [ 121.059052400000013, 14.7352905 ], [ 121.0590396, 14.7357395 ], [ 121.059038799999968, 14.7357635 ], [ 121.059033400000018, 14.7359097 ], [ 121.0590294, 14.7360218 ], [ 121.05899789999998, 14.7369436 ], [ 121.0589916, 14.7371256 ], [ 121.0589841, 14.737346 ], [ 121.058981, 14.7374378 ], [ 121.0589759, 14.7375851 ], [ 121.058965799999982, 14.7378808 ] ] } },
{ "type": "Feature", "properties": { "u": 5536826915, "v": 8318684199, "key": 0, "osmid": "577597257", "highway": "primary", "lanes": "1", "maxspeed": null, "name": "Quirino Highway", "oneway": true, "reversed": "False", "length": 440.3808521727417, "ref": "127", "width": null, "bridge": null, "tunnel": null, "junction": null, "access": null }, "geometry": { "type": "LineString", "coordinates": [ [ 121.0674403, 14.7355364 ], [ 121.0673445, 14.7355348 ], [ 121.0672164, 14.7355326 ], [ 121.06696740000001, 14.7355284 ], [ 121.066951499999973, 14.7355282 ], [ 121.0663227, 14.7355176 ], [ 121.0660542, 14.7355131 ], [ 121.065846599999972, 14.7355096 ], [ 121.0655832, 14.7355051 ], [ 121.0653697, 14.7355015 ], [ 121.065135799999979, 14.7354976 ], [ 121.0647112, 14.7354904 ], [ 121.0646625, 14.7354896 ], [ 121.0645967, 14.7354885 ], [ 121.064502, 14.7354869 ], [ 121.064244399999978, 14.7354826 ], [ 121.0640264, 14.7354789 ], [ 121.063895, 14.7354767 ], [ 121.0633458, 14.7354674 ] ] } },
{ "type": "Feature", "properties": { "u": 8318684199, "v": 5536826909, "key": 0, "osmid": [ 577597257, 1059048810 ], "highway": "primary", "lanes": [ "1", "2" ], "maxspeed": null, "name": "Quirino Highway", "oneway": true, "reversed": "False", "length": 232.11357947378045, "ref": "127", "width": null, "bridge": null, "tunnel": null, "junction": null, "access": null }, "geometry": { "type": "LineString", "coordinates": [ [ 121.0633458, 14.7354674 ], [ 121.063170899999974, 14.7354645 ], [ 121.062986199999969, 14.7354613 ], [ 121.0628891, 14.7354597 ], [ 121.0626081, 14.735455 ], [ 121.0622105, 14.7354481 ], [ 121.061843199999984, 14.7354417 ], [ 121.061536599999982, 14.7354364 ], [ 121.0613734, 14.7354095 ], [ 121.0612074, 14.7353341 ] ] } },
{ "type": "Feature", "properties": { "u": 5536826916, "v": 5536826915, "key": 0, "osmid": "1059048814", "highway": "primary", "lanes": "1", "maxspeed": null, "name": "Quirino Highway", "oneway": true, "reversed": "False", "length": 70.135378486938635, "ref": "127", "width": null, "bridge": null, "tunnel": null, "junction": null, "access": null }, "geometry": { "type": "LineString", "coordinates": [ [ 121.068092400000012, 14.7355468 ], [ 121.068031, 14.7355459 ], [ 121.067502300000015, 14.735538 ], [ 121.0674403, 14.7355364 ] ] } },
{ "type": "Feature", "properties": { "u": 5336909376, "v": 261041578, "key": 0, "osmid": "346005254", "highway": "secondary", "lanes": "2", "maxspeed": "30", "name": "Tandang Sora Avenue Extension", "oneway": false, "reversed": "True", "length": 13.413348515015574, "ref": null, "width": null, "bridge": null, "tunnel": null, "junction": null, "access": null }, "geometry": { "type": "LineString", "coordinates": [ [ 121.0155874, 14.6806459 ], [ 121.015712099999988, 14.6806459 ] ] } },
{ "type": "Feature", "properties": { "u": 261041578, "v": 5336909376, "key": 0, "osmid": "346005254", "highway": "secondary", "lanes": "2", "maxspeed": "30", "name": "Tandang Sora Avenue Extension", "oneway": false, "reversed": "False", "length": 13.413348515015574, "ref": null, "width": null, "bridge": null, "tunnel": null, "junction": null, "access": null }, "geometry": { "type": "LineString", "coordinates": [ [ 121.015712099999988, 14.6806459 ], [ 121.0155874, 14.6806459 ] ] } },
{ "type": "Feature", "properties": { "u": 261041578, "v": 311733853, "key": 0, "osmid": [ 934022937, 319768659, 346005254 ], "highway": "secondary", "lanes": "2", "maxspeed": "30", "name": "Tandang Sora Avenue Extension", "oneway": false, "reversed": "True", "length": 353.47870006549812, "ref": null, "width": null, "bridge": null, "tunnel": null, "junction": null, "access": null }, "geometry": { "type": "LineString", "coordinates": [ [ 121.015712099999988, 14.6806459 ], [ 121.0158596, 14.6806435 ], [ 121.01617389999997, 14.6806369 ], [ 121.016515199999986, 14.6806083 ], [ 121.016649, 14.680587 ], [ 121.0169165, 14.6805413 ], [ 121.0171838, 14.6804975 ], [ 121.0175671, 14.6804174 ], [ 121.0176276, 14.6804045 ], [ 121.0178833, 14.6803252 ], [ 121.0181688, 14.6802155 ], [ 121.0183648, 14.6801445 ], [ 121.018456900000018, 14.6801316 ], [ 121.018769399999982, 14.6801049 ], [ 121.0189261, 14.6800897 ] ] } },
{ "type": "Feature", "properties": { "u": 12430263873, "v": 337473669, "key": 0, "osmid": "1370101490", "highway": "primary", "lanes": "2", "maxspeed": null, "name": "West Avenue", "oneway": true, "reversed": "False", "length": 83.228038903638407, "ref": "171", "width": "7", "bridge": null, "tunnel": null, "junction": null, "access": null }, "geometry": { "type": "LineString", "coordinates": [ [ 121.0278676, 14.6463566 ], [ 121.0277827, 14.6459974 ], [ 121.027717399999972, 14.6457212 ], [ 121.027732300000011, 14.6456256 ] ] } },
{ "type": "Feature", "properties": { "u": 12430263874, "v": 12430263873, "key": 0, "osmid": "1370101490", "highway": "primary", "lanes": "2", "maxspeed": null, "name": "West Avenue", "oneway": true, "reversed": "False", "length": 179.18837874042993, "ref": "171", "width": "7", "bridge": null, "tunnel": null, "junction": null, "access": null }, "geometry": { "type": "LineString", "coordinates": [ [ 121.028236299999989, 14.6479281 ], [ 121.0278676, 14.6463566 ] ] } },
{ "type": "Feature", "properties": { "u": 256214614, "v": 260904165, "key": 0, "osmid": "28295648", "highway": "secondary", "lanes": "2", "maxspeed": "30", "name": "Sampaguita Oval Street", "oneway": false, "reversed": "True", "length": 45.803025260576099, "ref": null, "width": null, "bridge": null, "tunnel": null, "junction": null, "access": null }, "geometry": { "type": "LineString", "coordinates": [ [ 121.0561534, 14.7408127 ], [ 121.05623, 14.7404075 ] ] } },
{ "type": "Feature", "properties": { "u": 256214614, "v": 260904070, "key": 0, "osmid": "28295648", "highway": "secondary", "lanes": "2", "maxspeed": "30", "name": "Sampaguita Oval Street", "oneway": false, "reversed": "False", "length": 72.772384172939809, "ref": null, "width": null, "bridge": null, "tunnel": null, "junction": null, "access": null }, "geometry": { "type": "LineString", "coordinates": [ [ 121.0561534, 14.7408127 ], [ 121.056142200000011, 14.740907 ], [ 121.0561403, 14.7410094 ], [ 121.0561471, 14.7411001 ], [ 121.056172700000019, 14.7411696 ], [ 121.056214200000014, 14.7412412 ], [ 121.056260600000016, 14.7413135 ], [ 121.056334699999965, 14.7414162 ] ] } },
{ "type": "Feature", "properties": { "u": 260904165, "v": 256214614, "key": 0, "osmid": "28295648", "highway": "secondary", "lanes": "2", "maxspeed": "30", "name": "Sampaguita Oval Street", "oneway": false, "reversed": "False", "length": 45.803025260576099, "ref": null, "width": null, "bridge": null, "tunnel": null, "junction": null, "access": null }, "geometry": { "type": "LineString", "coordinates": [ [ 121.05623, 14.7404075 ], [ 121.0561534, 14.7408127 ] ] } },
{ "type": "Feature", "properties": { "u": 260904165, "v": 260904152, "key": 0, "osmid": "28295648", "highway": "secondary", "lanes": "2", "maxspeed": "30", "name": "Sampaguita Oval Street", "oneway": false, "reversed": "True", "length": 44.291209706304386, "ref": null, "width": null, "bridge": null, "tunnel": null, "junction": null, "access": null }, "geometry": { "type": "LineString", "coordinates": [ [ 121.05623, 14.7404075 ], [ 121.0562642, 14.7402395 ], [ 121.0563178, 14.7400184 ] ] } },
{ "type": "Feature", "properties": { "u": 260904070, "v": 256214614, "key": 0, "osmid": "28295648", "highway": "secondary", "lanes": "2", "maxspeed": "30", "name": "Sampaguita Oval Street", "oneway": false, "reversed": "True", "length": 72.772384172939809, "ref": null, "width": null, "bridge": null, "tunnel": null, "junction": null, "access": null }, "geometry": { "type": "LineString", "coordinates": [ [ 121.056334699999965, 14.7414162 ], [ 121.056260600000016, 14.7413135 ], [ 121.056214200000014, 14.7412412 ], [ 121.056172700000019, 14.7411696 ], [ 121.0561471, 14.7411001 ], [ 121.0561403, 14.7410094 ], [ 121.056142200000011, 14.740907 ], [ 121.0561534, 14.7408127 ] ] } },
{ "type": "Feature", "properties": { "u": 5286078046, "v": 286083464, "key": 0, "osmid": "481337818", "highway": "primary", "lanes": "2", "maxspeed": "60", "name": "EDSA", "oneway": true, "reversed": "False", "length": 210.01895591688336, "ref": "1", "width": null, "bridge": null, "tunnel": null, "junction": null, "access": null }, "geometry": { "type": "LineString", "coordinates": [ [ 121.035691, 14.6467967 ], [ 121.0356832, 14.6466688 ], [ 121.0357986, 14.6464899 ], [ 121.0359096, 14.6463179 ], [ 121.0360019, 14.6461749 ], [ 121.036067499999987, 14.6460732 ], [ 121.036312099999975, 14.6456997 ], [ 121.0366503, 14.6451774 ] ] } },
{ "type": "Feature", "properties": { "u": 5286078046, "v": 286083466, "key": 0, "osmid": [ 555352464, 737281137, 880088305, 555352467, 880088304 ], "highway": "trunk", "lanes": "2", "maxspeed": "60", "name": "EDSA", "oneway": true, "reversed": "False", "length": 667.9147448863298, "ref": "1", "width": null, "bridge": "yes", "tunnel": null, "junction": null, "access": null }, "geometry": { "type": "LineString", "coordinates": [ [ 121.035691, 14.6467967 ], [ 121.0364526, 14.645626 ], [ 121.0381875, 14.6429373 ], [ 121.038328899999982, 14.6427194 ], [ 121.038937, 14.6418138 ], [ 121.0390017, 14.6417155 ] ] } },
{ "type": "Feature", "properties": { "u": 286083464, "v": 5284251079, "key": 0, "osmid": "856644228", "highway": "primary", "lanes": "2", "maxspeed": "60", "name": "EDSA", "oneway": true, "reversed": "False", "length": 21.456699163636372, "ref": "1", "width": null, "bridge": null, "tunnel": null, "junction": null, "access": null }, "geometry": { "type": "LineString", "coordinates": [ [ 121.0366503, 14.6451774 ], [ 121.036758499999976, 14.6450153 ] ] } },
{ "type": "Feature", "properties": { "u": 6115599988, "v": 337473669, "key": 0, "osmid": "369677728", "highway": "primary", "lanes": "4", "maxspeed": null, "name": "West Avenue", "oneway": false, "reversed": "False", "length": 95.822583443036763, "ref": "171", "width": "14", "bridge": null, "tunnel": null, "junction": null, "access": null }, "geometry": { "type": "LineString", "coordinates": [ [ 121.027538099999987, 14.6447846 ], [ 121.027591500000014, 14.6450125 ], [ 121.027635099999983, 14.6452039 ], [ 121.0276639, 14.6453349 ], [ 121.0277077, 14.6455256 ], [ 121.027732300000011, 14.6456256 ] ] } },
{ "type": "Feature", "properties": { "u": 6115599988, "v": 337435339, "key": 0, "osmid": "369677728", "highway": "primary", "lanes": "4", "maxspeed": null, "name": "West Avenue", "oneway": false, "reversed": "True", "length": 227.63458226800952, "ref": "171", "width": "14", "bridge": null, "tunnel": null, "junction": null, "access": null }, "geometry": { "type": "LineString", "coordinates": [ [ 121.027538099999987, 14.6447846 ], [ 121.0275187, 14.6446936 ], [ 121.027424100000019, 14.6442624 ], [ 121.027355400000019, 14.6439684 ], [ 121.027317, 14.6437903 ], [ 121.0273028, 14.643711 ], [ 121.0271065, 14.642883 ], [ 121.027085399999976, 14.642785 ] ] } },
{ "type": "Feature", "properties": { "u": 452847223, "v": 1360062208, "key": 0, "osmid": "225878674", "highway": "primary", "lanes": "4", "maxspeed": null, "name": "Mindanao Avenue", "oneway": true, "reversed": "False", "length": 33.760933828313213, "ref": "128", "width": null, "bridge": null, "tunnel": null, "junction": null, "access": null }, "geometry": { "type": "LineString", "coordinates": [ [ 121.0342492, 14.6677128 ], [ 121.034044199999983, 14.6679427 ] ] } },
{ "type": "Feature", "properties": { "u": 1360062208, "v": 1425092713, "key": 0, "osmid": "121507783", "highway": "primary", "lanes": "4", "maxspeed": null, "name": "Mindanao Avenue", "oneway": true, "reversed": "False", "length": 13.029782474440733, "ref": "128", "width": null, "bridge": null, "tunnel": null, "junction": null, "access": null }, "geometry": { "type": "LineString", "coordinates": [ [ 121.034044199999983, 14.6679427 ], [ 121.0339641, 14.6680306 ] ] } },
{ "type": "Feature", "properties": { "u": 1360062208, "v": 452847225, "key": 0, "osmid": "324169516", "highway": "primary", "lanes": "3", "maxspeed": "60", "name": "Congressional Avenue", "oneway": true, "reversed": "False", "length": 30.609637732760799, "ref": "129", "width": null, "bridge": null, "tunnel": null, "junction": null, "access": null }, "geometry": { "type": "LineString", "coordinates": [ [ 121.034044199999983, 14.6679427 ], [ 121.034234799999979, 14.6681471 ] ] } },
{ "type": "Feature", "properties": { "u": 452847225, "v": 452842777, "key": 0, "osmid": "324169515", "highway": "primary", "lanes": "3", "maxspeed": "60", "name": "Congressional Avenue", "oneway": true, "reversed": "False", "length": 146.23250037706157, "ref": "129", "width": "7.5", "bridge": null, "tunnel": null, "junction": null, "access": null }, "geometry": { "type": "LineString", "coordinates": [ [ 121.034234799999979, 14.6681471 ], [ 121.0342947, 14.6682069 ], [ 121.0344427, 14.6683502 ], [ 121.034697499999965, 14.6685839 ], [ 121.034960499999983, 14.668809 ], [ 121.0352385, 14.6690328 ] ] } },
{ "type": "Feature", "properties": { "u": 452842777, "v": 5883250991, "key": 0, "osmid": [ 865188128, 324169515, 865188127 ], "highway": "primary", "lanes": "3", "maxspeed": "60", "name": "Congressional Avenue", "oneway": true, "reversed": "False", "length": 277.34058788270306, "ref": "129", "width": "7.5", "bridge": null, "tunnel": null, "junction": null, "access": null }, "geometry": { "type": "LineString", "coordinates": [ [ 121.0352385, 14.6690328 ], [ 121.0355437, 14.6692563 ], [ 121.035865, 14.6694757 ], [ 121.0361948, 14.669683 ], [ 121.0365325, 14.6698778 ], [ 121.03682689999998, 14.6700403 ], [ 121.0370089, 14.6701246 ], [ 121.037141, 14.6701876 ], [ 121.037261300000011, 14.6702446 ], [ 121.037438, 14.6703214 ] ] } },
{ "type": "Feature", "properties": { "u": 452847228, "v": 1425092713, "key": 0, "osmid": "369688327", "highway": "primary", "lanes": "3", "maxspeed": "60", "name": "Congressional Avenue", "oneway": true, "reversed": "False", "length": 33.879513202704914, "ref": "129", "width": null, "bridge": null, "tunnel": null, "junction": null, "access": null }, "geometry": { "type": "LineString", "coordinates": [ [ 121.0341836, 14.6682491 ], [ 121.0339641, 14.6680306 ] ] } },
{ "type": "Feature", "properties": { "u": 1425092713, "v": 452847230, "key": 0, "osmid": "760517774", "highway": "primary", "lanes": "4", "maxspeed": "60", "name": "Mindanao Avenue", "oneway": true, "reversed": "False", "length": 34.731209442672807, "ref": "128", "width": null, "bridge": null, "tunnel": null, "junction": null, "access": null }, "geometry": { "type": "LineString", "coordinates": [ [ 121.0339641, 14.6680306 ], [ 121.033753799999985, 14.6682676 ] ] } },
{ "type": "Feature", "properties": { "u": 1425092713, "v": 1676080626, "key": 0, "osmid": "760517775", "highway": "primary", "lanes": "3", "maxspeed": null, "name": "Congressional Avenue", "oneway": true, "reversed": "False", "length": 19.061558131249281, "ref": "129", "width": null, "bridge": null, "tunnel": null, "junction": null, "access": null }, "geometry": { "type": "LineString", "coordinates": [ [ 121.0339641, 14.6680306 ], [ 121.033844399999978, 14.6679042 ] ] } },
{ "type": "Feature", "properties": { "u": 452847230, "v": 247019519, "key": 0, "osmid": "834542177", "highway": "primary", "lanes": "4", "maxspeed": "60", "name": "Mindanao Avenue", "oneway": true, "reversed": "False", "length": 221.93613794018296, "ref": "128", "width": null, "bridge": null, "tunnel": null, "junction": null, "access": null }, "geometry": { "type": "LineString", "coordinates": [ [ 121.033753799999985, 14.6682676 ], [ 121.033541699999972, 14.6685116 ], [ 121.03342720000002, 14.6686442 ], [ 121.03332629999997, 14.6687741 ], [ 121.033275499999988, 14.6688395 ], [ 121.0332199, 14.6689183 ], [ 121.0331659, 14.6689982 ], [ 121.0330406, 14.6692032 ], [ 121.032952599999987, 14.6693548 ], [ 121.03281370000002, 14.6696238 ], [ 121.032672899999966, 14.6699532 ] ] } },
{ "type": "Feature", "properties": { "u": 247019519, "v": 247019352, "key": 0, "osmid": "834542177", "highway": "primary", "lanes": "4", "maxspeed": "60", "name": "Mindanao Avenue", "oneway": true, "reversed": "False", "length": 18.93782451773572, "ref": "128", "width": null, "bridge": null, "tunnel": null, "junction": null, "access": null }, "geometry": { "type": "LineString", "coordinates": [ [ 121.032672899999966, 14.6699532 ], [ 121.0326143, 14.6701138 ] ] } },
{ "type": "Feature", "properties": { "u": 1676080626, "v": 1425092712, "key": 0, "osmid": "324169522", "highway": "primary", "lanes": "4", "maxspeed": "60", "name": "Mindanao Avenue", "oneway": true, "reversed": "False", "length": 13.247469063742775, "ref": "128", "width": null, "bridge": null, "tunnel": null, "junction": null, "access": null }, "geometry": { "type": "LineString", "coordinates": [ [ 121.033844399999978, 14.6679042 ], [ 121.033926500000021, 14.6678154 ] ] } },
{ "type": "Feature", "properties": { "u": 1676080626, "v": 452847234, "key": 0, "osmid": "805866548", "highway": "secondary", "lanes": "3", "maxspeed": null, "name": "Congressional Avenue", "oneway": true, "reversed": "False", "length": 42.827529748067768, "ref": "129", "width": null, "bridge": null, "tunnel": null, "junction": null, "access": null }, "geometry": { "type": "LineString", "coordinates": [ [ 121.033844399999978, 14.6679042 ], [ 121.033595099999985, 14.6676039 ] ] } },
{ "type": "Feature", "properties": { "u": 452847234, "v": 6615831431, "key": 0, "osmid": "38342024", "highway": "secondary", "lanes": "3", "maxspeed": null, "name": "Congressional Avenue", "oneway": true, "reversed": "False", "length": 167.68184885865946, "ref": "129", "width": null, "bridge": null, "tunnel": null, "junction": null, "access": null }, "geometry": { "type": "LineString", "coordinates": [ [ 121.033595099999985, 14.6676039 ], [ 121.033505399999967, 14.667499 ], [ 121.0332848, 14.6672489 ], [ 121.0330595, 14.6669999 ], [ 121.0327964, 14.6667591 ], [ 121.032504299999971, 14.6665332 ] ] } },
{ "type": "Feature", "properties": { "u": 6615831431, "v": 250545643, "key": 0, "osmid": "38342024", "highway": "secondary", "lanes": "3", "maxspeed": null, "name": "Congressional Avenue", "oneway": true, "reversed": "False", "length": 13.726289814263311, "ref": "129", "width": null, "bridge": null, "tunnel": null, "junction": null, "access": null }, "geometry": { "type": "LineString", "coordinates": [ [ 121.032504299999971, 14.6665332 ], [ 121.032399700000013, 14.6664625 ] ] } },
{ "type": "Feature", "properties": { "u": 452847235, "v": 1425092712, "key": 0, "osmid": "944264004", "highway": "secondary", "lanes": "3", "maxspeed": null, "name": "Congressional Avenue", "oneway": true, "reversed": "False", "length": 42.053567125656166, "ref": "129", "width": null, "bridge": null, "tunnel": null, "junction": null, "access": null }, "geometry": { "type": "LineString", "coordinates": [ [ 121.033661, 14.6675378 ], [ 121.033926500000021, 14.6678154 ] ] } },
{ "type": "Feature", "properties": { "u": 1425092712, "v": 1360062208, "key": 0, "osmid": "121507786", "highway": "primary", "lanes": "3", "maxspeed": "60", "name": "Congressional Avenue", "oneway": true, "reversed": "False", "length": 18.991369177327336, "ref": "129", "width": null, "bridge": null, "tunnel": null, "junction": null, "access": null }, "geometry": { "type": "LineString", "coordinates": [ [ 121.033926500000021, 14.6678154 ], [ 121.034044199999983, 14.6679427 ] ] } },
{ "type": "Feature", "properties": { "u": 1425092712, "v": 452847237, "key": 0, "osmid": "121507789", "highway": "primary", "lanes": "4", "maxspeed": null, "name": "Mindanao Avenue", "oneway": true, "reversed": "False", "length": 31.150917701211906, "ref": "128", "width": null, "bridge": null, "tunnel": null, "junction": null, "access": null }, "geometry": { "type": "LineString", "coordinates": [ [ 121.033926500000021, 14.6678154 ], [ 121.034116400000016, 14.6676039 ] ] } },
{ "type": "Feature", "properties": { "u": 315795077, "v": 1609936233, "key": 0, "osmid": "675761299", "highway": "secondary", "lanes": "3", "maxspeed": "40", "name": "Kalayaan Avenue", "oneway": true, "reversed": "False", "length": 19.961109173574688, "ref": null, "width": null, "bridge": null, "tunnel": null, "junction": null, "access": null }, "geometry": { "type": "LineString", "coordinates": [ [ 121.0519752, 14.64717 ], [ 121.0519809, 14.6471612 ], [ 121.052035199999978, 14.6470773 ], [ 121.0520744, 14.6470183 ] ] } },
{ "type": "Feature", "properties": { "u": 1609936233, "v": 246782803, "key": 0, "osmid": "675768339", "highway": "secondary", "lanes": "3", "maxspeed": "40", "name": "Kalayaan Avenue", "oneway": true, "reversed": "False", "length": 78.718312091689612, "ref": null, "width": null, "bridge": null, "tunnel": null, "junction": null, "access": null }, "geometry": { "type": "LineString", "coordinates": [ [ 121.0520744, 14.6470183 ], [ 121.0521549, 14.6468939 ], [ 121.052471, 14.6464234 ] ] } },
{ "type": "Feature", "properties": { "u": 452847237, "v": 6615831508, "key": 0, "osmid": [ 44634961, 1061834689, 923703587, 44634974 ], "highway": "primary", "lanes": [ "4", "3" ], "maxspeed": null, "name": "Mindanao Avenue", "oneway": true, "reversed": "False", "length": 177.31690547044286, "ref": "128", "width": null, "bridge": "yes", "tunnel": null, "junction": null, "access": null }, "geometry": { "type": "LineString", "coordinates": [ [ 121.034116400000016, 14.6676039 ], [ 121.034460900000013, 14.6672341 ], [ 121.0345133, 14.6671778 ], [ 121.034673599999962, 14.6669981 ], [ 121.0347335, 14.6669307 ], [ 121.0348734, 14.6667733 ], [ 121.034964300000013, 14.6666688 ], [ 121.0350788, 14.6665262 ], [ 121.035156699999973, 14.6664249 ], [ 121.035183699999976, 14.6663897 ] ] } },
{ "type": "Feature", "properties": { "u": 6615831508, "v": 1162656796, "key": 0, "osmid": "44634961", "highway": "primary", "lanes": "3", "maxspeed": null, "name": "Mindanao Avenue", "oneway": true, "reversed": "False", "length": 171.70036825294352, "ref": "128", "width": null, "bridge": null, "tunnel": null, "junction": null, "access": null }, "geometry": { "type": "LineString", "coordinates": [ [ 121.035183699999976, 14.6663897 ], [ 121.03541079999998, 14.6660723 ], [ 121.03562239999998, 14.665745 ], [ 121.035817900000012, 14.6654085 ], [ 121.035997, 14.6650635 ] ] } },
{ "type": "Feature", "properties": { "u": 767059625, "v": 9994744538, "key": 0, "osmid": "1324904147", "highway": "secondary", "lanes": "3", "maxspeed": "40", "name": "Kalayaan Avenue", "oneway": true, "reversed": "False", "length": 189.29683305988772, "ref": null, "width": null, "bridge": null, "tunnel": null, "junction": null, "access": null }, "geometry": { "type": "LineString", "coordinates": [ [ 121.0530916, 14.6456281 ], [ 121.0530197, 14.6457431 ], [ 121.0528091, 14.646077 ], [ 121.052678299999968, 14.6462817 ], [ 121.0525603, 14.6464726 ], [ 121.052236399999984, 14.6469439 ], [ 121.0521504, 14.647066 ] ] } },
{ "type": "Feature", "properties": { "u": 9994744538, "v": 5292875721, "key": 0, "osmid": "716030313", "highway": "secondary", "lanes": "3", "maxspeed": "40", "name": "Kalayaan Avenue", "oneway": true, "reversed": "False", "length": 19.536517482739846, "ref": null, "width": null, "bridge": null, "tunnel": null, "junction": null, "access": null }, "geometry": { "type": "LineString", "coordinates": [ [ 121.0521504, 14.647066 ], [ 121.0521115, 14.6471212 ], [ 121.0520542, 14.6472018 ], [ 121.052047700000017, 14.6472109 ] ] } },
{ "type": "Feature", "properties": { "u": 767059638, "v": 767059625, "key": 0, "osmid": "883216501", "highway": "secondary", "lanes": "3", "maxspeed": "40", "name": "Kalayaan Avenue", "oneway": true, "reversed": "False", "length": 40.47229797041723, "ref": null, "width": null, "bridge": null, "tunnel": null, "junction": null, "access": null }, "geometry": { "type": "LineString", "coordinates": [ [ 121.0532836, 14.6453151 ], [ 121.0531727, 14.6454972 ], [ 121.0530916, 14.6456281 ] ] } },
{ "type": "Feature", "properties": { "u": 8409564855, "v": 35458509, "key": 0, "osmid": [ 5151219, 1061433567 ], "highway": "primary", "lanes": [ "4", "3" ], "maxspeed": null, "name": "Mindanao Avenue", "oneway": true, "reversed": "False", "length": 134.55948283179927, "ref": "128", "width": null, "bridge": null, "tunnel": null, "junction": null, "access": null }, "geometry": { "type": "LineString", "coordinates": [ [ 121.036708099999984, 14.66274 ], [ 121.036670200000017, 14.663106 ], [ 121.036614, 14.6634698 ], [ 121.0365192, 14.6639353 ] ] } },
{ "type": "Feature", "properties": { "u": 35458509, "v": 219754090, "key": 0, "osmid": [ 44635221, 1061433566, 1061433567 ], "highway": "primary", "lanes": [ "4", "3" ], "maxspeed": null, "name": "Mindanao Avenue", "oneway": true, "reversed": "False", "length": 139.22987066668219, "ref": "128", "width": null, "bridge": "yes", "tunnel": null, "junction": null, "access": null }, "geometry": { "type": "LineString", "coordinates": [ [ 121.0365192, 14.6639353 ], [ 121.036490300000011, 14.6640507 ], [ 121.036485400000018, 14.6640694 ], [ 121.0364316, 14.6642617 ], [ 121.036372, 14.6644523 ], [ 121.03628860000002, 14.6646965 ], [ 121.0361046, 14.6651191 ] ] } },
{ "type": "Feature", "properties": { "u": 8409564860, "v": 452866036, "key": 0, "osmid": "877734550", "highway": "primary", "lanes": "3", "maxspeed": null, "name": "Mindanao Avenue", "oneway": true, "reversed": "False", "length": 33.081969210497121, "ref": "128", "width": null, "bridge": null, "tunnel": null, "junction": null, "access": null }, "geometry": { "type": "LineString", "coordinates": [ [ 121.0365821, 14.6627269 ], [ 121.0365962, 14.6624297 ] ] } },
{ "type": "Feature", "properties": { "u": 452866036, "v": 22352249, "key": 0, "osmid": "877734550", "highway": "primary", "lanes": "3", "maxspeed": null, "name": "Mindanao Avenue", "oneway": true, "reversed": "False", "length": 148.00277513900397, "ref": "128", "width": null, "bridge": null, "tunnel": null, "junction": null, "access": null }, "geometry": { "type": "LineString", "coordinates": [ [ 121.0365962, 14.6624297 ], [ 121.0365976, 14.6621184 ], [ 121.0365852, 14.6618074 ], [ 121.0365591, 14.6614972 ], [ 121.0365193, 14.6611883 ], [ 121.036506, 14.6611033 ] ] } },
{ "type": "Feature", "properties": { "u": 767059647, "v": 767059638, "key": 0, "osmid": "61450521", "highway": "secondary", "lanes": "3", "maxspeed": "40", "name": "Kalayaan Avenue", "oneway": true, "reversed": "False", "length": 294.37535779454925, "ref": null, "width": null, "bridge": null, "tunnel": null, "junction": null, "access": null }, "geometry": { "type": "LineString", "coordinates": [ [ 121.0543276, 14.642873 ], [ 121.0542989, 14.64297 ], [ 121.0540638, 14.6436198 ], [ 121.0537992, 14.6442958 ], [ 121.053758800000011, 14.6443798 ], [ 121.0535415, 14.6448301 ], [ 121.053329799999986, 14.645238 ], [ 121.0532836, 14.6453151 ] ] } },
{ "type": "Feature", "properties": { "u": 6507472580, "v": 35458507, "key": 0, "osmid": "1061791921", "highway": "primary", "lanes": "3", "maxspeed": null, "name": "Mindanao Avenue", "oneway": true, "reversed": "False", "length": 89.609111415628064, "ref": "128", "width": null, "bridge": null, "tunnel": null, "junction": null, "access": null }, "geometry": { "type": "LineString", "coordinates": [ [ 121.0365228, 14.6602747 ], [ 121.0366392, 14.6609863 ], [ 121.036649800000021, 14.6610711 ] ] } },
{ "type": "Feature", "properties": { "u": 35458507, "v": 5284137489, "key": 0, "osmid": [ 5151219, 949577861 ], "highway": "primary", "lanes": "4", "maxspeed": null, "name": "Mindanao Avenue", "oneway": true, "reversed": "False", "length": 150.87622148392603, "ref": "128", "width": null, "bridge": null, "tunnel": null, "junction": null, "access": null }, "geometry": { "type": "LineString", "coordinates": [ [ 121.036649800000021, 14.6610711 ], [ 121.0366624, 14.6611787 ], [ 121.036686499999988, 14.6613738 ], [ 121.0367001, 14.6615092 ], [ 121.0367111, 14.6616449 ], [ 121.03672229999998, 14.6622356 ], [ 121.036725800000013, 14.6624247 ] ] } },
{ "type": "Feature", "properties": { "u": 250545864, "v": 250546441, "key": 0, "osmid": "38341975", "highway": "secondary", "lanes": "2", "maxspeed": "40", "name": "Tandang Sora Avenue", "oneway": false, "reversed": "False", "length": 34.095709154309404, "ref": null, "width": null, "bridge": null, "tunnel": null, "junction": null, "access": null }, "geometry": { "type": "LineString", "coordinates": [ [ 121.02971669999998, 14.6780868 ], [ 121.029430599999969, 14.6782188 ] ] } },
{ "type": "Feature", "properties": { "u": 250545864, "v": 250543455, "key": 0, "osmid": "38341975", "highway": "secondary", "lanes": "2", "maxspeed": "40", "name": "Tandang Sora Avenue", "oneway": false, "reversed": "True", "length": 63.138961412733636, "ref": null, "width": null, "bridge": null, "tunnel": null, "junction": null, "access": null }, "geometry": { "type": "LineString", "coordinates": [ [ 121.02971669999998, 14.6780868 ], [ 121.029849200000015, 14.678038 ], [ 121.030256399999985, 14.6778639 ] ] } },
{ "type": "Feature", "properties": { "u": 250546441, "v": 250545864, "key": 0, "osmid": "38341975", "highway": "secondary", "lanes": "2", "maxspeed": "40", "name": "Tandang Sora Avenue", "oneway": false, "reversed": "True", "length": 34.095709154309404, "ref": null, "width": null, "bridge": null, "tunnel": null, "junction": null, "access": null }, "geometry": { "type": "LineString", "coordinates": [ [ 121.029430599999969, 14.6782188 ], [ 121.02971669999998, 14.6780868 ] ] } },
{ "type": "Feature", "properties": { "u": 250546441, "v": 8386686900, "key": 0, "osmid": "38341975", "highway": "secondary", "lanes": "2", "maxspeed": "40", "name": "Tandang Sora Avenue", "oneway": false, "reversed": "False", "length": 215.92312496807796, "ref": null, "width": null, "bridge": null, "tunnel": null, "junction": null, "access": null }, "geometry": { "type": "LineString", "coordinates": [ [ 121.029430599999969, 14.6782188 ], [ 121.02917770000002, 14.6783261 ], [ 121.029102, 14.6783513 ], [ 121.029027700000015, 14.6783717 ], [ 121.028950199999969, 14.6783917 ], [ 121.0288198, 14.6784145 ], [ 121.028524799999971, 14.6784664 ], [ 121.0284433, 14.6784778 ], [ 121.02799060000001, 14.6785415 ], [ 121.027947, 14.6785476 ], [ 121.0278797, 14.6785593 ], [ 121.027476, 14.6786234 ] ] } },
{ "type": "Feature", "properties": { "u": 767059718, "v": 767059712, "key": 0, "osmid": "61450521", "highway": "secondary", "lanes": "3", "maxspeed": "40", "name": "Kalayaan Avenue", "oneway": true, "reversed": "False", "length": 217.38202729837295, "ref": null, "width": null, "bridge": null, "tunnel": null, "junction": null, "access": null }, "geometry": { "type": "LineString", "coordinates": [ [ 121.054935199999989, 14.6393323 ], [ 121.0549122, 14.6398643 ], [ 121.054852, 14.6404678 ], [ 121.0548364, 14.640599 ], [ 121.054732499999972, 14.6412757 ] ] } },
{ "type": "Feature", "properties": { "u": 286082765, "v": 5432619613, "key": 0, "osmid": "563756780", "highway": "primary", "lanes": "4", "maxspeed": "60", "name": "Quezon Avenue", "oneway": true, "reversed": "False", "length": 20.918393261154481, "ref": "170", "width": null, "bridge": null, "tunnel": null, "junction": null, "access": null }, "geometry": { "type": "LineString", "coordinates": [ [ 121.04032, 14.6457439 ], [ 121.040355, 14.6457652 ], [ 121.0404845, 14.6458442 ] ] } },
{ "type": "Feature", "properties": { "u": 5432619613, "v": 764098862, "key": 0, "osmid": "733208063", "highway": "primary", "lanes": "4", "maxspeed": "60", "name": "Quezon Avenue", "oneway": true, "reversed": "False", "length": 41.939873817827568, "ref": "170", "width": null, "bridge": null, "tunnel": null, "junction": null, "access": null }, "geometry": { "type": "LineString", "coordinates": [ [ 121.0404845, 14.6458442 ], [ 121.040618699999982, 14.6459296 ], [ 121.0407037, 14.6459836 ], [ 121.040809700000011, 14.6460522 ] ] } },
{ "type": "Feature", "properties": { "u": 286082839, "v": 6054242042, "key": 0, "osmid": "643299356", "highway": "primary", "lanes": "4", "maxspeed": "60", "name": "EDSA", "oneway": true, "reversed": "False", "length": 8.9849876963782016, "ref": "1", "width": null, "bridge": null, "tunnel": null, "junction": null, "access": null }, "geometry": { "type": "LineString", "coordinates": [ [ 121.0376169, 14.644394 ], [ 121.037573099999975, 14.6444628 ] ] } },
{ "type": "Feature", "properties": { "u": 286082839, "v": 9883466496, "key": 0, "osmid": [ 1411376728, 1411376729, 1077998017 ], "highway": "primary", "lanes": "2", "maxspeed": "60", "name": "Quezon Avenue", "oneway": true, "reversed": "False", "length": 35.908770318361199, "ref": "170", "width": null, "bridge": null, "tunnel": "yes", "junction": null, "access": null }, "geometry": { "type": "LineString", "coordinates": [ [ 121.0376169, 14.644394 ], [ 121.0375457, 14.6443504 ], [ 121.0373476, 14.6442296 ], [ 121.0373346, 14.6442217 ] ] } },
{ "type": "Feature", "properties": { "u": 767059683, "v": 767059647, "key": 0, "osmid": "61450521", "highway": "secondary", "lanes": "3", "maxspeed": "40", "name": "Kalayaan Avenue", "oneway": true, "reversed": "False", "length": 89.427314701458442, "ref": null, "width": null, "bridge": null, "tunnel": null, "junction": null, "access": null }, "geometry": { "type": "LineString", "coordinates": [ [ 121.0545609, 14.6421014 ], [ 121.054544800000016, 14.6421703 ], [ 121.054452499999982, 14.6424944 ], [ 121.054359, 14.64278 ], [ 121.0543276, 14.642873 ] ] } },
{ "type": "Feature", "properties": { "u": 6054242042, "v": 295525881, "key": 0, "osmid": "643299355", "highway": "primary", "lanes": "4", "maxspeed": "60", "name": "EDSA", "oneway": true, "reversed": "False", "length": 59.57226149059494, "ref": "1", "width": null, "bridge": null, "tunnel": null, "junction": null, "access": null }, "geometry": { "type": "LineString", "coordinates": [ [ 121.037573099999975, 14.6444628 ], [ 121.0372773, 14.6449157 ] ] } },
{ "type": "Feature", "properties": { "u": 6054242042, "v": 9883466502, "key": 0, "osmid": [ 643299354, 1411376731, 1411376730 ], "highway": "primary", "lanes": "1", "maxspeed": "60", "name": "Quezon Avenue", "oneway": true, "reversed": "False", "length": 35.962849162611548, "ref": "170", "width": null, "bridge": null, "tunnel": "yes", "junction": null, "access": null }, "geometry": { "type": "LineString", "coordinates": [ [ 121.037573099999975, 14.6444628 ], [ 121.037501400000011, 14.6444197 ], [ 121.037302799999978, 14.6443001 ], [ 121.037289299999983, 14.6442919 ] ] } },
{ "type": "Feature", "properties": { "u": 295525881, "v": 5284251078, "key": 0, "osmid": "481337816", "highway": "primary", "lanes": "4", "maxspeed": "60", "name": "EDSA", "oneway": true, "reversed": "False", "length": 38.429222311113435, "ref": "1", "width": null, "bridge": null, "tunnel": null, "junction": null, "access": null }, "geometry": { "type": "LineString", "coordinates": [ [ 121.0372773, 14.6449157 ], [ 121.037084600000014, 14.6452067 ] ] } },
{ "type": "Feature", "properties": { "u": 9883466502, "v": 6054242043, "key": 0, "osmid": [ 1077998024, 1077998025 ], "highway": "primary", "lanes": "1", "maxspeed": "60", "name": "Quezon Avenue", "oneway": true, "reversed": "False", "length": 5.9165124076987574, "ref": "170", "width": null, "bridge": null, "tunnel": null, "junction": null, "access": null }, "geometry": { "type": "LineString", "coordinates": [ [ 121.037289299999983, 14.6442919 ], [ 121.0372662, 14.6442781 ], [ 121.0372426, 14.6442638 ] ] } },
{ "type": "Feature", "properties": { "u": 6054242043, "v": 286083497, "key": 0, "osmid": "643299357", "highway": "primary", "lanes": "1", "maxspeed": "60", "name": "Quezon Avenue", "oneway": true, "reversed": "False", "length": 33.184387647817822, "ref": "170", "width": null, "bridge": null, "tunnel": null, "junction": null, "access": null }, "geometry": { "type": "LineString", "coordinates": [ [ 121.0372426, 14.6442638 ], [ 121.0369806, 14.6441063 ] ] } },
{ "type": "Feature", "properties": { "u": 6054242043, "v": 2467398191, "key": 0, "osmid": "643299358", "highway": "primary", "lanes": "3", "maxspeed": "60", "name": "EDSA", "oneway": true, "reversed": "False", "length": 9.2669844772251135, "ref": "1", "width": null, "bridge": null, "tunnel": null, "junction": null, "access": null }, "geometry": { "type": "LineString", "coordinates": [ [ 121.0372426, 14.6442638 ], [ 121.0372887, 14.6441934 ] ] } },
{ "type": "Feature", "properties": { "u": 286083497, "v": 4397322308, "key": 0, "osmid": "643299360", "highway": "primary", "lanes": "1", "maxspeed": "60", "name": "Quezon Avenue", "oneway": true, "reversed": "False", "length": 205.75440379458999, "ref": "170", "width": null, "bridge": null, "tunnel": null, "junction": null, "access": null }, "geometry": { "type": "LineString", "coordinates": [ [ 121.0369806, 14.6441063 ], [ 121.0353767, 14.6430984 ] ] } },
{ "type": "Feature", "properties": { "u": 767059712, "v": 767059683, "key": 0, "osmid": "61450521", "highway": "secondary", "lanes": "3", "maxspeed": "40", "name": "Kalayaan Avenue", "oneway": true, "reversed": "False", "length": 93.666449580430225, "ref": null, "width": null, "bridge": null, "tunnel": null, "junction": null, "access": null }, "geometry": { "type": "LineString", "coordinates": [ [ 121.054732499999972, 14.6412757 ], [ 121.054703399999966, 14.6414162 ], [ 121.054685799999987, 14.6415009 ], [ 121.054653499999986, 14.6416847 ], [ 121.054615499999969, 14.641848 ], [ 121.0545609, 14.6421014 ] ] } },
{ "type": "Feature", "properties": { "u": 9883466496, "v": 2467398191, "key": 0, "osmid": "379865617", "highway": "primary", "lanes": "2", "maxspeed": "60", "name": "Quezon Avenue", "oneway": true, "reversed": "False", "length": 5.8554969465433704, "ref": "170", "width": null, "bridge": null, "tunnel": null, "junction": null, "access": null }, "geometry": { "type": "LineString", "coordinates": [ [ 121.0373346, 14.6442217 ], [ 121.0372887, 14.6441934 ] ] } },
{ "type": "Feature", "properties": { "u": 286082847, "v": 6054242042, "key": 0, "osmid": "642488978", "highway": "primary", "lanes": "1", "maxspeed": "60", "name": "Quezon Avenue", "oneway": true, "reversed": "False", "length": 43.003960072381631, "ref": "170", "width": null, "bridge": null, "tunnel": null, "junction": null, "access": null }, "geometry": { "type": "LineString", "coordinates": [ [ 121.037913399999979, 14.6446657 ], [ 121.037573099999975, 14.6444628 ] ] } },
{ "type": "Feature", "properties": { "u": 12083554087, "v": 260903871, "key": 0, "osmid": "941731840", "highway": "secondary", "lanes": "2", "maxspeed": "40", "name": "Susano Road", "oneway": false, "reversed": "False", "length": 14.015575742367762, "ref": null, "width": null, "bridge": null, "tunnel": null, "junction": null, "access": null }, "geometry": { "type": "LineString", "coordinates": [ [ 121.035698699999969, 14.731666 ], [ 121.035636, 14.7317765 ] ] } },
{ "type": "Feature", "properties": { "u": 12083554087, "v": 260903891, "key": 0, "osmid": "941731840", "highway": "secondary", "lanes": "2", "maxspeed": "40", "name": "Susano Road", "oneway": false, "reversed": "True", "length": 44.379059651122667, "ref": null, "width": null, "bridge": null, "tunnel": null, "junction": null, "access": null }, "geometry": { "type": "LineString", "coordinates": [ [ 121.035698699999969, 14.731666 ], [ 121.035897399999982, 14.7313162 ] ] } },
{ "type": "Feature", "properties": { "u": 260903871, "v": 260903841, "key": 0, "osmid": "941731840", "highway": "secondary", "lanes": "2", "maxspeed": "40", "name": "Susano Road", "oneway": false, "reversed": "False", "length": 44.744510512692152, "ref": null, "width": null, "bridge": null, "tunnel": null, "junction": null, "access": null }, "geometry": { "type": "LineString", "coordinates": [ [ 121.035636, 14.7317765 ], [ 121.0354357, 14.7321292 ] ] } },
{ "type": "Feature", "properties": { "u": 260903871, "v": 12083554087, "key": 0, "osmid": "941731840", "highway": "secondary", "lanes": "2", "maxspeed": "40", "name": "Susano Road", "oneway": false, "reversed": "True", "length": 14.015575742367762, "ref": null, "width": null, "bridge": null, "tunnel": null, "junction": null, "access": null }, "geometry": { "type": "LineString", "coordinates": [ [ 121.035636, 14.7317765 ], [ 121.035698699999969, 14.731666 ] ] } },
{ "type": "Feature", "properties": { "u": 260903891, "v": 12083554087, "key": 0, "osmid": "941731840", "highway": "secondary", "lanes": "2", "maxspeed": "40", "name": "Susano Road", "oneway": false, "reversed": "False", "length": 44.379059651122667, "ref": null, "width": null, "bridge": null, "tunnel": null, "junction": null, "access": null }, "geometry": { "type": "LineString", "coordinates": [ [ 121.035897399999982, 14.7313162 ], [ 121.035698699999969, 14.731666 ] ] } },
{ "type": "Feature", "properties": { "u": 260903891, "v": 260904535, "key": 0, "osmid": "941731840", "highway": "secondary", "lanes": "2", "maxspeed": "40", "name": "Susano Road", "oneway": false, "reversed": "True", "length": 57.070437835296666, "ref": null, "width": null, "bridge": null, "tunnel": null, "junction": null, "access": null }, "geometry": { "type": "LineString", "coordinates": [ [ 121.035897399999982, 14.7313162 ], [ 121.0359803, 14.73117 ], [ 121.036099399999983, 14.7309604 ], [ 121.036152799999982, 14.7308663 ] ] } },
{ "type": "Feature", "properties": { "u": 31393667, "v": 11454312135, "key": 0, "osmid": [ 1059312344, 942024187, 156577559 ], "highway": "primary", "lanes": "2", "maxspeed": null, "name": "Quirino Highway", "oneway": true, "reversed": "False", "length": 180.33997168889445, "ref": "127", "width": null, "bridge": null, "tunnel": null, "junction": null, "access": null }, "geometry": { "type": "LineString", "coordinates": [ [ 121.056357500000018, 14.7347812 ], [ 121.055961, 14.7347292 ], [ 121.0557084, 14.7346909 ], [ 121.055507799999972, 14.7346585 ], [ 121.0553013, 14.734604 ], [ 121.05515939999998, 14.7345601 ], [ 121.0550637, 14.734526 ], [ 121.0550143, 14.7345048 ], [ 121.0549252, 14.7344671 ], [ 121.054867900000019, 14.7344423 ], [ 121.054743499999987, 14.734383 ] ] } },
{ "type": "Feature", "properties": { "u": 11454312135, "v": 8382970491, "key": 0, "osmid": "117159471", "highway": "primary", "lanes": "4", "maxspeed": null, "name": "Quirino Highway", "oneway": false, "reversed": "False", "length": 22.674742481144083, "ref": "127", "width": null, "bridge": null, "tunnel": null, "junction": null, "access": "yes" }, "geometry": { "type": "LineString", "coordinates": [ [ 121.054743499999987, 14.734383 ], [ 121.0545572, 14.7342875 ] ] } },
{ "type": "Feature", "properties": { "u": 31393682, "v": 72673632, "key": 0, "osmid": "709075246", "highway": "secondary", "lanes": "3", "maxspeed": null, "name": "Mindanao Avenue", "oneway": true, "reversed": "False", "length": 373.33534063392312, "ref": null, "width": null, "bridge": null, "tunnel": null, "junction": null, "access": null }, "geometry": { "type": "LineString", "coordinates": [ [ 121.057947400000018, 14.7268113 ], [ 121.0577779, 14.7266579 ], [ 121.05759, 14.7264857 ], [ 121.056726199999972, 14.7256717 ], [ 121.0566161, 14.725571 ], [ 121.055434299999988, 14.7244952 ] ] } },
{ "type": "Feature", "properties": { "u": 72673632, "v": 72670651, "key": 0, "osmid": "709075246", "highway": "secondary", "lanes": "3", "maxspeed": null, "name": "Mindanao Avenue", "oneway": true, "reversed": "False", "length": 418.04464064628127, "ref": null, "width": null, "bridge": null, "tunnel": null, "junction": null, "access": null }, "geometry": { "type": "LineString", "coordinates": [ [ 121.055434299999988, 14.7244952 ], [ 121.054246300000017, 14.7234003 ], [ 121.054052, 14.7232212 ], [ 121.0539054, 14.7230861 ], [ 121.053264, 14.7224949 ], [ 121.053136899999984, 14.7223779 ], [ 121.052706, 14.7219774 ], [ 121.052622200000016, 14.7218996 ] ] } },
{ "type": "Feature", "properties": { "u": 1341002923, "v": 310742107, "key": 0, "osmid": "38342026", "highway": "secondary", "lanes": "3", "maxspeed": null, "name": "Congressional Avenue", "oneway": true, "reversed": "False", "length": 296.79588519476613, "ref": "129", "width": null, "bridge": null, "tunnel": null, "junction": null, "access": null }, "geometry": { "type": "LineString", "coordinates": [ [ 121.0205364, 14.6627276 ], [ 121.0206644, 14.6628741 ], [ 121.020790799999986, 14.6629897 ], [ 121.0209305, 14.6630938 ], [ 121.021065, 14.6631741 ], [ 121.0212186, 14.6632471 ], [ 121.021413, 14.6633189 ], [ 121.0215747, 14.6633671 ], [ 121.022378300000014, 14.6635669 ], [ 121.0230302, 14.6637335 ] ] } },
{ "type": "Feature", "properties": { "u": 3922129613, "v": 251622791, "key": 0, "osmid": "1226935546", "highway": "primary", "lanes": "2", "maxspeed": null, "name": "Regalado Highway", "oneway": true, "reversed": "False", "length": 53.908407412649105, "ref": null, "width": null, "bridge": null, "tunnel": null, "junction": null, "access": null }, "geometry": { "type": "LineString", "coordinates": [ [ 121.061256, 14.7302775 ], [ 121.061259100000015, 14.7307623 ] ] } },
{ "type": "Feature", "properties": { "u": 452811250, "v": 103796296, "key": 0, "osmid": "114100851", "highway": "trunk", "lanes": "4", "maxspeed": "60", "name": "EDSA", "oneway": true, "reversed": "False", "length": 207.02705839708625, "ref": "1", "width": "19.2", "bridge": null, "tunnel": null, "junction": null, "access": null }, "geometry": { "type": "LineString", "coordinates": [ [ 121.0273055, 14.6560816 ], [ 121.0291813, 14.6556656 ] ] } },
{ "type": "Feature", "properties": { "u": 9979537324, "v": 35456301, "key": 0, "osmid": "1353225998", "highway": "trunk", "lanes": "3", "maxspeed": "60", "name": "EDSA", "oneway": true, "reversed": "False", "length": 8.639963347094163, "ref": "1", "width": "19.2", "bridge": null, "tunnel": null, "junction": null, "access": null }, "geometry": { "type": "LineString", "coordinates": [ [ 121.028594799999979, 14.6560616 ], [ 121.0285161, 14.6560771 ] ] } },
{ "type": "Feature", "properties": { "u": 8077109182, "v": 911527342, "key": 0, "osmid": "941645840", "highway": "primary", "lanes": "2", "maxspeed": "60", "name": "Commonwealth Avenue", "oneway": true, "reversed": "False", "length": 22.319806607823999, "ref": "170", "width": null, "bridge": null, "tunnel": null, "junction": null, "access": null }, "geometry": { "type": "LineString", "coordinates": [ [ 121.0475085, 14.7309053 ], [ 121.0475082, 14.7310417 ], [ 121.0475101, 14.731106 ] ] } },
{ "type": "Feature", "properties": { "u": 911527342, "v": 911527341, "key": 0, "osmid": "941645837", "highway": "primary", "lanes": "4", "maxspeed": null, "name": "Quirino Highway", "oneway": false, "reversed": "False", "length": 14.30634742667182, "ref": "127", "width": null, "bridge": null, "tunnel": null, "junction": null, "access": "yes" }, "geometry": { "type": "LineString", "coordinates": [ [ 121.0475101, 14.731106 ], [ 121.047378100000017, 14.73109 ] ] } },
{ "type": "Feature", "properties": { "u": 911527342, "v": 8077109183, "key": 0, "osmid": "941645835", "highway": "primary", "lanes": "4", "maxspeed": null, "name": "Quirino Highway", "oneway": false, "reversed": "True", "length": 25.148302233866588, "ref": "127", "width": null, "bridge": null, "tunnel": null, "junction": null, "access": "yes" }, "geometry": { "type": "LineString", "coordinates": [ [ 121.0475101, 14.731106 ], [ 121.047589, 14.7311168 ], [ 121.047741699999989, 14.7311373 ] ] } },
{ "type": "Feature", "properties": { "u": 219969171, "v": 5298232867, "key": 0, "osmid": "4928675", "highway": "secondary", "lanes": "2", "maxspeed": "40", "name": "Tandang Sora Avenue", "oneway": false, "reversed": "True", "length": 5.5276009961083501, "ref": null, "width": null, "bridge": null, "tunnel": null, "junction": null, "access": null }, "geometry": { "type": "LineString", "coordinates": [ [ 121.037824500000013, 14.6764674 ], [ 121.0378758, 14.6764645 ] ] } },
{ "type": "Feature", "properties": { "u": 219969171, "v": 250652617, "key": 0, "osmid": "4928675", "highway": "secondary", "lanes": "2", "maxspeed": "40", "name": "Tandang Sora Avenue", "oneway": false, "reversed": "False", "length": 66.451786637847661, "ref": null, "width": null, "bridge": null, "tunnel": null, "junction": null, "access": null }, "geometry": { "type": "LineString", "coordinates": [ [ 121.037824500000013, 14.6764674 ], [ 121.0376725, 14.6764805 ], [ 121.0375021, 14.676498 ], [ 121.0374316, 14.6765052 ], [ 121.037210099999982, 14.6765295 ] ] } },
{ "type": "Feature", "properties": { "u": 35457022, "v": 219936994, "key": 0, "osmid": "38342024", "highway": "secondary", "lanes": "3", "maxspeed": null, "name": "Congressional Avenue", "oneway": true, "reversed": "False", "length": 75.151555943444791, "ref": "129", "width": null, "bridge": null, "tunnel": null, "junction": null, "access": null }, "geometry": { "type": "LineString", "coordinates": [ [ 121.029759299999981, 14.6655192 ], [ 121.02908690000001, 14.6653358 ] ] } },
{ "type": "Feature", "properties": { "u": 219936994, "v": 219940288, "key": 0, "osmid": "38342024", "highway": "secondary", "lanes": "3", "maxspeed": null, "name": "Congressional Avenue", "oneway": true, "reversed": "False", "length": 299.44733438080993, "ref": "129", "width": null, "bridge": null, "tunnel": null, "junction": null, "access": null }, "geometry": { "type": "LineString", "coordinates": [ [ 121.02908690000001, 14.6653358 ], [ 121.0264379, 14.6647507 ], [ 121.026373100000015, 14.6647362 ] ] } },
{ "type": "Feature", "properties": { "u": 5284188408, "v": 5413937377, "key": 0, "osmid": "1177125220", "highway": "secondary", "lanes": "4", "maxspeed": null, "name": "Senator Miriam P. Defensor-Santiago Avenue", "oneway": true, "reversed": "False", "length": 151.69159872591709, "ref": null, "width": null, "bridge": null, "tunnel": null, "junction": null, "access": null }, "geometry": { "type": "LineString", "coordinates": [ [ 121.038824799999986, 14.652058 ], [ 121.038803499999986, 14.6522164 ], [ 121.0387946, 14.6522857 ], [ 121.03867289999998, 14.6534142 ] ] } },
{ "type": "Feature", "properties": { "u": 5883250991, "v": 1848288032, "key": 0, "osmid": [ 936494696, 865188125, 936494695 ], "highway": "primary", "lanes": "3", "maxspeed": "60", "name": "Congressional Avenue", "oneway": true, "reversed": "False", "length": 204.43698931347529, "ref": "129", "width": "7.5", "bridge": null, "tunnel": null, "junction": null, "access": null }, "geometry": { "type": "LineString", "coordinates": [ [ 121.037438, 14.6703214 ], [ 121.0376986, 14.6704306 ], [ 121.037917, 14.6705241 ], [ 121.038182100000014, 14.6706178 ], [ 121.0385209, 14.670737 ], [ 121.0388696, 14.6708375 ], [ 121.0391184, 14.6709071 ], [ 121.039226199999959, 14.6709368 ] ] } },
{ "type": "Feature", "properties": { "u": 243673188, "v": 5778970618, "key": 0, "osmid": "77447666", "highway": "primary", "lanes": "4", "maxspeed": "60", "name": "Commonwealth Avenue", "oneway": true, "reversed": "False", "length": 128.22652128627138, "ref": "170", "width": null, "bridge": null, "tunnel": null, "junction": null, "access": null }, "geometry": { "type": "LineString", "coordinates": [ [ 121.0492742, 14.7246025 ], [ 121.050032499999986, 14.7237126 ] ] } },
{ "type": "Feature", "properties": { "u": 5778970618, "v": 26664758, "key": 0, "osmid": "77447666", "highway": "primary", "lanes": "4", "maxspeed": "60", "name": "Commonwealth Avenue", "oneway": true, "reversed": "False", "length": 129.37656378203437, "ref": "170", "width": null, "bridge": null, "tunnel": null, "junction": null, "access": null }, "geometry": { "type": "LineString", "coordinates": [ [ 121.050032499999986, 14.7237126 ], [ 121.050510799999969, 14.7231514 ], [ 121.050607199999988, 14.7230383 ], [ 121.0507977, 14.7228148 ] ] } },
{ "type": "Feature", "properties": { "u": 5643282538, "v": 260905148, "key": 0, "osmid": "89993886", "highway": "secondary", "lanes": "2", "maxspeed": "40", "name": "Llano Road", "oneway": false, "reversed": "False", "length": 31.94599676652188, "ref": null, "width": null, "bridge": null, "tunnel": null, "junction": null, "access": null }, "geometry": { "type": "LineString", "coordinates": [ [ 121.0258266, 14.7255311 ], [ 121.025616500000012, 14.7257342 ] ] } },
{ "type": "Feature", "properties": { "u": 5643282538, "v": 5643282540, "key": 0, "osmid": "89993886", "highway": "secondary", "lanes": "2", "maxspeed": "40", "name": "Llano Road", "oneway": false, "reversed": "True", "length": 37.550353754644327, "ref": null, "width": null, "bridge": null, "tunnel": null, "junction": null, "access": null }, "geometry": { "type": "LineString", "coordinates": [ [ 121.0258266, 14.7255311 ], [ 121.025848899999986, 14.7255057 ], [ 121.0259608, 14.7253781 ], [ 121.0260525, 14.7252736 ] ] } },
{ "type": "Feature", "properties": { "u": 260905148, "v": 5643246936, "key": 0, "osmid": "89993886", "highway": "secondary", "lanes": "2", "maxspeed": "40", "name": "Llano Road", "oneway": false, "reversed": "False", "length": 91.808887820605932, "ref": null, "width": null, "bridge": null, "tunnel": null, "junction": null, "access": null }, "geometry": { "type": "LineString", "coordinates": [ [ 121.025616500000012, 14.7257342 ], [ 121.024947499999982, 14.7262471 ] ] } },
{ "type": "Feature", "properties": { "u": 260905148, "v": 5643282538, "key": 0, "osmid": "89993886", "highway": "secondary", "lanes": "2", "maxspeed": "40", "name": "Llano Road", "oneway": false, "reversed": "True", "length": 31.94599676652188, "ref": null, "width": null, "bridge": null, "tunnel": null, "junction": null, "access": null }, "geometry": { "type": "LineString", "coordinates": [ [ 121.025616500000012, 14.7257342 ], [ 121.0258266, 14.7255311 ] ] } },
{ "type": "Feature", "properties": { "u": 5643282540, "v": 5643282538, "key": 0, "osmid": "89993886", "highway": "secondary", "lanes": "2", "maxspeed": "40", "name": "Llano Road", "oneway": false, "reversed": "False", "length": 37.550353754644327, "ref": null, "width": null, "bridge": null, "tunnel": null, "junction": null, "access": null }, "geometry": { "type": "LineString", "coordinates": [ [ 121.0260525, 14.7252736 ], [ 121.0259608, 14.7253781 ], [ 121.025848899999986, 14.7255057 ], [ 121.0258266, 14.7255311 ] ] } },
{ "type": "Feature", "properties": { "u": 5643282540, "v": 1066110084, "key": 0, "osmid": "89993886", "highway": "secondary", "lanes": "2", "maxspeed": "40", "name": "Llano Road", "oneway": false, "reversed": "True", "length": 84.796738653258345, "ref": null, "width": null, "bridge": null, "tunnel": null, "junction": null, "access": null }, "geometry": { "type": "LineString", "coordinates": [ [ 121.0260525, 14.7252736 ], [ 121.026120899999981, 14.7252044 ], [ 121.0261358, 14.7251894 ], [ 121.026316199999982, 14.7249944 ], [ 121.026581300000018, 14.724708 ] ] } },
{ "type": "Feature", "properties": { "u": 1066110084, "v": 260905412, "key": 0, "osmid": "89993886", "highway": "secondary", "lanes": "2", "maxspeed": "40", "name": "Llano Road", "oneway": false, "reversed": "True", "length": 38.398241101027423, "ref": null, "width": null, "bridge": null, "tunnel": null, "junction": null, "access": null }, "geometry": { "type": "LineString", "coordinates": [ [ 121.026581300000018, 14.724708 ], [ 121.026832399999989, 14.7244625 ] ] } },
{ "type": "Feature", "properties": { "u": 1066110084, "v": 5643282540, "key": 0, "osmid": "89993886", "highway": "secondary", "lanes": "2", "maxspeed": "40", "name": "Llano Road", "oneway": false, "reversed": "False", "length": 84.796738653258345, "ref": null, "width": null, "bridge": null, "tunnel": null, "junction": null, "access": null }, "geometry": { "type": "LineString", "coordinates": [ [ 121.026581300000018, 14.724708 ], [ 121.026316199999982, 14.7249944 ], [ 121.0261358, 14.7251894 ], [ 121.026120899999981, 14.7252044 ], [ 121.0260525, 14.7252736 ] ] } },
{ "type": "Feature", "properties": { "u": 10052765810, "v": 1333640580, "key": 0, "osmid": "168525275", "highway": "primary", "lanes": "2", "maxspeed": null, "name": "Quirino Highway", "oneway": true, "reversed": "False", "length": 122.4514676026012, "ref": "127", "width": null, "bridge": null, "tunnel": null, "junction": null, "access": null }, "geometry": { "type": "LineString", "coordinates": [ [ 121.030904, 14.6941147 ], [ 121.0309639, 14.6941981 ], [ 121.0311357, 14.6944407 ], [ 121.031212199999985, 14.6945474 ], [ 121.031362500000014, 14.6947845 ], [ 121.0315295, 14.6950345 ] ] } },
{ "type": "Feature", "properties": { "u": 1333640580, "v": 9941573840, "key": 0, "osmid": "168525275", "highway": "primary", "lanes": "2", "maxspeed": null, "name": "Quirino Highway", "oneway": true, "reversed": "False", "length": 39.854231091830208, "ref": "127", "width": null, "bridge": null, "tunnel": null, "junction": null, "access": null }, "geometry": { "type": "LineString", "coordinates": [ [ 121.0315295, 14.6950345 ], [ 121.0317226, 14.6953404 ] ] } },
{ "type": "Feature", "properties": { "u": 10052765811, "v": 6454106629, "key": 0, "osmid": "168525276", "highway": "primary", "lanes": "2", "maxspeed": null, "name": "Quirino Highway", "oneway": true, "reversed": "False", "length": 33.052854626194808, "ref": "127", "width": null, "bridge": null, "tunnel": null, "junction": null, "access": null }, "geometry": { "type": "LineString", "coordinates": [ [ 121.030843, 14.6941555 ], [ 121.0308194, 14.6941253 ], [ 121.03066170000001, 14.6939155 ] ] } },
{ "type": "Feature", "properties": { "u": 6454106629, "v": 247716777, "key": 0, "osmid": "168525276", "highway": "primary", "lanes": "2", "maxspeed": null, "name": "Quirino Highway", "oneway": true, "reversed": "False", "length": 139.52273836393607, "ref": "127", "width": null, "bridge": null, "tunnel": null, "junction": null, "access": null }, "geometry": { "type": "LineString", "coordinates": [ [ 121.03066170000001, 14.6939155 ], [ 121.0305651, 14.6937925 ], [ 121.0301625, 14.6932709 ], [ 121.0298722, 14.6929201 ] ] } },
{ "type": "Feature", "properties": { "u": 260900994, "v": 5822242318, "key": 0, "osmid": "46990157", "highway": "secondary", "lanes": "4", "maxspeed": "30", "name": "Katipunan Avenue", "oneway": false, "reversed": "False", "length": 92.296560192883291, "ref": null, "width": null, "bridge": null, "tunnel": null, "junction": null, "access": null }, "geometry": { "type": "LineString", "coordinates": [ [ 121.021049599999969, 14.7105828 ], [ 121.021069, 14.7103835 ], [ 121.021129899999977, 14.7097564 ] ] } },
{ "type": "Feature", "properties": { "u": 260900994, "v": 260900996, "key": 0, "osmid": "46990157", "highway": "secondary", "lanes": "4", "maxspeed": "30", "name": "Katipunan Avenue", "oneway": false, "reversed": "True", "length": 31.008102777495303, "ref": null, "width": null, "bridge": null, "tunnel": null, "junction": null, "access": null }, "geometry": { "type": "LineString", "coordinates": [ [ 121.021049599999969, 14.7105828 ], [ 121.0210442, 14.7106378 ], [ 121.021022199999976, 14.7108604 ] ] } },
{ "type": "Feature", "properties": { "u": 5822242318, "v": 313283452, "key": 0, "osmid": "46990157", "highway": "secondary", "lanes": "4", "maxspeed": "30", "name": "Katipunan Avenue", "oneway": false, "reversed": "False", "length": 152.55090187517396, "ref": null, "width": null, "bridge": null, "tunnel": null, "junction": null, "access": null }, "geometry": { "type": "LineString", "coordinates": [ [ 121.021129899999977, 14.7097564 ], [ 121.021201799999972, 14.7090399 ], [ 121.0212056, 14.7090014 ], [ 121.0212659, 14.7083908 ] ] } },
{ "type": "Feature", "properties": { "u": 5822242318, "v": 260900994, "key": 0, "osmid": "46990157", "highway": "secondary", "lanes": "4", "maxspeed": "30", "name": "Katipunan Avenue", "oneway": false, "reversed": "True", "length": 92.296560192883291, "ref": null, "width": null, "bridge": null, "tunnel": null, "junction": null, "access": null }, "geometry": { "type": "LineString", "coordinates": [ [ 121.021129899999977, 14.7097564 ], [ 121.021069, 14.7103835 ], [ 121.021049599999969, 14.7105828 ] ] } },
{ "type": "Feature", "properties": { "u": 260900996, "v": 251107938, "key": 0, "osmid": "46990157", "highway": "secondary", "lanes": "4", "maxspeed": "30", "name": "Katipunan Avenue", "oneway": false, "reversed": "True", "length": 61.994064249302156, "ref": null, "width": null, "bridge": null, "tunnel": null, "junction": null, "access": null }, "geometry": { "type": "LineString", "coordinates": [ [ 121.021022199999976, 14.7108604 ], [ 121.0209674, 14.7114154 ] ] } },
{ "type": "Feature", "properties": { "u": 260900996, "v": 260900994, "key": 0, "osmid": "46990157", "highway": "secondary", "lanes": "4", "maxspeed": "30", "name": "Katipunan Avenue", "oneway": false, "reversed": "False", "length": 31.008102777495303, "ref": null, "width": null, "bridge": null, "tunnel": null, "junction": null, "access": null }, "geometry": { "type": "LineString", "coordinates": [ [ 121.021022199999976, 14.7108604 ], [ 121.0210442, 14.7106378 ], [ 121.021049599999969, 14.7105828 ] ] } },
{ "type": "Feature", "properties": { "u": 251107938, "v": 260900996, "key": 0, "osmid": "46990157", "highway": "secondary", "lanes": "4", "maxspeed": "30", "name": "Katipunan Avenue", "oneway": false, "reversed": "False", "length": 61.994064249302156, "ref": null, "width": null, "bridge": null, "tunnel": null, "junction": null, "access": null }, "geometry": { "type": "LineString", "coordinates": [ [ 121.0209674, 14.7114154 ], [ 121.021022199999976, 14.7108604 ] ] } },
{ "type": "Feature", "properties": { "u": 251107938, "v": 260901129, "key": 0, "osmid": "46990157", "highway": "secondary", "lanes": "4", "maxspeed": "30", "name": "Katipunan Avenue", "oneway": false, "reversed": "True", "length": 29.020411557056534, "ref": null, "width": null, "bridge": null, "tunnel": null, "junction": null, "access": null }, "geometry": { "type": "LineString", "coordinates": [ [ 121.0209674, 14.7114154 ], [ 121.020941699999966, 14.7116752 ] ] } },
{ "type": "Feature", "properties": { "u": 2528913567, "v": 12081875688, "key": 0, "osmid": "1423483857", "highway": "primary", "lanes": "2", "maxspeed": "60", "name": "Mindanao Avenue", "oneway": true, "reversed": "False", "length": 80.023559204241096, "ref": "128", "width": null, "bridge": null, "tunnel": null, "junction": null, "access": null }, "geometry": { "type": "LineString", "coordinates": [ [ 121.0270682, 14.6910793 ], [ 121.027595499999975, 14.6905716 ] ] } },
{ "type": "Feature", "properties": { "u": 12081875688, "v": 3812153580, "key": 0, "osmid": "1382631582", "highway": "primary", "lanes": "1", "maxspeed": "60", "name": "Mindanao Avenue", "oneway": true, "reversed": "False", "length": 17.782220094008917, "ref": "128", "width": null, "bridge": null, "tunnel": null, "junction": null, "access": null }, "geometry": { "type": "LineString", "coordinates": [ [ 121.027595499999975, 14.6905716 ], [ 121.027647199999976, 14.6905217 ], [ 121.027713299999988, 14.6904594 ] ] } },
{ "type": "Feature", "properties": { "u": 1035905190, "v": 8318434306, "key": 0, "osmid": "46990747", "highway": "secondary", "lanes": "2", "maxspeed": "30", "name": "King Christopher Street", "oneway": false, "reversed": "False", "length": 66.635996112315141, "ref": null, "width": null, "bridge": null, "tunnel": null, "junction": null, "access": null }, "geometry": { "type": "LineString", "coordinates": [ [ 121.0231628, 14.6964231 ], [ 121.0226941, 14.696815 ] ] } },
{ "type": "Feature", "properties": { "u": 1035905190, "v": 8318251386, "key": 0, "osmid": "46990747", "highway": "secondary", "lanes": "2", "maxspeed": "30", "name": "King Christopher Street", "oneway": false, "reversed": "True", "length": 50.100831188983889, "ref": null, "width": null, "bridge": null, "tunnel": null, "junction": null, "access": null }, "geometry": { "type": "LineString", "coordinates": [ [ 121.0231628, 14.6964231 ], [ 121.0232335, 14.6963641 ], [ 121.0235156, 14.6961289 ] ] } },
{ "type": "Feature", "properties": { "u": 8318434306, "v": 1035905190, "key": 0, "osmid": "46990747", "highway": "secondary", "lanes": "2", "maxspeed": "30", "name": "King Christopher Street", "oneway": false, "reversed": "True", "length": 66.635996112315141, "ref": null, "width": null, "bridge": null, "tunnel": null, "junction": null, "access": null }, "geometry": { "type": "LineString", "coordinates": [ [ 121.0226941, 14.696815 ], [ 121.0231628, 14.6964231 ] ] } },
{ "type": "Feature", "properties": { "u": 8318434306, "v": 314208685, "key": 0, "osmid": "46990747", "highway": "secondary", "lanes": "2", "maxspeed": "30", "name": "King Christopher Street", "oneway": false, "reversed": "False", "length": 65.102684429803404, "ref": null, "width": null, "bridge": null, "tunnel": null, "junction": null, "access": null }, "geometry": { "type": "LineString", "coordinates": [ [ 121.0226941, 14.696815 ], [ 121.022441, 14.6970266 ], [ 121.022291900000013, 14.6971514 ], [ 121.02223619999998, 14.6971979 ] ] } },
{ "type": "Feature", "properties": { "u": 8318251386, "v": 251107812, "key": 0, "osmid": "46990747", "highway": "secondary", "lanes": "2", "maxspeed": "30", "name": "King Christopher Street", "oneway": false, "reversed": "True", "length": 51.98937243052638, "ref": null, "width": null, "bridge": null, "tunnel": null, "junction": null, "access": null }, "geometry": { "type": "LineString", "coordinates": [ [ 121.0235156, 14.6961289 ], [ 121.0238816, 14.6958235 ] ] } },
{ "type": "Feature", "properties": { "u": 8318251386, "v": 1035905190, "key": 0, "osmid": "46990747", "highway": "secondary", "lanes": "2", "maxspeed": "30", "name": "King Christopher Street", "oneway": false, "reversed": "False", "length": 50.100831188983889, "ref": null, "width": null, "bridge": null, "tunnel": null, "junction": null, "access": null }, "geometry": { "type": "LineString", "coordinates": [ [ 121.0235156, 14.6961289 ], [ 121.0232335, 14.6963641 ], [ 121.0231628, 14.6964231 ] ] } },
{ "type": "Feature", "properties": { "u": 12094057284, "v": 30763515, "key": 0, "osmid": "669286591", "highway": "secondary", "lanes": "4", "maxspeed": "40", "name": "Carlos P. Garcia Avenue", "oneway": false, "reversed": "True", "length": 5.8717659403094382, "ref": null, "width": null, "bridge": null, "tunnel": null, "junction": null, "access": null }, "geometry": { "type": "LineString", "coordinates": [ [ 121.062375800000012, 14.6473546 ], [ 121.0623229, 14.6473416 ] ] } },
{ "type": "Feature", "properties": { "u": 219982014, "v": 35729449, "key": 0, "osmid": [ 934067053, 934067054 ], "highway": "primary", "lanes": "3", "maxspeed": "60", "name": "Congressional Avenue", "oneway": true, "reversed": "False", "length": 206.22351878307327, "ref": "129", "width": "8", "bridge": null, "tunnel": null, "junction": null, "access": null }, "geometry": { "type": "LineString", "coordinates": [ [ 121.041186200000013, 14.6715152 ], [ 121.0407964, 14.6714255 ], [ 121.0404622, 14.6713494 ], [ 121.040049699999983, 14.6712554 ], [ 121.039396900000014, 14.6710989 ], [ 121.039322, 14.6710826 ] ] } },
{ "type": "Feature", "properties": { "u": 35729449, "v": 452842763, "key": 0, "osmid": "277508202", "highway": "primary", "lanes": "3", "maxspeed": "60", "name": "Congressional Avenue", "oneway": true, "reversed": "False", "length": 14.542127947890624, "ref": "129", "width": null, "bridge": null, "tunnel": null, "junction": null, "access": null }, "geometry": { "type": "LineString", "coordinates": [ [ 121.039322, 14.6710826 ], [ 121.039191, 14.6710503 ] ] } },
{ "type": "Feature", "properties": { "u": 6332131559, "v": 88784284, "key": 0, "osmid": "805816391", "highway": "primary", "lanes": "2", "maxspeed": null, "name": "North Avenue", "oneway": true, "reversed": "False", "length": 22.369218699796306, "ref": "173", "width": null, "bridge": null, "tunnel": null, "junction": null, "access": null }, "geometry": { "type": "LineString", "coordinates": [ [ 121.038327199999969, 14.6537571 ], [ 121.038530099999988, 14.6537131 ] ] } },
{ "type": "Feature", "properties": { "u": 88784284, "v": 5284188411, "key": 0, "osmid": "676146954", "highway": "primary", "lanes": "3", "maxspeed": null, "name": "North Avenue", "oneway": true, "reversed": "False", "length": 15.507777702012625, "ref": "173", "width": null, "bridge": null, "tunnel": null, "junction": null, "access": null }, "geometry": { "type": "LineString", "coordinates": [ [ 121.038530099999988, 14.6537131 ], [ 121.0386706, 14.6536819 ] ] } },
{ "type": "Feature", "properties": { "u": 88784284, "v": 5413937368, "key": 0, "osmid": [ 805816390, 1302824823 ], "highway": "secondary", "lanes": "2", "maxspeed": null, "name": "Senator Miriam P. Defensor-Santiago Avenue", "oneway": true, "reversed": "False", "length": 31.114883828314301, "ref": null, "width": null, "bridge": null, "tunnel": null, "junction": null, "access": null }, "geometry": { "type": "LineString", "coordinates": [ [ 121.038530099999988, 14.6537131 ], [ 121.038510299999984, 14.653624 ], [ 121.0384867, 14.6534367 ] ] } },
{ "type": "Feature", "properties": { "u": 5282305988, "v": 8377426842, "key": 0, "osmid": "1072076552", "highway": "primary", "lanes": "3", "maxspeed": null, "name": "North Avenue", "oneway": true, "reversed": "False", "length": 27.441632430868037, "ref": "173", "width": null, "bridge": null, "tunnel": null, "junction": null, "access": null }, "geometry": { "type": "LineString", "coordinates": [ [ 121.034293, 14.6546852 ], [ 121.034541600000011, 14.6546299 ] ] } },
{ "type": "Feature", "properties": { "u": 5440112941, "v": 1247193351, "key": 0, "osmid": "564705353", "highway": "primary", "lanes": "4", "maxspeed": null, "name": "West Avenue", "oneway": false, "reversed": "False", "length": 17.565730689227781, "ref": "171", "width": "14", "bridge": null, "tunnel": null, "junction": null, "access": null }, "geometry": { "type": "LineString", "coordinates": [ [ 121.0270141, 14.6424779 ], [ 121.027037099999987, 14.6425792 ], [ 121.027049100000013, 14.6426322 ] ] } },
{ "type": "Feature", "properties": { "u": 5440112941, "v": 32476467, "key": 0, "osmid": [ 85461912, 939265282 ], "highway": "primary", "lanes": "4", "maxspeed": null, "name": "West Avenue", "oneway": false, "reversed": "True", "length": 240.76085474281533, "ref": "171", "width": "14", "bridge": null, "tunnel": null, "junction": null, "access": null }, "geometry": { "type": "LineString", "coordinates": [ [ 121.0270141, 14.6424779 ], [ 121.026979599999976, 14.6423304 ], [ 121.0269673, 14.6422774 ], [ 121.0269332, 14.6421296 ], [ 121.0268947, 14.6419633 ], [ 121.02664080000001, 14.6408657 ], [ 121.026575399999984, 14.6405737 ], [ 121.0265275, 14.6403645 ] ] } },
{ "type": "Feature", "properties": { "u": 260901129, "v": 251107938, "key": 0, "osmid": "46990157", "highway": "secondary", "lanes": "4", "maxspeed": "30", "name": "Katipunan Avenue", "oneway": false, "reversed": "False", "length": 29.020411557056534, "ref": null, "width": null, "bridge": null, "tunnel": null, "junction": null, "access": null }, "geometry": { "type": "LineString", "coordinates": [ [ 121.020941699999966, 14.7116752 ], [ 121.0209674, 14.7114154 ] ] } },
{ "type": "Feature", "properties": { "u": 8386686900, "v": 219949715, "key": 0, "osmid": "38341975", "highway": "secondary", "lanes": "2", "maxspeed": "40", "name": "Tandang Sora Avenue", "oneway": false, "reversed": "False", "length": 176.09387083837922, "ref": null, "width": null, "bridge": null, "tunnel": null, "junction": null, "access": null }, "geometry": { "type": "LineString", "coordinates": [ [ 121.027476, 14.6786234 ], [ 121.026924800000018, 14.6787007 ], [ 121.0265561, 14.6787536 ], [ 121.0260953, 14.6788192 ], [ 121.025950199999969, 14.6788379 ], [ 121.0258558, 14.6788501 ] ] } },
{ "type": "Feature", "properties": { "u": 8386686900, "v": 250546441, "key": 0, "osmid": "38341975", "highway": "secondary", "lanes": "2", "maxspeed": "40", "name": "Tandang Sora Avenue", "oneway": false, "reversed": "True", "length": 215.92312496807796, "ref": null, "width": null, "bridge": null, "tunnel": null, "junction": null, "access": null }, "geometry": { "type": "LineString", "coordinates": [ [ 121.027476, 14.6786234 ], [ 121.0278797, 14.6785593 ], [ 121.027947, 14.6785476 ], [ 121.02799060000001, 14.6785415 ], [ 121.0284433, 14.6784778 ], [ 121.028524799999971, 14.6784664 ], [ 121.0288198, 14.6784145 ], [ 121.028950199999969, 14.6783917 ], [ 121.029027700000015, 14.6783717 ], [ 121.029102, 14.6783513 ], [ 121.02917770000002, 14.6783261 ], [ 121.029430599999969, 14.6782188 ] ] } },
{ "type": "Feature", "properties": { "u": 5393303817, "v": 11607504730, "key": 0, "osmid": [ 1312030600, 856644234, 1248787340, 859217265, 561469970 ], "highway": "secondary", "lanes": [ "3", "2" ], "maxspeed": null, "name": "Senator Miriam P. Defensor-Santiago Avenue", "oneway": true, "reversed": "False", "length": 276.00533697075849, "ref": null, "width": null, "bridge": null, "tunnel": null, "junction": null, "access": null }, "geometry": { "type": "LineString", "coordinates": [ [ 121.0426268, 14.6442935 ], [ 121.0425609, 14.644354 ], [ 121.0425074, 14.6444064 ], [ 121.0424289, 14.6444832 ], [ 121.042344399999976, 14.6445658 ], [ 121.042135800000011, 14.644781 ], [ 121.04195289999997, 14.6449815 ], [ 121.04177679999998, 14.6451838 ], [ 121.0415539, 14.6454373 ], [ 121.0413466, 14.6456994 ], [ 121.0411719, 14.6459236 ], [ 121.0410925, 14.6460255 ], [ 121.0410823, 14.6460404 ], [ 121.041076700000019, 14.6460527 ], [ 121.0410694, 14.6460695 ], [ 121.0410666, 14.6460927 ], [ 121.0410721, 14.6462179 ] ] } },
{ "type": "Feature", "properties": { "u": 11607504730, "v": 5432562509, "key": 0, "osmid": "1248787337", "highway": "primary", "lanes": "3", "maxspeed": "60", "name": "Quezon Avenue", "oneway": true, "reversed": "False", "length": 26.54450289057084, "ref": "170", "width": null, "bridge": null, "tunnel": null, "junction": null, "access": null }, "geometry": { "type": "LineString", "coordinates": [ [ 121.0410721, 14.6462179 ], [ 121.041278300000016, 14.646349 ] ] } },
{ "type": "Feature", "properties": { "u": 5393303820, "v": 246782882, "key": 0, "osmid": "1307844910", "highway": "primary", "lanes": "3", "maxspeed": null, "name": "East Avenue", "oneway": true, "reversed": "False", "length": 9.0636655919385234, "ref": "174", "width": null, "bridge": null, "tunnel": null, "junction": null, "access": null }, "geometry": { "type": "LineString", "coordinates": [ [ 121.0468674, 14.6413061 ], [ 121.046848800000021, 14.6412266 ] ] } },
{ "type": "Feature", "properties": { "u": 5393303820, "v": 12144457283, "key": 0, "osmid": [ 559120880, 705098894, 705098895 ], "highway": "secondary", "lanes": "3", "maxspeed": null, "name": "Senator Miriam P. Defensor-Santiago Avenue", "oneway": true, "reversed": "False", "length": 559.0070904734439, "ref": null, "width": null, "bridge": null, "tunnel": null, "junction": null, "access": null }, "geometry": { "type": "LineString", "coordinates": [ [ 121.0468674, 14.6413061 ], [ 121.046780200000015, 14.6413509 ], [ 121.0462291, 14.6416512 ], [ 121.045798599999969, 14.6418993 ], [ 121.04566269999998, 14.6419776 ], [ 121.045347699999979, 14.6421619 ], [ 121.045039899999978, 14.642357 ], [ 121.0449218, 14.6424376 ], [ 121.0447392, 14.6425623 ], [ 121.0446629, 14.6426165 ], [ 121.044580499999981, 14.6426767 ], [ 121.044324599999982, 14.642871 ], [ 121.0438432, 14.6432257 ], [ 121.0433804, 14.6436028 ], [ 121.0429105, 14.6440214 ], [ 121.0426764, 14.6442455 ] ] } },
{ "type": "Feature", "properties": { "u": 246782882, "v": 2075741391, "key": 0, "osmid": "1307844910", "highway": "primary", "lanes": "3", "maxspeed": null, "name": "East Avenue", "oneway": true, "reversed": "False", "length": 14.742440004532222, "ref": "174", "width": null, "bridge": null, "tunnel": null, "junction": null, "access": null }, "geometry": { "type": "LineString", "coordinates": [ [ 121.046848800000021, 14.6412266 ], [ 121.0468185, 14.6410973 ] ] } },
{ "type": "Feature", "properties": { "u": 246782882, "v": 6622467002, "key": 0, "osmid": "705098899", "highway": "secondary", "lanes": "1", "maxspeed": null, "name": "Senator Miriam P. Defensor-Santiago Avenue", "oneway": true, "reversed": "False", "length": 143.97892592246359, "ref": null, "width": null, "bridge": null, "tunnel": null, "junction": null, "access": null }, "geometry": { "type": "LineString", "coordinates": [ [ 121.046848800000021, 14.6412266 ], [ 121.0467633, 14.6412788 ], [ 121.0462217, 14.6415909 ], [ 121.0457664, 14.6418452 ], [ 121.045696099999972, 14.6418843 ] ] } },
{ "type": "Feature", "properties": { "u": 12144457283, "v": 5393303817, "key": 0, "osmid": "1312049445", "highway": "secondary", "lanes": "3", "maxspeed": null, "name": "Senator Miriam P. Defensor-Santiago Avenue", "oneway": true, "reversed": "False", "length": 7.5472841843176761, "ref": null, "width": null, "bridge": null, "tunnel": null, "junction": null, "access": null }, "geometry": { "type": "LineString", "coordinates": [ [ 121.0426764, 14.6442455 ], [ 121.0426268, 14.6442935 ] ] } },
{ "type": "Feature", "properties": { "u": 260901156, "v": 1333640587, "key": 0, "osmid": "46990157", "highway": "secondary", "lanes": "4", "maxspeed": "30", "name": "Katipunan Avenue", "oneway": false, "reversed": "False", "length": 14.616629821814259, "ref": null, "width": null, "bridge": null, "tunnel": null, "junction": null, "access": null }, "geometry": { "type": "LineString", "coordinates": [ [ 121.0213422, 14.7076024 ], [ 121.021356700000013, 14.7074717 ] ] } },
{ "type": "Feature", "properties": { "u": 260901156, "v": 313283452, "key": 0, "osmid": "46990157", "highway": "secondary", "lanes": "4", "maxspeed": "30", "name": "Katipunan Avenue", "oneway": false, "reversed": "True", "length": 88.049444523126112, "ref": null, "width": null, "bridge": null, "tunnel": null, "junction": null, "access": null }, "geometry": { "type": "LineString", "coordinates": [ [ 121.0213422, 14.7076024 ], [ 121.0212659, 14.7083908 ] ] } },
{ "type": "Feature", "properties": { "u": 1333640587, "v": 5345208969, "key": 0, "osmid": "46990157", "highway": "secondary", "lanes": "4", "maxspeed": "30", "name": "Katipunan Avenue", "oneway": false, "reversed": "False", "length": 55.939383970294273, "ref": null, "width": null, "bridge": null, "tunnel": null, "junction": null, "access": null }, "geometry": { "type": "LineString", "coordinates": [ [ 121.021356700000013, 14.7074717 ], [ 121.0214061, 14.7069709 ] ] } },
{ "type": "Feature", "properties": { "u": 1333640587, "v": 260901156, "key": 0, "osmid": "46990157", "highway": "secondary", "lanes": "4", "maxspeed": "30", "name": "Katipunan Avenue", "oneway": false, "reversed": "True", "length": 14.616629821814259, "ref": null, "width": null, "bridge": null, "tunnel": null, "junction": null, "access": null }, "geometry": { "type": "LineString", "coordinates": [ [ 121.021356700000013, 14.7074717 ], [ 121.0213422, 14.7076024 ] ] } },
{ "type": "Feature", "properties": { "u": 313283452, "v": 260901156, "key": 0, "osmid": "46990157", "highway": "secondary", "lanes": "4", "maxspeed": "30", "name": "Katipunan Avenue", "oneway": false, "reversed": "False", "length": 88.049444523126112, "ref": null, "width": null, "bridge": null, "tunnel": null, "junction": null, "access": null }, "geometry": { "type": "LineString", "coordinates": [ [ 121.0212659, 14.7083908 ], [ 121.0213422, 14.7076024 ] ] } },
{ "type": "Feature", "properties": { "u": 313283452, "v": 5822242318, "key": 0, "osmid": "46990157", "highway": "secondary", "lanes": "4", "maxspeed": "30", "name": "Katipunan Avenue", "oneway": false, "reversed": "True", "length": 152.55090187517396, "ref": null, "width": null, "bridge": null, "tunnel": null, "junction": null, "access": null }, "geometry": { "type": "LineString", "coordinates": [ [ 121.0212659, 14.7083908 ], [ 121.0212056, 14.7090014 ], [ 121.021201799999972, 14.7090399 ], [ 121.021129899999977, 14.7097564 ] ] } },
{ "type": "Feature", "properties": { "u": 32476467, "v": 5440112941, "key": 0, "osmid": [ 85461912, 939265282 ], "highway": "primary", "lanes": "4", "maxspeed": null, "name": "West Avenue", "oneway": false, "reversed": "False", "length": 240.76085474281533, "ref": "171", "width": "14", "bridge": null, "tunnel": null, "junction": null, "access": null }, "geometry": { "type": "LineString", "coordinates": [ [ 121.0265275, 14.6403645 ], [ 121.026575399999984, 14.6405737 ], [ 121.02664080000001, 14.6408657 ], [ 121.0268947, 14.6419633 ], [ 121.0269332, 14.6421296 ], [ 121.0269673, 14.6422774 ], [ 121.026979599999976, 14.6423304 ], [ 121.0270141, 14.6424779 ] ] } },
{ "type": "Feature", "properties": { "u": 32476467, "v": 1253818298, "key": 0, "osmid": "85461912", "highway": "primary", "lanes": "4", "maxspeed": null, "name": "West Avenue", "oneway": false, "reversed": "True", "length": 49.863105253154188, "ref": "171", "width": "14", "bridge": null, "tunnel": null, "junction": null, "access": null }, "geometry": { "type": "LineString", "coordinates": [ [ 121.0265275, 14.6403645 ], [ 121.0264822, 14.6401706 ], [ 121.0264258, 14.639927 ] ] } },
{ "type": "Feature", "properties": { "u": 251623227, "v": 251623873, "key": 0, "osmid": "1112571177", "highway": "primary", "lanes": "2", "maxspeed": null, "name": "Regalado Highway", "oneway": true, "reversed": "False", "length": 261.39756494666182, "ref": null, "width": null, "bridge": null, "tunnel": null, "junction": null, "access": null }, "geometry": { "type": "LineString", "coordinates": [ [ 121.0612274, 14.7201353 ], [ 121.061228, 14.7206331 ], [ 121.061229499999968, 14.7219177 ], [ 121.061229700000013, 14.7220762 ], [ 121.0612301, 14.7224861 ] ] } },
{ "type": "Feature", "properties": { "u": 5883250998, "v": 654596525, "key": 0, "osmid": "44634897", "highway": "secondary", "lanes": "4", "maxspeed": null, "name": "Visayas Avenue", "oneway": true, "reversed": "False", "length": 78.174268764268177, "ref": null, "width": null, "bridge": null, "tunnel": null, "junction": null, "access": null }, "geometry": { "type": "LineString", "coordinates": [ [ 121.0434433, 14.6711901 ], [ 121.0434476, 14.671346 ], [ 121.043462, 14.6716553 ], [ 121.0434804, 14.6718921 ] ] } },
{ "type": "Feature", "properties": { "u": 654596525, "v": 122960687, "key": 0, "osmid": "277508203", "highway": "secondary", "lanes": "3", "maxspeed": null, "name": "Visayas Avenue", "oneway": true, "reversed": "False", "length": 14.933686614404836, "ref": null, "width": null, "bridge": null, "tunnel": null, "junction": null, "access": null }, "geometry": { "type": "LineString", "coordinates": [ [ 121.0434804, 14.6718921 ], [ 121.043489699999967, 14.6720261 ] ] } },
{ "type": "Feature", "properties": { "u": 654596525, "v": 654596527, "key": 0, "osmid": "834542173", "highway": "primary", "lanes": "2", "maxspeed": "60", "name": "Congressional Avenue Extension", "oneway": true, "reversed": "False", "length": 238.8964583149498, "ref": "129", "width": null, "bridge": null, "tunnel": null, "junction": null, "access": null }, "geometry": { "type": "LineString", "coordinates": [ [ 121.0434804, 14.6718921 ], [ 121.0435843, 14.6719134 ], [ 121.044183800000013, 14.6720445 ], [ 121.044300399999969, 14.6720708 ], [ 121.0445595, 14.6721299 ], [ 121.045643799999979, 14.6723775 ] ] } },
{ "type": "Feature", "properties": { "u": 5883250999, "v": 250543381, "key": 0, "osmid": [ 1061534472, 277508201, 44634925, 44634929 ], "highway": "secondary", "lanes": [ "4", "3" ], "maxspeed": null, "name": "Visayas Avenue", "oneway": true, "reversed": "False", "length": 236.05050956942989, "ref": null, "width": null, "bridge": "yes", "tunnel": null, "junction": null, "access": null }, "geometry": { "type": "LineString", "coordinates": [ [ 121.0433067, 14.671188 ], [ 121.0432812, 14.6705384 ], [ 121.04324010000002, 14.6694913 ], [ 121.043223899999973, 14.6692129 ], [ 121.043218699999969, 14.6690669 ] ] } },
{ "type": "Feature", "properties": { "u": 250543381, "v": 5883250997, "key": 0, "osmid": "44634925", "highway": "secondary", "lanes": "3", "maxspeed": null, "name": "Visayas Avenue", "oneway": true, "reversed": "False", "length": 48.721235167751246, "ref": null, "width": null, "bridge": null, "tunnel": null, "junction": null, "access": null }, "geometry": { "type": "LineString", "coordinates": [ [ 121.043218699999969, 14.6690669 ], [ 121.0432031, 14.668629 ] ] } },
{ "type": "Feature", "properties": { "u": 5883250997, "v": 6616006253, "key": 0, "osmid": "44634925", "highway": "secondary", "lanes": "3", "maxspeed": null, "name": "Visayas Avenue", "oneway": true, "reversed": "False", "length": 9.457463007988709, "ref": null, "width": null, "bridge": null, "tunnel": null, "junction": null, "access": null }, "geometry": { "type": "LineString", "coordinates": [ [ 121.0432031, 14.668629 ], [ 121.0432, 14.668544 ] ] } },
{ "type": "Feature", "properties": { "u": 6616006253, "v": 5883251002, "key": 0, "osmid": "44634925", "highway": "secondary", "lanes": "3", "maxspeed": null, "name": "Visayas Avenue", "oneway": true, "reversed": "False", "length": 102.90558112370078, "ref": null, "width": null, "bridge": null, "tunnel": null, "junction": null, "access": null }, "geometry": { "type": "LineString", "coordinates": [ [ 121.0432, 14.668544 ], [ 121.0431898, 14.6682575 ], [ 121.043186800000015, 14.6681731 ], [ 121.0431842, 14.6681011 ], [ 121.0431702, 14.6677077 ], [ 121.043167, 14.6676191 ] ] } },
{ "type": "Feature", "properties": { "u": 2446633273, "v": 1337860943, "key": 0, "osmid": "134642131", "highway": "primary", "lanes": "2", "maxspeed": null, "name": "Quirino Highway", "oneway": true, "reversed": "False", "length": 52.890172301078465, "ref": "127", "width": null, "bridge": null, "tunnel": null, "junction": null, "access": null }, "geometry": { "type": "LineString", "coordinates": [ [ 121.0274559, 14.6900408 ], [ 121.02755919999997, 14.6901584 ], [ 121.0277189, 14.690354 ], [ 121.0277657, 14.6904101 ] ] } },
{ "type": "Feature", "properties": { "u": 5883251002, "v": 6616010169, "key": 0, "osmid": [ 946777808, 949576804, 83145374, 946773519 ], "highway": "secondary", "lanes": "3", "maxspeed": null, "name": "Visayas Avenue", "oneway": true, "reversed": "False", "length": 316.69686661705805, "ref": null, "width": null, "bridge": "yes", "tunnel": null, "junction": null, "access": null }, "geometry": { "type": "LineString", "coordinates": [ [ 121.043167, 14.6676191 ], [ 121.043149699999972, 14.6671799 ], [ 121.0431471, 14.6671136 ], [ 121.043146899999982, 14.6671069 ], [ 121.043134299999977, 14.6668148 ], [ 121.043124, 14.6665254 ], [ 121.043133600000019, 14.6664203 ], [ 121.0431379, 14.6664007 ], [ 121.043229400000016, 14.6659886 ], [ 121.043266899999978, 14.6658199 ], [ 121.0432875, 14.6657267 ], [ 121.0433129, 14.6656124 ], [ 121.043351299999969, 14.6654233 ], [ 121.0433741, 14.6653368 ], [ 121.043413499999971, 14.6651592 ], [ 121.0434945, 14.6648097 ] ] } },
{ "type": "Feature", "properties": { "u": 6616010169, "v": 6616010167, "key": 0, "osmid": "949576804", "highway": "secondary", "lanes": "3", "maxspeed": null, "name": "Visayas Avenue", "oneway": true, "reversed": "False", "length": 25.526868630932242, "ref": null, "width": null, "bridge": null, "tunnel": null, "junction": null, "access": null }, "geometry": { "type": "LineString", "coordinates": [ [ 121.0434945, 14.6648097 ], [ 121.0435487, 14.6645862 ] ] } },
{ "type": "Feature", "properties": { "u": 12067121468, "v": 72671422, "key": 0, "osmid": "444678942", "highway": "primary", "lanes": "4", "maxspeed": "60", "name": "Commonwealth Avenue", "oneway": true, "reversed": "False", "length": 136.87717727844705, "ref": "170", "width": null, "bridge": null, "tunnel": null, "junction": null, "access": null }, "geometry": { "type": "LineString", "coordinates": [ [ 121.0549289, 14.7180856 ], [ 121.0548576, 14.7181712 ], [ 121.0543853, 14.7187379 ], [ 121.054338799999982, 14.7187937 ], [ 121.0543238, 14.7188117 ], [ 121.0542152, 14.718942 ], [ 121.0541838, 14.7189796 ], [ 121.054130200000017, 14.719044 ] ] } },
{ "type": "Feature", "properties": { "u": 286083393, "v": 5383119712, "key": 0, "osmid": "642488977", "highway": "primary", "lanes": "1", "maxspeed": "60", "name": "Quezon Avenue", "oneway": true, "reversed": "False", "length": 37.393867475974695, "ref": "170", "width": null, "bridge": null, "tunnel": null, "junction": null, "access": null }, "geometry": { "type": "LineString", "coordinates": [ [ 121.037163899999967, 14.6437595 ], [ 121.037460899999985, 14.6439342 ] ] } },
{ "type": "Feature", "properties": { "u": 8654858588, "v": 8658753156, "key": 0, "osmid": "1329132803", "highway": "primary", "lanes": "1", "maxspeed": null, "name": "North Avenue", "oneway": true, "reversed": "False", "length": 29.72356144707425, "ref": "173", "width": null, "bridge": null, "tunnel": null, "junction": null, "access": null }, "geometry": { "type": "LineString", "coordinates": [ [ 121.0367963, 14.6541389 ], [ 121.037065499999969, 14.6540787 ] ] } },
{ "type": "Feature", "properties": { "u": 8658753156, "v": 5393356464, "key": 0, "osmid": "867164128", "highway": "primary", "lanes": "1", "maxspeed": null, "name": "North Avenue", "oneway": true, "reversed": "False", "length": 93.413536375255958, "ref": "173", "width": null, "bridge": null, "tunnel": null, "junction": null, "access": null }, "geometry": { "type": "LineString", "coordinates": [ [ 121.037065499999969, 14.6540787 ], [ 121.037846900000019, 14.6539078 ], [ 121.037885699999975, 14.6538547 ] ] } },
{ "type": "Feature", "properties": { "u": 72670651, "v": 33452007, "key": 0, "osmid": "709075246", "highway": "secondary", "lanes": "3", "maxspeed": null, "name": "Mindanao Avenue", "oneway": true, "reversed": "False", "length": 73.651245855974153, "ref": null, "width": null, "bridge": null, "tunnel": null, "junction": null, "access": null }, "geometry": { "type": "LineString", "coordinates": [ [ 121.052622200000016, 14.7218996 ], [ 121.05241980000001, 14.7217159 ], [ 121.0521998, 14.7215119 ], [ 121.052125799999985, 14.7214433 ] ] } },
{ "type": "Feature", "properties": { "u": 286083465, "v": 1418830464, "key": 0, "osmid": [ 880088306, 880088307, 1076974738 ], "highway": "primary", "lanes": "2", "maxspeed": "60", "name": "EDSA", "oneway": true, "reversed": "False", "length": 119.20142861994579, "ref": "1", "width": null, "bridge": null, "tunnel": null, "junction": null, "access": null }, "geometry": { "type": "LineString", "coordinates": [ [ 121.0380583, 14.6430325 ], [ 121.0381379, 14.6429067 ], [ 121.038276499999967, 14.6426872 ], [ 121.038648, 14.642125 ] ] } },
{ "type": "Feature", "properties": { "u": 4879643696, "v": 246782846, "key": 0, "osmid": "351863424", "highway": "trunk", "lanes": "3", "maxspeed": "60", "name": "EDSA", "oneway": true, "reversed": "False", "length": 327.85369303254646, "ref": "1", "width": null, "bridge": null, "tunnel": null, "junction": null, "access": null }, "geometry": { "type": "LineString", "coordinates": [ [ 121.040364200000013, 14.6396144 ], [ 121.040718100000021, 14.6390688 ], [ 121.041003599999982, 14.6386285 ], [ 121.041416699999957, 14.6379915 ], [ 121.0414864, 14.637884 ], [ 121.0415913, 14.6377222 ], [ 121.0416365, 14.6376525 ], [ 121.0417232, 14.6375189 ], [ 121.0419839, 14.6371169 ] ] } },
{ "type": "Feature", "properties": { "u": 4503317119, "v": 7222203180, "key": 0, "osmid": [ 936122490, 936122491 ], "highway": "primary", "lanes": "5", "maxspeed": "60", "name": "Quezon Avenue", "oneway": true, "reversed": "False", "length": 224.82845145866546, "ref": "170", "width": null, "bridge": null, "tunnel": null, "junction": null, "access": null }, "geometry": { "type": "LineString", "coordinates": [ [ 121.0345837, 14.6424896 ], [ 121.034552100000013, 14.6424693 ], [ 121.033634799999973, 14.6419039 ], [ 121.0334977, 14.6418194 ], [ 121.033202399999979, 14.6416374 ], [ 121.032938799999968, 14.6414749 ], [ 121.0328847, 14.6414415 ], [ 121.032821599999977, 14.6414026 ] ] } },
{ "type": "Feature", "properties": { "u": 4397322308, "v": 286083494, "key": 0, "osmid": "643299360", "highway": "primary", "lanes": "1", "maxspeed": "60", "name": "Quezon Avenue", "oneway": true, "reversed": "False", "length": 95.045510164621902, "ref": "170", "width": null, "bridge": null, "tunnel": null, "junction": null, "access": null }, "geometry": { "type": "LineString", "coordinates": [ [ 121.0353767, 14.6430984 ], [ 121.0347881, 14.6427281 ], [ 121.03468, 14.6425872 ] ] } },
{ "type": "Feature", "properties": { "u": 967511310, "v": 90027566, "key": 0, "osmid": "149993743", "highway": "secondary", "lanes": "4", "maxspeed": null, "name": "Visayas Avenue", "oneway": true, "reversed": "False", "length": 140.97817751231466, "ref": null, "width": null, "bridge": null, "tunnel": null, "junction": null, "access": null }, "geometry": { "type": "LineString", "coordinates": [ [ 121.044313, 14.6617351 ], [ 121.04428369999998, 14.6618621 ], [ 121.044229, 14.662099 ], [ 121.0441423, 14.6624528 ], [ 121.0441215, 14.6625642 ], [ 121.044061, 14.6628261 ], [ 121.044027199999988, 14.6629723 ] ] } },
{ "type": "Feature", "properties": { "u": 6505409017, "v": 17216338, "key": 0, "osmid": [ 398689860, 577047581 ], "highway": "primary", "lanes": "7", "maxspeed": "60", "name": "Elliptical Road", "oneway": true, "reversed": "False", "length": 127.36129176044336, "ref": "170;173;174", "width": null, "bridge": null, "tunnel": null, "junction": null, "access": null }, "geometry": { "type": "LineString", "coordinates": [ [ 121.0517694, 14.6521744 ], [ 121.05170360000001, 14.6523351 ], [ 121.051628299999976, 14.6524919 ], [ 121.0515438, 14.6526443 ], [ 121.05144970000002, 14.6527913 ], [ 121.051387199999979, 14.6528873 ], [ 121.05131830000002, 14.6529791 ], [ 121.0512433, 14.6530663 ], [ 121.0511626, 14.6531486 ] ] } },
{ "type": "Feature", "properties": { "u": 6505409017, "v": 12120666928, "key": 0, "osmid": "692921141", "highway": "primary", "lanes": "5", "maxspeed": "60", "name": "Commonwealth Avenue", "oneway": true, "reversed": "False", "length": 56.14961247660473, "ref": "170", "width": null, "bridge": null, "tunnel": null, "junction": null, "access": null }, "geometry": { "type": "LineString", "coordinates": [ [ 121.0517694, 14.6521744 ], [ 121.051786299999989, 14.652587 ], [ 121.051808500000021, 14.6526765 ] ] } },
{ "type": "Feature", "properties": { "u": 17216338, "v": 5372277506, "key": 0, "osmid": [ 4084730, 560442493 ], "highway": "primary", "lanes": "8", "maxspeed": "60", "name": "Elliptical Road", "oneway": true, "reversed": "False", "length": 385.45744718837517, "ref": "170;173;174", "width": null, "bridge": null, "tunnel": null, "junction": null, "access": null }, "geometry": { "type": "LineString", "coordinates": [ [ 121.0511626, 14.6531486 ], [ 121.0510504, 14.6532676 ], [ 121.050934900000016, 14.6533838 ], [ 121.050816400000016, 14.653497 ], [ 121.050794, 14.653518 ], [ 121.050667600000011, 14.653641 ], [ 121.0505333, 14.6537559 ], [ 121.050391799999986, 14.6538622 ], [ 121.050243399999985, 14.6539596 ], [ 121.05016729999997, 14.6540045 ], [ 121.050089700000015, 14.6540471 ], [ 121.049918100000014, 14.6541306 ], [ 121.049740899999975, 14.6542025 ], [ 121.049559, 14.6542624 ], [ 121.049373300000013, 14.6543101 ], [ 121.0492942, 14.6543265 ], [ 121.049214599999985, 14.6543407 ], [ 121.0490941, 14.6543578 ], [ 121.048973, 14.6543697 ], [ 121.0488515, 14.6543766 ], [ 121.0487297, 14.6543784 ], [ 121.048608099999967, 14.654375 ], [ 121.0484866, 14.6543665 ], [ 121.0483657, 14.6543529 ], [ 121.0482455, 14.6543342 ], [ 121.048121900000012, 14.6543095 ], [ 121.047999499999989, 14.6542794 ] ] } },
{ "type": "Feature", "properties": { "u": 12120666928, "v": 5286794802, "key": 0, "osmid": "398689849", "highway": "primary", "lanes": "5", "maxspeed": "60", "name": "Commonwealth Avenue", "oneway": true, "reversed": "False", "length": 55.048233839797973, "ref": "170", "width": null, "bridge": null, "tunnel": null, "junction": null, "access": null }, "geometry": { "type": "LineString", "coordinates": [ [ 121.051808500000021, 14.6526765 ], [ 121.0518345, 14.652775 ], [ 121.051885499999983, 14.6528671 ], [ 121.0519732, 14.6529623 ], [ 121.0521109, 14.6530534 ] ] } },
{ "type": "Feature", "properties": { "u": 4208396794, "v": 5883250998, "key": 0, "osmid": [ 44634912, 44634897, 83145370 ], "highway": "secondary", "lanes": "4", "maxspeed": null, "name": "Visayas Avenue", "oneway": true, "reversed": "False", "length": 280.24015017499107, "ref": null, "width": null, "bridge": "yes", "tunnel": null, "junction": null, "access": null }, "geometry": { "type": "LineString", "coordinates": [ [ 121.043338799999972, 14.6686724 ], [ 121.043367799999984, 14.6691629 ], [ 121.0433871, 14.6693636 ], [ 121.043398099999976, 14.6696859 ], [ 121.043406100000013, 14.6699524 ], [ 121.043433199999981, 14.6706347 ], [ 121.0434416, 14.6710026 ], [ 121.0434433, 14.6711901 ] ] } },
{ "type": "Feature", "properties": { "u": 30763515, "v": 12094057284, "key": 0, "osmid": "669286591", "highway": "secondary", "lanes": "4", "maxspeed": "40", "name": "Carlos P. Garcia Avenue", "oneway": false, "reversed": "False", "length": 5.8717659403094382, "ref": null, "width": null, "bridge": null, "tunnel": null, "junction": null, "access": null }, "geometry": { "type": "LineString", "coordinates": [ [ 121.0623229, 14.6473416 ], [ 121.062375800000012, 14.6473546 ] ] } },
{ "type": "Feature", "properties": { "u": 30763515, "v": 4348132724, "key": 0, "osmid": [ 883216502, 669286591 ], "highway": "secondary", "lanes": "4", "maxspeed": "40", "name": "Carlos P. Garcia Avenue", "oneway": false, "reversed": "True", "length": 162.34918489325472, "ref": null, "width": null, "bridge": null, "tunnel": null, "junction": null, "access": null }, "geometry": { "type": "LineString", "coordinates": [ [ 121.0623229, 14.6473416 ], [ 121.061689900000019, 14.6471897 ], [ 121.0615964, 14.6471714 ], [ 121.061464699999974, 14.6471513 ], [ 121.061333, 14.6471377 ], [ 121.06122120000002, 14.6471312 ], [ 121.061134199999984, 14.6471293 ], [ 121.060966, 14.6471287 ], [ 121.060837500000019, 14.64713 ] ] } },
{ "type": "Feature", "properties": { "u": 4348132724, "v": 30763515, "key": 0, "osmid": [ 883216502, 669286591 ], "highway": "secondary", "lanes": "4", "maxspeed": "40", "name": "Carlos P. Garcia Avenue", "oneway": false, "reversed": "False", "length": 162.34918489325472, "ref": null, "width": null, "bridge": null, "tunnel": null, "junction": null, "access": null }, "geometry": { "type": "LineString", "coordinates": [ [ 121.060837500000019, 14.64713 ], [ 121.060966, 14.6471287 ], [ 121.061134199999984, 14.6471293 ], [ 121.06122120000002, 14.6471312 ], [ 121.061333, 14.6471377 ], [ 121.061464699999974, 14.6471513 ], [ 121.0615964, 14.6471714 ], [ 121.061689900000019, 14.6471897 ], [ 121.0623229, 14.6473416 ] ] } },
{ "type": "Feature", "properties": { "u": 4348132724, "v": 5464354432, "key": 0, "osmid": "883216502", "highway": "secondary", "lanes": "4", "maxspeed": "40", "name": "Carlos P. Garcia Avenue", "oneway": false, "reversed": "True", "length": 38.375872313334732, "ref": null, "width": null, "bridge": null, "tunnel": null, "junction": null, "access": null }, "geometry": { "type": "LineString", "coordinates": [ [ 121.060837500000019, 14.64713 ], [ 121.0607515, 14.6471335 ], [ 121.0607046, 14.6471364 ], [ 121.060653599999981, 14.6471415 ], [ 121.0605917, 14.6471507 ], [ 121.060484700000018, 14.6471743 ] ] } },
{ "type": "Feature", "properties": { "u": 219982329, "v": 1101328839, "key": 0, "osmid": "135358499", "highway": "secondary", "lanes": "4", "maxspeed": null, "name": "Visayas Avenue", "oneway": true, "reversed": "False", "length": 60.440067238088965, "ref": null, "width": "10", "bridge": null, "tunnel": null, "junction": null, "access": null }, "geometry": { "type": "LineString", "coordinates": [ [ 121.043366, 14.6728565 ], [ 121.043346600000021, 14.6724532 ], [ 121.043344600000012, 14.6723134 ] ] } },
{ "type": "Feature", "properties": { "u": 1101328839, "v": 35729448, "key": 0, "osmid": "1032641815", "highway": "secondary", "lanes": "3", "maxspeed": null, "name": "Visayas Avenue", "oneway": true, "reversed": "False", "length": 35.884013410998939, "ref": null, "width": null, "bridge": null, "tunnel": null, "junction": null, "access": null }, "geometry": { "type": "LineString", "coordinates": [ [ 121.043344600000012, 14.6723134 ], [ 121.0433382, 14.6720989 ], [ 121.043335900000017, 14.6719908 ] ] } },
{ "type": "Feature", "properties": { "u": 8317889023, "v": 8077109182, "key": 0, "osmid": [ 872815567, 941645839, 872815566, 77447670 ], "highway": "primary", "lanes": "3", "maxspeed": "60", "name": "Commonwealth Avenue", "oneway": true, "reversed": "False", "length": 542.70458457435461, "ref": "170", "width": null, "bridge": null, "tunnel": null, "junction": null, "access": null }, "geometry": { "type": "LineString", "coordinates": [ [ 121.0481447, 14.7262231 ], [ 121.0476878, 14.7268145 ], [ 121.0475752, 14.7269819 ], [ 121.047482500000015, 14.7272281 ], [ 121.047451099999975, 14.7273989 ], [ 121.0474496, 14.7274245 ], [ 121.047444100000021, 14.7275061 ], [ 121.047445799999977, 14.7276017 ], [ 121.0475017, 14.7306718 ], [ 121.0475085, 14.7309053 ] ] } },
{ "type": "Feature", "properties": { "u": 4208396805, "v": 250541189, "key": 0, "osmid": "362211569", "highway": "secondary", "lanes": "4", "maxspeed": "40", "name": "Tandang Sora Avenue", "oneway": false, "reversed": "False", "length": 206.73301208782289, "ref": null, "width": "14", "bridge": null, "tunnel": null, "junction": null, "access": null }, "geometry": { "type": "LineString", "coordinates": [ [ 121.053224799999981, 14.669632 ], [ 121.0531355, 14.669696 ], [ 121.0530791, 14.6697364 ], [ 121.052932, 14.6698598 ], [ 121.052783499999975, 14.6699884 ], [ 121.0527478, 14.6700193 ], [ 121.0526001, 14.6701701 ], [ 121.05225630000001, 14.6705006 ], [ 121.0518196, 14.6708975 ] ] } },
{ "type": "Feature", "properties": { "u": 250541189, "v": 11442900549, "key": 0, "osmid": "362211569", "highway": "secondary", "lanes": "4", "maxspeed": "40", "name": "Tandang Sora Avenue", "oneway": false, "reversed": "False", "length": 200.17741993045843, "ref": null, "width": "14", "bridge": null, "tunnel": null, "junction": null, "access": null }, "geometry": { "type": "LineString", "coordinates": [ [ 121.0518196, 14.6708975 ], [ 121.051481800000019, 14.6712103 ], [ 121.0512904, 14.6713964 ], [ 121.0511104, 14.6715464 ], [ 121.0510657, 14.6715869 ], [ 121.0509438, 14.6716875 ], [ 121.0509293, 14.6716992 ], [ 121.050895, 14.671727 ], [ 121.0504281, 14.6720904 ] ] } },
{ "type": "Feature", "properties": { "u": 250541189, "v": 4208396805, "key": 0, "osmid": "362211569", "highway": "secondary", "lanes": "4", "maxspeed": "40", "name": "Tandang Sora Avenue", "oneway": false, "reversed": "True", "length": 206.73301208782291, "ref": null, "width": "14", "bridge": null, "tunnel": null, "junction": null, "access": null }, "geometry": { "type": "LineString", "coordinates": [ [ 121.0518196, 14.6708975 ], [ 121.05225630000001, 14.6705006 ], [ 121.0526001, 14.6701701 ], [ 121.0527478, 14.6700193 ], [ 121.052783499999975, 14.6699884 ], [ 121.052932, 14.6698598 ], [ 121.0530791, 14.6697364 ], [ 121.0531355, 14.669696 ], [ 121.053224799999981, 14.669632 ] ] } },
{ "type": "Feature", "properties": { "u": 12429019653, "v": 3309043461, "key": 0, "osmid": "832081921", "highway": "trunk", "lanes": "4", "maxspeed": "60", "name": "EDSA", "oneway": true, "reversed": "False", "length": 7.5061370901729312, "ref": "1", "width": "19.2", "bridge": null, "tunnel": null, "junction": null, "access": null }, "geometry": { "type": "LineString", "coordinates": [ [ 121.0292969, 14.655905 ], [ 121.029228800000013, 14.6559197 ] ] } },
{ "type": "Feature", "properties": { "u": 3309043461, "v": 3309043462, "key": 0, "osmid": "832081920", "highway": "trunk", "lanes": "4", "maxspeed": "60", "name": "EDSA", "oneway": true, "reversed": "False", "length": 7.0213720262537658, "ref": "1", "width": "19.2", "bridge": null, "tunnel": null, "junction": null, "access": null }, "geometry": { "type": "LineString", "coordinates": [ [ 121.029228800000013, 14.6559197 ], [ 121.029165399999982, 14.6559347 ] ] } },
{ "type": "Feature", "properties": { "u": 5284137489, "v": 8409564855, "key": 0, "osmid": "5151219", "highway": "primary", "lanes": "4", "maxspeed": null, "name": "Mindanao Avenue", "oneway": true, "reversed": "False", "length": 35.112174770433796, "ref": "128", "width": null, "bridge": null, "tunnel": null, "junction": null, "access": null }, "geometry": { "type": "LineString", "coordinates": [ [ 121.036725800000013, 14.6624247 ], [ 121.0367132, 14.6626317 ], [ 121.036708099999984, 14.66274 ] ] } },
{ "type": "Feature", "properties": { "u": 508308004, "v": 12120666935, "key": 0, "osmid": "18578532", "highway": "primary", "lanes": "6", "maxspeed": "60", "name": "Commonwealth Avenue", "oneway": true, "reversed": "False", "length": 57.896421780970542, "ref": "170", "width": null, "bridge": null, "tunnel": null, "junction": null, "access": null }, "geometry": { "type": "LineString", "coordinates": [ [ 121.051969, 14.6532848 ], [ 121.051846499999982, 14.6532085 ], [ 121.0517594, 14.6531734 ], [ 121.05167339999997, 14.6531452 ], [ 121.051599699999969, 14.6531306 ], [ 121.051504599999987, 14.6531189 ], [ 121.0514684, 14.6531174 ] ] } },
{ "type": "Feature", "properties": { "u": 12120666935, "v": 17216338, "key": 0, "osmid": "18578532", "highway": "primary", "lanes": "6", "maxspeed": "60", "name": "Commonwealth Avenue", "oneway": true, "reversed": "False", "length": 33.102100062939684, "ref": "170", "width": null, "bridge": null, "tunnel": null, "junction": null, "access": null }, "geometry": { "type": "LineString", "coordinates": [ [ 121.0514684, 14.6531174 ], [ 121.0514095, 14.6531191 ], [ 121.0511626, 14.6531486 ] ] } },
{ "type": "Feature", "properties": { "u": 1312410154, "v": 251623971, "key": 0, "osmid": "610046347", "highway": "primary", "lanes": "4", "maxspeed": "60", "name": "Commonwealth Avenue", "oneway": true, "reversed": "False", "length": 138.5662438271556, "ref": "170", "width": null, "bridge": null, "tunnel": null, "junction": null, "access": null }, "geometry": { "type": "LineString", "coordinates": [ [ 121.0540125, 14.718946 ], [ 121.0540424, 14.7189094 ], [ 121.054064899999972, 14.7188818 ], [ 121.0547303, 14.7180672 ], [ 121.0548063, 14.7179646 ] ] } },
{ "type": "Feature", "properties": { "u": 251623971, "v": 243674333, "key": 0, "osmid": [ 444678939, 610046347, 444678940 ], "highway": "primary", "lanes": "4", "maxspeed": "60", "name": "Commonwealth Avenue", "oneway": true, "reversed": "False", "length": 444.4283897880706, "ref": "170", "width": null, "bridge": "yes", "tunnel": null, "junction": null, "access": null }, "geometry": { "type": "LineString", "coordinates": [ [ 121.0548063, 14.7179646 ], [ 121.054920100000018, 14.7178348 ], [ 121.05528289999998, 14.7173908 ], [ 121.056453300000015, 14.7159578 ], [ 121.0565786, 14.7158044 ], [ 121.057035, 14.7152457 ], [ 121.057190899999966, 14.7150529 ], [ 121.0572318, 14.7150119 ], [ 121.0573739, 14.7148334 ] ] } },
{ "type": "Feature", "properties": { "u": 260901437, "v": 5345208969, "key": 0, "osmid": "46990157", "highway": "secondary", "lanes": "4", "maxspeed": "30", "name": "Katipunan Avenue", "oneway": false, "reversed": "True", "length": 62.909925433654301, "ref": null, "width": null, "bridge": null, "tunnel": null, "junction": null, "access": null }, "geometry": { "type": "LineString", "coordinates": [ [ 121.021461699999989, 14.7064077 ], [ 121.0214061, 14.7069709 ] ] } },
{ "type": "Feature", "properties": { "u": 260901437, "v": 251108239, "key": 0, "osmid": "963839126", "highway": "secondary", "lanes": "4", "maxspeed": "30", "name": "Katipunan Avenue", "oneway": false, "reversed": "False", "length": 169.93635691390008, "ref": null, "width": null, "bridge": null, "tunnel": null, "junction": null, "access": null }, "geometry": { "type": "LineString", "coordinates": [ [ 121.021461699999989, 14.7064077 ], [ 121.0215069, 14.7059687 ], [ 121.0215584, 14.7057026 ], [ 121.0218059, 14.7049796 ], [ 121.0218237, 14.7049276 ] ] } },
{ "type": "Feature", "properties": { "u": 5345208969, "v": 260901437, "key": 0, "osmid": "46990157", "highway": "secondary", "lanes": "4", "maxspeed": "30", "name": "Katipunan Avenue", "oneway": false, "reversed": "False", "length": 62.909925433654301, "ref": null, "width": null, "bridge": null, "tunnel": null, "junction": null, "access": null }, "geometry": { "type": "LineString", "coordinates": [ [ 121.0214061, 14.7069709 ], [ 121.021461699999989, 14.7064077 ] ] } },
{ "type": "Feature", "properties": { "u": 5345208969, "v": 1333640587, "key": 0, "osmid": "46990157", "highway": "secondary", "lanes": "4", "maxspeed": "30", "name": "Katipunan Avenue", "oneway": false, "reversed": "True", "length": 55.939383970294273, "ref": null, "width": null, "bridge": null, "tunnel": null, "junction": null, "access": null }, "geometry": { "type": "LineString", "coordinates": [ [ 121.0214061, 14.7069709 ], [ 121.021356700000013, 14.7074717 ] ] } },
{ "type": "Feature", "properties": { "u": 251108239, "v": 260901505, "key": 0, "osmid": [ 963839125, 963839126 ], "highway": "secondary", "lanes": "4", "maxspeed": "30", "name": "Katipunan Avenue", "oneway": false, "reversed": "False", "length": 176.88306173641044, "ref": null, "width": null, "bridge": null, "tunnel": null, "junction": null, "access": null }, "geometry": { "type": "LineString", "coordinates": [ [ 121.0218237, 14.7049276 ], [ 121.021852700000011, 14.7048427 ], [ 121.0221736, 14.7039026 ], [ 121.0222312, 14.7037406 ], [ 121.0223198, 14.7034721 ], [ 121.022338099999985, 14.7034167 ] ] } },
{ "type": "Feature", "properties": { "u": 251108239, "v": 260901437, "key": 0, "osmid": "963839126", "highway": "secondary", "lanes": "4", "maxspeed": "30", "name": "Katipunan Avenue", "oneway": false, "reversed": "True", "length": 169.93635691390008, "ref": null, "width": null, "bridge": null, "tunnel": null, "junction": null, "access": null }, "geometry": { "type": "LineString", "coordinates": [ [ 121.0218237, 14.7049276 ], [ 121.0218059, 14.7049796 ], [ 121.0215584, 14.7057026 ], [ 121.0215069, 14.7059687 ], [ 121.021461699999989, 14.7064077 ] ] } },
{ "type": "Feature", "properties": { "u": 7222203180, "v": 7236266925, "key": 0, "osmid": [ 170295552, 1312026245 ], "highway": "primary", "lanes": "5", "maxspeed": "60", "name": "Quezon Avenue", "oneway": true, "reversed": "False", "length": 321.01066422609756, "ref": "170", "width": null, "bridge": null, "tunnel": null, "junction": null, "access": null }, "geometry": { "type": "LineString", "coordinates": [ [ 121.032821599999977, 14.6414026 ], [ 121.032052099999973, 14.6409371 ], [ 121.0319991, 14.640905 ], [ 121.0318438, 14.6408081 ], [ 121.0317262, 14.6407363 ], [ 121.0304239, 14.6399261 ], [ 121.0303048, 14.639852 ] ] } },
{ "type": "Feature", "properties": { "u": 260901505, "v": 5310986973, "key": 0, "osmid": "963839125", "highway": "secondary", "lanes": "4", "maxspeed": "30", "name": "Katipunan Avenue", "oneway": false, "reversed": "False", "length": 62.214581047773301, "ref": null, "width": null, "bridge": null, "tunnel": null, "junction": null, "access": null }, "geometry": { "type": "LineString", "coordinates": [ [ 121.022338099999985, 14.7034167 ], [ 121.022520699999973, 14.7028858 ] ] } },
{ "type": "Feature", "properties": { "u": 260901505, "v": 251108239, "key": 0, "osmid": [ 963839125, 963839126 ], "highway": "secondary", "lanes": "4", "maxspeed": "30", "name": "Katipunan Avenue", "oneway": false, "reversed": "True", "length": 176.88306173641044, "ref": null, "width": null, "bridge": null, "tunnel": null, "junction": null, "access": null }, "geometry": { "type": "LineString", "coordinates": [ [ 121.022338099999985, 14.7034167 ], [ 121.0223198, 14.7034721 ], [ 121.0222312, 14.7037406 ], [ 121.0221736, 14.7039026 ], [ 121.021852700000011, 14.7048427 ], [ 121.0218237, 14.7049276 ] ] } },
{ "type": "Feature", "properties": { "u": 5310986973, "v": 260901505, "key": 0, "osmid": "963839125", "highway": "secondary", "lanes": "4", "maxspeed": "30", "name": "Katipunan Avenue", "oneway": false, "reversed": "True", "length": 62.214581047773301, "ref": null, "width": null, "bridge": null, "tunnel": null, "junction": null, "access": null }, "geometry": { "type": "LineString", "coordinates": [ [ 121.022520699999973, 14.7028858 ], [ 121.022338099999985, 14.7034167 ] ] } },
{ "type": "Feature", "properties": { "u": 5310986973, "v": 260901528, "key": 0, "osmid": "963839125", "highway": "secondary", "lanes": "4", "maxspeed": "30", "name": "Katipunan Avenue", "oneway": false, "reversed": "False", "length": 44.540533608801582, "ref": null, "width": null, "bridge": null, "tunnel": null, "junction": null, "access": null }, "geometry": { "type": "LineString", "coordinates": [ [ 121.022520699999973, 14.7028858 ], [ 121.02263480000002, 14.7025613 ], [ 121.0226532, 14.7025063 ] ] } },
{ "type": "Feature", "properties": { "u": 3684919947, "v": 3684919948, "key": 0, "osmid": "1303397808", "highway": "secondary", "lanes": "3", "maxspeed": null, "name": "Visayas Avenue", "oneway": true, "reversed": "False", "length": 12.207122912053489, "ref": null, "width": null, "bridge": null, "tunnel": null, "junction": null, "access": null }, "geometry": { "type": "LineString", "coordinates": [ [ 121.0468862, 14.6551706 ], [ 121.046823499999974, 14.6552621 ] ] } },
{ "type": "Feature", "properties": { "u": 3684919948, "v": 219740702, "key": 0, "osmid": [ 1303397808, 369688334 ], "highway": "secondary", "lanes": "3", "maxspeed": null, "name": "Visayas Avenue", "oneway": true, "reversed": "False", "length": 298.52397002058933, "ref": null, "width": null, "bridge": null, "tunnel": null, "junction": null, "access": null }, "geometry": { "type": "LineString", "coordinates": [ [ 121.046823499999974, 14.6552621 ], [ 121.046685099999976, 14.6554742 ], [ 121.0466679, 14.6555004 ], [ 121.046530499999989, 14.655711 ], [ 121.0464778, 14.6557956 ], [ 121.046188, 14.6562855 ], [ 121.046078099999988, 14.6564889 ], [ 121.0459178, 14.6567857 ], [ 121.045878300000012, 14.656863 ], [ 121.04579139999997, 14.6570368 ], [ 121.0456729, 14.6572799 ], [ 121.045618800000014, 14.6573845 ], [ 121.045540199999976, 14.6575379 ], [ 121.0454984, 14.6576182 ] ] } },
{ "type": "Feature", "properties": { "u": 219740702, "v": 90027595, "key": 0, "osmid": "369688334", "highway": "secondary", "lanes": "3", "maxspeed": null, "name": "Visayas Avenue", "oneway": true, "reversed": "False", "length": 253.86095943622234, "ref": null, "width": null, "bridge": null, "tunnel": null, "junction": null, "access": null }, "geometry": { "type": "LineString", "coordinates": [ [ 121.0454984, 14.6576182 ], [ 121.045443199999966, 14.6577341 ], [ 121.0453682, 14.6579093 ], [ 121.045278599999989, 14.6581302 ], [ 121.045218599999984, 14.6582852 ], [ 121.0451923, 14.658354 ], [ 121.045141799999982, 14.6584968 ], [ 121.045114199999986, 14.6585704 ], [ 121.04509560000001, 14.65862 ], [ 121.044975, 14.6590039 ], [ 121.0449058, 14.6592405 ], [ 121.044860600000021, 14.6594223 ], [ 121.044816200000014, 14.6596084 ], [ 121.0447951, 14.6596988 ], [ 121.0447715, 14.6597857 ] ] } },
{ "type": "Feature", "properties": { "u": 219949715, "v": 250543543, "key": 0, "osmid": "38341975", "highway": "secondary", "lanes": "2", "maxspeed": "40", "name": "Tandang Sora Avenue", "oneway": false, "reversed": "False", "length": 60.630954213069472, "ref": null, "width": null, "bridge": null, "tunnel": null, "junction": null, "access": null }, "geometry": { "type": "LineString", "coordinates": [ [ 121.0258558, 14.6788501 ], [ 121.025604800000011, 14.6788903 ], [ 121.025303599999972, 14.6789581 ] ] } },
{ "type": "Feature", "properties": { "u": 219949715, "v": 8386686900, "key": 0, "osmid": "38341975", "highway": "secondary", "lanes": "2", "maxspeed": "40", "name": "Tandang Sora Avenue", "oneway": false, "reversed": "True", "length": 176.09387083837922, "ref": null, "width": null, "bridge": null, "tunnel": null, "junction": null, "access": null }, "geometry": { "type": "LineString", "coordinates": [ [ 121.0258558, 14.6788501 ], [ 121.025950199999969, 14.6788379 ], [ 121.0260953, 14.6788192 ], [ 121.0265561, 14.6787536 ], [ 121.026924800000018, 14.6787007 ], [ 121.027476, 14.6786234 ] ] } },
{ "type": "Feature", "properties": { "u": 250543543, "v": 7556361080, "key": 0, "osmid": [ 129814578, 129814579, 38341975 ], "highway": "secondary", "lanes": "2", "maxspeed": "40", "name": "Tandang Sora Avenue", "oneway": false, "reversed": "False", "length": 57.353768180900978, "ref": null, "width": null, "bridge": "cantilever", "tunnel": null, "junction": null, "access": null }, "geometry": { "type": "LineString", "coordinates": [ [ 121.025303599999972, 14.6789581 ], [ 121.025090099999971, 14.6790159 ], [ 121.024840900000015, 14.6790832 ], [ 121.0247901, 14.679097 ] ] } },
{ "type": "Feature", "properties": { "u": 250543543, "v": 219949715, "key": 0, "osmid": "38341975", "highway": "secondary", "lanes": "2", "maxspeed": "40", "name": "Tandang Sora Avenue", "oneway": false, "reversed": "True", "length": 60.630954213069472, "ref": null, "width": null, "bridge": null, "tunnel": null, "junction": null, "access": null }, "geometry": { "type": "LineString", "coordinates": [ [ 121.025303599999972, 14.6789581 ], [ 121.025604800000011, 14.6788903 ], [ 121.0258558, 14.6788501 ] ] } },
{ "type": "Feature", "properties": { "u": 260901528, "v": 251107699, "key": 0, "osmid": "963839125", "highway": "secondary", "lanes": "4", "maxspeed": "30", "name": "Katipunan Avenue", "oneway": false, "reversed": "False", "length": 59.402908463853954, "ref": null, "width": null, "bridge": null, "tunnel": null, "junction": null, "access": null }, "geometry": { "type": "LineString", "coordinates": [ [ 121.0226532, 14.7025063 ], [ 121.022688099999968, 14.7023364 ], [ 121.022687099999985, 14.7019754 ] ] } },
{ "type": "Feature", "properties": { "u": 260901528, "v": 5310986973, "key": 0, "osmid": "963839125", "highway": "secondary", "lanes": "4", "maxspeed": "30", "name": "Katipunan Avenue", "oneway": false, "reversed": "True", "length": 44.540533608801582, "ref": null, "width": null, "bridge": null, "tunnel": null, "junction": null, "access": null }, "geometry": { "type": "LineString", "coordinates": [ [ 121.0226532, 14.7025063 ], [ 121.02263480000002, 14.7025613 ], [ 121.022520699999973, 14.7028858 ] ] } },
{ "type": "Feature", "properties": { "u": 251107699, "v": 251107667, "key": 0, "osmid": "860898318", "highway": "secondary", "lanes": "4", "maxspeed": "30", "name": "Katipunan Avenue", "oneway": false, "reversed": "False", "length": 156.17795028843099, "ref": null, "width": null, "bridge": null, "tunnel": null, "junction": null, "access": null }, "geometry": { "type": "LineString", "coordinates": [ [ 121.022687099999985, 14.7019754 ], [ 121.0226674, 14.7010379 ], [ 121.022673499999982, 14.7009675 ], [ 121.0226867, 14.7008945 ], [ 121.022708399999985, 14.7008197 ], [ 121.022733299999985, 14.7007487 ], [ 121.0227976, 14.7005911 ] ] } },
{ "type": "Feature", "properties": { "u": 251107699, "v": 260901528, "key": 0, "osmid": "963839125", "highway": "secondary", "lanes": "4", "maxspeed": "30", "name": "Katipunan Avenue", "oneway": false, "reversed": "True", "length": 59.402908463853954, "ref": null, "width": null, "bridge": null, "tunnel": null, "junction": null, "access": null }, "geometry": { "type": "LineString", "coordinates": [ [ 121.022687099999985, 14.7019754 ], [ 121.022688099999968, 14.7023364 ], [ 121.0226532, 14.7025063 ] ] } },
{ "type": "Feature", "properties": { "u": 5282138777, "v": 8655192699, "key": 0, "osmid": "910339876", "highway": "secondary", "lanes": "3", "maxspeed": null, "name": "Congressional Avenue", "oneway": true, "reversed": "False", "length": 68.287145156745325, "ref": "129", "width": "9.9", "bridge": null, "tunnel": null, "junction": null, "access": null }, "geometry": { "type": "LineString", "coordinates": [ [ 121.0198292, 14.6582077 ], [ 121.0198855, 14.6588194 ] ] } },
{ "type": "Feature", "properties": { "u": 8311990964, "v": 260905066, "key": 0, "osmid": "89993886", "highway": "secondary", "lanes": "2", "maxspeed": "40", "name": "Llano Road", "oneway": false, "reversed": "False", "length": 134.15239270588026, "ref": null, "width": null, "bridge": null, "tunnel": null, "junction": null, "access": null }, "geometry": { "type": "LineString", "coordinates": [ [ 121.029041, 14.7239881 ], [ 121.028932099999977, 14.7239752 ], [ 121.028793, 14.7239709 ], [ 121.028611900000016, 14.7239875 ], [ 121.0278229, 14.7241912 ] ] } },
{ "type": "Feature", "properties": { "u": 8311990964, "v": 5362535763, "key": 0, "osmid": "89993886", "highway": "secondary", "lanes": "2", "maxspeed": "40", "name": "Llano Road", "oneway": false, "reversed": "True", "length": 109.25250756062739, "ref": null, "width": null, "bridge": null, "tunnel": null, "junction": null, "access": null }, "geometry": { "type": "LineString", "coordinates": [ [ 121.029041, 14.7239881 ], [ 121.029122300000012, 14.7240135 ], [ 121.0292523, 14.7240552 ], [ 121.02944810000001, 14.7241179 ], [ 121.0295668, 14.724146 ], [ 121.029652700000014, 14.7241551 ], [ 121.0297414, 14.724138 ], [ 121.0300109, 14.7240393 ] ] } },
{ "type": "Feature", "properties": { "u": 260905066, "v": 1066110078, "key": 0, "osmid": "89993886", "highway": "secondary", "lanes": "2", "maxspeed": "40", "name": "Llano Road", "oneway": false, "reversed": "False", "length": 6.2592839089546279, "ref": null, "width": null, "bridge": null, "tunnel": null, "junction": null, "access": null }, "geometry": { "type": "LineString", "coordinates": [ [ 121.0278229, 14.7241912 ], [ 121.027766499999984, 14.7242051 ] ] } },
{ "type": "Feature", "properties": { "u": 260905066, "v": 8311990964, "key": 0, "osmid": "89993886", "highway": "secondary", "lanes": "2", "maxspeed": "40", "name": "Llano Road", "oneway": false, "reversed": "True", "length": 134.15239270588026, "ref": null, "width": null, "bridge": null, "tunnel": null, "junction": null, "access": null }, "geometry": { "type": "LineString", "coordinates": [ [ 121.0278229, 14.7241912 ], [ 121.028611900000016, 14.7239875 ], [ 121.028793, 14.7239709 ], [ 121.028932099999977, 14.7239752 ], [ 121.029041, 14.7239881 ] ] } },
{ "type": "Feature", "properties": { "u": 5362535763, "v": 260904999, "key": 0, "osmid": "89993886", "highway": "secondary", "lanes": "2", "maxspeed": "40", "name": "Llano Road", "oneway": false, "reversed": "True", "length": 22.022132688755651, "ref": null, "width": null, "bridge": null, "tunnel": null, "junction": null, "access": null }, "geometry": { "type": "LineString", "coordinates": [ [ 121.0300109, 14.7240393 ], [ 121.030196099999984, 14.7239548 ] ] } },
{ "type": "Feature", "properties": { "u": 5362535763, "v": 8311990964, "key": 0, "osmid": "89993886", "highway": "secondary", "lanes": "2", "maxspeed": "40", "name": "Llano Road", "oneway": false, "reversed": "False", "length": 109.25250756062741, "ref": null, "width": null, "bridge": null, "tunnel": null, "junction": null, "access": null }, "geometry": { "type": "LineString", "coordinates": [ [ 121.0300109, 14.7240393 ], [ 121.0297414, 14.724138 ], [ 121.029652700000014, 14.7241551 ], [ 121.0295668, 14.724146 ], [ 121.02944810000001, 14.7241179 ], [ 121.0292523, 14.7240552 ], [ 121.029122300000012, 14.7240135 ], [ 121.029041, 14.7239881 ] ] } },
{ "type": "Feature", "properties": { "u": 251472589, "v": 9927335450, "key": 0, "osmid": "1059048815", "highway": "primary", "lanes": "1", "maxspeed": null, "name": "Quirino Highway", "oneway": true, "reversed": "False", "length": 6.3031403998965549, "ref": "127", "width": null, "bridge": null, "tunnel": null, "junction": null, "access": null }, "geometry": { "type": "LineString", "coordinates": [ [ 121.0680932, 14.7354476 ], [ 121.068133800000012, 14.7354484 ], [ 121.068151799999981, 14.7354488 ] ] } },
{ "type": "Feature", "properties": { "u": 9927335450, "v": 251623641, "key": 0, "osmid": "1059048815", "highway": "primary", "lanes": "1", "maxspeed": null, "name": "Quirino Highway", "oneway": true, "reversed": "False", "length": 140.5058237578053, "ref": "127", "width": null, "bridge": null, "tunnel": null, "junction": null, "access": null }, "geometry": { "type": "LineString", "coordinates": [ [ 121.068151799999981, 14.7354488 ], [ 121.068373900000012, 14.7354533 ], [ 121.0685755, 14.7354574 ], [ 121.0692596, 14.7354751 ], [ 121.0693659, 14.7355014 ], [ 121.0694447, 14.7355408 ] ] } },
{ "type": "Feature", "properties": { "u": 12120742939, "v": 251472661, "key": 0, "osmid": "578164927", "highway": "primary", "lanes": "2", "maxspeed": null, "name": "Quirino Highway", "oneway": true, "reversed": "False", "length": 321.94683956268636, "ref": "127", "width": null, "bridge": null, "tunnel": null, "junction": null, "access": null }, "geometry": { "type": "LineString", "coordinates": [ [ 121.073559, 14.738696 ], [ 121.0736548, 14.7387747 ], [ 121.073946499999963, 14.7390139 ], [ 121.074039500000012, 14.7390902 ], [ 121.0743309, 14.7393438 ], [ 121.07437760000002, 14.7393891 ], [ 121.074470399999981, 14.739479 ], [ 121.074611, 14.7396404 ], [ 121.075142699999986, 14.7403797 ], [ 121.0754957, 14.7408783 ] ] } },
{ "type": "Feature", "properties": { "u": 12081875681, "v": 314209313, "key": 0, "osmid": [ 1006936019, 474939471 ], "highway": "primary", "lanes": "2", "maxspeed": "60", "name": "Mindanao Avenue", "oneway": true, "reversed": "False", "length": 127.33490516834948, "ref": "128", "width": null, "bridge": null, "tunnel": null, "junction": null, "access": null }, "geometry": { "type": "LineString", "coordinates": [ [ 121.0277505, 14.6907326 ], [ 121.0275551, 14.6909204 ], [ 121.027382799999984, 14.691096 ], [ 121.026920099999984, 14.6915487 ] ] } },
{ "type": "Feature", "properties": { "u": 314209313, "v": 35729479, "key": 0, "osmid": "474939470", "highway": "primary", "lanes": "2", "maxspeed": "60", "name": "Mindanao Avenue", "oneway": true, "reversed": "False", "length": 54.666457327706226, "ref": "128", "width": null, "bridge": null, "tunnel": null, "junction": null, "access": null }, "geometry": { "type": "LineString", "coordinates": [ [ 121.026920099999984, 14.6915487 ], [ 121.026531099999971, 14.6918651 ] ] } },
{ "type": "Feature", "properties": { "u": 314209313, "v": 314209294, "key": 0, "osmid": "28600144", "highway": "secondary", "lanes": "2", "maxspeed": "20", "name": "Katipunan Avenue", "oneway": false, "reversed": "False", "length": 37.393138823487739, "ref": null, "width": null, "bridge": null, "tunnel": null, "junction": null, "access": null }, "geometry": { "type": "LineString", "coordinates": [ [ 121.026920099999984, 14.6915487 ], [ 121.0271743, 14.691691 ], [ 121.0271984, 14.6917112 ], [ 121.027209399999975, 14.6917297 ] ] } },
{ "type": "Feature", "properties": { "u": 3812153580, "v": 1337860943, "key": 0, "osmid": "413497766", "highway": "primary", "lanes": "2", "maxspeed": "60", "name": "Mindanao Avenue", "oneway": true, "reversed": "False", "length": 7.8624179228302182, "ref": "128", "width": null, "bridge": null, "tunnel": null, "junction": null, "access": null }, "geometry": { "type": "LineString", "coordinates": [ [ 121.027713299999988, 14.6904594 ], [ 121.0277657, 14.6904101 ] ] } },
{ "type": "Feature", "properties": { "u": 3812153580, "v": 314209737, "key": 0, "osmid": "249490424", "highway": "primary", "lanes": "2", "maxspeed": null, "name": "Quirino Highway", "oneway": true, "reversed": "False", "length": 39.70061583986287, "ref": "127", "width": null, "bridge": null, "tunnel": null, "junction": null, "access": null }, "geometry": { "type": "LineString", "coordinates": [ [ 121.027713299999988, 14.6904594 ], [ 121.0276038, 14.6903235 ], [ 121.027568799999983, 14.6902795 ], [ 121.0274832, 14.6901803 ] ] } },
{ "type": "Feature", "properties": { "u": 5475576575, "v": 5585622053, "key": 0, "osmid": "846602452", "highway": "primary", "lanes": "5", "maxspeed": "60", "name": "Commonwealth Avenue", "oneway": true, "reversed": "False", "length": 129.2238312776027, "ref": "170", "width": null, "bridge": null, "tunnel": null, "junction": null, "access": null }, "geometry": { "type": "LineString", "coordinates": [ [ 121.05895409999998, 14.6574159 ], [ 121.059232, 14.6576054 ], [ 121.059474499999965, 14.6577707 ], [ 121.0599407, 14.6580788 ] ] } },
{ "type": "Feature", "properties": { "u": 5475576590, "v": 5475576575, "key": 0, "osmid": "908386626", "highway": "primary", "lanes": "6", "maxspeed": "60", "name": "Commonwealth Avenue", "oneway": true, "reversed": "False", "length": 178.52955660731334, "ref": "170", "width": null, "bridge": null, "tunnel": null, "junction": null, "access": null }, "geometry": { "type": "LineString", "coordinates": [ [ 121.057585, 14.6565085 ], [ 121.05895409999998, 14.6574159 ] ] } },
{ "type": "Feature", "properties": { "u": 251472661, "v": 1886566875, "key": 0, "osmid": [ 113539374, 578164927 ], "highway": "primary", "lanes": "2", "maxspeed": null, "name": "Quirino Highway", "oneway": true, "reversed": "False", "length": 547.55001693495842, "ref": "127", "width": null, "bridge": null, "tunnel": null, "junction": null, "access": null }, "geometry": { "type": "LineString", "coordinates": [ [ 121.0754957, 14.7408783 ], [ 121.075815099999986, 14.7413556 ], [ 121.075914399999974, 14.7414841 ], [ 121.07602, 14.741584 ], [ 121.0761239, 14.7416563 ], [ 121.076246199999986, 14.7417322 ], [ 121.0764176, 14.7418026 ], [ 121.077038300000012, 14.7419754 ], [ 121.077266600000016, 14.7420344 ], [ 121.077380599999984, 14.7420707 ], [ 121.07748839999995, 14.7421116 ], [ 121.0775718, 14.7421678 ], [ 121.077673199999978, 14.7422655 ], [ 121.0777363, 14.7423459 ], [ 121.077787499999985, 14.742445 ], [ 121.077836, 14.7425833 ], [ 121.077852, 14.7427166 ], [ 121.0778637, 14.7428521 ], [ 121.077893299999985, 14.7434998 ], [ 121.0779397, 14.7445126 ] ] } },
{ "type": "Feature", "properties": { "u": 1886566875, "v": 251472743, "key": 0, "osmid": "113539374", "highway": "primary", "lanes": "2", "maxspeed": null, "name": "Quirino Highway", "oneway": true, "reversed": "False", "length": 29.159547251748133, "ref": "127", "width": null, "bridge": null, "tunnel": null, "junction": null, "access": null }, "geometry": { "type": "LineString", "coordinates": [ [ 121.0779397, 14.7445126 ], [ 121.077958599999974, 14.7447742 ] ] } },
{ "type": "Feature", "properties": { "u": 7965461283, "v": 9883466514, "key": 0, "osmid": "854112905", "highway": "primary", "lanes": "3", "maxspeed": "60", "name": "EDSA", "oneway": true, "reversed": "False", "length": 11.872570680939251, "ref": "1", "width": null, "bridge": null, "tunnel": null, "junction": null, "access": null }, "geometry": { "type": "LineString", "coordinates": [ [ 121.0383203, 14.6432923 ], [ 121.0382606, 14.6433821 ] ] } },
{ "type": "Feature", "properties": { "u": 9883466514, "v": 312264218, "key": 0, "osmid": "854112905", "highway": "primary", "lanes": "3", "maxspeed": "60", "name": "EDSA", "oneway": true, "reversed": "False", "length": 68.807858778024382, "ref": "1", "width": null, "bridge": null, "tunnel": null, "junction": null, "access": null }, "geometry": { "type": "LineString", "coordinates": [ [ 121.0382606, 14.6433821 ], [ 121.037926899999974, 14.64391 ] ] } },
{ "type": "Feature", "properties": { "u": 8392436550, "v": 5284066454, "key": 0, "osmid": "1072047566", "highway": "trunk", "lanes": "4", "maxspeed": "60", "name": "EDSA", "oneway": true, "reversed": "False", "length": 200.31196377602333, "ref": "1", "width": "19.2", "bridge": null, "tunnel": null, "junction": null, "access": null }, "geometry": { "type": "LineString", "coordinates": [ [ 121.0259071, 14.6566591 ], [ 121.0247657, 14.656927 ], [ 121.0240904, 14.6570519 ] ] } },
{ "type": "Feature", "properties": { "u": 5284066454, "v": 2467577361, "key": 0, "osmid": [ 546608888, 805866546, 1072047566 ], "highway": "trunk", "lanes": "4", "maxspeed": "60", "name": "EDSA", "oneway": true, "reversed": "False", "length": 453.14777735163187, "ref": "1", "width": "19.2", "bridge": null, "tunnel": null, "junction": null, "access": null }, "geometry": { "type": "LineString", "coordinates": [ [ 121.0240904, 14.6570519 ], [ 121.023480699999979, 14.6571869 ], [ 121.0229128, 14.6573124 ], [ 121.022346499999983, 14.6574409 ], [ 121.0220058, 14.6575111 ], [ 121.021858699999981, 14.657541 ], [ 121.0218505, 14.6575427 ], [ 121.0215417, 14.6575997 ], [ 121.02112080000002, 14.6576529 ], [ 121.0206146, 14.6577168 ], [ 121.020599800000014, 14.6577187 ], [ 121.020385500000017, 14.6577545 ], [ 121.0201526, 14.6577693 ], [ 121.019952300000014, 14.6577779 ] ] } },
{ "type": "Feature", "properties": { "u": 6616206168, "v": 204604504, "key": 0, "osmid": "1038901366", "highway": "primary", "lanes": "3", "maxspeed": null, "name": "Mindanao Avenue", "oneway": true, "reversed": "False", "length": 8.7587493867482475, "ref": "128", "width": null, "bridge": null, "tunnel": null, "junction": null, "access": "no" }, "geometry": { "type": "LineString", "coordinates": [ [ 121.0351793, 14.6544128 ], [ 121.0352072, 14.6544868 ] ] } },
{ "type": "Feature", "properties": { "u": 6616206168, "v": 5286148799, "key": 0, "osmid": "1315871636", "highway": "primary", "lanes": "2", "maxspeed": null, "name": "North Avenue", "oneway": true, "reversed": "False", "length": 35.571724286176504, "ref": "173", "width": null, "bridge": null, "tunnel": null, "junction": null, "access": null }, "geometry": { "type": "LineString", "coordinates": [ [ 121.0351793, 14.6544128 ], [ 121.0355022, 14.6543439 ] ] } },
{ "type": "Feature", "properties": { "u": 5286148799, "v": 8660954054, "key": 0, "osmid": "1315871636", "highway": "primary", "lanes": "2", "maxspeed": null, "name": "North Avenue", "oneway": true, "reversed": "False", "length": 49.132008269454744, "ref": "173", "width": null, "bridge": null, "tunnel": null, "junction": null, "access": null }, "geometry": { "type": "LineString", "coordinates": [ [ 121.0355022, 14.6543439 ], [ 121.035627199999979, 14.6543165 ], [ 121.0359477, 14.6542466 ] ] } },
{ "type": "Feature", "properties": { "u": 1253818298, "v": 32476467, "key": 0, "osmid": "85461912", "highway": "primary", "lanes": "4", "maxspeed": null, "name": "West Avenue", "oneway": false, "reversed": "False", "length": 49.863105253154188, "ref": "171", "width": "14", "bridge": null, "tunnel": null, "junction": null, "access": null }, "geometry": { "type": "LineString", "coordinates": [ [ 121.0264258, 14.639927 ], [ 121.0264822, 14.6401706 ], [ 121.0265275, 14.6403645 ] ] } },
{ "type": "Feature", "properties": { "u": 1432336532, "v": 250547077, "key": 0, "osmid": [ 834542179, 38342373, 33192054 ], "highway": "primary", "lanes": "4", "maxspeed": "60", "name": "Mindanao Avenue", "oneway": true, "reversed": "False", "length": 314.2804371039461, "ref": "128", "width": null, "bridge": "yes", "tunnel": null, "junction": null, "access": null }, "geometry": { "type": "LineString", "coordinates": [ [ 121.031875099999979, 14.6831643 ], [ 121.031887199999986, 14.6825812 ], [ 121.031891800000011, 14.6823571 ], [ 121.0318955, 14.6822008 ], [ 121.0318989, 14.6820605 ], [ 121.031904600000018, 14.681822 ], [ 121.0319333, 14.6806511 ], [ 121.031939299999976, 14.6803386 ] ] } },
{ "type": "Feature", "properties": { "u": 5286819625, "v": 1202895299, "key": 0, "osmid": "670619395", "highway": "primary", "lanes": "5", "maxspeed": "60", "name": "Commonwealth Avenue", "oneway": true, "reversed": "False", "length": 65.674919490403298, "ref": "170", "width": null, "bridge": null, "tunnel": null, "junction": null, "access": null }, "geometry": { "type": "LineString", "coordinates": [ [ 121.058196, 14.657443 ], [ 121.057680100000013, 14.6571272 ] ] } },
{ "type": "Feature", "properties": { "u": 5223230306, "v": 31393682, "key": 0, "osmid": "47497873", "highway": "secondary", "lanes": "3", "maxspeed": null, "name": "Mindanao Avenue", "oneway": true, "reversed": "False", "length": 131.79728146603495, "ref": null, "width": null, "bridge": null, "tunnel": null, "junction": null, "access": null }, "geometry": { "type": "LineString", "coordinates": [ [ 121.058834599999983, 14.727629 ], [ 121.0587093, 14.7275136 ], [ 121.0580929, 14.7269454 ], [ 121.057947400000018, 14.7268113 ] ] } },
{ "type": "Feature", "properties": { "u": 251472743, "v": 3221616188, "key": 0, "osmid": "113539374", "highway": "primary", "lanes": "2", "maxspeed": null, "name": "Quirino Highway", "oneway": true, "reversed": "False", "length": 158.08156151513415, "ref": "127", "width": null, "bridge": null, "tunnel": null, "junction": null, "access": null }, "geometry": { "type": "LineString", "coordinates": [ [ 121.077958599999974, 14.7447742 ], [ 121.0779825, 14.7449208 ], [ 121.0779989, 14.7449685 ], [ 121.0780206, 14.7450315 ], [ 121.078055399999982, 14.7451188 ], [ 121.078108899999975, 14.7452129 ], [ 121.07817390000001, 14.745299 ], [ 121.078185800000014, 14.7453131 ], [ 121.0782335, 14.7453699 ], [ 121.078306299999966, 14.7454403 ], [ 121.07836589999998, 14.7454899 ], [ 121.078421199999966, 14.7455254 ], [ 121.078476, 14.7455604 ], [ 121.078572699999981, 14.7456059 ], [ 121.0787821, 14.7456751 ], [ 121.078917300000015, 14.7457138 ] ] } },
{ "type": "Feature", "properties": { "u": 3221616188, "v": 299688182, "key": 0, "osmid": [ 1301951834, 1353056010 ], "highway": "primary", "lanes": "2", "maxspeed": null, "name": "Quirino Highway", "oneway": true, "reversed": "False", "length": 77.943035936131082, "ref": "127", "width": null, "bridge": null, "tunnel": null, "junction": null, "access": null }, "geometry": { "type": "LineString", "coordinates": [ [ 121.078917300000015, 14.7457138 ], [ 121.079222800000011, 14.7458125 ], [ 121.0794816, 14.7458947 ], [ 121.0796054, 14.7459341 ] ] } },
{ "type": "Feature", "properties": { "u": 1829366657, "v": 122959239, "key": 0, "osmid": "1041851057", "highway": "secondary", "lanes": "2", "maxspeed": "40", "name": "Tandang Sora Avenue", "oneway": false, "reversed": "False", "length": 31.403056489274455, "ref": null, "width": "13.4", "bridge": null, "tunnel": null, "junction": null, "access": null }, "geometry": { "type": "LineString", "coordinates": [ [ 121.044040399999986, 14.6760181 ], [ 121.043917, 14.6760497 ], [ 121.043758, 14.6760897 ] ] } },
{ "type": "Feature", "properties": { "u": 1829366657, "v": 1829366654, "key": 0, "osmid": "1041851057", "highway": "secondary", "lanes": "2", "maxspeed": "40", "name": "Tandang Sora Avenue", "oneway": false, "reversed": "True", "length": 50.881223804128922, "ref": null, "width": "13.4", "bridge": null, "tunnel": null, "junction": null, "access": null }, "geometry": { "type": "LineString", "coordinates": [ [ 121.044040399999986, 14.6760181 ], [ 121.044271499999965, 14.6759539 ], [ 121.0444945, 14.67589 ] ] } },
{ "type": "Feature", "properties": { "u": 122959239, "v": 1829366657, "key": 0, "osmid": "1041851057", "highway": "secondary", "lanes": "2", "maxspeed": "40", "name": "Tandang Sora Avenue", "oneway": false, "reversed": "True", "length": 31.403056489274455, "ref": null, "width": "13.4", "bridge": null, "tunnel": null, "junction": null, "access": null }, "geometry": { "type": "LineString", "coordinates": [ [ 121.043758, 14.6760897 ], [ 121.043917, 14.6760497 ], [ 121.044040399999986, 14.6760181 ] ] } },
{ "type": "Feature", "properties": { "u": 122959239, "v": 31909001, "key": 0, "osmid": [ 1238810734, 834542175 ], "highway": "secondary", "lanes": [ "4", "2" ], "maxspeed": "40", "name": "Tandang Sora Avenue", "oneway": true, "reversed": "False", "length": 15.823345164325172, "ref": null, "width": "13.4", "bridge": null, "tunnel": null, "junction": null, "access": null }, "geometry": { "type": "LineString", "coordinates": [ [ 121.043758, 14.6760897 ], [ 121.0436846, 14.6761099 ], [ 121.043616, 14.6761268 ] ] } },
{ "type": "Feature", "properties": { "u": 250547077, "v": 12093739614, "key": 0, "osmid": "834542179", "highway": "primary", "lanes": "4", "maxspeed": "60", "name": "Mindanao Avenue", "oneway": true, "reversed": "False", "length": 4.92824353486363, "ref": "128", "width": null, "bridge": null, "tunnel": null, "junction": null, "access": null }, "geometry": { "type": "LineString", "coordinates": [ [ 121.031939299999976, 14.6803386 ], [ 121.031940699999979, 14.6802943 ] ] } },
{ "type": "Feature", "properties": { "u": 12093739614, "v": 1005100822, "key": 0, "osmid": "834542179", "highway": "primary", "lanes": "4", "maxspeed": "60", "name": "Mindanao Avenue", "oneway": true, "reversed": "False", "length": 77.208271918671826, "ref": "128", "width": null, "bridge": null, "tunnel": null, "junction": null, "access": null }, "geometry": { "type": "LineString", "coordinates": [ [ 121.031940699999979, 14.6802943 ], [ 121.0319486, 14.680044 ], [ 121.031954200000015, 14.6796001 ] ] } },
{ "type": "Feature", "properties": { "u": 681146586, "v": 249226767, "key": 0, "osmid": [ 846602448, 6119724, 846602447 ], "highway": "trunk", "lanes": [ "4", "3" ], "maxspeed": "60", "name": "EDSA", "oneway": true, "reversed": "False", "length": 277.61288802005316, "ref": "1", "width": null, "bridge": null, "tunnel": null, "junction": null, "access": null }, "geometry": { "type": "LineString", "coordinates": [ [ 121.0435568, 14.6351585 ], [ 121.0432726, 14.6356025 ], [ 121.0429965, 14.636034 ], [ 121.042499099999986, 14.6367721 ], [ 121.042396299999979, 14.6369247 ], [ 121.0421727, 14.6372654 ] ] } },
{ "type": "Feature", "properties": { "u": 314208760, "v": 9974001368, "key": 0, "osmid": "168525275", "highway": "primary", "lanes": "2", "maxspeed": null, "name": "Quirino Highway", "oneway": true, "reversed": "False", "length": 213.67105937584466, "ref": "127", "width": null, "bridge": null, "tunnel": null, "junction": null, "access": null }, "geometry": { "type": "LineString", "coordinates": [ [ 121.032508299999989, 14.6966075 ], [ 121.0326843, 14.6968976 ], [ 121.0327671, 14.6970339 ], [ 121.032875500000017, 14.6972128 ], [ 121.033107699999988, 14.697586 ], [ 121.033247, 14.69781 ], [ 121.0333639, 14.698 ], [ 121.033484900000019, 14.6981836 ], [ 121.0335276, 14.6982567 ] ] } },
{ "type": "Feature", "properties": { "u": 7236266925, "v": 2071393230, "key": 0, "osmid": [ 1312026240, 936492089, 775664239 ], "highway": "primary", "lanes": "5", "maxspeed": "60", "name": "Quezon Avenue", "oneway": true, "reversed": "False", "length": 173.29310478197823, "ref": "170", "width": null, "bridge": null, "tunnel": null, "junction": null, "access": null }, "geometry": { "type": "LineString", "coordinates": [ [ 121.0303048, 14.639852 ], [ 121.030198699999985, 14.6397883 ], [ 121.029904399999978, 14.6396118 ], [ 121.029847100000012, 14.6395764 ], [ 121.0293086, 14.6392438 ], [ 121.028945, 14.6390167 ] ] } },
{ "type": "Feature", "properties": { "u": 2071393230, "v": 8601059112, "key": 0, "osmid": "775664239", "highway": "primary", "lanes": "5", "maxspeed": "60", "name": "Quezon Avenue", "oneway": true, "reversed": "False", "length": 19.857245229095913, "ref": "170", "width": null, "bridge": null, "tunnel": null, "junction": null, "access": null }, "geometry": { "type": "LineString", "coordinates": [ [ 121.028945, 14.6390167 ], [ 121.028789299999985, 14.6389208 ] ] } },
{ "type": "Feature", "properties": { "u": 5286775749, "v": 508308004, "key": 0, "osmid": [ 398689851, 670619389 ], "highway": "primary", "lanes": "6", "maxspeed": "60", "name": "Commonwealth Avenue", "oneway": true, "reversed": "False", "length": 82.766731524511727, "ref": "170", "width": null, "bridge": null, "tunnel": null, "junction": null, "access": null }, "geometry": { "type": "LineString", "coordinates": [ [ 121.0526065, 14.6537015 ], [ 121.052231600000013, 14.6534556 ], [ 121.051969, 14.6532848 ] ] } },
{ "type": "Feature", "properties": { "u": 8660954057, "v": 8654858588, "key": 0, "osmid": "1329132803", "highway": "primary", "lanes": "1", "maxspeed": null, "name": "North Avenue", "oneway": true, "reversed": "False", "length": 61.150499999904724, "ref": "173", "width": null, "bridge": null, "tunnel": null, "junction": null, "access": null }, "geometry": { "type": "LineString", "coordinates": [ [ 121.036241800000013, 14.6542599 ], [ 121.0367963, 14.6541389 ] ] } },
{ "type": "Feature", "properties": { "u": 8660954054, "v": 8660954056, "key": 0, "osmid": "1315871636", "highway": "primary", "lanes": "2", "maxspeed": null, "name": "North Avenue", "oneway": true, "reversed": "False", "length": 30.544253416081464, "ref": "173", "width": null, "bridge": null, "tunnel": null, "junction": null, "access": null }, "geometry": { "type": "LineString", "coordinates": [ [ 121.0359477, 14.6542466 ], [ 121.0362243, 14.6541846 ] ] } },
{ "type": "Feature", "properties": { "u": 8660954056, "v": 6417179613, "key": 0, "osmid": "1315871636", "highway": "primary", "lanes": "2", "maxspeed": null, "name": "North Avenue", "oneway": true, "reversed": "False", "length": 68.611350289093025, "ref": "173", "width": null, "bridge": null, "tunnel": null, "junction": null, "access": null }, "geometry": { "type": "LineString", "coordinates": [ [ 121.0362243, 14.6541846 ], [ 121.036846699999984, 14.6540499 ] ] } },
{ "type": "Feature", "properties": { "u": 260901837, "v": 9974001378, "key": 0, "osmid": "168525276", "highway": "primary", "lanes": "2", "maxspeed": null, "name": "Quirino Highway", "oneway": true, "reversed": "False", "length": 13.065693433897499, "ref": "127", "width": null, "bridge": null, "tunnel": null, "junction": null, "access": null }, "geometry": { "type": "LineString", "coordinates": [ [ 121.0343037, 14.6996251 ], [ 121.03425630000001, 14.6995877 ], [ 121.034213400000013, 14.6995467 ] ] } },
{ "type": "Feature", "properties": { "u": 260901837, "v": 148904506, "key": 0, "osmid": [ 1304960969, 1377595118, 1377595119, 1377595120, 1058687153, 1303783637 ], "highway": "primary", "lanes": "4", "maxspeed": null, "name": "Quirino Highway", "oneway": false, "reversed": "False", "length": 146.57265830987336, "ref": "127", "width": null, "bridge": null, "tunnel": null, "junction": null, "access": null }, "geometry": { "type": "LineString", "coordinates": [ [ 121.0343037, 14.6996251 ], [ 121.0343122, 14.699641 ], [ 121.034361, 14.6997329 ], [ 121.0344009, 14.6998032 ], [ 121.0344356, 14.699869 ], [ 121.034463300000013, 14.699925 ], [ 121.034483799999975, 14.6999633 ], [ 121.0345918, 14.7001647 ], [ 121.0346368, 14.7002487 ], [ 121.0347128, 14.7003919 ], [ 121.034790300000012, 14.7005403 ], [ 121.0348698, 14.7006976 ], [ 121.03492150000001, 14.7007999 ] ] } },
{ "type": "Feature", "properties": { "u": 9974001378, "v": 12074204156, "key": 0, "osmid": "168525276", "highway": "primary", "lanes": "2", "maxspeed": null, "name": "Quirino Highway", "oneway": true, "reversed": "False", "length": 70.565242797285293, "ref": "127", "width": null, "bridge": null, "tunnel": null, "junction": null, "access": null }, "geometry": { "type": "LineString", "coordinates": [ [ 121.034213400000013, 14.6995467 ], [ 121.0341585, 14.6994553 ], [ 121.0338836, 14.6989981 ] ] } },
{ "type": "Feature", "properties": { "u": 12074242108, "v": 260901837, "key": 0, "osmid": "168525275", "highway": "primary", "lanes": "2", "maxspeed": null, "name": "Quirino Highway", "oneway": true, "reversed": "False", "length": 83.833736430671649, "ref": "127", "width": null, "bridge": null, "tunnel": null, "junction": null, "access": null }, "geometry": { "type": "LineString", "coordinates": [ [ 121.033955799999973, 14.6989573 ], [ 121.0342293, 14.6994206 ], [ 121.034285600000018, 14.699516 ], [ 121.0342967, 14.6995697 ], [ 121.0343037, 14.6996251 ] ] } },
{ "type": "Feature", "properties": { "u": 310742101, "v": 6615831507, "key": 0, "osmid": "44635219", "highway": "primary", "lanes": "4", "maxspeed": null, "name": "Mindanao Avenue", "oneway": true, "reversed": "False", "length": 31.985324498974272, "ref": "128", "width": null, "bridge": null, "tunnel": null, "junction": null, "access": null }, "geometry": { "type": "LineString", "coordinates": [ [ 121.035475399999967, 14.6662208 ], [ 121.0353078, 14.6664584 ] ] } },
{ "type": "Feature", "properties": { "u": 6615831507, "v": 452847223, "key": 0, "osmid": [ 44634994, 44635219, 44634980 ], "highway": "primary", "lanes": "4", "maxspeed": null, "name": "Mindanao Avenue", "oneway": true, "reversed": "False", "length": 180.13327297216335, "ref": "128", "width": null, "bridge": "yes", "tunnel": null, "junction": null, "access": null }, "geometry": { "type": "LineString", "coordinates": [ [ 121.0353078, 14.6664584 ], [ 121.0351515, 14.666665 ], [ 121.034988699999985, 14.6668667 ], [ 121.034819499999983, 14.6670635 ], [ 121.03466, 14.6672457 ], [ 121.0342697, 14.6676875 ], [ 121.0342492, 14.6677128 ] ] } },
{ "type": "Feature", "properties": { "u": 310742107, "v": 103814324, "key": 0, "osmid": "38342026", "highway": "secondary", "lanes": "3", "maxspeed": null, "name": "Congressional Avenue", "oneway": true, "reversed": "False", "length": 375.8535788905582, "ref": "129", "width": null, "bridge": null, "tunnel": null, "junction": null, "access": null }, "geometry": { "type": "LineString", "coordinates": [ [ 121.0230302, 14.6637335 ], [ 121.024710199999973, 14.6641693 ], [ 121.026278499999989, 14.6645699 ], [ 121.026296399999978, 14.6645748 ], [ 121.026406100000017, 14.6646046 ] ] } },
{ "type": "Feature", "properties": { "u": 103814324, "v": 1074584763, "key": 0, "osmid": "38342026", "highway": "secondary", "lanes": "3", "maxspeed": null, "name": "Congressional Avenue", "oneway": true, "reversed": "False", "length": 299.95592316683474, "ref": "129", "width": null, "bridge": null, "tunnel": null, "junction": null, "access": null }, "geometry": { "type": "LineString", "coordinates": [ [ 121.026406100000017, 14.6646046 ], [ 121.026471799999982, 14.6646176 ], [ 121.027651599999984, 14.6648953 ], [ 121.027758399999982, 14.6649204 ], [ 121.029120700000021, 14.6652207 ] ] } },
{ "type": "Feature", "properties": { "u": 203263778, "v": 203263750, "key": 0, "osmid": "4705602", "highway": "secondary", "lanes": "4", "maxspeed": "40", "name": "V. Luna Road", "oneway": false, "reversed": "False", "length": 58.061224131485609, "ref": null, "width": null, "bridge": null, "tunnel": null, "junction": null, "access": null }, "geometry": { "type": "LineString", "coordinates": [ [ 121.048729100000017, 14.6374433 ], [ 121.049072, 14.6373652 ], [ 121.0492544, 14.6373236 ] ] } },
{ "type": "Feature", "properties": { "u": 203263778, "v": 26831988, "key": 0, "osmid": "920587403", "highway": "secondary", "lanes": "4", "maxspeed": "40", "name": "V. Luna Road", "oneway": false, "reversed": "True", "length": 75.771507940485947, "ref": null, "width": null, "bridge": null, "tunnel": null, "junction": null, "access": null }, "geometry": { "type": "LineString", "coordinates": [ [ 121.048729100000017, 14.6374433 ], [ 121.048635800000014, 14.6374615 ], [ 121.0486136, 14.637466 ], [ 121.048098499999981, 14.6375706 ], [ 121.0480395, 14.6375817 ] ] } },
{ "type": "Feature", "properties": { "u": 1066110078, "v": 260905414, "key": 0, "osmid": "89993886", "highway": "secondary", "lanes": "2", "maxspeed": "40", "name": "Llano Road", "oneway": false, "reversed": "False", "length": 79.801294564564344, "ref": null, "width": null, "bridge": null, "tunnel": null, "junction": null, "access": null }, "geometry": { "type": "LineString", "coordinates": [ [ 121.027766499999984, 14.7242051 ], [ 121.02705060000001, 14.7243939 ] ] } },
{ "type": "Feature", "properties": { "u": 1066110078, "v": 260905066, "key": 0, "osmid": "89993886", "highway": "secondary", "lanes": "2", "maxspeed": "40", "name": "Llano Road", "oneway": false, "reversed": "True", "length": 6.2592839089546279, "ref": null, "width": null, "bridge": null, "tunnel": null, "junction": null, "access": null }, "geometry": { "type": "LineString", "coordinates": [ [ 121.027766499999984, 14.7242051 ], [ 121.0278229, 14.7241912 ] ] } },
{ "type": "Feature", "properties": { "u": 260905414, "v": 260905412, "key": 0, "osmid": "89993886", "highway": "secondary", "lanes": "2", "maxspeed": "40", "name": "Llano Road", "oneway": false, "reversed": "False", "length": 24.674635669790096, "ref": null, "width": null, "bridge": null, "tunnel": null, "junction": null, "access": null }, "geometry": { "type": "LineString", "coordinates": [ [ 121.02705060000001, 14.7243939 ], [ 121.026832399999989, 14.7244625 ] ] } },
{ "type": "Feature", "properties": { "u": 260905414, "v": 1066110078, "key": 0, "osmid": "89993886", "highway": "secondary", "lanes": "2", "maxspeed": "40", "name": "Llano Road", "oneway": false, "reversed": "True", "length": 79.801294564564344, "ref": null, "width": null, "bridge": null, "tunnel": null, "junction": null, "access": null }, "geometry": { "type": "LineString", "coordinates": [ [ 121.02705060000001, 14.7243939 ], [ 121.027766499999984, 14.7242051 ] ] } },
{ "type": "Feature", "properties": { "u": 260905412, "v": 1066110084, "key": 0, "osmid": "89993886", "highway": "secondary", "lanes": "2", "maxspeed": "40", "name": "Llano Road", "oneway": false, "reversed": "False", "length": 38.398241101027423, "ref": null, "width": null, "bridge": null, "tunnel": null, "junction": null, "access": null }, "geometry": { "type": "LineString", "coordinates": [ [ 121.026832399999989, 14.7244625 ], [ 121.026581300000018, 14.724708 ] ] } },
{ "type": "Feature", "properties": { "u": 260905412, "v": 260905414, "key": 0, "osmid": "89993886", "highway": "secondary", "lanes": "2", "maxspeed": "40", "name": "Llano Road", "oneway": false, "reversed": "True", "length": 24.674635669790096, "ref": null, "width": null, "bridge": null, "tunnel": null, "junction": null, "access": null }, "geometry": { "type": "LineString", "coordinates": [ [ 121.026832399999989, 14.7244625 ], [ 121.02705060000001, 14.7243939 ] ] } },
{ "type": "Feature", "properties": { "u": 2075741391, "v": 8671416564, "key": 0, "osmid": "107509496", "highway": "secondary", "lanes": "1", "maxspeed": null, "name": "Senator Miriam P. Defensor-Santiago Avenue", "oneway": true, "reversed": "False", "length": 13.622099340464006, "ref": null, "width": null, "bridge": null, "tunnel": null, "junction": null, "access": null }, "geometry": { "type": "LineString", "coordinates": [ [ 121.0468185, 14.6410973 ], [ 121.0469286, 14.6410368 ] ] } },
{ "type": "Feature", "properties": { "u": 2075741391, "v": 764098855, "key": 0, "osmid": [ 846602449, 1307844909 ], "highway": "primary", "lanes": "3", "maxspeed": null, "name": "East Avenue", "oneway": true, "reversed": "False", "length": 352.16765998711321, "ref": "174", "width": null, "bridge": null, "tunnel": null, "junction": null, "access": null }, "geometry": { "type": "LineString", "coordinates": [ [ 121.0468185, 14.6410973 ], [ 121.046789800000013, 14.6409743 ], [ 121.0466212, 14.640235 ], [ 121.0465085, 14.639741 ], [ 121.046390499999987, 14.6391958 ], [ 121.046167, 14.6382441 ], [ 121.046127699999985, 14.638072 ], [ 121.04611239999997, 14.6380048 ] ] } },
{ "type": "Feature", "properties": { "u": 8671416564, "v": 8671416563, "key": 0, "osmid": [ 935760298, 935760299 ], "highway": "primary", "lanes": "3", "maxspeed": null, "name": "East Avenue", "oneway": true, "reversed": "False", "length": 14.997050153454319, "ref": "174", "width": null, "bridge": null, "tunnel": null, "junction": null, "access": null }, "geometry": { "type": "LineString", "coordinates": [ [ 121.0469286, 14.6410368 ], [ 121.0469498, 14.6411331 ], [ 121.046957699999965, 14.6411687 ] ] } },
{ "type": "Feature", "properties": { "u": 764098855, "v": 246783311, "key": 0, "osmid": "824295778", "highway": "primary", "lanes": "3", "maxspeed": null, "name": "East Avenue", "oneway": true, "reversed": "False", "length": 60.65056583081811, "ref": "174", "width": null, "bridge": null, "tunnel": null, "junction": null, "access": null }, "geometry": { "type": "LineString", "coordinates": [ [ 121.04611239999997, 14.6380048 ], [ 121.0459862, 14.6374732 ] ] } },
{ "type": "Feature", "properties": { "u": 764098855, "v": 26832095, "key": 0, "osmid": "839789714", "highway": "secondary", "lanes": "4", "maxspeed": "40", "name": "V. Luna Road", "oneway": false, "reversed": "False", "length": 11.848970972509589, "ref": null, "width": null, "bridge": null, "tunnel": null, "junction": null, "access": null }, "geometry": { "type": "LineString", "coordinates": [ [ 121.04611239999997, 14.6380048 ], [ 121.0462198, 14.6379812 ] ] } },
{ "type": "Feature", "properties": { "u": 243674332, "v": 12067121468, "key": 0, "osmid": [ 577597248, 444678941, 444678942 ], "highway": "primary", "lanes": "4", "maxspeed": "60", "name": "Commonwealth Avenue", "oneway": true, "reversed": "False", "length": 446.14329854751969, "ref": "170", "width": null, "bridge": "yes", "tunnel": null, "junction": null, "access": null }, "geometry": { "type": "LineString", "coordinates": [ [ 121.0575344, 14.7149637 ], [ 121.057362899999987, 14.71517 ], [ 121.057192799999982, 14.7153694 ], [ 121.055865899999986, 14.7169615 ], [ 121.0555965, 14.7172852 ], [ 121.0555333, 14.7173545 ], [ 121.0554558, 14.7174541 ], [ 121.0554166, 14.7175006 ], [ 121.055049799999978, 14.7179408 ], [ 121.0549962, 14.718005 ], [ 121.0549488, 14.7180618 ], [ 121.0549289, 14.7180856 ] ] } },
{ "type": "Feature", "properties": { "u": 245864761, "v": 8671416564, "key": 0, "osmid": "834266677", "highway": "primary", "lanes": "3", "maxspeed": null, "name": "East Avenue", "oneway": true, "reversed": "False", "length": 24.625555269198195, "ref": "174", "width": null, "bridge": null, "tunnel": null, "junction": null, "access": null }, "geometry": { "type": "LineString", "coordinates": [ [ 121.046880900000019, 14.6408202 ], [ 121.0469086, 14.6409449 ], [ 121.0469286, 14.6410368 ] ] } },
{ "type": "Feature", "properties": { "u": 90027566, "v": 1629353842, "key": 0, "osmid": "149993743", "highway": "secondary", "lanes": "4", "maxspeed": null, "name": "Visayas Avenue", "oneway": true, "reversed": "False", "length": 186.07815097213259, "ref": null, "width": null, "bridge": null, "tunnel": null, "junction": null, "access": null }, "geometry": { "type": "LineString", "coordinates": [ [ 121.044027199999988, 14.6629723 ], [ 121.043919499999987, 14.663451 ], [ 121.0436502, 14.6646055 ] ] } },
{ "type": "Feature", "properties": { "u": 967511365, "v": 12083790031, "key": 0, "osmid": "946773525", "highway": "secondary", "lanes": "3", "maxspeed": null, "name": "Visayas Avenue", "oneway": true, "reversed": "False", "length": 21.387245763844131, "ref": null, "width": null, "bridge": null, "tunnel": null, "junction": null, "access": null }, "geometry": { "type": "LineString", "coordinates": [ [ 121.044419300000015, 14.661277 ], [ 121.0443769, 14.6614599 ], [ 121.0443759, 14.6614647 ] ] } },
{ "type": "Feature", "properties": { "u": 5633396043, "v": 1333677504, "key": 0, "osmid": "1160607519", "highway": "secondary", "lanes": "2", "maxspeed": "40", "name": "Susano Road", "oneway": false, "reversed": "True", "length": 31.940375428699593, "ref": null, "width": null, "bridge": null, "tunnel": null, "junction": null, "access": null }, "geometry": { "type": "LineString", "coordinates": [ [ 121.038415299999969, 14.7268907 ], [ 121.038558600000016, 14.7266391 ] ] } },
{ "type": "Feature", "properties": { "u": 5633396043, "v": 260897476, "key": 0, "osmid": "1160607519", "highway": "secondary", "lanes": "2", "maxspeed": "40", "name": "Susano Road", "oneway": false, "reversed": "False", "length": 154.58903713685007, "ref": null, "width": null, "bridge": null, "tunnel": null, "junction": null, "access": null }, "geometry": { "type": "LineString", "coordinates": [ [ 121.038415299999969, 14.7268907 ], [ 121.038274499999986, 14.7271379 ], [ 121.0381533, 14.7273506 ], [ 121.037982899999975, 14.7276498 ], [ 121.037933400000014, 14.7277351 ], [ 121.0378652, 14.7278565 ], [ 121.037824700000016, 14.7279211 ], [ 121.0377416, 14.7280717 ], [ 121.0377221, 14.7281085 ] ] } },
{ "type": "Feature", "properties": { "u": 260897476, "v": 260898636, "key": 0, "osmid": "555196631", "highway": "secondary", "lanes": "2", "maxspeed": "40", "name": "Susano Road", "oneway": false, "reversed": "False", "length": 99.093707515518361, "ref": null, "width": null, "bridge": null, "tunnel": null, "junction": null, "access": null }, "geometry": { "type": "LineString", "coordinates": [ [ 121.0377221, 14.7281085 ], [ 121.037691900000013, 14.7281611 ], [ 121.0376769, 14.7281871 ], [ 121.037282099999985, 14.7288915 ] ] } },
{ "type": "Feature", "properties": { "u": 260897476, "v": 5633396043, "key": 0, "osmid": "1160607519", "highway": "secondary", "lanes": "2", "maxspeed": "40", "name": "Susano Road", "oneway": false, "reversed": "True", "length": 154.58903713685004, "ref": null, "width": null, "bridge": null, "tunnel": null, "junction": null, "access": null }, "geometry": { "type": "LineString", "coordinates": [ [ 121.0377221, 14.7281085 ], [ 121.0377416, 14.7280717 ], [ 121.037824700000016, 14.7279211 ], [ 121.0378652, 14.7278565 ], [ 121.037933400000014, 14.7277351 ], [ 121.037982899999975, 14.7276498 ], [ 121.0381533, 14.7273506 ], [ 121.038274499999986, 14.7271379 ], [ 121.038415299999969, 14.7268907 ] ] } },
{ "type": "Feature", "properties": { "u": 35458381, "v": 8409564860, "key": 0, "osmid": "877734550", "highway": "primary", "lanes": "3", "maxspeed": null, "name": "Mindanao Avenue", "oneway": true, "reversed": "False", "length": 132.93189352640127, "ref": "128", "width": null, "bridge": null, "tunnel": null, "junction": null, "access": null }, "geometry": { "type": "LineString", "coordinates": [ [ 121.0363992, 14.6639082 ], [ 121.03647740000001, 14.663514 ], [ 121.0365157, 14.6633212 ], [ 121.0365821, 14.6627269 ] ] } },
{ "type": "Feature", "properties": { "u": 260904999, "v": 5362535763, "key": 0, "osmid": "89993886", "highway": "secondary", "lanes": "2", "maxspeed": "40", "name": "Llano Road", "oneway": false, "reversed": "False", "length": 22.022132688755651, "ref": null, "width": null, "bridge": null, "tunnel": null, "junction": null, "access": null }, "geometry": { "type": "LineString", "coordinates": [ [ 121.030196099999984, 14.7239548 ], [ 121.0300109, 14.7240393 ] ] } },
{ "type": "Feature", "properties": { "u": 260904999, "v": 1044936621, "key": 0, "osmid": "89993886", "highway": "secondary", "lanes": "2", "maxspeed": "40", "name": "Llano Road", "oneway": false, "reversed": "True", "length": 92.530797543188854, "ref": null, "width": null, "bridge": null, "tunnel": null, "junction": null, "access": null }, "geometry": { "type": "LineString", "coordinates": [ [ 121.030196099999984, 14.7239548 ], [ 121.03097769999998, 14.7236069 ] ] } },
{ "type": "Feature", "properties": { "u": 5404831061, "v": 219738593, "key": 0, "osmid": "4588984", "highway": "secondary", "lanes": "3", "maxspeed": null, "name": "University Avenue", "oneway": true, "reversed": "False", "length": 108.62321179211872, "ref": "175", "width": null, "bridge": null, "tunnel": null, "junction": null, "access": null }, "geometry": { "type": "LineString", "coordinates": [ [ 121.0540444, 14.654139 ], [ 121.055025, 14.6543719 ] ] } },
{ "type": "Feature", "properties": { "u": 5404831061, "v": 5475576580, "key": 0, "osmid": "670619400", "highway": "primary", "lanes": "5", "maxspeed": "60", "name": "Commonwealth Avenue", "oneway": true, "reversed": "False", "length": 225.19985629175264, "ref": "170", "width": null, "bridge": null, "tunnel": null, "junction": null, "access": null }, "geometry": { "type": "LineString", "coordinates": [ [ 121.0540444, 14.654139 ], [ 121.054385, 14.6543706 ], [ 121.055512400000012, 14.6551296 ], [ 121.0557616, 14.6552973 ] ] } },
{ "type": "Feature", "properties": { "u": 219738593, "v": 29025724, "key": 0, "osmid": [ 4588984, 1065527809 ], "highway": "secondary", "lanes": "3", "maxspeed": null, "name": "University Avenue", "oneway": true, "reversed": "False", "length": 369.06265521116268, "ref": "175", "width": null, "bridge": null, "tunnel": null, "junction": null, "access": null }, "geometry": { "type": "LineString", "coordinates": [ [ 121.055025, 14.6543719 ], [ 121.05522670000002, 14.6544162 ], [ 121.055879299999987, 14.6545491 ], [ 121.0565225, 14.6546567 ], [ 121.0566727, 14.6546774 ], [ 121.05692670000002, 14.6547029 ], [ 121.0578236, 14.6547202 ], [ 121.058423500000018, 14.654732 ] ] } },
{ "type": "Feature", "properties": { "u": 22352232, "v": 206874037, "key": 0, "osmid": "324169523", "highway": "primary", "lanes": "4", "maxspeed": null, "name": "Mindanao Avenue", "oneway": true, "reversed": "False", "length": 11.421708429912044, "ref": "128", "width": null, "bridge": null, "tunnel": null, "junction": null, "access": null }, "geometry": { "type": "LineString", "coordinates": [ [ 121.035091899999983, 14.6546178 ], [ 121.035069, 14.6545175 ] ] } },
{ "type": "Feature", "properties": { "u": 22352232, "v": 9958498734, "key": 0, "osmid": [ 1333425572, 324169535 ], "highway": "primary", "lanes": "2", "maxspeed": null, "name": "North Avenue", "oneway": true, "reversed": "False", "length": 244.89293078753204, "ref": "173", "width": null, "bridge": null, "tunnel": "building_passage", "junction": null, "access": null }, "geometry": { "type": "LineString", "coordinates": [ [ 121.035091899999983, 14.6546178 ], [ 121.0347779, 14.6546874 ], [ 121.033915099999987, 14.6548787 ], [ 121.0332334, 14.6550299 ], [ 121.03313150000001, 14.6550525 ], [ 121.033029199999987, 14.6550752 ], [ 121.032873, 14.6551098 ] ] } },
{ "type": "Feature", "properties": { "u": 600218891, "v": 600218893, "key": 0, "osmid": "1350922344", "highway": "primary", "lanes": "4", "maxspeed": null, "name": "Mindanao Avenue", "oneway": true, "reversed": "False", "length": 35.305483980086159, "ref": "128", "width": null, "bridge": null, "tunnel": null, "junction": null, "access": null }, "geometry": { "type": "LineString", "coordinates": [ [ 121.0360995, 14.6583098 ], [ 121.0361732, 14.6586192 ] ] } },
{ "type": "Feature", "properties": { "u": 246782803, "v": 1316913983, "key": 0, "osmid": "675768339", "highway": "secondary", "lanes": "3", "maxspeed": "40", "name": "Kalayaan Avenue", "oneway": true, "reversed": "False", "length": 40.173886358222155, "ref": null, "width": null, "bridge": null, "tunnel": null, "junction": null, "access": null }, "geometry": { "type": "LineString", "coordinates": [ [ 121.052471, 14.6464234 ], [ 121.0525909, 14.6462307 ], [ 121.052666, 14.6461153 ] ] } },
{ "type": "Feature", "properties": { "u": 5536828821, "v": 9927335452, "key": 0, "osmid": "1059048814", "highway": "primary", "lanes": "1", "maxspeed": null, "name": "Quirino Highway", "oneway": true, "reversed": "False", "length": 134.38128944188918, "ref": "127", "width": null, "bridge": null, "tunnel": null, "junction": null, "access": null }, "geometry": { "type": "LineString", "coordinates": [ [ 121.0693868, 14.7356186 ], [ 121.0693238, 14.7355827 ], [ 121.069234499999965, 14.7355578 ], [ 121.068574199999986, 14.7355514 ], [ 121.068151, 14.735547 ] ] } },
{ "type": "Feature", "properties": { "u": 9927335452, "v": 5536826916, "key": 0, "osmid": "1059048814", "highway": "primary", "lanes": "1", "maxspeed": null, "name": "Quirino Highway", "oneway": true, "reversed": "False", "length": 6.3017597202577171, "ref": "127", "width": null, "bridge": null, "tunnel": null, "junction": null, "access": null }, "geometry": { "type": "LineString", "coordinates": [ [ 121.068151, 14.735547 ], [ 121.068092400000012, 14.7355468 ] ] } },
{ "type": "Feature", "properties": { "u": 5536828822, "v": 5536828821, "key": 0, "osmid": "1059048814", "highway": "primary", "lanes": "1", "maxspeed": null, "name": "Quirino Highway", "oneway": true, "reversed": "False", "length": 153.47604656404562, "ref": "127", "width": null, "bridge": null, "tunnel": null, "junction": null, "access": null }, "geometry": { "type": "LineString", "coordinates": [ [ 121.0704333, 14.7365568 ], [ 121.0694916, 14.7357032 ], [ 121.0693868, 14.7356186 ] ] } },
{ "type": "Feature", "properties": { "u": 5536828829, "v": 5536828822, "key": 0, "osmid": "578285014", "highway": "primary", "lanes": "2", "maxspeed": null, "name": "Quirino Highway", "oneway": true, "reversed": "False", "length": 405.67901079785406, "ref": "127", "width": null, "bridge": null, "tunnel": null, "junction": null, "access": null }, "geometry": { "type": "LineString", "coordinates": [ [ 121.073454799999979, 14.7387068 ], [ 121.072776099999984, 14.7381817 ], [ 121.072620199999974, 14.7380814 ], [ 121.0724696, 14.7379892 ], [ 121.0717794, 14.7376409 ], [ 121.0715178, 14.7374901 ], [ 121.071381799999969, 14.7374044 ], [ 121.071279899999979, 14.7373326 ], [ 121.071202200000016, 14.737266 ], [ 121.0704333, 14.7365568 ] ] } },
{ "type": "Feature", "properties": { "u": 5536828835, "v": 12120742940, "key": 0, "osmid": "578285014", "highway": "primary", "lanes": "2", "maxspeed": null, "name": "Quirino Highway", "oneway": true, "reversed": "False", "length": 319.93107203461682, "ref": "127", "width": null, "bridge": null, "tunnel": null, "junction": null, "access": null }, "geometry": { "type": "LineString", "coordinates": [ [ 121.07543050000001, 14.740927 ], [ 121.0750796, 14.7404197 ], [ 121.0745554, 14.7396786 ], [ 121.0744211, 14.7395302 ], [ 121.0743321, 14.7394407 ], [ 121.0739862, 14.7391395 ], [ 121.073923400000012, 14.7390882 ], [ 121.073624, 14.7388437 ], [ 121.073512099999988, 14.7387565 ] ] } },
{ "type": "Feature", "properties": { "u": 12120742940, "v": 5536828829, "key": 0, "osmid": "578285014", "highway": "primary", "lanes": "2", "maxspeed": null, "name": "Quirino Highway", "oneway": true, "reversed": "False", "length": 8.2770291684071129, "ref": "127", "width": null, "bridge": null, "tunnel": null, "junction": null, "access": null }, "geometry": { "type": "LineString", "coordinates": [ [ 121.073512099999988, 14.7387565 ], [ 121.073454799999979, 14.7387068 ] ] } },
{ "type": "Feature", "properties": { "u": 72685187, "v": 8657761434, "key": 0, "osmid": "77447666", "highway": "primary", "lanes": "4", "maxspeed": "60", "name": "Commonwealth Avenue", "oneway": true, "reversed": "False", "length": 57.281421612437953, "ref": "170", "width": null, "bridge": null, "tunnel": null, "junction": null, "access": null }, "geometry": { "type": "LineString", "coordinates": [ [ 121.048743299999984, 14.725226 ], [ 121.0487697, 14.7251946 ], [ 121.04878140000001, 14.7251818 ], [ 121.049081699999988, 14.7248282 ] ] } },
{ "type": "Feature", "properties": { "u": 6328480697, "v": 246783222, "key": 0, "osmid": "1324904148", "highway": "secondary", "lanes": "3", "maxspeed": "40", "name": "Kalayaan Avenue", "oneway": true, "reversed": "False", "length": 167.38044530206653, "ref": null, "width": null, "bridge": null, "tunnel": null, "junction": null, "access": null }, "geometry": { "type": "LineString", "coordinates": [ [ 121.0537121, 14.6442621 ], [ 121.053974200000013, 14.6435981 ], [ 121.0542034, 14.6429359 ], [ 121.054239499999966, 14.6428463 ] ] } },
{ "type": "Feature", "properties": { "u": 911527344, "v": 8657761433, "key": 0, "osmid": "610046350", "highway": "primary", "lanes": "4", "maxspeed": "60", "name": "Commonwealth Avenue", "oneway": true, "reversed": "False", "length": 32.683047815109447, "ref": "170", "width": null, "bridge": null, "tunnel": null, "junction": null, "access": null }, "geometry": { "type": "LineString", "coordinates": [ [ 121.0494031, 14.724705 ], [ 121.049212200000014, 14.7249337 ] ] } },
{ "type": "Feature", "properties": { "u": 8657761433, "v": 5778970613, "key": 0, "osmid": "610046350", "highway": "primary", "lanes": "4", "maxspeed": "60", "name": "Commonwealth Avenue", "oneway": true, "reversed": "False", "length": 57.841210279591557, "ref": "170", "width": null, "bridge": null, "tunnel": null, "junction": null, "access": null }, "geometry": { "type": "LineString", "coordinates": [ [ 121.049212200000014, 14.7249337 ], [ 121.0489138, 14.725292 ], [ 121.0488743, 14.7253384 ] ] } },
{ "type": "Feature", "properties": { "u": 12247313845, "v": 5286064500, "key": 0, "osmid": "85238982", "highway": "primary", "lanes": "8", "maxspeed": "60", "name": "Elliptical Road", "oneway": true, "reversed": "False", "length": 96.261023798992937, "ref": "170;173;174", "width": null, "bridge": null, "tunnel": null, "junction": null, "access": null }, "geometry": { "type": "LineString", "coordinates": [ [ 121.05127210000002, 14.6490625 ], [ 121.051324799999975, 14.6491105 ], [ 121.051422499999987, 14.6492077 ], [ 121.051514800000021, 14.6493097 ], [ 121.051601500000018, 14.6494163 ], [ 121.0516822, 14.6495271 ], [ 121.0517598, 14.6496403 ], [ 121.051816700000018, 14.6497441 ] ] } },
{ "type": "Feature", "properties": { "u": 5286064500, "v": 6505409017, "key": 0, "osmid": [ 907594168, 670619401 ], "highway": "primary", "lanes": "8", "maxspeed": "60", "name": "Elliptical Road", "oneway": true, "reversed": "False", "length": 277.13612123530987, "ref": "170;173;174", "width": null, "bridge": null, "tunnel": null, "junction": null, "access": null }, "geometry": { "type": "LineString", "coordinates": [ [ 121.051816700000018, 14.6497441 ], [ 121.051834899999989, 14.6497874 ], [ 121.0519105, 14.6499765 ], [ 121.051947200000015, 14.6501156 ], [ 121.0519753, 14.6502294 ], [ 121.0519954, 14.6503448 ], [ 121.052011400000012, 14.6504608 ], [ 121.0520235, 14.6505772 ], [ 121.052031500000012, 14.650694 ], [ 121.0520359, 14.6508622 ], [ 121.052032, 14.6510304 ], [ 121.0520197, 14.6511982 ], [ 121.051999, 14.6513653 ], [ 121.05197, 14.6515312 ], [ 121.051932899999983, 14.6516956 ], [ 121.0518875, 14.651858 ], [ 121.0517959, 14.6521063 ], [ 121.0517694, 14.6521744 ] ] } },
{ "type": "Feature", "properties": { "u": 6616010168, "v": 6791797854, "key": 0, "osmid": [ 83145376, 946773520, 149993743 ], "highway": "secondary", "lanes": "4", "maxspeed": null, "name": "Visayas Avenue", "oneway": true, "reversed": "False", "length": 50.726539030197756, "ref": null, "width": null, "bridge": "yes", "tunnel": null, "junction": null, "access": null }, "geometry": { "type": "LineString", "coordinates": [ [ 121.0435982, 14.6648298 ], [ 121.0435364, 14.6650971 ], [ 121.0434954, 14.6652685 ], [ 121.0434945, 14.6652748 ] ] } },
{ "type": "Feature", "properties": { "u": 6791797854, "v": 1334493991, "key": 0, "osmid": "946773520", "highway": "secondary", "lanes": "4", "maxspeed": null, "name": "Visayas Avenue", "oneway": true, "reversed": "False", "length": 163.99495915847467, "ref": null, "width": null, "bridge": null, "tunnel": null, "junction": null, "access": null }, "geometry": { "type": "LineString", "coordinates": [ [ 121.0434945, 14.6652748 ], [ 121.043390499999987, 14.6657474 ], [ 121.0433319, 14.6660142 ], [ 121.0433247, 14.6660469 ], [ 121.0432443, 14.6664129 ], [ 121.043231299999974, 14.666527 ], [ 121.043237599999983, 14.6667234 ] ] } },
{ "type": "Feature", "properties": { "u": 6616010167, "v": 84509606, "key": 0, "osmid": "949576804", "highway": "secondary", "lanes": "3", "maxspeed": null, "name": "Visayas Avenue", "oneway": true, "reversed": "False", "length": 185.77594704755646, "ref": null, "width": null, "bridge": null, "tunnel": null, "junction": null, "access": null }, "geometry": { "type": "LineString", "coordinates": [ [ 121.0435487, 14.6645862 ], [ 121.0439136, 14.6629532 ] ] } },
{ "type": "Feature", "properties": { "u": 5286055369, "v": 5286055373, "key": 0, "osmid": "26131635", "highway": "primary", "lanes": "3", "maxspeed": "60", "name": "Quezon Avenue", "oneway": true, "reversed": "False", "length": 58.819295130043407, "ref": "170", "width": null, "bridge": null, "tunnel": null, "junction": null, "access": null }, "geometry": { "type": "LineString", "coordinates": [ [ 121.0412182, 14.6466437 ], [ 121.0409482, 14.6464766 ], [ 121.0408491, 14.6464152 ], [ 121.0407576, 14.6463587 ] ] } },
{ "type": "Feature", "properties": { "u": 5286055373, "v": 764098860, "key": 0, "osmid": "733208064", "highway": "primary", "lanes": "3", "maxspeed": "60", "name": "Quezon Avenue", "oneway": true, "reversed": "False", "length": 18.115140202747806, "ref": "170", "width": null, "bridge": null, "tunnel": null, "junction": null, "access": null }, "geometry": { "type": "LineString", "coordinates": [ [ 121.0407576, 14.6463587 ], [ 121.04061320000001, 14.6462749 ] ] } },
{ "type": "Feature", "properties": { "u": 5286055373, "v": 5413945987, "key": 0, "osmid": [ 61045945, 1303399971 ], "highway": "secondary", "lanes": "3", "maxspeed": null, "name": "Senator Miriam P. Defensor-Santiago Avenue", "oneway": true, "reversed": "False", "length": 42.703561496776445, "ref": null, "width": null, "bridge": null, "tunnel": null, "junction": null, "access": null }, "geometry": { "type": "LineString", "coordinates": [ [ 121.0407576, 14.6463587 ], [ 121.0407081, 14.646432 ], [ 121.040553700000018, 14.6466881 ] ] } },
{ "type": "Feature", "properties": { "u": 5286055371, "v": 4503317119, "key": 0, "osmid": [ 59585039, 867164115, 481320500, 867164118, 481320504 ], "highway": "primary", "lanes": "2", "maxspeed": "60", "name": "Quezon Avenue", "oneway": true, "reversed": "False", "length": 1070.3415188953909, "ref": "170", "width": null, "bridge": null, "tunnel": "yes", "junction": null, "access": null }, "geometry": { "type": "LineString", "coordinates": [ [ 121.0429551, 14.6476654 ], [ 121.0426984, 14.6474392 ], [ 121.0414055, 14.6466475 ], [ 121.0401243, 14.6458498 ], [ 121.038241500000012, 14.6446777 ], [ 121.03679360000001, 14.6437897 ], [ 121.0346705, 14.6424985 ], [ 121.0345837, 14.6424896 ] ] } },
{ "type": "Feature", "properties": { "u": 5286055371, "v": 5286055369, "key": 0, "osmid": "547067324", "highway": "primary", "lanes": "2", "maxspeed": "60", "name": "Quezon Avenue", "oneway": true, "reversed": "False", "length": 218.97967863401226, "ref": "170", "width": null, "bridge": null, "tunnel": null, "junction": null, "access": null }, "geometry": { "type": "LineString", "coordinates": [ [ 121.0429551, 14.6476654 ], [ 121.0413322, 14.6466826 ], [ 121.0412182, 14.6466437 ] ] } },
{ "type": "Feature", "properties": { "u": 5286055371, "v": 5286055372, "key": 0, "osmid": [ 676151420, 676151423 ], "highway": "primary", "lanes": "1", "maxspeed": "60", "name": "Quezon Avenue", "oneway": true, "reversed": "False", "length": 205.83453042602184, "ref": "170", "width": null, "bridge": null, "tunnel": null, "junction": null, "access": null }, "geometry": { "type": "LineString", "coordinates": [ [ 121.0429551, 14.6476654 ], [ 121.0426345, 14.6475514 ], [ 121.042472099999983, 14.6474538 ], [ 121.041802599999968, 14.6470514 ], [ 121.041490699999983, 14.646864 ], [ 121.041299399999986, 14.646749 ] ] } },
{ "type": "Feature", "properties": { "u": 5286055372, "v": 5286055369, "key": 0, "osmid": "676151422", "highway": "primary", "lanes": "1", "maxspeed": "40", "name": "Quezon Avenue", "oneway": true, "reversed": "False", "length": 14.60849687499509, "ref": "170", "width": null, "bridge": null, "tunnel": null, "junction": null, "access": null }, "geometry": { "type": "LineString", "coordinates": [ [ 121.041299399999986, 14.646749 ], [ 121.0412182, 14.6466437 ] ] } },
{ "type": "Feature", "properties": { "u": 764098860, "v": 764098862, "key": 0, "osmid": "61045943", "highway": "secondary", "lanes": "3", "maxspeed": null, "name": "Senator Miriam P. Defensor-Santiago Avenue", "oneway": true, "reversed": "False", "length": 32.559272162458598, "ref": null, "width": null, "bridge": null, "tunnel": null, "junction": null, "access": null }, "geometry": { "type": "LineString", "coordinates": [ [ 121.04061320000001, 14.6462749 ], [ 121.040809700000011, 14.6460522 ] ] } },
{ "type": "Feature", "properties": { "u": 764098860, "v": 5432562513, "key": 0, "osmid": "733208060", "highway": "primary", "lanes": "3", "maxspeed": "60", "name": "Quezon Avenue", "oneway": true, "reversed": "False", "length": 36.3174282726862, "ref": "170", "width": null, "bridge": null, "tunnel": null, "junction": null, "access": null }, "geometry": { "type": "LineString", "coordinates": [ [ 121.04061320000001, 14.6462749 ], [ 121.040516900000014, 14.6462095 ], [ 121.040331599999973, 14.6460949 ] ] } },
{ "type": "Feature", "properties": { "u": 219754090, "v": 310742101, "key": 0, "osmid": "44635219", "highway": "primary", "lanes": "4", "maxspeed": null, "name": "Mindanao Avenue", "oneway": true, "reversed": "False", "length": 140.07925801101015, "ref": "128", "width": null, "bridge": null, "tunnel": null, "junction": null, "access": null }, "geometry": { "type": "LineString", "coordinates": [ [ 121.0361046, 14.6651191 ], [ 121.0359143, 14.6654965 ], [ 121.0357044, 14.665864 ], [ 121.035475399999967, 14.6662208 ] ] } },
{ "type": "Feature", "properties": { "u": 5828824585, "v": 260904152, "key": 0, "osmid": "28295648", "highway": "secondary", "lanes": "2", "maxspeed": "30", "name": "Sampaguita Oval Street", "oneway": false, "reversed": "False", "length": 39.072762817371576, "ref": null, "width": null, "bridge": null, "tunnel": null, "junction": null, "access": null }, "geometry": { "type": "LineString", "coordinates": [ [ 121.0564942, 14.7397112 ], [ 121.0563178, 14.7400184 ] ] } },
{ "type": "Feature", "properties": { "u": 5828824585, "v": 25629724, "key": 0, "osmid": "28295648", "highway": "secondary", "lanes": "2", "maxspeed": "30", "name": "Sampaguita Oval Street", "oneway": false, "reversed": "True", "length": 313.8920181476563, "ref": null, "width": null, "bridge": null, "tunnel": null, "junction": null, "access": null }, "geometry": { "type": "LineString", "coordinates": [ [ 121.0564942, 14.7397112 ], [ 121.0567726, 14.7392972 ], [ 121.05689809999997, 14.7391566 ], [ 121.0569752, 14.7390887 ], [ 121.0571441, 14.7389586 ], [ 121.0573102, 14.7388517 ], [ 121.0574495, 14.7387759 ], [ 121.057673799999975, 14.7386769 ], [ 121.0578314, 14.7386226 ], [ 121.058057399999967, 14.7385782 ], [ 121.058482399999974, 14.7385377 ], [ 121.058608299999989, 14.7385252 ], [ 121.0588975, 14.7384927 ], [ 121.0589449, 14.7384911 ] ] } },
{ "type": "Feature", "properties": { "u": 260904152, "v": 5828824585, "key": 0, "osmid": "28295648", "highway": "secondary", "lanes": "2", "maxspeed": "30", "name": "Sampaguita Oval Street", "oneway": false, "reversed": "True", "length": 39.072762817371576, "ref": null, "width": null, "bridge": null, "tunnel": null, "junction": null, "access": null }, "geometry": { "type": "LineString", "coordinates": [ [ 121.0563178, 14.7400184 ], [ 121.0564942, 14.7397112 ] ] } },
{ "type": "Feature", "properties": { "u": 260904152, "v": 260904165, "key": 0, "osmid": "28295648", "highway": "secondary", "lanes": "2", "maxspeed": "30", "name": "Sampaguita Oval Street", "oneway": false, "reversed": "False", "length": 44.291209706304386, "ref": null, "width": null, "bridge": null, "tunnel": null, "junction": null, "access": null }, "geometry": { "type": "LineString", "coordinates": [ [ 121.0563178, 14.7400184 ], [ 121.0562642, 14.7402395 ], [ 121.05623, 14.7404075 ] ] } },
{ "type": "Feature", "properties": { "u": 25629724, "v": 5828824585, "key": 0, "osmid": "28295648", "highway": "secondary", "lanes": "2", "maxspeed": "30", "name": "Sampaguita Oval Street", "oneway": false, "reversed": "False", "length": 313.89201814765636, "ref": null, "width": null, "bridge": null, "tunnel": null, "junction": null, "access": null }, "geometry": { "type": "LineString", "coordinates": [ [ 121.0589449, 14.7384911 ], [ 121.0588975, 14.7384927 ], [ 121.058608299999989, 14.7385252 ], [ 121.058482399999974, 14.7385377 ], [ 121.058057399999967, 14.7385782 ], [ 121.0578314, 14.7386226 ], [ 121.057673799999975, 14.7386769 ], [ 121.0574495, 14.7387759 ], [ 121.0573102, 14.7388517 ], [ 121.0571441, 14.7389586 ], [ 121.0569752, 14.7390887 ], [ 121.05689809999997, 14.7391566 ], [ 121.0567726, 14.7392972 ], [ 121.0564942, 14.7397112 ] ] } },
{ "type": "Feature", "properties": { "u": 25629724, "v": 3922129636, "key": 0, "osmid": "156577555", "highway": "secondary", "lanes": "4", "maxspeed": "30", "name": "Maligaya Street", "oneway": false, "reversed": "True", "length": 61.980822850060136, "ref": null, "width": null, "bridge": null, "tunnel": null, "junction": null, "access": null }, "geometry": { "type": "LineString", "coordinates": [ [ 121.0589449, 14.7384911 ], [ 121.058955, 14.7381963 ], [ 121.058964, 14.737934 ] ] } },
{ "type": "Feature", "properties": { "u": 9785527820, "v": 5404831061, "key": 0, "osmid": [ 1112571178, 741730141 ], "highway": "primary", "lanes": "5", "maxspeed": "60", "name": "Commonwealth Avenue", "oneway": true, "reversed": "False", "length": 184.61434113311373, "ref": "170", "width": null, "bridge": null, "tunnel": null, "junction": null, "access": null }, "geometry": { "type": "LineString", "coordinates": [ [ 121.0525585, 14.65331 ], [ 121.0530962, 14.6536388 ], [ 121.053761399999985, 14.6539897 ], [ 121.0539596, 14.6540943 ], [ 121.0540444, 14.654139 ] ] } },
{ "type": "Feature", "properties": { "u": 2074398238, "v": 2057196839, "key": 0, "osmid": "889960700", "highway": "primary", "lanes": "1", "maxspeed": null, "name": "Quezon Avenue", "oneway": true, "reversed": "False", "length": 44.445259399087035, "ref": "170", "width": null, "bridge": null, "tunnel": null, "junction": null, "access": null }, "geometry": { "type": "LineString", "coordinates": [ [ 121.046571, 14.6497106 ], [ 121.046925599999966, 14.6499157 ] ] } },
{ "type": "Feature", "properties": { "u": 2074398238, "v": 5432844416, "key": 0, "osmid": "5019421", "highway": "primary", "lanes": "3", "maxspeed": "60", "name": "Quezon Avenue", "oneway": true, "reversed": "False", "length": 105.68743035003142, "ref": "170", "width": null, "bridge": null, "tunnel": null, "junction": null, "access": null }, "geometry": { "type": "LineString", "coordinates": [ [ 121.046571, 14.6497106 ], [ 121.0467253, 14.6497676 ], [ 121.04687610000002, 14.6497879 ], [ 121.0470314, 14.6497866 ], [ 121.047144700000018, 14.6497662 ], [ 121.0472225, 14.6497437 ], [ 121.0475085, 14.6496201 ] ] } },
{ "type": "Feature", "properties": { "u": 2057196839, "v": 12120709519, "key": 0, "osmid": "1308862962", "highway": "primary", "lanes": null, "maxspeed": null, "name": "Quezon Avenue", "oneway": true, "reversed": "False", "length": 39.635480669218737, "ref": "170", "width": null, "bridge": null, "tunnel": null, "junction": null, "access": null }, "geometry": { "type": "LineString", "coordinates": [ [ 121.046925599999966, 14.6499157 ], [ 121.046964499999973, 14.6499293 ], [ 121.0470448, 14.6499442 ], [ 121.0471265, 14.6499429 ], [ 121.047206200000019, 14.6499253 ], [ 121.0472805, 14.6498921 ] ] } },
{ "type": "Feature", "properties": { "u": 1333640611, "v": 311733809, "key": 0, "osmid": "129814574", "highway": "primary", "lanes": "4", "maxspeed": null, "name": "Quirino Highway", "oneway": false, "reversed": "False", "length": 58.515825412051669, "ref": "127", "width": null, "bridge": null, "tunnel": null, "junction": null, "access": null }, "geometry": { "type": "LineString", "coordinates": [ [ 121.022343899999981, 14.6841628 ], [ 121.02242320000002, 14.6842534 ], [ 121.0224818, 14.6843125 ], [ 121.0225508, 14.6843747 ], [ 121.0226227, 14.6844392 ], [ 121.0227389, 14.6845219 ] ] } },
{ "type": "Feature", "properties": { "u": 1333640611, "v": 616552540, "key": 0, "osmid": "129814574", "highway": "primary", "lanes": "4", "maxspeed": null, "name": "Quirino Highway", "oneway": false, "reversed": "True", "length": 232.54713208137707, "ref": "127", "width": null, "bridge": null, "tunnel": null, "junction": null, "access": null }, "geometry": { "type": "LineString", "coordinates": [ [ 121.022343899999981, 14.6841628 ], [ 121.0222363, 14.6840361 ], [ 121.022052699999989, 14.6838172 ], [ 121.021727, 14.6834225 ], [ 121.0215063, 14.6831689 ], [ 121.021341599999971, 14.6829787 ], [ 121.020967900000016, 14.6825499 ] ] } },
{ "type": "Feature", "properties": { "u": 11442900549, "v": 352925337, "key": 0, "osmid": [ 362211569, 156572867, 44634869 ], "highway": "secondary", "lanes": "4", "maxspeed": "40", "name": "Tandang Sora Avenue", "oneway": false, "reversed": "False", "length": 197.57206612460965, "ref": null, "width": "14", "bridge": "yes", "tunnel": null, "junction": null, "access": null }, "geometry": { "type": "LineString", "coordinates": [ [ 121.0504281, 14.6720904 ], [ 121.050390199999981, 14.6721183 ], [ 121.0503068, 14.6721776 ], [ 121.0502107, 14.6722524 ], [ 121.0501392, 14.6723098 ], [ 121.050043599999981, 14.6723795 ], [ 121.0499333, 14.6724687 ], [ 121.049722, 14.6727053 ], [ 121.049671299999986, 14.6727693 ], [ 121.049583699999985, 14.6728709 ], [ 121.049511600000017, 14.6729431 ], [ 121.049409600000018, 14.6730267 ], [ 121.049177, 14.6732239 ], [ 121.049098699999988, 14.6733064 ] ] } },
{ "type": "Feature", "properties": { "u": 11442900549, "v": 250541189, "key": 0, "osmid": "362211569", "highway": "secondary", "lanes": "4", "maxspeed": "40", "name": "Tandang Sora Avenue", "oneway": false, "reversed": "True", "length": 200.17741993045843, "ref": null, "width": "14", "bridge": null, "tunnel": null, "junction": null, "access": null }, "geometry": { "type": "LineString", "coordinates": [ [ 121.0504281, 14.6720904 ], [ 121.050895, 14.671727 ], [ 121.0509293, 14.6716992 ], [ 121.0509438, 14.6716875 ], [ 121.0510657, 14.6715869 ], [ 121.0511104, 14.6715464 ], [ 121.0512904, 14.6713964 ], [ 121.051481800000019, 14.6712103 ], [ 121.0518196, 14.6708975 ] ] } },
{ "type": "Feature", "properties": { "u": 352925337, "v": 11442900549, "key": 0, "osmid": [ 362211569, 156572867, 44634869 ], "highway": "secondary", "lanes": "4", "maxspeed": "40", "name": "Tandang Sora Avenue", "oneway": false, "reversed": "True", "length": 197.57206612460962, "ref": null, "width": "14", "bridge": "yes", "tunnel": null, "junction": null, "access": null }, "geometry": { "type": "LineString", "coordinates": [ [ 121.049098699999988, 14.6733064 ], [ 121.049177, 14.6732239 ], [ 121.049409600000018, 14.6730267 ], [ 121.049511600000017, 14.6729431 ], [ 121.049583699999985, 14.6728709 ], [ 121.049671299999986, 14.6727693 ], [ 121.049722, 14.6727053 ], [ 121.0499333, 14.6724687 ], [ 121.050043599999981, 14.6723795 ], [ 121.0501392, 14.6723098 ], [ 121.0502107, 14.6722524 ], [ 121.0503068, 14.6721776 ], [ 121.050390199999981, 14.6721183 ], [ 121.0504281, 14.6720904 ] ] } },
{ "type": "Feature", "properties": { "u": 352925337, "v": 250546483, "key": 0, "osmid": [ 146591584, 277508204, 146591591 ], "highway": "primary", "lanes": "2", "maxspeed": "60", "name": "Congressional Avenue Extension", "oneway": true, "reversed": "False", "length": 213.61865172841328, "ref": "129", "width": null, "bridge": "yes", "tunnel": null, "junction": null, "access": null }, "geometry": { "type": "LineString", "coordinates": [ [ 121.049098699999988, 14.6733064 ], [ 121.0492667, 14.6733304 ], [ 121.049624399999985, 14.6733574 ], [ 121.049868100000012, 14.6733642 ], [ 121.050056599999976, 14.6733883 ], [ 121.050146199999986, 14.6734075 ], [ 121.050416899999973, 14.6734654 ], [ 121.0506373, 14.6735122 ], [ 121.050746500000017, 14.6735368 ], [ 121.0510547, 14.6736067 ] ] } },
{ "type": "Feature", "properties": { "u": 103796296, "v": 88783440, "key": 0, "osmid": [ 834381835, 1343298477 ], "highway": "trunk", "lanes": "4", "maxspeed": "60", "name": "EDSA", "oneway": true, "reversed": "False", "length": 23.003907909635988, "ref": "1", "width": "19.2", "bridge": null, "tunnel": "building_passage", "junction": null, "access": null }, "geometry": { "type": "LineString", "coordinates": [ [ 121.0291813, 14.6556656 ], [ 121.029273, 14.6556466 ], [ 121.0293904, 14.6556223 ] ] } },
{ "type": "Feature", "properties": { "u": 88783440, "v": 577406331, "key": 0, "osmid": "621109804", "highway": "trunk", "lanes": "4", "maxspeed": "60", "name": "EDSA", "oneway": true, "reversed": "False", "length": 134.3298879514723, "ref": "1", "width": "19.2", "bridge": null, "tunnel": null, "junction": null, "access": null }, "geometry": { "type": "LineString", "coordinates": [ [ 121.0293904, 14.6556223 ], [ 121.029559100000014, 14.6555859 ], [ 121.0297282, 14.655542 ], [ 121.0298084, 14.6555125 ], [ 121.029860900000017, 14.6554893 ], [ 121.0299364, 14.6554413 ], [ 121.029988100000011, 14.6554011 ], [ 121.030023200000016, 14.6553661 ], [ 121.030088099999986, 14.6552941 ], [ 121.03016239999998, 14.6551944 ], [ 121.0303425, 14.6549334 ] ] } },
{ "type": "Feature", "properties": { "u": 88783440, "v": 5282193839, "key": 0, "osmid": "737281135", "highway": "primary", "lanes": "2", "maxspeed": null, "name": "West Avenue", "oneway": true, "reversed": "False", "length": 164.07996024293084, "ref": "171", "width": "7", "bridge": null, "tunnel": null, "junction": null, "access": null }, "geometry": { "type": "LineString", "coordinates": [ [ 121.0293904, 14.6556223 ], [ 121.029451499999979, 14.6555867 ], [ 121.029486800000015, 14.6555608 ], [ 121.029522, 14.6555355 ], [ 121.0295686, 14.6554934 ], [ 121.0296021, 14.6554594 ], [ 121.0296469, 14.6554062 ], [ 121.0296889, 14.6553493 ], [ 121.029726899999972, 14.6552879 ], [ 121.0297542, 14.6552404 ], [ 121.0297747, 14.6551958 ], [ 121.029787400000018, 14.6551567 ], [ 121.029799400000016, 14.6551112 ], [ 121.0298106, 14.6550653 ], [ 121.0298206, 14.655015 ], [ 121.029805499999966, 14.6548666 ], [ 121.029683699999978, 14.6543151 ] ] } },
{ "type": "Feature", "properties": { "u": 1234357833, "v": 245864846, "key": 0, "osmid": "4705602", "highway": "secondary", "lanes": "4", "maxspeed": "40", "name": "V. Luna Road", "oneway": false, "reversed": "True", "length": 62.250360248896847, "ref": null, "width": null, "bridge": null, "tunnel": null, "junction": null, "access": null }, "geometry": { "type": "LineString", "coordinates": [ [ 121.0520508, 14.6367108 ], [ 121.0514868, 14.6368358 ] ] } },
{ "type": "Feature", "properties": { "u": 1234357833, "v": 245864936, "key": 0, "osmid": "4705602", "highway": "secondary", "lanes": "4", "maxspeed": "40", "name": "V. Luna Road", "oneway": false, "reversed": "False", "length": 62.229515721889165, "ref": null, "width": null, "bridge": null, "tunnel": null, "junction": null, "access": null }, "geometry": { "type": "LineString", "coordinates": [ [ 121.0520508, 14.6367108 ], [ 121.0521028, 14.6366994 ], [ 121.0526156, 14.6365901 ] ] } },
{ "type": "Feature", "properties": { "u": 245864846, "v": 1234357833, "key": 0, "osmid": "4705602", "highway": "secondary", "lanes": "4", "maxspeed": "40", "name": "V. Luna Road", "oneway": false, "reversed": "False", "length": 62.250360248896847, "ref": null, "width": null, "bridge": null, "tunnel": null, "junction": null, "access": null }, "geometry": { "type": "LineString", "coordinates": [ [ 121.0514868, 14.6368358 ], [ 121.0520508, 14.6367108 ] ] } },
{ "type": "Feature", "properties": { "u": 245864846, "v": 60979973, "key": 0, "osmid": "4705602", "highway": "secondary", "lanes": "4", "maxspeed": "40", "name": "V. Luna Road", "oneway": false, "reversed": "True", "length": 111.96884457662779, "ref": null, "width": null, "bridge": null, "tunnel": null, "junction": null, "access": null }, "geometry": { "type": "LineString", "coordinates": [ [ 121.0514868, 14.6368358 ], [ 121.0513358, 14.6368702 ], [ 121.050473, 14.6370634 ] ] } },
{ "type": "Feature", "properties": { "u": 245864936, "v": 245865187, "key": 0, "osmid": "4705602", "highway": "secondary", "lanes": "4", "maxspeed": "40", "name": "V. Luna Road", "oneway": false, "reversed": "False", "length": 62.084072649908819, "ref": null, "width": null, "bridge": null, "tunnel": null, "junction": null, "access": null }, "geometry": { "type": "LineString", "coordinates": [ [ 121.0526156, 14.6365901 ], [ 121.052672699999974, 14.6365765 ], [ 121.052762499999972, 14.6365569 ], [ 121.052861199999981, 14.6365373 ], [ 121.0531791, 14.6364699 ] ] } },
{ "type": "Feature", "properties": { "u": 245864936, "v": 1234357833, "key": 0, "osmid": "4705602", "highway": "secondary", "lanes": "4", "maxspeed": "40", "name": "V. Luna Road", "oneway": false, "reversed": "True", "length": 62.229515721889165, "ref": null, "width": null, "bridge": null, "tunnel": null, "junction": null, "access": null }, "geometry": { "type": "LineString", "coordinates": [ [ 121.0526156, 14.6365901 ], [ 121.0521028, 14.6366994 ], [ 121.0520508, 14.6367108 ] ] } },
{ "type": "Feature", "properties": { "u": 597896900, "v": 311733853, "key": 0, "osmid": "134891386", "highway": "secondary", "lanes": "2", "maxspeed": "40", "name": "Tandang Sora Avenue", "oneway": false, "reversed": "False", "length": 25.502831145185958, "ref": null, "width": null, "bridge": null, "tunnel": null, "junction": null, "access": null }, "geometry": { "type": "LineString", "coordinates": [ [ 121.0191609, 14.6800579 ], [ 121.019067599999985, 14.6800701 ], [ 121.0189261, 14.6800897 ] ] } },
{ "type": "Feature", "properties": { "u": 597896900, "v": 2602856330, "key": 0, "osmid": "134891386", "highway": "secondary", "lanes": "2", "maxspeed": "40", "name": "Tandang Sora Avenue", "oneway": false, "reversed": "True", "length": 101.26243630516593, "ref": null, "width": null, "bridge": null, "tunnel": null, "junction": null, "access": null }, "geometry": { "type": "LineString", "coordinates": [ [ 121.0191609, 14.6800579 ], [ 121.0192235, 14.6800468 ], [ 121.0193552, 14.6800256 ], [ 121.019360899999967, 14.6800247 ], [ 121.0195974, 14.6799867 ], [ 121.019964099999981, 14.6799286 ], [ 121.020089400000018, 14.6799077 ] ] } },
{ "type": "Feature", "properties": { "u": 250543841, "v": 311733853, "key": 0, "osmid": [ 1168884921, 834542159, 129814575 ], "highway": "primary", "lanes": "4", "maxspeed": null, "name": "Quirino Highway", "oneway": false, "reversed": "False", "length": 152.55205605570913, "ref": "127", "width": null, "bridge": null, "tunnel": null, "junction": null, "access": null }, "geometry": { "type": "LineString", "coordinates": [ [ 121.018027, 14.6790288 ], [ 121.0184196, 14.6794922 ], [ 121.0186007, 14.6797084 ], [ 121.0186336, 14.6797491 ], [ 121.018689799999962, 14.6798162 ], [ 121.018847900000011, 14.6799954 ], [ 121.01885630000001, 14.6800062 ], [ 121.0189261, 14.6800897 ] ] } },
{ "type": "Feature", "properties": { "u": 250543841, "v": 1338047477, "key": 0, "osmid": "129814575", "highway": "primary", "lanes": "4", "maxspeed": null, "name": "Quirino Highway", "oneway": false, "reversed": "True", "length": 126.83244248669843, "ref": "127", "width": null, "bridge": null, "tunnel": null, "junction": null, "access": null }, "geometry": { "type": "LineString", "coordinates": [ [ 121.018027, 14.6790288 ], [ 121.0177353, 14.67869 ], [ 121.017636599999989, 14.678577 ], [ 121.017558400000013, 14.6784825 ], [ 121.0174252, 14.6783214 ], [ 121.0172802, 14.6781462 ] ] } },
{ "type": "Feature", "properties": { "u": 5464354432, "v": 4348132724, "key": 0, "osmid": "883216502", "highway": "secondary", "lanes": "4", "maxspeed": "40", "name": "Carlos P. Garcia Avenue", "oneway": false, "reversed": "False", "length": 38.375872313334732, "ref": null, "width": null, "bridge": null, "tunnel": null, "junction": null, "access": null }, "geometry": { "type": "LineString", "coordinates": [ [ 121.060484700000018, 14.6471743 ], [ 121.0605917, 14.6471507 ], [ 121.060653599999981, 14.6471415 ], [ 121.0607046, 14.6471364 ], [ 121.0607515, 14.6471335 ], [ 121.060837500000019, 14.64713 ] ] } },
{ "type": "Feature", "properties": { "u": 5464354432, "v": 22352553, "key": 0, "osmid": "1111932961", "highway": "secondary", "lanes": "4", "maxspeed": "40", "name": "Carlos P. Garcia Avenue", "oneway": false, "reversed": "True", "length": 28.305390128314507, "ref": null, "width": null, "bridge": null, "tunnel": null, "junction": null, "access": null }, "geometry": { "type": "LineString", "coordinates": [ [ 121.060484700000018, 14.6471743 ], [ 121.0604006, 14.6471941 ], [ 121.060333400000019, 14.6472202 ], [ 121.060240799999988, 14.6472663 ] ] } },
{ "type": "Feature", "properties": { "u": 22352553, "v": 306542749, "key": 0, "osmid": "1111932962", "highway": "secondary", "lanes": "4", "maxspeed": "40", "name": "Carlos P. Garcia Avenue", "oneway": false, "reversed": "True", "length": 22.170765526482036, "ref": null, "width": null, "bridge": null, "tunnel": null, "junction": null, "access": null }, "geometry": { "type": "LineString", "coordinates": [ [ 121.060240799999988, 14.6472663 ], [ 121.060084899999978, 14.6473967 ] ] } },
{ "type": "Feature", "properties": { "u": 22352553, "v": 5464354432, "key": 0, "osmid": "1111932961", "highway": "secondary", "lanes": "4", "maxspeed": "40", "name": "Carlos P. Garcia Avenue", "oneway": false, "reversed": "False", "length": 28.305390128314507, "ref": null, "width": null, "bridge": null, "tunnel": null, "junction": null, "access": null }, "geometry": { "type": "LineString", "coordinates": [ [ 121.060240799999988, 14.6472663 ], [ 121.060333400000019, 14.6472202 ], [ 121.0604006, 14.6471941 ], [ 121.060484700000018, 14.6471743 ] ] } },
{ "type": "Feature", "properties": { "u": 12085967694, "v": 12085967693, "key": 0, "osmid": "1304910499", "highway": "primary", "lanes": "4", "maxspeed": null, "name": "Quirino Highway", "oneway": true, "reversed": "False", "length": 85.040288353755585, "ref": "127", "width": null, "bridge": null, "tunnel": null, "junction": null, "access": null }, "geometry": { "type": "LineString", "coordinates": [ [ 121.01489789999998, 14.6753285 ], [ 121.01480429999998, 14.6752469 ], [ 121.0145016, 14.6748788 ], [ 121.0144237, 14.6747236 ] ] } },
{ "type": "Feature", "properties": { "u": 12085967694, "v": 311733953, "key": 0, "osmid": "1304910500", "highway": "primary", "lanes": "4", "maxspeed": null, "name": "Quirino Highway", "oneway": false, "reversed": "False", "length": 33.151369797166929, "ref": "127", "width": null, "bridge": null, "tunnel": null, "junction": null, "access": null }, "geometry": { "type": "LineString", "coordinates": [ [ 121.01489789999998, 14.6753285 ], [ 121.015022, 14.6754977 ], [ 121.0150803, 14.6755687 ] ] } },
{ "type": "Feature", "properties": { "u": 2602856330, "v": 2548323597, "key": 0, "osmid": "134891386", "highway": "secondary", "lanes": "2", "maxspeed": "40", "name": "Tandang Sora Avenue", "oneway": false, "reversed": "True", "length": 36.364775031549691, "ref": null, "width": null, "bridge": null, "tunnel": null, "junction": null, "access": null }, "geometry": { "type": "LineString", "coordinates": [ [ 121.020089400000018, 14.6799077 ], [ 121.0204229, 14.6798541 ] ] } },
{ "type": "Feature", "properties": { "u": 2602856330, "v": 597896900, "key": 0, "osmid": "134891386", "highway": "secondary", "lanes": "2", "maxspeed": "40", "name": "Tandang Sora Avenue", "oneway": false, "reversed": "False", "length": 101.26243630516596, "ref": null, "width": null, "bridge": null, "tunnel": null, "junction": null, "access": null }, "geometry": { "type": "LineString", "coordinates": [ [ 121.020089400000018, 14.6799077 ], [ 121.019964099999981, 14.6799286 ], [ 121.0195974, 14.6799867 ], [ 121.019360899999967, 14.6800247 ], [ 121.0193552, 14.6800256 ], [ 121.0192235, 14.6800468 ], [ 121.0191609, 14.6800579 ] ] } },
{ "type": "Feature", "properties": { "u": 12085967693, "v": 12085967694, "key": 0, "osmid": "1304910498", "highway": "primary", "lanes": null, "maxspeed": null, "name": "Quirino Highway", "oneway": true, "reversed": "False", "length": 85.524514998539928, "ref": "127", "width": null, "bridge": null, "tunnel": null, "junction": null, "access": null }, "geometry": { "type": "LineString", "coordinates": [ [ 121.0144237, 14.6747236 ], [ 121.0145625, 14.6748416 ], [ 121.014857599999985, 14.6752127 ], [ 121.01489789999998, 14.6753285 ] ] } },
{ "type": "Feature", "properties": { "u": 9974001368, "v": 6123488349, "key": 0, "osmid": "168525275", "highway": "primary", "lanes": "2", "maxspeed": null, "name": "Quirino Highway", "oneway": true, "reversed": "False", "length": 29.313361024473672, "ref": "127", "width": null, "bridge": null, "tunnel": null, "junction": null, "access": null }, "geometry": { "type": "LineString", "coordinates": [ [ 121.0335276, 14.6982567 ], [ 121.033666699999984, 14.6984834 ] ] } },
{ "type": "Feature", "properties": { "u": 9974001369, "v": 6300532337, "key": 0, "osmid": "168525276", "highway": "primary", "lanes": "2", "maxspeed": null, "name": "Quirino Highway", "oneway": true, "reversed": "False", "length": 213.73270393846639, "ref": "127", "width": null, "bridge": null, "tunnel": null, "junction": null, "access": null }, "geometry": { "type": "LineString", "coordinates": [ [ 121.033462699999987, 14.6982934 ], [ 121.033420199999981, 14.6982214 ], [ 121.0333057, 14.698039 ], [ 121.033186, 14.6978483 ], [ 121.0331731, 14.697827 ], [ 121.0330466, 14.6976234 ], [ 121.032825700000018, 14.6972679 ], [ 121.032698899999986, 14.6970665 ], [ 121.032618700000015, 14.6969388 ], [ 121.0324425, 14.696644 ] ] } },
{ "type": "Feature", "properties": { "u": 6300532337, "v": 6300532336, "key": 0, "osmid": "168525276", "highway": "primary", "lanes": "2", "maxspeed": null, "name": "Quirino Highway", "oneway": true, "reversed": "False", "length": 40.422734157441859, "ref": "127", "width": null, "bridge": null, "tunnel": null, "junction": null, "access": null }, "geometry": { "type": "LineString", "coordinates": [ [ 121.0324425, 14.696644 ], [ 121.032257800000011, 14.6963274 ] ] } },
{ "type": "Feature", "properties": { "u": 12074204156, "v": 12074242107, "key": 0, "osmid": "168525276", "highway": "primary", "lanes": "2", "maxspeed": null, "name": "Quirino Highway", "oneway": true, "reversed": "False", "length": 19.591128487003168, "ref": "127", "width": null, "bridge": null, "tunnel": null, "junction": null, "access": null }, "geometry": { "type": "LineString", "coordinates": [ [ 121.0338836, 14.6989981 ], [ 121.0337922, 14.6988457 ] ] } },
{ "type": "Feature", "properties": { "u": 203263721, "v": 60979973, "key": 0, "osmid": "4705602", "highway": "secondary", "lanes": "4", "maxspeed": "40", "name": "V. Luna Road", "oneway": false, "reversed": "False", "length": 71.755747719962542, "ref": null, "width": null, "bridge": null, "tunnel": null, "junction": null, "access": null }, "geometry": { "type": "LineString", "coordinates": [ [ 121.049823, 14.637208 ], [ 121.050473, 14.6370634 ] ] } },
{ "type": "Feature", "properties": { "u": 203263721, "v": 203263750, "key": 0, "osmid": "4705602", "highway": "secondary", "lanes": "4", "maxspeed": "40", "name": "V. Luna Road", "oneway": false, "reversed": "True", "length": 62.509782965883424, "ref": null, "width": null, "bridge": null, "tunnel": null, "junction": null, "access": null }, "geometry": { "type": "LineString", "coordinates": [ [ 121.049823, 14.637208 ], [ 121.049748399999984, 14.6372238 ], [ 121.0492544, 14.6373236 ] ] } },
{ "type": "Feature", "properties": { "u": 60979973, "v": 203263721, "key": 0, "osmid": "4705602", "highway": "secondary", "lanes": "4", "maxspeed": "40", "name": "V. Luna Road", "oneway": false, "reversed": "True", "length": 71.755747719962542, "ref": null, "width": null, "bridge": null, "tunnel": null, "junction": null, "access": null }, "geometry": { "type": "LineString", "coordinates": [ [ 121.050473, 14.6370634 ], [ 121.049823, 14.637208 ] ] } },
{ "type": "Feature", "properties": { "u": 60979973, "v": 245864846, "key": 0, "osmid": "4705602", "highway": "secondary", "lanes": "4", "maxspeed": "40", "name": "V. Luna Road", "oneway": false, "reversed": "False", "length": 111.96884457662779, "ref": null, "width": null, "bridge": null, "tunnel": null, "junction": null, "access": null }, "geometry": { "type": "LineString", "coordinates": [ [ 121.050473, 14.6370634 ], [ 121.0513358, 14.6368702 ], [ 121.0514868, 14.6368358 ] ] } },
{ "type": "Feature", "properties": { "u": 203263750, "v": 203263721, "key": 0, "osmid": "4705602", "highway": "secondary", "lanes": "4", "maxspeed": "40", "name": "V. Luna Road", "oneway": false, "reversed": "False", "length": 62.509782965883424, "ref": null, "width": null, "bridge": null, "tunnel": null, "junction": null, "access": null }, "geometry": { "type": "LineString", "coordinates": [ [ 121.0492544, 14.6373236 ], [ 121.049748399999984, 14.6372238 ], [ 121.049823, 14.637208 ] ] } },
{ "type": "Feature", "properties": { "u": 203263750, "v": 203263778, "key": 0, "osmid": "4705602", "highway": "secondary", "lanes": "4", "maxspeed": "40", "name": "V. Luna Road", "oneway": false, "reversed": "True", "length": 58.061224131485609, "ref": null, "width": null, "bridge": null, "tunnel": null, "junction": null, "access": null }, "geometry": { "type": "LineString", "coordinates": [ [ 121.0492544, 14.6373236 ], [ 121.049072, 14.6373652 ], [ 121.048729100000017, 14.6374433 ] ] } },
{ "type": "Feature", "properties": { "u": 9749901058, "v": 12247313845, "key": 0, "osmid": "1323522121", "highway": "primary", "lanes": "8", "maxspeed": "60", "name": "Elliptical Road", "oneway": true, "reversed": "False", "length": 5.7243714970839603, "ref": "170;173;174", "width": null, "bridge": null, "tunnel": null, "junction": null, "access": null }, "geometry": { "type": "LineString", "coordinates": [ [ 121.0512327, 14.6490279 ], [ 121.05127210000002, 14.6490625 ] ] } },
{ "type": "Feature", "properties": { "u": 10921201415, "v": 577406331, "key": 0, "osmid": "737281136", "highway": "primary", "lanes": "2", "maxspeed": null, "name": "West Avenue", "oneway": true, "reversed": "False", "length": 122.29676378031634, "ref": "171", "width": "7", "bridge": null, "tunnel": null, "junction": null, "access": null }, "geometry": { "type": "LineString", "coordinates": [ [ 121.029796100000013, 14.6542867 ], [ 121.029916400000019, 14.6548449 ], [ 121.029934699999984, 14.6549168 ], [ 121.029957200000013, 14.6549479 ], [ 121.029981, 14.6549741 ], [ 121.030000799999982, 14.6549909 ], [ 121.03002170000002, 14.6550034 ], [ 121.0300476, 14.6550164 ], [ 121.030082399999984, 14.6550212 ], [ 121.030108499999983, 14.6550236 ], [ 121.0301659, 14.6550143 ], [ 121.030212599999984, 14.6549998 ], [ 121.0303425, 14.6549334 ] ] } },
{ "type": "Feature", "properties": { "u": 6609055514, "v": 12081828978, "key": 0, "osmid": "577597244", "highway": "primary", "lanes": "2", "maxspeed": null, "name": "Regalado Highway", "oneway": true, "reversed": "False", "length": 329.51590183261106, "ref": null, "width": null, "bridge": null, "tunnel": null, "junction": null, "access": null }, "geometry": { "type": "LineString", "coordinates": [ [ 121.061157099999988, 14.7275841 ], [ 121.0611596, 14.7253925 ], [ 121.0611606, 14.7247829 ], [ 121.0611599, 14.7246207 ] ] } },
{ "type": "Feature", "properties": { "u": 12081828978, "v": 5536826858, "key": 0, "osmid": "577597244", "highway": "primary", "lanes": "2", "maxspeed": null, "name": "Regalado Highway", "oneway": true, "reversed": "False", "length": 8.7733514277263822, "ref": null, "width": null, "bridge": null, "tunnel": null, "junction": null, "access": null }, "geometry": { "type": "LineString", "coordinates": [ [ 121.0611599, 14.7246207 ], [ 121.0611596, 14.7245418 ] ] } },
{ "type": "Feature", "properties": { "u": 12336748359, "v": 10921201415, "key": 0, "osmid": "801352113", "highway": "primary", "lanes": "2", "maxspeed": null, "name": "West Avenue", "oneway": true, "reversed": "False", "length": 390.89625154684717, "ref": "171", "width": "7", "bridge": null, "tunnel": null, "junction": null, "access": null }, "geometry": { "type": "LineString", "coordinates": [ [ 121.029002800000015, 14.6508561 ], [ 121.029017, 14.650921 ], [ 121.029796100000013, 14.6542867 ] ] } },
{ "type": "Feature", "properties": { "u": 7041200005, "v": 10052765810, "key": 0, "osmid": "168525275", "highway": "primary", "lanes": "2", "maxspeed": null, "name": "Quirino Highway", "oneway": true, "reversed": "False", "length": 150.19158533261597, "ref": "127", "width": null, "bridge": null, "tunnel": null, "junction": null, "access": null }, "geometry": { "type": "LineString", "coordinates": [ [ 121.030063100000021, 14.6930364 ], [ 121.030138, 14.693134 ], [ 121.030785299999977, 14.6939591 ], [ 121.0308813, 14.6940849 ], [ 121.030904, 14.6941147 ] ] } },
{ "type": "Feature", "properties": { "u": 2548323597, "v": 2602856330, "key": 0, "osmid": "134891386", "highway": "secondary", "lanes": "2", "maxspeed": "40", "name": "Tandang Sora Avenue", "oneway": false, "reversed": "False", "length": 36.364775031549691, "ref": null, "width": null, "bridge": null, "tunnel": null, "junction": null, "access": null }, "geometry": { "type": "LineString", "coordinates": [ [ 121.0204229, 14.6798541 ], [ 121.020089400000018, 14.6799077 ] ] } },
{ "type": "Feature", "properties": { "u": 2548323597, "v": 250541951, "key": 0, "osmid": "129814578", "highway": "secondary", "lanes": "2", "maxspeed": "40", "name": "Tandang Sora Avenue", "oneway": false, "reversed": "True", "length": 216.33564241434141, "ref": null, "width": null, "bridge": null, "tunnel": null, "junction": null, "access": null }, "geometry": { "type": "LineString", "coordinates": [ [ 121.0204229, 14.6798541 ], [ 121.0206138, 14.679822 ], [ 121.0208399, 14.679784 ], [ 121.0208582, 14.6797809 ], [ 121.021042, 14.6797568 ], [ 121.021232499999982, 14.6797236 ], [ 121.0214348, 14.6796892 ], [ 121.0217002, 14.679644 ], [ 121.0221732, 14.6795767 ], [ 121.022409499999981, 14.6795551 ] ] } },
{ "type": "Feature", "properties": { "u": 506392515, "v": 12094006136, "key": 0, "osmid": "46702712", "highway": "primary", "lanes": "2", "maxspeed": "60", "name": "Mindanao Avenue", "oneway": true, "reversed": "False", "length": 27.532091636788685, "ref": "128", "width": null, "bridge": null, "tunnel": null, "junction": null, "access": null }, "geometry": { "type": "LineString", "coordinates": [ [ 121.0260267, 14.6919187 ], [ 121.0262386, 14.6917798 ] ] } },
{ "type": "Feature", "properties": { "u": 506392515, "v": 597009225, "key": 0, "osmid": [ 315145211, 249490420, 46702709 ], "highway": "primary", "lanes": "2", "maxspeed": "60", "name": "Mindanao Avenue", "oneway": true, "reversed": "False", "length": 488.26986808140339, "ref": "128", "width": null, "bridge": null, "tunnel": "yes", "junction": null, "access": null }, "geometry": { "type": "LineString", "coordinates": [ [ 121.0260267, 14.6919187 ], [ 121.02624219999997, 14.6918584 ], [ 121.0264096, 14.6917543 ], [ 121.0265963, 14.691621 ], [ 121.026801500000019, 14.691438 ], [ 121.027521799999974, 14.6907079 ], [ 121.027896399999989, 14.6903619 ], [ 121.028766799999985, 14.6895551 ], [ 121.0291041, 14.6893197 ], [ 121.029439600000018, 14.6890716 ] ] } },
{ "type": "Feature", "properties": { "u": 251624041, "v": 251472589, "key": 0, "osmid": "1059048815", "highway": "primary", "lanes": "1", "maxspeed": null, "name": "Quirino Highway", "oneway": true, "reversed": "False", "length": 70.09857539710066, "ref": "127", "width": null, "bridge": null, "tunnel": null, "junction": null, "access": null }, "geometry": { "type": "LineString", "coordinates": [ [ 121.0674415, 14.7354341 ], [ 121.0675068, 14.7354356 ], [ 121.067988900000017, 14.7354455 ], [ 121.068033799999967, 14.7354464 ], [ 121.0680932, 14.7354476 ] ] } },
{ "type": "Feature", "properties": { "u": 33452007, "v": 26664759, "key": 0, "osmid": "610046349", "highway": "secondary", "lanes": "3", "maxspeed": null, "name": "Mindanao Avenue", "oneway": true, "reversed": "False", "length": 13.311904961336856, "ref": null, "width": null, "bridge": null, "tunnel": null, "junction": null, "access": null }, "geometry": { "type": "LineString", "coordinates": [ [ 121.052125799999985, 14.7214433 ], [ 121.0520364, 14.7213605 ] ] } },
{ "type": "Feature", "properties": { "u": 33452007, "v": 5778970619, "key": 0, "osmid": "610046350", "highway": "primary", "lanes": "4", "maxspeed": "60", "name": "Commonwealth Avenue", "oneway": true, "reversed": "False", "length": 337.80482762727274, "ref": "170", "width": null, "bridge": null, "tunnel": null, "junction": null, "access": null }, "geometry": { "type": "LineString", "coordinates": [ [ 121.052125799999985, 14.7214433 ], [ 121.052067499999964, 14.7215131 ], [ 121.051949, 14.7216551 ], [ 121.0518035, 14.7218294 ], [ 121.051705799999979, 14.7219465 ], [ 121.0516686, 14.7219911 ], [ 121.051045, 14.722738 ], [ 121.0501526, 14.723807 ] ] } },
{ "type": "Feature", "properties": { "u": 26664759, "v": 72686847, "key": 0, "osmid": "610046348", "highway": "primary", "lanes": "4", "maxspeed": "60", "name": "Commonwealth Avenue", "oneway": true, "reversed": "False", "length": 14.857313165510956, "ref": "170", "width": null, "bridge": null, "tunnel": null, "junction": null, "access": null }, "geometry": { "type": "LineString", "coordinates": [ [ 121.0520364, 14.7213605 ], [ 121.0521244, 14.7212575 ] ] } },
{ "type": "Feature", "properties": { "u": 5778970619, "v": 911527344, "key": 0, "osmid": "610046350", "highway": "primary", "lanes": "4", "maxspeed": "60", "name": "Commonwealth Avenue", "oneway": true, "reversed": "False", "length": 128.32628476811166, "ref": "170", "width": null, "bridge": null, "tunnel": null, "junction": null, "access": null }, "geometry": { "type": "LineString", "coordinates": [ [ 121.0501526, 14.723807 ], [ 121.0494031, 14.724705 ] ] } },
{ "type": "Feature", "properties": { "u": 22352249, "v": 452866039, "key": 0, "osmid": [ 1387977174, 923720399 ], "highway": "primary", "lanes": "4", "maxspeed": null, "name": "Mindanao Avenue", "oneway": true, "reversed": "False", "length": 199.52160056666449, "ref": "128", "width": null, "bridge": null, "tunnel": null, "junction": null, "access": null }, "geometry": { "type": "LineString", "coordinates": [ [ 121.036506, 14.6611033 ], [ 121.0364518, 14.6607519 ], [ 121.0364127, 14.6605315 ], [ 121.036183600000015, 14.6594727 ], [ 121.0361532, 14.6593423 ] ] } },
{ "type": "Feature", "properties": { "u": 452866039, "v": 600218892, "key": 0, "osmid": [ 1350922343, 923720399 ], "highway": "primary", "lanes": "4", "maxspeed": null, "name": "Mindanao Avenue", "oneway": true, "reversed": "False", "length": 76.704783667685362, "ref": "128", "width": null, "bridge": null, "tunnel": null, "junction": null, "access": null }, "geometry": { "type": "LineString", "coordinates": [ [ 121.0361532, 14.6593423 ], [ 121.0361452, 14.6593049 ], [ 121.0360028, 14.658668 ] ] } },
{ "type": "Feature", "properties": { "u": 600218892, "v": 600218899, "key": 0, "osmid": "1350922343", "highway": "primary", "lanes": "4", "maxspeed": null, "name": "Mindanao Avenue", "oneway": true, "reversed": "False", "length": 27.417832326489894, "ref": "128", "width": null, "bridge": null, "tunnel": null, "junction": null, "access": null }, "geometry": { "type": "LineString", "coordinates": [ [ 121.0360028, 14.658668 ], [ 121.035995299999982, 14.6586379 ], [ 121.0359689, 14.6585204 ], [ 121.035948, 14.6584272 ] ] } },
{ "type": "Feature", "properties": { "u": 12075479044, "v": 260896974, "key": 0, "osmid": "1160607520", "highway": "primary", "lanes": "4", "maxspeed": null, "name": "Quirino Highway", "oneway": false, "reversed": "False", "length": 6.6563663519296812, "ref": "127", "width": null, "bridge": null, "tunnel": null, "junction": null, "access": null }, "geometry": { "type": "LineString", "coordinates": [ [ 121.0424271, 14.7288838 ], [ 121.0423763, 14.7288496 ] ] } },
{ "type": "Feature", "properties": { "u": 12075479044, "v": 2140942674, "key": 0, "osmid": "1160607520", "highway": "primary", "lanes": "4", "maxspeed": null, "name": "Quirino Highway", "oneway": false, "reversed": "True", "length": 234.95300628925906, "ref": "127", "width": null, "bridge": null, "tunnel": null, "junction": null, "access": null }, "geometry": { "type": "LineString", "coordinates": [ [ 121.0424271, 14.7288838 ], [ 121.042965099999989, 14.7292476 ], [ 121.043328799999983, 14.7295017 ], [ 121.0437678, 14.7298043 ], [ 121.043896199999978, 14.7298924 ], [ 121.0440162, 14.7299748 ], [ 121.0440699, 14.7300117 ], [ 121.044129499999983, 14.7300523 ], [ 121.0441605, 14.7300736 ], [ 121.0442086, 14.7301069 ] ] } },
{ "type": "Feature", "properties": { "u": 250541951, "v": 2548323597, "key": 0, "osmid": "129814578", "highway": "secondary", "lanes": "2", "maxspeed": "40", "name": "Tandang Sora Avenue", "oneway": false, "reversed": "False", "length": 216.33564241434144, "ref": null, "width": null, "bridge": null, "tunnel": null, "junction": null, "access": null }, "geometry": { "type": "LineString", "coordinates": [ [ 121.022409499999981, 14.6795551 ], [ 121.0221732, 14.6795767 ], [ 121.0217002, 14.679644 ], [ 121.0214348, 14.6796892 ], [ 121.021232499999982, 14.6797236 ], [ 121.021042, 14.6797568 ], [ 121.0208582, 14.6797809 ], [ 121.0208399, 14.679784 ], [ 121.0206138, 14.679822 ], [ 121.0204229, 14.6798541 ] ] } },
{ "type": "Feature", "properties": { "u": 250541951, "v": 9765343237, "key": 0, "osmid": "129814578", "highway": "secondary", "lanes": "2", "maxspeed": "40", "name": "Tandang Sora Avenue", "oneway": false, "reversed": "True", "length": 48.461107450033111, "ref": null, "width": null, "bridge": null, "tunnel": null, "junction": null, "access": null }, "geometry": { "type": "LineString", "coordinates": [ [ 121.022409499999981, 14.6795551 ], [ 121.0225578, 14.6795429 ], [ 121.022858399999976, 14.6795181 ] ] } },
{ "type": "Feature", "properties": { "u": 250544008, "v": 219986079, "key": 0, "osmid": "1193904712", "highway": "primary", "lanes": "3", "maxspeed": "60", "name": "Congressional Avenue", "oneway": true, "reversed": "False", "length": 207.12039403432595, "ref": "129", "width": "7.5", "bridge": null, "tunnel": null, "junction": null, "access": null }, "geometry": { "type": "LineString", "coordinates": [ [ 121.0412151, 14.6713983 ], [ 121.04193650000002, 14.6715658 ], [ 121.042629799999972, 14.6717174 ], [ 121.0428049, 14.6717586 ], [ 121.0430903, 14.6718209 ] ] } },
{ "type": "Feature", "properties": { "u": 35729447, "v": 654596525, "key": 0, "osmid": "1147087282", "highway": "primary", "lanes": "2", "maxspeed": "60", "name": "Congressional Avenue Extension", "oneway": true, "reversed": "False", "length": 16.220309311867272, "ref": "129", "width": null, "bridge": null, "tunnel": null, "junction": null, "access": null }, "geometry": { "type": "LineString", "coordinates": [ [ 121.0433331, 14.6718609 ], [ 121.0434804, 14.6718921 ] ] } },
{ "type": "Feature", "properties": { "u": 35729447, "v": 219986270, "key": 0, "osmid": "1302964699", "highway": "secondary", "lanes": "3", "maxspeed": null, "name": "Visayas Avenue", "oneway": true, "reversed": "False", "length": 30.734455551853117, "ref": null, "width": null, "bridge": null, "tunnel": null, "junction": null, "access": null }, "geometry": { "type": "LineString", "coordinates": [ [ 121.0433331, 14.6718609 ], [ 121.0433222, 14.6715847 ] ] } },
{ "type": "Feature", "properties": { "u": 219986270, "v": 5883250999, "key": 0, "osmid": "277508201", "highway": "secondary", "lanes": "3", "maxspeed": null, "name": "Visayas Avenue", "oneway": true, "reversed": "False", "length": 44.142589590013792, "ref": null, "width": null, "bridge": null, "tunnel": null, "junction": null, "access": null }, "geometry": { "type": "LineString", "coordinates": [ [ 121.0433222, 14.6715847 ], [ 121.0433067, 14.671188 ] ] } },
{ "type": "Feature", "properties": { "u": 35729448, "v": 35729447, "key": 0, "osmid": "946773524", "highway": "secondary", "lanes": "3", "maxspeed": null, "name": "Visayas Avenue", "oneway": true, "reversed": "False", "length": 14.447381307688175, "ref": null, "width": null, "bridge": null, "tunnel": null, "junction": null, "access": null }, "geometry": { "type": "LineString", "coordinates": [ [ 121.043335900000017, 14.6719908 ], [ 121.0433331, 14.6718609 ] ] } },
{ "type": "Feature", "properties": { "u": 35729448, "v": 1101328847, "key": 0, "osmid": "1086507384", "highway": "primary", "lanes": "2", "maxspeed": "60", "name": "Congressional Avenue", "oneway": true, "reversed": "False", "length": 27.041761917224601, "ref": "129", "width": null, "bridge": null, "tunnel": null, "junction": null, "access": null }, "geometry": { "type": "LineString", "coordinates": [ [ 121.043335900000017, 14.6719908 ], [ 121.043241599999988, 14.6719697 ], [ 121.043091, 14.6719359 ] ] } },
{ "type": "Feature", "properties": { "u": 1101328847, "v": 219982014, "key": 0, "osmid": [ 1302964701, 934067054 ], "highway": "primary", "lanes": [ "2", "3" ], "maxspeed": "60", "name": "Congressional Avenue", "oneway": true, "reversed": "False", "length": 210.17685661967113, "ref": "129", "width": "8", "bridge": null, "tunnel": null, "junction": null, "access": null }, "geometry": { "type": "LineString", "coordinates": [ [ 121.043091, 14.6719359 ], [ 121.04243049999998, 14.6717911 ], [ 121.0417552, 14.6716439 ], [ 121.041534899999974, 14.6715904 ], [ 121.041186200000013, 14.6715152 ] ] } },
{ "type": "Feature", "properties": { "u": 452842763, "v": 219962641, "key": 0, "osmid": [ 934084489, 1193904710 ], "highway": "primary", "lanes": "3", "maxspeed": "60", "name": "Congressional Avenue", "oneway": true, "reversed": "False", "length": 206.05157956864301, "ref": "129", "width": "7.5", "bridge": null, "tunnel": null, "junction": null, "access": null }, "geometry": { "type": "LineString", "coordinates": [ [ 121.039191, 14.6710503 ], [ 121.0390849, 14.6710199 ], [ 121.03881, 14.6709437 ], [ 121.0384173, 14.670823 ], [ 121.037946399999967, 14.6706675 ], [ 121.037688, 14.670567 ], [ 121.0376774, 14.670563 ], [ 121.0375525, 14.6705125 ], [ 121.0373826, 14.6704441 ] ] } },
{ "type": "Feature", "properties": { "u": 12074242107, "v": 6300532342, "key": 0, "osmid": "168525276", "highway": "primary", "lanes": "2", "maxspeed": null, "name": "Quirino Highway", "oneway": true, "reversed": "False", "length": 41.662895265556806, "ref": "127", "width": null, "bridge": null, "tunnel": null, "junction": null, "access": null }, "geometry": { "type": "LineString", "coordinates": [ [ 121.0337922, 14.6988457 ], [ 121.0336555, 14.698618 ], [ 121.033648, 14.6986056 ], [ 121.033597299999968, 14.6985219 ] ] } },
{ "type": "Feature", "properties": { "u": 6300532342, "v": 9974001369, "key": 0, "osmid": "168525276", "highway": "primary", "lanes": "2", "maxspeed": null, "name": "Quirino Highway", "oneway": true, "reversed": "False", "length": 29.243046463040201, "ref": "127", "width": null, "bridge": null, "tunnel": null, "junction": null, "access": null }, "geometry": { "type": "LineString", "coordinates": [ [ 121.033597299999968, 14.6985219 ], [ 121.033462699999987, 14.6982934 ] ] } },
{ "type": "Feature", "properties": { "u": 35729479, "v": 452821528, "key": 0, "osmid": "474939470", "highway": "primary", "lanes": "2", "maxspeed": "60", "name": "Mindanao Avenue", "oneway": true, "reversed": "False", "length": 43.77216733856276, "ref": "128", "width": null, "bridge": null, "tunnel": null, "junction": null, "access": null }, "geometry": { "type": "LineString", "coordinates": [ [ 121.026531099999971, 14.6918651 ], [ 121.0263428, 14.691992 ], [ 121.026172, 14.6920386 ] ] } },
{ "type": "Feature", "properties": { "u": 9932640358, "v": 3922129636, "key": 0, "osmid": "156577555", "highway": "secondary", "lanes": "4", "maxspeed": "30", "name": "Maligaya Street", "oneway": false, "reversed": "False", "length": 5.918744485692268, "ref": null, "width": null, "bridge": null, "tunnel": null, "junction": null, "access": null }, "geometry": { "type": "LineString", "coordinates": [ [ 121.058965799999982, 14.7378808 ], [ 121.058964, 14.737934 ] ] } },
{ "type": "Feature", "properties": { "u": 9932640358, "v": 25629740, "key": 0, "osmid": [ 156577555, 1358626782 ], "highway": "secondary", "lanes": "4", "maxspeed": "30", "name": "Maligaya Street", "oneway": false, "reversed": "True", "length": 288.17988981529396, "ref": null, "width": null, "bridge": null, "tunnel": null, "junction": null, "access": null }, "geometry": { "type": "LineString", "coordinates": [ [ 121.058965799999982, 14.7378808 ], [ 121.0589759, 14.7375851 ], [ 121.058981, 14.7374378 ], [ 121.0589841, 14.737346 ], [ 121.0589916, 14.7371256 ], [ 121.05899789999998, 14.7369436 ], [ 121.0590294, 14.7360218 ], [ 121.059033400000018, 14.7359097 ], [ 121.059038799999968, 14.7357635 ], [ 121.0590396, 14.7357395 ], [ 121.059052400000013, 14.7352905 ] ] } },
{ "type": "Feature", "properties": { "u": 3922129636, "v": 9932640358, "key": 0, "osmid": "156577555", "highway": "secondary", "lanes": "4", "maxspeed": "30", "name": "Maligaya Street", "oneway": false, "reversed": "True", "length": 5.918744485692268, "ref": null, "width": null, "bridge": null, "tunnel": null, "junction": null, "access": null }, "geometry": { "type": "LineString", "coordinates": [ [ 121.058964, 14.737934 ], [ 121.058965799999982, 14.7378808 ] ] } },
{ "type": "Feature", "properties": { "u": 3922129636, "v": 25629724, "key": 0, "osmid": "156577555", "highway": "secondary", "lanes": "4", "maxspeed": "30", "name": "Maligaya Street", "oneway": false, "reversed": "False", "length": 61.980822850060136, "ref": null, "width": null, "bridge": null, "tunnel": null, "junction": null, "access": null }, "geometry": { "type": "LineString", "coordinates": [ [ 121.058964, 14.737934 ], [ 121.058955, 14.7381963 ], [ 121.0589449, 14.7384911 ] ] } },
{ "type": "Feature", "properties": { "u": 219951286, "v": 250544019, "key": 0, "osmid": "38342024", "highway": "secondary", "lanes": "3", "maxspeed": null, "name": "Congressional Avenue", "oneway": true, "reversed": "False", "length": 103.2467660091495, "ref": "129", "width": null, "bridge": null, "tunnel": null, "junction": null, "access": null }, "geometry": { "type": "LineString", "coordinates": [ [ 121.020428, 14.6628047 ], [ 121.020343200000013, 14.6626786 ], [ 121.020278299999973, 14.6625567 ], [ 121.0202138, 14.6624334 ], [ 121.020203100000018, 14.6623989 ], [ 121.0201391, 14.6622087 ], [ 121.0200794, 14.6619483 ] ] } },
{ "type": "Feature", "properties": { "u": 250544019, "v": 5374378758, "key": 0, "osmid": [ 38342024, 1066514827, 45179925 ], "highway": "secondary", "lanes": "3", "maxspeed": null, "name": "Congressional Avenue", "oneway": true, "reversed": "False", "length": 164.13669989084053, "ref": "129", "width": "9.9", "bridge": "yes", "tunnel": null, "junction": null, "access": null }, "geometry": { "type": "LineString", "coordinates": [ [ 121.0200794, 14.6619483 ], [ 121.02003, 14.6616056 ], [ 121.0199998, 14.6613071 ], [ 121.019992299999984, 14.6612123 ], [ 121.019987299999968, 14.6611492 ], [ 121.0199627, 14.6606932 ], [ 121.01995, 14.6605659 ], [ 121.0199414, 14.660479 ] ] } },
{ "type": "Feature", "properties": { "u": 260903234, "v": 5197287639, "key": 0, "osmid": "610042098", "highway": "secondary", "lanes": "4", "maxspeed": "30", "name": "Zabarte Road", "oneway": false, "reversed": "True", "length": 22.687183052497463, "ref": null, "width": null, "bridge": null, "tunnel": null, "junction": null, "access": null }, "geometry": { "type": "LineString", "coordinates": [ [ 121.046492, 14.74196 ], [ 121.0465264, 14.7417587 ] ] } },
{ "type": "Feature", "properties": { "u": 8671416563, "v": 246782882, "key": 0, "osmid": "107509497", "highway": "secondary", "lanes": "1", "maxspeed": null, "name": "Senator Miriam P. Defensor-Santiago Avenue", "oneway": true, "reversed": "False", "length": 13.368374401912655, "ref": null, "width": null, "bridge": null, "tunnel": null, "junction": null, "access": null }, "geometry": { "type": "LineString", "coordinates": [ [ 121.046957699999965, 14.6411687 ], [ 121.046848800000021, 14.6412266 ] ] } },
{ "type": "Feature", "properties": { "u": 8671416563, "v": 8671416565, "key": 0, "osmid": "935760299", "highway": "primary", "lanes": "3", "maxspeed": null, "name": "East Avenue", "oneway": true, "reversed": "False", "length": 8.9467886891464232, "ref": "174", "width": null, "bridge": null, "tunnel": null, "junction": null, "access": null }, "geometry": { "type": "LineString", "coordinates": [ [ 121.046957699999965, 14.6411687 ], [ 121.046975, 14.6412474 ] ] } },
{ "type": "Feature", "properties": { "u": 8671416565, "v": 5393303820, "key": 0, "osmid": "839789712", "highway": "secondary", "lanes": "3", "maxspeed": null, "name": "Senator Miriam P. Defensor-Santiago Avenue", "oneway": true, "reversed": "False", "length": 13.289434632595311, "ref": null, "width": null, "bridge": null, "tunnel": null, "junction": null, "access": null }, "geometry": { "type": "LineString", "coordinates": [ [ 121.046975, 14.6412474 ], [ 121.0468674, 14.6413061 ] ] } },
{ "type": "Feature", "properties": { "u": 8671416565, "v": 249226694, "key": 0, "osmid": "234438270", "highway": "primary", "lanes": "3", "maxspeed": null, "name": "East Avenue", "oneway": true, "reversed": "False", "length": 427.41889818150378, "ref": "174", "width": null, "bridge": null, "tunnel": null, "junction": null, "access": null }, "geometry": { "type": "LineString", "coordinates": [ [ 121.046975, 14.6412474 ], [ 121.0471691, 14.6421175 ], [ 121.047184300000012, 14.6421852 ], [ 121.047258700000015, 14.6425186 ], [ 121.0474284, 14.6432791 ], [ 121.047437500000015, 14.6433202 ], [ 121.0474555, 14.6434009 ], [ 121.047463899999983, 14.6434382 ], [ 121.047481799999971, 14.6435188 ], [ 121.047538599999967, 14.6437731 ], [ 121.0476075, 14.644082 ], [ 121.0476792, 14.6444033 ], [ 121.0478134, 14.6450047 ] ] } },
{ "type": "Feature", "properties": { "u": 674492671, "v": 11395472294, "key": 0, "osmid": [ 114100851, 805866547, 853576399 ], "highway": "trunk", "lanes": "4", "maxspeed": "60", "name": "EDSA", "oneway": true, "reversed": "False", "length": 433.89605455534411, "ref": "1", "width": "19.2", "bridge": null, "tunnel": null, "junction": null, "access": null }, "geometry": { "type": "LineString", "coordinates": [ [ 121.01983079999998, 14.6575223 ], [ 121.0203684, 14.657493 ], [ 121.0206468, 14.6574654 ], [ 121.02145, 14.6573621 ], [ 121.0218318, 14.6573043 ], [ 121.0218441, 14.6573019 ], [ 121.0221069, 14.6572494 ], [ 121.022193500000014, 14.6572321 ], [ 121.022476400000016, 14.6571752 ], [ 121.0226404, 14.6571408 ], [ 121.023004799999981, 14.6570647 ], [ 121.023198699999966, 14.6570184 ], [ 121.023800400000013, 14.6568747 ] ] } },
{ "type": "Feature", "properties": { "u": 11395472294, "v": 1316799535, "key": 0, "osmid": "114100851", "highway": "trunk", "lanes": "4", "maxspeed": "60", "name": "EDSA", "oneway": true, "reversed": "False", "length": 40.115278360462099, "ref": "1", "width": "19.2", "bridge": null, "tunnel": null, "junction": null, "access": null }, "geometry": { "type": "LineString", "coordinates": [ [ 121.023800400000013, 14.6568747 ], [ 121.024162600000011, 14.6567889 ] ] } },
{ "type": "Feature", "properties": { "u": 6676060192, "v": 5777831221, "key": 0, "osmid": "610042098", "highway": "secondary", "lanes": "4", "maxspeed": "30", "name": "Zabarte Road", "oneway": false, "reversed": "True", "length": 19.267264244014012, "ref": null, "width": null, "bridge": null, "tunnel": null, "junction": null, "access": null }, "geometry": { "type": "LineString", "coordinates": [ [ 121.046914899999962, 14.7398845 ], [ 121.046950599999988, 14.7397147 ] ] } },
{ "type": "Feature", "properties": { "u": 6676060192, "v": 260903225, "key": 0, "osmid": "610042098", "highway": "secondary", "lanes": "4", "maxspeed": "30", "name": "Zabarte Road", "oneway": false, "reversed": "False", "length": 77.906117630319898, "ref": null, "width": null, "bridge": null, "tunnel": null, "junction": null, "access": null }, "geometry": { "type": "LineString", "coordinates": [ [ 121.046914899999962, 14.7398845 ], [ 121.0468994, 14.7399602 ], [ 121.0468785, 14.7400631 ], [ 121.046841799999982, 14.7402434 ], [ 121.0467748, 14.7405719 ] ] } },
{ "type": "Feature", "properties": { "u": 5828730006, "v": 260903624, "key": 0, "osmid": "23649492", "highway": "secondary", "lanes": "4", "maxspeed": "30", "name": "Zabarte Road", "oneway": false, "reversed": "True", "length": 66.987999453310024, "ref": null, "width": null, "bridge": null, "tunnel": null, "junction": null, "access": null }, "geometry": { "type": "LineString", "coordinates": [ [ 121.0475124, 14.7371375 ], [ 121.0476408, 14.736548 ] ] } },
{ "type": "Feature", "properties": { "u": 5828730006, "v": 260903256, "key": 0, "osmid": "23649492", "highway": "secondary", "lanes": "4", "maxspeed": "30", "name": "Zabarte Road", "oneway": false, "reversed": "False", "length": 149.06218663824362, "ref": null, "width": null, "bridge": null, "tunnel": null, "junction": null, "access": null }, "geometry": { "type": "LineString", "coordinates": [ [ 121.0475124, 14.7371375 ], [ 121.047492499999976, 14.7372291 ], [ 121.047443200000018, 14.7374369 ], [ 121.0472799, 14.7381773 ], [ 121.047262900000021, 14.7382616 ], [ 121.047226899999984, 14.7384492 ] ] } },
{ "type": "Feature", "properties": { "u": 5286795634, "v": 12468197101, "key": 0, "osmid": "146448723", "highway": "secondary", "lanes": "2", "maxspeed": "40", "name": "Kalayaan Avenue", "oneway": false, "reversed": "True", "length": 19.929546311321303, "ref": null, "width": null, "bridge": null, "tunnel": null, "junction": null, "access": null }, "geometry": { "type": "LineString", "coordinates": [ [ 121.0509507, 14.6488181 ], [ 121.0510446, 14.6486636 ] ] } },
{ "type": "Feature", "properties": { "u": 5286795634, "v": 9749901058, "key": 0, "osmid": "547598178", "highway": "primary", "lanes": "8", "maxspeed": "60", "name": "Elliptical Road", "oneway": true, "reversed": "False", "length": 38.339752658170099, "ref": "170;173;174", "width": null, "bridge": null, "tunnel": null, "junction": null, "access": null }, "geometry": { "type": "LineString", "coordinates": [ [ 121.0509507, 14.6488181 ], [ 121.051118, 14.6489296 ], [ 121.0512327, 14.6490279 ] ] } },
{ "type": "Feature", "properties": { "u": 251107812, "v": 8318251386, "key": 0, "osmid": "46990747", "highway": "secondary", "lanes": "2", "maxspeed": "30", "name": "King Christopher Street", "oneway": false, "reversed": "False", "length": 51.98937243052638, "ref": null, "width": null, "bridge": null, "tunnel": null, "junction": null, "access": null }, "geometry": { "type": "LineString", "coordinates": [ [ 121.0238816, 14.6958235 ], [ 121.0235156, 14.6961289 ] ] } },
{ "type": "Feature", "properties": { "u": 251107812, "v": 251107770, "key": 0, "osmid": "46990747", "highway": "secondary", "lanes": "2", "maxspeed": "30", "name": "King Christopher Street", "oneway": false, "reversed": "True", "length": 252.24155265679622, "ref": null, "width": null, "bridge": null, "tunnel": null, "junction": null, "access": null }, "geometry": { "type": "LineString", "coordinates": [ [ 121.0238816, 14.6958235 ], [ 121.0241368, 14.6956155 ], [ 121.024218499999975, 14.6955568 ], [ 121.024294899999987, 14.695514 ], [ 121.02439480000001, 14.6954706 ], [ 121.0247499, 14.695328 ], [ 121.0251577, 14.6951667 ], [ 121.025440199999977, 14.6950657 ], [ 121.0255182, 14.6950431 ], [ 121.0255878, 14.6950295 ], [ 121.0256655, 14.6950215 ], [ 121.025732, 14.6950185 ], [ 121.0260205, 14.6950181 ] ] } },
{ "type": "Feature", "properties": { "u": 314208657, "v": 261044044, "key": 0, "osmid": "36968881", "highway": "secondary", "lanes": "2", "maxspeed": "30", "name": "King Ferdinand Street", "oneway": false, "reversed": "False", "length": 66.005352109431456, "ref": null, "width": null, "bridge": null, "tunnel": null, "junction": null, "access": null }, "geometry": { "type": "LineString", "coordinates": [ [ 121.022967599999987, 14.6986634 ], [ 121.023537, 14.6988848 ] ] } },
{ "type": "Feature", "properties": { "u": 314208657, "v": 314208685, "key": 0, "osmid": [ 36968881, 46990747 ], "highway": "secondary", "lanes": "2", "maxspeed": "30", "name": [ "King Ferdinand Street", "King Christopher Street" ], "oneway": false, "reversed": "True", "length": 241.89790901697177, "ref": null, "width": null, "bridge": null, "tunnel": null, "junction": null, "access": null }, "geometry": { "type": "LineString", "coordinates": [ [ 121.022967599999987, 14.6986634 ], [ 121.022878700000021, 14.6986273 ], [ 121.0227862, 14.6985879 ], [ 121.022650400000018, 14.6985039 ], [ 121.022590499999978, 14.6984578 ], [ 121.02253319999997, 14.6984137 ], [ 121.022444, 14.6983198 ], [ 121.021991499999984, 14.6978018 ], [ 121.021786400000011, 14.697567 ], [ 121.0220707, 14.6973337 ], [ 121.02223619999998, 14.6971979 ] ] } },
{ "type": "Feature", "properties": { "u": 261044044, "v": 314208657, "key": 0, "osmid": "36968881", "highway": "secondary", "lanes": "2", "maxspeed": "30", "name": "King Ferdinand Street", "oneway": false, "reversed": "True", "length": 66.005352109431456, "ref": null, "width": null, "bridge": null, "tunnel": null, "junction": null, "access": null }, "geometry": { "type": "LineString", "coordinates": [ [ 121.023537, 14.6988848 ], [ 121.022967599999987, 14.6986634 ] ] } },
{ "type": "Feature", "properties": { "u": 261044044, "v": 8671598011, "key": 0, "osmid": "923581224", "highway": "secondary", "lanes": "2", "maxspeed": "30", "name": "Katipunan Avenue", "oneway": true, "reversed": "False", "length": 199.26466354433975, "ref": null, "width": null, "bridge": null, "tunnel": null, "junction": null, "access": null }, "geometry": { "type": "LineString", "coordinates": [ [ 121.023537, 14.6988848 ], [ 121.023522, 14.6989814 ], [ 121.02335859999998, 14.6993576 ], [ 121.0230832, 14.6999903 ], [ 121.022868699999975, 14.7005132 ], [ 121.022845199999978, 14.7005427 ] ] } },
{ "type": "Feature", "properties": { "u": 314208685, "v": 314208657, "key": 0, "osmid": [ 36968881, 46990747 ], "highway": "secondary", "lanes": "2", "maxspeed": "30", "name": [ "King Ferdinand Street", "King Christopher Street" ], "oneway": false, "reversed": "False", "length": 241.89790901697177, "ref": null, "width": null, "bridge": null, "tunnel": null, "junction": null, "access": null }, "geometry": { "type": "LineString", "coordinates": [ [ 121.02223619999998, 14.6971979 ], [ 121.0220707, 14.6973337 ], [ 121.021786400000011, 14.697567 ], [ 121.021991499999984, 14.6978018 ], [ 121.022444, 14.6983198 ], [ 121.02253319999997, 14.6984137 ], [ 121.022590499999978, 14.6984578 ], [ 121.022650400000018, 14.6985039 ], [ 121.0227862, 14.6985879 ], [ 121.022878700000021, 14.6986273 ], [ 121.022967599999987, 14.6986634 ] ] } },
{ "type": "Feature", "properties": { "u": 314208685, "v": 8318434306, "key": 0, "osmid": "46990747", "highway": "secondary", "lanes": "2", "maxspeed": "30", "name": "King Christopher Street", "oneway": false, "reversed": "True", "length": 65.102684429803404, "ref": null, "width": null, "bridge": null, "tunnel": null, "junction": null, "access": null }, "geometry": { "type": "LineString", "coordinates": [ [ 121.02223619999998, 14.6971979 ], [ 121.022291900000013, 14.6971514 ], [ 121.022441, 14.6970266 ], [ 121.0226941, 14.696815 ] ] } },
{ "type": "Feature", "properties": { "u": 1101328841, "v": 5293250093, "key": 0, "osmid": "277508200", "highway": "secondary", "lanes": "4", "maxspeed": null, "name": "Visayas Avenue", "oneway": true, "reversed": "False", "length": 65.053195137429967, "ref": null, "width": "10", "bridge": null, "tunnel": null, "junction": null, "access": null }, "geometry": { "type": "LineString", "coordinates": [ [ 121.0435062, 14.6722717 ], [ 121.0435455, 14.6728555 ] ] } },
{ "type": "Feature", "properties": { "u": 5293250093, "v": 8585081876, "key": 0, "osmid": "277508200", "highway": "secondary", "lanes": "4", "maxspeed": null, "name": "Visayas Avenue", "oneway": true, "reversed": "False", "length": 227.28418496867837, "ref": null, "width": "10", "bridge": null, "tunnel": null, "junction": null, "access": null }, "geometry": { "type": "LineString", "coordinates": [ [ 121.0435455, 14.6728555 ], [ 121.043598399999965, 14.6737114 ], [ 121.043667499999984, 14.6748961 ] ] } },
{ "type": "Feature", "properties": { "u": 1101328851, "v": 122960687, "key": 0, "osmid": "1115422338", "highway": "primary", "lanes": "3", "maxspeed": "60", "name": "Congressional Avenue Extension", "oneway": true, "reversed": "False", "length": 32.929958180611251, "ref": "129", "width": null, "bridge": null, "tunnel": null, "junction": null, "access": null }, "geometry": { "type": "LineString", "coordinates": [ [ 121.043788699999979, 14.6720896 ], [ 121.0435734, 14.6720429 ], [ 121.043489699999967, 14.6720261 ] ] } },
{ "type": "Feature", "properties": { "u": 122960687, "v": 35729448, "key": 0, "osmid": "369688326", "highway": "primary", "lanes": "2", "maxspeed": "60", "name": "Congressional Avenue", "oneway": true, "reversed": "False", "length": 17.003402869420231, "ref": "129", "width": null, "bridge": null, "tunnel": null, "junction": null, "access": null }, "geometry": { "type": "LineString", "coordinates": [ [ 121.043489699999967, 14.6720261 ], [ 121.043335900000017, 14.6719908 ] ] } },
{ "type": "Feature", "properties": { "u": 122960687, "v": 1101328841, "key": 0, "osmid": "1032641814", "highway": "secondary", "lanes": "3", "maxspeed": null, "name": "Visayas Avenue", "oneway": true, "reversed": "False", "length": 27.367145802958781, "ref": null, "width": null, "bridge": null, "tunnel": null, "junction": null, "access": null }, "geometry": { "type": "LineString", "coordinates": [ [ 121.043489699999967, 14.6720261 ], [ 121.043496, 14.6721178 ], [ 121.0435062, 14.6722717 ] ] } },
{ "type": "Feature", "properties": { "u": 5634814422, "v": 8661054619, "key": 0, "osmid": "934534868", "highway": "primary", "lanes": "4", "maxspeed": "40", "name": "Susano Road", "oneway": false, "reversed": "True", "length": 4.6848579555260859, "ref": "118", "width": null, "bridge": null, "tunnel": null, "junction": null, "access": null }, "geometry": { "type": "LineString", "coordinates": [ [ 121.0395294, 14.7218452 ], [ 121.039536299999966, 14.7218036 ] ] } },
{ "type": "Feature", "properties": { "u": 5634814422, "v": 32425354, "key": 0, "osmid": "15090817", "highway": "primary", "lanes": "3", "maxspeed": "40", "name": "General Luis Street", "oneway": true, "reversed": "False", "length": 74.364088106251216, "ref": "118", "width": null, "bridge": null, "tunnel": null, "junction": null, "access": null }, "geometry": { "type": "LineString", "coordinates": [ [ 121.0395294, 14.7218452 ], [ 121.0390495, 14.7218624 ], [ 121.0388384, 14.7218699 ] ] } },
{ "type": "Feature", "properties": { "u": 5634814422, "v": 260740642, "key": 0, "osmid": "26599298", "highway": "secondary", "lanes": "2", "maxspeed": "40", "name": "Susano Road", "oneway": false, "reversed": "False", "length": 389.10620240377222, "ref": null, "width": null, "bridge": null, "tunnel": null, "junction": null, "access": null }, "geometry": { "type": "LineString", "coordinates": [ [ 121.0395294, 14.7218452 ], [ 121.039509499999966, 14.7219702 ], [ 121.039383700000016, 14.7226661 ], [ 121.039277299999981, 14.7232823 ], [ 121.0391577, 14.7240539 ], [ 121.0390202, 14.7247531 ], [ 121.038906600000018, 14.7252917 ] ] } },
{ "type": "Feature", "properties": { "u": 8661054619, "v": 5634814422, "key": 0, "osmid": "934534868", "highway": "primary", "lanes": "4", "maxspeed": "40", "name": "Susano Road", "oneway": false, "reversed": "False", "length": 4.6848579555260859, "ref": "118", "width": null, "bridge": null, "tunnel": null, "junction": null, "access": null }, "geometry": { "type": "LineString", "coordinates": [ [ 121.039536299999966, 14.7218036 ], [ 121.0395294, 14.7218452 ] ] } },
{ "type": "Feature", "properties": { "u": 8661054619, "v": 260740442, "key": 0, "osmid": [ 866633336, 837683434, 866633328, 866633335 ], "highway": "primary", "lanes": "4", "maxspeed": null, "name": "Quirino Highway", "oneway": false, "reversed": "True", "length": 256.78169717429125, "ref": "127", "width": null, "bridge": null, "tunnel": null, "junction": null, "access": null }, "geometry": { "type": "LineString", "coordinates": [ [ 121.039536299999966, 14.7218036 ], [ 121.0395492, 14.7217157 ], [ 121.0395816, 14.7214957 ], [ 121.039595, 14.7214048 ], [ 121.0396073, 14.7213215 ], [ 121.039648, 14.7210448 ], [ 121.039652, 14.7210177 ], [ 121.0396772, 14.7208464 ], [ 121.039702600000012, 14.7206744 ], [ 121.039806499999983, 14.7199696 ], [ 121.0398731, 14.7195174 ] ] } },
{ "type": "Feature", "properties": { "u": 8661054619, "v": 8661054620, "key": 0, "osmid": [ 941761808, 934523196 ], "highway": "primary", "lanes": "4", "maxspeed": null, "name": "Quirino Highway", "oneway": false, "reversed": "True", "length": 39.341835072100558, "ref": "127", "width": null, "bridge": null, "tunnel": null, "junction": null, "access": null }, "geometry": { "type": "LineString", "coordinates": [ [ 121.039536299999966, 14.7218036 ], [ 121.0396326, 14.7218158 ], [ 121.039899, 14.7218497 ] ] } },
{ "type": "Feature", "properties": { "u": 4503278060, "v": 5432562511, "key": 0, "osmid": [ 867164116, 26131668, 867164117, 481320502, 481320501 ], "highway": "primary", "lanes": "2", "maxspeed": "60", "name": "Quezon Avenue", "oneway": true, "reversed": "False", "length": 1052.4302174996426, "ref": "170", "width": null, "bridge": null, "tunnel": "yes", "junction": null, "access": null }, "geometry": { "type": "LineString", "coordinates": [ [ 121.0346647, 14.6423486 ], [ 121.0347175, 14.642414 ], [ 121.0368439, 14.643718 ], [ 121.038286, 14.6446079 ], [ 121.0401795, 14.6457762 ], [ 121.041461, 14.646567 ], [ 121.0427812, 14.6473775 ], [ 121.042907799999981, 14.6474341 ] ] } },
{ "type": "Feature", "properties": { "u": 4503278060, "v": 8096007672, "key": 0, "osmid": "481320503", "highway": "primary", "lanes": "2", "maxspeed": "60", "name": "Quezon Avenue", "oneway": true, "reversed": "False", "length": 48.44740687091933, "ref": "170", "width": null, "bridge": null, "tunnel": null, "junction": null, "access": null }, "geometry": { "type": "LineString", "coordinates": [ [ 121.0346647, 14.6423486 ], [ 121.034751299999982, 14.6423577 ], [ 121.035061, 14.6425413 ] ] } },
{ "type": "Feature", "properties": { "u": 5432562511, "v": 9837302593, "key": 0, "osmid": "59585040", "highway": "primary", "lanes": "4", "maxspeed": "60", "name": "Quezon Avenue", "oneway": true, "reversed": "False", "length": 20.326725619349748, "ref": "170", "width": null, "bridge": null, "tunnel": null, "junction": null, "access": null }, "geometry": { "type": "LineString", "coordinates": [ [ 121.042907799999981, 14.6474341 ], [ 121.043067100000016, 14.6475324 ] ] } },
{ "type": "Feature", "properties": { "u": 251621911, "v": 12081828979, "key": 0, "osmid": "51801731", "highway": "primary", "lanes": "2", "maxspeed": null, "name": "Regalado Highway", "oneway": true, "reversed": "False", "length": 8.6673293939838363, "ref": null, "width": null, "bridge": null, "tunnel": null, "junction": null, "access": null }, "geometry": { "type": "LineString", "coordinates": [ [ 121.0612325, 14.724543 ], [ 121.061229700000013, 14.7246209 ] ] } },
{ "type": "Feature", "properties": { "u": 12081828979, "v": 251624028, "key": 0, "osmid": "51801731", "highway": "primary", "lanes": "2", "maxspeed": null, "name": "Regalado Highway", "oneway": true, "reversed": "False", "length": 80.267633519840032, "ref": null, "width": null, "bridge": null, "tunnel": null, "junction": null, "access": null }, "geometry": { "type": "LineString", "coordinates": [ [ 121.061229700000013, 14.7246209 ], [ 121.0612343, 14.7247831 ], [ 121.0612348, 14.7249417 ], [ 121.0612359, 14.7253427 ] ] } },
{ "type": "Feature", "properties": { "u": 5432619612, "v": 246784992, "key": 0, "osmid": [ 858768912, 858768909, 856648830 ], "highway": "secondary", "lanes": [ "3", "2" ], "maxspeed": null, "name": "Senator Miriam P. Defensor-Santiago Avenue", "oneway": true, "reversed": "False", "length": 252.89538975116801, "ref": null, "width": null, "bridge": null, "tunnel": null, "junction": null, "access": null }, "geometry": { "type": "LineString", "coordinates": [ [ 121.040953599999966, 14.6458689 ], [ 121.041177, 14.6455817 ], [ 121.041211700000019, 14.6455406 ], [ 121.0419051, 14.6447209 ], [ 121.041981399999983, 14.6446419 ], [ 121.0424062, 14.6442024 ], [ 121.042477199999965, 14.6441401 ] ] } },
{ "type": "Feature", "properties": { "u": 1005100822, "v": 250544749, "key": 0, "osmid": "834542160", "highway": "primary", "lanes": "4", "maxspeed": "60", "name": "Mindanao Avenue", "oneway": true, "reversed": "False", "length": 171.12273273736943, "ref": "128", "width": null, "bridge": null, "tunnel": null, "junction": null, "access": null }, "geometry": { "type": "LineString", "coordinates": [ [ 121.031954200000015, 14.6796001 ], [ 121.031974399999982, 14.67901 ], [ 121.031977900000015, 14.6789074 ], [ 121.0319796, 14.6788567 ], [ 121.0319811, 14.6788116 ], [ 121.0319832, 14.6787525 ], [ 121.031987199999989, 14.6786338 ], [ 121.031988399999989, 14.6785997 ], [ 121.0320068, 14.678062 ] ] } },
{ "type": "Feature", "properties": { "u": 764098862, "v": 764098856, "key": 0, "osmid": "733208061", "highway": "primary", "lanes": "4", "maxspeed": "60", "name": "Quezon Avenue", "oneway": true, "reversed": "False", "length": 13.958874128892095, "ref": "170", "width": null, "bridge": null, "tunnel": null, "junction": null, "access": null }, "geometry": { "type": "LineString", "coordinates": [ [ 121.040809700000011, 14.6460522 ], [ 121.0409187, 14.6461203 ] ] } },
{ "type": "Feature", "properties": { "u": 764098862, "v": 5432619612, "key": 0, "osmid": "834266678", "highway": "secondary", "lanes": "2", "maxspeed": null, "name": "Senator Miriam P. Defensor-Santiago Avenue", "oneway": true, "reversed": "False", "length": 25.618599543984303, "ref": null, "width": null, "bridge": null, "tunnel": null, "junction": null, "access": null }, "geometry": { "type": "LineString", "coordinates": [ [ 121.040809700000011, 14.6460522 ], [ 121.0408672, 14.6459869 ], [ 121.040953599999966, 14.6458689 ] ] } },
{ "type": "Feature", "properties": { "u": 306542749, "v": 22352553, "key": 0, "osmid": "1111932962", "highway": "secondary", "lanes": "4", "maxspeed": "40", "name": "Carlos P. Garcia Avenue", "oneway": false, "reversed": "False", "length": 22.170765526482036, "ref": null, "width": null, "bridge": null, "tunnel": null, "junction": null, "access": null }, "geometry": { "type": "LineString", "coordinates": [ [ 121.060084899999978, 14.6473967 ], [ 121.060240799999988, 14.6472663 ] ] } },
{ "type": "Feature", "properties": { "u": 306542749, "v": 5766134850, "key": 0, "osmid": "244415606", "highway": "secondary", "lanes": "4", "maxspeed": "40", "name": "Carlos P. Garcia Avenue", "oneway": false, "reversed": "True", "length": 431.86121074043297, "ref": null, "width": null, "bridge": null, "tunnel": null, "junction": null, "access": null }, "geometry": { "type": "LineString", "coordinates": [ [ 121.060084899999978, 14.6473967 ], [ 121.0599616, 14.6475345 ], [ 121.0598637, 14.647707 ], [ 121.059818099999987, 14.6478082 ], [ 121.0597886, 14.6478991 ], [ 121.0597444, 14.6480522 ], [ 121.0591485, 14.6510744 ], [ 121.059136199999969, 14.6511367 ] ] } },
{ "type": "Feature", "properties": { "u": 3922129606, "v": 5536826868, "key": 0, "osmid": "389070664", "highway": "secondary", "lanes": "3", "maxspeed": null, "name": "Mindanao Avenue", "oneway": true, "reversed": "False", "length": 33.210548912010822, "ref": null, "width": null, "bridge": null, "tunnel": null, "junction": null, "access": null }, "geometry": { "type": "LineString", "coordinates": [ [ 121.060926, 14.7293637 ], [ 121.061146, 14.7295733 ] ] } },
{ "type": "Feature", "properties": { "u": 251622791, "v": 8657803497, "key": 0, "osmid": "47497874", "highway": "primary", "lanes": "3", "maxspeed": null, "name": "Regalado Highway", "oneway": true, "reversed": "False", "length": 95.685223082804598, "ref": null, "width": null, "bridge": null, "tunnel": null, "junction": null, "access": null }, "geometry": { "type": "LineString", "coordinates": [ [ 121.061259100000015, 14.7307623 ], [ 121.06126, 14.7310035 ], [ 121.061261899999977, 14.7312188 ], [ 121.061264, 14.7315495 ], [ 121.0612644, 14.7316228 ] ] } },
{ "type": "Feature", "properties": { "u": 5292875721, "v": 5286795628, "key": 0, "osmid": "547804365", "highway": "secondary", "lanes": "1", "maxspeed": "40", "name": "Kalayaan Avenue", "oneway": true, "reversed": "False", "length": 14.010894795216881, "ref": null, "width": null, "bridge": null, "tunnel": null, "junction": null, "access": null }, "geometry": { "type": "LineString", "coordinates": [ [ 121.052047700000017, 14.6472109 ], [ 121.051943900000012, 14.647287 ] ] } },
{ "type": "Feature", "properties": { "u": 5292875721, "v": 6328416662, "key": 0, "osmid": [ 716030312, 1347899137 ], "highway": "secondary", "lanes": "2", "maxspeed": "40", "name": "Kalayaan Avenue", "oneway": true, "reversed": "False", "length": 185.54166222177673, "ref": null, "width": null, "bridge": null, "tunnel": null, "junction": null, "access": null }, "geometry": { "type": "LineString", "coordinates": [ [ 121.052047700000017, 14.6472109 ], [ 121.051970900000015, 14.6473651 ], [ 121.051696899999968, 14.6477941 ], [ 121.051506499999988, 14.6480796 ], [ 121.051151299999987, 14.6486353 ] ] } },
{ "type": "Feature", "properties": { "u": 5372277506, "v": 3684919947, "key": 0, "osmid": [ 1303397808, 1063071970, 27926548 ], "highway": "secondary", "lanes": [ "4", "3" ], "maxspeed": null, "name": "Visayas Avenue", "oneway": true, "reversed": "False", "length": 167.50055356155951, "ref": null, "width": null, "bridge": null, "tunnel": null, "junction": null, "access": null }, "geometry": { "type": "LineString", "coordinates": [ [ 121.047999499999989, 14.6542794 ], [ 121.0477017, 14.654304 ], [ 121.047637499999979, 14.6543081 ], [ 121.047551, 14.6543242 ], [ 121.047504, 14.654349 ], [ 121.0474559, 14.6543915 ], [ 121.047401, 14.6544528 ], [ 121.04732150000001, 14.6545593 ], [ 121.0471702, 14.6547733 ], [ 121.0470828, 14.6548871 ], [ 121.0468862, 14.6551706 ] ] } },
{ "type": "Feature", "properties": { "u": 5372277506, "v": 5284185615, "key": 0, "osmid": "369688328", "highway": "primary", "lanes": "8", "maxspeed": "60", "name": "Elliptical Road", "oneway": true, "reversed": "False", "length": 134.28186256120395, "ref": "170;173;174", "width": null, "bridge": null, "tunnel": null, "junction": null, "access": null }, "geometry": { "type": "LineString", "coordinates": [ [ 121.047999499999989, 14.6542794 ], [ 121.047867, 14.6542363 ], [ 121.0477387, 14.6541823 ], [ 121.047614900000013, 14.6541192 ], [ 121.0474963, 14.6540474 ], [ 121.0473836, 14.6539673 ], [ 121.047277300000019, 14.6538793 ], [ 121.047178099999982, 14.6537838 ], [ 121.047092, 14.6536805 ], [ 121.047008500000018, 14.6535818 ] ] } },
{ "type": "Feature", "properties": { "u": 5286794802, "v": 9785527820, "key": 0, "osmid": "1123244163", "highway": "primary", "lanes": "5", "maxspeed": "60", "name": "Commonwealth Avenue", "oneway": true, "reversed": "False", "length": 55.970869706690344, "ref": "170", "width": null, "bridge": null, "tunnel": null, "junction": null, "access": null }, "geometry": { "type": "LineString", "coordinates": [ [ 121.0521109, 14.6530534 ], [ 121.0525585, 14.65331 ] ] } },
{ "type": "Feature", "properties": { "u": 9837302593, "v": 2074398238, "key": 0, "osmid": "59585040", "highway": "primary", "lanes": "4", "maxspeed": "60", "name": "Quezon Avenue", "oneway": true, "reversed": "False", "length": 448.06286651272984, "ref": "170", "width": null, "bridge": null, "tunnel": null, "junction": null, "access": null }, "geometry": { "type": "LineString", "coordinates": [ [ 121.043067100000016, 14.6475324 ], [ 121.0446085, 14.6484967 ], [ 121.0448027, 14.648618 ], [ 121.04568780000001, 14.6491711 ], [ 121.046571, 14.6497106 ] ] } },
{ "type": "Feature", "properties": { "u": 750534415, "v": 5432562516, "key": 0, "osmid": "859217264", "highway": "secondary", "lanes": "4", "maxspeed": null, "name": "Senator Miriam P. Defensor-Santiago Avenue", "oneway": true, "reversed": "False", "length": 55.883861258283332, "ref": null, "width": null, "bridge": null, "tunnel": null, "junction": null, "access": null }, "geometry": { "type": "LineString", "coordinates": [ [ 121.0401615, 14.6470775 ], [ 121.040307499999983, 14.6467885 ], [ 121.0403236, 14.6467575 ], [ 121.040390499999987, 14.6466264 ] ] } },
{ "type": "Feature", "properties": { "u": 5432562509, "v": 5432562511, "key": 0, "osmid": "547067323", "highway": "primary", "lanes": "2", "maxspeed": "60", "name": "Quezon Avenue", "oneway": true, "reversed": "False", "length": 213.09267647910298, "ref": "170", "width": null, "bridge": null, "tunnel": null, "junction": null, "access": null }, "geometry": { "type": "LineString", "coordinates": [ [ 121.041278300000016, 14.646349 ], [ 121.0415171, 14.6465217 ], [ 121.0428008, 14.6473347 ], [ 121.042907799999981, 14.6474341 ] ] } },
{ "type": "Feature", "properties": { "u": 5432562512, "v": 286082839, "key": 0, "osmid": "18578520", "highway": "primary", "lanes": "2", "maxspeed": "60", "name": "Quezon Avenue", "oneway": true, "reversed": "False", "length": 316.85532156708524, "ref": "170", "width": null, "bridge": null, "tunnel": null, "junction": null, "access": null }, "geometry": { "type": "LineString", "coordinates": [ [ 121.040083399999972, 14.6459445 ], [ 121.039966099999987, 14.645831 ], [ 121.0376169, 14.644394 ] ] } },
{ "type": "Feature", "properties": { "u": 5432562512, "v": 286082847, "key": 0, "osmid": "702461316", "highway": "primary", "lanes": "1", "maxspeed": "60", "name": "Quezon Avenue", "oneway": true, "reversed": "False", "length": 273.88398848408951, "ref": "170", "width": null, "bridge": null, "tunnel": null, "junction": null, "access": null }, "geometry": { "type": "LineString", "coordinates": [ [ 121.040083399999972, 14.6459445 ], [ 121.039935499999984, 14.6458999 ], [ 121.0389191, 14.6452841 ], [ 121.0383587, 14.6449413 ], [ 121.0383194, 14.6449153 ], [ 121.037913399999979, 14.6446657 ] ] } },
{ "type": "Feature", "properties": { "u": 5432562513, "v": 5432562512, "key": 0, "osmid": "733208065", "highway": "primary", "lanes": "3", "maxspeed": "60", "name": "Quezon Avenue", "oneway": true, "reversed": "False", "length": 31.506694888600098, "ref": "170", "width": null, "bridge": null, "tunnel": null, "junction": null, "access": null }, "geometry": { "type": "LineString", "coordinates": [ [ 121.040331599999973, 14.6460949 ], [ 121.040083399999972, 14.6459445 ] ] } },
{ "type": "Feature", "properties": { "u": 5432562516, "v": 764098860, "key": 0, "osmid": [ 1302828385, 733208067 ], "highway": "secondary", "lanes": "2", "maxspeed": null, "name": "Senator Miriam P. Defensor-Santiago Avenue", "oneway": true, "reversed": "False", "length": 45.845110981872892, "ref": null, "width": null, "bridge": null, "tunnel": null, "junction": null, "access": null }, "geometry": { "type": "LineString", "coordinates": [ [ 121.040390499999987, 14.6466264 ], [ 121.04054509999996, 14.6463814 ], [ 121.040564399999965, 14.6463526 ], [ 121.04061320000001, 14.6462749 ] ] } },
{ "type": "Feature", "properties": { "u": 860789298, "v": 219986051, "key": 0, "osmid": "146591574", "highway": "primary", "lanes": "3", "maxspeed": "60", "name": "Congressional Avenue Extension", "oneway": true, "reversed": "False", "length": 269.31370869454281, "ref": "129", "width": null, "bridge": null, "tunnel": null, "junction": null, "access": null }, "geometry": { "type": "LineString", "coordinates": [ [ 121.047905099999966, 14.673018 ], [ 121.0475338, 14.6729341 ], [ 121.047095699999971, 14.672844 ], [ 121.04696610000002, 14.6728286 ], [ 121.0466496, 14.6727821 ], [ 121.045464, 14.6724888 ] ] } },
{ "type": "Feature", "properties": { "u": 6615831430, "v": 452847235, "key": 0, "osmid": "38342026", "highway": "secondary", "lanes": "3", "maxspeed": null, "name": "Congressional Avenue", "oneway": true, "reversed": "False", "length": 169.52569907376605, "ref": "129", "width": null, "bridge": null, "tunnel": null, "junction": null, "access": null }, "geometry": { "type": "LineString", "coordinates": [ [ 121.03259, 14.6664286 ], [ 121.032899, 14.6666661 ], [ 121.033069399999988, 14.6668385 ], [ 121.033179700000019, 14.66695 ], [ 121.033252, 14.6670358 ], [ 121.0333902, 14.6672 ], [ 121.033661, 14.6675378 ] ] } },
{ "type": "Feature", "properties": { "u": 8651486119, "v": 12083435945, "key": 0, "osmid": "249490424", "highway": "primary", "lanes": "2", "maxspeed": null, "name": "Quirino Highway", "oneway": true, "reversed": "False", "length": 201.68426137091461, "ref": "127", "width": null, "bridge": null, "tunnel": null, "junction": null, "access": null }, "geometry": { "type": "LineString", "coordinates": [ [ 121.0260005, 14.6885409 ], [ 121.0256942, 14.6882136 ], [ 121.0254603, 14.6879469 ], [ 121.025013799999982, 14.6873808 ], [ 121.024903499999965, 14.6872372 ], [ 121.024820799999986, 14.6871327 ] ] } },
{ "type": "Feature", "properties": { "u": 12083435945, "v": 12083435946, "key": 0, "osmid": "249490424", "highway": "primary", "lanes": "2", "maxspeed": null, "name": "Quirino Highway", "oneway": true, "reversed": "False", "length": 41.175832416280322, "ref": "127", "width": null, "bridge": null, "tunnel": null, "junction": null, "access": null }, "geometry": { "type": "LineString", "coordinates": [ [ 121.024820799999986, 14.6871327 ], [ 121.024778399999988, 14.6870768 ], [ 121.0245944, 14.6868341 ] ] } },
{ "type": "Feature", "properties": { "u": 246783222, "v": 26082642, "key": 0, "osmid": "1324904148", "highway": "secondary", "lanes": "3", "maxspeed": "40", "name": "Kalayaan Avenue", "oneway": true, "reversed": "False", "length": 182.24637256192315, "ref": null, "width": null, "bridge": null, "tunnel": null, "junction": null, "access": null }, "geometry": { "type": "LineString", "coordinates": [ [ 121.054239499999966, 14.6428463 ], [ 121.054276, 14.6427435 ], [ 121.054363099999975, 14.6424695 ], [ 121.0544574, 14.642141 ], [ 121.054548700000012, 14.6417742 ], [ 121.054623100000015, 14.6413986 ], [ 121.054653499999986, 14.6412587 ] ] } },
{ "type": "Feature", "properties": { "u": 6622467002, "v": 12144457280, "key": 0, "osmid": [ 705098898, 858768906, 1219666892, 22919117 ], "highway": "secondary", "lanes": "1", "maxspeed": null, "name": "Senator Miriam P. Defensor-Santiago Avenue", "oneway": true, "reversed": "False", "length": 419.44864824385405, "ref": null, "width": null, "bridge": null, "tunnel": null, "junction": null, "access": null }, "geometry": { "type": "LineString", "coordinates": [ [ 121.045696099999972, 14.6418843 ], [ 121.045257800000016, 14.6421427 ], [ 121.0447002, 14.6425138 ], [ 121.044624699999972, 14.6425642 ], [ 121.044534, 14.6426329 ], [ 121.0437899, 14.6431629 ], [ 121.04332639999997, 14.6435447 ], [ 121.0432476, 14.643616 ], [ 121.0428572, 14.6439661 ], [ 121.042616, 14.6441825 ] ] } },
{ "type": "Feature", "properties": { "u": 12144457280, "v": 9858631082, "key": 0, "osmid": "1342460067", "highway": "secondary", "lanes": "1", "maxspeed": null, "name": "Senator Miriam P. Defensor-Santiago Avenue", "oneway": true, "reversed": "False", "length": 7.6253656877846181, "ref": null, "width": null, "bridge": null, "tunnel": null, "junction": null, "access": null }, "geometry": { "type": "LineString", "coordinates": [ [ 121.042616, 14.6441825 ], [ 121.042564, 14.6442291 ] ] } },
{ "type": "Feature", "properties": { "u": 2071393226, "v": 5825847084, "key": 0, "osmid": [ 1312026241, 616169923 ], "highway": "primary", "lanes": "4", "maxspeed": "60", "name": "Quezon Avenue", "oneway": true, "reversed": "False", "length": 170.44114554779119, "ref": "170", "width": null, "bridge": null, "tunnel": null, "junction": null, "access": null }, "geometry": { "type": "LineString", "coordinates": [ [ 121.029067600000019, 14.638876 ], [ 121.030291899999966, 14.6396325 ], [ 121.0304028, 14.639701 ] ] } },
{ "type": "Feature", "properties": { "u": 5825847084, "v": 2071393237, "key": 0, "osmid": [ 605276448, 1312026244, 697788180, 1312026246 ], "highway": "primary", "lanes": "4", "maxspeed": "60", "name": "Quezon Avenue", "oneway": true, "reversed": "False", "length": 321.27311277602092, "ref": "170", "width": null, "bridge": null, "tunnel": null, "junction": null, "access": null }, "geometry": { "type": "LineString", "coordinates": [ [ 121.0304028, 14.639701 ], [ 121.0304976, 14.6397584 ], [ 121.0313667, 14.6402848 ], [ 121.032805700000011, 14.6411809 ], [ 121.0328261, 14.6411936 ], [ 121.032921499999986, 14.6412531 ] ] } },
{ "type": "Feature", "properties": { "u": 260904535, "v": 260903891, "key": 0, "osmid": "941731840", "highway": "secondary", "lanes": "2", "maxspeed": "40", "name": "Susano Road", "oneway": false, "reversed": "False", "length": 57.070437835296659, "ref": null, "width": null, "bridge": null, "tunnel": null, "junction": null, "access": null }, "geometry": { "type": "LineString", "coordinates": [ [ 121.036152799999982, 14.7308663 ], [ 121.036099399999983, 14.7309604 ], [ 121.0359803, 14.73117 ], [ 121.035897399999982, 14.7313162 ] ] } },
{ "type": "Feature", "properties": { "u": 260904535, "v": 260904532, "key": 0, "osmid": [ 941731840, 555196631 ], "highway": "secondary", "lanes": "2", "maxspeed": "40", "name": "Susano Road", "oneway": false, "reversed": "True", "length": 226.84788987763218, "ref": null, "width": null, "bridge": null, "tunnel": null, "junction": null, "access": null }, "geometry": { "type": "LineString", "coordinates": [ [ 121.036152799999982, 14.7308663 ], [ 121.036375, 14.7304749 ], [ 121.036769, 14.729781 ], [ 121.0371691, 14.7290786 ] ] } },
{ "type": "Feature", "properties": { "u": 1162656796, "v": 35458381, "key": 0, "osmid": [ 44635224, 44634961, 1061823670 ], "highway": "primary", "lanes": "3", "maxspeed": null, "name": "Mindanao Avenue", "oneway": true, "reversed": "False", "length": 135.94230902756425, "ref": "128", "width": null, "bridge": "yes", "tunnel": null, "junction": null, "access": null }, "geometry": { "type": "LineString", "coordinates": [ [ 121.035997, 14.6650635 ], [ 121.036179700000019, 14.6646628 ], [ 121.036267, 14.6644198 ], [ 121.0363689, 14.6640293 ], [ 121.0363992, 14.6639082 ] ] } },
{ "type": "Feature", "properties": { "u": 2071393237, "v": 4503278060, "key": 0, "osmid": "605276457", "highway": "primary", "lanes": "4", "maxspeed": "60", "name": "Quezon Avenue", "oneway": true, "reversed": "False", "length": 223.6295878751167, "ref": "170", "width": null, "bridge": null, "tunnel": null, "junction": null, "access": null }, "geometry": { "type": "LineString", "coordinates": [ [ 121.032921499999986, 14.6412531 ], [ 121.0330344, 14.6413234 ], [ 121.0346647, 14.6423486 ] ] } },
{ "type": "Feature", "properties": { "u": 251623968, "v": 5223230306, "key": 0, "osmid": "47497873", "highway": "secondary", "lanes": "3", "maxspeed": null, "name": "Mindanao Avenue", "oneway": true, "reversed": "False", "length": 14.587440352259375, "ref": null, "width": null, "bridge": null, "tunnel": null, "junction": null, "access": null }, "geometry": { "type": "LineString", "coordinates": [ [ 121.05893279999998, 14.7277195 ], [ 121.058834599999983, 14.727629 ] ] } },
{ "type": "Feature", "properties": { "u": 474084331, "v": 2718225659, "key": 0, "osmid": "44635222", "highway": "primary", "lanes": "4", "maxspeed": null, "name": "Mindanao Avenue", "oneway": true, "reversed": "False", "length": 257.80891846343036, "ref": "128", "width": null, "bridge": null, "tunnel": null, "junction": null, "access": null }, "geometry": { "type": "LineString", "coordinates": [ [ 121.035784599999985, 14.6577004 ], [ 121.0353638, 14.6558167 ], [ 121.035275500000012, 14.6554348 ] ] } },
{ "type": "Feature", "properties": { "u": 2718225659, "v": 22352232, "key": 0, "osmid": [ 1354781618, 44635222 ], "highway": "primary", "lanes": "4", "maxspeed": null, "name": "Mindanao Avenue", "oneway": true, "reversed": "False", "length": 92.968688159556493, "ref": "128", "width": null, "bridge": null, "tunnel": null, "junction": null, "access": null }, "geometry": { "type": "LineString", "coordinates": [ [ 121.035275500000012, 14.6554348 ], [ 121.0351894, 14.6550518 ], [ 121.0351234, 14.6547578 ], [ 121.035111799999967, 14.6547063 ], [ 121.035091899999983, 14.6546178 ] ] } },
{ "type": "Feature", "properties": { "u": 314209287, "v": 314209294, "key": 0, "osmid": "46990830", "highway": "secondary", "lanes": "2", "maxspeed": "20", "name": "Katipunan Avenue", "oneway": false, "reversed": "False", "length": 313.47267177893747, "ref": null, "width": null, "bridge": null, "tunnel": null, "junction": null, "access": null }, "geometry": { "type": "LineString", "coordinates": [ [ 121.0266579, 14.6944591 ], [ 121.0266578, 14.6942735 ], [ 121.0266574, 14.6938583 ], [ 121.0266613, 14.6937264 ], [ 121.02667, 14.6936202 ], [ 121.026681399999973, 14.6935364 ], [ 121.0266955, 14.6934813 ], [ 121.026721199999983, 14.6934134 ], [ 121.026753200000016, 14.6933392 ], [ 121.0267813, 14.6932653 ], [ 121.026803, 14.6931848 ], [ 121.026916500000013, 14.6926919 ], [ 121.026943499999959, 14.6925737 ], [ 121.026973, 14.692437 ], [ 121.027000199999989, 14.6922108 ], [ 121.0270093, 14.6921386 ], [ 121.0270187, 14.6920861 ], [ 121.0270346, 14.692039 ], [ 121.0270715, 14.6919773 ], [ 121.027195800000015, 14.6917812 ], [ 121.0272058, 14.6917579 ], [ 121.027209399999975, 14.6917297 ] ] } },
{ "type": "Feature", "properties": { "u": 314209287, "v": 251107799, "key": 0, "osmid": "1262484519", "highway": "secondary", "lanes": "2", "maxspeed": "30", "name": "King Alexander Street", "oneway": false, "reversed": "False", "length": 68.08479314731828, "ref": null, "width": "5", "bridge": null, "tunnel": null, "junction": null, "access": null }, "geometry": { "type": "LineString", "coordinates": [ [ 121.0266579, 14.6944591 ], [ 121.0263012, 14.6944604 ], [ 121.0262624, 14.6944606 ], [ 121.026024899999967, 14.6944614 ] ] } },
{ "type": "Feature", "properties": { "u": 314209294, "v": 314209313, "key": 0, "osmid": "28600144", "highway": "secondary", "lanes": "2", "maxspeed": "20", "name": "Katipunan Avenue", "oneway": false, "reversed": "True", "length": 37.393138823487739, "ref": null, "width": null, "bridge": null, "tunnel": null, "junction": null, "access": null }, "geometry": { "type": "LineString", "coordinates": [ [ 121.027209399999975, 14.6917297 ], [ 121.0271984, 14.6917112 ], [ 121.0271743, 14.691691 ], [ 121.026920099999984, 14.6915487 ] ] } },
{ "type": "Feature", "properties": { "u": 314209294, "v": 314209287, "key": 0, "osmid": "46990830", "highway": "secondary", "lanes": "2", "maxspeed": "20", "name": "Katipunan Avenue", "oneway": false, "reversed": "True", "length": 313.47267177893752, "ref": null, "width": null, "bridge": null, "tunnel": null, "junction": null, "access": null }, "geometry": { "type": "LineString", "coordinates": [ [ 121.027209399999975, 14.6917297 ], [ 121.0272058, 14.6917579 ], [ 121.027195800000015, 14.6917812 ], [ 121.0270715, 14.6919773 ], [ 121.0270346, 14.692039 ], [ 121.0270187, 14.6920861 ], [ 121.0270093, 14.6921386 ], [ 121.027000199999989, 14.6922108 ], [ 121.026973, 14.692437 ], [ 121.026943499999959, 14.6925737 ], [ 121.026916500000013, 14.6926919 ], [ 121.026803, 14.6931848 ], [ 121.0267813, 14.6932653 ], [ 121.026753200000016, 14.6933392 ], [ 121.026721199999983, 14.6934134 ], [ 121.0266955, 14.6934813 ], [ 121.026681399999973, 14.6935364 ], [ 121.02667, 14.6936202 ], [ 121.0266613, 14.6937264 ], [ 121.0266574, 14.6938583 ], [ 121.0266578, 14.6942735 ], [ 121.0266579, 14.6944591 ] ] } },
{ "type": "Feature", "properties": { "u": 251107799, "v": 251107770, "key": 0, "osmid": "23213775", "highway": "secondary", "lanes": "2", "maxspeed": "30", "name": "King Christian Street", "oneway": false, "reversed": "False", "length": 61.904112147502609, "ref": null, "width": null, "bridge": null, "tunnel": null, "junction": null, "access": null }, "geometry": { "type": "LineString", "coordinates": [ [ 121.026024899999967, 14.6944614 ], [ 121.0260205, 14.6950181 ] ] } },
{ "type": "Feature", "properties": { "u": 251107799, "v": 314209287, "key": 0, "osmid": "1262484519", "highway": "secondary", "lanes": "2", "maxspeed": "30", "name": "King Alexander Street", "oneway": false, "reversed": "True", "length": 68.08479314731828, "ref": null, "width": "5", "bridge": null, "tunnel": null, "junction": null, "access": null }, "geometry": { "type": "LineString", "coordinates": [ [ 121.026024899999967, 14.6944614 ], [ 121.0262624, 14.6944606 ], [ 121.0263012, 14.6944604 ], [ 121.0266579, 14.6944591 ] ] } },
{ "type": "Feature", "properties": { "u": 8585081876, "v": 122959239, "key": 0, "osmid": "277508200", "highway": "secondary", "lanes": "4", "maxspeed": null, "name": "Visayas Avenue", "oneway": true, "reversed": "False", "length": 133.08532549079516, "ref": null, "width": "10", "bridge": null, "tunnel": null, "junction": null, "access": null }, "geometry": { "type": "LineString", "coordinates": [ [ 121.043667499999984, 14.6748961 ], [ 121.0436741, 14.6749856 ], [ 121.0437034, 14.6754462 ], [ 121.0437507, 14.6760073 ], [ 121.043758, 14.6760897 ] ] } },
{ "type": "Feature", "properties": { "u": 246782846, "v": 6622286349, "key": 0, "osmid": "351863424", "highway": "trunk", "lanes": "3", "maxspeed": "60", "name": "EDSA", "oneway": true, "reversed": "False", "length": 273.94738018926296, "ref": "1", "width": null, "bridge": null, "tunnel": null, "junction": null, "access": null }, "geometry": { "type": "LineString", "coordinates": [ [ 121.0419839, 14.6371169 ], [ 121.042118700000017, 14.636909 ], [ 121.042553400000017, 14.6362386 ], [ 121.042733500000011, 14.6359609 ], [ 121.043337199999982, 14.63503 ] ] } },
{ "type": "Feature", "properties": { "u": 7899078632, "v": 8382424186, "key": 0, "osmid": [ 117517699, 642764204, 896065004, 880088310, 547067322 ], "highway": "trunk", "lanes": "2", "maxspeed": "60", "name": "EDSA", "oneway": true, "reversed": "False", "length": 942.54326345226502, "ref": "1", "width": null, "bridge": [ "viaduct", "yes" ], "tunnel": null, "junction": null, "access": null }, "geometry": { "type": "LineString", "coordinates": [ [ 121.039583099999973, 14.641266 ], [ 121.039234, 14.6417631 ], [ 121.0391324, 14.6419219 ], [ 121.0386344, 14.6426728 ], [ 121.038377400000016, 14.6430541 ], [ 121.0366447, 14.6457387 ], [ 121.035407, 14.6476472 ], [ 121.034946, 14.6483311 ], [ 121.034916699999982, 14.648434 ] ] } },
{ "type": "Feature", "properties": { "u": 7899078632, "v": 7965461283, "key": 0, "osmid": [ 481337825, 880088308, 880088309, 846602446 ], "highway": "primary", "lanes": [ "1", "2" ], "maxspeed": "60", "name": "EDSA", "oneway": true, "reversed": "False", "length": 263.29104399019218, "ref": "1", "width": null, "bridge": null, "tunnel": null, "junction": null, "access": null }, "geometry": { "type": "LineString", "coordinates": [ [ 121.039583099999973, 14.641266 ], [ 121.039322399999989, 14.6417551 ], [ 121.039297299999987, 14.6417991 ], [ 121.0387058, 14.6427038 ], [ 121.0386658, 14.6427645 ], [ 121.0385757, 14.6429014 ], [ 121.038449, 14.6430982 ], [ 121.0383203, 14.6432923 ] ] } },
{ "type": "Feature", "properties": { "u": 251624028, "v": 251623183, "key": 0, "osmid": "51801731", "highway": "primary", "lanes": "2", "maxspeed": null, "name": "Regalado Highway", "oneway": true, "reversed": "False", "length": 249.13430961798139, "ref": null, "width": null, "bridge": null, "tunnel": null, "junction": null, "access": null }, "geometry": { "type": "LineString", "coordinates": [ [ 121.0612359, 14.7253427 ], [ 121.0612362, 14.7253952 ], [ 121.061236599999987, 14.7255975 ], [ 121.061243899999965, 14.727444 ], [ 121.061244399999978, 14.7275832 ] ] } },
{ "type": "Feature", "properties": { "u": 2467577361, "v": 566895348, "key": 0, "osmid": "568920031", "highway": "trunk", "lanes": "4", "maxspeed": "60", "name": "EDSA", "oneway": true, "reversed": "False", "length": 61.262054290825809, "ref": "1", "width": "19.2", "bridge": null, "tunnel": null, "junction": null, "access": null }, "geometry": { "type": "LineString", "coordinates": [ [ 121.019952300000014, 14.6577779 ], [ 121.019382900000011, 14.6577689 ] ] } },
{ "type": "Feature", "properties": { "u": 2467577361, "v": 5282138777, "key": 0, "osmid": "5131472", "highway": "secondary", "lanes": "1", "maxspeed": null, "name": "Congressional Avenue", "oneway": true, "reversed": "False", "length": 52.153340078179468, "ref": "129", "width": "6.9", "bridge": null, "tunnel": null, "junction": null, "access": null }, "geometry": { "type": "LineString", "coordinates": [ [ 121.019952300000014, 14.6577779 ], [ 121.019922899999983, 14.6578002 ], [ 121.0199055, 14.6578151 ], [ 121.019885700000017, 14.6578344 ], [ 121.0198733, 14.6578501 ], [ 121.01986119999998, 14.6578726 ], [ 121.0198525, 14.6578943 ], [ 121.0198465, 14.6579183 ], [ 121.0198412, 14.6579494 ], [ 121.0198379, 14.6579853 ], [ 121.0198292, 14.6582077 ] ] } },
{ "type": "Feature", "properties": { "u": 5778970613, "v": 8317889023, "key": 0, "osmid": [ 941651669, 872815566 ], "highway": "primary", "lanes": "3", "maxspeed": "60", "name": "Commonwealth Avenue", "oneway": true, "reversed": "False", "length": 125.83861564976763, "ref": "170", "width": null, "bridge": null, "tunnel": null, "junction": null, "access": null }, "geometry": { "type": "LineString", "coordinates": [ [ 121.0488743, 14.7253384 ], [ 121.048733699999971, 14.725505 ], [ 121.0482833, 14.7260488 ], [ 121.0481447, 14.7262231 ] ] } },
{ "type": "Feature", "properties": { "u": 8657761434, "v": 243673188, "key": 0, "osmid": "77447666", "highway": "primary", "lanes": "4", "maxspeed": "60", "name": "Commonwealth Avenue", "oneway": true, "reversed": "False", "length": 32.533393751772316, "ref": "170", "width": null, "bridge": null, "tunnel": null, "junction": null, "access": null }, "geometry": { "type": "LineString", "coordinates": [ [ 121.049081699999988, 14.7248282 ], [ 121.0492742, 14.7246025 ] ] } },
{ "type": "Feature", "properties": { "u": 260740442, "v": 260898495, "key": 0, "osmid": [ 26599282, 26599284, 134642135 ], "highway": "primary", "lanes": "4", "maxspeed": null, "name": "Quirino Highway", "oneway": false, "reversed": "True", "length": 161.04644613914508, "ref": "127", "width": null, "bridge": "yes", "tunnel": null, "junction": null, "access": null }, "geometry": { "type": "LineString", "coordinates": [ [ 121.0398731, 14.7195174 ], [ 121.039926100000017, 14.7192487 ], [ 121.040023, 14.7187998 ], [ 121.0400667, 14.7185315 ], [ 121.0401258, 14.7180906 ] ] } },
{ "type": "Feature", "properties": { "u": 260740442, "v": 8661054619, "key": 0, "osmid": [ 866633328, 837683434, 866633336, 866633335 ], "highway": "primary", "lanes": "4", "maxspeed": null, "name": "Quirino Highway", "oneway": false, "reversed": "False", "length": 256.78169717429125, "ref": "127", "width": null, "bridge": null, "tunnel": null, "junction": null, "access": null }, "geometry": { "type": "LineString", "coordinates": [ [ 121.0398731, 14.7195174 ], [ 121.039806499999983, 14.7199696 ], [ 121.039702600000012, 14.7206744 ], [ 121.0396772, 14.7208464 ], [ 121.039652, 14.7210177 ], [ 121.039648, 14.7210448 ], [ 121.0396073, 14.7213215 ], [ 121.039595, 14.7214048 ], [ 121.0395816, 14.7214957 ], [ 121.0395492, 14.7217157 ], [ 121.039536299999966, 14.7218036 ] ] } },
{ "type": "Feature", "properties": { "u": 8661054620, "v": 8661054619, "key": 0, "osmid": [ 941761808, 934523196 ], "highway": "primary", "lanes": "4", "maxspeed": null, "name": "Quirino Highway", "oneway": false, "reversed": "False", "length": 39.341835072100558, "ref": "127", "width": null, "bridge": null, "tunnel": null, "junction": null, "access": null }, "geometry": { "type": "LineString", "coordinates": [ [ 121.039899, 14.7218497 ], [ 121.0396326, 14.7218158 ], [ 121.039536299999966, 14.7218036 ] ] } },
{ "type": "Feature", "properties": { "u": 8661054620, "v": 260740462, "key": 0, "osmid": [ 941761810, 866633330 ], "highway": "primary", "lanes": "4", "maxspeed": null, "name": "Quirino Highway", "oneway": false, "reversed": "True", "length": 144.43069308289674, "ref": "127", "width": null, "bridge": null, "tunnel": null, "junction": null, "access": null }, "geometry": { "type": "LineString", "coordinates": [ [ 121.039899, 14.7218497 ], [ 121.0399633, 14.7218579 ], [ 121.0401482, 14.7218815 ], [ 121.04035949999998, 14.7219083 ], [ 121.041097799999974, 14.7220023 ], [ 121.0412305, 14.7220192 ] ] } },
{ "type": "Feature", "properties": { "u": 1074584763, "v": 1074584753, "key": 0, "osmid": "38342026", "highway": "secondary", "lanes": "3", "maxspeed": null, "name": "Congressional Avenue", "oneway": true, "reversed": "False", "length": 260.01403902422106, "ref": "129", "width": null, "bridge": null, "tunnel": null, "junction": null, "access": null }, "geometry": { "type": "LineString", "coordinates": [ [ 121.029120700000021, 14.6652207 ], [ 121.030014899999983, 14.6654602 ], [ 121.0301448, 14.6654986 ], [ 121.0302964, 14.6655442 ], [ 121.030327, 14.6655545 ], [ 121.0304288, 14.6655826 ], [ 121.0306205, 14.6656406 ], [ 121.030858599999974, 14.665712 ], [ 121.0310323, 14.6657612 ], [ 121.031167899999971, 14.6658054 ], [ 121.0312619, 14.6658256 ], [ 121.0314411, 14.6658735 ] ] } },
{ "type": "Feature", "properties": { "u": 260895946, "v": 260740442, "key": 0, "osmid": "92117857", "highway": "primary", "lanes": "2", "maxspeed": "20", "name": "Sarmiento Street", "oneway": true, "reversed": "False", "length": 83.710825461747334, "ref": null, "width": null, "bridge": null, "tunnel": null, "junction": null, "access": null }, "geometry": { "type": "LineString", "coordinates": [ [ 121.039100599999969, 14.7194272 ], [ 121.039503300000021, 14.7194676 ], [ 121.039796199999984, 14.7195029 ], [ 121.0398731, 14.7195174 ] ] } },
{ "type": "Feature", "properties": { "u": 506426594, "v": 12444293821, "key": 0, "osmid": "474940297", "highway": "primary", "lanes": "2", "maxspeed": null, "name": "Quirino Highway", "oneway": true, "reversed": "False", "length": 233.6636423521463, "ref": "127", "width": null, "bridge": null, "tunnel": null, "junction": null, "access": null }, "geometry": { "type": "LineString", "coordinates": [ [ 121.0293433, 14.6923194 ], [ 121.029327100000017, 14.6923012 ], [ 121.029189400000021, 14.6921465 ], [ 121.0280492, 14.690841 ], [ 121.0279349, 14.6907196 ] ] } },
{ "type": "Feature", "properties": { "u": 12444293821, "v": 4692391269, "key": 0, "osmid": "1345133242", "highway": "primary", "lanes": "2", "maxspeed": null, "name": "Quirino Highway", "oneway": true, "reversed": "False", "length": 12.967384803365029, "ref": "127", "width": null, "bridge": null, "tunnel": null, "junction": null, "access": null }, "geometry": { "type": "LineString", "coordinates": [ [ 121.0279349, 14.6907196 ], [ 121.027853699999966, 14.6906334 ] ] } },
{ "type": "Feature", "properties": { "u": 8631620856, "v": 260897272, "key": 0, "osmid": "120880944", "highway": "primary", "lanes": "4", "maxspeed": null, "name": "Quirino Highway", "oneway": false, "reversed": "True", "length": 21.238887148723283, "ref": "127", "width": null, "bridge": null, "tunnel": null, "junction": null, "access": null }, "geometry": { "type": "LineString", "coordinates": [ [ 121.038978699999973, 14.7083006 ], [ 121.0389956, 14.708396 ], [ 121.039013, 14.7084887 ] ] } },
{ "type": "Feature", "properties": { "u": 8631620856, "v": 260898270, "key": 0, "osmid": "1349521929", "highway": "primary", "lanes": "4", "maxspeed": null, "name": "Quirino Highway", "oneway": false, "reversed": "False", "length": 180.41076840741775, "ref": "127", "width": null, "bridge": null, "tunnel": null, "junction": null, "access": null }, "geometry": { "type": "LineString", "coordinates": [ [ 121.038978699999973, 14.7083006 ], [ 121.038952900000012, 14.708176 ], [ 121.0388965, 14.7078891 ], [ 121.038854700000016, 14.7076652 ], [ 121.0388489, 14.7076338 ], [ 121.0388321, 14.7075642 ], [ 121.03875960000002, 14.7072033 ], [ 121.0387004, 14.706948 ], [ 121.03866960000002, 14.7068576 ], [ 121.0386197, 14.7067177 ] ] } },
{ "type": "Feature", "properties": { "u": 260897272, "v": 591608920, "key": 0, "osmid": "120880944", "highway": "primary", "lanes": "4", "maxspeed": null, "name": "Quirino Highway", "oneway": false, "reversed": "True", "length": 21.282075986105308, "ref": "127", "width": null, "bridge": null, "tunnel": null, "junction": null, "access": null }, "geometry": { "type": "LineString", "coordinates": [ [ 121.039013, 14.7084887 ], [ 121.039050100000011, 14.7086767 ] ] } },
{ "type": "Feature", "properties": { "u": 260897272, "v": 8631620856, "key": 0, "osmid": "120880944", "highway": "primary", "lanes": "4", "maxspeed": null, "name": "Quirino Highway", "oneway": false, "reversed": "False", "length": 21.238887148723283, "ref": "127", "width": null, "bridge": null, "tunnel": null, "junction": null, "access": null }, "geometry": { "type": "LineString", "coordinates": [ [ 121.039013, 14.7084887 ], [ 121.0389956, 14.708396 ], [ 121.038978699999973, 14.7083006 ] ] } },
{ "type": "Feature", "properties": { "u": 260898270, "v": 5647931008, "key": 0, "osmid": "1349521929", "highway": "primary", "lanes": "4", "maxspeed": null, "name": "Quirino Highway", "oneway": false, "reversed": "False", "length": 21.362911208385231, "ref": "127", "width": null, "bridge": null, "tunnel": null, "junction": null, "access": null }, "geometry": { "type": "LineString", "coordinates": [ [ 121.0386197, 14.7067177 ], [ 121.0385946, 14.7066516 ], [ 121.038546600000018, 14.7065391 ] ] } },
{ "type": "Feature", "properties": { "u": 260898270, "v": 8631620856, "key": 0, "osmid": "1349521929", "highway": "primary", "lanes": "4", "maxspeed": null, "name": "Quirino Highway", "oneway": false, "reversed": "True", "length": 180.41076840741778, "ref": "127", "width": null, "bridge": null, "tunnel": null, "junction": null, "access": null }, "geometry": { "type": "LineString", "coordinates": [ [ 121.0386197, 14.7067177 ], [ 121.03866960000002, 14.7068576 ], [ 121.0387004, 14.706948 ], [ 121.03875960000002, 14.7072033 ], [ 121.0388321, 14.7075642 ], [ 121.0388489, 14.7076338 ], [ 121.038854700000016, 14.7076652 ], [ 121.0388965, 14.7078891 ], [ 121.038952900000012, 14.708176 ], [ 121.038978699999973, 14.7083006 ] ] } },
{ "type": "Feature", "properties": { "u": 219962641, "v": 1848285725, "key": 0, "osmid": [ 760517777, 865188123 ], "highway": "primary", "lanes": "3", "maxspeed": "60", "name": "Congressional Avenue", "oneway": true, "reversed": "False", "length": 280.03948926755163, "ref": "129", "width": null, "bridge": null, "tunnel": null, "junction": null, "access": null }, "geometry": { "type": "LineString", "coordinates": [ [ 121.0373826, 14.6704441 ], [ 121.037085599999983, 14.6703015 ], [ 121.0367689, 14.6701458 ], [ 121.0364565, 14.669965 ], [ 121.036099799999974, 14.6697538 ], [ 121.035913, 14.6696383 ], [ 121.035728899999967, 14.6695188 ], [ 121.035547599999987, 14.6693953 ], [ 121.035369100000011, 14.669268 ], [ 121.0352462, 14.6691768 ], [ 121.0351736, 14.6691214 ] ] } },
{ "type": "Feature", "properties": { "u": 452842772, "v": 452853932, "key": 0, "osmid": [ 33192048, 1351044015 ], "highway": "primary", "lanes": "4", "maxspeed": "60", "name": "Mindanao Avenue", "oneway": true, "reversed": "False", "length": 170.30905258434413, "ref": "128", "width": null, "bridge": null, "tunnel": null, "junction": null, "access": null }, "geometry": { "type": "LineString", "coordinates": [ [ 121.0321894, 14.6718056 ], [ 121.0322007, 14.671431 ], [ 121.032233599999984, 14.6710441 ], [ 121.032284800000014, 14.6706651 ], [ 121.03238, 14.6702898 ] ] } },
{ "type": "Feature", "properties": { "u": 8609576218, "v": 5286775749, "key": 0, "osmid": [ 830780905, 670619390 ], "highway": "primary", "lanes": "6", "maxspeed": "60", "name": "Commonwealth Avenue", "oneway": true, "reversed": "False", "length": 220.59367037094336, "ref": "170", "width": null, "bridge": null, "tunnel": null, "junction": null, "access": null }, "geometry": { "type": "LineString", "coordinates": [ [ 121.0542273, 14.6549164 ], [ 121.054191900000021, 14.6548911 ], [ 121.05385320000002, 14.6546385 ], [ 121.053817, 14.6546086 ], [ 121.053467700000013, 14.6543359 ], [ 121.0530038, 14.6539908 ], [ 121.0526065, 14.6537015 ] ] } },
{ "type": "Feature", "properties": { "u": 2057196837, "v": 2074398236, "key": 0, "osmid": "936510012", "highway": "primary", "lanes": "1", "maxspeed": null, "name": "Quezon Avenue", "oneway": true, "reversed": "False", "length": 37.100703935180988, "ref": "170", "width": null, "bridge": null, "tunnel": null, "junction": null, "access": null }, "geometry": { "type": "LineString", "coordinates": [ [ 121.0468438, 14.6500351 ], [ 121.0465473, 14.6498647 ] ] } },
{ "type": "Feature", "properties": { "u": 12120709519, "v": 5432844416, "key": 0, "osmid": "481337821", "highway": "primary", "lanes": "8", "maxspeed": "60", "name": "Elliptical Road", "oneway": true, "reversed": "False", "length": 38.946158980609255, "ref": "170;173;174", "width": null, "bridge": null, "tunnel": null, "junction": null, "access": null }, "geometry": { "type": "LineString", "coordinates": [ [ 121.0472805, 14.6498921 ], [ 121.047370399999977, 14.6497804 ], [ 121.0475085, 14.6496201 ] ] } },
{ "type": "Feature", "properties": { "u": 452842794, "v": 6615831430, "key": 0, "osmid": "38342026", "highway": "secondary", "lanes": "3", "maxspeed": null, "name": "Congressional Avenue", "oneway": true, "reversed": "False", "length": 15.613666104617776, "ref": "129", "width": null, "bridge": null, "tunnel": null, "junction": null, "access": null }, "geometry": { "type": "LineString", "coordinates": [ [ 121.032470500000017, 14.6663489 ], [ 121.03259, 14.6664286 ] ] } },
{ "type": "Feature", "properties": { "u": 260898495, "v": 260740442, "key": 0, "osmid": [ 26599282, 26599284, 134642135 ], "highway": "primary", "lanes": "4", "maxspeed": null, "name": "Quirino Highway", "oneway": false, "reversed": "False", "length": 161.04644613914508, "ref": "127", "width": null, "bridge": "yes", "tunnel": null, "junction": null, "access": null }, "geometry": { "type": "LineString", "coordinates": [ [ 121.0401258, 14.7180906 ], [ 121.0400667, 14.7185315 ], [ 121.040023, 14.7187998 ], [ 121.039926100000017, 14.7192487 ], [ 121.0398731, 14.7195174 ] ] } },
{ "type": "Feature", "properties": { "u": 260898495, "v": 260896307, "key": 0, "osmid": "134642135", "highway": "primary", "lanes": "4", "maxspeed": null, "name": "Quirino Highway", "oneway": false, "reversed": "True", "length": 107.84418999844857, "ref": "127", "width": null, "bridge": null, "tunnel": null, "junction": null, "access": null }, "geometry": { "type": "LineString", "coordinates": [ [ 121.0401258, 14.7180906 ], [ 121.040136, 14.7180246 ], [ 121.040137900000019, 14.7180126 ], [ 121.0401671, 14.7178249 ], [ 121.040197400000011, 14.7176298 ], [ 121.0402857, 14.7171332 ] ] } },
{ "type": "Feature", "properties": { "u": 260740483, "v": 260896104, "key": 0, "osmid": "972736954", "highway": "primary", "lanes": "4", "maxspeed": "40", "name": "General Luis Street", "oneway": false, "reversed": "False", "length": 119.20419275455987, "ref": "118", "width": null, "bridge": null, "tunnel": null, "junction": null, "access": null }, "geometry": { "type": "LineString", "coordinates": [ [ 121.0366198, 14.7218957 ], [ 121.0365258, 14.7218932 ], [ 121.0364655, 14.7218916 ], [ 121.036308100000014, 14.7218875 ], [ 121.0361627, 14.7218842 ], [ 121.035734299999973, 14.7218713 ], [ 121.035608499999981, 14.7218686 ], [ 121.0355118, 14.7218666 ] ] } },
{ "type": "Feature", "properties": { "u": 260740483, "v": 260740502, "key": 0, "osmid": [ 46995217, 1121065732 ], "highway": "primary", "lanes": "3", "maxspeed": "40", "name": "General Luis Street", "oneway": false, "reversed": "True", "length": 50.621406725998483, "ref": "118", "width": null, "bridge": null, "tunnel": null, "junction": null, "access": null }, "geometry": { "type": "LineString", "coordinates": [ [ 121.0366198, 14.7218957 ], [ 121.036947500000011, 14.721895 ], [ 121.0370905, 14.7218946 ] ] } },
{ "type": "Feature", "properties": { "u": 8657803497, "v": 5536826882, "key": 0, "osmid": "47497874", "highway": "primary", "lanes": "3", "maxspeed": null, "name": "Regalado Highway", "oneway": true, "reversed": "False", "length": 343.1193944591642, "ref": null, "width": null, "bridge": null, "tunnel": null, "junction": null, "access": null }, "geometry": { "type": "LineString", "coordinates": [ [ 121.0612644, 14.7316228 ], [ 121.0612681, 14.7322115 ], [ 121.061267699999988, 14.7323416 ], [ 121.061263900000014, 14.7337477 ], [ 121.0612659, 14.7345332 ], [ 121.0612088, 14.7346996 ] ] } },
{ "type": "Feature", "properties": { "u": 654595467, "v": 250544112, "key": 0, "osmid": [ 834542162, 146591588, 834542174 ], "highway": "primary", "lanes": "2", "maxspeed": "60", "name": "Congressional Avenue Extension", "oneway": true, "reversed": "False", "length": 192.39939574601507, "ref": "129", "width": null, "bridge": "yes", "tunnel": null, "junction": null, "access": null }, "geometry": { "type": "LineString", "coordinates": [ [ 121.050990700000014, 14.6737311 ], [ 121.050600700000018, 14.6736423 ], [ 121.0503822, 14.6735945 ], [ 121.05003840000002, 14.6735186 ], [ 121.049886099999981, 14.6734935 ], [ 121.0496082, 14.6734762 ], [ 121.049455899999984, 14.673461 ], [ 121.049334, 14.6734448 ], [ 121.049232699999976, 14.6734318 ] ] } },
{ "type": "Feature", "properties": { "u": 250544112, "v": 12088038234, "key": 0, "osmid": "834542172", "highway": "primary", "lanes": "2", "maxspeed": "60", "name": "Congressional Avenue Extension", "oneway": true, "reversed": "False", "length": 40.71982871991689, "ref": "129", "width": null, "bridge": null, "tunnel": null, "junction": null, "access": null }, "geometry": { "type": "LineString", "coordinates": [ [ 121.049232699999976, 14.6734318 ], [ 121.0491107, 14.6734132 ], [ 121.049006100000014, 14.6733931 ], [ 121.0488634, 14.6733537 ] ] } },
{ "type": "Feature", "properties": { "u": 250544112, "v": 31908997, "key": 0, "osmid": "1041851058", "highway": "secondary", "lanes": null, "maxspeed": "40", "name": "Tandang Sora Avenue", "oneway": true, "reversed": "False", "length": 36.463335180822327, "ref": null, "width": null, "bridge": null, "tunnel": null, "junction": null, "access": null }, "geometry": { "type": "LineString", "coordinates": [ [ 121.049232699999976, 14.6734318 ], [ 121.049222700000016, 14.6734411 ], [ 121.0492153, 14.673447 ], [ 121.049205300000011, 14.6734541 ], [ 121.049193599999981, 14.6734603 ], [ 121.049182800000011, 14.6734638 ], [ 121.049170800000013, 14.6734664 ], [ 121.049156300000021, 14.673468 ], [ 121.04913759999998, 14.6734671 ], [ 121.049119499999989, 14.6734657 ], [ 121.04901120000001, 14.6734583 ], [ 121.0489981, 14.6734586 ], [ 121.0489768, 14.6734618 ], [ 121.048963199999989, 14.6734651 ], [ 121.0489462, 14.6734703 ], [ 121.048928, 14.6734787 ], [ 121.048910300000017, 14.6734863 ] ] } },
{ "type": "Feature", "properties": { "u": 8671598011, "v": 251107667, "key": 0, "osmid": "923581224", "highway": "secondary", "lanes": "2", "maxspeed": "30", "name": "Katipunan Avenue", "oneway": true, "reversed": "False", "length": 7.4279728299009076, "ref": null, "width": null, "bridge": null, "tunnel": null, "junction": null, "access": null }, "geometry": { "type": "LineString", "coordinates": [ [ 121.022845199999978, 14.7005427 ], [ 121.0227976, 14.7005911 ] ] } },
{ "type": "Feature", "properties": { "u": 251107667, "v": 8671598012, "key": 0, "osmid": "923581225", "highway": "secondary", "lanes": "2", "maxspeed": "30", "name": "Katipunan Avenue", "oneway": true, "reversed": "False", "length": 7.5434445405672061, "ref": null, "width": null, "bridge": null, "tunnel": null, "junction": null, "access": null }, "geometry": { "type": "LineString", "coordinates": [ [ 121.0227976, 14.7005911 ], [ 121.0228, 14.7005233 ] ] } },
{ "type": "Feature", "properties": { "u": 251107667, "v": 251107699, "key": 0, "osmid": "860898318", "highway": "secondary", "lanes": "4", "maxspeed": "30", "name": "Katipunan Avenue", "oneway": false, "reversed": "True", "length": 156.17795028843102, "ref": null, "width": null, "bridge": null, "tunnel": null, "junction": null, "access": null }, "geometry": { "type": "LineString", "coordinates": [ [ 121.0227976, 14.7005911 ], [ 121.022733299999985, 14.7007487 ], [ 121.022708399999985, 14.7008197 ], [ 121.0226867, 14.7008945 ], [ 121.022673499999982, 14.7009675 ], [ 121.0226674, 14.7010379 ], [ 121.022687099999985, 14.7019754 ] ] } },
{ "type": "Feature", "properties": { "u": 8671598012, "v": 261044044, "key": 0, "osmid": "923581225", "highway": "secondary", "lanes": "2", "maxspeed": "30", "name": "Katipunan Avenue", "oneway": true, "reversed": "False", "length": 199.31118272556003, "ref": null, "width": null, "bridge": null, "tunnel": null, "junction": null, "access": null }, "geometry": { "type": "LineString", "coordinates": [ [ 121.0228, 14.7005233 ], [ 121.022800899999964, 14.7004858 ], [ 121.023475, 14.6989641 ], [ 121.023537, 14.6988848 ] ] } },
{ "type": "Feature", "properties": { "u": 314209737, "v": 8651486119, "key": 0, "osmid": "249490424", "highway": "primary", "lanes": "2", "maxspeed": null, "name": "Quirino Highway", "oneway": true, "reversed": "False", "length": 242.22502780096667, "ref": "127", "width": null, "bridge": null, "tunnel": null, "junction": null, "access": null }, "geometry": { "type": "LineString", "coordinates": [ [ 121.0274832, 14.6901803 ], [ 121.027393899999979, 14.6900763 ], [ 121.0271009, 14.6897457 ], [ 121.026769, 14.6893786 ], [ 121.026528200000016, 14.689112 ], [ 121.0261474, 14.6886946 ], [ 121.0260374, 14.6885801 ], [ 121.0260005, 14.6885409 ] ] } },
{ "type": "Feature", "properties": { "u": 260898703, "v": 260895946, "key": 0, "osmid": "24053349", "highway": "primary", "lanes": "2", "maxspeed": "20", "name": "Buenamar Street", "oneway": true, "reversed": "False", "length": 133.00071484856835, "ref": null, "width": null, "bridge": null, "tunnel": null, "junction": null, "access": null }, "geometry": { "type": "LineString", "coordinates": [ [ 121.038900399999989, 14.7206043 ], [ 121.038980199999983, 14.7202644 ], [ 121.039014, 14.7200725 ], [ 121.0390298, 14.7199359 ], [ 121.0390435, 14.7196725 ], [ 121.0390707, 14.7195299 ], [ 121.039100599999969, 14.7194272 ] ] } },
{ "type": "Feature", "properties": { "u": 1629353842, "v": 6616010168, "key": 0, "osmid": "149993743", "highway": "secondary", "lanes": "4", "maxspeed": null, "name": "Visayas Avenue", "oneway": true, "reversed": "False", "length": 25.56064866974533, "ref": null, "width": null, "bridge": null, "tunnel": null, "junction": null, "access": null }, "geometry": { "type": "LineString", "coordinates": [ [ 121.0436502, 14.6646055 ], [ 121.0435982, 14.6648298 ] ] } },
{ "type": "Feature", "properties": { "u": 260896307, "v": 260898495, "key": 0, "osmid": "134642135", "highway": "primary", "lanes": "4", "maxspeed": null, "name": "Quirino Highway", "oneway": false, "reversed": "False", "length": 107.84418999844857, "ref": "127", "width": null, "bridge": null, "tunnel": null, "junction": null, "access": null }, "geometry": { "type": "LineString", "coordinates": [ [ 121.0402857, 14.7171332 ], [ 121.040197400000011, 14.7176298 ], [ 121.0401671, 14.7178249 ], [ 121.040137900000019, 14.7180126 ], [ 121.040136, 14.7180246 ], [ 121.0401258, 14.7180906 ] ] } },
{ "type": "Feature", "properties": { "u": 260896307, "v": 260897189, "key": 0, "osmid": "134642135", "highway": "primary", "lanes": "4", "maxspeed": null, "name": "Quirino Highway", "oneway": false, "reversed": "True", "length": 101.60733046839154, "ref": "127", "width": null, "bridge": null, "tunnel": null, "junction": null, "access": null }, "geometry": { "type": "LineString", "coordinates": [ [ 121.0402857, 14.7171332 ], [ 121.040313499999982, 14.7169464 ], [ 121.0403485, 14.7166856 ], [ 121.040399599999986, 14.716329 ], [ 121.0404124, 14.7162277 ] ] } },
{ "type": "Feature", "properties": { "u": 260897189, "v": 260896307, "key": 0, "osmid": "134642135", "highway": "primary", "lanes": "4", "maxspeed": null, "name": "Quirino Highway", "oneway": false, "reversed": "False", "length": 101.60733046839154, "ref": "127", "width": null, "bridge": null, "tunnel": null, "junction": null, "access": null }, "geometry": { "type": "LineString", "coordinates": [ [ 121.0404124, 14.7162277 ], [ 121.040399599999986, 14.716329 ], [ 121.0403485, 14.7166856 ], [ 121.040313499999982, 14.7169464 ], [ 121.0402857, 14.7171332 ] ] } },
{ "type": "Feature", "properties": { "u": 260897189, "v": 148905134, "key": 0, "osmid": "134642135", "highway": "primary", "lanes": "4", "maxspeed": null, "name": "Quirino Highway", "oneway": false, "reversed": "True", "length": 140.74067963677956, "ref": "127", "width": null, "bridge": null, "tunnel": null, "junction": null, "access": null }, "geometry": { "type": "LineString", "coordinates": [ [ 121.0404124, 14.7162277 ], [ 121.040448400000017, 14.7159426 ], [ 121.040460200000012, 14.7158561 ], [ 121.040465899999987, 14.7157794 ], [ 121.040471399999973, 14.7156305 ], [ 121.0404713, 14.7155061 ], [ 121.0404633, 14.7153812 ], [ 121.0404538, 14.7152968 ], [ 121.040407, 14.714969 ] ] } },
{ "type": "Feature", "properties": { "u": 314209843, "v": 506392515, "key": 0, "osmid": "83145359", "highway": "primary", "lanes": "4", "maxspeed": "60", "name": "Mindanao Avenue", "oneway": true, "reversed": "False", "length": 31.988177213248523, "ref": "128", "width": null, "bridge": null, "tunnel": null, "junction": null, "access": null }, "geometry": { "type": "LineString", "coordinates": [ [ 121.025744300000014, 14.6920077 ], [ 121.0258257, 14.6919876 ], [ 121.0259237, 14.691958 ], [ 121.0260267, 14.6919187 ] ] } },
{ "type": "Feature", "properties": { "u": 750534432, "v": 2075741391, "key": 0, "osmid": [ 705098897, 559120881 ], "highway": "secondary", "lanes": [ "2", "3" ], "maxspeed": null, "name": "Senator Miriam P. Defensor-Santiago Avenue", "oneway": true, "reversed": "False", "length": 149.1333115404866, "ref": null, "width": null, "bridge": null, "tunnel": null, "junction": null, "access": null }, "geometry": { "type": "LineString", "coordinates": [ [ 121.045618500000018, 14.6417687 ], [ 121.0456515, 14.6417501 ], [ 121.045696699999965, 14.6417247 ], [ 121.0461177, 14.6414879 ], [ 121.046729599999978, 14.6411467 ], [ 121.0468185, 14.6410973 ] ] } },
{ "type": "Feature", "properties": { "u": 90027595, "v": 967511365, "key": 0, "osmid": "946773525", "highway": "secondary", "lanes": "3", "maxspeed": null, "name": "Visayas Avenue", "oneway": true, "reversed": "False", "length": 170.10223227930649, "ref": null, "width": null, "bridge": null, "tunnel": null, "junction": null, "access": null }, "geometry": { "type": "LineString", "coordinates": [ [ 121.0447715, 14.6597857 ], [ 121.044739100000015, 14.659934 ], [ 121.044718199999977, 14.6600163 ], [ 121.0444554, 14.6611216 ], [ 121.044419300000015, 14.661277 ] ] } },
{ "type": "Feature", "properties": { "u": 260904532, "v": 260904535, "key": 0, "osmid": [ 941731840, 555196631 ], "highway": "secondary", "lanes": "2", "maxspeed": "40", "name": "Susano Road", "oneway": false, "reversed": "False", "length": 226.84788987763218, "ref": null, "width": null, "bridge": null, "tunnel": null, "junction": null, "access": null }, "geometry": { "type": "LineString", "coordinates": [ [ 121.0371691, 14.7290786 ], [ 121.036769, 14.729781 ], [ 121.036375, 14.7304749 ], [ 121.036152799999982, 14.7308663 ] ] } },
{ "type": "Feature", "properties": { "u": 260904532, "v": 260898636, "key": 0, "osmid": "555196631", "highway": "secondary", "lanes": "2", "maxspeed": "40", "name": "Susano Road", "oneway": false, "reversed": "True", "length": 24.095652040965192, "ref": null, "width": null, "bridge": null, "tunnel": null, "junction": null, "access": null }, "geometry": { "type": "LineString", "coordinates": [ [ 121.0371691, 14.7290786 ], [ 121.037189900000016, 14.729042 ], [ 121.037282099999985, 14.7288915 ] ] } },
{ "type": "Feature", "properties": { "u": 260898636, "v": 260904532, "key": 0, "osmid": "555196631", "highway": "secondary", "lanes": "2", "maxspeed": "40", "name": "Susano Road", "oneway": false, "reversed": "False", "length": 24.095652040965192, "ref": null, "width": null, "bridge": null, "tunnel": null, "junction": null, "access": null }, "geometry": { "type": "LineString", "coordinates": [ [ 121.037282099999985, 14.7288915 ], [ 121.037189900000016, 14.729042 ], [ 121.0371691, 14.7290786 ] ] } },
{ "type": "Feature", "properties": { "u": 260898636, "v": 260897476, "key": 0, "osmid": "555196631", "highway": "secondary", "lanes": "2", "maxspeed": "40", "name": "Susano Road", "oneway": false, "reversed": "True", "length": 99.093707515518346, "ref": null, "width": null, "bridge": null, "tunnel": null, "junction": null, "access": null }, "geometry": { "type": "LineString", "coordinates": [ [ 121.037282099999985, 14.7288915 ], [ 121.0376769, 14.7281871 ], [ 121.037691900000013, 14.7281611 ], [ 121.0377221, 14.7281085 ] ] } },
{ "type": "Feature", "properties": { "u": 5647931008, "v": 148905131, "key": 0, "osmid": "1307294932", "highway": "primary", "lanes": "4", "maxspeed": null, "name": "Quirino Highway", "oneway": true, "reversed": "False", "length": 87.790724137276811, "ref": "127", "width": null, "bridge": null, "tunnel": null, "junction": null, "access": null }, "geometry": { "type": "LineString", "coordinates": [ [ 121.038546600000018, 14.7065391 ], [ 121.038492300000016, 14.7064645 ], [ 121.0384094, 14.7062858 ], [ 121.038233899999966, 14.7058968 ], [ 121.0382299, 14.7058189 ] ] } },
{ "type": "Feature", "properties": { "u": 5647931008, "v": 260898270, "key": 0, "osmid": "1349521929", "highway": "primary", "lanes": "4", "maxspeed": null, "name": "Quirino Highway", "oneway": false, "reversed": "True", "length": 21.362911208385231, "ref": "127", "width": null, "bridge": null, "tunnel": null, "junction": null, "access": null }, "geometry": { "type": "LineString", "coordinates": [ [ 121.038546600000018, 14.7065391 ], [ 121.0385946, 14.7066516 ], [ 121.0386197, 14.7067177 ] ] } },
{ "type": "Feature", "properties": { "u": 718388044, "v": 2560837068, "key": 0, "osmid": "805866545", "highway": "primary", "lanes": "2", "maxspeed": "60", "name": "Mindanao Avenue", "oneway": true, "reversed": "False", "length": 112.17275287768913, "ref": "128", "width": null, "bridge": null, "tunnel": null, "junction": null, "access": null }, "geometry": { "type": "LineString", "coordinates": [ [ 121.028661099999979, 14.6898694 ], [ 121.0279178, 14.690577 ] ] } },
{ "type": "Feature", "properties": { "u": 251623183, "v": 11568439828, "key": 0, "osmid": "51801731", "highway": "primary", "lanes": "2", "maxspeed": null, "name": "Regalado Highway", "oneway": true, "reversed": "False", "length": 11.697965030535897, "ref": null, "width": null, "bridge": null, "tunnel": null, "junction": null, "access": null }, "geometry": { "type": "LineString", "coordinates": [ [ 121.061244399999978, 14.7275832 ], [ 121.061245099999979, 14.7276884 ] ] } },
{ "type": "Feature", "properties": { "u": 1202895299, "v": 8609576218, "key": 0, "osmid": [ 87754105, 5019396, 830780905 ], "highway": "primary", "lanes": "6", "maxspeed": "60", "name": "Commonwealth Avenue", "oneway": true, "reversed": "False", "length": 445.44037401416432, "ref": "170", "width": null, "bridge": null, "tunnel": null, "junction": null, "access": null }, "geometry": { "type": "LineString", "coordinates": [ [ 121.057680100000013, 14.6571272 ], [ 121.057354600000011, 14.6569138 ], [ 121.056312500000018, 14.656238 ], [ 121.054827199999977, 14.6553077 ], [ 121.0542273, 14.6549164 ] ] } },
{ "type": "Feature", "properties": { "u": 251623873, "v": 251623463, "key": 0, "osmid": [ 1112571177, 51801731, 51801733 ], "highway": "primary", "lanes": "2", "maxspeed": null, "name": "Regalado Highway", "oneway": true, "reversed": "False", "length": 64.82713373967519, "ref": null, "width": null, "bridge": "yes", "tunnel": null, "junction": null, "access": null }, "geometry": { "type": "LineString", "coordinates": [ [ 121.0612301, 14.7224861 ], [ 121.061229299999965, 14.7227233 ], [ 121.0612299, 14.7228258 ], [ 121.0612305, 14.7230691 ] ] } },
{ "type": "Feature", "properties": { "u": 247019352, "v": 452853934, "key": 0, "osmid": "834542177", "highway": "primary", "lanes": "4", "maxspeed": "60", "name": "Mindanao Avenue", "oneway": true, "reversed": "False", "length": 25.268420941724671, "ref": "128", "width": null, "bridge": null, "tunnel": null, "junction": null, "access": null }, "geometry": { "type": "LineString", "coordinates": [ [ 121.0326143, 14.6701138 ], [ 121.032544900000019, 14.6703309 ] ] } },
{ "type": "Feature", "properties": { "u": 5372278665, "v": 1111849690, "key": 0, "osmid": "93885864", "highway": "secondary", "lanes": "4", "maxspeed": "40", "name": "Central Avenue", "oneway": false, "reversed": "False", "length": 648.88730968038647, "ref": null, "width": null, "bridge": null, "tunnel": null, "junction": null, "access": null }, "geometry": { "type": "LineString", "coordinates": [ [ 121.051439300000013, 14.6621088 ], [ 121.0510311, 14.6621184 ], [ 121.050591700000012, 14.6621272 ], [ 121.04986959999998, 14.6621456 ], [ 121.049406600000012, 14.6621538 ], [ 121.049377, 14.6621538 ], [ 121.0490366, 14.6621579 ], [ 121.0487567, 14.6621622 ], [ 121.048583, 14.6621641 ], [ 121.048357, 14.6621676 ], [ 121.048256699999982, 14.6621692 ], [ 121.0480726, 14.662171 ], [ 121.047858800000014, 14.6621761 ], [ 121.04783519999998, 14.6621767 ], [ 121.04770259999998, 14.6621811 ], [ 121.047437299999984, 14.6621898 ], [ 121.0473621, 14.6621865 ], [ 121.04727, 14.6621767 ], [ 121.047032800000011, 14.6620914 ], [ 121.046875099999966, 14.6620415 ], [ 121.04667259999998, 14.6619909 ], [ 121.0464268, 14.6619462 ], [ 121.045465099999987, 14.6617499 ] ] } },
{ "type": "Feature", "properties": { "u": 5372278665, "v": 1091403165, "key": 0, "osmid": "93885864", "highway": "secondary", "lanes": "4", "maxspeed": "40", "name": "Central Avenue", "oneway": false, "reversed": "True", "length": 210.18017597627485, "ref": null, "width": null, "bridge": null, "tunnel": null, "junction": null, "access": null }, "geometry": { "type": "LineString", "coordinates": [ [ 121.051439300000013, 14.6621088 ], [ 121.0521, 14.662097 ], [ 121.0528196, 14.6620842 ], [ 121.053392799999983, 14.6620747 ] ] } },
{ "type": "Feature", "properties": { "u": 1091403165, "v": 5372278665, "key": 0, "osmid": "93885864", "highway": "secondary", "lanes": "4", "maxspeed": "40", "name": "Central Avenue", "oneway": false, "reversed": "False", "length": 210.18017597627482, "ref": null, "width": null, "bridge": null, "tunnel": null, "junction": null, "access": null }, "geometry": { "type": "LineString", "coordinates": [ [ 121.053392799999983, 14.6620747 ], [ 121.0528196, 14.6620842 ], [ 121.0521, 14.662097 ], [ 121.051439300000013, 14.6621088 ] ] } },
{ "type": "Feature", "properties": { "u": 1091403165, "v": 127457567, "key": 0, "osmid": "705356175", "highway": "secondary", "lanes": "4", "maxspeed": "40", "name": "Central Avenue", "oneway": false, "reversed": "True", "length": 160.00330568163182, "ref": null, "width": null, "bridge": null, "tunnel": null, "junction": null, "access": null }, "geometry": { "type": "LineString", "coordinates": [ [ 121.053392799999983, 14.6620747 ], [ 121.0541781, 14.6620577 ], [ 121.054700199999985, 14.6620473 ], [ 121.054787600000012, 14.6620453 ], [ 121.0548018, 14.662045 ], [ 121.0548798, 14.6620425 ] ] } },
{ "type": "Feature", "properties": { "u": 1044936621, "v": 260904999, "key": 0, "osmid": "89993886", "highway": "secondary", "lanes": "2", "maxspeed": "40", "name": "Llano Road", "oneway": false, "reversed": "False", "length": 92.530797543188854, "ref": null, "width": null, "bridge": null, "tunnel": null, "junction": null, "access": null }, "geometry": { "type": "LineString", "coordinates": [ [ 121.03097769999998, 14.7236069 ], [ 121.030196099999984, 14.7239548 ] ] } },
{ "type": "Feature", "properties": { "u": 1044936621, "v": 260904977, "key": 0, "osmid": "89993886", "highway": "secondary", "lanes": "2", "maxspeed": "40", "name": "Llano Road", "oneway": false, "reversed": "True", "length": 91.2901253105574, "ref": null, "width": null, "bridge": null, "tunnel": null, "junction": null, "access": null }, "geometry": { "type": "LineString", "coordinates": [ [ 121.03097769999998, 14.7236069 ], [ 121.03134009999998, 14.7234374 ], [ 121.031460399999986, 14.723366 ], [ 121.031538399999988, 14.723279 ], [ 121.0316091, 14.7231125 ] ] } },
{ "type": "Feature", "properties": { "u": 260904977, "v": 1044936621, "key": 0, "osmid": "89993886", "highway": "secondary", "lanes": "2", "maxspeed": "40", "name": "Llano Road", "oneway": false, "reversed": "False", "length": 91.290125310557386, "ref": null, "width": null, "bridge": null, "tunnel": null, "junction": null, "access": null }, "geometry": { "type": "LineString", "coordinates": [ [ 121.0316091, 14.7231125 ], [ 121.031538399999988, 14.723279 ], [ 121.031460399999986, 14.723366 ], [ 121.03134009999998, 14.7234374 ], [ 121.03097769999998, 14.7236069 ] ] } },
{ "type": "Feature", "properties": { "u": 260904977, "v": 260904951, "key": 0, "osmid": "89993886", "highway": "secondary", "lanes": "2", "maxspeed": "40", "name": "Llano Road", "oneway": false, "reversed": "True", "length": 159.88018282740194, "ref": null, "width": null, "bridge": null, "tunnel": null, "junction": null, "access": null }, "geometry": { "type": "LineString", "coordinates": [ [ 121.0316091, 14.7231125 ], [ 121.0318543, 14.7219923 ], [ 121.0318862, 14.7218459 ], [ 121.0319168, 14.7217058 ] ] } },
{ "type": "Feature", "properties": { "u": 260897357, "v": 260905064, "key": 0, "osmid": "1302437639", "highway": "primary", "lanes": "4", "maxspeed": "40", "name": "General Luis Street", "oneway": false, "reversed": "True", "length": 32.480428091617775, "ref": "118", "width": null, "bridge": null, "tunnel": null, "junction": null, "access": null }, "geometry": { "type": "LineString", "coordinates": [ [ 121.0325162, 14.7217596 ], [ 121.0328179, 14.721773 ] ] } },
{ "type": "Feature", "properties": { "u": 260897357, "v": 260904951, "key": 0, "osmid": "1302439172", "highway": "primary", "lanes": "4", "maxspeed": "40", "name": "General Luis Street", "oneway": false, "reversed": "False", "length": 64.7393680154143, "ref": "118", "width": null, "bridge": null, "tunnel": null, "junction": null, "access": null }, "geometry": { "type": "LineString", "coordinates": [ [ 121.0325162, 14.7217596 ], [ 121.0324676, 14.7217553 ], [ 121.0321803, 14.7217299 ], [ 121.0319168, 14.7217058 ] ] } },
{ "type": "Feature", "properties": { "u": 260905062, "v": 260904953, "key": 0, "osmid": "1302437639", "highway": "primary", "lanes": "4", "maxspeed": "40", "name": "General Luis Street", "oneway": false, "reversed": "True", "length": 55.631228054367284, "ref": "118", "width": null, "bridge": null, "tunnel": null, "junction": null, "access": null }, "geometry": { "type": "LineString", "coordinates": [ [ 121.0333816, 14.7217907 ], [ 121.033898599999986, 14.7218073 ] ] } },
{ "type": "Feature", "properties": { "u": 260905062, "v": 260905064, "key": 0, "osmid": "1302437639", "highway": "primary", "lanes": "4", "maxspeed": "40", "name": "General Luis Street", "oneway": false, "reversed": "False", "length": 60.654984350398514, "ref": "118", "width": null, "bridge": null, "tunnel": null, "junction": null, "access": null }, "geometry": { "type": "LineString", "coordinates": [ [ 121.0333816, 14.7217907 ], [ 121.033088899999981, 14.721781 ], [ 121.0328179, 14.721773 ] ] } },
{ "type": "Feature", "properties": { "u": 26664758, "v": 26664759, "key": 0, "osmid": "77447666", "highway": "primary", "lanes": "4", "maxspeed": "60", "name": "Commonwealth Avenue", "oneway": true, "reversed": "False", "length": 209.51562630680553, "ref": "170", "width": null, "bridge": null, "tunnel": null, "junction": null, "access": null }, "geometry": { "type": "LineString", "coordinates": [ [ 121.0507977, 14.7228148 ], [ 121.0512024, 14.7223396 ], [ 121.051395500000012, 14.7221129 ], [ 121.051888199999979, 14.7215344 ], [ 121.051976499999967, 14.7214308 ], [ 121.0520364, 14.7213605 ] ] } },
{ "type": "Feature", "properties": { "u": 251623463, "v": 251621911, "key": 0, "osmid": "51801731", "highway": "primary", "lanes": "2", "maxspeed": null, "name": "Regalado Highway", "oneway": true, "reversed": "False", "length": 163.89057513591561, "ref": null, "width": null, "bridge": null, "tunnel": null, "junction": null, "access": null }, "geometry": { "type": "LineString", "coordinates": [ [ 121.0612305, 14.7230691 ], [ 121.061230900000012, 14.7233488 ], [ 121.0612325, 14.724543 ] ] } },
{ "type": "Feature", "properties": { "u": 616552540, "v": 616552543, "key": 0, "osmid": "129814574", "highway": "primary", "lanes": "4", "maxspeed": null, "name": "Quirino Highway", "oneway": false, "reversed": "True", "length": 18.912536378274211, "ref": "127", "width": null, "bridge": null, "tunnel": null, "junction": null, "access": null }, "geometry": { "type": "LineString", "coordinates": [ [ 121.020967900000016, 14.6825499 ], [ 121.020854400000019, 14.68242 ] ] } },
{ "type": "Feature", "properties": { "u": 616552540, "v": 1333640611, "key": 0, "osmid": "129814574", "highway": "primary", "lanes": "4", "maxspeed": null, "name": "Quirino Highway", "oneway": false, "reversed": "False", "length": 232.54713208137704, "ref": "127", "width": null, "bridge": null, "tunnel": null, "junction": null, "access": null }, "geometry": { "type": "LineString", "coordinates": [ [ 121.020967900000016, 14.6825499 ], [ 121.021341599999971, 14.6829787 ], [ 121.0215063, 14.6831689 ], [ 121.021727, 14.6834225 ], [ 121.022052699999989, 14.6838172 ], [ 121.0222363, 14.6840361 ], [ 121.022343899999981, 14.6841628 ] ] } },
{ "type": "Feature", "properties": { "u": 260905064, "v": 260897357, "key": 0, "osmid": "1302437639", "highway": "primary", "lanes": "4", "maxspeed": "40", "name": "General Luis Street", "oneway": false, "reversed": "False", "length": 32.480428091617775, "ref": "118", "width": null, "bridge": null, "tunnel": null, "junction": null, "access": null }, "geometry": { "type": "LineString", "coordinates": [ [ 121.0328179, 14.721773 ], [ 121.0325162, 14.7217596 ] ] } },
{ "type": "Feature", "properties": { "u": 260905064, "v": 260905062, "key": 0, "osmid": "1302437639", "highway": "primary", "lanes": "4", "maxspeed": "40", "name": "General Luis Street", "oneway": false, "reversed": "True", "length": 60.654984350398514, "ref": "118", "width": null, "bridge": null, "tunnel": null, "junction": null, "access": null }, "geometry": { "type": "LineString", "coordinates": [ [ 121.0328179, 14.721773 ], [ 121.033088899999981, 14.721781 ], [ 121.0333816, 14.7217907 ] ] } },
{ "type": "Feature", "properties": { "u": 219986051, "v": 1101328851, "key": 0, "osmid": "146591574", "highway": "primary", "lanes": "3", "maxspeed": "60", "name": "Congressional Avenue Extension", "oneway": true, "reversed": "False", "length": 185.59875287437814, "ref": "129", "width": null, "bridge": null, "tunnel": null, "junction": null, "access": null }, "geometry": { "type": "LineString", "coordinates": [ [ 121.045464, 14.6724888 ], [ 121.0445241, 14.6722687 ], [ 121.043788699999979, 14.6720896 ] ] } },
{ "type": "Feature", "properties": { "u": 250543962, "v": 251082990, "key": 0, "osmid": "38341971", "highway": "primary", "lanes": "4", "maxspeed": "60", "name": "Mindanao Avenue", "oneway": true, "reversed": "False", "length": 105.58958864297237, "ref": "128", "width": null, "bridge": null, "tunnel": null, "junction": null, "access": null }, "geometry": { "type": "LineString", "coordinates": [ [ 121.031934400000011, 14.6851247 ], [ 121.031793099999987, 14.6860644 ] ] } },
{ "type": "Feature", "properties": { "u": 219986079, "v": 35729447, "key": 0, "osmid": "1302964700", "highway": "primary", "lanes": "3", "maxspeed": "60", "name": "Congressional Avenue", "oneway": true, "reversed": "False", "length": 26.493839194931773, "ref": "129", "width": "7.5", "bridge": null, "tunnel": null, "junction": null, "access": null }, "geometry": { "type": "LineString", "coordinates": [ [ 121.0430903, 14.6718209 ], [ 121.043245900000016, 14.6718465 ], [ 121.0433331, 14.6718609 ] ] } },
{ "type": "Feature", "properties": { "u": 5643246936, "v": 1067302475, "key": 0, "osmid": "89993886", "highway": "secondary", "lanes": "2", "maxspeed": "40", "name": "Llano Road", "oneway": false, "reversed": "False", "length": 10.063854191184079, "ref": null, "width": null, "bridge": null, "tunnel": null, "junction": null, "access": null }, "geometry": { "type": "LineString", "coordinates": [ [ 121.024947499999982, 14.7262471 ], [ 121.0248779, 14.7263076 ] ] } },
{ "type": "Feature", "properties": { "u": 5643246936, "v": 260905148, "key": 0, "osmid": "89993886", "highway": "secondary", "lanes": "2", "maxspeed": "40", "name": "Llano Road", "oneway": false, "reversed": "True", "length": 91.808887820605932, "ref": null, "width": null, "bridge": null, "tunnel": null, "junction": null, "access": null }, "geometry": { "type": "LineString", "coordinates": [ [ 121.024947499999982, 14.7262471 ], [ 121.025616500000012, 14.7257342 ] ] } },
{ "type": "Feature", "properties": { "u": 251623641, "v": 8655323690, "key": 0, "osmid": "1059048815", "highway": "primary", "lanes": "1", "maxspeed": null, "name": "Quirino Highway", "oneway": true, "reversed": "False", "length": 14.855077684500174, "ref": "127", "width": null, "bridge": null, "tunnel": null, "junction": null, "access": null }, "geometry": { "type": "LineString", "coordinates": [ [ 121.0694447, 14.7355408 ], [ 121.0695511, 14.735626 ] ] } },
{ "type": "Feature", "properties": { "u": 251082990, "v": 9735505173, "key": 0, "osmid": "38341971", "highway": "primary", "lanes": "4", "maxspeed": "60", "name": "Mindanao Avenue", "oneway": true, "reversed": "False", "length": 57.01390219562618, "ref": "128", "width": null, "bridge": null, "tunnel": null, "junction": null, "access": null }, "geometry": { "type": "LineString", "coordinates": [ [ 121.031793099999987, 14.6860644 ], [ 121.031706199999974, 14.6865702 ] ] } },
{ "type": "Feature", "properties": { "u": 246783311, "v": 697207136, "key": 0, "osmid": "867164122", "highway": "primary", "lanes": "3", "maxspeed": null, "name": "East Avenue", "oneway": true, "reversed": "False", "length": 39.387797972941932, "ref": "174", "width": null, "bridge": null, "tunnel": null, "junction": null, "access": null }, "geometry": { "type": "LineString", "coordinates": [ [ 121.0459862, 14.6374732 ], [ 121.045905, 14.6371278 ] ] } },
{ "type": "Feature", "properties": { "u": 591608920, "v": 260897272, "key": 0, "osmid": "120880944", "highway": "primary", "lanes": "4", "maxspeed": null, "name": "Quirino Highway", "oneway": false, "reversed": "False", "length": 21.282075986105308, "ref": "127", "width": null, "bridge": null, "tunnel": null, "junction": null, "access": null }, "geometry": { "type": "LineString", "coordinates": [ [ 121.039050100000011, 14.7086767 ], [ 121.039013, 14.7084887 ] ] } },
{ "type": "Feature", "properties": { "u": 591608920, "v": 260897089, "key": 0, "osmid": "120880944", "highway": "primary", "lanes": "4", "maxspeed": null, "name": "Quirino Highway", "oneway": false, "reversed": "True", "length": 46.004972408310998, "ref": "127", "width": null, "bridge": null, "tunnel": null, "junction": null, "access": null }, "geometry": { "type": "LineString", "coordinates": [ [ 121.039050100000011, 14.7086767 ], [ 121.039067, 14.7087771 ], [ 121.0390849, 14.7088482 ], [ 121.0391015, 14.7089216 ], [ 121.039127599999972, 14.7090316 ], [ 121.0391371, 14.7090816 ] ] } },
{ "type": "Feature", "properties": { "u": 614537555, "v": 314209843, "key": 0, "osmid": "83145359", "highway": "primary", "lanes": "4", "maxspeed": "60", "name": "Mindanao Avenue", "oneway": true, "reversed": "False", "length": 86.831845141164479, "ref": "128", "width": null, "bridge": null, "tunnel": null, "junction": null, "access": null }, "geometry": { "type": "LineString", "coordinates": [ [ 121.0249443, 14.69211 ], [ 121.0254325, 14.6920563 ], [ 121.02559949999997, 14.6920346 ], [ 121.025744300000014, 14.6920077 ] ] } },
{ "type": "Feature", "properties": { "u": 6328416662, "v": 9749901058, "key": 0, "osmid": "547804364", "highway": "secondary", "lanes": "2", "maxspeed": "40", "name": "Kalayaan Avenue", "oneway": true, "reversed": "False", "length": 46.395149532421073, "ref": null, "width": null, "bridge": null, "tunnel": null, "junction": null, "access": null }, "geometry": { "type": "LineString", "coordinates": [ [ 121.051151299999987, 14.6486353 ], [ 121.0511301, 14.6486946 ], [ 121.051127799999989, 14.648744 ], [ 121.051132, 14.6488045 ], [ 121.051147, 14.6488568 ], [ 121.0512327, 14.6490279 ] ] } },
{ "type": "Feature", "properties": { "u": 12083435944, "v": 250544038, "key": 0, "osmid": "134642131", "highway": "primary", "lanes": "2", "maxspeed": null, "name": "Quirino Highway", "oneway": true, "reversed": "False", "length": 200.32342113742902, "ref": "127", "width": null, "bridge": null, "tunnel": null, "junction": null, "access": null }, "geometry": { "type": "LineString", "coordinates": [ [ 121.024875400000013, 14.6870917 ], [ 121.025023799999971, 14.6872891 ], [ 121.025036299999968, 14.6873069 ], [ 121.025067, 14.6873461 ], [ 121.025169799999986, 14.6874789 ], [ 121.0252982, 14.6876362 ], [ 121.0255098, 14.6879066 ], [ 121.0257526, 14.6881756 ], [ 121.0260439, 14.6884927 ] ] } },
{ "type": "Feature", "properties": { "u": 250544038, "v": 2446633273, "key": 0, "osmid": "134642131", "highway": "primary", "lanes": "2", "maxspeed": null, "name": "Quirino Highway", "oneway": true, "reversed": "False", "length": 229.58814558698032, "ref": "127", "width": null, "bridge": null, "tunnel": null, "junction": null, "access": null }, "geometry": { "type": "LineString", "coordinates": [ [ 121.0260439, 14.6884927 ], [ 121.026084499999982, 14.6885359 ], [ 121.0261932, 14.6886539 ], [ 121.0265809, 14.6890639 ], [ 121.0268294, 14.689333 ], [ 121.0271558, 14.6896964 ], [ 121.0274559, 14.6900408 ] ] } },
{ "type": "Feature", "properties": { "u": 12083435946, "v": 250544641, "key": 0, "osmid": "249490424", "highway": "primary", "lanes": "2", "maxspeed": null, "name": "Quirino Highway", "oneway": true, "reversed": "False", "length": 82.821485970733349, "ref": "127", "width": null, "bridge": null, "tunnel": null, "junction": null, "access": null }, "geometry": { "type": "LineString", "coordinates": [ [ 121.0245944, 14.6868341 ], [ 121.024555500000019, 14.6867817 ], [ 121.0244405, 14.6866265 ], [ 121.0243445, 14.6864808 ], [ 121.0243116, 14.6864213 ], [ 121.0242493, 14.6863152 ], [ 121.0242267, 14.68619 ] ] } },
{ "type": "Feature", "properties": { "u": 654596527, "v": 860789270, "key": 0, "osmid": "834542173", "highway": "primary", "lanes": "2", "maxspeed": "60", "name": "Congressional Avenue Extension", "oneway": true, "reversed": "False", "length": 254.05071468952369, "ref": "129", "width": null, "bridge": null, "tunnel": null, "junction": null, "access": null }, "geometry": { "type": "LineString", "coordinates": [ [ 121.045643799999979, 14.6723775 ], [ 121.0461579, 14.6725038 ], [ 121.0463697, 14.6725613 ], [ 121.0466667, 14.6726419 ], [ 121.0466769, 14.6726443 ], [ 121.0470795, 14.6727046 ], [ 121.0471477, 14.6727148 ], [ 121.047401900000011, 14.6727723 ], [ 121.04742760000002, 14.6727766 ], [ 121.047661399999981, 14.6728366 ], [ 121.0476867, 14.6728426 ], [ 121.0479401, 14.6729027 ] ] } },
{ "type": "Feature", "properties": { "u": 860789270, "v": 352925337, "key": 0, "osmid": "834542171", "highway": "primary", "lanes": "2", "maxspeed": "60", "name": "Congressional Avenue Extension", "oneway": true, "reversed": "False", "length": 132.62220428570294, "ref": "129", "width": null, "bridge": null, "tunnel": null, "junction": null, "access": null }, "geometry": { "type": "LineString", "coordinates": [ [ 121.0479401, 14.6729027 ], [ 121.047962900000016, 14.6729091 ], [ 121.048184599999985, 14.6729712 ], [ 121.048470399999971, 14.6730749 ], [ 121.048853400000013, 14.6732316 ], [ 121.0489476, 14.6732634 ], [ 121.049098699999988, 14.6733064 ] ] } },
{ "type": "Feature", "properties": { "u": 312721248, "v": 260905401, "key": 0, "osmid": "164437555", "highway": "primary", "lanes": "2", "maxspeed": "40", "name": "General Luis Street", "oneway": false, "reversed": "False", "length": 102.53424978920179, "ref": "118", "width": null, "bridge": null, "tunnel": null, "junction": null, "access": null }, "geometry": { "type": "LineString", "coordinates": [ [ 121.024183500000021, 14.7191983 ], [ 121.0240351, 14.7192125 ], [ 121.0239227, 14.7192254 ], [ 121.0238175, 14.7192375 ], [ 121.023592099999988, 14.7192674 ], [ 121.023237599999987, 14.7193131 ] ] } },
{ "type": "Feature", "properties": { "u": 312721248, "v": 312721200, "key": 0, "osmid": "164437555", "highway": "primary", "lanes": "2", "maxspeed": "40", "name": "General Luis Street", "oneway": false, "reversed": "True", "length": 376.0606239108393, "ref": "118", "width": null, "bridge": null, "tunnel": null, "junction": null, "access": null }, "geometry": { "type": "LineString", "coordinates": [ [ 121.024183500000021, 14.7191983 ], [ 121.024284099999988, 14.7191926 ], [ 121.024418400000016, 14.7191918 ], [ 121.0245554, 14.7191991 ], [ 121.024813, 14.7192306 ], [ 121.025030299999983, 14.7192615 ], [ 121.025680499999979, 14.7193545 ], [ 121.02579320000001, 14.7193751 ], [ 121.025898200000015, 14.7194001 ], [ 121.0259575, 14.7194177 ], [ 121.026025199999978, 14.7194394 ], [ 121.026136100000016, 14.7194805 ], [ 121.0262323, 14.7195249 ], [ 121.0263505, 14.7195872 ], [ 121.026659600000016, 14.7197654 ], [ 121.0267711, 14.7198239 ], [ 121.0274612, 14.7201859 ] ] } },
{ "type": "Feature", "properties": { "u": 251107770, "v": 251107799, "key": 0, "osmid": "23213775", "highway": "secondary", "lanes": "2", "maxspeed": "30", "name": "King Christian Street", "oneway": false, "reversed": "True", "length": 61.904112147502609, "ref": null, "width": null, "bridge": null, "tunnel": null, "junction": null, "access": null }, "geometry": { "type": "LineString", "coordinates": [ [ 121.0260205, 14.6950181 ], [ 121.026024899999967, 14.6944614 ] ] } },
{ "type": "Feature", "properties": { "u": 251107770, "v": 251107812, "key": 0, "osmid": "46990747", "highway": "secondary", "lanes": "2", "maxspeed": "30", "name": "King Christopher Street", "oneway": false, "reversed": "False", "length": 252.24155265679624, "ref": null, "width": null, "bridge": null, "tunnel": null, "junction": null, "access": null }, "geometry": { "type": "LineString", "coordinates": [ [ 121.0260205, 14.6950181 ], [ 121.025732, 14.6950185 ], [ 121.0256655, 14.6950215 ], [ 121.0255878, 14.6950295 ], [ 121.0255182, 14.6950431 ], [ 121.025440199999977, 14.6950657 ], [ 121.0251577, 14.6951667 ], [ 121.0247499, 14.695328 ], [ 121.02439480000001, 14.6954706 ], [ 121.024294899999987, 14.695514 ], [ 121.024218499999975, 14.6955568 ], [ 121.0241368, 14.6956155 ], [ 121.0238816, 14.6958235 ] ] } },
{ "type": "Feature", "properties": { "u": 245865187, "v": 245864936, "key": 0, "osmid": "4705602", "highway": "secondary", "lanes": "4", "maxspeed": "40", "name": "V. Luna Road", "oneway": false, "reversed": "True", "length": 62.084072649908812, "ref": null, "width": null, "bridge": null, "tunnel": null, "junction": null, "access": null }, "geometry": { "type": "LineString", "coordinates": [ [ 121.0531791, 14.6364699 ], [ 121.052861199999981, 14.6365373 ], [ 121.052762499999972, 14.6365569 ], [ 121.052672699999974, 14.6365765 ], [ 121.0526156, 14.6365901 ] ] } },
{ "type": "Feature", "properties": { "u": 247716777, "v": 506426594, "key": 0, "osmid": "474940297", "highway": "primary", "lanes": "2", "maxspeed": null, "name": "Quirino Highway", "oneway": true, "reversed": "False", "length": 87.737340906159034, "ref": "127", "width": null, "bridge": null, "tunnel": null, "junction": null, "access": null }, "geometry": { "type": "LineString", "coordinates": [ [ 121.0298722, 14.6929201 ], [ 121.0295121, 14.6925098 ], [ 121.0293433, 14.6923194 ] ] } },
{ "type": "Feature", "properties": { "u": 1848285725, "v": 452847228, "key": 0, "osmid": "760517777", "highway": "primary", "lanes": "3", "maxspeed": "60", "name": "Congressional Avenue", "oneway": true, "reversed": "False", "length": 144.14754444330714, "ref": "129", "width": null, "bridge": null, "tunnel": null, "junction": null, "access": null }, "geometry": { "type": "LineString", "coordinates": [ [ 121.0351736, 14.6691214 ], [ 121.0349811, 14.6689696 ], [ 121.034691299999977, 14.6687258 ], [ 121.03441140000001, 14.6684714 ], [ 121.0341836, 14.6682491 ] ] } },
{ "type": "Feature", "properties": { "u": 12444293816, "v": 5432533964, "key": 0, "osmid": [ 1354781628, 324169533, 324169527 ], "highway": "primary", "lanes": "2", "maxspeed": null, "name": "North Avenue", "oneway": true, "reversed": "False", "length": 121.7893902892111, "ref": "173", "width": null, "bridge": null, "tunnel": "building_passage", "junction": null, "access": null }, "geometry": { "type": "LineString", "coordinates": [ [ 121.0319099, 14.6553205 ], [ 121.031627299999968, 14.6553818 ], [ 121.0308457, 14.6555534 ], [ 121.030805700000016, 14.6555622 ] ] } },
{ "type": "Feature", "properties": { "u": 2461178663, "v": 9974332704, "key": 0, "osmid": "1238810735", "highway": "secondary", "lanes": "2", "maxspeed": "40", "name": "Tandang Sora Avenue", "oneway": false, "reversed": "False", "length": 7.1776024529528204, "ref": null, "width": "6.7", "bridge": null, "tunnel": null, "junction": null, "access": null }, "geometry": { "type": "LineString", "coordinates": [ [ 121.042013499999982, 14.6764877 ], [ 121.0419487, 14.6765031 ] ] } },
{ "type": "Feature", "properties": { "u": 2461178663, "v": 251109239, "key": 0, "osmid": "1238810735", "highway": "secondary", "lanes": "2", "maxspeed": "40", "name": "Tandang Sora Avenue", "oneway": false, "reversed": "True", "length": 75.638121608456316, "ref": null, "width": "6.7", "bridge": null, "tunnel": null, "junction": null, "access": null }, "geometry": { "type": "LineString", "coordinates": [ [ 121.042013499999982, 14.6764877 ], [ 121.0422638, 14.6764323 ], [ 121.0426995, 14.6763383 ] ] } },
{ "type": "Feature", "properties": { "u": 251109239, "v": 250543960, "key": 0, "osmid": "1238810735", "highway": "secondary", "lanes": "2", "maxspeed": "40", "name": "Tandang Sora Avenue", "oneway": false, "reversed": "True", "length": 14.081198979744507, "ref": null, "width": "6.7", "bridge": null, "tunnel": null, "junction": null, "access": null }, "geometry": { "type": "LineString", "coordinates": [ [ 121.0426995, 14.6763383 ], [ 121.042827, 14.6763096 ] ] } },
{ "type": "Feature", "properties": { "u": 251109239, "v": 2461178663, "key": 0, "osmid": "1238810735", "highway": "secondary", "lanes": "2", "maxspeed": "40", "name": "Tandang Sora Avenue", "oneway": false, "reversed": "False", "length": 75.638121608456316, "ref": null, "width": "6.7", "bridge": null, "tunnel": null, "junction": null, "access": null }, "geometry": { "type": "LineString", "coordinates": [ [ 121.0426995, 14.6763383 ], [ 121.0422638, 14.6764323 ], [ 121.042013499999982, 14.6764877 ] ] } },
{ "type": "Feature", "properties": { "u": 600218408, "v": 3309043464, "key": 0, "osmid": "832081915", "highway": "trunk", "lanes": "4", "maxspeed": "60", "name": "EDSA", "oneway": true, "reversed": "False", "length": 6.8051366305541574, "ref": "1", "width": "19.2", "bridge": null, "tunnel": null, "junction": null, "access": null }, "geometry": { "type": "LineString", "coordinates": [ [ 121.0291062, 14.6559474 ], [ 121.029044499999983, 14.6559609 ] ] } },
{ "type": "Feature", "properties": { "u": 3309043464, "v": 600218409, "key": 0, "osmid": "841909244", "highway": "trunk", "lanes": "4", "maxspeed": "60", "name": "EDSA", "oneway": true, "reversed": "False", "length": 6.3828874447509429, "ref": "1", "width": "19.2", "bridge": null, "tunnel": null, "junction": null, "access": null }, "geometry": { "type": "LineString", "coordinates": [ [ 121.029044499999983, 14.6559609 ], [ 121.0289865, 14.655973 ] ] } },
{ "type": "Feature", "properties": { "u": 600218410, "v": 3309043466, "key": 0, "osmid": "621109809", "highway": "trunk", "lanes": "4", "maxspeed": "60", "name": "EDSA", "oneway": true, "reversed": "False", "length": 7.1857125444061447, "ref": "1", "width": "19.2", "bridge": null, "tunnel": null, "junction": null, "access": null }, "geometry": { "type": "LineString", "coordinates": [ [ 121.028863299999983, 14.6560007 ], [ 121.028798, 14.6560143 ] ] } },
{ "type": "Feature", "properties": { "u": 3309043466, "v": 9979537324, "key": 0, "osmid": "621109809", "highway": "trunk", "lanes": "4", "maxspeed": "60", "name": "EDSA", "oneway": true, "reversed": "False", "length": 22.483485062563009, "ref": "1", "width": "19.2", "bridge": null, "tunnel": null, "junction": null, "access": null }, "geometry": { "type": "LineString", "coordinates": [ [ 121.028798, 14.6560143 ], [ 121.028594799999979, 14.6560616 ] ] } },
{ "type": "Feature", "properties": { "u": 600218409, "v": 3309043465, "key": 0, "osmid": "621109809", "highway": "trunk", "lanes": "4", "maxspeed": "60", "name": "EDSA", "oneway": true, "reversed": "False", "length": 6.7792659634235708, "ref": "1", "width": "19.2", "bridge": null, "tunnel": null, "junction": null, "access": null }, "geometry": { "type": "LineString", "coordinates": [ [ 121.0289865, 14.655973 ], [ 121.028925, 14.6559863 ] ] } },
{ "type": "Feature", "properties": { "u": 3309043465, "v": 600218410, "key": 0, "osmid": "621109809", "highway": "trunk", "lanes": "4", "maxspeed": "60", "name": "EDSA", "oneway": true, "reversed": "False", "length": 6.8279087192613419, "ref": "1", "width": "19.2", "bridge": null, "tunnel": null, "junction": null, "access": null }, "geometry": { "type": "LineString", "coordinates": [ [ 121.028925, 14.6559863 ], [ 121.028863299999983, 14.6560007 ] ] } },
{ "type": "Feature", "properties": { "u": 1074584753, "v": 452842794, "key": 0, "osmid": "38342026", "highway": "secondary", "lanes": "3", "maxspeed": null, "name": "Congressional Avenue", "oneway": true, "reversed": "False", "length": 123.26460645522913, "ref": "129", "width": null, "bridge": null, "tunnel": null, "junction": null, "access": null }, "geometry": { "type": "LineString", "coordinates": [ [ 121.0314411, 14.6658735 ], [ 121.031474099999983, 14.6658861 ], [ 121.031686599999972, 14.6659591 ], [ 121.0317662, 14.6659832 ], [ 121.031878299999974, 14.6660352 ], [ 121.032063099999988, 14.6661088 ], [ 121.0322145, 14.6661891 ], [ 121.032296500000015, 14.6662401 ], [ 121.032470500000017, 14.6663489 ] ] } },
{ "type": "Feature", "properties": { "u": 72686822, "v": 72686823, "key": 0, "osmid": "610046351", "highway": "secondary", "lanes": "3", "maxspeed": null, "name": "Mindanao Avenue", "oneway": true, "reversed": "False", "length": 373.25440683748047, "ref": null, "width": null, "bridge": null, "tunnel": null, "junction": null, "access": null }, "geometry": { "type": "LineString", "coordinates": [ [ 121.055520800000011, 14.7243949 ], [ 121.0570105, 14.7257668 ], [ 121.058034399999983, 14.7267096 ] ] } },
{ "type": "Feature", "properties": { "u": 72686823, "v": 3922129606, "key": 0, "osmid": "389070665", "highway": "secondary", "lanes": "3", "maxspeed": null, "name": "Mindanao Avenue", "oneway": true, "reversed": "False", "length": 428.7171383266828, "ref": null, "width": null, "bridge": null, "tunnel": null, "junction": null, "access": null }, "geometry": { "type": "LineString", "coordinates": [ [ 121.058034399999983, 14.7267096 ], [ 121.0599229, 14.7284455 ], [ 121.0600288, 14.7285429 ], [ 121.060926, 14.7293637 ] ] } },
{ "type": "Feature", "properties": { "u": 72686835, "v": 72686822, "key": 0, "osmid": "610046351", "highway": "secondary", "lanes": "3", "maxspeed": null, "name": "Mindanao Avenue", "oneway": true, "reversed": "False", "length": 419.21468209385375, "ref": null, "width": null, "bridge": null, "tunnel": null, "junction": null, "access": null }, "geometry": { "type": "LineString", "coordinates": [ [ 121.052698, 14.7217949 ], [ 121.0549455, 14.723865 ], [ 121.055520800000011, 14.7243949 ] ] } },
{ "type": "Feature", "properties": { "u": 26082642, "v": 26082626, "key": 0, "osmid": "1324904148", "highway": "secondary", "lanes": "3", "maxspeed": "40", "name": "Kalayaan Avenue", "oneway": true, "reversed": "False", "length": 215.23512544200605, "ref": null, "width": null, "bridge": null, "tunnel": null, "junction": null, "access": null }, "geometry": { "type": "LineString", "coordinates": [ [ 121.054653499999986, 14.6412587 ], [ 121.054752099999988, 14.6405814 ], [ 121.054768, 14.640456 ], [ 121.054822699999988, 14.6398615 ], [ 121.054832, 14.6393331 ] ] } },
{ "type": "Feature", "properties": { "u": 72686847, "v": 72686853, "key": 0, "osmid": "29252100", "highway": "secondary", "lanes": "3", "maxspeed": null, "name": "Mindanao Avenue", "oneway": true, "reversed": "False", "length": 13.219579565671495, "ref": null, "width": null, "bridge": null, "tunnel": null, "junction": null, "access": null }, "geometry": { "type": "LineString", "coordinates": [ [ 121.0521244, 14.7212575 ], [ 121.05217, 14.7212991 ], [ 121.052213099999975, 14.7213398 ] ] } },
{ "type": "Feature", "properties": { "u": 72686847, "v": 1312410154, "key": 0, "osmid": "610046347", "highway": "primary", "lanes": "4", "maxspeed": "60", "name": "Commonwealth Avenue", "oneway": true, "reversed": "False", "length": 327.55934248379697, "ref": "170", "width": null, "bridge": null, "tunnel": null, "junction": null, "access": null }, "geometry": { "type": "LineString", "coordinates": [ [ 121.0521244, 14.7212575 ], [ 121.052152100000015, 14.7212236 ], [ 121.0536026, 14.7194478 ], [ 121.053684799999971, 14.7193473 ], [ 121.053772499999965, 14.7192399 ], [ 121.0539501, 14.7190225 ], [ 121.0540125, 14.718946 ] ] } },
{ "type": "Feature", "properties": { "u": 600218893, "v": 6507472580, "key": 0, "osmid": [ 1350922344, 949577862 ], "highway": "primary", "lanes": "4", "maxspeed": null, "name": "Mindanao Avenue", "oneway": true, "reversed": "False", "length": 187.89477558184919, "ref": "128", "width": null, "bridge": null, "tunnel": null, "junction": null, "access": null }, "geometry": { "type": "LineString", "coordinates": [ [ 121.0361732, 14.6586192 ], [ 121.0363101, 14.659253 ], [ 121.0363473, 14.659432 ], [ 121.036384900000016, 14.6596362 ], [ 121.0365228, 14.6602747 ] ] } },
{ "type": "Feature", "properties": { "u": 600218899, "v": 474084331, "key": 0, "osmid": "44635222", "highway": "primary", "lanes": "4", "maxspeed": null, "name": "Mindanao Avenue", "oneway": true, "reversed": "False", "length": 82.70613310426657, "ref": "128", "width": null, "bridge": null, "tunnel": null, "junction": null, "access": null }, "geometry": { "type": "LineString", "coordinates": [ [ 121.035948, 14.6584272 ], [ 121.0359319, 14.6583558 ], [ 121.035784599999985, 14.6577004 ] ] } },
{ "type": "Feature", "properties": { "u": 1067302475, "v": 5643246936, "key": 0, "osmid": "89993886", "highway": "secondary", "lanes": "2", "maxspeed": "40", "name": "Llano Road", "oneway": false, "reversed": "True", "length": 10.063854191184079, "ref": null, "width": null, "bridge": null, "tunnel": null, "junction": null, "access": null }, "geometry": { "type": "LineString", "coordinates": [ [ 121.0248779, 14.7263076 ], [ 121.024947499999982, 14.7262471 ] ] } },
{ "type": "Feature", "properties": { "u": 103816612, "v": 219951286, "key": 0, "osmid": "38342024", "highway": "secondary", "lanes": "3", "maxspeed": null, "name": "Congressional Avenue", "oneway": true, "reversed": "False", "length": 237.0712102025372, "ref": "129", "width": null, "bridge": null, "tunnel": null, "junction": null, "access": null }, "geometry": { "type": "LineString", "coordinates": [ [ 121.022371399999983, 14.6637039 ], [ 121.0221573, 14.6636513 ], [ 121.022037, 14.6636218 ], [ 121.021693499999969, 14.6635364 ], [ 121.021523299999984, 14.6634891 ], [ 121.0213956, 14.6634494 ], [ 121.021346200000011, 14.663435 ], [ 121.0212012, 14.6633786 ], [ 121.021072699999976, 14.6633201 ], [ 121.02091710000002, 14.6632317 ], [ 121.020776799999979, 14.6631434 ], [ 121.0207414, 14.6631125 ], [ 121.0206195, 14.6630102 ], [ 121.020557699999983, 14.6629504 ], [ 121.020428, 14.6628047 ] ] } },
{ "type": "Feature", "properties": { "u": 6300532336, "v": 9941573841, "key": 0, "osmid": "168525276", "highway": "primary", "lanes": "2", "maxspeed": null, "name": "Quirino Highway", "oneway": true, "reversed": "False", "length": 89.046683608277107, "ref": "127", "width": null, "bridge": null, "tunnel": null, "junction": null, "access": null }, "geometry": { "type": "LineString", "coordinates": [ [ 121.032257800000011, 14.6963274 ], [ 121.032233899999952, 14.6962891 ], [ 121.0320897, 14.6960634 ], [ 121.0319976, 14.6959206 ], [ 121.0319517, 14.6958476 ], [ 121.031824899999989, 14.6956448 ] ] } },
{ "type": "Feature", "properties": { "u": 8601059116, "v": 2071393226, "key": 0, "osmid": "369688331", "highway": "primary", "lanes": "4", "maxspeed": "60", "name": "Quezon Avenue", "oneway": true, "reversed": "False", "length": 20.51213651090708, "ref": "170", "width": null, "bridge": null, "tunnel": null, "junction": null, "access": null }, "geometry": { "type": "LineString", "coordinates": [ [ 121.028905300000019, 14.6387792 ], [ 121.029067600000019, 14.638876 ] ] } },
{ "type": "Feature", "properties": { "u": 3309043462, "v": 600218408, "key": 0, "osmid": "832081919", "highway": "trunk", "lanes": "4", "maxspeed": "60", "name": "EDSA", "oneway": true, "reversed": "False", "length": 6.5232542116537484, "ref": "1", "width": "19.2", "bridge": null, "tunnel": null, "junction": null, "access": null }, "geometry": { "type": "LineString", "coordinates": [ [ 121.029165399999982, 14.6559347 ], [ 121.0291062, 14.6559474 ] ] } },
{ "type": "Feature", "properties": { "u": 250543945, "v": 250544330, "key": 0, "osmid": "834542176", "highway": "primary", "lanes": "4", "maxspeed": "60", "name": "Mindanao Avenue", "oneway": true, "reversed": "False", "length": 222.96762468184016, "ref": "128", "width": null, "bridge": null, "tunnel": null, "junction": null, "access": null }, "geometry": { "type": "LineString", "coordinates": [ [ 121.032123700000014, 14.6799174 ], [ 121.032071699999989, 14.6818292 ], [ 121.032069199999981, 14.6819219 ] ] } }
]
}
