{
"type": "FeatureCollection",
"name": "fw_jps_roads",
"crs": { "type": "name", "properties": { "name": "urn:ogc:def:crs:OGC:1.3:CRS84" } },
"features": [
{ "type": "Feature", "properties": { }, "geometry": { "type": "LineString", "coordinates": [ [ 120.997682160419259, 14.637959467752015 ], [ 121.000921847373007, 14.638387788359955 ], [ 121.000562089230527, 14.640918167435606 ] ] } },
{ "type": "Feature", "properties": { }, "geometry": { "type": "LineString", "coordinates": [ [ 121.001066707288814, 14.637603707668333 ], [ 121.001363610591156, 14.63524669265434 ], [ 121.001742817939046, 14.632704739710551 ], [ 121.004123533060451, 14.627700350066418 ], [ 121.004250436252093, 14.627444859575927 ], [ 121.005228414525504, 14.626405279505994 ], [ 121.005599829730514, 14.626024061842562 ], [ 121.007928430620595, 14.623572037044141 ], [ 121.008515204123526, 14.624124365347308 ], [ 121.010685821350762, 14.626082090726191 ], [ 121.011052813479694, 14.626362721099643 ], [ 121.012407612535682, 14.627575283175648 ], [ 121.013193032933302, 14.628297218953788 ], [ 121.012307963058305, 14.629135648124285 ], [ 121.011649144105291, 14.629841137107329 ], [ 121.011286539768378, 14.63017273515357 ], [ 121.010922598578603, 14.630458377421368 ], [ 121.010387116290602, 14.630908494167446 ], [ 121.010048779228711, 14.631205821813136 ], [ 121.009776574744819, 14.631474308429501 ], [ 121.009270078412911, 14.632122021497013 ], [ 121.009089106259168, 14.63246408081547 ], [ 121.008992160189464, 14.632668641393801 ], [ 121.008924136099722, 14.632896023975849 ], [ 121.008883380829502, 14.6331314266244 ], [ 121.008609824049714, 14.635858557635935 ], [ 121.008507326314884, 14.636808110247246 ], [ 121.00844200919488, 14.637110177116009 ], [ 121.008317019199623, 14.637411627275263 ], [ 121.008119577205832, 14.637703577039877 ], [ 121.007896204325959, 14.637938257440432 ], [ 121.007520226093902, 14.638229804397618 ], [ 121.007289526093899, 14.638417804409016 ], [ 121.007106815376858, 14.638581491508136 ], [ 121.006967515376871, 14.638727091515976 ], [ 121.006840675741572, 14.638874897401683 ], [ 121.006679896020572, 14.639107251854027 ], [ 121.005432735320966, 14.638945603985382 ], [ 121.005853792523737, 14.635847314477727 ], [ 121.005916744206502, 14.635432233069507 ], [ 121.006055141325845, 14.634652303495814 ], [ 121.006327515934686, 14.63404526591915 ], [ 121.006595701185546, 14.63347580959271 ], [ 121.008578897485165, 14.629404554306424 ], [ 121.008662849465253, 14.629288531890632 ], [ 121.008913901795168, 14.629032791031513 ], [ 121.011241301589337, 14.626593191378328 ], [ 121.011245566957456, 14.626577329950774 ], [ 121.01123430665389, 14.626565086224394 ], [ 121.011214898410671, 14.626569608621029 ], [ 121.008887585342777, 14.629009117627271 ], [ 121.00863587299267, 14.629265528360424 ], [ 121.008548582296683, 14.629385829826777 ], [ 121.006563051024514, 14.633461291882904 ], [ 121.006294619758137, 14.634031277401304 ], [ 121.006020240608137, 14.634643621261665 ], [ 121.0058812927834, 14.635426558476224 ], [ 121.00581822405637, 14.635842376198919 ], [ 121.005397097967233, 14.638941140281172 ], [ 121.003340661492459, 14.638663067715566 ], [ 121.000962295529419, 14.63835795555854 ], [ 121.001066707288814, 14.637603707668333 ] ] } },
{ "type": "Feature", "properties": { }, "geometry": { "type": "LineString", "coordinates": [ [ 121.000594339396315, 14.640946448155166 ], [ 121.000957461856515, 14.638392405974217 ], [ 121.003335689774673, 14.63869750037405 ], [ 121.005391990552098, 14.638975554370663 ], [ 121.005093282594942, 14.640892866659108 ], [ 121.005011436238817, 14.641504145431808 ], [ 121.004860572445608, 14.642839458927309 ], [ 121.004883143172364, 14.64351406455441 ], [ 121.004945031022388, 14.644087406891813 ], [ 121.005026666603527, 14.644430919418202 ] ] } },
{ "type": "Feature", "properties": { }, "geometry": { "type": "LineString", "coordinates": [ [ 121.001744870877246, 14.617942773885225 ], [ 121.001698928614829, 14.617952364219075 ], [ 121.001658005764355, 14.617951275362666 ], [ 121.001618668976903, 14.617941531387046 ], [ 121.001569474291827, 14.617914597982193 ], [ 121.001531342014943, 14.617874827562387 ], [ 121.001507283357682, 14.617825893159772 ], [ 121.001499751327074, 14.617765728768308 ], [ 121.001507143231578, 14.617723901406645 ], [ 121.001524805945223, 14.617684570004325 ], [ 121.001551756912576, 14.617650426043987 ], [ 121.001586259300126, 14.617623570625248 ], [ 121.0016265081847, 14.617605449522406 ], [ 121.001669996173405, 14.617597153072371 ], [ 121.001712100820683, 14.61759878996998 ], [ 121.001752805234531, 14.617609717328548 ], [ 121.0017896904493, 14.617629202145825 ], [ 121.00182657512245, 14.617662591511317 ], [ 121.001860089497882, 14.617724311621799 ], [ 121.001867503728349, 14.61776843086939 ], [ 121.001863406001689, 14.617812777378624 ], [ 121.001848120937595, 14.617854720323434 ], [ 121.001821888000649, 14.617892339085355 ], [ 121.001786746670732, 14.617922382193054 ], [ 121.001744870877246, 14.617942773885225 ] ] } },
{ "type": "Feature", "properties": { }, "geometry": { "type": "LineString", "coordinates": [ [ 121.001850392977673, 14.617913623955769 ], [ 121.001886980814248, 14.617852638561397 ], [ 121.002014274063114, 14.617999348201419 ], [ 121.003052977967243, 14.618919131334804 ], [ 121.003414505044745, 14.619229771080727 ], [ 121.004286582837594, 14.620040956084644 ], [ 121.005892633437426, 14.621506810815321 ], [ 121.006761276469604, 14.622271645444675 ], [ 121.00803947008805, 14.623454152255764 ], [ 121.008778284846542, 14.624123076704908 ], [ 121.009183237312797, 14.62451710525813 ], [ 121.010586290117814, 14.625802029295574 ], [ 121.010805967623924, 14.625993074890436 ], [ 121.011105453791899, 14.626297620027449 ], [ 121.013251038817074, 14.628240474067464 ], [ 121.013218306480042, 14.628272494833762 ], [ 121.012432099812315, 14.62754983837416 ], [ 121.011076699812321, 14.626336738303657 ], [ 121.010709828839666, 14.626056211234408 ], [ 121.008539737911306, 14.62409896170052 ], [ 121.007940041642158, 14.623534275699059 ], [ 121.006665541363077, 14.622383565829134 ], [ 121.005820898795093, 14.621593211844338 ], [ 121.004245235940331, 14.620157861058209 ], [ 121.003310952637079, 14.619340882309384 ], [ 121.001824411544249, 14.618004648329494 ], [ 121.001766522569426, 14.61797115452265 ], [ 121.001807598212977, 14.61795086664071 ], [ 121.001850392977673, 14.617913623955769 ] ] } },
{ "type": "Feature", "properties": { }, "geometry": { "type": "LineString", "coordinates": [ [ 121.001880218682004, 14.61767972595462 ], [ 121.002308529193684, 14.617785341881545 ], [ 121.002364531842218, 14.61780237555252 ], [ 121.002204093252146, 14.617776892628422 ], [ 121.002150351030522, 14.617772018566059 ], [ 121.002088385478061, 14.617775885931456 ], [ 121.00204943083294, 14.617792402889974 ], [ 121.002019045668561, 14.617819993682877 ], [ 121.002001152196513, 14.617858396929293 ], [ 121.002001412811296, 14.617933312687642 ], [ 121.00189961600897, 14.617811326640297 ], [ 121.001903333381648, 14.617765009711569 ], [ 121.001894802377805, 14.617714917638631 ], [ 121.001880218682004, 14.61767972595462 ] ] } },
{ "type": "Feature", "properties": { }, "geometry": { "type": "LineString", "coordinates": [ [ 121.002043583746399, 14.617978174545136 ], [ 121.002034036964361, 14.617906123358226 ], [ 121.002036620936678, 14.617865492621048 ], [ 121.002049960786422, 14.617838080857602 ], [ 121.00209816513977, 14.61780958824119 ], [ 121.002149647983899, 14.617806830231896 ], [ 121.002609659758278, 14.617876583072931 ], [ 121.003866810033813, 14.617980400110422 ], [ 121.004289941633488, 14.618022027365924 ], [ 121.005486443022704, 14.618121727467498 ], [ 121.009789406381159, 14.618459863938615 ], [ 121.009734381225883, 14.619339614559099 ], [ 121.009507037190673, 14.621864062709754 ], [ 121.009491321919285, 14.621920292497437 ], [ 121.008051072165159, 14.623416756011512 ], [ 121.006785982908255, 14.622246397012695 ], [ 121.005917254657774, 14.621481486439297 ], [ 121.00431128441042, 14.620015705192143 ], [ 121.003439151003548, 14.619204467089135 ], [ 121.003077126332357, 14.618893384013388 ], [ 121.002043583746399, 14.617978174545136 ] ] } },
{ "type": "Feature", "properties": { }, "geometry": { "type": "LineString", "coordinates": [ [ 121.003870650992056, 14.6179458289115 ], [ 121.002615098001854, 14.617842140574313 ], [ 121.002317745252924, 14.617751731360356 ], [ 121.00184940735727, 14.617635647491033 ], [ 121.001808908935971, 14.617599741017465 ], [ 121.00176635024242, 14.61757738893508 ], [ 121.001715621256821, 14.617564129245492 ], [ 121.00166686919232, 14.617562396090229 ], [ 121.001615332425771, 14.617572271040434 ], [ 121.001567210550419, 14.617593938034526 ], [ 121.001527539008009, 14.617624653911614 ], [ 121.001492722166262, 14.617668771520508 ], [ 121.001472582067862, 14.617713934726847 ], [ 121.001463685281379, 14.617763983524709 ], [ 121.001473576075526, 14.617838268479998 ], [ 121.001501893582571, 14.617895087650096 ], [ 121.001546350650486, 14.617941467703925 ], [ 121.001605930405688, 14.617974197035901 ], [ 121.001652771877815, 14.617985783144853 ], [ 121.001697669480322, 14.617987113334179 ], [ 121.001758823856235, 14.618005236590111 ], [ 121.001801192677448, 14.618031231432814 ], [ 121.003286661327465, 14.619366504581453 ], [ 121.004220698148217, 14.620183261476935 ], [ 121.005796077094843, 14.621618352976933 ], [ 121.006640925936978, 14.622408895091443 ], [ 121.007902496851145, 14.623547959198735 ], [ 121.005573448096783, 14.626000456198145 ], [ 121.005201847431778, 14.626381868861783 ], [ 121.0042200535283, 14.62742596073846 ], [ 121.003958627945849, 14.62795923055106 ], [ 121.003223992436901, 14.629499504457213 ], [ 121.001709052738249, 14.632692588219866 ], [ 121.00132801939435, 14.635241907125083 ], [ 121.001031080550717, 14.637599180176448 ], [ 121.000926681242674, 14.638353338136703 ], [ 120.997640154210501, 14.637918824978792 ] ] } },
{ "type": "Feature", "properties": { }, "geometry": { "type": "LineString", "coordinates": [ [ 121.03931681799925, 14.624562436296989 ], [ 121.037353299760383, 14.624399176447097 ], [ 121.033129909541955, 14.624086661015316 ], [ 121.031556549993809, 14.623963180326601 ], [ 121.031361873253289, 14.623941788528445 ], [ 121.030978331925667, 14.623854108054674 ], [ 121.026425163251602, 14.622426801867624 ], [ 121.024694935219529, 14.62191658839359 ], [ 121.024584797159861, 14.621853312758581 ], [ 121.023843151334319, 14.621616230360578 ], [ 121.023670752089672, 14.621602434037179 ], [ 121.016446589568275, 14.619317678123481 ], [ 121.015598427623317, 14.61906093056669 ], [ 121.015086936893411, 14.618835874629111 ], [ 121.015015971949026, 14.618813228000182 ], [ 121.01503289219022, 14.618623515066639 ], [ 121.015081524289656, 14.618401055405505 ], [ 121.015142842409603, 14.618235625263877 ], [ 121.015242309995045, 14.618008043435518 ], [ 121.015346835202621, 14.617821327473479 ], [ 121.016303298011806, 14.616412519423696 ], [ 121.016501598011814, 14.616025319437297 ], [ 121.016631893822847, 14.61572176430613 ], [ 121.016761761681948, 14.615330468812779 ], [ 121.016848742426177, 14.614842396041155 ], [ 121.017147636675219, 14.609034805543541 ], [ 121.017201898106663, 14.608226979743655 ], [ 121.017233381644303, 14.607967807353402 ] ] } },
{ "type": "Feature", "properties": { }, "geometry": { "type": "LineString", "coordinates": [ [ 121.017028809851979, 14.607769848437773 ], [ 121.016979201846212, 14.608116926957392 ], [ 121.016960049712594, 14.608346966020013 ], [ 121.016823751442715, 14.61149042590508 ], [ 121.016727956022009, 14.61344743236368 ], [ 121.016653120066223, 14.614815079117113 ], [ 121.016557214374345, 14.615328532730461 ], [ 121.016438386220244, 14.615631763111494 ], [ 121.016306482478882, 14.615917105908016 ], [ 121.016108433723062, 14.616293957003448 ], [ 121.015952239192018, 14.616537225507052 ], [ 121.015860442980653, 14.61669548370614 ], [ 121.015305905995547, 14.617472835580401 ], [ 121.015145713341596, 14.617714924694925 ], [ 121.01505021334161, 14.61788042470131 ], [ 121.014932826196343, 14.618151589285549 ], [ 121.014881382430829, 14.618307519817902 ], [ 121.014815217354666, 14.618561822975964 ], [ 121.014780154045681, 14.61878125860266 ], [ 121.010491823653965, 14.618450669966503 ], [ 121.010299083646316, 14.618468156660681 ], [ 121.01013779776595, 14.618457074439807 ], [ 121.009809839014082, 14.618426571152472 ], [ 121.00548955513834, 14.618087088132206 ], [ 121.004292985336079, 14.617987382638512 ], [ 121.003870650992056, 14.6179458289115 ] ] } },
{ "type": "Feature", "properties": { }, "geometry": { "type": "LineString", "coordinates": [ [ 121.005325465394193, 14.639654175015405 ], [ 121.005427629918941, 14.638980024636547 ], [ 121.006660649889682, 14.639139874733134 ], [ 121.006537591513052, 14.639363570699368 ], [ 121.006398778115212, 14.639793257575581 ], [ 121.005832178115199, 14.642211957617956 ], [ 121.005749920798451, 14.642592411054222 ], [ 121.005709849970785, 14.642929960248674 ], [ 121.005698634968823, 14.643184892951632 ], [ 121.005695036297695, 14.643672095134438 ], [ 121.005677311857724, 14.643863598303355 ], [ 121.005642074873791, 14.644014557864088 ], [ 121.005588129260829, 14.644130350711469 ], [ 121.005504891777548, 14.644251163414477 ], [ 121.005426683354145, 14.644349390059181 ], [ 121.005256639868108, 14.644491224483415 ], [ 121.005171189296732, 14.644543943084896 ] ] } },
{ "type": "Feature", "properties": { }, "geometry": { "type": "LineString", "coordinates": [ [ 121.005073201421737, 14.644471725937894 ], [ 121.004980654812371, 14.64408273624985 ], [ 121.004919035913773, 14.643512312751367 ], [ 121.004896498685738, 14.642841281744174 ], [ 121.005047142730689, 14.641508044197375 ], [ 121.005128890944718, 14.640897530952126 ], [ 121.005325465394193, 14.639654175015405 ] ] } },
{ "type": "Feature", "properties": { }, "geometry": { "type": "LineString", "coordinates": [ [ 121.006789394328962, 14.639157363259764 ], [ 121.006956122355888, 14.639176400816018 ], [ 121.006869382898699, 14.639306937804827 ], [ 121.00667903171103, 14.639658877206054 ], [ 121.006615093578006, 14.639925892156095 ], [ 121.006041673266196, 14.642614736363958 ], [ 121.005994395331456, 14.64299936135837 ], [ 121.00594087422526, 14.643622642957785 ], [ 121.005899971091225, 14.643829839175931 ], [ 121.005836786668496, 14.644060621278404 ], [ 121.005788496480278, 14.644181346752518 ], [ 121.005691790254517, 14.644337777483699 ], [ 121.005558120801354, 14.644519442586583 ], [ 121.005388942738151, 14.644664184921723 ], [ 121.005362002443007, 14.644680862251322 ] ] } },
{ "type": "Feature", "properties": { }, "geometry": { "type": "LineString", "coordinates": [ [ 121.005201977956077, 14.644566035685738 ], [ 121.005279131263435, 14.644518365488649 ], [ 121.005452849191272, 14.644373348176998 ], [ 121.005534449345788, 14.644270941471328 ], [ 121.00561884934578, 14.644148441476716 ], [ 121.005676724954299, 14.64402392922395 ], [ 121.005712994701852, 14.643867850377438 ], [ 121.005730894701856, 14.643674450378805 ], [ 121.005734561750515, 14.643185573510248 ], [ 121.005745722610214, 14.642932062555085 ], [ 121.005785253115036, 14.642598791526288 ], [ 121.005867271871168, 14.642219429001527 ], [ 121.006433662875992, 14.639801621204285 ], [ 121.006570846984133, 14.639376937416944 ], [ 121.006698633527847, 14.639144831463074 ], [ 121.006789394328962, 14.639157363259764 ] ] } },
{ "type": "Feature", "properties": { }, "geometry": { "type": "LineString", "coordinates": [ [ 121.010142305375851, 14.631172119152602 ], [ 121.010410706057314, 14.630934721663204 ], [ 121.010946134813025, 14.630484650688103 ], [ 121.011310640846872, 14.630198533879273 ], [ 121.011674340846866, 14.62986593389841 ], [ 121.012333447109057, 14.629160165247752 ], [ 121.013219089835133, 14.628321169665817 ], [ 121.013330078989497, 14.628423187492993 ], [ 121.013091909473218, 14.62865989152805 ], [ 121.01266846745024, 14.629062042311284 ], [ 121.012438676984189, 14.629264223303435 ], [ 121.011943876984162, 14.629759923330703 ], [ 121.011931336611752, 14.629856132856444 ], [ 121.011505887719892, 14.630282322660422 ], [ 121.0110206639919, 14.630683177096564 ], [ 121.010196548117847, 14.631275950942973 ], [ 121.009876550556328, 14.631587191711517 ], [ 121.009488011691587, 14.632236875952756 ], [ 121.009218139398385, 14.633056852608018 ], [ 121.009203109262856, 14.633126464207363 ], [ 121.0091868975437, 14.633227335748499 ], [ 121.00894371797159, 14.635983709209391 ], [ 121.008855054571626, 14.636778983970849 ], [ 121.008767408917592, 14.637142783001806 ], [ 121.008641527834314, 14.637448735690624 ], [ 121.008485836574977, 14.637758555133116 ], [ 121.008359515477011, 14.637897950717379 ], [ 121.008092253440125, 14.638136734026469 ], [ 121.007491121796775, 14.638605768618476 ], [ 121.007290605613036, 14.638774587068372 ], [ 121.007105492863261, 14.638976135658455 ], [ 121.006978143133679, 14.639143907838472 ], [ 121.006719323813599, 14.639112570814557 ], [ 121.006868821215619, 14.638896523339575 ], [ 121.006994214294295, 14.638750363902584 ], [ 121.007132713594757, 14.638605600822483 ], [ 121.00731299585361, 14.638444133231674 ], [ 121.007543206493352, 14.638256532028091 ], [ 121.007920760680051, 14.63796370629305 ], [ 121.008146915876523, 14.637726175787417 ], [ 121.008348186013436, 14.637428989087381 ], [ 121.008412058037138, 14.637282846470125 ], [ 121.008476535584251, 14.63712000716191 ], [ 121.008542969113776, 14.636812605690672 ], [ 121.008645582306826, 14.635861978985023 ], [ 121.008918922139003, 14.633136578927084 ], [ 121.008959347281007, 14.632903066518976 ], [ 121.009025886132505, 14.632680775271744 ], [ 121.009121269377047, 14.632479587102464 ], [ 121.009300677152879, 14.632140374077286 ], [ 121.009804528979132, 14.631496181608005 ], [ 121.010073978349169, 14.631230614234514 ], [ 121.010142305375851, 14.631172119152602 ] ] } },
{ "type": "Feature", "properties": { }, "geometry": { "type": "LineString", "coordinates": [ [ 121.011974157469311, 14.629779634154412 ], [ 121.012464117486587, 14.629288782963192 ], [ 121.012511814152163, 14.629246827387963 ], [ 121.01197104783482, 14.629814838291834 ], [ 121.011974157469311, 14.629779634154412 ] ] } },
{ "type": "Feature", "properties": { }, "geometry": { "type": "LineString", "coordinates": [ [ 121.012343051609676, 14.639869166545196 ], [ 121.012072436239919, 14.639840972399572 ], [ 121.012039922711054, 14.639824401277302 ], [ 121.012069808797293, 14.639814507388756 ], [ 121.012346572519959, 14.639844361216195 ], [ 121.013025166554684, 14.639925443130391 ], [ 121.013071959394225, 14.639947156178437 ], [ 121.013012659372734, 14.639960287273366 ], [ 121.012343051609676, 14.639869166545196 ] ] } },
{ "type": "Feature", "properties": { }, "geometry": { "type": "LineString", "coordinates": [ [ 121.013131509691561, 14.639936231459428 ], [ 121.013032218476312, 14.63989122705209 ], [ 121.01206979067868, 14.639779524023631 ], [ 121.011992965843106, 14.639803201691134 ], [ 121.011349043779461, 14.639711141176443 ], [ 121.009981043675097, 14.639540950356793 ], [ 121.007776379023483, 14.639242970018602 ], [ 121.007018313063085, 14.639148756745595 ], [ 121.007133382729521, 14.638998062335792 ], [ 121.00731506693225, 14.638800078248057 ], [ 121.007513940348517, 14.638632626841375 ], [ 121.008116188598052, 14.638162671037277 ], [ 121.008384588597977, 14.637922871051234 ], [ 121.008514409014069, 14.637779760162404 ], [ 121.008674215931777, 14.637463184046027 ], [ 121.008801742854345, 14.637153202362283 ], [ 121.008890662681992, 14.636783764313375 ], [ 121.008979462681992, 14.635987264320143 ], [ 121.00922264936284, 14.633230871961773 ], [ 121.009252715585902, 14.633066351566656 ], [ 121.009520874678714, 14.632251161592476 ], [ 121.009906475936162, 14.631606569988643 ], [ 121.01022008395006, 14.631302284936687 ], [ 121.011043043276388, 14.630710380851317 ], [ 121.011530994043639, 14.630307204524282 ], [ 121.011827094043639, 14.630016604540431 ], [ 121.012508770143725, 14.629305224108577 ], [ 121.012694259286775, 14.629086252676519 ], [ 121.013117489059098, 14.628684310655389 ], [ 121.013356134764166, 14.628447137155177 ], [ 121.014965292501387, 14.629949859120961 ], [ 121.015009268891816, 14.630036733405378 ], [ 121.015664117704347, 14.630635577103696 ], [ 121.016194045992563, 14.631087972368109 ], [ 121.016592980416149, 14.63139927737069 ], [ 121.016906425431941, 14.631618993435357 ], [ 121.017507783813798, 14.632009084010766 ], [ 121.018606903498991, 14.632686339957976 ], [ 121.018130464503614, 14.633447454798201 ], [ 121.01811667449951, 14.633539071831656 ], [ 121.01806230266331, 14.633660168273114 ], [ 121.017993860764008, 14.633871704788717 ], [ 121.017956643073546, 14.634151384742639 ], [ 121.017962137359618, 14.634421851118182 ], [ 121.017983988210574, 14.634639974951206 ], [ 121.018084218283747, 14.635311485446879 ], [ 121.01815562921324, 14.635711170587525 ], [ 121.018235237730195, 14.636284511719818 ], [ 121.018253452779078, 14.636487067043426 ], [ 121.018257622069783, 14.636651853294879 ], [ 121.018240142615426, 14.636917821253451 ], [ 121.018213320603664, 14.637072023079586 ], [ 121.018188598059737, 14.63716227998772 ], [ 121.018090996480282, 14.637390948231985 ], [ 121.018028301745275, 14.6374996520208 ], [ 121.017963435184569, 14.637591752637713 ], [ 121.017844066217009, 14.63774878561081 ], [ 121.017588078349078, 14.638055633113298 ], [ 121.017259730611741, 14.638483234844612 ], [ 121.016947972202303, 14.638861641160943 ], [ 121.016656372202334, 14.639241841178908 ], [ 121.016600997070967, 14.639333114724552 ], [ 121.016509472202998, 14.639526551471651 ], [ 121.016433634186797, 14.639803236771737 ], [ 121.016365066983894, 14.639965325430914 ], [ 121.016310160844924, 14.640347235575852 ], [ 121.016316483876352, 14.640398046049816 ], [ 121.016075236995505, 14.640351542427759 ], [ 121.016001309598295, 14.640292590516221 ], [ 121.015911378251886, 14.640274708854198 ], [ 121.015822081233097, 14.640267318317726 ], [ 121.015687357332922, 14.640274487106314 ], [ 121.014753362328634, 14.640139208931679 ], [ 121.014206640372919, 14.640082939224298 ], [ 121.013467774358531, 14.639987395336117 ], [ 121.013131509691561, 14.639936231459428 ] ] } },
{ "type": "Feature", "properties": { }, "geometry": { "type": "LineString", "coordinates": [ [ 121.013341268392878, 14.628152530475457 ], [ 121.013276314316698, 14.628215748030634 ], [ 121.011130342908899, 14.626272537543016 ], [ 121.010830509882155, 14.625967670714942 ], [ 121.010610614959333, 14.625776436018398 ], [ 121.009208087211832, 14.624491987994299 ], [ 121.0088030755511, 14.624097906354129 ], [ 121.008077164638749, 14.623440667104148 ], [ 121.009524324490144, 14.621935098621455 ], [ 121.0095427003628, 14.621868588096607 ], [ 121.009770197520268, 14.619342419787984 ], [ 121.009825213743582, 14.61846292127661 ], [ 121.010295835724378, 14.618502790435816 ], [ 121.010489132766821, 14.618563118421543 ], [ 121.014769074606022, 14.618925750376162 ], [ 121.014749576735042, 14.619316902626011 ], [ 121.014784475693901, 14.619803481392704 ], [ 121.014949264855858, 14.621064198464349 ], [ 121.015417783054033, 14.6249997464088 ], [ 121.015391462902969, 14.625509364129368 ], [ 121.01532808011504, 14.625717113333613 ], [ 121.015229506723756, 14.625994847846169 ], [ 121.01508871466315, 14.6262433919791 ], [ 121.014891245655264, 14.626529481633405 ], [ 121.014666402185497, 14.626804312460276 ], [ 121.013341268392878, 14.628152530475457 ] ] } },
{ "type": "Feature", "properties": { }, "geometry": { "type": "LineString", "coordinates": [ [ 121.013388415769654, 14.628365858916496 ], [ 121.013355293305722, 14.628398408944285 ], [ 121.013244363381915, 14.628296445548484 ], [ 121.013277184777493, 14.628264337663182 ], [ 121.013388415769654, 14.628365858916496 ] ] } },
{ "type": "Feature", "properties": { }, "geometry": { "type": "LineString", "coordinates": [ [ 121.013453785898434, 14.628301635836342 ], [ 121.013413631832194, 14.628341078645198 ], [ 121.013302460277089, 14.628239611629038 ], [ 121.014693056576462, 14.626827641577229 ], [ 121.014920770769578, 14.626549311079966 ], [ 121.015119059495774, 14.626262027513336 ], [ 121.015262433315257, 14.626008926515617 ], [ 121.015362192225766, 14.625728046351295 ], [ 121.015427011878742, 14.625515215260481 ], [ 121.015453652535967, 14.624997246719781 ], [ 121.014984945157821, 14.621060084549818 ], [ 121.014820188096579, 14.619799606637205 ], [ 121.01478549601562, 14.619315512539194 ], [ 121.014804846113648, 14.618929692252559 ], [ 121.014968126770555, 14.618951326937889 ], [ 121.014932835234646, 14.619307272358249 ], [ 121.01496587376235, 14.619793966564187 ], [ 121.015131772448072, 14.621043462696795 ], [ 121.015524358243269, 14.624308060084569 ], [ 121.015598698809441, 14.624999875231117 ], [ 121.015586370543815, 14.625318222865074 ], [ 121.015560117590098, 14.625549248860219 ], [ 121.015389304292327, 14.626088995957463 ], [ 121.015314236753994, 14.626242403468119 ], [ 121.015165122687705, 14.626514486945091 ], [ 121.014814437109848, 14.62695448216321 ], [ 121.014053337959709, 14.627702164066518 ], [ 121.013605744002533, 14.628160550726047 ], [ 121.013453785898434, 14.628301635836342 ] ] } },
{ "type": "Feature", "properties": { }, "geometry": { "type": "LineString", "coordinates": [ [ 121.014596662888906, 14.618876281234902 ], [ 121.010494306784466, 14.618528654390067 ], [ 121.010387202807294, 14.618494967558609 ], [ 121.010490540401335, 14.618485450334411 ], [ 121.014777159654287, 14.618815907394172 ], [ 121.014771343381852, 14.618891039949276 ], [ 121.014596662888906, 14.618876281234902 ] ] } },
{ "type": "Feature", "properties": { }, "geometry": { "type": "LineString", "coordinates": [ [ 121.014977738599569, 14.618840593998865 ], [ 121.014971495335715, 14.618916679490097 ], [ 121.014807078289692, 14.618894894229774 ], [ 121.014812897647815, 14.618819721816191 ], [ 121.014977738599569, 14.618840593998865 ] ] } },
{ "type": "Feature", "properties": { }, "geometry": { "type": "LineString", "coordinates": [ [ 121.014994659335628, 14.629929314489935 ], [ 121.01338134908039, 14.628422358609175 ], [ 121.013414560389606, 14.628389721275123 ], [ 121.014806641282817, 14.629664617545371 ], [ 121.015028341228927, 14.629851103434923 ], [ 121.015115246863175, 14.629898590816788 ], [ 121.015648837029218, 14.630388213601927 ], [ 121.015801191684687, 14.630518716674318 ], [ 121.016359771237646, 14.63095391537086 ], [ 121.017003596239462, 14.631411007995203 ], [ 121.017516967168163, 14.631741059920248 ], [ 121.017834693852066, 14.631959928496819 ], [ 121.018756977571186, 14.632533118333455 ], [ 121.025200435043303, 14.636511953703074 ], [ 121.026078210696326, 14.63704316312039 ], [ 121.025981979090218, 14.63717297342013 ], [ 121.025210922355413, 14.636681599135626 ], [ 121.021793998080653, 14.634639265619247 ], [ 121.020160259946792, 14.633601543011297 ], [ 121.017527190709927, 14.63197982298632 ], [ 121.016926809923504, 14.631590360787383 ], [ 121.016615085999575, 14.631371864561611 ], [ 121.01621702473831, 14.631061241235344 ], [ 121.015688335966985, 14.630609892280033 ], [ 121.015036257220913, 14.630013538262686 ], [ 121.014994659335628, 14.629929314489935 ] ] } },
{ "type": "Feature", "properties": { }, "geometry": { "type": "LineString", "coordinates": [ [ 121.015068507473373, 14.618937298779363 ], [ 121.015007024514148, 14.618922974214506 ], [ 121.015013101871773, 14.618848910594116 ], [ 121.015072960651636, 14.618867920289764 ], [ 121.015413279821118, 14.619017660739093 ], [ 121.015068507473373, 14.618937298779363 ] ] } },
{ "type": "Feature", "properties": { }, "geometry": { "type": "LineString", "coordinates": [ [ 121.015821642309703, 14.640302092007341 ], [ 121.015905595361303, 14.640309039170743 ], [ 121.015989879568579, 14.640328149081375 ], [ 121.015916062669532, 14.640329889182112 ], [ 121.015817754274678, 14.640317332960397 ], [ 121.015764840249844, 14.640302761251 ], [ 121.015821642309703, 14.640302092007341 ] ] } },
{ "type": "Feature", "properties": { }, "geometry": { "type": "LineString", "coordinates": [ [ 121.016402489197148, 14.640409344533978 ], [ 121.016353651551242, 14.640404893812205 ], [ 121.016346106588898, 14.640349201098559 ], [ 121.016399844029024, 14.639974503867791 ], [ 121.0164361227895, 14.639886444013474 ], [ 121.016438119417472, 14.639975824137268 ], [ 121.016402489197148, 14.640409344533978 ] ] } },
{ "type": "Feature", "properties": { }, "geometry": { "type": "LineString", "coordinates": [ [ 121.016407127079717, 14.640521970042176 ], [ 121.016438731384596, 14.640818001862192 ], [ 121.016438616401004, 14.640868824624066 ], [ 121.016413838573797, 14.640783630169908 ], [ 121.016358193040304, 14.640440227491561 ], [ 121.016401953095951, 14.640444215476602 ], [ 121.016407127079717, 14.640521970042176 ] ] } },
{ "type": "Feature", "properties": { }, "geometry": { "type": "LineString", "coordinates": [ [ 121.017201076260974, 14.607936546268215 ], [ 121.017166071526191, 14.608224272352734 ], [ 121.017111756900093, 14.609032916657728 ], [ 121.016812912932281, 14.614839566027275 ], [ 121.016726709757634, 14.61532264225424 ], [ 121.016598421572155, 14.615709099225306 ], [ 121.016469136644474, 14.61601039867217 ], [ 121.016271587596194, 14.616396132380018 ], [ 121.015316382315504, 14.617802857311176 ], [ 121.015210302511562, 14.617992219693685 ], [ 121.01510955265924, 14.618222528418581 ], [ 121.015046622654012, 14.618392702160008 ], [ 121.014997522653999, 14.618617302163686 ], [ 121.014980509422728, 14.618805879079597 ], [ 121.014815879321404, 14.618785033591541 ], [ 121.014850473323406, 14.618568565244221 ], [ 121.014915786614097, 14.618317567069306 ], [ 121.01496627812233, 14.618164306994036 ], [ 121.015082081772974, 14.6178965172729 ], [ 121.015176663942157, 14.617732607865564 ], [ 121.015335717150705, 14.617492251072949 ], [ 121.015890479419681, 14.616714584903102 ], [ 121.015982972119033, 14.616555245381855 ], [ 121.016139360807955, 14.61631167450275 ], [ 121.016339100358536, 14.615931698566046 ], [ 121.016471799101993, 14.615644563976 ], [ 121.016592279847714, 14.615336292084359 ], [ 121.016688940364787, 14.614818033889714 ], [ 121.016763846184929, 14.613449122551591 ], [ 121.016859646184869, 14.611492022558908 ], [ 121.016995935838253, 14.608348764870746 ], [ 121.017014867570254, 14.608121185525741 ], [ 121.017060523939904, 14.607800537364968 ] ] } },
{ "type": "Feature", "properties": { }, "geometry": { "type": "LineString", "coordinates": [ [ 121.018669227129223, 14.632725255290531 ], [ 121.018257197313915, 14.633343836305988 ], [ 121.018186744865176, 14.633466943243112 ], [ 121.018159229325278, 14.633494254058029 ], [ 121.018163877725655, 14.633461176309963 ], [ 121.018637175523395, 14.632705235676903 ], [ 121.018669227129223, 14.632725255290531 ] ] } },
{ "type": "Feature", "properties": { }, "geometry": { "type": "LineString", "coordinates": [ [ 121.021048946433481, 14.631261392489574 ], [ 121.021018306200844, 14.631307880884025 ], [ 121.020995595073813, 14.631367152528675 ], [ 121.020846591792079, 14.631165194810485 ], [ 121.020730343284129, 14.631069558558972 ], [ 121.020860975340923, 14.631110261004961 ], [ 121.021105508699947, 14.631209341986393 ], [ 121.021048946433481, 14.631261392489574 ] ] } },
{ "type": "Feature", "properties": { }, "geometry": { "type": "LineString", "coordinates": [ [ 121.021425577414732, 14.631224444373307 ], [ 121.021487120318767, 14.631276629450099 ], [ 121.021526195366363, 14.631337679546627 ], [ 121.021538643445481, 14.63137165437816 ], [ 121.021549204528895, 14.631423274792787 ], [ 121.021545321631493, 14.631478312717144 ], [ 121.021536398610181, 14.631515713466667 ], [ 121.021502316612398, 14.631583778446327 ], [ 121.021477993562598, 14.631613340308274 ], [ 121.021416971536212, 14.631660511819499 ], [ 121.021330941824985, 14.631690797407117 ], [ 121.021278349660946, 14.631694634202301 ], [ 121.021225822346111, 14.631688244474775 ], [ 121.021150124982185, 14.63165892075353 ], [ 121.021116614271861, 14.6316359874447 ], [ 121.021062494399743, 14.631576624426467 ], [ 121.021029840137942, 14.631504109774637 ], [ 121.02102247261729, 14.6314166022467 ], [ 121.021031830943784, 14.631368874782362 ], [ 121.021050365735888, 14.631323754734241 ], [ 121.021077318951356, 14.631282856975059 ], [ 121.021111840043673, 14.631247681012974 ], [ 121.02115278858895, 14.631219411491553 ], [ 121.021228720501156, 14.631190841335567 ], [ 121.021310270836636, 14.631186255147876 ], [ 121.021350596860827, 14.631193085309215 ], [ 121.021425577414732, 14.631224444373307 ] ] } },
{ "type": "Feature", "properties": { }, "geometry": { "type": "LineString", "coordinates": [ [ 121.023908558453556, 14.621699506763569 ], [ 121.02382056809617, 14.62167290273414 ], [ 121.023759933911805, 14.621644176928211 ], [ 121.023833756973744, 14.621649858961227 ], [ 121.024571551949094, 14.621885688422624 ], [ 121.024599790195907, 14.621902032772466 ], [ 121.024539417851642, 14.621893107819163 ], [ 121.024031769935988, 14.621742199120845 ], [ 121.023908558453556, 14.621699506763569 ] ] } },
{ "type": "Feature", "properties": { }, "geometry": { "type": "LineString", "coordinates": [ [ 121.024447879392767, 14.630780735232015 ], [ 121.021826216446314, 14.631347927298803 ], [ 121.021695014251847, 14.63138181117667 ], [ 121.021581496394504, 14.631401190175197 ], [ 121.021559633701031, 14.631324891516909 ], [ 121.021537679181804, 14.631284968165398 ], [ 121.021727711791812, 14.631287773602272 ], [ 121.021909545607613, 14.631261694181687 ], [ 121.022198971990093, 14.63121171674103 ], [ 121.022882571990095, 14.631073616751742 ], [ 121.025518333128801, 14.630499440078671 ], [ 121.027664673316025, 14.630020908295903 ], [ 121.028645923892697, 14.629794165948869 ], [ 121.029727681684975, 14.629575573239762 ], [ 121.033801648869769, 14.628702663314154 ], [ 121.033871194091205, 14.628689091557307 ], [ 121.033883432358436, 14.628734580964952 ], [ 121.024447879392767, 14.630780735232015 ] ] } },
{ "type": "Feature", "properties": { }, "geometry": { "type": "LineString", "coordinates": [ [ 121.025017699361399, 14.630572952717172 ], [ 121.022875118191394, 14.631039605432344 ], [ 121.02219188504111, 14.631177631332545 ], [ 121.021725466022076, 14.631253060094805 ], [ 121.021645329011633, 14.631255701974473 ], [ 121.021508900924317, 14.631248452835564 ], [ 121.021445960435599, 14.631195779027474 ], [ 121.021404865112714, 14.631174615515564 ], [ 121.021315097897912, 14.631151776678202 ], [ 121.021221091323397, 14.631156811406486 ], [ 121.02114265831807, 14.631185537159839 ], [ 121.020872907072501, 14.631077453091425 ], [ 121.020657384622012, 14.631010300411168 ], [ 121.019288765430545, 14.630191267076604 ], [ 121.018904935629109, 14.629936239871805 ], [ 121.018827301810916, 14.629820071569382 ], [ 121.018814732540747, 14.629812927802723 ], [ 121.01581806104187, 14.630486733093994 ], [ 121.015673339218012, 14.630362781081882 ], [ 121.015137704381786, 14.629871311254165 ], [ 121.015049112210548, 14.629822623290456 ], [ 121.014831080332087, 14.629639127173814 ], [ 121.013439776452117, 14.628364941006518 ], [ 121.013631558257657, 14.628184739782192 ], [ 121.014079278174904, 14.627726224312815 ], [ 121.014841187839806, 14.626977709484949 ], [ 121.015194576190567, 14.626534454233882 ], [ 121.015346172670021, 14.62625834426937 ], [ 121.015423035263566, 14.626101023593382 ], [ 121.015595411597957, 14.625556137319046 ], [ 121.015622253705928, 14.625320150945187 ], [ 121.015634570199026, 14.624997504294878 ], [ 121.015560069740772, 14.62430420002468 ], [ 121.015167447143753, 14.62103930108133 ], [ 121.015001592657768, 14.619790145117003 ], [ 121.014968820591662, 14.619307728349197 ], [ 121.015003526102134, 14.618957922132156 ], [ 121.015587206073548, 14.619093964515345 ], [ 121.016435526698032, 14.619350758703959 ], [ 121.023660426561392, 14.62163574736317 ], [ 121.023807251264657, 14.621705250235804 ], [ 121.024020825075141, 14.621775318271258 ], [ 121.024530120819065, 14.621926716994389 ], [ 121.024683607235644, 14.621949595886484 ], [ 121.026414047184872, 14.622459865763275 ], [ 121.030968034046523, 14.623887428996623 ], [ 121.031354010916417, 14.623975732862718 ], [ 121.031485170218957, 14.623991749856641 ], [ 121.032909385825008, 14.624104369644485 ], [ 121.033392200475234, 14.626391405333452 ], [ 121.033389410175872, 14.626563240148471 ], [ 121.033818514238632, 14.628497158963867 ], [ 121.033862026351059, 14.628655412766385 ], [ 121.029720022588464, 14.629541604433372 ], [ 121.028637826683976, 14.629760291685329 ], [ 121.027656431102884, 14.62998706757422 ], [ 121.025017699361399, 14.630572952717172 ] ] } },
{ "type": "Feature", "properties": { }, "geometry": { "type": "LineString", "coordinates": [ [ 121.025219724432091, 14.636482621274272 ], [ 121.017854438851629, 14.631930878167863 ], [ 121.017536910265065, 14.63171213665419 ], [ 121.017024218457223, 14.631382535345521 ], [ 121.016381353886374, 14.630926115459513 ], [ 121.01585308960523, 14.630514537577788 ], [ 121.018804473611056, 14.62984990847994 ], [ 121.018880218358944, 14.629961889797052 ], [ 121.019268729691291, 14.630220130353043 ], [ 121.020639205415961, 14.631040300676744 ], [ 121.020820324921843, 14.63118908092615 ], [ 121.020915575213223, 14.631312374943843 ], [ 121.02098655217776, 14.63141981968684 ], [ 121.02099541627193, 14.631514170087996 ], [ 121.021031444786658, 14.631594175843752 ], [ 121.021061184314092, 14.631632371737362 ], [ 121.021130525304983, 14.631688092430899 ], [ 121.021174856123963, 14.63170929688191 ], [ 121.021275658863715, 14.631729347870873 ], [ 121.021335450806546, 14.631725334445806 ], [ 121.021394563614663, 14.631709428664175 ], [ 121.021435002083834, 14.631690644093862 ], [ 121.021505256015828, 14.631636027126607 ], [ 121.02155374891278, 14.631567209176975 ], [ 121.021570302566403, 14.631527304439714 ], [ 121.021585722086257, 14.631435773133115 ], [ 121.02170353536269, 14.631415595133529 ], [ 121.021834361434756, 14.631381791753169 ], [ 121.033892429381751, 14.628768259516333 ], [ 121.033969248745805, 14.629062460410019 ], [ 121.034037495604679, 14.629158043451985 ], [ 121.034240367743266, 14.630125098044571 ], [ 121.034496759050469, 14.631213265971089 ], [ 121.034723954954671, 14.632234942312595 ], [ 121.03494353157916, 14.633149849592844 ], [ 121.035203138274809, 14.634304950413565 ], [ 121.035210215566991, 14.634432439967584 ], [ 121.035205178709035, 14.634560631578349 ], [ 121.035188520491602, 14.634683331251182 ], [ 121.035139079424937, 14.634746198538748 ], [ 121.035051906372004, 14.634831813195451 ], [ 121.034951421379432, 14.63490326702253 ], [ 121.034841250176029, 14.634957915825996 ], [ 121.031475763814569, 14.635689038988907 ], [ 121.030032762843092, 14.636016438472474 ], [ 121.028292890524028, 14.636373091273564 ], [ 121.027065273877, 14.63663877560518 ], [ 121.026923678912226, 14.636643096686456 ], [ 121.026771178912242, 14.636657296687575 ], [ 121.026621948678653, 14.6366807624669 ], [ 121.026436014978586, 14.636756497178315 ], [ 121.026290544065859, 14.636834840752233 ], [ 121.026171941503378, 14.636925026846756 ], [ 121.02609932477209, 14.637014925210865 ], [ 121.025219724432091, 14.636482621274272 ] ] } },
{ "type": "Feature", "properties": { }, "geometry": { "type": "LineString", "coordinates": [ [ 121.025313179676857, 14.656499481585243 ], [ 121.024475584166638, 14.656698077511722 ] ] } },
{ "type": "Feature", "properties": { }, "geometry": { "type": "LineString", "coordinates": [ [ 121.018389751555119, 14.653156458173163 ], [ 121.018169092908323, 14.651697081940631 ], [ 121.017967890602975, 14.650287574984223 ], [ 121.017657408674211, 14.648314910533731 ], [ 121.017654453656164, 14.648249633527485 ], [ 121.017486870966167, 14.647258120169656 ], [ 121.017457602383445, 14.647024331524763 ], [ 121.017320257101886, 14.646223554790412 ], [ 121.017233593060766, 14.645674776345036 ], [ 121.017161740338608, 14.645147951772561 ], [ 121.017057267875501, 14.644528613590001 ], [ 121.016940107850189, 14.643759862160698 ], [ 121.016763764580318, 14.642764882236023 ], [ 121.016643033072668, 14.641979008181487 ], [ 121.016474269617973, 14.640992355002519 ], [ 121.016474542810826, 14.640814965370241 ], [ 121.016436913841403, 14.640428458548989 ], [ 121.016474014885659, 14.63997761421138 ], [ 121.016468848989263, 14.639810191129131 ], [ 121.016543465394605, 14.639537850142045 ], [ 121.016632338137413, 14.639350131533119 ], [ 121.016685809548306, 14.639261800311003 ], [ 121.016976636515352, 14.638882608240419 ], [ 121.01728811136384, 14.638504559177161 ], [ 121.017616706489378, 14.638076647087704 ], [ 121.017872279875036, 14.637770318721067 ], [ 121.017992946851408, 14.637611588898528 ], [ 121.018059288870916, 14.637517270705777 ], [ 121.018122788870954, 14.637407170710029 ], [ 121.018223066756889, 14.637172153221275 ], [ 121.018248617151627, 14.63707858495474 ], [ 121.018275918794416, 14.636921163360407 ], [ 121.01829354123069, 14.636653018090362 ], [ 121.018289298683257, 14.636484593207635 ], [ 121.018270906335758, 14.636280285443364 ], [ 121.018191206335715, 14.63570628543731 ], [ 121.018119750934218, 14.635306308387486 ], [ 121.018019652276152, 14.634635721805907 ], [ 121.017998048732991, 14.634420482816472 ], [ 121.017992486371114, 14.634154085413739 ], [ 121.01802869549357, 14.633880320674685 ], [ 121.0180961351587, 14.633671889961198 ], [ 121.018149040187922, 14.633554174565154 ], [ 121.018216188448264, 14.633487129757718 ], [ 121.018287869490422, 14.633361953785174 ], [ 121.018699505675656, 14.632743977684676 ], [ 121.020140815974997, 14.633630780431199 ], [ 121.021774755813681, 14.634668627743473 ], [ 121.025191914420134, 14.636711103588169 ], [ 121.025962474770168, 14.637202174523633 ], [ 121.025897146507106, 14.637322352115747 ], [ 121.025876292286313, 14.637392044286729 ], [ 121.025868057844704, 14.637458959964812 ], [ 121.025865252997136, 14.637542305580327 ], [ 121.025874952997128, 14.637744605579584 ], [ 121.025902383802929, 14.63788891499121 ], [ 121.025925345425264, 14.637958176765876 ], [ 121.025969814592457, 14.638023887435123 ], [ 121.026148806315589, 14.638828360901384 ], [ 121.027285180126526, 14.643714429297903 ], [ 121.027520578301861, 14.644788443133583 ], [ 121.027714014710881, 14.645626343410662 ], [ 121.02769988603869, 14.645725075988574 ], [ 121.028218735925293, 14.647931762461722 ], [ 121.028395896825188, 14.648771377112658 ], [ 121.028900192454756, 14.650953406780792 ], [ 121.029666141945896, 14.654318784776333 ], [ 121.029787719123107, 14.654869275845886 ], [ 121.029802464765922, 14.655014193288576 ], [ 121.0297578672604, 14.655189643294767 ], [ 121.029673857890003, 14.655339769198507 ], [ 121.029555955993132, 14.655481041033076 ], [ 121.02944140853819, 14.6555722892532 ], [ 121.029383704065395, 14.655605910846894 ], [ 121.025313179676857, 14.656499481585243 ] ] } },
{ "type": "Feature", "properties": { }, "geometry": { "type": "LineString", "coordinates": [ [ 121.02590299852622, 14.656642183464829 ], [ 121.024781561846638, 14.656905391293403 ] ] } },
{ "type": "Feature", "properties": { }, "geometry": { "type": "LineString", "coordinates": [ [ 121.005392718831743, 14.644702902980184 ], [ 121.005411701550031, 14.644691121624438 ], [ 121.005584799285117, 14.644542887186102 ], [ 121.005665138147663, 14.644436013129532 ], [ 121.005820118740957, 14.64419792269538 ], [ 121.005870655316073, 14.644072273760258 ], [ 121.005934867329614, 14.643838150994611 ], [ 121.005976347293924, 14.643628261143087 ], [ 121.006030178338904, 14.643002545387207 ], [ 121.006077059714059, 14.642620811300066 ], [ 121.006650151106342, 14.63993352045337 ], [ 121.006712587557402, 14.63967168378654 ], [ 121.006900843761827, 14.639323752194342 ], [ 121.00699577483168, 14.639181028250022 ], [ 121.007771259466466, 14.639277383252953 ], [ 121.009976244288723, 14.639575406254462 ], [ 121.011344119458911, 14.63974558478016 ], [ 121.011989080938406, 14.639837783456672 ], [ 121.012065176824038, 14.639875183126613 ], [ 121.01233856229895, 14.639903660777998 ], [ 121.013011975439056, 14.639995342569563 ], [ 121.013126713658892, 14.639970696555471 ], [ 121.013462819951854, 14.640021829789086 ], [ 121.014202119951847, 14.640117429781583 ], [ 121.014748417830162, 14.640173646180056 ], [ 121.015682105904816, 14.640308879925701 ], [ 121.015811748686517, 14.640351633456076 ], [ 121.015913775015449, 14.640364635628863 ], [ 121.015993097970636, 14.640362849461612 ], [ 121.01606320289342, 14.640384569095058 ], [ 121.016321348439675, 14.640434955354158 ], [ 121.016378605396127, 14.640790511665143 ], [ 121.016438746541496, 14.64099761864804 ], [ 121.01652987960361, 14.641522667196799 ], [ 121.016728292149793, 14.642770437852597 ], [ 121.016904627146275, 14.64376537107143 ], [ 121.017021770248107, 14.644534011459838 ], [ 121.017126210079311, 14.645153148625049 ], [ 121.017198050818365, 14.645679894243154 ], [ 121.017337048999607, 14.646552782992641 ], [ 121.017422087719794, 14.647029655014229 ], [ 121.017451389485913, 14.647263622722662 ], [ 121.017618791976304, 14.648254004405121 ], [ 121.017621741643197, 14.648319237009488 ], [ 121.017932330924523, 14.650292572845306 ], [ 121.018133539504362, 14.65170212345123 ], [ 121.01835126683325, 14.65313884827388 ] ] } },
{ "type": "Feature", "properties": { }, "geometry": { "type": "LineString", "coordinates": [ [ 121.024513884937519, 14.656724784836015 ], [ 121.025321355390091, 14.656533333214862 ], [ 121.029563010834394, 14.655602864960471 ], [ 121.029732856354585, 14.655558787847903 ], [ 121.029814784892451, 14.655528747104146 ], [ 121.029869591018908, 14.655504512725141 ], [ 121.029946266687702, 14.655455826045056 ], [ 121.030000994587311, 14.655413203669397 ], [ 121.030102673429781, 14.655304265446347 ], [ 121.030378582486094, 14.654913093742305 ], [ 121.032113300993529, 14.652261118362915 ], [ 121.032916096510021, 14.651063824086529 ], [ 121.03508188278569, 14.647764093587334 ], [ 121.037312389743576, 14.644326349958314 ], [ 121.037472752615955, 14.644422922960564 ], [ 121.035391865100635, 14.647637832339287 ], [ 121.03493095117868, 14.648321604670762 ], [ 121.034900107638705, 14.64842682426098 ], [ 121.034466098148513, 14.64907927661559 ], [ 121.034369180008227, 14.649149363612864 ], [ 121.033301580008242, 14.650796063682272 ], [ 121.032312310892664, 14.652395414928687 ], [ 121.031218299721687, 14.654037181694276 ], [ 121.030568566214924, 14.65502878255155 ], [ 121.030354889613335, 14.655342654413099 ], [ 121.030194641961202, 14.6555367274305 ], [ 121.030038946516257, 14.655656466625523 ], [ 121.029976496526558, 14.655690565686214 ], [ 121.029790770907567, 14.655766173598764 ], [ 121.029701830559958, 14.655791966301523 ], [ 121.029328914003216, 14.655880272908263 ], [ 121.02590299852622, 14.656642183464829 ] ] } },
{ "type": "Feature", "properties": { }, "geometry": { "type": "LineString", "coordinates": [ [ 121.02600212596586, 14.637387045458597 ], [ 121.025973290435644, 14.637464653127244 ], [ 121.025956886930075, 14.63754376280443 ], [ 121.025949486382416, 14.637636569691265 ], [ 121.02595219433617, 14.637756819375067 ], [ 121.02598194235091, 14.637950248756978 ], [ 121.025977550030873, 14.637971917538025 ], [ 121.025957574238916, 14.637942458729176 ], [ 121.025937421592232, 14.637881145250628 ], [ 121.025914346223786, 14.637769712914032 ], [ 121.025901179824217, 14.637541378931379 ], [ 121.025911567807654, 14.637398967507359 ], [ 121.025931289748954, 14.637333259772548 ], [ 121.025992500566161, 14.637221386272421 ], [ 121.026068249050638, 14.637270275842125 ], [ 121.02600212596586, 14.637387045458597 ] ] } },
{ "type": "Feature", "properties": { }, "geometry": { "type": "LineString", "coordinates": [ [ 121.026011972532459, 14.637192164187082 ], [ 121.026108251368456, 14.637062290188553 ], [ 121.02617741418203, 14.63710887146881 ], [ 121.026086930577378, 14.637240536194035 ], [ 121.026011972532459, 14.637192164187082 ] ] } },
{ "type": "Feature", "properties": { }, "geometry": { "type": "LineString", "coordinates": [ [ 121.026129327011802, 14.637034126216138 ], [ 121.026196751248946, 14.636950202771274 ], [ 121.026259763130753, 14.636897963156978 ], [ 121.026358457210492, 14.636834190104775 ], [ 121.02653621020626, 14.636750313359743 ], [ 121.026631799156306, 14.636714271627181 ], [ 121.026668539477498, 14.636707436219108 ], [ 121.026957532137544, 14.636676819425819 ], [ 121.026855216592125, 14.636713335917944 ], [ 121.026570093524825, 14.636795934647676 ], [ 121.026426113880802, 14.636855703630896 ], [ 121.026301459213556, 14.63695578633078 ], [ 121.026197766859084, 14.637080219498426 ], [ 121.026129327011802, 14.637034126216138 ] ] } },
{ "type": "Feature", "properties": { }, "geometry": { "type": "LineString", "coordinates": [ [ 121.026155987875214, 14.638685115154306 ], [ 121.02600503232928, 14.638016982820753 ], [ 121.026018115123591, 14.637949188815798 ], [ 121.025987940352096, 14.637753148584771 ], [ 121.025985381240929, 14.637638382293126 ], [ 121.025992628237006, 14.637547501046001 ], [ 121.026008246988482, 14.637472802670453 ], [ 121.026034923240317, 14.637401376041632 ], [ 121.026098133659872, 14.637289853579329 ], [ 121.026383999611923, 14.637478454040991 ], [ 121.028779739318338, 14.638935517779789 ], [ 121.029894730981155, 14.639626450986158 ], [ 121.030295204210006, 14.639866696636389 ], [ 121.031989362834125, 14.640919608589259 ], [ 121.032812010244996, 14.641417299740869 ], [ 121.034542303541144, 14.642483872255873 ], [ 121.034570785411603, 14.642502169152515 ], [ 121.034619385158422, 14.642571365117128 ], [ 121.034667662337526, 14.642600282993882 ], [ 121.03477830603515, 14.642742672881512 ], [ 121.036970813831786, 14.644120877692107 ], [ 121.03721779071499, 14.644269350735041 ], [ 121.035667958382518, 14.646659596948933 ], [ 121.035672728384895, 14.646792206075448 ], [ 121.032885856689461, 14.651045046086958 ], [ 121.032083021093328, 14.652242400673819 ], [ 121.030348386452161, 14.654894247940394 ], [ 121.030330173829697, 14.654920041895116 ], [ 121.030205604644721, 14.654983716986989 ], [ 121.030161648982954, 14.654997364891575 ], [ 121.030084519047421, 14.65500393471731 ], [ 121.030053161201565, 14.654999609496857 ], [ 121.030011520721374, 14.65497687687826 ], [ 121.029951342979246, 14.654909492146199 ], [ 121.029933922271411, 14.654841046849633 ], [ 121.029813632022197, 14.65428290136049 ], [ 121.028699531631318, 14.64944549958846 ], [ 121.028514599743289, 14.648661864409865 ], [ 121.028393795268428, 14.648228507320852 ], [ 121.027856330688934, 14.645868195459403 ], [ 121.027813408037801, 14.645702022328674 ], [ 121.027748906942961, 14.645618034045491 ], [ 121.027725209270798, 14.645521702042265 ], [ 121.027372957090876, 14.643964708300844 ], [ 121.027320311537792, 14.643707113739488 ], [ 121.026155987875214, 14.638685115154306 ] ] } },
{ "type": "Feature", "properties": { }, "geometry": { "type": "LineString", "coordinates": [ [ 121.024827122461744, 14.656930469295951 ], [ 121.025911203006828, 14.656676022857791 ], [ 121.029336915998954, 14.655914163821249 ], [ 121.029705311438065, 14.655827028874054 ], [ 121.029783594028729, 14.655859349114094 ], [ 121.0299048494728, 14.655894105693664 ], [ 121.029965350601614, 14.655902446125857 ], [ 121.030024158795982, 14.655901679929256 ], [ 121.030134832933456, 14.6558898443381 ], [ 121.03024104861953, 14.655859567957032 ], [ 121.030287582588556, 14.655837897073575 ], [ 121.030383810372271, 14.655777797113453 ], [ 121.030507198192083, 14.655681938133394 ], [ 121.030561393765581, 14.655651435140156 ], [ 121.030810073599511, 14.65557906330849 ], [ 121.035078205742508, 14.654638667609717 ], [ 121.036166043339676, 14.659476392954922 ], [ 121.03639504788778, 14.660534751801256 ], [ 121.036501500805443, 14.661190676107562 ], [ 121.036541224111289, 14.661498980857781 ], [ 121.036567261820736, 14.661808440528899 ], [ 121.036579632187241, 14.662118697300166 ], [ 121.036578235487113, 14.662429263541174 ], [ 121.036564178052572, 14.662725566347492 ], [ 121.036497917128841, 14.663318621578423 ], [ 121.036381636767899, 14.663904515374092 ], [ 121.036351458669984, 14.664025128170202 ], [ 121.03634097224797, 14.664065314148086 ] ] } },
{ "type": "Feature", "properties": { }, "geometry": { "type": "LineString", "coordinates": [ [ 121.026537176266515, 14.637332517244257 ], [ 121.027820989690639, 14.638135587202122 ], [ 121.030393132396171, 14.639715651854301 ], [ 121.031357071237551, 14.640299476144467 ], [ 121.033024642973885, 14.641337996203939 ], [ 121.034652390398278, 14.642361590974543 ], [ 121.034707881709892, 14.642428682023366 ], [ 121.037358127918608, 14.644055940677738 ], [ 121.03733021289834, 14.644098225365356 ], [ 121.03468006129691, 14.642483783175377 ], [ 121.034589970788033, 14.642472762835684 ], [ 121.032831254395091, 14.641387940107615 ], [ 121.032008735484069, 14.640890327965041 ], [ 121.030314517410446, 14.639837379030789 ], [ 121.029913967701745, 14.639597086419066 ], [ 121.028798948148477, 14.638906136092512 ], [ 121.026403315580311, 14.637449135955331 ], [ 121.026116692915167, 14.637260018207131 ], [ 121.026207380208845, 14.637128057101103 ], [ 121.026537176266515, 14.637332517244257 ] ] } },
{ "type": "Feature", "properties": { }, "geometry": { "type": "LineString", "coordinates": [ [ 121.028898774637071, 14.650788990323877 ], [ 121.028431037677549, 14.648764112508571 ], [ 121.028253820597627, 14.64792425222775 ], [ 121.027735673085601, 14.645720534888524 ], [ 121.027743695376813, 14.645669063011653 ], [ 121.027779953706542, 14.64571554369995 ], [ 121.027821316010332, 14.645876005966274 ], [ 121.028358691238296, 14.648235950540061 ], [ 121.028479671582915, 14.648670032461526 ], [ 121.028633995090672, 14.649321515800194 ], [ 121.029778539000191, 14.654290373457702 ], [ 121.029917254798463, 14.654920955953575 ], [ 121.029969153682075, 14.654987168070379 ], [ 121.030045064198305, 14.655033607798359 ], [ 121.030108358704865, 14.655040981263364 ], [ 121.03016886747838, 14.655031443067195 ], [ 121.030219568433694, 14.655015821116612 ], [ 121.030288168963381, 14.654980830764549 ], [ 121.030074012822126, 14.655283282072521 ], [ 121.029975978977561, 14.655388224968968 ], [ 121.029925814915089, 14.655427230683383 ], [ 121.029852183516837, 14.655474042701309 ], [ 121.029722665229301, 14.655525440196167 ], [ 121.029484722081307, 14.655584139556236 ], [ 121.029534262122652, 14.655548203970758 ], [ 121.029616028842455, 14.655470378720533 ], [ 121.029703520917323, 14.65535940141689 ], [ 121.029770616338283, 14.655247462630426 ], [ 121.029804808552711, 14.655160997382755 ], [ 121.029838487038433, 14.655016630976275 ], [ 121.029823379879616, 14.654864897135383 ], [ 121.028898774637071, 14.650788990323877 ] ] } },
{ "type": "Feature", "properties": { }, "geometry": { "type": "LineString", "coordinates": [ [ 121.030565165343347, 14.655229631262365 ], [ 121.030585213135083, 14.655299839779044 ], [ 121.030643611346122, 14.655372579963139 ], [ 121.030721732180922, 14.65541942644751 ], [ 121.030803242830103, 14.65543816904407 ], [ 121.033334115335393, 14.654908085356162 ], [ 121.035055339393068, 14.654538255442958 ], [ 121.035070511663051, 14.654604708659459 ], [ 121.030800940938008, 14.655545439131933 ], [ 121.030546238703153, 14.655619832565074 ], [ 121.03048659913064, 14.655653437665421 ], [ 121.030362226490496, 14.65574999586635 ], [ 121.030270036154462, 14.655807552187786 ], [ 121.030228490240106, 14.655826978751001 ], [ 121.030126848782132, 14.655855938473307 ], [ 121.02996765294202, 14.65586770039363 ], [ 121.029861906127877, 14.655848486641773 ], [ 121.029759360524338, 14.65581157428419 ], [ 121.029993430576724, 14.655721237298474 ], [ 121.030059308756023, 14.655685127972179 ], [ 121.030219681980157, 14.655561675932956 ], [ 121.030384305067983, 14.655362622854385 ], [ 121.030592229379138, 14.655057224954644 ], [ 121.03057353126492, 14.655131429343189 ], [ 121.030565165343347, 14.655229631262365 ] ] } },
{ "type": "Feature", "properties": { }, "geometry": { "type": "LineString", "coordinates": [ [ 121.033448713992001, 14.626553908067052 ], [ 121.033571543252933, 14.627054604427427 ], [ 121.03361428446145, 14.627262657431142 ], [ 121.033583929634176, 14.627291406716484 ], [ 121.033425000026142, 14.626558068045902 ], [ 121.033426284411121, 14.626489875246662 ], [ 121.033448713992001, 14.626553908067052 ] ] } },
{ "type": "Feature", "properties": { }, "geometry": { "type": "LineString", "coordinates": [ [ 121.033604020620459, 14.650488955908383 ], [ 121.033488345040496, 14.650667367854403 ], [ 121.033379381955996, 14.65074148399129 ], [ 121.034397787614324, 14.649170662714093 ], [ 121.034452157181235, 14.649132203404028 ], [ 121.034436892075121, 14.649202327479681 ], [ 121.034069717644215, 14.649760060536268 ], [ 121.033604020620459, 14.650488955908383 ] ] } },
{ "type": "Feature", "properties": { }, "geometry": { "type": "LineString", "coordinates": [ [ 121.033817042625088, 14.628165787848376 ], [ 121.033930252835901, 14.628640505880467 ], [ 121.033897176000508, 14.628648018908548 ], [ 121.033853586397967, 14.628489581371401 ], [ 121.033597632408572, 14.627352098945256 ], [ 121.033633531640234, 14.627363828864441 ], [ 121.033817042625088, 14.628165787848376 ] ] } },
{ "type": "Feature", "properties": { }, "geometry": { "type": "LineString", "coordinates": [ [ 121.033906323271708, 14.628681654117024 ], [ 121.033938976321025, 14.628674237348278 ], [ 121.033951382032654, 14.628722121075747 ], [ 121.03391870979101, 14.628727694576222 ], [ 121.033906323271708, 14.628681654117024 ] ] } },
{ "type": "Feature", "properties": { }, "geometry": { "type": "LineString", "coordinates": [ [ 121.03396457005492, 14.62877311594627 ], [ 121.03403378498669, 14.629040938999808 ], [ 121.034035058108202, 14.629093985737498 ], [ 121.034002814846048, 14.629049355760971 ], [ 121.033927723031454, 14.628761460999938 ], [ 121.033960130601272, 14.628755932650217 ], [ 121.03396457005492, 14.62877311594627 ] ] } },
{ "type": "Feature", "properties": { }, "geometry": { "type": "LineString", "coordinates": [ [ 121.034143880912453, 14.627382016113442 ], [ 121.033894203012423, 14.627327189253982 ], [ 121.033816295078836, 14.627317846239484 ], [ 121.033736945554651, 14.627316081191056 ], [ 121.033663614250358, 14.627330098610377 ], [ 121.033654962951658, 14.62728397707586 ], [ 121.033746736356349, 14.627275352979966 ], [ 121.033896862139997, 14.627289704003577 ], [ 121.033999932440963, 14.627320312164629 ], [ 121.034117348614259, 14.627365532592323 ], [ 121.034143880912453, 14.627382016113442 ] ] } },
{ "type": "Feature", "properties": { }, "geometry": { "type": "LineString", "coordinates": [ [ 121.034537574131733, 14.654612960168642 ], [ 121.033326453235816, 14.654874121250351 ], [ 121.030800936998062, 14.65540318449013 ], [ 121.03073631835224, 14.655387631848575 ], [ 121.030667596457889, 14.655346682852878 ], [ 121.030617456406517, 14.6552843267625 ], [ 121.030600970857279, 14.655226530226738 ], [ 121.030608962007861, 14.655137261149189 ], [ 121.030667500824435, 14.65494528204843 ], [ 121.031248543825896, 14.654055952954307 ], [ 121.032342775407784, 14.652413850219174 ], [ 121.033330261506038, 14.650817391646045 ], [ 121.033516768935726, 14.650688914608946 ], [ 121.034100218111405, 14.649778440016899 ], [ 121.034468954707293, 14.649218336325074 ], [ 121.034496299090904, 14.649098113104497 ], [ 121.034929733206837, 14.648446525662417 ], [ 121.035029634064983, 14.648381567650594 ], [ 121.036158830695214, 14.646676819961428 ], [ 121.03709979574387, 14.64521597465019 ], [ 121.037578798111895, 14.644486615749644 ], [ 121.039925964625994, 14.645914632330847 ], [ 121.040075834049901, 14.645960425726118 ], [ 121.040589112591761, 14.646279778940407 ], [ 121.040374390148884, 14.646618704796348 ], [ 121.040044259015062, 14.647263771312852 ], [ 121.039651347791363, 14.648112740487887 ], [ 121.039422559995032, 14.648736009210909 ], [ 121.039306278793916, 14.649075431608763 ], [ 121.03910768686076, 14.649678307147006 ], [ 121.038965117244132, 14.650173250974763 ], [ 121.038813611507834, 14.650880954054415 ], [ 121.038654308319352, 14.651750372452668 ], [ 121.038596618591555, 14.652191312207457 ], [ 121.038533004811654, 14.652739154950382 ], [ 121.038468784261994, 14.653435396790567 ], [ 121.038492465716686, 14.653626103331007 ], [ 121.038508791529921, 14.653699907658273 ], [ 121.037886895409216, 14.653836605853071 ], [ 121.03782805713611, 14.65381864184339 ], [ 121.034747996350831, 14.654489755230921 ], [ 121.034630151139694, 14.654594288640062 ], [ 121.034537574131733, 14.654612960168642 ] ] } },
{ "type": "Feature", "properties": { }, "geometry": { "type": "LineString", "coordinates": [ [ 121.034620095358193, 14.642510811917356 ], [ 121.034664464862516, 14.642515361324657 ], [ 121.037310870620331, 14.644127524360822 ], [ 121.037283281103583, 14.644169315973635 ], [ 121.036414444811356, 14.64362643435326 ], [ 121.034644509851177, 14.642545936301564 ], [ 121.034620095358193, 14.642510811917356 ] ] } },
{ "type": "Feature", "properties": { }, "geometry": { "type": "LineString", "coordinates": [ [ 121.034760784161634, 14.654522587539278 ], [ 121.035039468740109, 14.654460955378063 ], [ 121.035048063385133, 14.654504207649248 ], [ 121.034698466279579, 14.654579620514543 ], [ 121.034760784161634, 14.654522587539278 ] ] } },
{ "type": "Feature", "properties": { }, "geometry": { "type": "LineString", "coordinates": [ [ 121.036372597166221, 14.664082720933868 ], [ 121.036416662025331, 14.663912289119006 ], [ 121.036533562263713, 14.663323067835119 ], [ 121.036599962263736, 14.662728767840186 ], [ 121.036614147411555, 14.662430496919537 ], [ 121.036615552954729, 14.662117730051504 ], [ 121.036603152954768, 14.661806730050548 ], [ 121.036577007078591, 14.661495789836447 ], [ 121.036537063931334, 14.661185698526229 ], [ 121.036430407400076, 14.660528559847073 ], [ 121.036201185144108, 14.659469138684834 ], [ 121.035113233269982, 14.654630904888704 ], [ 121.03521648355219, 14.654608026840984 ], [ 121.036155651225485, 14.658622929712994 ], [ 121.036505123379797, 14.660277837758931 ], [ 121.036621403120037, 14.660988702553743 ], [ 121.036682201755113, 14.661510720112581 ], [ 121.036693146591034, 14.661645739587971 ], [ 121.036707824228642, 14.662424344184558 ], [ 121.036690174522988, 14.662738737272152 ], [ 121.036652366617375, 14.663103847920077 ], [ 121.036596292356265, 14.66346683397761 ], [ 121.036501647526421, 14.663931572046859 ], [ 121.03646801999335, 14.664064993764923 ], [ 121.03645013121573, 14.664125396724966 ] ] } },
{ "type": "Feature", "properties": { }, "geometry": { "type": "LineString", "coordinates": [ [ 121.035051637684631, 14.642556136092619 ], [ 121.035223949107376, 14.64265792468855 ], [ 121.037389229443264, 14.64400882917602 ], [ 121.037377470086525, 14.644026641839508 ], [ 121.034729744650747, 14.642400928577961 ], [ 121.034705036019204, 14.642370323569036 ], [ 121.034745351506871, 14.642374559953629 ], [ 121.035051637684631, 14.642556136092619 ] ] } },
{ "type": "Feature", "properties": { }, "geometry": { "type": "LineString", "coordinates": [ [ 121.03510553814742, 14.654596946193902 ], [ 121.035090386503782, 14.65453058331684 ], [ 121.035193544069884, 14.654507667708776 ], [ 121.035208630975987, 14.65457410303099 ], [ 121.03510553814742, 14.654596946193902 ] ] } },
{ "type": "Feature", "properties": { }, "geometry": { "type": "LineString", "coordinates": [ [ 121.035111489396314, 14.634835277620235 ], [ 121.035118393941886, 14.634925363639692 ], [ 121.035147046908989, 14.634990175925195 ], [ 121.035082158630061, 14.634972754521861 ], [ 121.034919961957627, 14.634957941418147 ], [ 121.034971539684065, 14.63493210735659 ], [ 121.035075456340564, 14.634858145111542 ], [ 121.035114141743279, 14.634820229611107 ], [ 121.035111489396314, 14.634835277620235 ] ] } },
{ "type": "Feature", "properties": { }, "geometry": { "type": "LineString", "coordinates": [ [ 121.03518334939784, 14.654474264059928 ], [ 121.035083127848424, 14.654496527459365 ], [ 121.035074534427707, 14.654453281347841 ], [ 121.035167827136661, 14.654433093905604 ], [ 121.03518334939784, 14.654474264059928 ] ] } },
{ "type": "Feature", "properties": { }, "geometry": { "type": "LineString", "coordinates": [ [ 121.035343507957847, 14.634651033332569 ], [ 121.035426562128265, 14.634657376955783 ], [ 121.035512364388197, 14.634702944809598 ], [ 121.035554047409533, 14.634753365616925 ], [ 121.035568822211005, 14.634781899451276 ], [ 121.035584354154679, 14.634844037379954 ], [ 121.0355804849831, 14.634907976449879 ], [ 121.035556626254206, 14.634967306469385 ], [ 121.035538045430783, 14.634994197310549 ], [ 121.035517921853682, 14.63501705259613 ], [ 121.035461530449268, 14.635053716221929 ], [ 121.035398488341755, 14.635072664929485 ], [ 121.035365500000012, 14.635075067441971 ], [ 121.035303870765858, 14.635066484145575 ], [ 121.035226213490063, 14.635026789291402 ], [ 121.035173446820124, 14.634965562624505 ], [ 121.035148023405171, 14.634891870631993 ], [ 121.035147098384357, 14.634840057011948 ], [ 121.035159392361081, 14.634789195961529 ], [ 121.035200375833881, 14.634722381075166 ], [ 121.035264486631007, 14.634673860970931 ], [ 121.035343507957847, 14.634651033332569 ] ] } },
{ "type": "Feature", "properties": { }, "geometry": { "type": "LineString", "coordinates": [ [ 121.035370979342616, 14.634615326956935 ], [ 121.035307111850543, 14.634621828269783 ], [ 121.035228736139445, 14.634654057344823 ], [ 121.035241053092435, 14.634562766569953 ], [ 121.035243744198397, 14.634388201926223 ], [ 121.035335203594158, 14.634543559119871 ], [ 121.035391138664806, 14.634616890510237 ], [ 121.035370979342616, 14.634615326956935 ] ] } },
{ "type": "Feature", "properties": { }, "geometry": { "type": "LineString", "coordinates": [ [ 121.035620264549721, 14.634842256968716 ], [ 121.035602129354189, 14.634768719714314 ], [ 121.035573736964011, 14.634720100941587 ], [ 121.035629692645287, 14.634733851712605 ], [ 121.03579240216969, 14.63474691177746 ], [ 121.035620672586688, 14.634870493124897 ], [ 121.035620264549721, 14.634842256968716 ] ] } },
{ "type": "Feature", "properties": { }, "geometry": { "type": "LineString", "coordinates": [ [ 121.035647410436681, 14.654407967868954 ], [ 121.037850861561452, 14.653924754070507 ], [ 121.037896402906256, 14.653870163850412 ], [ 121.038517382518336, 14.653733671059079 ], [ 121.038545536715702, 14.653831242482131 ], [ 121.035243654084525, 14.65456632417183 ], [ 121.035228569650712, 14.654499899733914 ], [ 121.035647410436681, 14.654407967868954 ] ] } },
{ "type": "Feature", "properties": { }, "geometry": { "type": "LineString", "coordinates": [ [ 121.035813840644678, 14.646499104566296 ], [ 121.037248278123357, 14.644287750788269 ], [ 121.037281911242061, 14.644307936322724 ], [ 121.035705635499625, 14.646741570964229 ], [ 121.035701472274894, 14.646673304745882 ], [ 121.035813840644678, 14.646499104566296 ] ] } },
{ "type": "Feature", "properties": { }, "geometry": { "type": "LineString", "coordinates": [ [ 121.036659939131241, 14.645747906942955 ], [ 121.037503264345517, 14.644441285103555 ], [ 121.037548241128107, 14.644468321359057 ], [ 121.037069337805121, 14.645197528865152 ], [ 121.036128423140909, 14.64665829679096 ], [ 121.035001445205225, 14.648359687974761 ], [ 121.034946633083038, 14.648394323859776 ], [ 121.034962577706011, 14.648338327210512 ], [ 121.035422218649074, 14.647656438521068 ], [ 121.036659939131241, 14.645747906942955 ] ] } },
{ "type": "Feature", "properties": { }, "geometry": { "type": "LineString", "coordinates": [ [ 121.037236954593993, 14.644239941583795 ], [ 121.036990234958012, 14.644091627285784 ], [ 121.034800601381647, 14.642715230409005 ], [ 121.034751813529894, 14.642651639220299 ], [ 121.036428401949749, 14.643676232869719 ], [ 121.037263993772655, 14.644198649647617 ], [ 121.037236954593993, 14.644239941583795 ] ] } },
{ "type": "Feature", "properties": { }, "geometry": { "type": "LineString", "coordinates": [ [ 121.037275687703826, 14.644263338674284 ], [ 121.037267442317329, 14.64425834252887 ], [ 121.037294236017075, 14.644217425470762 ], [ 121.037327208780511, 14.644237735448533 ], [ 121.037300940078595, 14.644278445960028 ], [ 121.037275687703826, 14.644263338674284 ] ] } },
{ "type": "Feature", "properties": { }, "geometry": { "type": "LineString", "coordinates": [ [ 121.037357618193582, 14.644256256161469 ], [ 121.037517426622841, 14.644353706221732 ], [ 121.037491784926416, 14.644393434798749 ], [ 121.037331418536752, 14.644296859665358 ], [ 121.037357618193582, 14.644256256161469 ] ] } },
{ "type": "Feature", "properties": { }, "geometry": { "type": "LineString", "coordinates": [ [ 121.037360561931749, 14.644116838499661 ], [ 121.037388423083343, 14.644074635413975 ], [ 121.037419911858009, 14.644094066709053 ], [ 121.037392556719709, 14.644136460977432 ], [ 121.037360561931749, 14.644116838499661 ] ] } },
{ "type": "Feature", "properties": { }, "geometry": { "type": "LineString", "coordinates": [ [ 121.037373527493415, 14.64416595196314 ], [ 121.037346237627602, 14.644208245060078 ], [ 121.037313522424441, 14.644188092260986 ], [ 121.03734121965374, 14.644146137492646 ], [ 121.037373527493415, 14.64416595196314 ] ] } },
{ "type": "Feature", "properties": { }, "geometry": { "type": "LineString", "coordinates": [ [ 121.037376647144569, 14.644226765614517 ], [ 121.037403877065501, 14.644184565422075 ], [ 121.03756343472044, 14.644282422454815 ], [ 121.037536459078822, 14.644324217825202 ], [ 121.037376647144569, 14.644226765614517 ] ] } },
{ "type": "Feature", "properties": { }, "geometry": { "type": "LineString", "coordinates": [ [ 121.03740776525126, 14.644045336578243 ], [ 121.037419461942363, 14.644027618840079 ], [ 121.037450419941536, 14.644046786080102 ], [ 121.037438941522652, 14.644064575034351 ], [ 121.03740776525126, 14.644045336578243 ] ] } },
{ "type": "Feature", "properties": { }, "geometry": { "type": "LineString", "coordinates": [ [ 121.037422906291795, 14.644155074438872 ], [ 121.037450208430855, 14.644112762310934 ], [ 121.037609495905286, 14.644211056412699 ], [ 121.037582467446057, 14.644252933630924 ], [ 121.037422906291795, 14.644155074438872 ] ] } },
{ "type": "Feature", "properties": { }, "geometry": { "type": "LineString", "coordinates": [ [ 121.037469238095454, 14.644083270638745 ], [ 121.037480679844293, 14.644065538516294 ], [ 121.037639766913898, 14.644164155260079 ], [ 121.037628529063142, 14.644181566909406 ], [ 121.037469238095454, 14.644083270638745 ] ] } },
{ "type": "Feature", "properties": { }, "geometry": { "type": "LineString", "coordinates": [ [ 121.037496394898511, 14.643975535276391 ], [ 121.037469449903199, 14.644017293938672 ], [ 121.037438966204391, 14.643998420351181 ], [ 121.037466404580201, 14.643957818577164 ], [ 121.037496394898511, 14.643975535276391 ] ] } },
{ "type": "Feature", "properties": { }, "geometry": { "type": "LineString", "coordinates": [ [ 121.037547811576417, 14.644372264793933 ], [ 121.037592294734139, 14.644399504478704 ], [ 121.037567261557243, 14.64443882600027 ], [ 121.03752229668234, 14.644411796903357 ], [ 121.037547811576417, 14.644372264793933 ] ] } },
{ "type": "Feature", "properties": { }, "geometry": { "type": "LineString", "coordinates": [ [ 121.037566844217167, 14.644342776113586 ], [ 121.037593784268651, 14.644301035889219 ], [ 121.03763786139146, 14.644328068467855 ], [ 121.037611157561443, 14.644369911815122 ], [ 121.037566844217167, 14.644342776113586 ] ] } },
{ "type": "Feature", "properties": { }, "geometry": { "type": "LineString", "coordinates": [ [ 121.03761281699424, 14.644271547067829 ], [ 121.037639792444523, 14.644229751983897 ], [ 121.037683423125173, 14.644256675864689 ], [ 121.037656740757896, 14.644298485594668 ], [ 121.03761281699424, 14.644271547067829 ] ] } },
{ "type": "Feature", "properties": { }, "geometry": { "type": "LineString", "coordinates": [ [ 121.037658825602406, 14.644200262483109 ], [ 121.037670020625512, 14.644182917191358 ], [ 121.037713335679442, 14.644209804608455 ], [ 121.037702303186165, 14.644227091893574 ], [ 121.037658825602406, 14.644200262483109 ] ] } },
{ "type": "Feature", "properties": { }, "geometry": { "type": "LineString", "coordinates": [ [ 121.037687953259677, 14.644089496506119 ], [ 121.03765880048455, 14.64413466511097 ], [ 121.037499709927545, 14.644036046188969 ], [ 121.037527024296026, 14.643993715085253 ], [ 121.037687953259677, 14.644089496506119 ] ] } },
{ "type": "Feature", "properties": { }, "geometry": { "type": "LineString", "coordinates": [ [ 121.037830773591025, 14.653853683121037 ], [ 121.037857495798121, 14.653863187667111 ], [ 121.037836210855403, 14.653892317318634 ], [ 121.035218645876895, 14.654466434522433 ], [ 121.035203211471995, 14.654425497390463 ], [ 121.037830773591025, 14.653853683121037 ] ] } },
{ "type": "Feature", "properties": { }, "geometry": { "type": "LineString", "coordinates": [ [ 121.03791158487391, 14.64390091175788 ], [ 121.03773244823546, 14.644180363185084 ], [ 121.037689054338941, 14.644153426823577 ], [ 121.037718552092628, 14.644107723721138 ], [ 121.037743593913589, 14.64412024969392 ], [ 121.037759993405516, 14.644112022381684 ], [ 121.037760224609301, 14.644094150827318 ], [ 121.037737584695421, 14.644078235064047 ], [ 121.038392545603728, 14.643063451965638 ], [ 121.039249075212695, 14.641772563566906 ], [ 121.039430818679136, 14.641513770601581 ], [ 121.039281829708557, 14.641790245901067 ], [ 121.038245489600598, 14.643372696442686 ], [ 121.03791158487391, 14.64390091175788 ] ] } },
{ "type": "Feature", "properties": { }, "geometry": { "type": "LineString", "coordinates": [ [ 121.03817225977167, 14.642928094639069 ], [ 121.037515424612451, 14.643946043509292 ], [ 121.037486023952795, 14.643928675147 ], [ 121.038039344721881, 14.643095751740573 ], [ 121.038291735914697, 14.642696413763614 ], [ 121.038662715892386, 14.642135000750578 ], [ 121.038901569917954, 14.641834656761004 ], [ 121.03817225977167, 14.642928094639069 ] ] } },
{ "type": "Feature", "properties": { }, "geometry": { "type": "LineString", "coordinates": [ [ 121.038206149738798, 14.644412037208452 ], [ 121.039351110212408, 14.645118777053099 ], [ 121.040236233538707, 14.645695107246524 ], [ 121.04020390359571, 14.645683436161431 ], [ 121.037762781833891, 14.644198999679466 ], [ 121.037793291613895, 14.644152776447546 ], [ 121.038206149738798, 14.644412037208452 ] ] } },
{ "type": "Feature", "properties": { }, "geometry": { "type": "LineString", "coordinates": [ [ 121.038552466076553, 14.653725967201689 ], [ 121.038658481383933, 14.653702425014226 ], [ 121.038689832546481, 14.653798038629077 ], [ 121.038580552436102, 14.653823303528842 ], [ 121.038552466076553, 14.653725967201689 ] ] } },
{ "type": "Feature", "properties": { }, "geometry": { "type": "LineString", "coordinates": [ [ 121.038689786269003, 14.6517559101781 ], [ 121.038848859440279, 14.650887716543766 ], [ 121.038999861203436, 14.650182141155573 ], [ 121.039142075892912, 14.649688400287566 ], [ 121.03945649862338, 14.648747430277291 ], [ 121.039684643619182, 14.648125820773249 ], [ 121.040076504131278, 14.647279115774889 ], [ 121.040406253652449, 14.646634793225155 ], [ 121.04061927749261, 14.646298696687126 ], [ 121.040732347205989, 14.646364314701962 ], [ 121.040538180845616, 14.646679341876286 ], [ 121.040468159018928, 14.646813571289446 ], [ 121.040311616324075, 14.647147913044 ], [ 121.04020706851513, 14.647390560403627 ], [ 121.039875857044464, 14.64807609554075 ], [ 121.039578839467751, 14.648863550477284 ], [ 121.03943499673403, 14.649294588076021 ], [ 121.039276283776402, 14.649822466488219 ], [ 121.039094022506447, 14.650525072959132 ], [ 121.038971445040133, 14.651067701789733 ], [ 121.038852867810107, 14.651747503061936 ], [ 121.038776770792595, 14.652283556755389 ], [ 121.038655030691515, 14.653412396250319 ], [ 121.038652752245497, 14.653668029438656 ], [ 121.0385438359136, 14.65369221584311 ], [ 121.038528035877334, 14.653621115676062 ], [ 121.038504763741116, 14.653436417746393 ], [ 121.038568764972098, 14.652742572628446 ], [ 121.038689786269003, 14.6517559101781 ] ] } },
{ "type": "Feature", "properties": { }, "geometry": { "type": "LineString", "coordinates": [ [ 121.039954808985485, 14.645844658609727 ], [ 121.040019153816431, 14.645906918956808 ], [ 121.039943065300889, 14.645883974073726 ], [ 121.037597817503922, 14.644457119221972 ], [ 121.037622663859565, 14.644418091158085 ], [ 121.039954808985485, 14.645844658609727 ] ] } },
{ "type": "Feature", "properties": { }, "geometry": { "type": "LineString", "coordinates": [ [ 121.04018961932006, 14.645715385808678 ], [ 121.040311993395278, 14.645759562747999 ], [ 121.040782918206986, 14.646055780422177 ], [ 121.040741690648161, 14.646102505006846 ], [ 121.03773260157395, 14.644245788604081 ], [ 121.037743672471308, 14.644228441143456 ], [ 121.04018961932006, 14.645715385808678 ] ] } },
{ "type": "Feature", "properties": { }, "geometry": { "type": "LineString", "coordinates": [ [ 121.040640651093938, 14.646270561040716 ], [ 121.040685412940974, 14.646219830966286 ], [ 121.040787165053644, 14.646283183806766 ], [ 121.040752020160539, 14.646335192123649 ], [ 121.040640651093938, 14.646270561040716 ] ] } },
{ "type": "Feature", "properties": { }, "geometry": { "type": "LineString", "coordinates": [ [ 121.04065491978038, 14.646200845329018 ], [ 121.040610146195363, 14.646251588710852 ], [ 121.04009466371707, 14.645930814983396 ], [ 121.039975701043133, 14.645816307641311 ], [ 121.037641526202989, 14.644388498429793 ], [ 121.037668212364224, 14.644346682772074 ], [ 121.04065491978038, 14.646200845329018 ] ] } },
{ "type": "Feature", "properties": { }, "geometry": { "type": "LineString", "coordinates": [ [ 121.040708956623533, 14.646193148131296 ], [ 121.040748723324299, 14.646148079205197 ], [ 121.040840282415971, 14.646204579344184 ], [ 121.04080682862292, 14.646254085145706 ], [ 121.040708956623533, 14.646193148131296 ] ] } },
{ "type": "Feature", "properties": { }, "geometry": { "type": "LineString", "coordinates": [ [ 121.040718133823503, 14.646129202747245 ], [ 121.04067846346291, 14.646174162491715 ], [ 121.037687091730703, 14.644317099901393 ], [ 121.037713721512915, 14.644275372572666 ], [ 121.040718133823503, 14.646129202747245 ] ] } },
{ "type": "Feature", "properties": { }, "geometry": { "type": "LineString", "coordinates": [ [ 121.040772280148929, 14.64612138146709 ], [ 121.040813158579624, 14.646075052565148 ], [ 121.040893775121404, 14.646125419410508 ], [ 121.040859946722549, 14.646175479581608 ], [ 121.040772280148929, 14.64612138146709 ] ] } },
{ "type": "Feature", "properties": { }, "geometry": { "type": "LineString", "coordinates": [ [ 121.04106222887674, 14.646232423526117 ], [ 121.041267978875496, 14.646363237721216 ], [ 121.041507260030372, 14.646536243590408 ], [ 121.042789561914972, 14.647348358075966 ], [ 121.042818057382036, 14.647374829568719 ], [ 121.040890243682711, 14.646194175511875 ], [ 121.040923881960879, 14.646144396690739 ], [ 121.04106222887674, 14.646232423526117 ] ] } },
{ "type": "Feature", "properties": { }, "geometry": { "type": "LineString", "coordinates": [ [ 121.041267908957167, 14.646679093978044 ], [ 121.041324351247781, 14.646698353669709 ], [ 121.042798995390925, 14.647591372621276 ], [ 121.042642420773177, 14.647535697293511 ], [ 121.041311768198099, 14.646735970552379 ], [ 121.041267908957167, 14.646679093978044 ] ] } },
{ "type": "Feature", "properties": { }, "geometry": { "type": "LineString", "coordinates": [ [ 121.041338175751605, 14.646666207208796 ], [ 121.041226133002397, 14.646627975074901 ], [ 121.04078257772963, 14.646353502384578 ], [ 121.040817382320455, 14.64630199766011 ], [ 121.042687463928743, 14.647453074756916 ], [ 121.042795384183862, 14.647548172409696 ], [ 121.041338175751605, 14.646666207208796 ] ] } },
{ "type": "Feature", "properties": { }, "geometry": { "type": "LineString", "coordinates": [ [ 121.042465140096724, 14.644127215447217 ], [ 121.042393077554181, 14.644190527152675 ], [ 121.041891196575961, 14.644709890623968 ], [ 121.041163085770037, 14.645570703453718 ], [ 121.040806395578997, 14.6460291486902 ], [ 121.040330825323053, 14.645729952642537 ], [ 121.040234873602557, 14.645647641811024 ], [ 121.039370881238781, 14.645089746707882 ], [ 121.03852732365435, 14.644574182492928 ], [ 121.037812377005238, 14.644123319590463 ], [ 121.038275820673462, 14.643391337684013 ], [ 121.039312483485716, 14.641808392769157 ], [ 121.039598729201842, 14.641274602967185 ], [ 121.041524752465236, 14.638290386710702 ], [ 121.042411409657092, 14.636934105517106 ], [ 121.043011775776648, 14.636043150325897 ], [ 121.043570678606017, 14.63516983313677 ], [ 121.043698793474675, 14.635059577514562 ], [ 121.043846554944622, 14.634795213861553 ], [ 121.04441109115777, 14.633912482729279 ], [ 121.044810611780193, 14.633306768271462 ], [ 121.04490309517756, 14.633361426230707 ], [ 121.044977865145469, 14.633430124468864 ], [ 121.045055582826336, 14.633561476778651 ], [ 121.045094880911932, 14.633677650775965 ], [ 121.045552670125133, 14.635702108226669 ], [ 121.046372946423844, 14.63919950749963 ], [ 121.046490956001293, 14.639744746775056 ], [ 121.046798055049436, 14.641088615008826 ], [ 121.045158637778073, 14.642005134350871 ], [ 121.044589007130909, 14.642371303261033 ], [ 121.044118578262498, 14.642711024996498 ], [ 121.0438152782625, 14.642945725011021 ], [ 121.043518873256772, 14.64318914792339 ], [ 121.042465140096724, 14.644127215447217 ] ] } },
{ "type": "Feature", "properties": { }, "geometry": { "type": "LineString", "coordinates": [ [ 121.042551791294642, 14.644216347307685 ], [ 121.041983777337805, 14.644795595841201 ], [ 121.041259450459279, 14.64563721122755 ], [ 121.041060733875355, 14.645893624321879 ], [ 121.040913758073202, 14.646096520687863 ], [ 121.040836679728599, 14.646048364397986 ], [ 121.041191140329232, 14.645592428745147 ], [ 121.041918629820231, 14.644732351030475 ], [ 121.042418817392502, 14.644214795377607 ], [ 121.043542329114672, 14.643215485871496 ], [ 121.043837926677668, 14.642972716401159 ], [ 121.044140823597289, 14.64273832832785 ], [ 121.044444143673005, 14.642516905685323 ], [ 121.044610174635011, 14.642399400802432 ], [ 121.04517706271416, 14.642034986940571 ], [ 121.046806356505613, 14.64112409375608 ], [ 121.046828469667659, 14.641218457839498 ], [ 121.046212611632583, 14.641575904761073 ], [ 121.045686751268718, 14.641869455845418 ], [ 121.045247617840673, 14.642128378305884 ], [ 121.044614496898518, 14.642549892292172 ], [ 121.0437792486061, 14.643148901502457 ], [ 121.043314128174757, 14.643532004106067 ], [ 121.042551791294642, 14.644216347307685 ] ] } },
{ "type": "Feature", "properties": { }, "geometry": { "type": "LineString", "coordinates": [ [ 121.042663694407977, 14.64423321005248 ], [ 121.042331630744741, 14.644553571990302 ], [ 121.042122695132136, 14.644769109023889 ], [ 121.041539631873306, 14.645426736472016 ], [ 121.041067321146613, 14.64603080157209 ], [ 121.041048754938998, 14.646090683976874 ], [ 121.041052659690919, 14.646184715560716 ], [ 121.040943870900946, 14.646115505889183 ], [ 121.041089771831807, 14.645914102025365 ], [ 121.041287273405644, 14.645659216226813 ], [ 121.04201115029646, 14.644818121531944 ], [ 121.04257656982837, 14.644241529069827 ], [ 121.043338365845997, 14.643557672750047 ], [ 121.043801063071996, 14.643176534044198 ], [ 121.044635348743512, 14.642578210218726 ], [ 121.045267572909736, 14.642157294061594 ], [ 121.045705252858951, 14.641899259630261 ], [ 121.046230893560761, 14.641605834619684 ], [ 121.04683688939518, 14.641254426101515 ], [ 121.046846845103246, 14.641296978722849 ], [ 121.04621990582713, 14.641636265736118 ], [ 121.045338403130103, 14.642147025405365 ], [ 121.045029544040844, 14.642342795455244 ], [ 121.044652267223768, 14.642602488224648 ], [ 121.043832314899333, 14.643211870818673 ], [ 121.043368826671056, 14.64358950425224 ], [ 121.042898330521211, 14.644008612247184 ], [ 121.042663694407977, 14.64423321005248 ] ] } },
{ "type": "Feature", "properties": { }, "geometry": { "type": "LineString", "coordinates": [ [ 121.042710497760908, 14.647426348905412 ], [ 121.040837045889759, 14.646272899001547 ], [ 121.040870579376104, 14.646223275271977 ], [ 121.042771573992809, 14.647392176955949 ], [ 121.042899161968236, 14.647449386662428 ], [ 121.045678052145789, 14.649185701364562 ], [ 121.046561780983637, 14.649725519370696 ], [ 121.046916380983603, 14.649930619356736 ], [ 121.046958394084811, 14.649945647586998 ], [ 121.047043247463762, 14.649961517182778 ], [ 121.047126795444072, 14.649960279853532 ], [ 121.047224367415282, 14.649936328666174 ], [ 121.047101165995457, 14.650107153332886 ], [ 121.046993054510153, 14.650278165124085 ], [ 121.046973875762362, 14.650189908108469 ], [ 121.04694059846608, 14.650120286137783 ], [ 121.046891718975658, 14.650055951481093 ], [ 121.046853556857215, 14.650020504321681 ], [ 121.046556712358296, 14.649849891673183 ], [ 121.042966031688067, 14.647651521394124 ], [ 121.042710497760908, 14.647426348905412 ] ] } },
{ "type": "Feature", "properties": { }, "geometry": { "type": "LineString", "coordinates": [ [ 121.042718281616374, 14.635951660576886 ], [ 121.038987651200117, 14.641704421703855 ], [ 121.038885860923529, 14.641797399667769 ], [ 121.038632862930939, 14.642115636626659 ], [ 121.038261362930925, 14.642677836650664 ], [ 121.038008964521978, 14.643077185841788 ], [ 121.037455326346247, 14.643910578398705 ], [ 121.037173383126785, 14.643744735015689 ], [ 121.035571290869044, 14.642759521937526 ], [ 121.03545443887117, 14.642691312487889 ], [ 121.035440707086991, 14.642690612777077 ], [ 121.035431322487455, 14.642698010888756 ], [ 121.035429256820066, 14.642711164120318 ], [ 121.035437409130935, 14.64272187806603 ], [ 121.037154268887861, 14.643774174062933 ], [ 121.037435702679275, 14.643939721643404 ], [ 121.037408732633267, 14.643979630412499 ], [ 121.035242862315357, 14.642628363913268 ], [ 121.034758941870066, 14.642341968012408 ], [ 121.034670898872591, 14.642331766354461 ], [ 121.031376423598658, 14.640270182911484 ], [ 121.030412399450682, 14.639686306048347 ], [ 121.027840282615983, 14.638106257087884 ], [ 121.026227760085064, 14.637099400640565 ], [ 121.026326424763212, 14.636980806990522 ], [ 121.026444347340956, 14.63688579741283 ], [ 121.02658250985904, 14.636828570125099 ], [ 121.026866341407938, 14.636746397244668 ], [ 121.027072559006712, 14.636672822625664 ], [ 121.028300461319333, 14.636407077723625 ], [ 121.030040475680224, 14.636050395109889 ], [ 121.031483724936521, 14.635722941728043 ], [ 121.034849258924183, 14.634991808634361 ], [ 121.034963648189617, 14.634993268922736 ], [ 121.035076324247754, 14.635007083986174 ], [ 121.03518268382949, 14.635035961182295 ], [ 121.03523181197717, 14.635073351730592 ], [ 121.035292618934903, 14.635099522235393 ], [ 121.035364151466965, 14.635109834344171 ], [ 121.035405243568206, 14.635106837393025 ], [ 121.03547724653663, 14.635085037910649 ], [ 121.035541440542758, 14.63504343794032 ], [ 121.035587931124411, 14.634984470162042 ], [ 121.035613713961766, 14.63492169352301 ], [ 121.035689699618473, 14.634859583511316 ], [ 121.035860254545156, 14.634745447583557 ], [ 121.037721890999819, 14.634331549217912 ], [ 121.04131188771207, 14.633547994384239 ], [ 121.041647540512045, 14.633482468575107 ], [ 121.04350433665914, 14.633062032348819 ], [ 121.043691826018332, 14.633056961405019 ], [ 121.043826896817592, 14.633031104566202 ], [ 121.043917625881988, 14.633021824336193 ], [ 121.04413494182009, 14.633017062983058 ], [ 121.044273686884367, 14.633036595753797 ], [ 121.044487446125402, 14.633134938547789 ], [ 121.044302307626822, 14.63339932048283 ], [ 121.043499762520241, 14.634618036928215 ], [ 121.043386989753557, 14.634808844684025 ], [ 121.043320686828395, 14.635022757093486 ], [ 121.042718281616374, 14.635951660576886 ] ] } },
{ "type": "Feature", "properties": { }, "geometry": { "type": "LineString", "coordinates": [ [ 121.043076761186455, 14.647517744706134 ], [ 121.042918960606514, 14.647420369954029 ], [ 121.042810639969602, 14.647320156462555 ], [ 121.041527408304347, 14.646507453017557 ], [ 121.041289056646505, 14.64633507724723 ], [ 121.041089659227325, 14.646208264187944 ], [ 121.04108461077216, 14.646093342987854 ], [ 121.04109812450362, 14.646048763114942 ], [ 121.041567885602589, 14.645448220737318 ], [ 121.042149090609044, 14.64479269935763 ], [ 121.042357339406237, 14.644577861683929 ], [ 121.042922906936795, 14.644033976218051 ], [ 121.043392277208753, 14.643615848138962 ], [ 121.043854435981658, 14.6432392706483 ], [ 121.044673630170053, 14.642630442590393 ], [ 121.045050003740101, 14.642371376676415 ], [ 121.04535727433209, 14.642176612256266 ], [ 121.046238106664447, 14.641666242325245 ], [ 121.046855040248914, 14.641332131554925 ], [ 121.047695850278288, 14.645041621510678 ], [ 121.048423718211794, 14.648126011089744 ], [ 121.048430218225292, 14.648198355723668 ], [ 121.048426307164036, 14.6482717482585 ], [ 121.048400526473685, 14.64843195090096 ], [ 121.048377935748192, 14.648522614501641 ], [ 121.048311913491659, 14.64871907851879 ], [ 121.048235659737799, 14.64888925345279 ], [ 121.048171985503217, 14.64900076930587 ], [ 121.048137178276775, 14.649055888697118 ], [ 121.047875448028222, 14.64925827169133 ], [ 121.047716559054138, 14.64939212704035 ], [ 121.047498019950766, 14.649605591578347 ], [ 121.047216237182496, 14.649727369035023 ], [ 121.047140471686049, 14.649749280651966 ], [ 121.04702966540637, 14.649769231651819 ], [ 121.046877266540648, 14.649770507366821 ], [ 121.046729799781488, 14.649750656070767 ], [ 121.046579079428639, 14.649694978424938 ], [ 121.045697470001642, 14.649156449984366 ], [ 121.043076761186455, 14.647517744706134 ] ] } },
{ "type": "Feature", "properties": { }, "geometry": { "type": "LineString", "coordinates": [ [ 121.036482029777787, 14.664142954123195 ], [ 121.036536661148901, 14.663939392619767 ], [ 121.036631627445999, 14.66347315982064 ], [ 121.036687968966319, 14.663108569066685 ], [ 121.036725976824499, 14.66274173256503 ], [ 121.036743763426173, 14.66242438882224 ], [ 121.036729011313199, 14.661643541104208 ], [ 121.036704382078227, 14.661372118933359 ], [ 121.036657036358918, 14.660984213278454 ], [ 121.036540545480861, 14.660271983214834 ], [ 121.036190707434514, 14.658615296737569 ], [ 121.03525150519053, 14.654600248506302 ], [ 121.039496179889881, 14.653654150143593 ], [ 121.044898490341438, 14.652478247863868 ], [ 121.045699064878377, 14.652279536716515 ], [ 121.045948722983979, 14.652191973389284 ], [ 121.046179691395579, 14.65216681824695 ], [ 121.046250736336276, 14.652195109677985 ], [ 121.046287550783148, 14.652231570986656 ], [ 121.046381687927735, 14.652440130050101 ], [ 121.046473454634139, 14.652668498332371 ], [ 121.04657397724111, 14.652855564321275 ], [ 121.046664806402376, 14.653098818710342 ], [ 121.046749723975083, 14.653259154637048 ], [ 121.046850804412571, 14.653409928334227 ], [ 121.046987494819859, 14.653583770004413 ], [ 121.046947837728453, 14.653663887850705 ], [ 121.046944647016602, 14.653731970595482 ], [ 121.046963663662254, 14.653802267050423 ], [ 121.046990796967009, 14.653844392376998 ], [ 121.047229751886249, 14.654080789435064 ], [ 121.047257242369355, 14.654149469046734 ], [ 121.047265468974089, 14.654213863503577 ], [ 121.047261698984073, 14.654276256838372 ], [ 121.047237328673404, 14.654348889922931 ], [ 121.047173136243813, 14.65446882901167 ], [ 121.046534053383354, 14.655419701708482 ], [ 121.046346903586326, 14.655713582823735 ], [ 121.046101089017668, 14.656126396366806 ], [ 121.04594170292971, 14.656411020396902 ], [ 121.045738978054317, 14.656796128823633 ], [ 121.045459239996504, 14.657368406682467 ], [ 121.045140202546605, 14.658094094239129 ], [ 121.044912579905784, 14.658742942679456 ], [ 121.044830045705908, 14.659011301974061 ], [ 121.044625941257337, 14.659754018084445 ], [ 121.044182159060611, 14.661706839021305 ], [ 121.043927380790819, 14.662790946576079 ], [ 121.043531172621627, 14.664582378493133 ], [ 121.043333670659464, 14.665419949525317 ], [ 121.043116025168047, 14.666416691469383 ], [ 121.043106103430461, 14.666523870093796 ], [ 121.043122482537356, 14.666965111399469 ] ] } },
{ "type": "Feature", "properties": { }, "geometry": { "type": "LineString", "coordinates": [ [ 121.043257325747561, 14.635593347273996 ], [ 121.042981335125646, 14.636024676351362 ], [ 121.042381133133674, 14.636915381652381 ], [ 121.041763976049666, 14.637855569246149 ], [ 121.039568045368199, 14.641256507105059 ], [ 121.039218723693935, 14.641753950740101 ], [ 121.038362160868786, 14.643044892943935 ], [ 121.037706985974822, 14.644060007672509 ], [ 121.037546053485983, 14.643964224132654 ], [ 121.038344041832048, 14.642728757106543 ], [ 121.039016854383704, 14.641724837135827 ], [ 121.043352418479856, 14.635039239313487 ], [ 121.043452163714662, 14.634875478348043 ], [ 121.044591291176559, 14.633187575474002 ], [ 121.044742112078936, 14.633268109710516 ], [ 121.043590034075294, 14.634988929516501 ], [ 121.043540238478485, 14.635151358332472 ], [ 121.043257325747561, 14.635593347273996 ] ] } },
{ "type": "Feature", "properties": { }, "geometry": { "type": "LineString", "coordinates": [ [ 121.043305067071117, 14.665730343750132 ], [ 121.043368832871721, 14.665427125533256 ], [ 121.043566260669593, 14.664589872522381 ], [ 121.043962488267425, 14.662798359574616 ], [ 121.044217219209187, 14.661714453442928 ], [ 121.044660765640003, 14.659762594412749 ], [ 121.044864690453466, 14.659020528561584 ], [ 121.044946930145429, 14.658753149763299 ], [ 121.045173885059512, 14.658106206747835 ], [ 121.045491863774643, 14.657382979707695 ], [ 121.045771319290893, 14.656811279797097 ], [ 121.045973400051224, 14.656427395699161 ], [ 121.046132405812088, 14.65614344258289 ], [ 121.046377587383418, 14.655731674320842 ], [ 121.046564274072111, 14.655438509308247 ], [ 121.047203715464178, 14.654487095458537 ], [ 121.04727062437631, 14.654362091461339 ], [ 121.047297435686275, 14.654280514366787 ], [ 121.047301456939422, 14.65421273881174 ], [ 121.047292029895388, 14.654140274553987 ], [ 121.047259655739282, 14.654061048587655 ], [ 121.047018210588561, 14.653821852959764 ], [ 121.046997189386602, 14.653789243145113 ], [ 121.046980480596005, 14.653727485238436 ], [ 121.046983362254323, 14.653670932694714 ], [ 121.047012320335, 14.653613759053032 ], [ 121.047165427339465, 14.653796121197431 ], [ 121.04726561920161, 14.653892506859707 ], [ 121.047372963143886, 14.653981308150065 ], [ 121.047486769648117, 14.654062134824668 ], [ 121.047606525850057, 14.654134578271824 ], [ 121.047731532794543, 14.654198238888158 ], [ 121.047911772344847, 14.654269201706038 ], [ 121.047636316614998, 14.654290755887104 ], [ 121.047547605785994, 14.65430713115 ], [ 121.047493565238184, 14.6543348503176 ], [ 121.047443784119693, 14.654378665300992 ], [ 121.047386434901824, 14.654442623343579 ], [ 121.047067880436984, 14.654877415909693 ], [ 121.046808525506279, 14.655252495610673 ], [ 121.04646220674563, 14.655786966315477 ], [ 121.046172077841177, 14.656277447782342 ], [ 121.045901876444105, 14.656777650386921 ], [ 121.04542688257078, 14.657726826075939 ], [ 121.045201774847328, 14.65827910410046 ], [ 121.045078410052099, 14.658614945698691 ], [ 121.044957712428229, 14.658999167601088 ], [ 121.04488833190166, 14.659236435142795 ], [ 121.044753922048187, 14.659782105610716 ], [ 121.044124818249415, 14.662448790510412 ], [ 121.043901959298552, 14.663447238623291 ], [ 121.043477896264449, 14.665264581360297 ], [ 121.043226726151204, 14.666409286990911 ], [ 121.043213342338788, 14.666527539107078 ], [ 121.043219649908238, 14.666724138250791 ], [ 121.043231399953712, 14.666991504763656 ] ] } },
{ "type": "Feature", "properties": { }, "geometry": { "type": "LineString", "coordinates": [ [ 121.043158647211683, 14.666973874988347 ], [ 121.043141993596592, 14.66652586766218 ], [ 121.043151400776097, 14.666422878645635 ], [ 121.043305067071117, 14.665730343750132 ] ] } },
{ "type": "Feature", "properties": { }, "geometry": { "type": "LineString", "coordinates": [ [ 121.043267751573367, 14.66700031365292 ], [ 121.043255554466484, 14.66672276130017 ], [ 121.043249296958038, 14.666527685958656 ], [ 121.0432620600278, 14.666415665478524 ], [ 121.043513086292975, 14.665271655460833 ], [ 121.043937025610788, 14.663454826070939 ], [ 121.044159893821316, 14.662456352158324 ], [ 121.044361466723217, 14.661605339169776 ], [ 121.044375593633333, 14.661598482594597 ], [ 121.044455040779226, 14.661590714333135 ], [ 121.044651274483414, 14.66159929234882 ], [ 121.044777674240791, 14.661622224968344 ], [ 121.046423090977711, 14.661963206834745 ], [ 121.046668689553115, 14.662007874531792 ], [ 121.046870055847833, 14.662058191241568 ], [ 121.047265142483383, 14.662193433904299 ], [ 121.047436485883097, 14.662207163378495 ], [ 121.048072912229784, 14.662188379068619 ], [ 121.049869928849361, 14.662162978323948 ], [ 121.05716105312159, 14.662010365089905 ], [ 121.057228898026366, 14.66203854852025 ], [ 121.057991766763919, 14.662026069272958 ], [ 121.058970334118243, 14.661997373566372 ], [ 121.059112795276604, 14.661954512743426 ], [ 121.059963789912615, 14.66193720645777 ] ] } },
{ "type": "Feature", "properties": { }, "geometry": { "type": "LineString", "coordinates": [ [ 121.043466250127921, 14.633036869895372 ], [ 121.04163925154144, 14.633448636981569 ], [ 121.041304078341483, 14.63351405760255 ], [ 121.037713966701958, 14.63429763825428 ], [ 121.035851017998255, 14.63471182757158 ], [ 121.035743157870812, 14.634712410599349 ], [ 121.035635250968653, 14.63469948527066 ], [ 121.035532113656785, 14.634673868838707 ], [ 121.035443024945721, 14.634626311259124 ], [ 121.035365555310264, 14.634524931236816 ], [ 121.03529612198237, 14.6344132255511 ], [ 121.035238094304034, 14.634296876627474 ], [ 121.034978601035036, 14.633142269512026 ], [ 121.034759012853812, 14.632227316395509 ], [ 121.034531884861593, 14.631205936920168 ], [ 121.034275456066339, 14.630117604851979 ], [ 121.034072326005017, 14.629149218990248 ], [ 121.034069129641608, 14.629034382884587 ], [ 121.033912198564721, 14.628423554780754 ], [ 121.033670210502663, 14.627364278255774 ], [ 121.033740063873893, 14.627350823855995 ], [ 121.033812790526397, 14.627352459243554 ], [ 121.033960040453024, 14.627376138080253 ], [ 121.034116034846051, 14.62741432913055 ], [ 121.034212735112504, 14.627423271308491 ], [ 121.034811673220418, 14.627582790780664 ], [ 121.036359352441821, 14.628036525907175 ], [ 121.036778016855962, 14.628150173812575 ], [ 121.038489751382954, 14.628648438880616 ], [ 121.045650491535014, 14.630707729580804 ], [ 121.045358806228137, 14.631388724954446 ], [ 121.044830959454671, 14.632543343643517 ], [ 121.044585987894393, 14.632985354783127 ], [ 121.044412797656292, 14.632912648624179 ], [ 121.044353658041516, 14.632895221972314 ], [ 121.044282580145648, 14.632880211891944 ], [ 121.044137990962781, 14.632872255849108 ], [ 121.0436998381834, 14.632948639195654 ], [ 121.043466250127921, 14.633036869895372 ] ] } },
{ "type": "Feature", "properties": { }, "geometry": { "type": "LineString", "coordinates": [ [ 121.043530274178053, 14.634636404823937 ], [ 121.044447045813101, 14.633251692431166 ], [ 121.044519653984878, 14.633151035144207 ], [ 121.044559398952302, 14.63317130805325 ], [ 121.043396846119165, 14.634897825277529 ], [ 121.043420119102649, 14.634822600514592 ], [ 121.043530274178053, 14.634636404823937 ] ] } },
{ "type": "Feature", "properties": { }, "geometry": { "type": "LineString", "coordinates": [ [ 121.043557020815882, 14.630065168373859 ], [ 121.03911108658582, 14.628791156102638 ], [ 121.036788255476324, 14.628116847150993 ], [ 121.036369418434106, 14.628003147287334 ], [ 121.034821915815485, 14.627549464708361 ], [ 121.034223224971129, 14.627389991863966 ], [ 121.034132244161668, 14.627333848417233 ], [ 121.034012544161698, 14.627287748413842 ], [ 121.033905771379921, 14.62725598109169 ], [ 121.033746464186422, 14.627240516493718 ], [ 121.033648254921658, 14.627249675853204 ], [ 121.033606580600249, 14.627046885171213 ], [ 121.033483480600296, 14.626545085162032 ], [ 121.033427575670615, 14.626385247901732 ], [ 121.032946651829036, 14.624107212783507 ], [ 121.037350371333602, 14.624433829314036 ], [ 121.039378917090076, 14.624602494389119 ] ] } },
{ "type": "Feature", "properties": { }, "geometry": { "type": "LineString", "coordinates": [ [ 121.046487428936857, 14.628943511096422 ], [ 121.046474839522176, 14.628956506701035 ], [ 121.046122692329675, 14.629687704687917 ], [ 121.045788763282602, 14.630395781079089 ], [ 121.045664198325269, 14.630675401015896 ], [ 121.043557020815882, 14.630065168373859 ] ] } },
{ "type": "Feature", "properties": { }, "geometry": { "type": "LineString", "coordinates": [ [ 121.044371262034048, 14.661563925884058 ], [ 121.044385324253113, 14.661503397203319 ], [ 121.044458755717343, 14.661538889563202 ], [ 121.044528146779712, 14.661560096197698 ], [ 121.044453852231513, 14.661555954222205 ], [ 121.044371262034048, 14.661563925884058 ] ] } },
{ "type": "Feature", "properties": { }, "geometry": { "type": "LineString", "coordinates": [ [ 121.044539651802253, 14.633121933152177 ], [ 121.044599943482154, 14.633030586715877 ], [ 121.044639150513262, 14.633050049030446 ], [ 121.044578754634799, 14.633141878527034 ], [ 121.044539651802253, 14.633121933152177 ] ] } },
{ "type": "Feature", "properties": { }, "geometry": { "type": "LineString", "coordinates": [ [ 121.044540216484592, 14.652521550636438 ], [ 121.038724917200184, 14.653790070677777 ], [ 121.038693696269348, 14.653694854235539 ], [ 121.045897288382662, 14.652097381863058 ], [ 121.046015826455431, 14.652039055561699 ], [ 121.046125626455435, 14.651963355566595 ], [ 121.046202966549899, 14.651899721567641 ], [ 121.046277541029824, 14.651820186232955 ], [ 121.046490351833427, 14.651474057783789 ], [ 121.046552799153332, 14.651412084906513 ], [ 121.046518611498939, 14.651621660608381 ], [ 121.046504073939417, 14.651756637213147 ], [ 121.04648763714485, 14.652164159349656 ], [ 121.046502362902473, 14.652442480886023 ], [ 121.046545331551613, 14.652727026365449 ], [ 121.046506589774708, 14.652655016752895 ], [ 121.046415045365833, 14.652427201660874 ], [ 121.046318447757798, 14.6522133327737 ], [ 121.046271052250191, 14.652165993314627 ], [ 121.046184159811318, 14.652131801555136 ], [ 121.045940101512983, 14.652158122792166 ], [ 121.045689290788118, 14.652246072861876 ], [ 121.044890271609347, 14.652444404596713 ], [ 121.044540216484592, 14.652521550636438 ] ] } },
{ "type": "Feature", "properties": { }, "geometry": { "type": "LineString", "coordinates": [ [ 121.044567375510098, 14.633015334516365 ], [ 121.04450762424041, 14.633105862196995 ], [ 121.04428510018856, 14.633003580584832 ], [ 121.04413801421434, 14.632982415400409 ], [ 121.043914938260812, 14.632987152832174 ], [ 121.043820706141148, 14.63299684832217 ], [ 121.043687567646501, 14.633022387158084 ], [ 121.043590513567466, 14.63302558909062 ], [ 121.043709694308234, 14.632982090402441 ], [ 121.044140611012551, 14.632906996370627 ], [ 121.044277821957252, 14.632914686507702 ], [ 121.04434525130813, 14.632929031100765 ], [ 121.044399823678773, 14.6329450817968 ], [ 121.044567375510098, 14.633015334516365 ] ] } },
{ "type": "Feature", "properties": { }, "geometry": { "type": "LineString", "coordinates": [ [ 121.044603149811408, 14.633559955747014 ], [ 121.044380622086237, 14.633894052925699 ], [ 121.043815722086237, 14.634777352962521 ], [ 121.043669513710554, 14.635039015153575 ], [ 121.043591440415454, 14.635105715576781 ], [ 121.043621605942533, 14.635005725900154 ], [ 121.04477312674446, 14.633285699719703 ], [ 121.044779505053015, 14.633289317185799 ], [ 121.044603149811408, 14.633559955747014 ] ] } },
{ "type": "Feature", "properties": { }, "geometry": { "type": "LineString", "coordinates": [ [ 121.044824682650898, 14.633141074862072 ], [ 121.044761250879958, 14.633238664666218 ], [ 121.044610646859056, 14.633158145949961 ], [ 121.044671259002698, 14.633065987637703 ], [ 121.044824682650898, 14.633141074862072 ] ] } },
{ "type": "Feature", "properties": { }, "geometry": { "type": "LineString", "coordinates": [ [ 121.044857035897621, 14.633156605473465 ], [ 121.044865343798932, 14.633160593536306 ], [ 121.044799024934761, 14.633260088274779 ], [ 121.044792265545496, 14.63325625467777 ], [ 121.044857035897621, 14.633156605473465 ] ] } },
{ "type": "Feature", "properties": { }, "geometry": { "type": "LineString", "coordinates": [ [ 121.044863481657927, 14.632558138342347 ], [ 121.045391833044334, 14.631402426936077 ], [ 121.045684953106559, 14.630717989285429 ], [ 121.045751899614316, 14.63073872031595 ], [ 121.044971014186785, 14.632467668153415 ], [ 121.044868878823323, 14.632681205803518 ], [ 121.044771578329147, 14.632850065401053 ], [ 121.044658525017752, 14.633020590869938 ], [ 121.04461832022956, 14.633000633267487 ], [ 121.044863481657927, 14.632558138342347 ] ] } },
{ "type": "Feature", "properties": { }, "geometry": { "type": "LineString", "coordinates": [ [ 121.044985341008456, 14.632964934404857 ], [ 121.044884214218882, 14.633130841242435 ], [ 121.044875909388409, 14.633126854653137 ], [ 121.045116251308812, 14.63271118658788 ], [ 121.044985341008456, 14.632964934404857 ] ] } },
{ "type": "Feature", "properties": { }, "geometry": { "type": "LineString", "coordinates": [ [ 121.045003704914905, 14.632482100983033 ], [ 121.045786301966174, 14.630749373540137 ], [ 121.045951293340678, 14.630800628284385 ], [ 121.04516178634961, 14.632540709825257 ], [ 121.045052708034831, 14.632758268773026 ], [ 121.044843665455744, 14.633111376513966 ], [ 121.044690633507173, 14.63303652947933 ], [ 121.04480212168427, 14.63286838701092 ], [ 121.044900592195859, 14.63269756512423 ], [ 121.045003704914905, 14.632482100983033 ] ] } },
{ "type": "Feature", "properties": { }, "geometry": { "type": "LineString", "coordinates": [ [ 121.045088392454389, 14.633547268383754 ], [ 121.045005131042899, 14.633407435470309 ], [ 121.04492551156045, 14.63333423487213 ], [ 121.044830176626746, 14.633277545185118 ], [ 121.044897124497325, 14.633177022478165 ], [ 121.044977557079818, 14.633230220496028 ], [ 121.045036559732708, 14.633294812486611 ], [ 121.045064139850439, 14.633336375529396 ], [ 121.045138938897139, 14.633508014601116 ], [ 121.045195059834384, 14.633688286384054 ], [ 121.045786512026865, 14.636220684488357 ], [ 121.046071970702201, 14.637390216868573 ], [ 121.04619855234192, 14.637968043122775 ], [ 121.046125898215408, 14.63798400809036 ], [ 121.045587745007111, 14.635694556982129 ], [ 121.045152356969211, 14.633757910437806 ], [ 121.045088392454389, 14.633547268383754 ] ] } },
{ "type": "Feature", "properties": { }, "geometry": { "type": "LineString", "coordinates": [ [ 121.045898317083171, 14.630747556188815 ], [ 121.045800766344357, 14.630717348029554 ], [ 121.046573930032906, 14.629005483204418 ] ] } },
{ "type": "Feature", "properties": { }, "geometry": { "type": "LineString", "coordinates": [ [ 121.046718714365355, 14.629109211218385 ], [ 121.045965812132124, 14.630768628589228 ], [ 121.045898317083171, 14.630747556188815 ] ] } },
{ "type": "Feature", "properties": { }, "geometry": { "type": "LineString", "coordinates": [ [ 121.045996020541978, 14.630814592409129 ], [ 121.045933628135813, 14.630949540289492 ], [ 121.045658409822551, 14.631532639570986 ], [ 121.045985666911108, 14.630811359937928 ], [ 121.045996020541978, 14.630814592409129 ] ] } },
{ "type": "Feature", "properties": { }, "geometry": { "type": "LineString", "coordinates": [ [ 121.04613378569924, 14.638017926541943 ], [ 121.046206228644493, 14.638002007981649 ], [ 121.046863353814359, 14.640823938184127 ], [ 121.046908314997921, 14.641027955828045 ], [ 121.046830690861043, 14.641070610329963 ], [ 121.04652606495317, 14.639737345075265 ], [ 121.046408019736148, 14.639191948404369 ], [ 121.04613378569924, 14.638017926541943 ] ] } },
{ "type": "Feature", "properties": { }, "geometry": { "type": "LineString", "coordinates": [ [ 121.046463135409965, 14.651451266271666 ], [ 121.04624759662147, 14.651800888714563 ], [ 121.046177202296789, 14.651875463921547 ], [ 121.046104152610866, 14.651935472526228 ], [ 121.045996060193005, 14.65200999526362 ], [ 121.045885756337114, 14.652064321131332 ], [ 121.038688752321946, 14.653660321574241 ], [ 121.038690858537876, 14.653415176344989 ], [ 121.038812450982491, 14.65228767369234 ], [ 121.038888359061147, 14.651752937477459 ], [ 121.039006636548294, 14.65107473569625 ], [ 121.039129015037091, 14.650532974523898 ], [ 121.039310951548245, 14.64983160994135 ], [ 121.039469368973158, 14.64930472210402 ], [ 121.039612891374901, 14.648874652182791 ], [ 121.039909162255086, 14.648089153662328 ], [ 121.040239768980115, 14.647404975146664 ], [ 121.040344655628559, 14.647161584208661 ], [ 121.040500412028337, 14.64682890064425 ], [ 121.040569494687361, 14.646696401102963 ], [ 121.040762918042901, 14.646382604842136 ], [ 121.041205758899409, 14.646656634913299 ], [ 121.041289918054218, 14.646763764517859 ], [ 121.04262501990813, 14.647566165578143 ], [ 121.042947112990319, 14.647681079144609 ], [ 121.046534898030103, 14.649877667943205 ], [ 121.046642877374154, 14.650029479375032 ], [ 121.04668827607145, 14.650103498987248 ], [ 121.04672804556408, 14.650186858191939 ], [ 121.04677634377417, 14.650330178946444 ], [ 121.046799889127513, 14.650486129966785 ], [ 121.046806503633519, 14.650636512707075 ], [ 121.046660654189495, 14.651011425192479 ], [ 121.046565024284817, 14.651350151476482 ], [ 121.046463135409965, 14.651451266271666 ] ] } },
{ "type": "Feature", "properties": { }, "geometry": { "type": "LineString", "coordinates": [ [ 121.046547961487192, 14.628986878522692 ], [ 121.045766363992527, 14.630706694803816 ], [ 121.045698690080513, 14.630685738518155 ], [ 121.045821559408694, 14.630409988410127 ], [ 121.046155349634802, 14.629702207489993 ], [ 121.046506137899442, 14.628973810668057 ] ] } },
{ "type": "Feature", "properties": { }, "geometry": { "type": "LineString", "coordinates": [ [ 121.046780375371398, 14.653240990648637 ], [ 121.046697214927306, 14.653083777803381 ], [ 121.046608117502586, 14.652844680235694 ], [ 121.04657845396963, 14.65271064868486 ], [ 121.046538086272292, 14.65243871366301 ], [ 121.046523571239248, 14.652164426834648 ], [ 121.046530647683923, 14.651892850758305 ], [ 121.046554235123637, 14.65162622116236 ], [ 121.046598868562043, 14.65136257159236 ], [ 121.046642438786151, 14.651191473911881 ], [ 121.046755199785807, 14.650856375899483 ], [ 121.046841250883105, 14.650645692132372 ], [ 121.046927939795935, 14.650467945111906 ], [ 121.047024678152212, 14.650294672007007 ], [ 121.04713094354554, 14.650126617473402 ], [ 121.047253892433602, 14.649956142969335 ], [ 121.04738439215086, 14.649791307220344 ], [ 121.047521862841322, 14.649631737701558 ], [ 121.047740642677326, 14.649417932360457 ], [ 121.047898079982971, 14.649285277065244 ], [ 121.048161298490612, 14.649081721938192 ], [ 121.048497930266947, 14.648883895505231 ], [ 121.048716721049544, 14.648774134841462 ], [ 121.048916652452135, 14.648691535014677 ], [ 121.049333108071949, 14.648562076480104 ], [ 121.049685267962772, 14.648521183057435 ], [ 121.049966695420849, 14.648526940250148 ], [ 121.050076391735814, 14.648539084845718 ], [ 121.050364987655911, 14.64859559035067 ], [ 121.05061077891736, 14.648673730380882 ], [ 121.050729200220758, 14.648724369110317 ], [ 121.050941210534887, 14.648832882920091 ], [ 121.051106906404115, 14.648943313812017 ], [ 121.05131219621137, 14.64912289334392 ], [ 121.051409291992911, 14.649219492212371 ], [ 121.051587087159604, 14.649426687974774 ], [ 121.05174434049718, 14.649649197122805 ], [ 121.051800400610574, 14.649751464953253 ], [ 121.051893356914164, 14.649981803655011 ], [ 121.051957684362421, 14.650232867606118 ], [ 121.051977632300563, 14.65034739457283 ], [ 121.052013548734863, 14.650694794885579 ], [ 121.0520140479601, 14.651029589801595 ], [ 121.051981212946728, 14.651362815085538 ], [ 121.051915441452437, 14.651691474558996 ], [ 121.051870341452556, 14.651852801434211 ], [ 121.051687087734379, 14.652328231405653 ], [ 121.051612223852487, 14.652484123265856 ], [ 121.051528231724191, 14.652635607299437 ], [ 121.05137231385514, 14.65287755092381 ], [ 121.051229863499941, 14.653054747266181 ], [ 121.050922111231586, 14.653371589511101 ], [ 121.050655265987473, 14.653628348899453 ], [ 121.050521828013032, 14.653742511402603 ], [ 121.050381236496378, 14.65384812892313 ], [ 121.050233673878878, 14.653944979326681 ], [ 121.050081225012732, 14.654031767325199 ], [ 121.049910580379404, 14.654114802452801 ], [ 121.049734523514076, 14.654186238624023 ], [ 121.049553794145055, 14.654245753137591 ], [ 121.049369109975132, 14.654293192209105 ], [ 121.0490918874589, 14.654340546132625 ], [ 121.048850836082366, 14.654359225930223 ], [ 121.048729822366724, 14.654361014310396 ], [ 121.048488286190491, 14.65434919072476 ], [ 121.048248744980171, 14.654317099679643 ], [ 121.048004583063047, 14.654262715413335 ], [ 121.047873458372237, 14.654220062774858 ], [ 121.04774648148063, 14.654166619652134 ], [ 121.047623864603679, 14.654104122677312 ], [ 121.047506397591405, 14.654033008579102 ], [ 121.047394774195709, 14.65395367375598 ], [ 121.047289493935196, 14.653866517937709 ], [ 121.047191469018827, 14.653772149187361 ], [ 121.046879806772907, 14.653389394252264 ], [ 121.046780375371398, 14.653240990648637 ] ] } },
{ "type": "Feature", "properties": { }, "geometry": { "type": "LineString", "coordinates": [ [ 121.046763957090477, 14.629141289433724 ], [ 121.046064294193258, 14.630669137819371 ], [ 121.046010879703005, 14.630782698981612 ], [ 121.046000185702553, 14.630779360244338 ], [ 121.04674833028713, 14.629130428982904 ] ] } },
{ "type": "Feature", "properties": { }, "geometry": { "type": "LineString", "coordinates": [ [ 121.046895651672386, 14.650452682461548 ], [ 121.046839451542482, 14.650567915280048 ], [ 121.046835577649773, 14.650481987642189 ], [ 121.046811392748722, 14.650322235439937 ], [ 121.046761881352481, 14.650175111904799 ], [ 121.046719650834092, 14.650086529662937 ], [ 121.046616224121308, 14.649924528693576 ], [ 121.04683280559982, 14.650048999107542 ], [ 121.046864636154567, 14.650078886516196 ], [ 121.046908772819791, 14.650136522679388 ], [ 121.046939837832227, 14.650201320862649 ], [ 121.046956893314913, 14.650270876740541 ], [ 121.046958904175938, 14.650339337417424 ], [ 121.046895651672386, 14.650452682461548 ] ] } },
{ "type": "Feature", "properties": { }, "geometry": { "type": "LineString", "coordinates": [ [ 121.046937326521928, 14.641159697556853 ], [ 121.046861048238029, 14.641200253231728 ], [ 121.046838970901021, 14.641106042017613 ], [ 121.046916138960981, 14.641063638137068 ], [ 121.046937326521928, 14.641159697556853 ] ] } },
{ "type": "Feature", "properties": { }, "geometry": { "type": "LineString", "coordinates": [ [ 121.046945157799513, 14.641195203066147 ], [ 121.046954681729275, 14.641238528686998 ], [ 121.046879595408114, 14.641279491209378 ], [ 121.04686931009816, 14.641235529802175 ], [ 121.046945157799513, 14.641195203066147 ] ] } },
{ "type": "Feature", "properties": { }, "geometry": { "type": "LineString", "coordinates": [ [ 121.046969274455947, 14.649912486914447 ], [ 121.046933333566869, 14.649899921461286 ], [ 121.046737816100759, 14.649786834527374 ], [ 121.046876255441859, 14.649805281565611 ], [ 121.047034687147416, 14.649803688804933 ], [ 121.047147987147426, 14.649783288806523 ], [ 121.047227645537973, 14.649760354084435 ], [ 121.047445108364698, 14.649666533391008 ], [ 121.047269005311648, 14.649878089708944 ], [ 121.047200371471305, 14.649908757860484 ], [ 121.047124329917139, 14.649925549974109 ], [ 121.047046360802867, 14.649926790608827 ], [ 121.046969274455947, 14.649912486914447 ] ] } },
{ "type": "Feature", "properties": { }, "geometry": { "type": "LineString", "coordinates": [ [ 121.047166740751948, 14.642188879270753 ], [ 121.04779590364025, 14.645008649712485 ], [ 121.048536968573316, 14.648065234105706 ], [ 121.04856642142208, 14.648131032669344 ], [ 121.048605165900838, 14.648188006381204 ], [ 121.048662443014535, 14.648246943769172 ], [ 121.048753947078865, 14.648319006500989 ], [ 121.048895546358665, 14.648406940817292 ], [ 121.048989464874651, 14.648455410556981 ], [ 121.049117030883465, 14.648505861799073 ], [ 121.049259145269801, 14.648547357844217 ], [ 121.048904367902466, 14.64865885899996 ], [ 121.04870152078864, 14.648742631608716 ], [ 121.048480183633018, 14.648853665093597 ], [ 121.048204954583596, 14.649015102443091 ], [ 121.048268119931308, 14.648904168961213 ], [ 121.048345256751119, 14.648732049071709 ], [ 121.048412530353531, 14.648532024071754 ], [ 121.048435767295047, 14.648438758073354 ], [ 121.048462027078017, 14.648275559799579 ], [ 121.04846613535544, 14.648197080144431 ], [ 121.048459219998222, 14.648120631603044 ], [ 121.047730931946759, 14.645034100025271 ], [ 121.046887861485175, 14.641314893181208 ], [ 121.046962582797462, 14.641274129792023 ], [ 121.047166740751948, 14.642188879270753 ] ] } },
{ "type": "Feature", "properties": { }, "geometry": { "type": "LineString", "coordinates": [ [ 121.05102404661551, 14.648644115957623 ], [ 121.05103482923802, 14.648645799362003 ], [ 121.050944110073218, 14.648794649894185 ], [ 121.05078738636962, 14.64871455845177 ], [ 121.050944669637801, 14.648676860322235 ], [ 121.051012376340438, 14.648628381373257 ], [ 121.05102404661551, 14.648644115957623 ] ] } },
{ "type": "Feature", "properties": { }, "geometry": { "type": "LineString", "coordinates": [ [ 121.051130993008826, 14.648557373070666 ], [ 121.051957323153033, 14.647298968237909 ], [ 121.051999176245644, 14.647268284039022 ], [ 121.05195512252206, 14.647356735646033 ], [ 121.051134978074444, 14.648628035222416 ], [ 121.051112312020024, 14.648692157021575 ], [ 121.051114289256645, 14.64880742140134 ], [ 121.051130191480965, 14.648862938962296 ], [ 121.051177340814775, 14.648957234945046 ], [ 121.051128192085685, 14.648915285360106 ], [ 121.050974663780622, 14.648812963741593 ], [ 121.051130993008826, 14.648557373070666 ] ] } },
{ "type": "Feature", "properties": { }, "geometry": { "type": "LineString", "coordinates": [ [ 121.051482735956213, 14.636818869904497 ], [ 121.049819066041465, 14.637191038376107 ], [ 121.049250277943543, 14.637306680499227 ], [ 121.048725265204311, 14.63742631508023 ], [ 121.047952213931353, 14.637581950044769 ], [ 121.046233591201954, 14.637960319315882 ], [ 121.046106977277006, 14.637382371838108 ], [ 121.045821517862592, 14.636212838321038 ], [ 121.045229862208672, 14.633679630135992 ], [ 121.04517278735608, 14.633496340147172 ], [ 121.045094918428688, 14.633318408100813 ], [ 121.045065291225512, 14.633273915886386 ], [ 121.045002130988081, 14.633204837655171 ], [ 121.044915868070746, 14.633147349515941 ], [ 121.045017112186372, 14.632981184193167 ], [ 121.045132031816735, 14.632762629579622 ], [ 121.045615160594522, 14.631706184360706 ], [ 121.046030568865035, 14.630825008698977 ], [ 121.052551639067133, 14.632706700456051 ] ] } },
{ "type": "Feature", "properties": { }, "geometry": { "type": "LineString", "coordinates": [ [ 121.054158289385043, 14.633759334213096 ], [ 121.05412841647464, 14.633820312288133 ], [ 121.054105875989919, 14.633896466556219 ], [ 121.054091573855359, 14.634034938333059 ], [ 121.054096140347383, 14.634200073034338 ], [ 121.054125328797269, 14.634405425563168 ], [ 121.05433333495796, 14.635345353387541 ], [ 121.054523148737132, 14.636158638852381 ], [ 121.054149192902258, 14.636244753493079 ], [ 121.051482735956213, 14.636818869904497 ] ] } },
{ "type": "Feature", "properties": { }, "geometry": { "type": "LineString", "coordinates": [ [ 121.051862176004448, 14.647334988302722 ], [ 121.051915065640969, 14.647251895064622 ], [ 121.051941487428707, 14.647226646792205 ], [ 121.051927218551469, 14.647279984122799 ], [ 121.051059986879466, 14.648606236802316 ], [ 121.05104467432416, 14.648611217995379 ], [ 121.051044272256092, 14.64859104758119 ], [ 121.051391827276603, 14.648047125961201 ], [ 121.051782924295907, 14.647445841002101 ], [ 121.051862176004448, 14.647334988302722 ] ] } },
{ "type": "Feature", "properties": { }, "geometry": { "type": "LineString", "coordinates": [ [ 121.052034555675888, 14.647198727336407 ], [ 121.051974244240725, 14.647242944107177 ], [ 121.051991897715112, 14.647176955075931 ], [ 121.052486063692172, 14.646432873313636 ], [ 121.053094995906037, 14.645473658189569 ], [ 121.053485746703387, 14.644777590782907 ], [ 121.053728418411239, 14.644269372308562 ], [ 121.053990983959707, 14.643604301689079 ], [ 121.054293172461996, 14.642748610002247 ], [ 121.054474711028533, 14.642145651809447 ], [ 121.054566166928197, 14.64177826988489 ], [ 121.054671290697613, 14.641261124465652 ], [ 121.054785832618748, 14.64045811662692 ], [ 121.054840595534117, 14.639863041386768 ], [ 121.05485486592633, 14.6392748870429 ], [ 121.054850266278009, 14.638227869494234 ], [ 121.05483042789497, 14.637934263922284 ], [ 121.054791204821015, 14.637591874574378 ], [ 121.05470646367435, 14.636984496596872 ], [ 121.054641362497335, 14.636569489085014 ], [ 121.054565269846208, 14.63618478037408 ], [ 121.054628417529031, 14.636169925879582 ], [ 121.054769336072937, 14.63697910686664 ], [ 121.054869893541181, 14.637685193553583 ], [ 121.054902549566307, 14.638217883954095 ], [ 121.054912835429036, 14.63856400822768 ], [ 121.054917236582767, 14.639331869785032 ], [ 121.054894269823748, 14.639863100908331 ], [ 121.054818585233818, 14.640596728918739 ], [ 121.054714795120063, 14.641272713238203 ], [ 121.054635867769591, 14.641681331722966 ], [ 121.054527368146339, 14.642166072317284 ], [ 121.054435269591806, 14.642489464973107 ], [ 121.054281770698935, 14.642964732037081 ], [ 121.054046917701768, 14.64361384935496 ], [ 121.053782632161216, 14.644289045993691 ], [ 121.053525329120973, 14.644822521438591 ], [ 121.053313986311608, 14.645229733224385 ], [ 121.053004345474321, 14.645734074242425 ], [ 121.052545101184123, 14.646463321603147 ], [ 121.052034555675888, 14.647198727336407 ] ] } },
{ "type": "Feature", "properties": { }, "geometry": { "type": "LineString", "coordinates": [ [ 121.052059228867932, 14.647008988006233 ], [ 121.051961086758652, 14.647159054858978 ], [ 121.051886836123359, 14.647230183203757 ], [ 121.051752645135934, 14.647427117548606 ], [ 121.051023394250663, 14.648558783542333 ], [ 121.050989919059589, 14.64860112630463 ], [ 121.050931590888382, 14.648644270593557 ], [ 121.050738648744726, 14.648690400613672 ], [ 121.05050086456238, 14.648597872929203 ], [ 121.05037434547873, 14.648562017194148 ], [ 121.050082763646742, 14.648504863052754 ], [ 121.049968863008701, 14.648492233363546 ], [ 121.049684212780377, 14.648486417684992 ], [ 121.049330350643615, 14.648527382540337 ], [ 121.049128818592806, 14.648473020038475 ], [ 121.048950525465642, 14.648397194337122 ], [ 121.048774610825518, 14.648290557909668 ], [ 121.0486863743496, 14.648221005684169 ], [ 121.048614815380859, 14.648142501236645 ], [ 121.048571297804216, 14.648054933256997 ], [ 121.047830930226795, 14.645000890721281 ], [ 121.046898465210319, 14.640816547461213 ], [ 121.046241263681779, 14.637994285438319 ], [ 121.047960068077529, 14.637615875929567 ], [ 121.048732650796751, 14.637460340318018 ], [ 121.049258297762123, 14.637340570654313 ], [ 121.049827025834986, 14.637224941183614 ], [ 121.052054790900598, 14.636727748970486 ], [ 121.054157012902849, 14.636278687310769 ], [ 121.05453025807077, 14.6361927283358 ], [ 121.0546058886776, 14.636575036837311 ], [ 121.054670914592023, 14.636989564578316 ], [ 121.054755566634924, 14.637596320832115 ], [ 121.054794598542458, 14.637936926631172 ], [ 121.054814334725677, 14.638228483881965 ], [ 121.054818928938261, 14.639274348346023 ], [ 121.054804747279434, 14.639860580137585 ], [ 121.054750130976601, 14.640454170488889 ], [ 121.054635793647208, 14.641255696156252 ], [ 121.054531134261396, 14.641770527088656 ], [ 121.054440005820538, 14.642136637852174 ], [ 121.054258913420767, 14.642738119826983 ], [ 121.05395728246117, 14.643592236718604 ], [ 121.053695530318336, 14.644255355481679 ], [ 121.053453822921085, 14.644761626434281 ], [ 121.0530637817333, 14.64545643323706 ], [ 121.052455767404425, 14.646414178091007 ], [ 121.052059228867932, 14.647008988006233 ] ] } },
{ "type": "Feature", "properties": { }, "geometry": { "type": "LineString", "coordinates": [ [ 121.054372412997068, 14.635087653109204 ], [ 121.054424119673655, 14.635327315793825 ], [ 121.054621203343316, 14.636135843547647 ], [ 121.054558135822944, 14.636150679187489 ], [ 121.054368441983101, 14.63533794282549 ], [ 121.054160608328019, 14.634398796589965 ], [ 121.054132032801292, 14.634198172577344 ], [ 121.05412748266987, 14.634036445079293 ], [ 121.05414107682077, 14.63390347947959 ], [ 121.054181284455495, 14.633789441229847 ], [ 121.054188332137969, 14.633845539981012 ], [ 121.054179435415804, 14.633903459361763 ], [ 121.054182824294401, 14.634190425389161 ], [ 121.054215488942404, 14.634405288450528 ], [ 121.054372412997068, 14.635087653109204 ] ] } },
{ "type": "Feature", "properties": { }, "geometry": { "type": "LineString", "coordinates": [ [ 121.055020716574475, 14.654388780621208 ], [ 121.05587623880615, 14.654566227672991 ], [ 121.056670845602568, 14.654694688992702 ], [ 121.056926341872284, 14.654720278372789 ], [ 121.058405425847212, 14.654749029898621 ], [ 121.058403856719522, 14.654874758260068 ], [ 121.056280270167974, 14.654861518210193 ], [ 121.05607615006015, 14.654865442499831 ], [ 121.055915275093838, 14.654878964333969 ], [ 121.055860572548511, 14.654893160327532 ], [ 121.055787998250764, 14.654923611969755 ], [ 121.055742537897245, 14.654952899937097 ], [ 121.055691692412765, 14.655028220824958 ], [ 121.055677863076113, 14.655073217746629 ], [ 121.055676015252729, 14.65512796483813 ], [ 121.055687021614716, 14.655172715464769 ], [ 121.055718952942726, 14.655247427282024 ], [ 121.054132866315896, 14.65417790942103 ], [ 121.055020716574475, 14.654388780621208 ] ] } },
{ "type": "Feature", "properties": { }, "geometry": { "type": "LineString", "coordinates": [ [ 121.056596523215603, 14.635307506712239 ], [ 121.056385683651584, 14.635406178113156 ], [ 121.055889331511736, 14.635744446950579 ], [ 121.055611045723779, 14.635885724573377 ], [ 121.055409616928486, 14.635963898371353 ], [ 121.054656139917327, 14.636127696258685 ], [ 121.05445913709481, 14.635319515537823 ], [ 121.054357586721935, 14.634848945585777 ], [ 121.054250671502984, 14.634398187969902 ], [ 121.054218542804392, 14.634186475709836 ], [ 121.054215347588723, 14.633905128431321 ], [ 121.054224316029902, 14.633844900436072 ], [ 121.054216269131501, 14.633796733484136 ] ] } },
{ "type": "Feature", "properties": { }, "geometry": { "type": "LineString", "coordinates": [ [ 121.057689944998828, 14.657112657731068 ], [ 121.056322503526573, 14.656223561872391 ], [ 121.054837104584522, 14.655293197198047 ], [ 121.05423766418204, 14.654902196956591 ], [ 121.053864524257634, 14.654624998680067 ], [ 121.053478651496178, 14.654322120674482 ], [ 121.05261730408921, 14.653687612141914 ], [ 121.051856225459758, 14.653193884932188 ], [ 121.051679167091464, 14.653128737885233 ], [ 121.051506866423168, 14.653101656904731 ], [ 121.051407297920107, 14.653101849102809 ], [ 121.05121010361141, 14.653125410190885 ], [ 121.051332110351481, 14.652990218073102 ], [ 121.051401737871274, 14.652897513103547 ], [ 121.051559074283134, 14.652653451966247 ], [ 121.051644593571368, 14.652499223984158 ], [ 121.051754812009136, 14.652257223189167 ], [ 121.051768503425677, 14.652589383625971 ], [ 121.051817092359528, 14.652779300887063 ], [ 121.051870772870728, 14.652877056067794 ], [ 121.051963058619435, 14.652976648044607 ], [ 121.052101741191748, 14.653068353812879 ], [ 121.052549119152914, 14.653324826505116 ], [ 121.053087599327995, 14.653654060838353 ], [ 121.054034905920105, 14.654153789869001 ], [ 121.056480980103899, 14.655799795619696 ], [ 121.05894384727597, 14.657430173965416 ], [ 121.059464365862908, 14.657785052519312 ], [ 121.061988356572314, 14.659464797775103 ] ] } },
{ "type": "Feature", "properties": { }, "geometry": { "type": "LineString", "coordinates": [ [ 121.061770777541682, 14.659783969734477 ], [ 121.058898687340246, 14.657895782409309 ], [ 121.058206275317374, 14.657428741720528 ], [ 121.057689944998828, 14.657112657731068 ] ] } },
{ "type": "Feature", "properties": { }, "geometry": { "type": "LineString", "coordinates": [ [ 121.058969944442353, 14.661931824196895 ], [ 121.059033538994825, 14.661942285637883 ], [ 121.058966768651274, 14.661962698286342 ], [ 121.057990713955888, 14.66199132063991 ], [ 121.057233594613649, 14.662003712260226 ], [ 121.057203128523554, 14.661990508732076 ], [ 121.057235261774395, 14.661971464983754 ], [ 121.058969944442353, 14.661931824196895 ] ] } },
{ "type": "Feature", "properties": { }, "geometry": { "type": "LineString", "coordinates": [ [ 121.059453845840764, 14.661912620153025 ], [ 121.059111087987375, 14.661919781138295 ], [ 121.058970674920147, 14.661897026169177 ], [ 121.057229572381033, 14.661936823671564 ], [ 121.057159448839869, 14.661975628727367 ], [ 121.049869199044068, 14.662128222951727 ], [ 121.048072157138975, 14.662153624046093 ], [ 121.047437402893323, 14.662172405409519 ], [ 121.047274175082677, 14.662159658202398 ], [ 121.046880685166727, 14.662024979946997 ], [ 121.04667709302106, 14.661974071038564 ], [ 121.046430314496789, 14.661929153457859 ], [ 121.04465752241012, 14.661565059270698 ], [ 121.044472032900316, 14.661506575877205 ], [ 121.04442265772704, 14.661486216941078 ], [ 121.044395060914212, 14.661460985681405 ], [ 121.044923184684251, 14.659244900358861 ], [ 121.045112651525997, 14.658625494933142 ], [ 121.0452953759482, 14.65813642301516 ], [ 121.045459664554315, 14.657741065014431 ], [ 121.045933816618231, 14.656793577305281 ], [ 121.04620376343729, 14.656293845974989 ], [ 121.046493292534905, 14.655804403948233 ], [ 121.046901147141526, 14.655180244308768 ], [ 121.047097478844336, 14.654897131209827 ], [ 121.047415099303421, 14.654463600645277 ], [ 121.047514510853887, 14.654363252863385 ], [ 121.047557144112446, 14.654340757017902 ], [ 121.047639797641409, 14.654325372951853 ], [ 121.047998010040914, 14.654296968183663 ], [ 121.048118265645712, 14.654326522509132 ], [ 121.048363625000079, 14.654370165537904 ], [ 121.048607580978256, 14.654392374597812 ], [ 121.048851774407552, 14.654393979824711 ], [ 121.049095915497162, 14.65437509288188 ], [ 121.049217857890412, 14.654357793693267 ], [ 121.04937706476818, 14.654327095959111 ], [ 121.04956478910654, 14.654278854795374 ], [ 121.049747848672979, 14.654218529206352 ], [ 121.04992617272994, 14.654146128404934 ], [ 121.050176166604686, 14.65401961769083 ], [ 121.050401886376889, 14.653876584230604 ], [ 121.05054520171204, 14.653768920946566 ], [ 121.050680340888633, 14.653653255168297 ], [ 121.05094785001144, 14.653395848268001 ], [ 121.051171395953361, 14.653165063047249 ], [ 121.051468283328063, 14.653134793052766 ], [ 121.051596760599153, 14.653147760297653 ], [ 121.051668696154806, 14.653162010759401 ], [ 121.051838117433149, 14.653223951497395 ], [ 121.052596050637547, 14.653715646157051 ], [ 121.053456581392226, 14.654349555008732 ], [ 121.053842231094166, 14.654652266338026 ], [ 121.054217256426455, 14.654930812167708 ], [ 121.054817436129028, 14.655322290935434 ], [ 121.056302615670916, 14.656252515426131 ], [ 121.057670021185146, 14.65714158897668 ], [ 121.058186054212641, 14.657457480550951 ], [ 121.058878401362662, 14.657924475910905 ], [ 121.061749354264961, 14.659811915313671 ] ] } },
{ "type": "Feature", "properties": { }, "geometry": { "type": "LineString", "coordinates": [ [ 121.059997085475032, 14.661901666729413 ], [ 121.059453845840764, 14.661912620153025 ] ] } },
{ "type": "Feature", "properties": { }, "geometry": { "type": "LineString", "coordinates": [ [ 121.059484741655197, 14.657756418535884 ], [ 121.05896425390317, 14.657401560538201 ], [ 121.055775960456415, 14.655285774939552 ], [ 121.05572100931569, 14.655161373352637 ], [ 121.055711843010741, 14.655123791501822 ], [ 121.055713571513252, 14.655078122646 ], [ 121.055741961107344, 14.655010370594512 ], [ 121.05576520489609, 14.654980037002991 ], [ 121.05580332218031, 14.654955107216827 ], [ 121.055872849260766, 14.654925897828791 ], [ 121.055988939844227, 14.65490472215812 ], [ 121.0562805631739, 14.654896281413574 ], [ 121.056653747290611, 14.654895681921069 ], [ 121.058421228533106, 14.654909779827019 ], [ 121.058437190999285, 14.65490086634316 ], [ 121.058441455865719, 14.654733706768594 ], [ 121.059761906788452, 14.648056173680141 ], [ 121.059834953352365, 14.647814294170914 ], [ 121.059879842292787, 14.647714672227307 ], [ 121.059976431006547, 14.647544482723198 ], [ 121.060097633034331, 14.647409027422508 ], [ 121.060250927534625, 14.647280806757889 ], [ 121.060406098678115, 14.647210695099171 ], [ 121.060595064967089, 14.647167786207788 ], [ 121.060706097094368, 14.647153725319344 ], [ 121.061133964136332, 14.647146681703799 ], [ 121.061331506962063, 14.647155026978405 ], [ 121.061462345382395, 14.647168538006328 ], [ 121.061685954396623, 14.647206662292222 ], [ 121.063651690372382, 14.647673883559765 ], [ 121.063943856747201, 14.647711280406675 ], [ 121.064086272922907, 14.647717663953497 ], [ 121.064291673604629, 14.64770783865271 ], [ 121.064460105139801, 14.647689223184514 ], [ 121.064567566634466, 14.647693352537138 ], [ 121.064726988762601, 14.647710913741587 ] ] } },
{ "type": "Feature", "properties": { }, "geometry": { "type": "LineString", "coordinates": [ [ 121.062006865945619, 14.65943492201813 ], [ 121.059484741655197, 14.657756418535884 ] ] } },
{ "type": "Feature", "properties": { }, "geometry": { "type": "LineString", "coordinates": [ [ 121.060750744920227, 14.647116132930138 ], [ 121.060588972030857, 14.64713351911589 ], [ 121.060396352002229, 14.647177210446864 ], [ 121.06022962094643, 14.64725269235139 ], [ 121.06007253453339, 14.647384089666525 ], [ 121.059946851758468, 14.647524572985345 ], [ 121.059847230665383, 14.647700053575882 ], [ 121.059801630665376, 14.647801253579095 ], [ 121.059771458781512, 14.647893892849117 ], [ 121.059726751940161, 14.648048942804703 ], [ 121.058408714603885, 14.654714323754487 ], [ 121.056927808191475, 14.654685536093563 ], [ 121.056674894859782, 14.654660145186204 ], [ 121.055882682063768, 14.654532026003549 ], [ 121.05523053933031, 14.654399219114174 ], [ 121.054050948100212, 14.654122657237426 ], [ 121.053105309304968, 14.653623807470035 ], [ 121.052568099014692, 14.653295306902063 ], [ 121.052120560251083, 14.653038733653286 ], [ 121.051985152537412, 14.652949150185593 ], [ 121.051900330378572, 14.652857074131482 ], [ 121.051851367559365, 14.652768653037112 ], [ 121.051804182303712, 14.652584604891617 ], [ 121.05178749630349, 14.652177229526499 ], [ 121.051904420861547, 14.651863842860688 ], [ 121.051950243159638, 14.651700138194274 ], [ 121.052016714756974, 14.651368198498984 ], [ 121.052037538645521, 14.65120026843927 ], [ 121.052049961786793, 14.651030789830807 ], [ 121.052049460554429, 14.650693560220049 ], [ 121.052029276126987, 14.650459060614677 ], [ 121.051993016519233, 14.650226511585295 ], [ 121.05192725652735, 14.649970229437624 ], [ 121.051833320912451, 14.649737500228335 ], [ 121.051775672250329, 14.649632155833041 ], [ 121.051616186334144, 14.649406287528056 ], [ 121.05152831777005, 14.649298250109046 ], [ 121.051435380158807, 14.649195581616679 ], [ 121.051247350948529, 14.649017291104334 ], [ 121.051163877261601, 14.648850635930646 ], [ 121.051149802920591, 14.648801563393937 ], [ 121.051147930878599, 14.648697900035168 ], [ 121.05116762817002, 14.648642803367634 ], [ 121.051986183717048, 14.647374237432572 ], [ 121.052063276942235, 14.647219666997755 ], [ 121.052575719306645, 14.646481521687379 ], [ 121.053345855798966, 14.645245800281183 ], [ 121.053557779370749, 14.644837453739401 ], [ 121.053816001821517, 14.644301956227988 ], [ 121.054080601821511, 14.643625956246959 ], [ 121.054315857374505, 14.642975743156565 ], [ 121.054469627636607, 14.642499648947336 ], [ 121.054562120817693, 14.642174917571984 ], [ 121.054671027563728, 14.641688518068049 ], [ 121.054750116083866, 14.641279115484934 ], [ 121.054854171285754, 14.640601554269466 ], [ 121.05493008321028, 14.639865969921944 ], [ 121.054953165774322, 14.639332433690189 ], [ 121.054948758883754, 14.638563200396389 ], [ 121.054938432371969, 14.638216032116025 ], [ 121.054905651667312, 14.637681739414155 ], [ 121.054804837166643, 14.636973732570867 ], [ 121.054663396248841, 14.636161764021457 ], [ 121.055419320630833, 14.635997396836888 ], [ 121.055625088502453, 14.635917733809888 ], [ 121.055908731557039, 14.635773721258952 ], [ 121.056404142921664, 14.635436064909793 ], [ 121.056609298120165, 14.635340012954764 ], [ 121.056679641911956, 14.635317784427604 ] ] } },
{ "type": "Feature", "properties": { }, "geometry": { "type": "LineString", "coordinates": [ [ 121.064721720396648, 14.647676551622702 ], [ 121.064569413009096, 14.647658631308724 ], [ 121.064458697050128, 14.647654430924582 ], [ 121.064288771018042, 14.647673185780796 ], [ 121.064087197714429, 14.647682903525764 ], [ 121.063813227517002, 14.647662560039704 ], [ 121.063657881287767, 14.647639630338899 ], [ 121.06159996235543, 14.647154362695005 ], [ 121.061466606779732, 14.647134015746349 ], [ 121.061222277695265, 14.647113848871872 ], [ 121.060750744920227, 14.647116132930138 ] ] } },
{ "type": "Feature", "properties": { }, "geometry": { "type": "LineString", "coordinates": [ [ 121.052457692526104, 14.632642387752828 ], [ 121.046045497676673, 14.63079303336348 ], [ 121.046796224776145, 14.629156026185791 ] ] } },
{ "type": "Feature", "properties": { }, "geometry": { "type": "LineString", "coordinates": [ [ 121.046935750214672, 14.6499922562243 ], [ 121.046666255629447, 14.649731523059033 ], [ 121.046576424101019, 14.649731523059033 ], [ 121.046486592572606, 14.649644611935022 ], [ 121.046396761044193, 14.649644611935022 ], [ 121.046217097987352, 14.649470789583614 ], [ 121.046127266458939, 14.649470789583614 ], [ 121.046037434930554, 14.649383878356218 ], [ 121.045947603402141, 14.649383878356218 ], [ 121.045767940345328, 14.649210055798033 ], [ 121.045678108816915, 14.649210055798033 ], [ 121.045498445760074, 14.649036233102008 ], [ 121.045408614231661, 14.649036233102008 ], [ 121.045228951174835, 14.648862410268135 ], [ 121.045139119646436, 14.648862410268135 ], [ 121.044959456589581, 14.648688587296423 ], [ 121.044869625061196, 14.648688587296423 ], [ 121.044779793532783, 14.648601675758874 ], [ 121.044689962004384, 14.648601675758874 ], [ 121.044510298947557, 14.648427852580401 ], [ 121.044420467419144, 14.648427852580401 ], [ 121.044240804362303, 14.648254029264082 ], [ 121.04415097283389, 14.648254029264082 ], [ 121.043971309777049, 14.648080205809933 ], [ 121.043881478248636, 14.648080205809933 ], [ 121.043701815191838, 14.647906382217952 ], [ 121.043611983663439, 14.647906382217952 ], [ 121.043342489078199, 14.647645646571535 ], [ 121.043162826021359, 14.647645646571535 ], [ 121.042893331436133, 14.64738491061499 ], [ 121.042803499907691, 14.64738491061499 ], [ 121.042623836850893, 14.647211086471682 ], [ 121.042534005322494, 14.647211086471682 ], [ 121.042264510737255, 14.646950349998287 ], [ 121.042174679208856, 14.646950349998287 ], [ 121.041995016152001, 14.646776525510402 ], [ 121.041905184623602, 14.646776525510402 ], [ 121.041725521566747, 14.646602700884698 ], [ 121.041635690038333, 14.646602700884698 ], [ 121.041545858509949, 14.646515788520166 ], [ 121.040737374754244, 14.646515788520166 ], [ 121.039120407242834, 14.644951360066791 ], [ 121.03903057571442, 14.644951360066791 ], [ 121.038850912657608, 14.644777533994016 ], [ 121.038761081129195, 14.644777533994016 ], [ 121.038581418072354, 14.644603707783443 ], [ 121.038491586543941, 14.644603707783443 ], [ 121.037593271259837, 14.644603707783443 ], [ 121.035886472219971, 14.642952351910086 ], [ 121.035796640691586, 14.642952351910086 ], [ 121.035616977634774, 14.642778524252616 ], [ 121.035527146106361, 14.642778524252616 ], [ 121.035437314577948, 14.642691610372214 ], [ 121.035257651521107, 14.642691610372214 ], [ 121.035167819992694, 14.642604696457365 ], [ 121.03507798846428, 14.642604696457365 ], [ 121.03489832540744, 14.642430868524324 ], [ 121.034808493879027, 14.642430868524324 ], [ 121.034718662350642, 14.642343954506128 ], [ 121.034628830822243, 14.642343954506128 ], [ 121.034538999293829, 14.64225704045349 ], [ 121.034449167765416, 14.64225704045349 ], [ 121.034179673180191, 14.641996298088891 ], [ 121.034089841651749, 14.641996298088891 ], [ 121.034000010123336, 14.64190938389847 ], [ 121.033910178594937, 14.64190938389847 ], [ 121.033730515538082, 14.641735555414289 ], [ 121.033640684009683, 14.641735555414289 ], [ 121.033461020952885, 14.64156172679232 ], [ 121.033371189424471, 14.64156172679232 ], [ 121.033281357896058, 14.641474812429671 ], [ 121.033191526367659, 14.641474812429671 ], [ 121.033011863310804, 14.641300983601035 ], [ 121.032922031782391, 14.641300983601035 ], [ 121.032742368725579, 14.641127154634621 ], [ 121.032652537197137, 14.641127154634621 ], [ 121.032472874140325, 14.640953325530434 ], [ 121.03238304261194, 14.640953325530434 ], [ 121.032203379555114, 14.640779496288474 ], [ 121.032113548026715, 14.640779496288474 ], [ 121.032023716498301, 14.640692581615827 ], [ 121.031933884969888, 14.640692581615827 ], [ 121.031754221913047, 14.6405187521672 ], [ 121.031664390384634, 14.6405187521672 ], [ 121.031484727327793, 14.640344922580811 ], [ 121.03139489579938, 14.640344922580811 ], [ 121.031215232742582, 14.640171092856651 ], [ 121.031125401214169, 14.640171092856651 ], [ 121.03103556968577, 14.640084177942907 ], [ 121.030945738157357, 14.640084177942907 ], [ 121.030766075100502, 14.639910348012094 ], [ 121.030676243572103, 14.639910348012094 ], [ 121.030496580515276, 14.639736517943513 ], [ 121.030406748986863, 14.639736517943513 ], [ 121.030227085930022, 14.63956268773717 ], [ 121.030137254401637, 14.63956268773717 ], [ 121.030047422873224, 14.639475772582339 ], [ 121.029957591344825, 14.639475772582339 ], [ 121.029777928287999, 14.639301942169354 ], [ 121.029688096759585, 14.639301942169354 ], [ 121.029508433702745, 14.639128111618607 ], [ 121.029418602174331, 14.639128111618607 ], [ 121.029238939117491, 14.638954280930104 ], [ 121.029149107589078, 14.638954280930104 ], [ 121.029059276060693, 14.638867365534191 ], [ 121.028969444532279, 14.638867365534191 ], [ 121.028789781475467, 14.638693534639053 ], [ 121.028699949947054, 14.638693534639053 ], [ 121.028520286890227, 14.638519703606153 ], [ 121.0284304553618, 14.638519703606153 ], [ 121.028340623833387, 14.638432788038051 ], [ 121.028250792304974, 14.638432788038051 ], [ 121.028071129248133, 14.638258956798531 ], [ 121.02798129771972, 14.638258956798531 ], [ 121.027801634662936, 14.638085125421249 ], [ 121.027711803134522, 14.638085125421249 ], [ 121.027532140077696, 14.637911293906225 ], [ 121.027442308549283, 14.637911293906225 ], [ 121.027262645492442, 14.637737462253444 ], [ 121.027172813964029, 14.637737462253444 ], [ 121.02708298243563, 14.637650546375403 ], [ 121.026993150907217, 14.637650546375403 ], [ 121.026813487850376, 14.637476714516014 ], [ 121.026094835623084, 14.637476714516014 ], [ 121.024837194225327, 14.636259887643474 ], [ 121.024747362696914, 14.636259887643474 ], [ 121.024567699640073, 14.636086054682169 ], [ 121.024477868111688, 14.636086054682169 ], [ 121.024298205054862, 14.635912221583125 ], [ 121.024208373526449, 14.635912221583125 ], [ 121.024028710469636, 14.635738388346351 ], [ 121.023938878941195, 14.635738388346351 ], [ 121.023849047412796, 14.635651471676313 ], [ 121.023759215884382, 14.635651471676313 ], [ 121.023579552827556, 14.635477638232942 ], [ 121.023489721299129, 14.635477638232942 ], [ 121.02331005824233, 14.635303804651851 ], [ 121.023220226713917, 14.635303804651851 ], [ 121.023040563657105, 14.635129970933027 ], [ 121.022950732128692, 14.635129970933027 ], [ 121.022860900600278, 14.635043054021967 ], [ 121.022771069071851, 14.635043054021967 ], [ 121.022591406015025, 14.63486922009656 ], [ 121.022501574486611, 14.63486922009656 ], [ 121.022321911429771, 14.634695386033426 ], [ 121.022232079901386, 14.634695386033426 ], [ 121.022052416844559, 14.634521551832577 ], [ 121.02196258531616, 14.634521551832577 ], [ 121.021872753787747, 14.634434634680508 ], [ 121.021782922259334, 14.634434634680508 ], [ 121.021603259202493, 14.634260800273077 ], [ 121.02151342767408, 14.634260800273077 ], [ 121.021333764617268, 14.63408696572793 ], [ 121.021243933088826, 14.63408696572793 ], [ 121.021064270032028, 14.633913131045071 ], [ 121.020974438503615, 14.633913131045071 ], [ 121.020884606975216, 14.633826213651989 ], [ 121.020794775446802, 14.633826213651989 ], [ 121.020525280861548, 14.633565461266201 ], [ 121.020435449333135, 14.633565461266201 ], [ 121.020345617804722, 14.633478543735418 ], [ 121.020255786276323, 14.633478543735418 ], [ 121.020076123219468, 14.633304708570554 ], [ 121.019986291691055, 14.633304708570554 ], [ 121.019806628634271, 14.633130873267994 ], [ 121.019716797105858, 14.633130873267994 ], [ 121.019537134049031, 14.632957037827724 ], [ 121.019447302520632, 14.632957037827724 ], [ 121.01935747099219, 14.632870120055946 ], [ 121.019267639463777, 14.632870120055946 ], [ 121.019177807935378, 14.632783202249737 ], [ 121.018728650293326, 14.632783202249737 ], [ 121.017830335009165, 14.631914022294316 ], [ 121.017740503480766, 14.631914022294316 ], [ 121.017560840423968, 14.631740185890132 ], [ 121.017471008895555, 14.631740185890132 ], [ 121.017291345838743, 14.631566349348251 ], [ 121.017201514310329, 14.631566349348251 ], [ 121.016932019725076, 14.63130559427726 ], [ 121.016842188196662, 14.63130559427726 ], [ 121.016572693611437, 14.631044838896461 ], [ 121.016482862083024, 14.631044838896461 ], [ 121.016123535969385, 14.63069716457349 ], [ 121.016033704440972, 14.63069716457349 ], [ 121.015943872912544, 14.630610245906684 ], [ 121.015584546798877, 14.63026257089528 ], [ 121.015494715270464, 14.63026257089528 ], [ 121.013787916230669, 14.628611107070375 ], [ 121.013248927060161, 14.628611107070375 ], [ 121.013069264003363, 14.628437268050236 ], [ 121.013069264003363, 14.628263428892415 ], [ 121.011362464963526, 14.626611950027373 ], [ 121.008218361469133, 14.623569719598866 ], [ 121.007948866883879, 14.623569719598866 ], [ 121.003367458934861, 14.619136679809225 ], [ 121.003277627406462, 14.619136679809225 ], [ 121.00201998600869, 14.617919751274185 ], [ 121.00184032295185, 14.617919751274185 ] ] } }
]
}
